scope,id,ja,ko,en,source_commit
global,0,なし,없음,None,8ad201e80244f630ab5a46922ab72fb79c5ad4f4
global,1,マスターボール,마스터볼,Master Ball,8ad201e80244f630ab5a46922ab72fb79c5ad4f4
global,2,ハイパーボール,하이퍼볼,Ultra Ball,8ad201e80244f630ab5a46922ab72fb79c5ad4f4
global,3,スーパーボール,슈퍼볼,Great Ball,8ad201e80244f630ab5a46922ab72fb79c5ad4f4
global,4,モンスターボール,몬스터볼,Poké Ball,8ad201e80244f630ab5a46922ab72fb79c5ad4f4
global,5,サファリボール,사파리볼,Safari Ball,8ad201e80244f630ab5a46922ab72fb79c5ad4f4
global,6,ネットボール,네트볼,Net Ball,8ad201e80244f630ab5a46922ab72fb79c5ad4f4
global,7,ダイブボール,다이브볼,Dive Ball,8ad201e80244f630ab5a46922ab72fb79c5ad4f4
global,8,ネストボール,네스트볼,Nest Ball,8ad201e80244f630ab5a46922ab72fb79c5ad4f4
global,9,リピートボール,리피트볼,Repeat Ball,8ad201e80244f630ab5a46922ab72fb79c5ad4f4
global,10,タイマーボール,타이머볼,Timer Ball,8ad201e80244f630ab5a46922ab72fb79c5ad4f4
global,11,ゴージャスボール,럭셔리볼,Luxury Ball,8ad201e80244f630ab5a46922ab72fb79c5ad4f4
global,12,プレミアボール,프리미어볼,Premier Ball,8ad201e80244f630ab5a46922ab72fb79c5ad4f4
global,13,ダークボール,다크볼,Dusk Ball,8ad201e80244f630ab5a46922ab72fb79c5ad4f4
global,14,ヒールボール,힐볼,Heal Ball,8ad201e80244f630ab5a46922ab72fb79c5ad4f4
global,15,クイックボール,퀵볼,Quick Ball,8ad201e80244f630ab5a46922ab72fb79c5ad4f4
global,16,プレシャスボール,프레셔스볼,Cherish Ball,8ad201e80244f630ab5a46922ab72fb79c5ad4f4
global,17,キズぐすり,상처약,Potion,8ad201e80244f630ab5a46922ab72fb79c5ad4f4
global,18,どくけし,해독제,Antidote,8ad201e80244f630ab5a46922ab72fb79c5ad4f4
global,19,やけどなおし,화상치료제,Burn Heal,8ad201e80244f630ab5a46922ab72fb79c5ad4f4
global,20,こおりなおし,얼음상태치료제,Ice Heal,8ad201e80244f630ab5a46922ab72fb79c5ad4f4
global,21,ねむけざまし,잠깨는약,Awakening,8ad201e80244f630ab5a46922ab72fb79c5ad4f4
global,22,まひなおし,마비치료제,Paralyze Heal,8ad201e80244f630ab5a46922ab72fb79c5ad4f4
global,23,かいふくのくすり,회복약,Full Restore,8ad201e80244f630ab5a46922ab72fb79c5ad4f4
global,24,まんたんのくすり,풀회복약,Max Potion,8ad201e80244f630ab5a46922ab72fb79c5ad4f4
global,25,すごいキズぐすり,고급상처약,Hyper Potion,8ad201e80244f630ab5a46922ab72fb79c5ad4f4
global,26,いいキズぐすり,좋은상처약,Super Potion,8ad201e80244f630ab5a46922ab72fb79c5ad4f4
global,27,なんでもなおし,만병통치제,Full Heal,8ad201e80244f630ab5a46922ab72fb79c5ad4f4
global,28,げんきのかけら,기력의조각,Revive,8ad201e80244f630ab5a46922ab72fb79c5ad4f4
global,29,げんきのかたまり,기력의덩어리,Max Revive,8ad201e80244f630ab5a46922ab72fb79c5ad4f4
global,30,おいしいみず,맛있는물,Fresh Water,8ad201e80244f630ab5a46922ab72fb79c5ad4f4
global,31,サイコソーダ,미네랄사이다,Soda Pop,8ad201e80244f630ab5a46922ab72fb79c5ad4f4
global,32,ミックスオレ,후르츠밀크,Lemonade,8ad201e80244f630ab5a46922ab72fb79c5ad4f4
global,33,モーモーミルク,튼튼밀크,Moomoo Milk,8ad201e80244f630ab5a46922ab72fb79c5ad4f4
global,34,ちからのこな,힘의가루,Energy Powder,8ad201e80244f630ab5a46922ab72fb79c5ad4f4
global,35,ちからのねっこ,힘의뿌리,Energy Root,8ad201e80244f630ab5a46922ab72fb79c5ad4f4
global,36,ばんのうごな,만능가루,Heal Powder,8ad201e80244f630ab5a46922ab72fb79c5ad4f4
global,37,ふっかつそう,부활초,Revival Herb,8ad201e80244f630ab5a46922ab72fb79c5ad4f4
global,38,ピーピーエイド,PP에이드,Ether,8ad201e80244f630ab5a46922ab72fb79c5ad4f4
global,39,ピーピーリカバー,PP회복,Max Ether,8ad201e80244f630ab5a46922ab72fb79c5ad4f4
global,40,ピーピーエイダー,PP에이더,Elixir,8ad201e80244f630ab5a46922ab72fb79c5ad4f4
global,41,ピーピーマックス,PP맥스,Max Elixir,8ad201e80244f630ab5a46922ab72fb79c5ad4f4
global,42,フエンせんべい,용암전병,Lava Cookie,8ad201e80244f630ab5a46922ab72fb79c5ad4f4
global,43,きのみジュース,나무열매쥬스,Berry Juice,8ad201e80244f630ab5a46922ab72fb79c5ad4f4
global,44,せいなるはい,성스러운분말,Sacred Ash,8ad201e80244f630ab5a46922ab72fb79c5ad4f4
global,45,マックスアップ,맥스업,HP Up,8ad201e80244f630ab5a46922ab72fb79c5ad4f4
global,46,タウリン,타우린,Protein,8ad201e80244f630ab5a46922ab72fb79c5ad4f4
global,47,ブロムヘキシン,사포닌,Iron,8ad201e80244f630ab5a46922ab72fb79c5ad4f4
global,48,インドメタシン,알칼로이드,Carbos,8ad201e80244f630ab5a46922ab72fb79c5ad4f4
global,49,リゾチウム,리보플라빈,Calcium,8ad201e80244f630ab5a46922ab72fb79c5ad4f4
global,50,ふしぎなアメ,이상한사탕,Rare Candy,8ad201e80244f630ab5a46922ab72fb79c5ad4f4
global,51,ポイントアップ,포인트업,PP Up,8ad201e80244f630ab5a46922ab72fb79c5ad4f4
global,52,キトサン,키토산,Zinc,8ad201e80244f630ab5a46922ab72fb79c5ad4f4
global,53,ポイントマックス,포인트맥스,PP Max,8ad201e80244f630ab5a46922ab72fb79c5ad4f4
global,54,もりのヨウカン,숲의양갱,Old Gateau,8ad201e80244f630ab5a46922ab72fb79c5ad4f4
global,55,エフェクトガード,이펙트가드,Guard Spec.,8ad201e80244f630ab5a46922ab72fb79c5ad4f4
global,56,クリティカット,크리티컬커터,Dire Hit,8ad201e80244f630ab5a46922ab72fb79c5ad4f4
global,57,プラスパワー,플러스파워,X Attack,8ad201e80244f630ab5a46922ab72fb79c5ad4f4
global,58,ディフェンダー,디펜드업,X Defense,8ad201e80244f630ab5a46922ab72fb79c5ad4f4
global,59,スピーダー,스피드업,X Speed,8ad201e80244f630ab5a46922ab72fb79c5ad4f4
global,60,ヨクアタール,잘-맞히기,X Accuracy,8ad201e80244f630ab5a46922ab72fb79c5ad4f4
global,61,スペシャルアップ,스페셜업,X Sp. Atk,8ad201e80244f630ab5a46922ab72fb79c5ad4f4
global,62,スペシャルガード,스페셜가드,X Sp. Def,8ad201e80244f630ab5a46922ab72fb79c5ad4f4
global,63,ピッピにんぎょう,삐삐인형,Poké Doll,8ad201e80244f630ab5a46922ab72fb79c5ad4f4
global,64,エネコのシッポ,에나비꼬리,Fluffy Tail,8ad201e80244f630ab5a46922ab72fb79c5ad4f4
global,65,あおいビードロ,파랑비드로,Blue Flute,8ad201e80244f630ab5a46922ab72fb79c5ad4f4
global,66,きいろビードロ,노랑비드로,Yellow Flute,8ad201e80244f630ab5a46922ab72fb79c5ad4f4
global,67,あかいビードロ,빨강비드로,Red Flute,8ad201e80244f630ab5a46922ab72fb79c5ad4f4
global,68,くろいビードロ,검정비드로,Black Flute,8ad201e80244f630ab5a46922ab72fb79c5ad4f4
global,69,しろいビードロ,하양비드로,White Flute,8ad201e80244f630ab5a46922ab72fb79c5ad4f4
global,70,あさせのしお,여울소금,Shoal Salt,8ad201e80244f630ab5a46922ab72fb79c5ad4f4
global,71,あさせのかいがら,여울조개껍질,Shoal Shell,8ad201e80244f630ab5a46922ab72fb79c5ad4f4
global,72,あかいかけら,빨강조각,Red Shard,8ad201e80244f630ab5a46922ab72fb79c5ad4f4
global,73,あおいかけら,파랑조각,Blue Shard,8ad201e80244f630ab5a46922ab72fb79c5ad4f4
global,74,きいろいかけら,노랑조각,Yellow Shard,8ad201e80244f630ab5a46922ab72fb79c5ad4f4
global,75,みどりのかけら,초록조각,Green Shard,8ad201e80244f630ab5a46922ab72fb79c5ad4f4
global,76,シルバースプレー,실버스프레이,Super Repel,8ad201e80244f630ab5a46922ab72fb79c5ad4f4
global,77,ゴールドスプレー,골드스프레이,Max Repel,8ad201e80244f630ab5a46922ab72fb79c5ad4f4
global,78,あなぬけのヒモ,동굴탈출로프,Escape Rope,8ad201e80244f630ab5a46922ab72fb79c5ad4f4
global,79,むしよけスプレー,벌레회피스프레이,Repel,8ad201e80244f630ab5a46922ab72fb79c5ad4f4
global,80,たいようのいし,태양의돌,Sun Stone,8ad201e80244f630ab5a46922ab72fb79c5ad4f4
global,81,つきのいし,달의돌,Moon Stone,8ad201e80244f630ab5a46922ab72fb79c5ad4f4
global,82,ほのおのいし,불꽃의돌,Fire Stone,8ad201e80244f630ab5a46922ab72fb79c5ad4f4
global,83,かみなりのいし,천둥의돌,Thunder Stone,8ad201e80244f630ab5a46922ab72fb79c5ad4f4
global,84,みずのいし,물의돌,Water Stone,8ad201e80244f630ab5a46922ab72fb79c5ad4f4
global,85,リーフのいし,리프의돌,Leaf Stone,8ad201e80244f630ab5a46922ab72fb79c5ad4f4
global,86,ちいさなキノコ,작은버섯,Tiny Mushroom,8ad201e80244f630ab5a46922ab72fb79c5ad4f4
global,87,おおきなキノコ,큰버섯,Big Mushroom,8ad201e80244f630ab5a46922ab72fb79c5ad4f4
global,88,しんじゅ,진주,Pearl,8ad201e80244f630ab5a46922ab72fb79c5ad4f4
global,89,おおきなしんじゅ,큰진주,Big Pearl,8ad201e80244f630ab5a46922ab72fb79c5ad4f4
global,90,ほしのすな,별의모래,Stardust,8ad201e80244f630ab5a46922ab72fb79c5ad4f4
global,91,ほしのかけら,별의조각,Star Piece,8ad201e80244f630ab5a46922ab72fb79c5ad4f4
global,92,きんのたま,금구슬,Nugget,8ad201e80244f630ab5a46922ab72fb79c5ad4f4
global,93,ハートのウロコ,하트비늘,Heart Scale,8ad201e80244f630ab5a46922ab72fb79c5ad4f4
global,94,あまいミツ,달콤한꿀,Honey,8ad201e80244f630ab5a46922ab72fb79c5ad4f4
global,95,すくすくこやし,무럭무럭비료,Growth Mulch,8ad201e80244f630ab5a46922ab72fb79c5ad4f4
global,96,じめじめこやし,축축이비료,Damp Mulch,8ad201e80244f630ab5a46922ab72fb79c5ad4f4
global,97,ながながこやし,오래오래비료,Stable Mulch,8ad201e80244f630ab5a46922ab72fb79c5ad4f4
global,98,ねばねばこやし,끈적끈적비료,Gooey Mulch,8ad201e80244f630ab5a46922ab72fb79c5ad4f4
global,99,ねっこのカセキ,뿌리화석,Root Fossil,8ad201e80244f630ab5a46922ab72fb79c5ad4f4
global,100,ツメのカセキ,발톱화석,Claw Fossil,8ad201e80244f630ab5a46922ab72fb79c5ad4f4
global,101,かいのカセキ,조개화석,Helix Fossil,8ad201e80244f630ab5a46922ab72fb79c5ad4f4
global,102,こうらのカセキ,껍질화석,Dome Fossil,8ad201e80244f630ab5a46922ab72fb79c5ad4f4
global,103,ひみつのコハク,비밀의호박,Old Amber,8ad201e80244f630ab5a46922ab72fb79c5ad4f4
global,104,たてのカセキ,방패의화석,Armor Fossil,8ad201e80244f630ab5a46922ab72fb79c5ad4f4
global,105,ずがいのカセキ,두개의화석,Skull Fossil,8ad201e80244f630ab5a46922ab72fb79c5ad4f4
global,106,きちょうなホネ,귀중한뼈,Rare Bone,8ad201e80244f630ab5a46922ab72fb79c5ad4f4
global,107,ひかりのいし,빛의돌,Shiny Stone,8ad201e80244f630ab5a46922ab72fb79c5ad4f4
global,108,やみのいし,어둠의돌,Dusk Stone,8ad201e80244f630ab5a46922ab72fb79c5ad4f4
global,109,めざめいし,각성의돌,Dawn Stone,8ad201e80244f630ab5a46922ab72fb79c5ad4f4
global,110,まんまるいし,동글동글돌,Oval Stone,8ad201e80244f630ab5a46922ab72fb79c5ad4f4
global,111,かなめいし,쐐기돌,Odd Keystone,8ad201e80244f630ab5a46922ab72fb79c5ad4f4
global,112,はっきんだま,백금옥,Griseous Orb,8ad201e80244f630ab5a46922ab72fb79c5ad4f4
global,113,おちゃ,차,Tea,8ad201e80244f630ab5a46922ab72fb79c5ad4f4
global,114,？？？,???,???,8ad201e80244f630ab5a46922ab72fb79c5ad4f4
global,115,マチスのサイン,마티스의사인,Autograph,8ad201e80244f630ab5a46922ab72fb79c5ad4f4
global,116,アクアカセット,아쿠아카세트,Douse Drive,8ad201e80244f630ab5a46922ab72fb79c5ad4f4
global,117,イナズマカセット,번개카세트,Shock Drive,8ad201e80244f630ab5a46922ab72fb79c5ad4f4
global,118,ブレイズカセット,블레이즈카세트,Burn Drive,8ad201e80244f630ab5a46922ab72fb79c5ad4f4
global,119,フリーズカセット,프리즈카세트,Chill Drive,8ad201e80244f630ab5a46922ab72fb79c5ad4f4
global,120,？？？,???,???,8ad201e80244f630ab5a46922ab72fb79c5ad4f4
global,121,ポケモンボックス,포켓몬 박스,Pokémon Box Link,8ad201e80244f630ab5a46922ab72fb79c5ad4f4
global,122,かいふくポケット,회복포켓,Medicine Pocket,8ad201e80244f630ab5a46922ab72fb79c5ad4f4
global,123,わざマシンケース,기술머신케이스,TM Case,8ad201e80244f630ab5a46922ab72fb79c5ad4f4
global,124,アメボトル,사탕보틀,Candy Jar,8ad201e80244f630ab5a46922ab72fb79c5ad4f4
global,125,きょうかポケット,강화포켓,Power-Up Pocket,8ad201e80244f630ab5a46922ab72fb79c5ad4f4
global,126,おきがえトランク,옷갈아입기트렁크,Clothing Trunk,8ad201e80244f630ab5a46922ab72fb79c5ad4f4
global,127,ほかくポケット,포획포켓,Catching Pocket,8ad201e80244f630ab5a46922ab72fb79c5ad4f4
global,128,バトルポケット,배틀포켓,Battle Pocket,8ad201e80244f630ab5a46922ab72fb79c5ad4f4
global,129,？？？,???,???,8ad201e80244f630ab5a46922ab72fb79c5ad4f4
global,130,？？？,???,???,8ad201e80244f630ab5a46922ab72fb79c5ad4f4
global,131,？？？,???,???,8ad201e80244f630ab5a46922ab72fb79c5ad4f4
global,132,？？？,???,???,8ad201e80244f630ab5a46922ab72fb79c5ad4f4
global,133,？？？,???,???,8ad201e80244f630ab5a46922ab72fb79c5ad4f4
global,134,ハートスイーツ,하트스위트,Sweet Heart,8ad201e80244f630ab5a46922ab72fb79c5ad4f4
global,135,こんごうだま,금강옥,Adamant Orb,8ad201e80244f630ab5a46922ab72fb79c5ad4f4
global,136,しらたま,백옥,Lustrous Orb,8ad201e80244f630ab5a46922ab72fb79c5ad4f4
global,137,はじめてメール,첫메일,Greet Mail,8ad201e80244f630ab5a46922ab72fb79c5ad4f4
global,138,だいすきメール,애호메일,Favored Mail,8ad201e80244f630ab5a46922ab72fb79c5ad4f4
global,139,おさそいメール,권유메일,RSVP Mail,8ad201e80244f630ab5a46922ab72fb79c5ad4f4
global,140,かんしゃメール,감사메일,Thanks Mail,8ad201e80244f630ab5a46922ab72fb79c5ad4f4
global,141,しつもんメール,질문메일,Inquiry Mail,8ad201e80244f630ab5a46922ab72fb79c5ad4f4
global,142,おすすめメール,추천메일,Like Mail,8ad201e80244f630ab5a46922ab72fb79c5ad4f4
global,143,おかえしメール,답장메일,Reply Mail,8ad201e80244f630ab5a46922ab72fb79c5ad4f4
global,144,ブリッジメールＳ,브리지메일S,Bridge Mail S,8ad201e80244f630ab5a46922ab72fb79c5ad4f4
global,145,ブリッジメールＨ,브리지메일M,Bridge Mail D,8ad201e80244f630ab5a46922ab72fb79c5ad4f4
global,146,ブリッジメールＣ,브리지메일C,Bridge Mail T,8ad201e80244f630ab5a46922ab72fb79c5ad4f4
global,147,ブリッジメールＶ,브리지메일V,Bridge Mail V,8ad201e80244f630ab5a46922ab72fb79c5ad4f4
global,148,ブリッジメールＷ,브리지메일W,Bridge Mail M,8ad201e80244f630ab5a46922ab72fb79c5ad4f4
global,149,クラボのみ,버치열매,Cheri Berry,8ad201e80244f630ab5a46922ab72fb79c5ad4f4
global,150,カゴのみ,유루열매,Chesto Berry,8ad201e80244f630ab5a46922ab72fb79c5ad4f4
global,151,モモンのみ,복슝열매,Pecha Berry,8ad201e80244f630ab5a46922ab72fb79c5ad4f4
global,152,チーゴのみ,복분열매,Rawst Berry,8ad201e80244f630ab5a46922ab72fb79c5ad4f4
global,153,ナナシのみ,배리열매,Aspear Berry,8ad201e80244f630ab5a46922ab72fb79c5ad4f4
global,154,ヒメリのみ,과사열매,Leppa Berry,8ad201e80244f630ab5a46922ab72fb79c5ad4f4
global,155,オレンのみ,오랭열매,Oran Berry,8ad201e80244f630ab5a46922ab72fb79c5ad4f4
global,156,キーのみ,시몬열매,Persim Berry,8ad201e80244f630ab5a46922ab72fb79c5ad4f4
global,157,ラムのみ,리샘열매,Lum Berry,8ad201e80244f630ab5a46922ab72fb79c5ad4f4
global,158,オボンのみ,자뭉열매,Sitrus Berry,8ad201e80244f630ab5a46922ab72fb79c5ad4f4
global,159,フィラのみ,무화열매,Figy Berry,8ad201e80244f630ab5a46922ab72fb79c5ad4f4
global,160,ウイのみ,위키열매,Wiki Berry,8ad201e80244f630ab5a46922ab72fb79c5ad4f4
global,161,マゴのみ,마고열매,Mago Berry,8ad201e80244f630ab5a46922ab72fb79c5ad4f4
global,162,バンジのみ,아바열매,Aguav Berry,8ad201e80244f630ab5a46922ab72fb79c5ad4f4
global,163,イアのみ,파야열매,Iapapa Berry,8ad201e80244f630ab5a46922ab72fb79c5ad4f4
global,164,ズリのみ,라즈열매,Razz Berry,8ad201e80244f630ab5a46922ab72fb79c5ad4f4
global,165,ブリーのみ,블리열매,Bluk Berry,8ad201e80244f630ab5a46922ab72fb79c5ad4f4
global,166,ナナのみ,나나열매,Nanab Berry,8ad201e80244f630ab5a46922ab72fb79c5ad4f4
global,167,セシナのみ,서배열매,Wepear Berry,8ad201e80244f630ab5a46922ab72fb79c5ad4f4
global,168,パイルのみ,파인열매,Pinap Berry,8ad201e80244f630ab5a46922ab72fb79c5ad4f4
global,169,ザロクのみ,유석열매,Pomeg Berry,8ad201e80244f630ab5a46922ab72fb79c5ad4f4
global,170,ネコブのみ,시마열매,Kelpsy Berry,8ad201e80244f630ab5a46922ab72fb79c5ad4f4
global,171,タポルのみ,파비열매,Qualot Berry,8ad201e80244f630ab5a46922ab72fb79c5ad4f4
global,172,ロメのみ,로매열매,Hondew Berry,8ad201e80244f630ab5a46922ab72fb79c5ad4f4
global,173,ウブのみ,또뽀열매,Grepa Berry,8ad201e80244f630ab5a46922ab72fb79c5ad4f4
global,174,マトマのみ,토망열매,Tamato Berry,8ad201e80244f630ab5a46922ab72fb79c5ad4f4
global,175,モコシのみ,수숙열매,Cornn Berry,8ad201e80244f630ab5a46922ab72fb79c5ad4f4
global,176,ゴスのみ,고스티열매,Magost Berry,8ad201e80244f630ab5a46922ab72fb79c5ad4f4
global,177,ラブタのみ,라부탐열매,Rabuta Berry,8ad201e80244f630ab5a46922ab72fb79c5ad4f4
global,178,ノメルのみ,노멜열매,Nomel Berry,8ad201e80244f630ab5a46922ab72fb79c5ad4f4
global,179,ノワキのみ,메호키열매,Spelon Berry,8ad201e80244f630ab5a46922ab72fb79c5ad4f4
global,180,シーヤのみ,자야열매,Pamtre Berry,8ad201e80244f630ab5a46922ab72fb79c5ad4f4
global,181,カイスのみ,슈박열매,Watmel Berry,8ad201e80244f630ab5a46922ab72fb79c5ad4f4
global,182,ドリのみ,두리열매,Durin Berry,8ad201e80244f630ab5a46922ab72fb79c5ad4f4
global,183,ベリブのみ,루베열매,Belue Berry,8ad201e80244f630ab5a46922ab72fb79c5ad4f4
global,184,オッカのみ,오카열매,Occa Berry,8ad201e80244f630ab5a46922ab72fb79c5ad4f4
global,185,イトケのみ,꼬시개열매,Passho Berry,8ad201e80244f630ab5a46922ab72fb79c5ad4f4
global,186,ソクノのみ,초나열매,Wacan Berry,8ad201e80244f630ab5a46922ab72fb79c5ad4f4
global,187,リンドのみ,린드열매,Rindo Berry,8ad201e80244f630ab5a46922ab72fb79c5ad4f4
global,188,ヤチェのみ,플카열매,Yache Berry,8ad201e80244f630ab5a46922ab72fb79c5ad4f4
global,189,ヨプのみ,로플열매,Chople Berry,8ad201e80244f630ab5a46922ab72fb79c5ad4f4
global,190,ビアーのみ,으름열매,Kebia Berry,8ad201e80244f630ab5a46922ab72fb79c5ad4f4
global,191,シュカのみ,슈캐열매,Shuca Berry,8ad201e80244f630ab5a46922ab72fb79c5ad4f4
global,192,バコウのみ,바코열매,Coba Berry,8ad201e80244f630ab5a46922ab72fb79c5ad4f4
global,193,ウタンのみ,야파열매,Payapa Berry,8ad201e80244f630ab5a46922ab72fb79c5ad4f4
global,194,タンガのみ,리체열매,Tanga Berry,8ad201e80244f630ab5a46922ab72fb79c5ad4f4
global,195,ヨロギのみ,루미열매,Charti Berry,8ad201e80244f630ab5a46922ab72fb79c5ad4f4
global,196,カシブのみ,수불열매,Kasib Berry,8ad201e80244f630ab5a46922ab72fb79c5ad4f4
global,197,ハバンのみ,하반열매,Haban Berry,8ad201e80244f630ab5a46922ab72fb79c5ad4f4
global,198,ナモのみ,마코열매,Colbur Berry,8ad201e80244f630ab5a46922ab72fb79c5ad4f4
global,199,リリバのみ,바리비열매,Babiri Berry,8ad201e80244f630ab5a46922ab72fb79c5ad4f4
global,200,ホズのみ,카리열매,Chilan Berry,8ad201e80244f630ab5a46922ab72fb79c5ad4f4
global,201,チイラのみ,치리열매,Liechi Berry,8ad201e80244f630ab5a46922ab72fb79c5ad4f4
global,202,リュガのみ,용아열매,Ganlon Berry,8ad201e80244f630ab5a46922ab72fb79c5ad4f4
global,203,カムラのみ,캄라열매,Salac Berry,8ad201e80244f630ab5a46922ab72fb79c5ad4f4
global,204,ヤタピのみ,야타비열매,Petaya Berry,8ad201e80244f630ab5a46922ab72fb79c5ad4f4
global,205,ズアのみ,규살열매,Apicot Berry,8ad201e80244f630ab5a46922ab72fb79c5ad4f4
global,206,サンのみ,랑사열매,Lansat Berry,8ad201e80244f630ab5a46922ab72fb79c5ad4f4
global,207,スターのみ,스타열매,Starf Berry,8ad201e80244f630ab5a46922ab72fb79c5ad4f4
global,208,ナゾのみ,의문열매,Enigma Berry,8ad201e80244f630ab5a46922ab72fb79c5ad4f4
global,209,ミクルのみ,미클열매,Micle Berry,8ad201e80244f630ab5a46922ab72fb79c5ad4f4
global,210,イバンのみ,애슈열매,Custap Berry,8ad201e80244f630ab5a46922ab72fb79c5ad4f4
global,211,ジャポのみ,자보열매,Jaboca Berry,8ad201e80244f630ab5a46922ab72fb79c5ad4f4
global,212,レンブのみ,애터열매,Rowap Berry,8ad201e80244f630ab5a46922ab72fb79c5ad4f4
global,213,ひかりのこな,반짝가루,Bright Powder,8ad201e80244f630ab5a46922ab72fb79c5ad4f4
global,214,しろいハーブ,하양허브,White Herb,8ad201e80244f630ab5a46922ab72fb79c5ad4f4
global,215,きょうせいギプス,교정깁스,Macho Brace,8ad201e80244f630ab5a46922ab72fb79c5ad4f4
global,216,がくしゅうそうち,학습장치,Exp. Share,8ad201e80244f630ab5a46922ab72fb79c5ad4f4
global,217,せんせいのツメ,선제공격손톱,Quick Claw,8ad201e80244f630ab5a46922ab72fb79c5ad4f4
global,218,やすらぎのすず,평온의방울,Soothe Bell,8ad201e80244f630ab5a46922ab72fb79c5ad4f4
global,219,メンタルハーブ,멘탈허브,Mental Herb,8ad201e80244f630ab5a46922ab72fb79c5ad4f4
global,220,こだわりハチマキ,구애머리띠,Choice Band,8ad201e80244f630ab5a46922ab72fb79c5ad4f4
global,221,おうじゃのしるし,왕의징표석,King’s Rock,8ad201e80244f630ab5a46922ab72fb79c5ad4f4
global,222,ぎんのこな,은빛가루,Silver Powder,8ad201e80244f630ab5a46922ab72fb79c5ad4f4
global,223,おまもりこばん,부적금화,Amulet Coin,8ad201e80244f630ab5a46922ab72fb79c5ad4f4
global,224,きよめのおふだ,순결의부적,Cleanse Tag,8ad201e80244f630ab5a46922ab72fb79c5ad4f4
global,225,こころのしずく,마음의물방울,Soul Dew,8ad201e80244f630ab5a46922ab72fb79c5ad4f4
global,226,しんかいのキバ,심해의이빨,Deep Sea Tooth,8ad201e80244f630ab5a46922ab72fb79c5ad4f4
global,227,しんかいのウロコ,심해의비늘,Deep Sea Scale,8ad201e80244f630ab5a46922ab72fb79c5ad4f4
global,228,けむりだま,연막탄,Smoke Ball,8ad201e80244f630ab5a46922ab72fb79c5ad4f4
global,229,かわらずのいし,변함없는돌,Everstone,8ad201e80244f630ab5a46922ab72fb79c5ad4f4
global,230,きあいのハチマキ,기합의머리띠,Focus Band,8ad201e80244f630ab5a46922ab72fb79c5ad4f4
global,231,しあわせタマゴ,행복의알,Lucky Egg,8ad201e80244f630ab5a46922ab72fb79c5ad4f4
global,232,ピントレンズ,초점렌즈,Scope Lens,8ad201e80244f630ab5a46922ab72fb79c5ad4f4
global,233,メタルコート,금속코트,Metal Coat,8ad201e80244f630ab5a46922ab72fb79c5ad4f4
global,234,たべのこし,먹다남은음식,Leftovers,8ad201e80244f630ab5a46922ab72fb79c5ad4f4
global,235,りゅうのウロコ,용의비늘,Dragon Scale,8ad201e80244f630ab5a46922ab72fb79c5ad4f4
global,236,でんきだま,전기구슬,Light Ball,8ad201e80244f630ab5a46922ab72fb79c5ad4f4
global,237,やわらかいすな,부드러운모래,Soft Sand,8ad201e80244f630ab5a46922ab72fb79c5ad4f4
global,238,かたいいし,딱딱한돌,Hard Stone,8ad201e80244f630ab5a46922ab72fb79c5ad4f4
global,239,きせきのタネ,기적의씨,Miracle Seed,8ad201e80244f630ab5a46922ab72fb79c5ad4f4
global,240,くろいメガネ,검은안경,Black Glasses,8ad201e80244f630ab5a46922ab72fb79c5ad4f4
global,241,くろおび,검은띠,Black Belt,8ad201e80244f630ab5a46922ab72fb79c5ad4f4
global,242,じしゃく,자석,Magnet,8ad201e80244f630ab5a46922ab72fb79c5ad4f4
global,243,しんぴのしずく,신비의물방울,Mystic Water,8ad201e80244f630ab5a46922ab72fb79c5ad4f4
global,244,するどいくちばし,예리한부리,Sharp Beak,8ad201e80244f630ab5a46922ab72fb79c5ad4f4
global,245,どくバリ,독바늘,Poison Barb,8ad201e80244f630ab5a46922ab72fb79c5ad4f4
global,246,とけないこおり,녹지않는얼음,Never-Melt Ice,8ad201e80244f630ab5a46922ab72fb79c5ad4f4
global,247,のろいのおふだ,저주의부적,Spell Tag,8ad201e80244f630ab5a46922ab72fb79c5ad4f4
global,248,まがったスプーン,휘어진스푼,Twisted Spoon,8ad201e80244f630ab5a46922ab72fb79c5ad4f4
global,249,もくたん,목탄,Charcoal,8ad201e80244f630ab5a46922ab72fb79c5ad4f4
global,250,りゅうのキバ,용의이빨,Dragon Fang,8ad201e80244f630ab5a46922ab72fb79c5ad4f4
global,251,シルクのスカーフ,실크스카프,Silk Scarf,8ad201e80244f630ab5a46922ab72fb79c5ad4f4
global,252,アップグレード,업그레이드,Upgrade,8ad201e80244f630ab5a46922ab72fb79c5ad4f4
global,253,かいがらのすず,조개껍질방울,Shell Bell,8ad201e80244f630ab5a46922ab72fb79c5ad4f4
global,254,うしおのおこう,바닷물향로,Sea Incense,8ad201e80244f630ab5a46922ab72fb79c5ad4f4
global,255,のんきのおこう,무사태평향로,Lax Incense,8ad201e80244f630ab5a46922ab72fb79c5ad4f4
global,256,ラッキーパンチ,럭키펀치,Lucky Punch,8ad201e80244f630ab5a46922ab72fb79c5ad4f4
global,257,メタルパウダー,금속파우더,Metal Powder,8ad201e80244f630ab5a46922ab72fb79c5ad4f4
global,258,ふといホネ,굵은뼈,Thick Club,8ad201e80244f630ab5a46922ab72fb79c5ad4f4
global,259,ながねぎ,대파,Leek,8ad201e80244f630ab5a46922ab72fb79c5ad4f4
global,260,あかいバンダナ,빨강밴드,Red Scarf,8ad201e80244f630ab5a46922ab72fb79c5ad4f4
global,261,あおいバンダナ,파랑밴드,Blue Scarf,8ad201e80244f630ab5a46922ab72fb79c5ad4f4
global,262,ピンクのバンダナ,분홍밴드,Pink Scarf,8ad201e80244f630ab5a46922ab72fb79c5ad4f4
global,263,みどりのバンダナ,초록밴드,Green Scarf,8ad201e80244f630ab5a46922ab72fb79c5ad4f4
global,264,きいろのバンダナ,노랑밴드,Yellow Scarf,8ad201e80244f630ab5a46922ab72fb79c5ad4f4
global,265,こうかくレンズ,광각렌즈,Wide Lens,8ad201e80244f630ab5a46922ab72fb79c5ad4f4
global,266,ちからのハチマキ,힘의머리띠,Muscle Band,8ad201e80244f630ab5a46922ab72fb79c5ad4f4
global,267,ものしりメガネ,박식안경,Wise Glasses,8ad201e80244f630ab5a46922ab72fb79c5ad4f4
global,268,たつじんのおび,달인의띠,Expert Belt,8ad201e80244f630ab5a46922ab72fb79c5ad4f4
global,269,ひかりのねんど,빛의점토,Light Clay,8ad201e80244f630ab5a46922ab72fb79c5ad4f4
global,270,いのちのたま,생명의구슬,Life Orb,8ad201e80244f630ab5a46922ab72fb79c5ad4f4
global,271,パワフルハーブ,파워풀허브,Power Herb,8ad201e80244f630ab5a46922ab72fb79c5ad4f4
global,272,どくどくだま,맹독구슬,Toxic Orb,8ad201e80244f630ab5a46922ab72fb79c5ad4f4
global,273,かえんだま,화염구슬,Flame Orb,8ad201e80244f630ab5a46922ab72fb79c5ad4f4
global,274,スピードパウダー,스피드파우더,Quick Powder,8ad201e80244f630ab5a46922ab72fb79c5ad4f4
global,275,きあいのタスキ,기합의띠,Focus Sash,8ad201e80244f630ab5a46922ab72fb79c5ad4f4
global,276,フォーカスレンズ,포커스렌즈,Zoom Lens,8ad201e80244f630ab5a46922ab72fb79c5ad4f4
global,277,メトロノーム,메트로놈,Metronome,8ad201e80244f630ab5a46922ab72fb79c5ad4f4
global,278,くろいてっきゅう,검은철구,Iron Ball,8ad201e80244f630ab5a46922ab72fb79c5ad4f4
global,279,こうこうのしっぽ,느림보꼬리,Lagging Tail,8ad201e80244f630ab5a46922ab72fb79c5ad4f4
global,280,あかいいと,빨간실,Destiny Knot,8ad201e80244f630ab5a46922ab72fb79c5ad4f4
global,281,くろいヘドロ,검은오물,Black Sludge,8ad201e80244f630ab5a46922ab72fb79c5ad4f4
global,282,つめたいいわ,차가운바위,Icy Rock,8ad201e80244f630ab5a46922ab72fb79c5ad4f4
global,283,さらさらいわ,보송보송바위,Smooth Rock,8ad201e80244f630ab5a46922ab72fb79c5ad4f4
global,284,あついいわ,뜨거운바위,Heat Rock,8ad201e80244f630ab5a46922ab72fb79c5ad4f4
global,285,しめったいわ,축축한바위,Damp Rock,8ad201e80244f630ab5a46922ab72fb79c5ad4f4
global,286,ねばりのかぎづめ,끈기갈고리손톱,Grip Claw,8ad201e80244f630ab5a46922ab72fb79c5ad4f4
global,287,こだわりスカーフ,구애스카프,Choice Scarf,8ad201e80244f630ab5a46922ab72fb79c5ad4f4
global,288,くっつきバリ,끈적끈적바늘,Sticky Barb,8ad201e80244f630ab5a46922ab72fb79c5ad4f4
global,289,パワーリスト,파워리스트,Power Bracer,8ad201e80244f630ab5a46922ab72fb79c5ad4f4
global,290,パワーベルト,파워벨트,Power Belt,8ad201e80244f630ab5a46922ab72fb79c5ad4f4
global,291,パワーレンズ,파워렌즈,Power Lens,8ad201e80244f630ab5a46922ab72fb79c5ad4f4
global,292,パワーバンド,파워밴드,Power Band,8ad201e80244f630ab5a46922ab72fb79c5ad4f4
global,293,パワーアンクル,파워앵클릿,Power Anklet,8ad201e80244f630ab5a46922ab72fb79c5ad4f4
global,294,パワーウエイト,파워웨이트,Power Weight,8ad201e80244f630ab5a46922ab72fb79c5ad4f4
global,295,きれいなぬけがら,아름다운허물,Shed Shell,8ad201e80244f630ab5a46922ab72fb79c5ad4f4
global,296,おおきなねっこ,큰뿌리,Big Root,8ad201e80244f630ab5a46922ab72fb79c5ad4f4
global,297,こだわりメガネ,구애안경,Choice Specs,8ad201e80244f630ab5a46922ab72fb79c5ad4f4
global,298,ひのたまプレート,불구슬플레이트,Flame Plate,8ad201e80244f630ab5a46922ab72fb79c5ad4f4
global,299,しずくプレート,물방울플레이트,Splash Plate,8ad201e80244f630ab5a46922ab72fb79c5ad4f4
global,300,いかずちプレート,우레플레이트,Zap Plate,8ad201e80244f630ab5a46922ab72fb79c5ad4f4
global,301,みどりのプレート,초록플레이트,Meadow Plate,8ad201e80244f630ab5a46922ab72fb79c5ad4f4
global,302,つららのプレート,고드름플레이트,Icicle Plate,8ad201e80244f630ab5a46922ab72fb79c5ad4f4
global,303,こぶしのプレート,주먹플레이트,Fist Plate,8ad201e80244f630ab5a46922ab72fb79c5ad4f4
global,304,もうどくプレート,맹독플레이트,Toxic Plate,8ad201e80244f630ab5a46922ab72fb79c5ad4f4
global,305,だいちのプレート,대지플레이트,Earth Plate,8ad201e80244f630ab5a46922ab72fb79c5ad4f4
global,306,あおぞらプレート,푸른하늘플레이트,Sky Plate,8ad201e80244f630ab5a46922ab72fb79c5ad4f4
global,307,ふしぎのプレート,이상한플레이트,Mind Plate,8ad201e80244f630ab5a46922ab72fb79c5ad4f4
global,308,たまむしプレート,비단벌레플레이트,Insect Plate,8ad201e80244f630ab5a46922ab72fb79c5ad4f4
global,309,がんせきプレート,암석플레이트,Stone Plate,8ad201e80244f630ab5a46922ab72fb79c5ad4f4
global,310,もののけプレート,원령플레이트,Spooky Plate,8ad201e80244f630ab5a46922ab72fb79c5ad4f4
global,311,りゅうのプレート,용의플레이트,Draco Plate,8ad201e80244f630ab5a46922ab72fb79c5ad4f4
global,312,こわもてプレート,공포플레이트,Dread Plate,8ad201e80244f630ab5a46922ab72fb79c5ad4f4
global,313,こうてつプレート,강철플레이트,Iron Plate,8ad201e80244f630ab5a46922ab72fb79c5ad4f4
global,314,あやしいおこう,괴상한향로,Odd Incense,8ad201e80244f630ab5a46922ab72fb79c5ad4f4
global,315,がんせきおこう,암석향로,Rock Incense,8ad201e80244f630ab5a46922ab72fb79c5ad4f4
global,316,まんぷくおこう,만복향로,Full Incense,8ad201e80244f630ab5a46922ab72fb79c5ad4f4
global,317,さざなみのおこう,잔물결향로,Wave Incense,8ad201e80244f630ab5a46922ab72fb79c5ad4f4
global,318,おはなのおこう,꽃향로,Rose Incense,8ad201e80244f630ab5a46922ab72fb79c5ad4f4
global,319,こううんのおこう,행운의향로,Luck Incense,8ad201e80244f630ab5a46922ab72fb79c5ad4f4
global,320,きよめのおこう,순결의향로,Pure Incense,8ad201e80244f630ab5a46922ab72fb79c5ad4f4
global,321,プロテクター,프로텍터,Protector,8ad201e80244f630ab5a46922ab72fb79c5ad4f4
global,322,エレキブースター,에레키부스터,Electirizer,8ad201e80244f630ab5a46922ab72fb79c5ad4f4
global,323,マグマブースター,마그마부스터,Magmarizer,8ad201e80244f630ab5a46922ab72fb79c5ad4f4
global,324,あやしいパッチ,괴상한패치,Dubious Disc,8ad201e80244f630ab5a46922ab72fb79c5ad4f4
global,325,れいかいのぬの,영계의천,Reaper Cloth,8ad201e80244f630ab5a46922ab72fb79c5ad4f4
global,326,するどいツメ,예리한손톱,Razor Claw,8ad201e80244f630ab5a46922ab72fb79c5ad4f4
global,327,するどいキバ,예리한이빨,Razor Fang,8ad201e80244f630ab5a46922ab72fb79c5ad4f4
global,328,わざマシン０１,기술머신01,TM01,8ad201e80244f630ab5a46922ab72fb79c5ad4f4
global,329,わざマシン０２,기술머신02,TM02,8ad201e80244f630ab5a46922ab72fb79c5ad4f4
global,330,わざマシン０３,기술머신03,TM03,8ad201e80244f630ab5a46922ab72fb79c5ad4f4
global,331,わざマシン０４,기술머신04,TM04,8ad201e80244f630ab5a46922ab72fb79c5ad4f4
global,332,わざマシン０５,기술머신05,TM05,8ad201e80244f630ab5a46922ab72fb79c5ad4f4
global,333,わざマシン０６,기술머신06,TM06,8ad201e80244f630ab5a46922ab72fb79c5ad4f4
global,334,わざマシン０７,기술머신07,TM07,8ad201e80244f630ab5a46922ab72fb79c5ad4f4
global,335,わざマシン０８,기술머신08,TM08,8ad201e80244f630ab5a46922ab72fb79c5ad4f4
global,336,わざマシン０９,기술머신09,TM09,8ad201e80244f630ab5a46922ab72fb79c5ad4f4
global,337,わざマシン１０,기술머신10,TM10,8ad201e80244f630ab5a46922ab72fb79c5ad4f4
global,338,わざマシン１１,기술머신11,TM11,8ad201e80244f630ab5a46922ab72fb79c5ad4f4
global,339,わざマシン１２,기술머신12,TM12,8ad201e80244f630ab5a46922ab72fb79c5ad4f4
global,340,わざマシン１３,기술머신13,TM13,8ad201e80244f630ab5a46922ab72fb79c5ad4f4
global,341,わざマシン１４,기술머신14,TM14,8ad201e80244f630ab5a46922ab72fb79c5ad4f4
global,342,わざマシン１５,기술머신15,TM15,8ad201e80244f630ab5a46922ab72fb79c5ad4f4
global,343,わざマシン１６,기술머신16,TM16,8ad201e80244f630ab5a46922ab72fb79c5ad4f4
global,344,わざマシン１７,기술머신17,TM17,8ad201e80244f630ab5a46922ab72fb79c5ad4f4
global,345,わざマシン１８,기술머신18,TM18,8ad201e80244f630ab5a46922ab72fb79c5ad4f4
global,346,わざマシン１９,기술머신19,TM19,8ad201e80244f630ab5a46922ab72fb79c5ad4f4
global,347,わざマシン２０,기술머신20,TM20,8ad201e80244f630ab5a46922ab72fb79c5ad4f4
global,348,わざマシン２１,기술머신21,TM21,8ad201e80244f630ab5a46922ab72fb79c5ad4f4
global,349,わざマシン２２,기술머신22,TM22,8ad201e80244f630ab5a46922ab72fb79c5ad4f4
global,350,わざマシン２３,기술머신23,TM23,8ad201e80244f630ab5a46922ab72fb79c5ad4f4
global,351,わざマシン２４,기술머신24,TM24,8ad201e80244f630ab5a46922ab72fb79c5ad4f4
global,352,わざマシン２５,기술머신25,TM25,8ad201e80244f630ab5a46922ab72fb79c5ad4f4
global,353,わざマシン２６,기술머신26,TM26,8ad201e80244f630ab5a46922ab72fb79c5ad4f4
global,354,わざマシン２７,기술머신27,TM27,8ad201e80244f630ab5a46922ab72fb79c5ad4f4
global,355,わざマシン２８,기술머신28,TM28,8ad201e80244f630ab5a46922ab72fb79c5ad4f4
global,356,わざマシン２９,기술머신29,TM29,8ad201e80244f630ab5a46922ab72fb79c5ad4f4
global,357,わざマシン３０,기술머신30,TM30,8ad201e80244f630ab5a46922ab72fb79c5ad4f4
global,358,わざマシン３１,기술머신31,TM31,8ad201e80244f630ab5a46922ab72fb79c5ad4f4
global,359,わざマシン３２,기술머신32,TM32,8ad201e80244f630ab5a46922ab72fb79c5ad4f4
global,360,わざマシン３３,기술머신33,TM33,8ad201e80244f630ab5a46922ab72fb79c5ad4f4
global,361,わざマシン３４,기술머신34,TM34,8ad201e80244f630ab5a46922ab72fb79c5ad4f4
global,362,わざマシン３５,기술머신35,TM35,8ad201e80244f630ab5a46922ab72fb79c5ad4f4
global,363,わざマシン３６,기술머신36,TM36,8ad201e80244f630ab5a46922ab72fb79c5ad4f4
global,364,わざマシン３７,기술머신37,TM37,8ad201e80244f630ab5a46922ab72fb79c5ad4f4
global,365,わざマシン３８,기술머신38,TM38,8ad201e80244f630ab5a46922ab72fb79c5ad4f4
global,366,わざマシン３９,기술머신39,TM39,8ad201e80244f630ab5a46922ab72fb79c5ad4f4
global,367,わざマシン４０,기술머신40,TM40,8ad201e80244f630ab5a46922ab72fb79c5ad4f4
global,368,わざマシン４１,기술머신41,TM41,8ad201e80244f630ab5a46922ab72fb79c5ad4f4
global,369,わざマシン４２,기술머신42,TM42,8ad201e80244f630ab5a46922ab72fb79c5ad4f4
global,370,わざマシン４３,기술머신43,TM43,8ad201e80244f630ab5a46922ab72fb79c5ad4f4
global,371,わざマシン４４,기술머신44,TM44,8ad201e80244f630ab5a46922ab72fb79c5ad4f4
global,372,わざマシン４５,기술머신45,TM45,8ad201e80244f630ab5a46922ab72fb79c5ad4f4
global,373,わざマシン４６,기술머신46,TM46,8ad201e80244f630ab5a46922ab72fb79c5ad4f4
global,374,わざマシン４７,기술머신47,TM47,8ad201e80244f630ab5a46922ab72fb79c5ad4f4
global,375,わざマシン４８,기술머신48,TM48,8ad201e80244f630ab5a46922ab72fb79c5ad4f4
global,376,わざマシン４９,기술머신49,TM49,8ad201e80244f630ab5a46922ab72fb79c5ad4f4
global,377,わざマシン５０,기술머신50,TM50,8ad201e80244f630ab5a46922ab72fb79c5ad4f4
global,378,わざマシン５１,기술머신51,TM51,8ad201e80244f630ab5a46922ab72fb79c5ad4f4
global,379,わざマシン５２,기술머신52,TM52,8ad201e80244f630ab5a46922ab72fb79c5ad4f4
global,380,わざマシン５３,기술머신53,TM53,8ad201e80244f630ab5a46922ab72fb79c5ad4f4
global,381,わざマシン５４,기술머신54,TM54,8ad201e80244f630ab5a46922ab72fb79c5ad4f4
global,382,わざマシン５５,기술머신55,TM55,8ad201e80244f630ab5a46922ab72fb79c5ad4f4
global,383,わざマシン５６,기술머신56,TM56,8ad201e80244f630ab5a46922ab72fb79c5ad4f4
global,384,わざマシン５７,기술머신57,TM57,8ad201e80244f630ab5a46922ab72fb79c5ad4f4
global,385,わざマシン５８,기술머신58,TM58,8ad201e80244f630ab5a46922ab72fb79c5ad4f4
global,386,わざマシン５９,기술머신59,TM59,8ad201e80244f630ab5a46922ab72fb79c5ad4f4
global,387,わざマシン６０,기술머신60,TM60,8ad201e80244f630ab5a46922ab72fb79c5ad4f4
global,388,わざマシン６１,기술머신61,TM61,8ad201e80244f630ab5a46922ab72fb79c5ad4f4
global,389,わざマシン６２,기술머신62,TM62,8ad201e80244f630ab5a46922ab72fb79c5ad4f4
global,390,わざマシン６３,기술머신63,TM63,8ad201e80244f630ab5a46922ab72fb79c5ad4f4
global,391,わざマシン６４,기술머신64,TM64,8ad201e80244f630ab5a46922ab72fb79c5ad4f4
global,392,わざマシン６５,기술머신65,TM65,8ad201e80244f630ab5a46922ab72fb79c5ad4f4
global,393,わざマシン６６,기술머신66,TM66,8ad201e80244f630ab5a46922ab72fb79c5ad4f4
global,394,わざマシン６７,기술머신67,TM67,8ad201e80244f630ab5a46922ab72fb79c5ad4f4
global,395,わざマシン６８,기술머신68,TM68,8ad201e80244f630ab5a46922ab72fb79c5ad4f4
global,396,わざマシン６９,기술머신69,TM69,8ad201e80244f630ab5a46922ab72fb79c5ad4f4
global,397,わざマシン７０,기술머신70,TM70,8ad201e80244f630ab5a46922ab72fb79c5ad4f4
global,398,わざマシン７１,기술머신71,TM71,8ad201e80244f630ab5a46922ab72fb79c5ad4f4
global,399,わざマシン７２,기술머신72,TM72,8ad201e80244f630ab5a46922ab72fb79c5ad4f4
global,400,わざマシン７３,기술머신73,TM73,8ad201e80244f630ab5a46922ab72fb79c5ad4f4
global,401,わざマシン７４,기술머신74,TM74,8ad201e80244f630ab5a46922ab72fb79c5ad4f4
global,402,わざマシン７５,기술머신75,TM75,8ad201e80244f630ab5a46922ab72fb79c5ad4f4
global,403,わざマシン７６,기술머신76,TM76,8ad201e80244f630ab5a46922ab72fb79c5ad4f4
global,404,わざマシン７７,기술머신77,TM77,8ad201e80244f630ab5a46922ab72fb79c5ad4f4
global,405,わざマシン７８,기술머신78,TM78,8ad201e80244f630ab5a46922ab72fb79c5ad4f4
global,406,わざマシン７９,기술머신79,TM79,8ad201e80244f630ab5a46922ab72fb79c5ad4f4
global,407,わざマシン８０,기술머신80,TM80,8ad201e80244f630ab5a46922ab72fb79c5ad4f4
global,408,わざマシン８１,기술머신81,TM81,8ad201e80244f630ab5a46922ab72fb79c5ad4f4
global,409,わざマシン８２,기술머신82,TM82,8ad201e80244f630ab5a46922ab72fb79c5ad4f4
global,410,わざマシン８３,기술머신83,TM83,8ad201e80244f630ab5a46922ab72fb79c5ad4f4
global,411,わざマシン８４,기술머신84,TM84,8ad201e80244f630ab5a46922ab72fb79c5ad4f4
global,412,わざマシン８５,기술머신85,TM85,8ad201e80244f630ab5a46922ab72fb79c5ad4f4
global,413,わざマシン８６,기술머신86,TM86,8ad201e80244f630ab5a46922ab72fb79c5ad4f4
global,414,わざマシン８７,기술머신87,TM87,8ad201e80244f630ab5a46922ab72fb79c5ad4f4
global,415,わざマシン８８,기술머신88,TM88,8ad201e80244f630ab5a46922ab72fb79c5ad4f4
global,416,わざマシン８９,기술머신89,TM89,8ad201e80244f630ab5a46922ab72fb79c5ad4f4
global,417,わざマシン９０,기술머신90,TM90,8ad201e80244f630ab5a46922ab72fb79c5ad4f4
global,418,わざマシン９１,기술머신91,TM91,8ad201e80244f630ab5a46922ab72fb79c5ad4f4
global,419,わざマシン９２,기술머신92,TM92,8ad201e80244f630ab5a46922ab72fb79c5ad4f4
global,420,ひでんマシン０１,비전머신01,HM01,8ad201e80244f630ab5a46922ab72fb79c5ad4f4
global,421,ひでんマシン０２,비전머신02,HM02,8ad201e80244f630ab5a46922ab72fb79c5ad4f4
global,422,ひでんマシン０３,비전머신03,HM03,8ad201e80244f630ab5a46922ab72fb79c5ad4f4
global,423,ひでんマシン０４,비전머신04,HM04,8ad201e80244f630ab5a46922ab72fb79c5ad4f4
global,424,ひでんマシン０５,비전머신05,HM05,8ad201e80244f630ab5a46922ab72fb79c5ad4f4
global,425,ひでんマシン０６,비전머신06,HM06,8ad201e80244f630ab5a46922ab72fb79c5ad4f4
global,426,？？？,???,???,8ad201e80244f630ab5a46922ab72fb79c5ad4f4
global,427,？？？,???,???,8ad201e80244f630ab5a46922ab72fb79c5ad4f4
global,428,たんけんセット,탐험세트,Explorer Kit,8ad201e80244f630ab5a46922ab72fb79c5ad4f4
global,429,たからぶくろ,보물주머니,Loot Sack,8ad201e80244f630ab5a46922ab72fb79c5ad4f4
global,430,ルールブック,룰북,Rule Book,8ad201e80244f630ab5a46922ab72fb79c5ad4f4
global,431,ポケトレ,포켓트레,Poké Radar,8ad201e80244f630ab5a46922ab72fb79c5ad4f4
global,432,ポイントカード,포인트카드,Point Card,8ad201e80244f630ab5a46922ab72fb79c5ad4f4
global,433,ぼうけんノート,모험노트,Guidebook,8ad201e80244f630ab5a46922ab72fb79c5ad4f4
global,434,シールいれ,실상자,Sticker Case,8ad201e80244f630ab5a46922ab72fb79c5ad4f4
global,435,アクセサリーいれ,액세서리상자,Fashion Case,8ad201e80244f630ab5a46922ab72fb79c5ad4f4
global,436,シールぶくろ,실주머니,Sticker Bag,8ad201e80244f630ab5a46922ab72fb79c5ad4f4
global,437,ともだちてちょう,친구수첩,Pal Pad,8ad201e80244f630ab5a46922ab72fb79c5ad4f4
global,438,はつでんしょキー,발전소키,Works Key,8ad201e80244f630ab5a46922ab72fb79c5ad4f4
global,439,こだいのおまもり,고대의부적,Old Charm,8ad201e80244f630ab5a46922ab72fb79c5ad4f4
global,440,ギンガだんのカギ,갤럭시단의열쇠,Galactic Key,8ad201e80244f630ab5a46922ab72fb79c5ad4f4
global,441,あかいくさり,빨강사슬,Red Chain,8ad201e80244f630ab5a46922ab72fb79c5ad4f4
global,442,タウンマップ,타운맵,Town Map,8ad201e80244f630ab5a46922ab72fb79c5ad4f4
global,443,バトルサーチャー,배틀서처,Vs. Seeker,8ad201e80244f630ab5a46922ab72fb79c5ad4f4
global,444,コインケース,동전케이스,Coin Case,8ad201e80244f630ab5a46922ab72fb79c5ad4f4
global,445,ボロのつりざお,낡은낚싯대,Old Rod,8ad201e80244f630ab5a46922ab72fb79c5ad4f4
global,446,いいつりざお,좋은낚싯대,Good Rod,8ad201e80244f630ab5a46922ab72fb79c5ad4f4
global,447,すごいつりざお,대단한낚싯대,Super Rod,8ad201e80244f630ab5a46922ab72fb79c5ad4f4
global,448,コダックじょうろ,고라파덕물뿌리개,Sprayduck,8ad201e80244f630ab5a46922ab72fb79c5ad4f4
global,449,ポフィンケース,포핀케이스,Poffin Case,8ad201e80244f630ab5a46922ab72fb79c5ad4f4
global,450,じてんしゃ,자전거,Bike,8ad201e80244f630ab5a46922ab72fb79c5ad4f4
global,451,ルームキー,룸키,Suite Key,8ad201e80244f630ab5a46922ab72fb79c5ad4f4
global,452,オーキドのてがみ,오박사의편지,Oak’s Letter,8ad201e80244f630ab5a46922ab72fb79c5ad4f4
global,453,みかづきのはね,초승달깃털,Lunar Feather,8ad201e80244f630ab5a46922ab72fb79c5ad4f4
global,454,メンバーズカード,멤버스카드,Member Card,8ad201e80244f630ab5a46922ab72fb79c5ad4f4
global,455,てんかいのふえ,천계의피리,Azure Flute,8ad201e80244f630ab5a46922ab72fb79c5ad4f4
global,456,ふねのチケット,승선티켓,S.S. Ticket,8ad201e80244f630ab5a46922ab72fb79c5ad4f4
global,457,コンテストパス,콘테스트패스,Contest Pass,8ad201e80244f630ab5a46922ab72fb79c5ad4f4
global,458,かざんのおきいし,화산의돌,Magma Stone,8ad201e80244f630ab5a46922ab72fb79c5ad4f4
global,459,おとどけもの,전해줄물건,Parcel,8ad201e80244f630ab5a46922ab72fb79c5ad4f4
global,460,ひきかえけん１,교환권1,Coupon 1,8ad201e80244f630ab5a46922ab72fb79c5ad4f4
global,461,ひきかえけん２,교환권2,Coupon 2,8ad201e80244f630ab5a46922ab72fb79c5ad4f4
global,462,ひきかえけん３,교환권3,Coupon 3,8ad201e80244f630ab5a46922ab72fb79c5ad4f4
global,463,そうこのカギ,창고열쇠,Storage Key,8ad201e80244f630ab5a46922ab72fb79c5ad4f4
global,464,ひでんのくすり,비전신약,Secret Medicine,8ad201e80244f630ab5a46922ab72fb79c5ad4f4
global,465,バトルレコーダー,배틀레코더,Vs. Recorder,8ad201e80244f630ab5a46922ab72fb79c5ad4f4
global,466,グラシデアのはな,그라시데아꽃,Gracidea,8ad201e80244f630ab5a46922ab72fb79c5ad4f4
global,467,ひみつのカギ,비밀의열쇠,Secret Key,8ad201e80244f630ab5a46922ab72fb79c5ad4f4
global,468,ぼんぐりケース,규토리케이스,Apricorn Box,8ad201e80244f630ab5a46922ab72fb79c5ad4f4
global,469,アンノーンノート,안농노트,Unown Report,8ad201e80244f630ab5a46922ab72fb79c5ad4f4
global,470,きのみプランター,나무열매플랜터,Berry Pots,8ad201e80244f630ab5a46922ab72fb79c5ad4f4
global,471,ダウジングマシン,다우징머신,Dowsing Machine,8ad201e80244f630ab5a46922ab72fb79c5ad4f4
global,472,ブルーカード,블루카드,Blue Card,8ad201e80244f630ab5a46922ab72fb79c5ad4f4
global,473,おいしいシッポ,맛있는꼬리,Slowpoke Tail,8ad201e80244f630ab5a46922ab72fb79c5ad4f4
global,474,とうめいなスズ,크리스탈방울,Clear Bell,8ad201e80244f630ab5a46922ab72fb79c5ad4f4
global,475,カードキー,카드키,Card Key,8ad201e80244f630ab5a46922ab72fb79c5ad4f4
global,476,ちかのかぎ,지하의열쇠,Basement Key,8ad201e80244f630ab5a46922ab72fb79c5ad4f4
global,477,ゼニガメじょうろ,꼬부기물뿌리개,Squirt Bottle,8ad201e80244f630ab5a46922ab72fb79c5ad4f4
global,478,あかいウロコ,빨간비늘,Red Scale,8ad201e80244f630ab5a46922ab72fb79c5ad4f4
global,479,おとしもの,분실물,Lost Item,8ad201e80244f630ab5a46922ab72fb79c5ad4f4
global,480,リニアパス,리니어패스,Pass,8ad201e80244f630ab5a46922ab72fb79c5ad4f4
global,481,きかいのぶひん,기계부품,Machine Part,8ad201e80244f630ab5a46922ab72fb79c5ad4f4
global,482,ぎんいろのはね,은빛깃털,Silver Feather,8ad201e80244f630ab5a46922ab72fb79c5ad4f4
global,483,にじいろのはね,무지갯빛깃털,Rainbow Feather,8ad201e80244f630ab5a46922ab72fb79c5ad4f4
global,484,ふしぎなタマゴ,이상한알,Mystery Egg,8ad201e80244f630ab5a46922ab72fb79c5ad4f4
global,485,あかぼんぐり,빨간규토리,Red Apricorn,8ad201e80244f630ab5a46922ab72fb79c5ad4f4
global,486,あおぼんぐり,파란규토리,Blue Apricorn,8ad201e80244f630ab5a46922ab72fb79c5ad4f4
global,487,きぼんぐり,노랑규토리,Yellow Apricorn,8ad201e80244f630ab5a46922ab72fb79c5ad4f4
global,488,みどぼんぐり,초록규토리,Green Apricorn,8ad201e80244f630ab5a46922ab72fb79c5ad4f4
global,489,ももぼんぐり,담홍규토리,Pink Apricorn,8ad201e80244f630ab5a46922ab72fb79c5ad4f4
global,490,しろぼんぐり,하얀규토리,White Apricorn,8ad201e80244f630ab5a46922ab72fb79c5ad4f4
global,491,くろぼんぐり,검은규토리,Black Apricorn,8ad201e80244f630ab5a46922ab72fb79c5ad4f4
global,492,スピードボール,스피드볼,Fast Ball,8ad201e80244f630ab5a46922ab72fb79c5ad4f4
global,493,レベルボール,레벨볼,Level Ball,8ad201e80244f630ab5a46922ab72fb79c5ad4f4
global,494,ルアーボール,루어볼,Lure Ball,8ad201e80244f630ab5a46922ab72fb79c5ad4f4
global,495,ヘビーボール,헤비볼,Heavy Ball,8ad201e80244f630ab5a46922ab72fb79c5ad4f4
global,496,ラブラブボール,러브러브볼,Love Ball,8ad201e80244f630ab5a46922ab72fb79c5ad4f4
global,497,フレンドボール,프렌드볼,Friend Ball,8ad201e80244f630ab5a46922ab72fb79c5ad4f4
global,498,ムーンボール,문볼,Moon Ball,8ad201e80244f630ab5a46922ab72fb79c5ad4f4
global,499,コンペボール,컴퍼티션볼,Sport Ball,8ad201e80244f630ab5a46922ab72fb79c5ad4f4
global,500,パークボール,파크볼,Park Ball,8ad201e80244f630ab5a46922ab72fb79c5ad4f4
global,501,フォトアルバム,포토앨범,Photo Album,8ad201e80244f630ab5a46922ab72fb79c5ad4f4
global,502,ＧＢプレイヤー,GB플레이어,GB Sounds,8ad201e80244f630ab5a46922ab72fb79c5ad4f4
global,503,うみなりのスズ,해명의방울,Tidal Bell,8ad201e80244f630ab5a46922ab72fb79c5ad4f4
global,504,いかりまんじゅう,분노의호두과자,Rage Candy Bar,8ad201e80244f630ab5a46922ab72fb79c5ad4f4
global,505,データカード０１,데이터카드01,Data Card 01,8ad201e80244f630ab5a46922ab72fb79c5ad4f4
global,506,データカード０２,데이터카드02,Data Card 02,8ad201e80244f630ab5a46922ab72fb79c5ad4f4
global,507,データカード０３,데이터카드03,Data Card 03,8ad201e80244f630ab5a46922ab72fb79c5ad4f4
global,508,データカード０４,데이터카드04,Data Card 04,8ad201e80244f630ab5a46922ab72fb79c5ad4f4
global,509,データカード０５,데이터카드05,Data Card 05,8ad201e80244f630ab5a46922ab72fb79c5ad4f4
global,510,データカード０６,데이터카드06,Data Card 06,8ad201e80244f630ab5a46922ab72fb79c5ad4f4
global,511,データカード０７,데이터카드07,Data Card 07,8ad201e80244f630ab5a46922ab72fb79c5ad4f4
global,512,データカード０８,데이터카드08,Data Card 08,8ad201e80244f630ab5a46922ab72fb79c5ad4f4
global,513,データカード０９,데이터카드09,Data Card 09,8ad201e80244f630ab5a46922ab72fb79c5ad4f4
global,514,データカード１０,데이터카드10,Data Card 10,8ad201e80244f630ab5a46922ab72fb79c5ad4f4
global,515,データカード１１,데이터카드11,Data Card 11,8ad201e80244f630ab5a46922ab72fb79c5ad4f4
global,516,データカード１２,데이터카드12,Data Card 12,8ad201e80244f630ab5a46922ab72fb79c5ad4f4
global,517,データカード１３,데이터카드13,Data Card 13,8ad201e80244f630ab5a46922ab72fb79c5ad4f4
global,518,データカード１４,데이터카드14,Data Card 14,8ad201e80244f630ab5a46922ab72fb79c5ad4f4
global,519,データカード１５,데이터카드15,Data Card 15,8ad201e80244f630ab5a46922ab72fb79c5ad4f4
global,520,データカード１６,데이터카드16,Data Card 16,8ad201e80244f630ab5a46922ab72fb79c5ad4f4
global,521,データカード１７,데이터카드17,Data Card 17,8ad201e80244f630ab5a46922ab72fb79c5ad4f4
global,522,データカード１８,데이터카드18,Data Card 18,8ad201e80244f630ab5a46922ab72fb79c5ad4f4
global,523,データカード１９,데이터카드19,Data Card 19,8ad201e80244f630ab5a46922ab72fb79c5ad4f4
global,524,データカード２０,데이터카드20,Data Card 20,8ad201e80244f630ab5a46922ab72fb79c5ad4f4
global,525,データカード２１,데이터카드21,Data Card 21,8ad201e80244f630ab5a46922ab72fb79c5ad4f4
global,526,データカード２２,데이터카드22,Data Card 22,8ad201e80244f630ab5a46922ab72fb79c5ad4f4
global,527,データカード２３,데이터카드23,Data Card 23,8ad201e80244f630ab5a46922ab72fb79c5ad4f4
global,528,データカード２４,데이터카드24,Data Card 24,8ad201e80244f630ab5a46922ab72fb79c5ad4f4
global,529,データカード２５,데이터카드25,Data Card 25,8ad201e80244f630ab5a46922ab72fb79c5ad4f4
global,530,データカード２６,데이터카드26,Data Card 26,8ad201e80244f630ab5a46922ab72fb79c5ad4f4
global,531,データカード２７,데이터카드27,Data Card 27,8ad201e80244f630ab5a46922ab72fb79c5ad4f4
global,532,もえぎいろのたま,연둣빛구슬,Jade Orb,8ad201e80244f630ab5a46922ab72fb79c5ad4f4
global,533,ロックカプセル,록캡슐,Lock Capsule,8ad201e80244f630ab5a46922ab72fb79c5ad4f4
global,534,べにいろのたま,주홍구슬,Red Orb,8ad201e80244f630ab5a46922ab72fb79c5ad4f4
global,535,あいいろのたま,쪽빛구슬,Blue Orb,8ad201e80244f630ab5a46922ab72fb79c5ad4f4
global,536,なぞのすいしょう,수수께끼의수정,Enigma Stone,8ad201e80244f630ab5a46922ab72fb79c5ad4f4
global,537,きれいなウロコ,고운비늘,Prism Scale,8ad201e80244f630ab5a46922ab72fb79c5ad4f4
global,538,しんかのきせき,진화의휘석,Eviolite,8ad201e80244f630ab5a46922ab72fb79c5ad4f4
global,539,かるいし,가벼운돌,Float Stone,8ad201e80244f630ab5a46922ab72fb79c5ad4f4
global,540,ゴツゴツメット,울퉁불퉁멧,Rocky Helmet,8ad201e80244f630ab5a46922ab72fb79c5ad4f4
global,541,ふうせん,풍선,Air Balloon,8ad201e80244f630ab5a46922ab72fb79c5ad4f4
global,542,レッドカード,레드카드,Red Card,8ad201e80244f630ab5a46922ab72fb79c5ad4f4
global,543,ねらいのまと,겨냥표적,Ring Target,8ad201e80244f630ab5a46922ab72fb79c5ad4f4
global,544,しめつけバンド,조임밴드,Binding Band,8ad201e80244f630ab5a46922ab72fb79c5ad4f4
global,545,きゅうこん,구근,Absorb Bulb,8ad201e80244f630ab5a46922ab72fb79c5ad4f4
global,546,じゅうでんち,충전지,Cell Battery,8ad201e80244f630ab5a46922ab72fb79c5ad4f4
global,547,だっしゅつボタン,탈출버튼,Eject Button,8ad201e80244f630ab5a46922ab72fb79c5ad4f4
global,548,ほのおのジュエル,불꽃주얼,Fire Gem,8ad201e80244f630ab5a46922ab72fb79c5ad4f4
global,549,みずのジュエル,물주얼,Water Gem,8ad201e80244f630ab5a46922ab72fb79c5ad4f4
global,550,でんきのジュエル,전기주얼,Electric Gem,8ad201e80244f630ab5a46922ab72fb79c5ad4f4
global,551,くさのジュエル,풀주얼,Grass Gem,8ad201e80244f630ab5a46922ab72fb79c5ad4f4
global,552,こおりのジュエル,얼음주얼,Ice Gem,8ad201e80244f630ab5a46922ab72fb79c5ad4f4
global,553,かくとうジュエル,격투주얼,Fighting Gem,8ad201e80244f630ab5a46922ab72fb79c5ad4f4
global,554,どくのジュエル,독주얼,Poison Gem,8ad201e80244f630ab5a46922ab72fb79c5ad4f4
global,555,じめんのジュエル,땅주얼,Ground Gem,8ad201e80244f630ab5a46922ab72fb79c5ad4f4
global,556,ひこうのジュエル,비행주얼,Flying Gem,8ad201e80244f630ab5a46922ab72fb79c5ad4f4
global,557,エスパージュエル,에스퍼주얼,Psychic Gem,8ad201e80244f630ab5a46922ab72fb79c5ad4f4
global,558,むしのジュエル,벌레주얼,Bug Gem,8ad201e80244f630ab5a46922ab72fb79c5ad4f4
global,559,いわのジュエル,바위주얼,Rock Gem,8ad201e80244f630ab5a46922ab72fb79c5ad4f4
global,560,ゴーストジュエル,고스트주얼,Ghost Gem,8ad201e80244f630ab5a46922ab72fb79c5ad4f4
global,561,ドラゴンジュエル,드래곤주얼,Dragon Gem,8ad201e80244f630ab5a46922ab72fb79c5ad4f4
global,562,あくのジュエル,악주얼,Dark Gem,8ad201e80244f630ab5a46922ab72fb79c5ad4f4
global,563,はがねのジュエル,강철주얼,Steel Gem,8ad201e80244f630ab5a46922ab72fb79c5ad4f4
global,564,ノーマルジュエル,노말주얼,Normal Gem,8ad201e80244f630ab5a46922ab72fb79c5ad4f4
global,565,たいりょくのハネ,체력깃털,Health Feather,8ad201e80244f630ab5a46922ab72fb79c5ad4f4
global,566,きんりょくのハネ,근력깃털,Muscle Feather,8ad201e80244f630ab5a46922ab72fb79c5ad4f4
global,567,ていこうのハネ,저항력깃털,Resist Feather,8ad201e80244f630ab5a46922ab72fb79c5ad4f4
global,568,ちりょくのハネ,지력깃털,Genius Feather,8ad201e80244f630ab5a46922ab72fb79c5ad4f4
global,569,せいしんのハネ,정신력깃털,Clever Feather,8ad201e80244f630ab5a46922ab72fb79c5ad4f4
global,570,しゅんぱつのハネ,순발력깃털,Swift Feather,8ad201e80244f630ab5a46922ab72fb79c5ad4f4
global,571,きれいなハネ,고운깃털,Pretty Feather,8ad201e80244f630ab5a46922ab72fb79c5ad4f4
global,572,ふたのカセキ,덮개화석,Cover Fossil,8ad201e80244f630ab5a46922ab72fb79c5ad4f4
global,573,はねのカセキ,깃털화석,Plume Fossil,8ad201e80244f630ab5a46922ab72fb79c5ad4f4
global,574,リバティチケット,리버티티켓,Liberty Pass,8ad201e80244f630ab5a46922ab72fb79c5ad4f4
global,575,デルダマ,딜구슬,Pass Orb,8ad201e80244f630ab5a46922ab72fb79c5ad4f4
global,576,ドリームボール,드림볼,Dream Ball,8ad201e80244f630ab5a46922ab72fb79c5ad4f4
global,577,ポケじゃらし,포켓풀,Poké Toy,8ad201e80244f630ab5a46922ab72fb79c5ad4f4
global,578,グッズケース,굿즈케이스,Prop Case,8ad201e80244f630ab5a46922ab72fb79c5ad4f4
global,579,ドラゴンのホネ,드래곤의뼈,Dragon Skull,8ad201e80244f630ab5a46922ab72fb79c5ad4f4
global,580,かおるキノコ,향기버섯,Balm Mushroom,8ad201e80244f630ab5a46922ab72fb79c5ad4f4
global,581,でかいきんのたま,큰금구슬,Big Nugget,8ad201e80244f630ab5a46922ab72fb79c5ad4f4
global,582,おだんごしんじゅ,경단진주,Pearl String,8ad201e80244f630ab5a46922ab72fb79c5ad4f4
global,583,すいせいのかけら,혜성조각,Comet Shard,8ad201e80244f630ab5a46922ab72fb79c5ad4f4
global,584,こだいのどうか,고대의동화,Relic Copper,8ad201e80244f630ab5a46922ab72fb79c5ad4f4
global,585,こだいのぎんか,고대의은화,Relic Silver,8ad201e80244f630ab5a46922ab72fb79c5ad4f4
global,586,こだいのきんか,고대의금화,Relic Gold,8ad201e80244f630ab5a46922ab72fb79c5ad4f4
global,587,こだいのツボ,고대의항아리,Relic Vase,8ad201e80244f630ab5a46922ab72fb79c5ad4f4
global,588,こだいのうでわ,고대의팔찌,Relic Band,8ad201e80244f630ab5a46922ab72fb79c5ad4f4
global,589,こだいのせきぞう,고대의석상,Relic Statue,8ad201e80244f630ab5a46922ab72fb79c5ad4f4
global,590,こだいのおうかん,고대의왕관,Relic Crown,8ad201e80244f630ab5a46922ab72fb79c5ad4f4
global,591,ヒウンアイス,구름아이스,Casteliacone,8ad201e80244f630ab5a46922ab72fb79c5ad4f4
global,592,クリティカット２,크리티컬커터2,Dire Hit 2,8ad201e80244f630ab5a46922ab72fb79c5ad4f4
global,593,スピーダー２,스피드업2,X Speed 2,8ad201e80244f630ab5a46922ab72fb79c5ad4f4
global,594,ＳＰアップ２,스페셜업2,X Sp. Atk 2,8ad201e80244f630ab5a46922ab72fb79c5ad4f4
global,595,ＳＰガード２,스페셜가드2,X Sp. Def 2,8ad201e80244f630ab5a46922ab72fb79c5ad4f4
global,596,ディフェンダー２,디펜드업2,X Defense 2,8ad201e80244f630ab5a46922ab72fb79c5ad4f4
global,597,プラスパワー２,플러스파워2,X Attack 2,8ad201e80244f630ab5a46922ab72fb79c5ad4f4
global,598,ヨクアタール２,잘-맞히기2,X Accuracy 2,8ad201e80244f630ab5a46922ab72fb79c5ad4f4
global,599,スピーダー３,스피드업3,X Speed 3,8ad201e80244f630ab5a46922ab72fb79c5ad4f4
global,600,ＳＰアップ３,스페셜업3,X Sp. Atk 3,8ad201e80244f630ab5a46922ab72fb79c5ad4f4
global,601,ＳＰガード３,스페셜가드3,X Sp. Def 3,8ad201e80244f630ab5a46922ab72fb79c5ad4f4
global,602,ディフェンダー３,디펜드업3,X Defense 3,8ad201e80244f630ab5a46922ab72fb79c5ad4f4
global,603,プラスパワー３,플러스파워3,X Attack 3,8ad201e80244f630ab5a46922ab72fb79c5ad4f4
global,604,ヨクアタール３,잘-맞히기3,X Accuracy 3,8ad201e80244f630ab5a46922ab72fb79c5ad4f4
global,605,スピーダー６,스피드업6,X Speed 6,8ad201e80244f630ab5a46922ab72fb79c5ad4f4
global,606,ＳＰアップ６,스페셜업6,X Sp. Atk 6,8ad201e80244f630ab5a46922ab72fb79c5ad4f4
global,607,ＳＰガード６,스페셜가드6,X Sp. Def 6,8ad201e80244f630ab5a46922ab72fb79c5ad4f4
global,608,ディフェンダー６,디펜드업6,X Defense 6,8ad201e80244f630ab5a46922ab72fb79c5ad4f4
global,609,プラスパワー６,플러스파워6,X Attack 6,8ad201e80244f630ab5a46922ab72fb79c5ad4f4
global,610,ヨクアタール６,잘-맞히기6,X Accuracy 6,8ad201e80244f630ab5a46922ab72fb79c5ad4f4
global,611,スキルコール,스킬콜,Ability Urge,8ad201e80244f630ab5a46922ab72fb79c5ad4f4
global,612,アイテムドロップ,아이템드롭,Item Drop,8ad201e80244f630ab5a46922ab72fb79c5ad4f4
global,613,アイテムコール,아이템콜,Item Urge,8ad201e80244f630ab5a46922ab72fb79c5ad4f4
global,614,フラットコール,플랫콜,Reset Urge,8ad201e80244f630ab5a46922ab72fb79c5ad4f4
global,615,クリティカット３,크리티컬커터3,Dire Hit 3,8ad201e80244f630ab5a46922ab72fb79c5ad4f4
global,616,ライトストーン,라이트스톤,Light Stone,8ad201e80244f630ab5a46922ab72fb79c5ad4f4
global,617,ダークストーン,다크스톤,Dark Stone,8ad201e80244f630ab5a46922ab72fb79c5ad4f4
global,618,わざマシン９３,기술머신93,TM93,8ad201e80244f630ab5a46922ab72fb79c5ad4f4
global,619,わざマシン９４,기술머신94,TM94,8ad201e80244f630ab5a46922ab72fb79c5ad4f4
global,620,わざマシン９５,기술머신95,TM95,8ad201e80244f630ab5a46922ab72fb79c5ad4f4
global,621,ライブキャスター,라이브캐스터,Xtransceiver,8ad201e80244f630ab5a46922ab72fb79c5ad4f4
global,622,ゴッドストーン,???,???,8ad201e80244f630ab5a46922ab72fb79c5ad4f4
global,623,はいたつぶつ１,배달물1,Gram 1,8ad201e80244f630ab5a46922ab72fb79c5ad4f4
global,624,はいたつぶつ２,배달물2,Gram 2,8ad201e80244f630ab5a46922ab72fb79c5ad4f4
global,625,はいたつぶつ３,배달물3,Gram 3,8ad201e80244f630ab5a46922ab72fb79c5ad4f4
global,626,ライブキャスター,라이브캐스터,Xtransceiver,8ad201e80244f630ab5a46922ab72fb79c5ad4f4
global,627,メダルボックス,메달박스,Medal Box,8ad201e80244f630ab5a46922ab72fb79c5ad4f4
global,628,いでんしのくさび,유전자쐐기,DNA Splicers,8ad201e80244f630ab5a46922ab72fb79c5ad4f4
global,629,いでんしのくさび,유전자쐐기,DNA Splicers,8ad201e80244f630ab5a46922ab72fb79c5ad4f4
global,630,きょかしょう,허가증,Permit,8ad201e80244f630ab5a46922ab72fb79c5ad4f4
global,631,まるいおまもり,둥근부적,Oval Charm,8ad201e80244f630ab5a46922ab72fb79c5ad4f4
global,632,ひかるおまもり,빛나는부적,Shiny Charm,8ad201e80244f630ab5a46922ab72fb79c5ad4f4
global,633,プラズマカード,플라스마카드,Plasma Card,8ad201e80244f630ab5a46922ab72fb79c5ad4f4
global,634,よごれたハンカチ,더러운손수건,Grubby Hanky,8ad201e80244f630ab5a46922ab72fb79c5ad4f4
global,635,アクロママシーン,아크로마머신,Colress Machine,8ad201e80244f630ab5a46922ab72fb79c5ad4f4
global,636,わすれもの,잊은물건,Dropped Item,8ad201e80244f630ab5a46922ab72fb79c5ad4f4
global,637,わすれもの,잊은물건,Dropped Item,8ad201e80244f630ab5a46922ab72fb79c5ad4f4
global,638,うつしかがみ,비추는거울,Reveal Glass,8ad201e80244f630ab5a46922ab72fb79c5ad4f4
global,639,じゃくてんほけん,약점보험,Weakness Policy,8ad201e80244f630ab5a46922ab72fb79c5ad4f4
global,640,とつげきチョッキ,돌격조끼,Assault Vest,8ad201e80244f630ab5a46922ab72fb79c5ad4f4
global,641,ホロキャスター,홀로캐스터,Holo Caster,8ad201e80244f630ab5a46922ab72fb79c5ad4f4
global,642,はかせのてがみ,박사의편지,Prof’s Letter,8ad201e80244f630ab5a46922ab72fb79c5ad4f4
global,643,ローラースケート,롤러스케이트,Roller Skates,8ad201e80244f630ab5a46922ab72fb79c5ad4f4
global,644,せいれいプレート,정령플레이트,Pixie Plate,8ad201e80244f630ab5a46922ab72fb79c5ad4f4
global,645,とくせいカプセル,특성캡슐,Ability Capsule,8ad201e80244f630ab5a46922ab72fb79c5ad4f4
global,646,ホイップポップ,휘핑팝,Whipped Dream,8ad201e80244f630ab5a46922ab72fb79c5ad4f4
global,647,においぶくろ,향기주머니,Sachet,8ad201e80244f630ab5a46922ab72fb79c5ad4f4
global,648,ひかりごけ,빛이끼,Luminous Moss,8ad201e80244f630ab5a46922ab72fb79c5ad4f4
global,649,ゆきだま,눈덩이,Snowball,8ad201e80244f630ab5a46922ab72fb79c5ad4f4
global,650,ぼうじんゴーグル,방진고글,Safety Goggles,8ad201e80244f630ab5a46922ab72fb79c5ad4f4
global,651,ポケモンのふえ,포켓몬피리,Poké Flute,8ad201e80244f630ab5a46922ab72fb79c5ad4f4
global,652,たわわこやし,주렁주렁비료,Rich Mulch,8ad201e80244f630ab5a46922ab72fb79c5ad4f4
global,653,びっくりこやし,깜놀비료,Surprise Mulch,8ad201e80244f630ab5a46922ab72fb79c5ad4f4
global,654,ぐんぐんこやし,부쩍부쩍비료,Boost Mulch,8ad201e80244f630ab5a46922ab72fb79c5ad4f4
global,655,とんでもこやし,기절초풍비료,Amaze Mulch,8ad201e80244f630ab5a46922ab72fb79c5ad4f4
global,656,ゲンガナイト,팬텀나이트,Gengarite,8ad201e80244f630ab5a46922ab72fb79c5ad4f4
global,657,サーナイトナイト,가디안나이트,Gardevoirite,8ad201e80244f630ab5a46922ab72fb79c5ad4f4
global,658,デンリュウナイト,전룡나이트,Ampharosite,8ad201e80244f630ab5a46922ab72fb79c5ad4f4
global,659,フシギバナイト,이상해꽃나이트,Venusaurite,8ad201e80244f630ab5a46922ab72fb79c5ad4f4
global,660,リザードナイトＸ,리자몽나이트X,Charizardite X,8ad201e80244f630ab5a46922ab72fb79c5ad4f4
global,661,カメックスナイト,거북왕나이트,Blastoisinite,8ad201e80244f630ab5a46922ab72fb79c5ad4f4
global,662,ミュウツナイトＸ,뮤츠나이트X,Mewtwonite X,8ad201e80244f630ab5a46922ab72fb79c5ad4f4
global,663,ミュウツナイトＹ,뮤츠나이트Y,Mewtwonite Y,8ad201e80244f630ab5a46922ab72fb79c5ad4f4
global,664,バシャーモナイト,번치코나이트,Blazikenite,8ad201e80244f630ab5a46922ab72fb79c5ad4f4
global,665,チャーレムナイト,요가램나이트,Medichamite,8ad201e80244f630ab5a46922ab72fb79c5ad4f4
global,666,ヘルガナイト,헬가나이트,Houndoominite,8ad201e80244f630ab5a46922ab72fb79c5ad4f4
global,667,ボスゴドラナイト,보스로라나이트,Aggronite,8ad201e80244f630ab5a46922ab72fb79c5ad4f4
global,668,ジュペッタナイト,다크펫나이트,Banettite,8ad201e80244f630ab5a46922ab72fb79c5ad4f4
global,669,バンギラスナイト,마기라스나이트,Tyranitarite,8ad201e80244f630ab5a46922ab72fb79c5ad4f4
global,670,ハッサムナイト,핫삼나이트,Scizorite,8ad201e80244f630ab5a46922ab72fb79c5ad4f4
global,671,カイロスナイト,쁘사이저나이트,Pinsirite,8ad201e80244f630ab5a46922ab72fb79c5ad4f4
global,672,プテラナイト,프테라나이트,Aerodactylite,8ad201e80244f630ab5a46922ab72fb79c5ad4f4
global,673,ルカリオナイト,루카리오나이트,Lucarionite,8ad201e80244f630ab5a46922ab72fb79c5ad4f4
global,674,ユキノオナイト,눈설왕나이트,Abomasite,8ad201e80244f630ab5a46922ab72fb79c5ad4f4
global,675,ガルーラナイト,캥카나이트,Kangaskhanite,8ad201e80244f630ab5a46922ab72fb79c5ad4f4
global,676,ギャラドスナイト,갸라도스나이트,Gyaradosite,8ad201e80244f630ab5a46922ab72fb79c5ad4f4
global,677,アブソルナイト,앱솔나이트,Absolite,8ad201e80244f630ab5a46922ab72fb79c5ad4f4
global,678,リザードナイトＹ,리자몽나이트Y,Charizardite Y,8ad201e80244f630ab5a46922ab72fb79c5ad4f4
global,679,フーディナイト,후디나이트,Alakazite,8ad201e80244f630ab5a46922ab72fb79c5ad4f4
global,680,ヘラクロスナイト,헤라크로스나이트,Heracronite,8ad201e80244f630ab5a46922ab72fb79c5ad4f4
global,681,クチートナイト,입치트나이트,Mawilite,8ad201e80244f630ab5a46922ab72fb79c5ad4f4
global,682,ライボルトナイト,썬더볼트나이트,Manectite,8ad201e80244f630ab5a46922ab72fb79c5ad4f4
global,683,ガブリアスナイト,한카리아스나이트,Garchompite,8ad201e80244f630ab5a46922ab72fb79c5ad4f4
global,684,ラティアスナイト,라티아스나이트,Latiasite,8ad201e80244f630ab5a46922ab72fb79c5ad4f4
global,685,ラティオスナイト,라티오스나이트,Latiosite,8ad201e80244f630ab5a46922ab72fb79c5ad4f4
global,686,ロゼルのみ,로셀열매,Roseli Berry,8ad201e80244f630ab5a46922ab72fb79c5ad4f4
global,687,アッキのみ,악키열매,Kee Berry,8ad201e80244f630ab5a46922ab72fb79c5ad4f4
global,688,タラプのみ,타라프열매,Maranga Berry,8ad201e80244f630ab5a46922ab72fb79c5ad4f4
global,689,ハスボーじょうろ,연꽃몬물뿌리개,Sprinklotad,8ad201e80244f630ab5a46922ab72fb79c5ad4f4
global,690,わざマシン９６,기술머신96,TM96,8ad201e80244f630ab5a46922ab72fb79c5ad4f4
global,691,わざマシン９７,기술머신97,TM97,8ad201e80244f630ab5a46922ab72fb79c5ad4f4
global,692,わざマシン９８,기술머신98,TM98,8ad201e80244f630ab5a46922ab72fb79c5ad4f4
global,693,わざマシン９９,기술머신99,TM99,8ad201e80244f630ab5a46922ab72fb79c5ad4f4
global,694,わざマシン１００,기술머신100,TM100,8ad201e80244f630ab5a46922ab72fb79c5ad4f4
global,695,はつでんしょパス,발전소패스,Power Plant Pass,8ad201e80244f630ab5a46922ab72fb79c5ad4f4
global,696,メガリング,메가링,Mega Ring,8ad201e80244f630ab5a46922ab72fb79c5ad4f4
global,697,すごそうないし,대단할듯한돌,Intriguing Stone,8ad201e80244f630ab5a46922ab72fb79c5ad4f4
global,698,ありふれたいし,흔해빠진돌,Common Stone,8ad201e80244f630ab5a46922ab72fb79c5ad4f4
global,699,バーゲンチケット,바겐세일티켓,Discount Coupon,8ad201e80244f630ab5a46922ab72fb79c5ad4f4
global,700,エレベータのキー,엘리베이터키,Elevator Key,8ad201e80244f630ab5a46922ab72fb79c5ad4f4
global,701,ＴＭＶパス,TMV패스,TMV Pass,8ad201e80244f630ab5a46922ab72fb79c5ad4f4
global,702,カロスエンブレム,칼로스엠블럼,Honor of Kalos,8ad201e80244f630ab5a46922ab72fb79c5ad4f4
global,703,たんけんこころえ,탐험수칙,Adventure Guide,8ad201e80244f630ab5a46922ab72fb79c5ad4f4
global,704,ふしぎなおきもの,이상한장식품,Strange Souvenir,8ad201e80244f630ab5a46922ab72fb79c5ad4f4
global,705,レンズケース,렌즈케이스,Lens Case,8ad201e80244f630ab5a46922ab72fb79c5ad4f4
global,706,コスメポーチ,코스메틱파우치,Makeup Bag,8ad201e80244f630ab5a46922ab72fb79c5ad4f4
global,707,いしょうトランク,의상트렁크,Travel Trunk,8ad201e80244f630ab5a46922ab72fb79c5ad4f4
global,708,ミアレガレット,미르갈레트,Lumiose Galette,8ad201e80244f630ab5a46922ab72fb79c5ad4f4
global,709,シャラサブレ,사라사블레,Shalour Sable,8ad201e80244f630ab5a46922ab72fb79c5ad4f4
global,710,アゴのカセキ,턱화석,Jaw Fossil,8ad201e80244f630ab5a46922ab72fb79c5ad4f4
global,711,ヒレのカセキ,지느러미화석,Sail Fossil,8ad201e80244f630ab5a46922ab72fb79c5ad4f4
global,712,ハンサムチケット,핸섬티켓,Looker Ticket,8ad201e80244f630ab5a46922ab72fb79c5ad4f4
global,713,じてんしゃ,자전거,Bike,8ad201e80244f630ab5a46922ab72fb79c5ad4f4
global,714,ホロキャスター,홀로캐스터,Holo Caster,8ad201e80244f630ab5a46922ab72fb79c5ad4f4
global,715,ようせいジュエル,페어리주얼,Fairy Gem,8ad201e80244f630ab5a46922ab72fb79c5ad4f4
global,716,メガチャーム,메가참,Mega Charm,8ad201e80244f630ab5a46922ab72fb79c5ad4f4
global,717,メガグローブ,메가글러브,Mega Glove,8ad201e80244f630ab5a46922ab72fb79c5ad4f4
global,718,マッハじてんしゃ,마하자전거,Mach Bike,8ad201e80244f630ab5a46922ab72fb79c5ad4f4
global,719,ダートじてんしゃ,더트자전거,Acro Bike,8ad201e80244f630ab5a46922ab72fb79c5ad4f4
global,720,ホエルコじょうろ,고래왕자물뿌리개,Wailmer Pail,8ad201e80244f630ab5a46922ab72fb79c5ad4f4
global,721,デボンのにもつ,데봉화물,Devon Parts,8ad201e80244f630ab5a46922ab72fb79c5ad4f4
global,722,はいぶくろ,재주머니,Soot Sack,8ad201e80244f630ab5a46922ab72fb79c5ad4f4
global,723,ちかのカギ,지하열쇠,Basement Key,8ad201e80244f630ab5a46922ab72fb79c5ad4f4
global,724,ポロックキット,포켓몬스낵키트,Pokéblock Kit,8ad201e80244f630ab5a46922ab72fb79c5ad4f4
global,725,ダイゴへのてがみ,성호에게줄편지,Letter,8ad201e80244f630ab5a46922ab72fb79c5ad4f4
global,726,むげんのチケット,무한티켓,Eon Ticket,8ad201e80244f630ab5a46922ab72fb79c5ad4f4
global,727,たんちき,탐지기,Scanner,8ad201e80244f630ab5a46922ab72fb79c5ad4f4
global,728,ゴーゴーゴーグル,고고고글,Go-Goggles,8ad201e80244f630ab5a46922ab72fb79c5ad4f4
global,729,いんせき,운석,Meteorite,8ad201e80244f630ab5a46922ab72fb79c5ad4f4
global,730,１ごうしつのカギ,1호실열쇠,Key to Room 1,8ad201e80244f630ab5a46922ab72fb79c5ad4f4
global,731,２ごうしつのカギ,2호실열쇠,Key to Room 2,8ad201e80244f630ab5a46922ab72fb79c5ad4f4
global,732,４ごうしつのカギ,4호실열쇠,Key to Room 4,8ad201e80244f630ab5a46922ab72fb79c5ad4f4
global,733,６ごうしつのカギ,6호실열쇠,Key to Room 6,8ad201e80244f630ab5a46922ab72fb79c5ad4f4
global,734,そうこのカギ,창고열쇠,Storage Key,8ad201e80244f630ab5a46922ab72fb79c5ad4f4
global,735,デボンスコープ,데봉스코프,Devon Scope,8ad201e80244f630ab5a46922ab72fb79c5ad4f4
global,736,ふねのチケット,승선티켓,S.S. Ticket,8ad201e80244f630ab5a46922ab72fb79c5ad4f4
global,737,ひでんマシン０７,비전머신07,HM07,8ad201e80244f630ab5a46922ab72fb79c5ad4f4
global,738,デボンボンベ,데봉봄베,Devon Scuba Gear,8ad201e80244f630ab5a46922ab72fb79c5ad4f4
global,739,ライブスーツ,라이브슈트,Contest Costume,8ad201e80244f630ab5a46922ab72fb79c5ad4f4
global,740,ライブドレス,라이브드레스,Contest Costume,8ad201e80244f630ab5a46922ab72fb79c5ad4f4
global,741,マグマスーツ,마그마슈트,Magma Suit,8ad201e80244f630ab5a46922ab72fb79c5ad4f4
global,742,アクアスーツ,아쿠아슈트,Aqua Suit,8ad201e80244f630ab5a46922ab72fb79c5ad4f4
global,743,ペアチケット,페어티켓,Pair of Tickets,8ad201e80244f630ab5a46922ab72fb79c5ad4f4
global,744,メガバングル,메가뱅글,Mega Bracelet,8ad201e80244f630ab5a46922ab72fb79c5ad4f4
global,745,メガペンダント,메가펜던트,Mega Pendant,8ad201e80244f630ab5a46922ab72fb79c5ad4f4
global,746,メガメガネ,메가글라스,Mega Glasses,8ad201e80244f630ab5a46922ab72fb79c5ad4f4
global,747,メガイカリ,메가앵커,Mega Anchor,8ad201e80244f630ab5a46922ab72fb79c5ad4f4
global,748,メガラペルピン,메가라펠핀,Mega Stickpin,8ad201e80244f630ab5a46922ab72fb79c5ad4f4
global,749,メガティアラ,메가티아라,Mega Tiara,8ad201e80244f630ab5a46922ab72fb79c5ad4f4
global,750,メガアンクレット,메가앵클릿,Mega Anklet,8ad201e80244f630ab5a46922ab72fb79c5ad4f4
global,751,いんせき,운석,Meteorite,8ad201e80244f630ab5a46922ab72fb79c5ad4f4
global,752,ラグラージナイト,대짱이나이트,Swampertite,8ad201e80244f630ab5a46922ab72fb79c5ad4f4
global,753,ジュカインナイト,나무킹나이트,Sceptilite,8ad201e80244f630ab5a46922ab72fb79c5ad4f4
global,754,ヤミラミナイト,깜까미나이트,Sablenite,8ad201e80244f630ab5a46922ab72fb79c5ad4f4
global,755,チルタリスナイト,파비코리나이트,Altarianite,8ad201e80244f630ab5a46922ab72fb79c5ad4f4
global,756,エルレイドナイト,엘레이드나이트,Galladite,8ad201e80244f630ab5a46922ab72fb79c5ad4f4
global,757,タブンネナイト,다부니나이트,Audinite,8ad201e80244f630ab5a46922ab72fb79c5ad4f4
global,758,メタグロスナイト,메타그로스나이트,Metagrossite,8ad201e80244f630ab5a46922ab72fb79c5ad4f4
global,759,サメハダナイト,샤크니아나이트,Sharpedonite,8ad201e80244f630ab5a46922ab72fb79c5ad4f4
global,760,ヤドランナイト,야도란나이트,Slowbronite,8ad201e80244f630ab5a46922ab72fb79c5ad4f4
global,761,ハガネールナイト,강철톤나이트,Steelixite,8ad201e80244f630ab5a46922ab72fb79c5ad4f4
global,762,ピジョットナイト,피죤투나이트,Pidgeotite,8ad201e80244f630ab5a46922ab72fb79c5ad4f4
global,763,オニゴーリナイト,얼음귀신나이트,Glalitite,8ad201e80244f630ab5a46922ab72fb79c5ad4f4
global,764,ディアンシナイト,디안시나이트,Diancite,8ad201e80244f630ab5a46922ab72fb79c5ad4f4
global,765,いましめのツボ,굴레의항아리,Prison Bottle,8ad201e80244f630ab5a46922ab72fb79c5ad4f4
global,766,メガブレス,메가브레스,Mega Cuff,8ad201e80244f630ab5a46922ab72fb79c5ad4f4
global,767,バクーダナイト,폭타나이트,Cameruptite,8ad201e80244f630ab5a46922ab72fb79c5ad4f4
global,768,ミミロップナイト,이어롭나이트,Lopunnite,8ad201e80244f630ab5a46922ab72fb79c5ad4f4
global,769,ボーマンダナイト,보만다나이트,Salamencite,8ad201e80244f630ab5a46922ab72fb79c5ad4f4
global,770,スピアナイト,독침붕나이트,Beedrillite,8ad201e80244f630ab5a46922ab72fb79c5ad4f4
global,771,いんせき,운석,Meteorite,8ad201e80244f630ab5a46922ab72fb79c5ad4f4
global,772,いんせき,운석,Meteorite,8ad201e80244f630ab5a46922ab72fb79c5ad4f4
global,773,キーストーン,키스톤,Key Stone,8ad201e80244f630ab5a46922ab72fb79c5ad4f4
global,774,いんせきのかけら,운석조각,Meteorite Shard,8ad201e80244f630ab5a46922ab72fb79c5ad4f4
global,775,むげんのふえ,무한의피리,Eon Flute,8ad201e80244f630ab5a46922ab72fb79c5ad4f4
global,776,ノーマルＺ,노말Z,Normalium Z,8ad201e80244f630ab5a46922ab72fb79c5ad4f4
global,777,ホノオＺ,불꽃Z,Firium Z,8ad201e80244f630ab5a46922ab72fb79c5ad4f4
global,778,ミズＺ,물Z,Waterium Z,8ad201e80244f630ab5a46922ab72fb79c5ad4f4
global,779,デンキＺ,전기Z,Electrium Z,8ad201e80244f630ab5a46922ab72fb79c5ad4f4
global,780,クサＺ,풀Z,Grassium Z,8ad201e80244f630ab5a46922ab72fb79c5ad4f4
global,781,コオリＺ,얼음Z,Icium Z,8ad201e80244f630ab5a46922ab72fb79c5ad4f4
global,782,カクトウＺ,격투Z,Fightinium Z,8ad201e80244f630ab5a46922ab72fb79c5ad4f4
global,783,ドクＺ,독Z,Poisonium Z,8ad201e80244f630ab5a46922ab72fb79c5ad4f4
global,784,ジメンＺ,땅Z,Groundium Z,8ad201e80244f630ab5a46922ab72fb79c5ad4f4
global,785,ヒコウＺ,비행Z,Flyinium Z,8ad201e80244f630ab5a46922ab72fb79c5ad4f4
global,786,エスパーＺ,에스퍼Z,Psychium Z,8ad201e80244f630ab5a46922ab72fb79c5ad4f4
global,787,ムシＺ,벌레Z,Buginium Z,8ad201e80244f630ab5a46922ab72fb79c5ad4f4
global,788,イワＺ,바위Z,Rockium Z,8ad201e80244f630ab5a46922ab72fb79c5ad4f4
global,789,ゴーストＺ,고스트Z,Ghostium Z,8ad201e80244f630ab5a46922ab72fb79c5ad4f4
global,790,ドラゴンＺ,드래곤Z,Dragonium Z,8ad201e80244f630ab5a46922ab72fb79c5ad4f4
global,791,アクＺ,악Z,Darkinium Z,8ad201e80244f630ab5a46922ab72fb79c5ad4f4
global,792,ハガネＺ,강철Z,Steelium Z,8ad201e80244f630ab5a46922ab72fb79c5ad4f4
global,793,フェアリーＺ,페어리Z,Fairium Z,8ad201e80244f630ab5a46922ab72fb79c5ad4f4
global,794,ピカチュウＺ,피카츄Z,Pikanium Z,8ad201e80244f630ab5a46922ab72fb79c5ad4f4
global,795,ぎんのおうかん,은색병뚜껑,Bottle Cap,8ad201e80244f630ab5a46922ab72fb79c5ad4f4
global,796,きんのおうかん,금색병뚜껑,Gold Bottle Cap,8ad201e80244f630ab5a46922ab72fb79c5ad4f4
global,797,Ｚリング,Z링,Z-Ring,8ad201e80244f630ab5a46922ab72fb79c5ad4f4
global,798,ジュナイパーＺ,모크나이퍼Z,Decidium Z,8ad201e80244f630ab5a46922ab72fb79c5ad4f4
global,799,ガオガエンＺ,어흥염Z,Incinium Z,8ad201e80244f630ab5a46922ab72fb79c5ad4f4
global,800,アシレーヌＺ,누리레느Z,Primarium Z,8ad201e80244f630ab5a46922ab72fb79c5ad4f4
global,801,カプＺ,카푸Z,Tapunium Z,8ad201e80244f630ab5a46922ab72fb79c5ad4f4
global,802,マーシャドーＺ,마샤도Z,Marshadium Z,8ad201e80244f630ab5a46922ab72fb79c5ad4f4
global,803,アロライＺ,알로라이Z,Aloraichium Z,8ad201e80244f630ab5a46922ab72fb79c5ad4f4
global,804,カビゴンＺ,잠만보Z,Snorlium Z,8ad201e80244f630ab5a46922ab72fb79c5ad4f4
global,805,イーブイＺ,이브이Z,Eevium Z,8ad201e80244f630ab5a46922ab72fb79c5ad4f4
global,806,ミュウＺ,뮤Z,Mewnium Z,8ad201e80244f630ab5a46922ab72fb79c5ad4f4
global,807,ノーマルＺ,노말Z,Normalium Z,8ad201e80244f630ab5a46922ab72fb79c5ad4f4
global,808,ホノオＺ,불꽃Z,Firium Z,8ad201e80244f630ab5a46922ab72fb79c5ad4f4
global,809,ミズＺ,물Z,Waterium Z,8ad201e80244f630ab5a46922ab72fb79c5ad4f4
global,810,デンキＺ,전기Z,Electrium Z,8ad201e80244f630ab5a46922ab72fb79c5ad4f4
global,811,クサＺ,풀Z,Grassium Z,8ad201e80244f630ab5a46922ab72fb79c5ad4f4
global,812,コオリＺ,얼음Z,Icium Z,8ad201e80244f630ab5a46922ab72fb79c5ad4f4
global,813,カクトウＺ,격투Z,Fightinium Z,8ad201e80244f630ab5a46922ab72fb79c5ad4f4
global,814,ドクＺ,독Z,Poisonium Z,8ad201e80244f630ab5a46922ab72fb79c5ad4f4
global,815,ジメンＺ,땅Z,Groundium Z,8ad201e80244f630ab5a46922ab72fb79c5ad4f4
global,816,ヒコウＺ,비행Z,Flyinium Z,8ad201e80244f630ab5a46922ab72fb79c5ad4f4
global,817,エスパーＺ,에스퍼Z,Psychium Z,8ad201e80244f630ab5a46922ab72fb79c5ad4f4
global,818,ムシＺ,벌레Z,Buginium Z,8ad201e80244f630ab5a46922ab72fb79c5ad4f4
global,819,イワＺ,바위Z,Rockium Z,8ad201e80244f630ab5a46922ab72fb79c5ad4f4
global,820,ゴーストＺ,고스트Z,Ghostium Z,8ad201e80244f630ab5a46922ab72fb79c5ad4f4
global,821,ドラゴンＺ,드래곤Z,Dragonium Z,8ad201e80244f630ab5a46922ab72fb79c5ad4f4
global,822,アクＺ,악Z,Darkinium Z,8ad201e80244f630ab5a46922ab72fb79c5ad4f4
global,823,ハガネＺ,강철Z,Steelium Z,8ad201e80244f630ab5a46922ab72fb79c5ad4f4
global,824,フェアリーＺ,페어리Z,Fairium Z,8ad201e80244f630ab5a46922ab72fb79c5ad4f4
global,825,ピカチュウＺ,피카츄Z,Pikanium Z,8ad201e80244f630ab5a46922ab72fb79c5ad4f4
global,826,ジュナイパーＺ,모크나이퍼Z,Decidium Z,8ad201e80244f630ab5a46922ab72fb79c5ad4f4
global,827,ガオガエンＺ,어흥염Z,Incinium Z,8ad201e80244f630ab5a46922ab72fb79c5ad4f4
global,828,アシレーヌＺ,누리레느Z,Primarium Z,8ad201e80244f630ab5a46922ab72fb79c5ad4f4
global,829,カプＺ,카푸Z,Tapunium Z,8ad201e80244f630ab5a46922ab72fb79c5ad4f4
global,830,マーシャドーＺ,마샤도Z,Marshadium Z,8ad201e80244f630ab5a46922ab72fb79c5ad4f4
global,831,アロライＺ,알로라이Z,Aloraichium Z,8ad201e80244f630ab5a46922ab72fb79c5ad4f4
global,832,カビゴンＺ,잠만보Z,Snorlium Z,8ad201e80244f630ab5a46922ab72fb79c5ad4f4
global,833,イーブイＺ,이브이Z,Eevium Z,8ad201e80244f630ab5a46922ab72fb79c5ad4f4
global,834,ミュウＺ,뮤Z,Mewnium Z,8ad201e80244f630ab5a46922ab72fb79c5ad4f4
global,835,サトピカＺ,지우피카Z,Pikashunium Z,8ad201e80244f630ab5a46922ab72fb79c5ad4f4
global,836,サトピカＺ,지우피카Z,Pikashunium Z,8ad201e80244f630ab5a46922ab72fb79c5ad4f4
global,837,？？？,???,???,8ad201e80244f630ab5a46922ab72fb79c5ad4f4
global,838,？？？,???,???,8ad201e80244f630ab5a46922ab72fb79c5ad4f4
global,839,？？？,???,???,8ad201e80244f630ab5a46922ab72fb79c5ad4f4
global,840,？？？,???,???,8ad201e80244f630ab5a46922ab72fb79c5ad4f4
global,841,ざいりょうぶくろ,재료주머니,Forage Bag,8ad201e80244f630ab5a46922ab72fb79c5ad4f4
global,842,つりざお,낚싯대,Fishing Rod,8ad201e80244f630ab5a46922ab72fb79c5ad4f4
global,843,はかせのふくめん,박사의복면,Professor’s Mask,8ad201e80244f630ab5a46922ab72fb79c5ad4f4
global,844,フェスチケット,페스티켓,Festival Ticket,8ad201e80244f630ab5a46922ab72fb79c5ad4f4
global,845,かがやくいし,빛나는돌,Sparkling Stone,8ad201e80244f630ab5a46922ab72fb79c5ad4f4
global,846,ビビリだま,주눅구슬,Adrenaline Orb,8ad201e80244f630ab5a46922ab72fb79c5ad4f4
global,847,ジガルデキューブ,지가르데큐브,Zygarde Cube,8ad201e80244f630ab5a46922ab72fb79c5ad4f4
global,848,？？？,???,???,8ad201e80244f630ab5a46922ab72fb79c5ad4f4
global,849,こおりのいし,얼음의돌,Ice Stone,8ad201e80244f630ab5a46922ab72fb79c5ad4f4
global,850,ライドギア,라이드기어,Ride Pager,8ad201e80244f630ab5a46922ab72fb79c5ad4f4
global,851,ウルトラボール,울트라볼,Beast Ball,8ad201e80244f630ab5a46922ab72fb79c5ad4f4
global,852,おおきいマラサダ,큰 말라사다,Big Malasada,8ad201e80244f630ab5a46922ab72fb79c5ad4f4
global,853,くれないのミツ,다홍꿀,Red Nectar,8ad201e80244f630ab5a46922ab72fb79c5ad4f4
global,854,やまぶきのミツ,진노랑꿀,Yellow Nectar,8ad201e80244f630ab5a46922ab72fb79c5ad4f4
global,855,うすもものミツ,연분홍꿀,Pink Nectar,8ad201e80244f630ab5a46922ab72fb79c5ad4f4
global,856,むらさきのミツ,보라꿀,Purple Nectar,8ad201e80244f630ab5a46922ab72fb79c5ad4f4
global,857,たいようのふえ,태양의피리,Sun Flute,8ad201e80244f630ab5a46922ab72fb79c5ad4f4
global,858,つきのふえ,달의피리,Moon Flute,8ad201e80244f630ab5a46922ab72fb79c5ad4f4
global,859,？？？,???,???,8ad201e80244f630ab5a46922ab72fb79c5ad4f4
global,860,あやしいカード,괴상한카드,Enigmatic Card,8ad201e80244f630ab5a46922ab72fb79c5ad4f4
global,861,ぎんのズリのみ,은 라즈열매,Silver Razz Berry,8ad201e80244f630ab5a46922ab72fb79c5ad4f4
global,862,きんのズリのみ,황금 라즈열매,Golden Razz Berry,8ad201e80244f630ab5a46922ab72fb79c5ad4f4
global,863,ぎんのナナのみ,은 나나열매,Silver Nanab Berry,8ad201e80244f630ab5a46922ab72fb79c5ad4f4
global,864,きんのナナのみ,황금 나나열매,Golden Nanab Berry,8ad201e80244f630ab5a46922ab72fb79c5ad4f4
global,865,ぎんのパイルのみ,은 파인열매,Silver Pinap Berry,8ad201e80244f630ab5a46922ab72fb79c5ad4f4
global,866,きんのパイルのみ,황금 파인열매,Golden Pinap Berry,8ad201e80244f630ab5a46922ab72fb79c5ad4f4
global,867,？？？,???,???,8ad201e80244f630ab5a46922ab72fb79c5ad4f4
global,868,？？？,???,???,8ad201e80244f630ab5a46922ab72fb79c5ad4f4
global,869,？？？,???,???,8ad201e80244f630ab5a46922ab72fb79c5ad4f4
global,870,？？？,???,???,8ad201e80244f630ab5a46922ab72fb79c5ad4f4
global,871,？？？,???,???,8ad201e80244f630ab5a46922ab72fb79c5ad4f4
global,872,ひみつのカギ,비밀의열쇠,Secret Key,8ad201e80244f630ab5a46922ab72fb79c5ad4f4
global,873,ふねのチケット,승선티켓,S.S. Ticket,8ad201e80244f630ab5a46922ab72fb79c5ad4f4
global,874,シルフスコープ,실프스코프,Silph Scope,8ad201e80244f630ab5a46922ab72fb79c5ad4f4
global,875,おとどけもの,전해줄물건,Parcel,8ad201e80244f630ab5a46922ab72fb79c5ad4f4
global,876,カードキー,카드키,Card Key,8ad201e80244f630ab5a46922ab72fb79c5ad4f4
global,877,きんのいれば,금틀니,Gold Teeth,8ad201e80244f630ab5a46922ab72fb79c5ad4f4
global,878,エレベータのカギ,엘리베이터열쇠,Lift Key,8ad201e80244f630ab5a46922ab72fb79c5ad4f4
global,879,グランドコート,그라운드코트,Terrain Extender,8ad201e80244f630ab5a46922ab72fb79c5ad4f4
global,880,ぼうごパット,방호패드,Protective Pads,8ad201e80244f630ab5a46922ab72fb79c5ad4f4
global,881,エレキシード,일렉트릭시드,Electric Seed,8ad201e80244f630ab5a46922ab72fb79c5ad4f4
global,882,サイコシード,사이코시드,Psychic Seed,8ad201e80244f630ab5a46922ab72fb79c5ad4f4
global,883,ミストシード,미스트시드,Misty Seed,8ad201e80244f630ab5a46922ab72fb79c5ad4f4
global,884,グラスシード,그래스시드,Grassy Seed,8ad201e80244f630ab5a46922ab72fb79c5ad4f4
global,885,のびたバネ,늘어난용수철,Stretchy Spring,8ad201e80244f630ab5a46922ab72fb79c5ad4f4
global,886,チョークいし,초크돌,Chalky Stone,8ad201e80244f630ab5a46922ab72fb79c5ad4f4
global,887,ビーだま,유리구슬,Marble,8ad201e80244f630ab5a46922ab72fb79c5ad4f4
global,888,かたっぽピアス,한쪽귀고리,Lone Earring,8ad201e80244f630ab5a46922ab72fb79c5ad4f4
global,889,うみべのガラス,바닷가유리,Beach Glass,8ad201e80244f630ab5a46922ab72fb79c5ad4f4
global,890,きんのはっぱ,금빛잎사귀,Gold Leaf,8ad201e80244f630ab5a46922ab72fb79c5ad4f4
global,891,ぎんのはっぱ,은빛잎사귀,Silver Leaf,8ad201e80244f630ab5a46922ab72fb79c5ad4f4
global,892,ピカピカだんご,반짝반짝경단,Polished Mud Ball,8ad201e80244f630ab5a46922ab72fb79c5ad4f4
global,893,なんごくかいがら,트로피컬조개껍질,Tropical Shell,8ad201e80244f630ab5a46922ab72fb79c5ad4f4
global,894,このはのおてがみ,나뭇잎편지,Leaf Letter,8ad201e80244f630ab5a46922ab72fb79c5ad4f4
global,895,このはのおてがみ,나뭇잎편지,Leaf Letter,8ad201e80244f630ab5a46922ab72fb79c5ad4f4
global,896,ちいさなはなたば,작은꽃다발,Small Bouquet,8ad201e80244f630ab5a46922ab72fb79c5ad4f4
global,897,？？？,???,???,8ad201e80244f630ab5a46922ab72fb79c5ad4f4
global,898,？？？,???,???,8ad201e80244f630ab5a46922ab72fb79c5ad4f4
global,899,？？？,???,???,8ad201e80244f630ab5a46922ab72fb79c5ad4f4
global,900,むしよせコロン,벌레유인코롱,Lure,8ad201e80244f630ab5a46922ab72fb79c5ad4f4
global,901,シルバーコロン,실버코롱,Super Lure,8ad201e80244f630ab5a46922ab72fb79c5ad4f4
global,902,ゴールドコロン,골드코롱,Max Lure,8ad201e80244f630ab5a46922ab72fb79c5ad4f4
global,903,ニビあられ,회색강정,Pewter Crunchies,8ad201e80244f630ab5a46922ab72fb79c5ad4f4
global,904,ファイトメモリ,파이팅메모리,Fighting Memory,8ad201e80244f630ab5a46922ab72fb79c5ad4f4
global,905,フライングメモリ,플라잉메모리,Flying Memory,8ad201e80244f630ab5a46922ab72fb79c5ad4f4
global,906,ポイズンメモリ,포이즌메모리,Poison Memory,8ad201e80244f630ab5a46922ab72fb79c5ad4f4
global,907,グラウンドメモリ,그라운드메모리,Ground Memory,8ad201e80244f630ab5a46922ab72fb79c5ad4f4
global,908,ロックメモリ,록메모리,Rock Memory,8ad201e80244f630ab5a46922ab72fb79c5ad4f4
global,909,バグメモリ,버그메모리,Bug Memory,8ad201e80244f630ab5a46922ab72fb79c5ad4f4
global,910,ゴーストメモリ,고스트메모리,Ghost Memory,8ad201e80244f630ab5a46922ab72fb79c5ad4f4
global,911,スチールメモリ,스틸메모리,Steel Memory,8ad201e80244f630ab5a46922ab72fb79c5ad4f4
global,912,ファイヤーメモリ,파이어메모리,Fire Memory,8ad201e80244f630ab5a46922ab72fb79c5ad4f4
global,913,ウオーターメモリ,워터메모리,Water Memory,8ad201e80244f630ab5a46922ab72fb79c5ad4f4
global,914,グラスメモリ,그래스메모리,Grass Memory,8ad201e80244f630ab5a46922ab72fb79c5ad4f4
global,915,エレクトロメモリ,일렉트릭메모리,Electric Memory,8ad201e80244f630ab5a46922ab72fb79c5ad4f4
global,916,サイキックメモリ,사이킥메모리,Psychic Memory,8ad201e80244f630ab5a46922ab72fb79c5ad4f4
global,917,アイスメモリ,아이스메모리,Ice Memory,8ad201e80244f630ab5a46922ab72fb79c5ad4f4
global,918,ドラゴンメモリ,드래곤메모리,Dragon Memory,8ad201e80244f630ab5a46922ab72fb79c5ad4f4
global,919,ダークメモリ,다크메모리,Dark Memory,8ad201e80244f630ab5a46922ab72fb79c5ad4f4
global,920,フェアリーメモリ,페어리메모리,Fairy Memory,8ad201e80244f630ab5a46922ab72fb79c5ad4f4
global,921,ソルガレオＺ,솔가레오Z,Solganium Z,8ad201e80244f630ab5a46922ab72fb79c5ad4f4
global,922,ルナアーラＺ,루나아라Z,Lunalium Z,8ad201e80244f630ab5a46922ab72fb79c5ad4f4
global,923,ウルトラネクロＺ,울트라네크로Z,Ultranecrozium Z,8ad201e80244f630ab5a46922ab72fb79c5ad4f4
global,924,ミミッキュＺ,따라큐Z,Mimikium Z,8ad201e80244f630ab5a46922ab72fb79c5ad4f4
global,925,ルガルガンＺ,루가루암Z,Lycanium Z,8ad201e80244f630ab5a46922ab72fb79c5ad4f4
global,926,ジャラランガＺ,짜랑고우거Z,Kommonium Z,8ad201e80244f630ab5a46922ab72fb79c5ad4f4
global,927,ソルガレオＺ,솔가레오Z,Solganium Z,8ad201e80244f630ab5a46922ab72fb79c5ad4f4
global,928,ルナアーラＺ,루나아라Z,Lunalium Z,8ad201e80244f630ab5a46922ab72fb79c5ad4f4
global,929,ウルトラネクロＺ,울트라네크로Z,Ultranecrozium Z,8ad201e80244f630ab5a46922ab72fb79c5ad4f4
global,930,ミミッキュＺ,따라큐Z,Mimikium Z,8ad201e80244f630ab5a46922ab72fb79c5ad4f4
global,931,ルガルガンＺ,루가루암Z,Lycanium Z,8ad201e80244f630ab5a46922ab72fb79c5ad4f4
global,932,ジャラランガＺ,짜랑고우거Z,Kommonium Z,8ad201e80244f630ab5a46922ab72fb79c5ad4f4
global,933,Ｚパワーリング,Z파워링,Z-Power Ring,8ad201e80244f630ab5a46922ab72fb79c5ad4f4
global,934,ももいろはなびら,담홍꽃잎,Pink Petal,8ad201e80244f630ab5a46922ab72fb79c5ad4f4
global,935,だいだいはなびら,주황꽃잎,Orange Petal,8ad201e80244f630ab5a46922ab72fb79c5ad4f4
global,936,あおのはなびら,파랑꽃잎,Blue Petal,8ad201e80244f630ab5a46922ab72fb79c5ad4f4
global,937,あかのはなびら,빨강꽃잎,Red Petal,8ad201e80244f630ab5a46922ab72fb79c5ad4f4
global,938,みどりのはなびら,초록꽃잎,Green Petal,8ad201e80244f630ab5a46922ab72fb79c5ad4f4
global,939,きいろのはなびら,노랑꽃잎,Yellow Petal,8ad201e80244f630ab5a46922ab72fb79c5ad4f4
global,940,むらさきはなびら,보라꽃잎,Purple Petal,8ad201e80244f630ab5a46922ab72fb79c5ad4f4
global,941,にじいろのはな,무지개꽃,Rainbow Flower,8ad201e80244f630ab5a46922ab72fb79c5ad4f4
global,942,だいだいバッジ,주황배지,Surge Badge,8ad201e80244f630ab5a46922ab72fb79c5ad4f4
global,943,ネクロプラスソル,네크로플러스솔,N-Solarizer,8ad201e80244f630ab5a46922ab72fb79c5ad4f4
global,944,ネクロプラスルナ,네크로플러스루나,N-Lunarizer,8ad201e80244f630ab5a46922ab72fb79c5ad4f4
global,945,ネクロプラスソル,네크로플러스솔,N-Solarizer,8ad201e80244f630ab5a46922ab72fb79c5ad4f4
global,946,ネクロプラスルナ,네크로플러스루나,N-Lunarizer,8ad201e80244f630ab5a46922ab72fb79c5ad4f4
global,947,イリマノーマルＺ,일리마의 노말Z,Ilima’s Normalium Z,8ad201e80244f630ab5a46922ab72fb79c5ad4f4
global,948,のこされたボール,남겨진 볼,Left Poké Ball,8ad201e80244f630ab5a46922ab72fb79c5ad4f4
global,949,タマゴふかポン,알부화캡슐토이,Roto Hatch,8ad201e80244f630ab5a46922ab72fb79c5ad4f4
global,950,やすうりポン,할인캡슐토이,Roto Bargain,8ad201e80244f630ab5a46922ab72fb79c5ad4f4
global,951,おこづかいポン,용돈캡슐토이,Roto Prize Money,8ad201e80244f630ab5a46922ab72fb79c5ad4f4
global,952,けいけんポン,경험캡슐토이,Roto Exp. Points,8ad201e80244f630ab5a46922ab72fb79c5ad4f4
global,953,なつきポン,친밀도캡슐토이,Roto Friendship,8ad201e80244f630ab5a46922ab72fb79c5ad4f4
global,954,みっけポン,발견캡슐토이,Roto Encounter,8ad201e80244f630ab5a46922ab72fb79c5ad4f4
global,955,かくれポン,숨기캡슐토이,Roto Stealth,8ad201e80244f630ab5a46922ab72fb79c5ad4f4
global,956,ＨＰかいふくポン,HP회복캡슐토이,Roto HP Restore,8ad201e80244f630ab5a46922ab72fb79c5ad4f4
global,957,ＰＰかいふくポン,PP회복캡슐토이,Roto PP Restore,8ad201e80244f630ab5a46922ab72fb79c5ad4f4
global,958,おうえんポン,응원캡슐토이,Roto Boost,8ad201e80244f630ab5a46922ab72fb79c5ad4f4
global,959,つかまえポン,잡기캡슐토이,Roto Catch,8ad201e80244f630ab5a46922ab72fb79c5ad4f4
global,960,げんきのアメ,기력의사탕,Health Candy,8ad201e80244f630ab5a46922ab72fb79c5ad4f4
global,961,ちからのアメ,힘의사탕,Mighty Candy,8ad201e80244f630ab5a46922ab72fb79c5ad4f4
global,962,まもりのアメ,수비의사탕,Tough Candy,8ad201e80244f630ab5a46922ab72fb79c5ad4f4
global,963,ちしきのアメ,지식의사탕,Smart Candy,8ad201e80244f630ab5a46922ab72fb79c5ad4f4
global,964,こころのアメ,마음의사탕,Courage Candy,8ad201e80244f630ab5a46922ab72fb79c5ad4f4
global,965,はやさのアメ,속도의사탕,Quick Candy,8ad201e80244f630ab5a46922ab72fb79c5ad4f4
global,966,げんきのアメＬ,기력의사탕L,Health Candy L,8ad201e80244f630ab5a46922ab72fb79c5ad4f4
global,967,ちからのアメＬ,힘의사탕L,Mighty Candy L,8ad201e80244f630ab5a46922ab72fb79c5ad4f4
global,968,まもりのアメＬ,수비의사탕L,Tough Candy L,8ad201e80244f630ab5a46922ab72fb79c5ad4f4
global,969,ちしきのアメＬ,지식의사탕L,Smart Candy L,8ad201e80244f630ab5a46922ab72fb79c5ad4f4
global,970,こころのアメＬ,마음의사탕L,Courage Candy L,8ad201e80244f630ab5a46922ab72fb79c5ad4f4
global,971,はやさのアメＬ,속도의사탕L,Quick Candy L,8ad201e80244f630ab5a46922ab72fb79c5ad4f4
global,972,げんきのアメＸＬ,기력의사탕XL,Health Candy XL,8ad201e80244f630ab5a46922ab72fb79c5ad4f4
global,973,ちからのアメＸＬ,힘의사탕XL,Mighty Candy XL,8ad201e80244f630ab5a46922ab72fb79c5ad4f4
global,974,まもりのアメＸＬ,수비의사탕XL,Tough Candy XL,8ad201e80244f630ab5a46922ab72fb79c5ad4f4
global,975,ちしきのアメＸＬ,지식의사탕XL,Smart Candy XL,8ad201e80244f630ab5a46922ab72fb79c5ad4f4
global,976,こころのアメＸＬ,마음의사탕XL,Courage Candy XL,8ad201e80244f630ab5a46922ab72fb79c5ad4f4
global,977,はやさのアメＸＬ,속도의사탕XL,Quick Candy XL,8ad201e80244f630ab5a46922ab72fb79c5ad4f4
global,978,フシギダネのアメ,이상해씨의사탕,Bulbasaur Candy,8ad201e80244f630ab5a46922ab72fb79c5ad4f4
global,979,ヒトカゲのアメ,파이리의사탕,Charmander Candy,8ad201e80244f630ab5a46922ab72fb79c5ad4f4
global,980,ゼニガメのアメ,꼬부기의사탕,Squirtle Candy,8ad201e80244f630ab5a46922ab72fb79c5ad4f4
global,981,キャタピーのアメ,캐터피의사탕,Caterpie Candy,8ad201e80244f630ab5a46922ab72fb79c5ad4f4
global,982,ビードルのアメ,뿔충이의사탕,Weedle Candy,8ad201e80244f630ab5a46922ab72fb79c5ad4f4
global,983,ポッポのアメ,구구의사탕,Pidgey Candy,8ad201e80244f630ab5a46922ab72fb79c5ad4f4
global,984,コラッタのアメ,꼬렛의사탕,Rattata Candy,8ad201e80244f630ab5a46922ab72fb79c5ad4f4
global,985,オニスズメのアメ,깨비참의사탕,Spearow Candy,8ad201e80244f630ab5a46922ab72fb79c5ad4f4
global,986,アーボのアメ,아보의사탕,Ekans Candy,8ad201e80244f630ab5a46922ab72fb79c5ad4f4
global,987,ピカチュウのアメ,피카츄의사탕,Pikachu Candy,8ad201e80244f630ab5a46922ab72fb79c5ad4f4
global,988,サンドのアメ,모래두지의사탕,Sandshrew Candy,8ad201e80244f630ab5a46922ab72fb79c5ad4f4
global,989,ニドラン♀のアメ,니드런♀의사탕,Nidoran♀ Candy,8ad201e80244f630ab5a46922ab72fb79c5ad4f4
global,990,ニドラン♂のアメ,니드런♂의사탕,Nidoran♂ Candy,8ad201e80244f630ab5a46922ab72fb79c5ad4f4
global,991,ピッピのアメ,삐삐의사탕,Clefairy Candy,8ad201e80244f630ab5a46922ab72fb79c5ad4f4
global,992,ロコンのアメ,식스테일의사탕,Vulpix Candy,8ad201e80244f630ab5a46922ab72fb79c5ad4f4
global,993,プリンのアメ,푸린의사탕,Jigglypuff Candy,8ad201e80244f630ab5a46922ab72fb79c5ad4f4
global,994,ズバットのアメ,주뱃의사탕,Zubat Candy,8ad201e80244f630ab5a46922ab72fb79c5ad4f4
global,995,ナゾノクサのアメ,뚜벅쵸의사탕,Oddish Candy,8ad201e80244f630ab5a46922ab72fb79c5ad4f4
global,996,パラスのアメ,파라스의사탕,Paras Candy,8ad201e80244f630ab5a46922ab72fb79c5ad4f4
global,997,コンパンのアメ,콘팡의사탕,Venonat Candy,8ad201e80244f630ab5a46922ab72fb79c5ad4f4
global,998,ディグダのアメ,디그다의사탕,Diglett Candy,8ad201e80244f630ab5a46922ab72fb79c5ad4f4
global,999,ニャースのアメ,나옹의사탕,Meowth Candy,8ad201e80244f630ab5a46922ab72fb79c5ad4f4
global,1000,コダックのアメ,고라파덕의사탕,Psyduck Candy,8ad201e80244f630ab5a46922ab72fb79c5ad4f4
global,1001,マンキーのアメ,망키의사탕,Mankey Candy,8ad201e80244f630ab5a46922ab72fb79c5ad4f4
global,1002,ガーディのアメ,가디의사탕,Growlithe Candy,8ad201e80244f630ab5a46922ab72fb79c5ad4f4
global,1003,ニョロモのアメ,발챙이의사탕,Poliwag Candy,8ad201e80244f630ab5a46922ab72fb79c5ad4f4
global,1004,ケーシィのアメ,캐이시의사탕,Abra Candy,8ad201e80244f630ab5a46922ab72fb79c5ad4f4
global,1005,ワンリキーのアメ,알통몬의사탕,Machop Candy,8ad201e80244f630ab5a46922ab72fb79c5ad4f4
global,1006,マダツボミのアメ,모다피의사탕,Bellsprout Candy,8ad201e80244f630ab5a46922ab72fb79c5ad4f4
global,1007,メノクラゲのアメ,왕눈해의사탕,Tentacool Candy,8ad201e80244f630ab5a46922ab72fb79c5ad4f4
global,1008,イシツブテのアメ,꼬마돌의사탕,Geodude Candy,8ad201e80244f630ab5a46922ab72fb79c5ad4f4
global,1009,ポニータのアメ,포니타의사탕,Ponyta Candy,8ad201e80244f630ab5a46922ab72fb79c5ad4f4
global,1010,ヤドンのアメ,야돈의사탕,Slowpoke Candy,8ad201e80244f630ab5a46922ab72fb79c5ad4f4
global,1011,コイルのアメ,코일의사탕,Magnemite Candy,8ad201e80244f630ab5a46922ab72fb79c5ad4f4
global,1012,カモネギのアメ,파오리의사탕,Farfetch’d Candy,8ad201e80244f630ab5a46922ab72fb79c5ad4f4
global,1013,ドードーのアメ,두두의사탕,Doduo Candy,8ad201e80244f630ab5a46922ab72fb79c5ad4f4
global,1014,パウワウのアメ,쥬쥬의사탕,Seel Candy,8ad201e80244f630ab5a46922ab72fb79c5ad4f4
global,1015,ベトベターのアメ,질퍽이의사탕,Grimer Candy,8ad201e80244f630ab5a46922ab72fb79c5ad4f4
global,1016,シェルダーのアメ,셀러의사탕,Shellder Candy,8ad201e80244f630ab5a46922ab72fb79c5ad4f4
global,1017,ゴースのアメ,고오스의사탕,Gastly Candy,8ad201e80244f630ab5a46922ab72fb79c5ad4f4
global,1018,イワークのアメ,롱스톤의사탕,Onix Candy,8ad201e80244f630ab5a46922ab72fb79c5ad4f4
global,1019,スリープのアメ,슬리프의사탕,Drowzee Candy,8ad201e80244f630ab5a46922ab72fb79c5ad4f4
global,1020,クラブのアメ,크랩의사탕,Krabby Candy,8ad201e80244f630ab5a46922ab72fb79c5ad4f4
global,1021,ビリリダマのアメ,찌리리공의사탕,Voltorb Candy,8ad201e80244f630ab5a46922ab72fb79c5ad4f4
global,1022,タマタマのアメ,아라리의사탕,Exeggcute Candy,8ad201e80244f630ab5a46922ab72fb79c5ad4f4
global,1023,カラカラのアメ,탕구리의사탕,Cubone Candy,8ad201e80244f630ab5a46922ab72fb79c5ad4f4
global,1024,サワムラーのアメ,시라소몬의사탕,Hitmonlee Candy,8ad201e80244f630ab5a46922ab72fb79c5ad4f4
global,1025,エビワラーのアメ,홍수몬의사탕,Hitmonchan Candy,8ad201e80244f630ab5a46922ab72fb79c5ad4f4
global,1026,ベロリンガのアメ,내루미의사탕,Lickitung Candy,8ad201e80244f630ab5a46922ab72fb79c5ad4f4
global,1027,ドガースのアメ,또가스의사탕,Koffing Candy,8ad201e80244f630ab5a46922ab72fb79c5ad4f4
global,1028,サイホーンのアメ,뿔카노의사탕,Rhyhorn Candy,8ad201e80244f630ab5a46922ab72fb79c5ad4f4
global,1029,ラッキーのアメ,럭키의사탕,Chansey Candy,8ad201e80244f630ab5a46922ab72fb79c5ad4f4
global,1030,モンジャラのアメ,덩쿠리의사탕,Tangela Candy,8ad201e80244f630ab5a46922ab72fb79c5ad4f4
global,1031,ガルーラのアメ,캥카의사탕,Kangaskhan Candy,8ad201e80244f630ab5a46922ab72fb79c5ad4f4
global,1032,タッツーのアメ,쏘드라의사탕,Horsea Candy,8ad201e80244f630ab5a46922ab72fb79c5ad4f4
global,1033,トサキントのアメ,콘치의사탕,Goldeen Candy,8ad201e80244f630ab5a46922ab72fb79c5ad4f4
global,1034,ヒトデマンのアメ,별가사리의사탕,Staryu Candy,8ad201e80244f630ab5a46922ab72fb79c5ad4f4
global,1035,バリヤードのアメ,마임맨의사탕,Mr. Mime Candy,8ad201e80244f630ab5a46922ab72fb79c5ad4f4
global,1036,ストライクのアメ,스라크의사탕,Scyther Candy,8ad201e80244f630ab5a46922ab72fb79c5ad4f4
global,1037,ルージュラのアメ,루주라의사탕,Jynx Candy,8ad201e80244f630ab5a46922ab72fb79c5ad4f4
global,1038,エレブーのアメ,에레브의사탕,Electabuzz Candy,8ad201e80244f630ab5a46922ab72fb79c5ad4f4
global,1039,カイロスのアメ,쁘사이저의사탕,Pinsir Candy,8ad201e80244f630ab5a46922ab72fb79c5ad4f4
global,1040,ケンタロスのアメ,켄타로스의사탕,Tauros Candy,8ad201e80244f630ab5a46922ab72fb79c5ad4f4
global,1041,コイキングのアメ,잉어킹의사탕,Magikarp Candy,8ad201e80244f630ab5a46922ab72fb79c5ad4f4
global,1042,ラプラスのアメ,라프라스의사탕,Lapras Candy,8ad201e80244f630ab5a46922ab72fb79c5ad4f4
global,1043,メタモンのアメ,메타몽의사탕,Ditto Candy,8ad201e80244f630ab5a46922ab72fb79c5ad4f4
global,1044,イーブイのアメ,이브이의사탕,Eevee Candy,8ad201e80244f630ab5a46922ab72fb79c5ad4f4
global,1045,ポリゴンのアメ,폴리곤의사탕,Porygon Candy,8ad201e80244f630ab5a46922ab72fb79c5ad4f4
global,1046,オムナイトのアメ,암나이트의사탕,Omanyte Candy,8ad201e80244f630ab5a46922ab72fb79c5ad4f4
global,1047,カブトのアメ,투구의사탕,Kabuto Candy,8ad201e80244f630ab5a46922ab72fb79c5ad4f4
global,1048,プテラのアメ,프테라의사탕,Aerodactyl Candy,8ad201e80244f630ab5a46922ab72fb79c5ad4f4
global,1049,カビゴンのアメ,잠만보의사탕,Snorlax Candy,8ad201e80244f630ab5a46922ab72fb79c5ad4f4
global,1050,フリーザーのアメ,프리져의사탕,Articuno Candy,8ad201e80244f630ab5a46922ab72fb79c5ad4f4
global,1051,サンダーのアメ,썬더의사탕,Zapdos Candy,8ad201e80244f630ab5a46922ab72fb79c5ad4f4
global,1052,ファイヤーのアメ,파이어의사탕,Moltres Candy,8ad201e80244f630ab5a46922ab72fb79c5ad4f4
global,1053,ミニリュウのアメ,미뇽의사탕,Dratini Candy,8ad201e80244f630ab5a46922ab72fb79c5ad4f4
global,1054,ミュウツーのアメ,뮤츠의사탕,Mewtwo Candy,8ad201e80244f630ab5a46922ab72fb79c5ad4f4
global,1055,ミュウのアメ,뮤의사탕,Mew Candy,8ad201e80244f630ab5a46922ab72fb79c5ad4f4
global,1056,メルタンのアメ,멜탄의사탕,Meltan Candy,8ad201e80244f630ab5a46922ab72fb79c5ad4f4
global,1057,ブーバーのアメ,마그마의사탕,Magmar Candy,8ad201e80244f630ab5a46922ab72fb79c5ad4f4
global,1058,？？？,???,???,8ad201e80244f630ab5a46922ab72fb79c5ad4f4
global,1059,？？？,???,???,8ad201e80244f630ab5a46922ab72fb79c5ad4f4
global,1060,？？？,???,???,8ad201e80244f630ab5a46922ab72fb79c5ad4f4
global,1061,？？？,???,???,8ad201e80244f630ab5a46922ab72fb79c5ad4f4
global,1062,？？？,???,???,8ad201e80244f630ab5a46922ab72fb79c5ad4f4
global,1063,？？？,???,???,8ad201e80244f630ab5a46922ab72fb79c5ad4f4
global,1064,？？？,???,???,8ad201e80244f630ab5a46922ab72fb79c5ad4f4
global,1065,？？？,???,???,8ad201e80244f630ab5a46922ab72fb79c5ad4f4
global,1066,？？？,???,???,8ad201e80244f630ab5a46922ab72fb79c5ad4f4
global,1067,？？？,???,???,8ad201e80244f630ab5a46922ab72fb79c5ad4f4
global,1068,？？？,???,???,8ad201e80244f630ab5a46922ab72fb79c5ad4f4
global,1069,？？？,???,???,8ad201e80244f630ab5a46922ab72fb79c5ad4f4
global,1070,？？？,???,???,8ad201e80244f630ab5a46922ab72fb79c5ad4f4
global,1071,？？？,???,???,8ad201e80244f630ab5a46922ab72fb79c5ad4f4
global,1072,？？？,???,???,8ad201e80244f630ab5a46922ab72fb79c5ad4f4
global,1073,？？？,???,???,8ad201e80244f630ab5a46922ab72fb79c5ad4f4
global,1074,すいせんじょう,추천장,Endorsement,8ad201e80244f630ab5a46922ab72fb79c5ad4f4
global,1075,ポケモンボックス,포켓몬 박스,Pokémon Box Link,8ad201e80244f630ab5a46922ab72fb79c5ad4f4
global,1076,ねがいぼし,소원의별,Wishing Star,8ad201e80244f630ab5a46922ab72fb79c5ad4f4
global,1077,ダイマックスＢ,다이맥스 밴드,Dynamax Band,8ad201e80244f630ab5a46922ab72fb79c5ad4f4
global,1078,？？？,???,???,8ad201e80244f630ab5a46922ab72fb79c5ad4f4
global,1079,？？？,???,???,8ad201e80244f630ab5a46922ab72fb79c5ad4f4
global,1080,つりざお,낚싯대,Fishing Rod,8ad201e80244f630ab5a46922ab72fb79c5ad4f4
global,1081,ロトムじてんしゃ,로토무자전거,Rotom Bike,8ad201e80244f630ab5a46922ab72fb79c5ad4f4
global,1082,？？？,???,???,8ad201e80244f630ab5a46922ab72fb79c5ad4f4
global,1083,？？？,???,???,8ad201e80244f630ab5a46922ab72fb79c5ad4f4
global,1084,あらびきヴルスト,탱글탱글부어스트,Sausages,8ad201e80244f630ab5a46922ab72fb79c5ad4f4
global,1085,ボブのかんづめ,밥의통조림,Bob’s Food Tin,8ad201e80244f630ab5a46922ab72fb79c5ad4f4
global,1086,バックのかんづめ,바크의통조림,Bach’s Food Tin,8ad201e80244f630ab5a46922ab72fb79c5ad4f4
global,1087,マメかん,콩통조림,Tin of Beans,8ad201e80244f630ab5a46922ab72fb79c5ad4f4
global,1088,しょくパン,식빵,Bread,8ad201e80244f630ab5a46922ab72fb79c5ad4f4
global,1089,パスタ,파스타,Pasta,8ad201e80244f630ab5a46922ab72fb79c5ad4f4
global,1090,キノコパック,버섯팩,Mixed Mushrooms,8ad201e80244f630ab5a46922ab72fb79c5ad4f4
global,1091,しっぽのくんせい,꼬리훈제,Smoke-Poke Tail,8ad201e80244f630ab5a46922ab72fb79c5ad4f4
global,1092,ふといながねぎ,굵은대파,Large Leek,8ad201e80244f630ab5a46922ab72fb79c5ad4f4
global,1093,とくせんリンゴ,특선사과,Fancy Apple,8ad201e80244f630ab5a46922ab72fb79c5ad4f4
global,1094,かぼそいホネ,가느다란뼈,Brittle Bones,8ad201e80244f630ab5a46922ab72fb79c5ad4f4
global,1095,ポテトパック,포테이토팩,Pack of Potatoes,8ad201e80244f630ab5a46922ab72fb79c5ad4f4
global,1096,みずべのハーブ,물가허브팩,Pungent Root,8ad201e80244f630ab5a46922ab72fb79c5ad4f4
global,1097,やさいパック,채소팩,Salad Mix,8ad201e80244f630ab5a46922ab72fb79c5ad4f4
global,1098,フライもりあわせ,모둠튀김,Fried Food,8ad201e80244f630ab5a46922ab72fb79c5ad4f4
global,1099,ゆでタマゴ,삶은알,Boiled Egg,8ad201e80244f630ab5a46922ab72fb79c5ad4f4
global,1100,キャンプセット,캠프세트,Camping Gear,8ad201e80244f630ab5a46922ab72fb79c5ad4f4
global,1101,？？？,???,???,8ad201e80244f630ab5a46922ab72fb79c5ad4f4
global,1102,？？？,???,???,8ad201e80244f630ab5a46922ab72fb79c5ad4f4
global,1103,くちたけん,녹슨검,Rusted Sword,8ad201e80244f630ab5a46922ab72fb79c5ad4f4
global,1104,くちたたて,녹슨방패,Rusted Shield,8ad201e80244f630ab5a46922ab72fb79c5ad4f4
global,1105,カセキのトリ,화석새,Fossilized Bird,8ad201e80244f630ab5a46922ab72fb79c5ad4f4
global,1106,カセキのサカナ,화석물고기,Fossilized Fish,8ad201e80244f630ab5a46922ab72fb79c5ad4f4
global,1107,カセキのリュウ,화석용,Fossilized Drake,8ad201e80244f630ab5a46922ab72fb79c5ad4f4
global,1108,カセキのクビナガ,화석긴목,Fossilized Dino,8ad201e80244f630ab5a46922ab72fb79c5ad4f4
global,1109,いちごアメざいく,딸기사탕공예,Strawberry Sweet,8ad201e80244f630ab5a46922ab72fb79c5ad4f4
global,1110,ハートアメざいく,하트사탕공예,Love Sweet,8ad201e80244f630ab5a46922ab72fb79c5ad4f4
global,1111,ベリーアメざいく,베리사탕공예,Berry Sweet,8ad201e80244f630ab5a46922ab72fb79c5ad4f4
global,1112,よつばアメざいく,네잎사탕공예,Clover Sweet,8ad201e80244f630ab5a46922ab72fb79c5ad4f4
global,1113,おはなアメざいく,꽃사탕공예,Flower Sweet,8ad201e80244f630ab5a46922ab72fb79c5ad4f4
global,1114,スターアメざいく,스타사탕공예,Star Sweet,8ad201e80244f630ab5a46922ab72fb79c5ad4f4
global,1115,リボンアメざいく,리본사탕공예,Ribbon Sweet,8ad201e80244f630ab5a46922ab72fb79c5ad4f4
global,1116,あまーいりんご,달콤한사과,Sweet Apple,8ad201e80244f630ab5a46922ab72fb79c5ad4f4
global,1117,すっぱいりんご,새콤한사과,Tart Apple,8ad201e80244f630ab5a46922ab72fb79c5ad4f4
global,1118,のどスプレー,목스프레이,Throat Spray,8ad201e80244f630ab5a46922ab72fb79c5ad4f4
global,1119,だっしゅつパック,탈출팩,Eject Pack,8ad201e80244f630ab5a46922ab72fb79c5ad4f4
global,1120,あつぞこブーツ,통굽부츠,Heavy-Duty Boots,8ad201e80244f630ab5a46922ab72fb79c5ad4f4
global,1121,からぶりほけん,허탕보험,Blunder Policy,8ad201e80244f630ab5a46922ab72fb79c5ad4f4
global,1122,ルームサービス,룸서비스,Room Service,8ad201e80244f630ab5a46922ab72fb79c5ad4f4
global,1123,ばんのうがさ,만능우산,Utility Umbrella,8ad201e80244f630ab5a46922ab72fb79c5ad4f4
global,1124,けいけんアメＸＳ,경험사탕XS,Exp. Candy XS,8ad201e80244f630ab5a46922ab72fb79c5ad4f4
global,1125,けいけんアメＳ,경험사탕S,Exp. Candy S,8ad201e80244f630ab5a46922ab72fb79c5ad4f4
global,1126,けいけんアメＭ,경험사탕M,Exp. Candy M,8ad201e80244f630ab5a46922ab72fb79c5ad4f4
global,1127,けいけんアメＬ,경험사탕L,Exp. Candy L,8ad201e80244f630ab5a46922ab72fb79c5ad4f4
global,1128,けいけんアメＸＬ,경험사탕XL,Exp. Candy XL,8ad201e80244f630ab5a46922ab72fb79c5ad4f4
global,1129,ダイマックスアメ,다이맥스사탕,Dynamax Candy,8ad201e80244f630ab5a46922ab72fb79c5ad4f4
global,1130,わざレコード００,기술레코드00,TR00,8ad201e80244f630ab5a46922ab72fb79c5ad4f4
global,1131,わざレコード０１,기술레코드01,TR01,8ad201e80244f630ab5a46922ab72fb79c5ad4f4
global,1132,わざレコード０２,기술레코드02,TR02,8ad201e80244f630ab5a46922ab72fb79c5ad4f4
global,1133,わざレコード０３,기술레코드03,TR03,8ad201e80244f630ab5a46922ab72fb79c5ad4f4
global,1134,わざレコード０４,기술레코드04,TR04,8ad201e80244f630ab5a46922ab72fb79c5ad4f4
global,1135,わざレコード０５,기술레코드05,TR05,8ad201e80244f630ab5a46922ab72fb79c5ad4f4
global,1136,わざレコード０６,기술레코드06,TR06,8ad201e80244f630ab5a46922ab72fb79c5ad4f4
global,1137,わざレコード０７,기술레코드07,TR07,8ad201e80244f630ab5a46922ab72fb79c5ad4f4
global,1138,わざレコード０８,기술레코드08,TR08,8ad201e80244f630ab5a46922ab72fb79c5ad4f4
global,1139,わざレコード０９,기술레코드09,TR09,8ad201e80244f630ab5a46922ab72fb79c5ad4f4
global,1140,わざレコード１０,기술레코드10,TR10,8ad201e80244f630ab5a46922ab72fb79c5ad4f4
global,1141,わざレコード１１,기술레코드11,TR11,8ad201e80244f630ab5a46922ab72fb79c5ad4f4
global,1142,わざレコード１２,기술레코드12,TR12,8ad201e80244f630ab5a46922ab72fb79c5ad4f4
global,1143,わざレコード１３,기술레코드13,TR13,8ad201e80244f630ab5a46922ab72fb79c5ad4f4
global,1144,わざレコード１４,기술레코드14,TR14,8ad201e80244f630ab5a46922ab72fb79c5ad4f4
global,1145,わざレコード１５,기술레코드15,TR15,8ad201e80244f630ab5a46922ab72fb79c5ad4f4
global,1146,わざレコード１６,기술레코드16,TR16,8ad201e80244f630ab5a46922ab72fb79c5ad4f4
global,1147,わざレコード１７,기술레코드17,TR17,8ad201e80244f630ab5a46922ab72fb79c5ad4f4
global,1148,わざレコード１８,기술레코드18,TR18,8ad201e80244f630ab5a46922ab72fb79c5ad4f4
global,1149,わざレコード１９,기술레코드19,TR19,8ad201e80244f630ab5a46922ab72fb79c5ad4f4
global,1150,わざレコード２０,기술레코드20,TR20,8ad201e80244f630ab5a46922ab72fb79c5ad4f4
global,1151,わざレコード２１,기술레코드21,TR21,8ad201e80244f630ab5a46922ab72fb79c5ad4f4
global,1152,わざレコード２２,기술레코드22,TR22,8ad201e80244f630ab5a46922ab72fb79c5ad4f4
global,1153,わざレコード２３,기술레코드23,TR23,8ad201e80244f630ab5a46922ab72fb79c5ad4f4
global,1154,わざレコード２４,기술레코드24,TR24,8ad201e80244f630ab5a46922ab72fb79c5ad4f4
global,1155,わざレコード２５,기술레코드25,TR25,8ad201e80244f630ab5a46922ab72fb79c5ad4f4
global,1156,わざレコード２６,기술레코드26,TR26,8ad201e80244f630ab5a46922ab72fb79c5ad4f4
global,1157,わざレコード２７,기술레코드27,TR27,8ad201e80244f630ab5a46922ab72fb79c5ad4f4
global,1158,わざレコード２８,기술레코드28,TR28,8ad201e80244f630ab5a46922ab72fb79c5ad4f4
global,1159,わざレコード２９,기술레코드29,TR29,8ad201e80244f630ab5a46922ab72fb79c5ad4f4
global,1160,わざレコード３０,기술레코드30,TR30,8ad201e80244f630ab5a46922ab72fb79c5ad4f4
global,1161,わざレコード３１,기술레코드31,TR31,8ad201e80244f630ab5a46922ab72fb79c5ad4f4
global,1162,わざレコード３２,기술레코드32,TR32,8ad201e80244f630ab5a46922ab72fb79c5ad4f4
global,1163,わざレコード３３,기술레코드33,TR33,8ad201e80244f630ab5a46922ab72fb79c5ad4f4
global,1164,わざレコード３４,기술레코드34,TR34,8ad201e80244f630ab5a46922ab72fb79c5ad4f4
global,1165,わざレコード３５,기술레코드35,TR35,8ad201e80244f630ab5a46922ab72fb79c5ad4f4
global,1166,わざレコード３６,기술레코드36,TR36,8ad201e80244f630ab5a46922ab72fb79c5ad4f4
global,1167,わざレコード３７,기술레코드37,TR37,8ad201e80244f630ab5a46922ab72fb79c5ad4f4
global,1168,わざレコード３８,기술레코드38,TR38,8ad201e80244f630ab5a46922ab72fb79c5ad4f4
global,1169,わざレコード３９,기술레코드39,TR39,8ad201e80244f630ab5a46922ab72fb79c5ad4f4
global,1170,わざレコード４０,기술레코드40,TR40,8ad201e80244f630ab5a46922ab72fb79c5ad4f4
global,1171,わざレコード４１,기술레코드41,TR41,8ad201e80244f630ab5a46922ab72fb79c5ad4f4
global,1172,わざレコード４２,기술레코드42,TR42,8ad201e80244f630ab5a46922ab72fb79c5ad4f4
global,1173,わざレコード４３,기술레코드43,TR43,8ad201e80244f630ab5a46922ab72fb79c5ad4f4
global,1174,わざレコード４４,기술레코드44,TR44,8ad201e80244f630ab5a46922ab72fb79c5ad4f4
global,1175,わざレコード４５,기술레코드45,TR45,8ad201e80244f630ab5a46922ab72fb79c5ad4f4
global,1176,わざレコード４６,기술레코드46,TR46,8ad201e80244f630ab5a46922ab72fb79c5ad4f4
global,1177,わざレコード４７,기술레코드47,TR47,8ad201e80244f630ab5a46922ab72fb79c5ad4f4
global,1178,わざレコード４８,기술레코드48,TR48,8ad201e80244f630ab5a46922ab72fb79c5ad4f4
global,1179,わざレコード４９,기술레코드49,TR49,8ad201e80244f630ab5a46922ab72fb79c5ad4f4
global,1180,わざレコード５０,기술레코드50,TR50,8ad201e80244f630ab5a46922ab72fb79c5ad4f4
global,1181,わざレコード５１,기술레코드51,TR51,8ad201e80244f630ab5a46922ab72fb79c5ad4f4
global,1182,わざレコード５２,기술레코드52,TR52,8ad201e80244f630ab5a46922ab72fb79c5ad4f4
global,1183,わざレコード５３,기술레코드53,TR53,8ad201e80244f630ab5a46922ab72fb79c5ad4f4
global,1184,わざレコード５４,기술레코드54,TR54,8ad201e80244f630ab5a46922ab72fb79c5ad4f4
global,1185,わざレコード５５,기술레코드55,TR55,8ad201e80244f630ab5a46922ab72fb79c5ad4f4
global,1186,わざレコード５６,기술레코드56,TR56,8ad201e80244f630ab5a46922ab72fb79c5ad4f4
global,1187,わざレコード５７,기술레코드57,TR57,8ad201e80244f630ab5a46922ab72fb79c5ad4f4
global,1188,わざレコード５８,기술레코드58,TR58,8ad201e80244f630ab5a46922ab72fb79c5ad4f4
global,1189,わざレコード５９,기술레코드59,TR59,8ad201e80244f630ab5a46922ab72fb79c5ad4f4
global,1190,わざレコード６０,기술레코드60,TR60,8ad201e80244f630ab5a46922ab72fb79c5ad4f4
global,1191,わざレコード６１,기술레코드61,TR61,8ad201e80244f630ab5a46922ab72fb79c5ad4f4
global,1192,わざレコード６２,기술레코드62,TR62,8ad201e80244f630ab5a46922ab72fb79c5ad4f4
global,1193,わざレコード６３,기술레코드63,TR63,8ad201e80244f630ab5a46922ab72fb79c5ad4f4
global,1194,わざレコード６４,기술레코드64,TR64,8ad201e80244f630ab5a46922ab72fb79c5ad4f4
global,1195,わざレコード６５,기술레코드65,TR65,8ad201e80244f630ab5a46922ab72fb79c5ad4f4
global,1196,わざレコード６６,기술레코드66,TR66,8ad201e80244f630ab5a46922ab72fb79c5ad4f4
global,1197,わざレコード６７,기술레코드67,TR67,8ad201e80244f630ab5a46922ab72fb79c5ad4f4
global,1198,わざレコード６８,기술레코드68,TR68,8ad201e80244f630ab5a46922ab72fb79c5ad4f4
global,1199,わざレコード６９,기술레코드69,TR69,8ad201e80244f630ab5a46922ab72fb79c5ad4f4
global,1200,わざレコード７０,기술레코드70,TR70,8ad201e80244f630ab5a46922ab72fb79c5ad4f4
global,1201,わざレコード７１,기술레코드71,TR71,8ad201e80244f630ab5a46922ab72fb79c5ad4f4
global,1202,わざレコード７２,기술레코드72,TR72,8ad201e80244f630ab5a46922ab72fb79c5ad4f4
global,1203,わざレコード７３,기술레코드73,TR73,8ad201e80244f630ab5a46922ab72fb79c5ad4f4
global,1204,わざレコード７４,기술레코드74,TR74,8ad201e80244f630ab5a46922ab72fb79c5ad4f4
global,1205,わざレコード７５,기술레코드75,TR75,8ad201e80244f630ab5a46922ab72fb79c5ad4f4
global,1206,わざレコード７６,기술레코드76,TR76,8ad201e80244f630ab5a46922ab72fb79c5ad4f4
global,1207,わざレコード７７,기술레코드77,TR77,8ad201e80244f630ab5a46922ab72fb79c5ad4f4
global,1208,わざレコード７８,기술레코드78,TR78,8ad201e80244f630ab5a46922ab72fb79c5ad4f4
global,1209,わざレコード７９,기술레코드79,TR79,8ad201e80244f630ab5a46922ab72fb79c5ad4f4
global,1210,わざレコード８０,기술레코드80,TR80,8ad201e80244f630ab5a46922ab72fb79c5ad4f4
global,1211,わざレコード８１,기술레코드81,TR81,8ad201e80244f630ab5a46922ab72fb79c5ad4f4
global,1212,わざレコード８２,기술레코드82,TR82,8ad201e80244f630ab5a46922ab72fb79c5ad4f4
global,1213,わざレコード８３,기술레코드83,TR83,8ad201e80244f630ab5a46922ab72fb79c5ad4f4
global,1214,わざレコード８４,기술레코드84,TR84,8ad201e80244f630ab5a46922ab72fb79c5ad4f4
global,1215,わざレコード８５,기술레코드85,TR85,8ad201e80244f630ab5a46922ab72fb79c5ad4f4
global,1216,わざレコード８６,기술레코드86,TR86,8ad201e80244f630ab5a46922ab72fb79c5ad4f4
global,1217,わざレコード８７,기술레코드87,TR87,8ad201e80244f630ab5a46922ab72fb79c5ad4f4
global,1218,わざレコード８８,기술레코드88,TR88,8ad201e80244f630ab5a46922ab72fb79c5ad4f4
global,1219,わざレコード８９,기술레코드89,TR89,8ad201e80244f630ab5a46922ab72fb79c5ad4f4
global,1220,わざレコード９０,기술레코드90,TR90,8ad201e80244f630ab5a46922ab72fb79c5ad4f4
global,1221,わざレコード９１,기술레코드91,TR91,8ad201e80244f630ab5a46922ab72fb79c5ad4f4
global,1222,わざレコード９２,기술레코드92,TR92,8ad201e80244f630ab5a46922ab72fb79c5ad4f4
global,1223,わざレコード９３,기술레코드93,TR93,8ad201e80244f630ab5a46922ab72fb79c5ad4f4
global,1224,わざレコード９４,기술레코드94,TR94,8ad201e80244f630ab5a46922ab72fb79c5ad4f4
global,1225,わざレコード９５,기술레코드95,TR95,8ad201e80244f630ab5a46922ab72fb79c5ad4f4
global,1226,わざレコード９６,기술레코드96,TR96,8ad201e80244f630ab5a46922ab72fb79c5ad4f4
global,1227,わざレコード９７,기술레코드97,TR97,8ad201e80244f630ab5a46922ab72fb79c5ad4f4
global,1228,わざレコード９８,기술레코드98,TR98,8ad201e80244f630ab5a46922ab72fb79c5ad4f4
global,1229,わざレコード９９,기술레코드99,TR99,8ad201e80244f630ab5a46922ab72fb79c5ad4f4
global,1230,わざマシン００,기술머신00,TM00,8ad201e80244f630ab5a46922ab72fb79c5ad4f4
global,1231,さみしがりミント,외로움민트,Lonely Mint,8ad201e80244f630ab5a46922ab72fb79c5ad4f4
global,1232,いじっぱりミント,고집민트,Adamant Mint,8ad201e80244f630ab5a46922ab72fb79c5ad4f4
global,1233,やんちゃミント,개구쟁이민트,Naughty Mint,8ad201e80244f630ab5a46922ab72fb79c5ad4f4
global,1234,ゆうかんミント,용감민트,Brave Mint,8ad201e80244f630ab5a46922ab72fb79c5ad4f4
global,1235,ずぶといミント,대담민트,Bold Mint,8ad201e80244f630ab5a46922ab72fb79c5ad4f4
global,1236,わんぱくミント,장난꾸러기민트,Impish Mint,8ad201e80244f630ab5a46922ab72fb79c5ad4f4
global,1237,のうてんきミント,촐랑민트,Lax Mint,8ad201e80244f630ab5a46922ab72fb79c5ad4f4
global,1238,のんきミント,무사태평민트,Relaxed Mint,8ad201e80244f630ab5a46922ab72fb79c5ad4f4
global,1239,ひかえめミント,조심민트,Modest Mint,8ad201e80244f630ab5a46922ab72fb79c5ad4f4
global,1240,おっとりミント,의젓민트,Mild Mint,8ad201e80244f630ab5a46922ab72fb79c5ad4f4
global,1241,うっかりやミント,덜렁민트,Rash Mint,8ad201e80244f630ab5a46922ab72fb79c5ad4f4
global,1242,れいせいミント,냉정민트,Quiet Mint,8ad201e80244f630ab5a46922ab72fb79c5ad4f4
global,1243,おだやかミント,차분민트,Calm Mint,8ad201e80244f630ab5a46922ab72fb79c5ad4f4
global,1244,おとなしいミント,얌전민트,Gentle Mint,8ad201e80244f630ab5a46922ab72fb79c5ad4f4
global,1245,しんちょうミント,신중민트,Careful Mint,8ad201e80244f630ab5a46922ab72fb79c5ad4f4
global,1246,なまいきミント,건방민트,Sassy Mint,8ad201e80244f630ab5a46922ab72fb79c5ad4f4
global,1247,おくびょうミント,겁쟁이민트,Timid Mint,8ad201e80244f630ab5a46922ab72fb79c5ad4f4
global,1248,せっかちミント,성급민트,Hasty Mint,8ad201e80244f630ab5a46922ab72fb79c5ad4f4
global,1249,ようきミント,명랑민트,Jolly Mint,8ad201e80244f630ab5a46922ab72fb79c5ad4f4
global,1250,むじゃきミント,천진난만민트,Naive Mint,8ad201e80244f630ab5a46922ab72fb79c5ad4f4
global,1251,まじめミント,성실민트,Serious Mint,8ad201e80244f630ab5a46922ab72fb79c5ad4f4
global,1252,ねがいのかたまり,소원의덩어리,Wishing Piece,8ad201e80244f630ab5a46922ab72fb79c5ad4f4
global,1253,われたポット,깨진포트,Cracked Pot,8ad201e80244f630ab5a46922ab72fb79c5ad4f4
global,1254,かけたポット,이빠진포트,Chipped Pot,8ad201e80244f630ab5a46922ab72fb79c5ad4f4
global,1255,すごいみみせん,대단한귀마개,Hi-tech Earbuds,8ad201e80244f630ab5a46922ab72fb79c5ad4f4
global,1256,フサパック,송이팩,Fruit Bunch,8ad201e80244f630ab5a46922ab72fb79c5ad4f4
global,1257,モーモーチーズ,튼튼치즈,Moomoo Cheese,8ad201e80244f630ab5a46922ab72fb79c5ad4f4
global,1258,スパイスセット,스파이스세트,Spice Mix,8ad201e80244f630ab5a46922ab72fb79c5ad4f4
global,1259,しんせんクリーム,신선한크림,Fresh Cream,8ad201e80244f630ab5a46922ab72fb79c5ad4f4
global,1260,レトルトカレー,레토르트카레,Packaged Curry,8ad201e80244f630ab5a46922ab72fb79c5ad4f4
global,1261,ヤシのミルク,야자밀크,Coconut Milk,8ad201e80244f630ab5a46922ab72fb79c5ad4f4
global,1262,レトルトめん,레토르트면,Instant Noodles,8ad201e80244f630ab5a46922ab72fb79c5ad4f4
global,1263,レトルトバーグ,레토르트햄버그,Precooked Burger,8ad201e80244f630ab5a46922ab72fb79c5ad4f4
global,1264,キョダイパウダー,거대파우더,Gigantamix,8ad201e80244f630ab5a46922ab72fb79c5ad4f4
global,1265,ねがいのかけら,소원의조각,Wishing Chip,8ad201e80244f630ab5a46922ab72fb79c5ad4f4
global,1266,ロトムじてんしゃ,로토무자전거,Rotom Bike,8ad201e80244f630ab5a46922ab72fb79c5ad4f4
global,1267,ゆれないおまもり,흔들림없는부적,Catching Charm,8ad201e80244f630ab5a46922ab72fb79c5ad4f4
global,1268,？？？,???,???,8ad201e80244f630ab5a46922ab72fb79c5ad4f4
global,1269,ふるびたてがみ,낡은편지,Old Letter,8ad201e80244f630ab5a46922ab72fb79c5ad4f4
global,1270,バンドのサイン,밴드의사인,Band Autograph,8ad201e80244f630ab5a46922ab72fb79c5ad4f4
global,1271,ソニアのほん,소니아의책,Sonia’s Book,8ad201e80244f630ab5a46922ab72fb79c5ad4f4
global,1272,？？？,???,???,8ad201e80244f630ab5a46922ab72fb79c5ad4f4
global,1273,？？？,???,???,8ad201e80244f630ab5a46922ab72fb79c5ad4f4
global,1274,？？？,???,???,8ad201e80244f630ab5a46922ab72fb79c5ad4f4
global,1275,？？？,???,???,8ad201e80244f630ab5a46922ab72fb79c5ad4f4
global,1276,？？？,???,???,8ad201e80244f630ab5a46922ab72fb79c5ad4f4
global,1277,？？？,???,???,8ad201e80244f630ab5a46922ab72fb79c5ad4f4
global,1278,ロトムのカタログ,로토무카탈로그,Rotom Catalog,8ad201e80244f630ab5a46922ab72fb79c5ad4f4
global,1279,★And458,★And458,★And458,8ad201e80244f630ab5a46922ab72fb79c5ad4f4
global,1280,★And15,★And15,★And15,8ad201e80244f630ab5a46922ab72fb79c5ad4f4
global,1281,★And337,★And337,★And337,8ad201e80244f630ab5a46922ab72fb79c5ad4f4
global,1282,★And603,★And603,★And603,8ad201e80244f630ab5a46922ab72fb79c5ad4f4
global,1283,★And390,★And390,★And390,8ad201e80244f630ab5a46922ab72fb79c5ad4f4
global,1284,★Sgr6879,★Sgr6879,★Sgr6879,8ad201e80244f630ab5a46922ab72fb79c5ad4f4
global,1285,★Sgr6859,★Sgr6859,★Sgr6859,8ad201e80244f630ab5a46922ab72fb79c5ad4f4
global,1286,★Sgr6913,★Sgr6913,★Sgr6913,8ad201e80244f630ab5a46922ab72fb79c5ad4f4
global,1287,★Sgr7348,★Sgr7348,★Sgr7348,8ad201e80244f630ab5a46922ab72fb79c5ad4f4
global,1288,★Sgr7121,★Sgr7121,★Sgr7121,8ad201e80244f630ab5a46922ab72fb79c5ad4f4
global,1289,★Sgr6746,★Sgr6746,★Sgr6746,8ad201e80244f630ab5a46922ab72fb79c5ad4f4
global,1290,★Sgr7194,★Sgr7194,★Sgr7194,8ad201e80244f630ab5a46922ab72fb79c5ad4f4
global,1291,★Sgr7337,★Sgr7337,★Sgr7337,8ad201e80244f630ab5a46922ab72fb79c5ad4f4
global,1292,★Sgr7343,★Sgr7343,★Sgr7343,8ad201e80244f630ab5a46922ab72fb79c5ad4f4
global,1293,★Sgr6812,★Sgr6812,★Sgr6812,8ad201e80244f630ab5a46922ab72fb79c5ad4f4
global,1294,★Sgr7116,★Sgr7116,★Sgr7116,8ad201e80244f630ab5a46922ab72fb79c5ad4f4
global,1295,★Sgr7264,★Sgr7264,★Sgr7264,8ad201e80244f630ab5a46922ab72fb79c5ad4f4
global,1296,★Sgr7597,★Sgr7597,★Sgr7597,8ad201e80244f630ab5a46922ab72fb79c5ad4f4
global,1297,★Del7882,★Del7882,★Del7882,8ad201e80244f630ab5a46922ab72fb79c5ad4f4
global,1298,★Del7906,★Del7906,★Del7906,8ad201e80244f630ab5a46922ab72fb79c5ad4f4
global,1299,★Del7852,★Del7852,★Del7852,8ad201e80244f630ab5a46922ab72fb79c5ad4f4
global,1300,★Psc596,★Psc596,★Psc596,8ad201e80244f630ab5a46922ab72fb79c5ad4f4
global,1301,★Psc361,★Psc361,★Psc361,8ad201e80244f630ab5a46922ab72fb79c5ad4f4
global,1302,★Psc510,★Psc510,★Psc510,8ad201e80244f630ab5a46922ab72fb79c5ad4f4
global,1303,★Psc437,★Psc437,★Psc437,8ad201e80244f630ab5a46922ab72fb79c5ad4f4
global,1304,★Psc8773,★Psc8773,★Psc8773,8ad201e80244f630ab5a46922ab72fb79c5ad4f4
global,1305,★Lep1865,★Lep1865,★Lep1865,8ad201e80244f630ab5a46922ab72fb79c5ad4f4
global,1306,★Lep1829,★Lep1829,★Lep1829,8ad201e80244f630ab5a46922ab72fb79c5ad4f4
global,1307,★Boo5340,★Boo5340,★Boo5340,8ad201e80244f630ab5a46922ab72fb79c5ad4f4
global,1308,★Boo5506,★Boo5506,★Boo5506,8ad201e80244f630ab5a46922ab72fb79c5ad4f4
global,1309,★Boo5435,★Boo5435,★Boo5435,8ad201e80244f630ab5a46922ab72fb79c5ad4f4
global,1310,★Boo5602,★Boo5602,★Boo5602,8ad201e80244f630ab5a46922ab72fb79c5ad4f4
global,1311,★Boo5733,★Boo5733,★Boo5733,8ad201e80244f630ab5a46922ab72fb79c5ad4f4
global,1312,★Boo5235,★Boo5235,★Boo5235,8ad201e80244f630ab5a46922ab72fb79c5ad4f4
global,1313,★Boo5351,★Boo5351,★Boo5351,8ad201e80244f630ab5a46922ab72fb79c5ad4f4
global,1314,★Hya3748,★Hya3748,★Hya3748,8ad201e80244f630ab5a46922ab72fb79c5ad4f4
global,1315,★Hya3903,★Hya3903,★Hya3903,8ad201e80244f630ab5a46922ab72fb79c5ad4f4
global,1316,★Hya3418,★Hya3418,★Hya3418,8ad201e80244f630ab5a46922ab72fb79c5ad4f4
global,1317,★Hya3482,★Hya3482,★Hya3482,8ad201e80244f630ab5a46922ab72fb79c5ad4f4
global,1318,★Hya3845,★Hya3845,★Hya3845,8ad201e80244f630ab5a46922ab72fb79c5ad4f4
global,1319,★Eri1084,★Eri1084,★Eri1084,8ad201e80244f630ab5a46922ab72fb79c5ad4f4
global,1320,★Eri472,★Eri472,★Eri472,8ad201e80244f630ab5a46922ab72fb79c5ad4f4
global,1321,★Eri1666,★Eri1666,★Eri1666,8ad201e80244f630ab5a46922ab72fb79c5ad4f4
global,1322,★Eri897,★Eri897,★Eri897,8ad201e80244f630ab5a46922ab72fb79c5ad4f4
global,1323,★Eri1231,★Eri1231,★Eri1231,8ad201e80244f630ab5a46922ab72fb79c5ad4f4
global,1324,★Eri874,★Eri874,★Eri874,8ad201e80244f630ab5a46922ab72fb79c5ad4f4
global,1325,★Eri1298,★Eri1298,★Eri1298,8ad201e80244f630ab5a46922ab72fb79c5ad4f4
global,1326,★Eri1325,★Eri1325,★Eri1325,8ad201e80244f630ab5a46922ab72fb79c5ad4f4
global,1327,★Eri984,★Eri984,★Eri984,8ad201e80244f630ab5a46922ab72fb79c5ad4f4
global,1328,★Eri1464,★Eri1464,★Eri1464,8ad201e80244f630ab5a46922ab72fb79c5ad4f4
global,1329,★Eri1393,★Eri1393,★Eri1393,8ad201e80244f630ab5a46922ab72fb79c5ad4f4
global,1330,★Eri850,★Eri850,★Eri850,8ad201e80244f630ab5a46922ab72fb79c5ad4f4
global,1331,★Tau1409,★Tau1409,★Tau1409,8ad201e80244f630ab5a46922ab72fb79c5ad4f4
global,1332,★Tau1457,★Tau1457,★Tau1457,8ad201e80244f630ab5a46922ab72fb79c5ad4f4
global,1333,★Tau1165,★Tau1165,★Tau1165,8ad201e80244f630ab5a46922ab72fb79c5ad4f4
global,1334,★Tau1791,★Tau1791,★Tau1791,8ad201e80244f630ab5a46922ab72fb79c5ad4f4
global,1335,★Tau1910,★Tau1910,★Tau1910,8ad201e80244f630ab5a46922ab72fb79c5ad4f4
global,1336,★Tau1346,★Tau1346,★Tau1346,8ad201e80244f630ab5a46922ab72fb79c5ad4f4
global,1337,★Tau1373,★Tau1373,★Tau1373,8ad201e80244f630ab5a46922ab72fb79c5ad4f4
global,1338,★Tau1412,★Tau1412,★Tau1412,8ad201e80244f630ab5a46922ab72fb79c5ad4f4
global,1339,★CMa2491,★CMa2491,★CMa2491,8ad201e80244f630ab5a46922ab72fb79c5ad4f4
global,1340,★CMa2693,★CMa2693,★CMa2693,8ad201e80244f630ab5a46922ab72fb79c5ad4f4
global,1341,★CMa2294,★CMa2294,★CMa2294,8ad201e80244f630ab5a46922ab72fb79c5ad4f4
global,1342,★CMa2827,★CMa2827,★CMa2827,8ad201e80244f630ab5a46922ab72fb79c5ad4f4
global,1343,★CMa2282,★CMa2282,★CMa2282,8ad201e80244f630ab5a46922ab72fb79c5ad4f4
global,1344,★CMa2618,★CMa2618,★CMa2618,8ad201e80244f630ab5a46922ab72fb79c5ad4f4
global,1345,★CMa2657,★CMa2657,★CMa2657,8ad201e80244f630ab5a46922ab72fb79c5ad4f4
global,1346,★CMa2646,★CMa2646,★CMa2646,8ad201e80244f630ab5a46922ab72fb79c5ad4f4
global,1347,★UMa4905,★UMa4905,★UMa4905,8ad201e80244f630ab5a46922ab72fb79c5ad4f4
global,1348,★UMa4301,★UMa4301,★UMa4301,8ad201e80244f630ab5a46922ab72fb79c5ad4f4
global,1349,★UMa5191,★UMa5191,★UMa5191,8ad201e80244f630ab5a46922ab72fb79c5ad4f4
global,1350,★UMa5054,★UMa5054,★UMa5054,8ad201e80244f630ab5a46922ab72fb79c5ad4f4
global,1351,★UMa4295,★UMa4295,★UMa4295,8ad201e80244f630ab5a46922ab72fb79c5ad4f4
global,1352,★UMa4660,★UMa4660,★UMa4660,8ad201e80244f630ab5a46922ab72fb79c5ad4f4
global,1353,★UMa4554,★UMa4554,★UMa4554,8ad201e80244f630ab5a46922ab72fb79c5ad4f4
global,1354,★UMa4069,★UMa4069,★UMa4069,8ad201e80244f630ab5a46922ab72fb79c5ad4f4
global,1355,★UMa3569,★UMa3569,★UMa3569,8ad201e80244f630ab5a46922ab72fb79c5ad4f4
global,1356,★UMa3323,★UMa3323,★UMa3323,8ad201e80244f630ab5a46922ab72fb79c5ad4f4
global,1357,★UMa4033,★UMa4033,★UMa4033,8ad201e80244f630ab5a46922ab72fb79c5ad4f4
global,1358,★UMa4377,★UMa4377,★UMa4377,8ad201e80244f630ab5a46922ab72fb79c5ad4f4
global,1359,★UMa4375,★UMa4375,★UMa4375,8ad201e80244f630ab5a46922ab72fb79c5ad4f4
global,1360,★UMa4518,★UMa4518,★UMa4518,8ad201e80244f630ab5a46922ab72fb79c5ad4f4
global,1361,★UMa3594,★UMa3594,★UMa3594,8ad201e80244f630ab5a46922ab72fb79c5ad4f4
global,1362,★Vir5056,★Vir5056,★Vir5056,8ad201e80244f630ab5a46922ab72fb79c5ad4f4
global,1363,★Vir4825,★Vir4825,★Vir4825,8ad201e80244f630ab5a46922ab72fb79c5ad4f4
global,1364,★Vir4932,★Vir4932,★Vir4932,8ad201e80244f630ab5a46922ab72fb79c5ad4f4
global,1365,★Vir4540,★Vir4540,★Vir4540,8ad201e80244f630ab5a46922ab72fb79c5ad4f4
global,1366,★Vir4689,★Vir4689,★Vir4689,8ad201e80244f630ab5a46922ab72fb79c5ad4f4
global,1367,★Vir5338,★Vir5338,★Vir5338,8ad201e80244f630ab5a46922ab72fb79c5ad4f4
global,1368,★Vir4910,★Vir4910,★Vir4910,8ad201e80244f630ab5a46922ab72fb79c5ad4f4
global,1369,★Vir5315,★Vir5315,★Vir5315,8ad201e80244f630ab5a46922ab72fb79c5ad4f4
global,1370,★Vir5359,★Vir5359,★Vir5359,8ad201e80244f630ab5a46922ab72fb79c5ad4f4
global,1371,★Vir5409,★Vir5409,★Vir5409,8ad201e80244f630ab5a46922ab72fb79c5ad4f4
global,1372,★Vir5107,★Vir5107,★Vir5107,8ad201e80244f630ab5a46922ab72fb79c5ad4f4
global,1373,★Ari617,★Ari617,★Ari617,8ad201e80244f630ab5a46922ab72fb79c5ad4f4
global,1374,★Ari553,★Ari553,★Ari553,8ad201e80244f630ab5a46922ab72fb79c5ad4f4
global,1375,★Ari546,★Ari546,★Ari546,8ad201e80244f630ab5a46922ab72fb79c5ad4f4
global,1376,★Ari951,★Ari951,★Ari951,8ad201e80244f630ab5a46922ab72fb79c5ad4f4
global,1377,★Ori1713,★Ori1713,★Ori1713,8ad201e80244f630ab5a46922ab72fb79c5ad4f4
global,1378,★Ori2061,★Ori2061,★Ori2061,8ad201e80244f630ab5a46922ab72fb79c5ad4f4
global,1379,★Ori1790,★Ori1790,★Ori1790,8ad201e80244f630ab5a46922ab72fb79c5ad4f4
global,1380,★Ori1903,★Ori1903,★Ori1903,8ad201e80244f630ab5a46922ab72fb79c5ad4f4
global,1381,★Ori1948,★Ori1948,★Ori1948,8ad201e80244f630ab5a46922ab72fb79c5ad4f4
global,1382,★Ori2004,★Ori2004,★Ori2004,8ad201e80244f630ab5a46922ab72fb79c5ad4f4
global,1383,★Ori1852,★Ori1852,★Ori1852,8ad201e80244f630ab5a46922ab72fb79c5ad4f4
global,1384,★Ori1879,★Ori1879,★Ori1879,8ad201e80244f630ab5a46922ab72fb79c5ad4f4
global,1385,★Ori1899,★Ori1899,★Ori1899,8ad201e80244f630ab5a46922ab72fb79c5ad4f4
global,1386,★Ori1543,★Ori1543,★Ori1543,8ad201e80244f630ab5a46922ab72fb79c5ad4f4
global,1387,★Cas21,★Cas21,★Cas21,8ad201e80244f630ab5a46922ab72fb79c5ad4f4
global,1388,★Cas168,★Cas168,★Cas168,8ad201e80244f630ab5a46922ab72fb79c5ad4f4
global,1389,★Cas403,★Cas403,★Cas403,8ad201e80244f630ab5a46922ab72fb79c5ad4f4
global,1390,★Cas153,★Cas153,★Cas153,8ad201e80244f630ab5a46922ab72fb79c5ad4f4
global,1391,★Cas542,★Cas542,★Cas542,8ad201e80244f630ab5a46922ab72fb79c5ad4f4
global,1392,★Cas219,★Cas219,★Cas219,8ad201e80244f630ab5a46922ab72fb79c5ad4f4
global,1393,★Cas265,★Cas265,★Cas265,8ad201e80244f630ab5a46922ab72fb79c5ad4f4
global,1394,★Cnc3572,★Cnc3572,★Cnc3572,8ad201e80244f630ab5a46922ab72fb79c5ad4f4
global,1395,★Cnc3208,★Cnc3208,★Cnc3208,8ad201e80244f630ab5a46922ab72fb79c5ad4f4
global,1396,★Cnc3461,★Cnc3461,★Cnc3461,8ad201e80244f630ab5a46922ab72fb79c5ad4f4
global,1397,★Cnc3449,★Cnc3449,★Cnc3449,8ad201e80244f630ab5a46922ab72fb79c5ad4f4
global,1398,★Cnc3429,★Cnc3429,★Cnc3429,8ad201e80244f630ab5a46922ab72fb79c5ad4f4
global,1399,★Cnc3627,★Cnc3627,★Cnc3627,8ad201e80244f630ab5a46922ab72fb79c5ad4f4
global,1400,★Cnc3268,★Cnc3268,★Cnc3268,8ad201e80244f630ab5a46922ab72fb79c5ad4f4
global,1401,★Cnc3249,★Cnc3249,★Cnc3249,8ad201e80244f630ab5a46922ab72fb79c5ad4f4
global,1402,★Com4968,★Com4968,★Com4968,8ad201e80244f630ab5a46922ab72fb79c5ad4f4
global,1403,★Crv4757,★Crv4757,★Crv4757,8ad201e80244f630ab5a46922ab72fb79c5ad4f4
global,1404,★Crv4623,★Crv4623,★Crv4623,8ad201e80244f630ab5a46922ab72fb79c5ad4f4
global,1405,★Crv4662,★Crv4662,★Crv4662,8ad201e80244f630ab5a46922ab72fb79c5ad4f4
global,1406,★Crv4786,★Crv4786,★Crv4786,8ad201e80244f630ab5a46922ab72fb79c5ad4f4
global,1407,★Aur1708,★Aur1708,★Aur1708,8ad201e80244f630ab5a46922ab72fb79c5ad4f4
global,1408,★Aur2088,★Aur2088,★Aur2088,8ad201e80244f630ab5a46922ab72fb79c5ad4f4
global,1409,★Aur1605,★Aur1605,★Aur1605,8ad201e80244f630ab5a46922ab72fb79c5ad4f4
global,1410,★Aur2095,★Aur2095,★Aur2095,8ad201e80244f630ab5a46922ab72fb79c5ad4f4
global,1411,★Aur1577,★Aur1577,★Aur1577,8ad201e80244f630ab5a46922ab72fb79c5ad4f4
global,1412,★Aur1641,★Aur1641,★Aur1641,8ad201e80244f630ab5a46922ab72fb79c5ad4f4
global,1413,★Aur1612,★Aur1612,★Aur1612,8ad201e80244f630ab5a46922ab72fb79c5ad4f4
global,1414,★Pav7790,★Pav7790,★Pav7790,8ad201e80244f630ab5a46922ab72fb79c5ad4f4
global,1415,★Cet911,★Cet911,★Cet911,8ad201e80244f630ab5a46922ab72fb79c5ad4f4
global,1416,★Cet681,★Cet681,★Cet681,8ad201e80244f630ab5a46922ab72fb79c5ad4f4
global,1417,★Cet188,★Cet188,★Cet188,8ad201e80244f630ab5a46922ab72fb79c5ad4f4
global,1418,★Cet539,★Cet539,★Cet539,8ad201e80244f630ab5a46922ab72fb79c5ad4f4
global,1419,★Cet804,★Cet804,★Cet804,8ad201e80244f630ab5a46922ab72fb79c5ad4f4
global,1420,★Cep8974,★Cep8974,★Cep8974,8ad201e80244f630ab5a46922ab72fb79c5ad4f4
global,1421,★Cep8162,★Cep8162,★Cep8162,8ad201e80244f630ab5a46922ab72fb79c5ad4f4
global,1422,★Cep8238,★Cep8238,★Cep8238,8ad201e80244f630ab5a46922ab72fb79c5ad4f4
global,1423,★Cep8417,★Cep8417,★Cep8417,8ad201e80244f630ab5a46922ab72fb79c5ad4f4
global,1424,★Cen5267,★Cen5267,★Cen5267,8ad201e80244f630ab5a46922ab72fb79c5ad4f4
global,1425,★Cen5288,★Cen5288,★Cen5288,8ad201e80244f630ab5a46922ab72fb79c5ad4f4
global,1426,★Cen551,★Cen551,★Cen551,8ad201e80244f630ab5a46922ab72fb79c5ad4f4
global,1427,★Cen5459,★Cen5459,★Cen5459,8ad201e80244f630ab5a46922ab72fb79c5ad4f4
global,1428,★Cen5460,★Cen5460,★Cen5460,8ad201e80244f630ab5a46922ab72fb79c5ad4f4
global,1429,★CMi2943,★CMi2943,★CMi2943,8ad201e80244f630ab5a46922ab72fb79c5ad4f4
global,1430,★CMi2845,★CMi2845,★CMi2845,8ad201e80244f630ab5a46922ab72fb79c5ad4f4
global,1431,★Equ8131,★Equ8131,★Equ8131,8ad201e80244f630ab5a46922ab72fb79c5ad4f4
global,1432,★Vul7405,★Vul7405,★Vul7405,8ad201e80244f630ab5a46922ab72fb79c5ad4f4
global,1433,★UMi424,★UMi424,★UMi424,8ad201e80244f630ab5a46922ab72fb79c5ad4f4
global,1434,★UMi5563,★UMi5563,★UMi5563,8ad201e80244f630ab5a46922ab72fb79c5ad4f4
global,1435,★UMi5735,★UMi5735,★UMi5735,8ad201e80244f630ab5a46922ab72fb79c5ad4f4
global,1436,★UMi6789,★UMi6789,★UMi6789,8ad201e80244f630ab5a46922ab72fb79c5ad4f4
global,1437,★Crt4287,★Crt4287,★Crt4287,8ad201e80244f630ab5a46922ab72fb79c5ad4f4
global,1438,★Lyr7001,★Lyr7001,★Lyr7001,8ad201e80244f630ab5a46922ab72fb79c5ad4f4
global,1439,★Lyr7178,★Lyr7178,★Lyr7178,8ad201e80244f630ab5a46922ab72fb79c5ad4f4
global,1440,★Lyr7106,★Lyr7106,★Lyr7106,8ad201e80244f630ab5a46922ab72fb79c5ad4f4
global,1441,★Lyr7298,★Lyr7298,★Lyr7298,8ad201e80244f630ab5a46922ab72fb79c5ad4f4
global,1442,★Ara6585,★Ara6585,★Ara6585,8ad201e80244f630ab5a46922ab72fb79c5ad4f4
global,1443,★Sco6134,★Sco6134,★Sco6134,8ad201e80244f630ab5a46922ab72fb79c5ad4f4
global,1444,★Sco6527,★Sco6527,★Sco6527,8ad201e80244f630ab5a46922ab72fb79c5ad4f4
global,1445,★Sco6553,★Sco6553,★Sco6553,8ad201e80244f630ab5a46922ab72fb79c5ad4f4
global,1446,★Sco5953,★Sco5953,★Sco5953,8ad201e80244f630ab5a46922ab72fb79c5ad4f4
global,1447,★Sco5984,★Sco5984,★Sco5984,8ad201e80244f630ab5a46922ab72fb79c5ad4f4
global,1448,★Sco6508,★Sco6508,★Sco6508,8ad201e80244f630ab5a46922ab72fb79c5ad4f4
global,1449,★Sco6084,★Sco6084,★Sco6084,8ad201e80244f630ab5a46922ab72fb79c5ad4f4
global,1450,★Sco5944,★Sco5944,★Sco5944,8ad201e80244f630ab5a46922ab72fb79c5ad4f4
global,1451,★Sco6630,★Sco6630,★Sco6630,8ad201e80244f630ab5a46922ab72fb79c5ad4f4
global,1452,★Sco6027,★Sco6027,★Sco6027,8ad201e80244f630ab5a46922ab72fb79c5ad4f4
global,1453,★Sco6247,★Sco6247,★Sco6247,8ad201e80244f630ab5a46922ab72fb79c5ad4f4
global,1454,★Sco6252,★Sco6252,★Sco6252,8ad201e80244f630ab5a46922ab72fb79c5ad4f4
global,1455,★Sco5928,★Sco5928,★Sco5928,8ad201e80244f630ab5a46922ab72fb79c5ad4f4
global,1456,★Sco6241,★Sco6241,★Sco6241,8ad201e80244f630ab5a46922ab72fb79c5ad4f4
global,1457,★Sco6165,★Sco6165,★Sco6165,8ad201e80244f630ab5a46922ab72fb79c5ad4f4
global,1458,★Tri544,★Tri544,★Tri544,8ad201e80244f630ab5a46922ab72fb79c5ad4f4
global,1459,★Leo3982,★Leo3982,★Leo3982,8ad201e80244f630ab5a46922ab72fb79c5ad4f4
global,1460,★Leo4534,★Leo4534,★Leo4534,8ad201e80244f630ab5a46922ab72fb79c5ad4f4
global,1461,★Leo4357,★Leo4357,★Leo4357,8ad201e80244f630ab5a46922ab72fb79c5ad4f4
global,1462,★Leo4057,★Leo4057,★Leo4057,8ad201e80244f630ab5a46922ab72fb79c5ad4f4
global,1463,★Leo4359,★Leo4359,★Leo4359,8ad201e80244f630ab5a46922ab72fb79c5ad4f4
global,1464,★Leo4031,★Leo4031,★Leo4031,8ad201e80244f630ab5a46922ab72fb79c5ad4f4
global,1465,★Leo3852,★Leo3852,★Leo3852,8ad201e80244f630ab5a46922ab72fb79c5ad4f4
global,1466,★Leo3905,★Leo3905,★Leo3905,8ad201e80244f630ab5a46922ab72fb79c5ad4f4
global,1467,★Leo3773,★Leo3773,★Leo3773,8ad201e80244f630ab5a46922ab72fb79c5ad4f4
global,1468,★Gru8425,★Gru8425,★Gru8425,8ad201e80244f630ab5a46922ab72fb79c5ad4f4
global,1469,★Gru8636,★Gru8636,★Gru8636,8ad201e80244f630ab5a46922ab72fb79c5ad4f4
global,1470,★Gru8353,★Gru8353,★Gru8353,8ad201e80244f630ab5a46922ab72fb79c5ad4f4
global,1471,★Lib5685,★Lib5685,★Lib5685,8ad201e80244f630ab5a46922ab72fb79c5ad4f4
global,1472,★Lib5531,★Lib5531,★Lib5531,8ad201e80244f630ab5a46922ab72fb79c5ad4f4
global,1473,★Lib5787,★Lib5787,★Lib5787,8ad201e80244f630ab5a46922ab72fb79c5ad4f4
global,1474,★Lib5603,★Lib5603,★Lib5603,8ad201e80244f630ab5a46922ab72fb79c5ad4f4
global,1475,★Pup3165,★Pup3165,★Pup3165,8ad201e80244f630ab5a46922ab72fb79c5ad4f4
global,1476,★Pup3185,★Pup3185,★Pup3185,8ad201e80244f630ab5a46922ab72fb79c5ad4f4
global,1477,★Pup3045,★Pup3045,★Pup3045,8ad201e80244f630ab5a46922ab72fb79c5ad4f4
global,1478,★Cyg7924,★Cyg7924,★Cyg7924,8ad201e80244f630ab5a46922ab72fb79c5ad4f4
global,1479,★Cyg7417,★Cyg7417,★Cyg7417,8ad201e80244f630ab5a46922ab72fb79c5ad4f4
global,1480,★Cyg7796,★Cyg7796,★Cyg7796,8ad201e80244f630ab5a46922ab72fb79c5ad4f4
global,1481,★Cyg8301,★Cyg8301,★Cyg8301,8ad201e80244f630ab5a46922ab72fb79c5ad4f4
global,1482,★Cyg7949,★Cyg7949,★Cyg7949,8ad201e80244f630ab5a46922ab72fb79c5ad4f4
global,1483,★Cyg7528,★Cyg7528,★Cyg7528,8ad201e80244f630ab5a46922ab72fb79c5ad4f4
global,1484,★Oct7228,★Oct7228,★Oct7228,8ad201e80244f630ab5a46922ab72fb79c5ad4f4
global,1485,★Col1956,★Col1956,★Col1956,8ad201e80244f630ab5a46922ab72fb79c5ad4f4
global,1486,★Col2040,★Col2040,★Col2040,8ad201e80244f630ab5a46922ab72fb79c5ad4f4
global,1487,★Col2177,★Col2177,★Col2177,8ad201e80244f630ab5a46922ab72fb79c5ad4f4
global,1488,★Gem2990,★Gem2990,★Gem2990,8ad201e80244f630ab5a46922ab72fb79c5ad4f4
global,1489,★Gem2891,★Gem2891,★Gem2891,8ad201e80244f630ab5a46922ab72fb79c5ad4f4
global,1490,★Gem2421,★Gem2421,★Gem2421,8ad201e80244f630ab5a46922ab72fb79c5ad4f4
global,1491,★Gem2473,★Gem2473,★Gem2473,8ad201e80244f630ab5a46922ab72fb79c5ad4f4
global,1492,★Gem2216,★Gem2216,★Gem2216,8ad201e80244f630ab5a46922ab72fb79c5ad4f4
global,1493,★Gem2777,★Gem2777,★Gem2777,8ad201e80244f630ab5a46922ab72fb79c5ad4f4
global,1494,★Gem2650,★Gem2650,★Gem2650,8ad201e80244f630ab5a46922ab72fb79c5ad4f4
global,1495,★Gem2286,★Gem2286,★Gem2286,8ad201e80244f630ab5a46922ab72fb79c5ad4f4
global,1496,★Gem2484,★Gem2484,★Gem2484,8ad201e80244f630ab5a46922ab72fb79c5ad4f4
global,1497,★Gem2930,★Gem2930,★Gem2930,8ad201e80244f630ab5a46922ab72fb79c5ad4f4
global,1498,★Peg8775,★Peg8775,★Peg8775,8ad201e80244f630ab5a46922ab72fb79c5ad4f4
global,1499,★Peg8781,★Peg8781,★Peg8781,8ad201e80244f630ab5a46922ab72fb79c5ad4f4
global,1500,★Peg39,★Peg39,★Peg39,8ad201e80244f630ab5a46922ab72fb79c5ad4f4
global,1501,★Peg8308,★Peg8308,★Peg8308,8ad201e80244f630ab5a46922ab72fb79c5ad4f4
global,1502,★Peg8650,★Peg8650,★Peg8650,8ad201e80244f630ab5a46922ab72fb79c5ad4f4
global,1503,★Peg8634,★Peg8634,★Peg8634,8ad201e80244f630ab5a46922ab72fb79c5ad4f4
global,1504,★Peg8684,★Peg8684,★Peg8684,8ad201e80244f630ab5a46922ab72fb79c5ad4f4
global,1505,★Peg8450,★Peg8450,★Peg8450,8ad201e80244f630ab5a46922ab72fb79c5ad4f4
global,1506,★Peg8880,★Peg8880,★Peg8880,8ad201e80244f630ab5a46922ab72fb79c5ad4f4
global,1507,★Peg8905,★Peg8905,★Peg8905,8ad201e80244f630ab5a46922ab72fb79c5ad4f4
global,1508,★Oph6556,★Oph6556,★Oph6556,8ad201e80244f630ab5a46922ab72fb79c5ad4f4
global,1509,★Oph6378,★Oph6378,★Oph6378,8ad201e80244f630ab5a46922ab72fb79c5ad4f4
global,1510,★Oph6603,★Oph6603,★Oph6603,8ad201e80244f630ab5a46922ab72fb79c5ad4f4
global,1511,★Oph6149,★Oph6149,★Oph6149,8ad201e80244f630ab5a46922ab72fb79c5ad4f4
global,1512,★Oph6056,★Oph6056,★Oph6056,8ad201e80244f630ab5a46922ab72fb79c5ad4f4
global,1513,★Oph6075,★Oph6075,★Oph6075,8ad201e80244f630ab5a46922ab72fb79c5ad4f4
global,1514,★Ser5854,★Ser5854,★Ser5854,8ad201e80244f630ab5a46922ab72fb79c5ad4f4
global,1515,★Ser7141,★Ser7141,★Ser7141,8ad201e80244f630ab5a46922ab72fb79c5ad4f4
global,1516,★Ser5879,★Ser5879,★Ser5879,8ad201e80244f630ab5a46922ab72fb79c5ad4f4
global,1517,★Her6406,★Her6406,★Her6406,8ad201e80244f630ab5a46922ab72fb79c5ad4f4
global,1518,★Her6148,★Her6148,★Her6148,8ad201e80244f630ab5a46922ab72fb79c5ad4f4
global,1519,★Her6410,★Her6410,★Her6410,8ad201e80244f630ab5a46922ab72fb79c5ad4f4
global,1520,★Her6526,★Her6526,★Her6526,8ad201e80244f630ab5a46922ab72fb79c5ad4f4
global,1521,★Her6117,★Her6117,★Her6117,8ad201e80244f630ab5a46922ab72fb79c5ad4f4
global,1522,★Her6008,★Her6008,★Her6008,8ad201e80244f630ab5a46922ab72fb79c5ad4f4
global,1523,★Per936,★Per936,★Per936,8ad201e80244f630ab5a46922ab72fb79c5ad4f4
global,1524,★Per1017,★Per1017,★Per1017,8ad201e80244f630ab5a46922ab72fb79c5ad4f4
global,1525,★Per1131,★Per1131,★Per1131,8ad201e80244f630ab5a46922ab72fb79c5ad4f4
global,1526,★Per1228,★Per1228,★Per1228,8ad201e80244f630ab5a46922ab72fb79c5ad4f4
global,1527,★Per834,★Per834,★Per834,8ad201e80244f630ab5a46922ab72fb79c5ad4f4
global,1528,★Per941,★Per941,★Per941,8ad201e80244f630ab5a46922ab72fb79c5ad4f4
global,1529,★Phe99,★Phe99,★Phe99,8ad201e80244f630ab5a46922ab72fb79c5ad4f4
global,1530,★Phe338,★Phe338,★Phe338,8ad201e80244f630ab5a46922ab72fb79c5ad4f4
global,1531,★Vel3634,★Vel3634,★Vel3634,8ad201e80244f630ab5a46922ab72fb79c5ad4f4
global,1532,★Vel3485,★Vel3485,★Vel3485,8ad201e80244f630ab5a46922ab72fb79c5ad4f4
global,1533,★Vel3734,★Vel3734,★Vel3734,8ad201e80244f630ab5a46922ab72fb79c5ad4f4
global,1534,★Aqr8232,★Aqr8232,★Aqr8232,8ad201e80244f630ab5a46922ab72fb79c5ad4f4
global,1535,★Aqr8414,★Aqr8414,★Aqr8414,8ad201e80244f630ab5a46922ab72fb79c5ad4f4
global,1536,★Aqr8709,★Aqr8709,★Aqr8709,8ad201e80244f630ab5a46922ab72fb79c5ad4f4
global,1537,★Aqr8518,★Aqr8518,★Aqr8518,8ad201e80244f630ab5a46922ab72fb79c5ad4f4
global,1538,★Aqr7950,★Aqr7950,★Aqr7950,8ad201e80244f630ab5a46922ab72fb79c5ad4f4
global,1539,★Aqr8499,★Aqr8499,★Aqr8499,8ad201e80244f630ab5a46922ab72fb79c5ad4f4
global,1540,★Aqr8610,★Aqr8610,★Aqr8610,8ad201e80244f630ab5a46922ab72fb79c5ad4f4
global,1541,★Aqr8264,★Aqr8264,★Aqr8264,8ad201e80244f630ab5a46922ab72fb79c5ad4f4
global,1542,★Cru4853,★Cru4853,★Cru4853,8ad201e80244f630ab5a46922ab72fb79c5ad4f4
global,1543,★Cru4730,★Cru4730,★Cru4730,8ad201e80244f630ab5a46922ab72fb79c5ad4f4
global,1544,★Cru4763,★Cru4763,★Cru4763,8ad201e80244f630ab5a46922ab72fb79c5ad4f4
global,1545,★Cru4700,★Cru4700,★Cru4700,8ad201e80244f630ab5a46922ab72fb79c5ad4f4
global,1546,★Cru4656,★Cru4656,★Cru4656,8ad201e80244f630ab5a46922ab72fb79c5ad4f4
global,1547,★PsA8728,★PsA8728,★PsA8728,8ad201e80244f630ab5a46922ab72fb79c5ad4f4
global,1548,★TrA6217,★TrA6217,★TrA6217,8ad201e80244f630ab5a46922ab72fb79c5ad4f4
global,1549,★Cap7776,★Cap7776,★Cap7776,8ad201e80244f630ab5a46922ab72fb79c5ad4f4
global,1550,★Cap7754,★Cap7754,★Cap7754,8ad201e80244f630ab5a46922ab72fb79c5ad4f4
global,1551,★Cap8278,★Cap8278,★Cap8278,8ad201e80244f630ab5a46922ab72fb79c5ad4f4
global,1552,★Cap8322,★Cap8322,★Cap8322,8ad201e80244f630ab5a46922ab72fb79c5ad4f4
global,1553,★Cap7773,★Cap7773,★Cap7773,8ad201e80244f630ab5a46922ab72fb79c5ad4f4
global,1554,★Sge7479,★Sge7479,★Sge7479,8ad201e80244f630ab5a46922ab72fb79c5ad4f4
global,1555,★Car2326,★Car2326,★Car2326,8ad201e80244f630ab5a46922ab72fb79c5ad4f4
global,1556,★Car3685,★Car3685,★Car3685,8ad201e80244f630ab5a46922ab72fb79c5ad4f4
global,1557,★Car3307,★Car3307,★Car3307,8ad201e80244f630ab5a46922ab72fb79c5ad4f4
global,1558,★Car3699,★Car3699,★Car3699,8ad201e80244f630ab5a46922ab72fb79c5ad4f4
global,1559,★Dra5744,★Dra5744,★Dra5744,8ad201e80244f630ab5a46922ab72fb79c5ad4f4
global,1560,★Dra5291,★Dra5291,★Dra5291,8ad201e80244f630ab5a46922ab72fb79c5ad4f4
global,1561,★Dra6705,★Dra6705,★Dra6705,8ad201e80244f630ab5a46922ab72fb79c5ad4f4
global,1562,★Dra6536,★Dra6536,★Dra6536,8ad201e80244f630ab5a46922ab72fb79c5ad4f4
global,1563,★Dra7310,★Dra7310,★Dra7310,8ad201e80244f630ab5a46922ab72fb79c5ad4f4
global,1564,★Dra6688,★Dra6688,★Dra6688,8ad201e80244f630ab5a46922ab72fb79c5ad4f4
global,1565,★Dra4434,★Dra4434,★Dra4434,8ad201e80244f630ab5a46922ab72fb79c5ad4f4
global,1566,★Dra6370,★Dra6370,★Dra6370,8ad201e80244f630ab5a46922ab72fb79c5ad4f4
global,1567,★Dra7462,★Dra7462,★Dra7462,8ad201e80244f630ab5a46922ab72fb79c5ad4f4
global,1568,★Dra6396,★Dra6396,★Dra6396,8ad201e80244f630ab5a46922ab72fb79c5ad4f4
global,1569,★Dra6132,★Dra6132,★Dra6132,8ad201e80244f630ab5a46922ab72fb79c5ad4f4
global,1570,★Dra6636,★Dra6636,★Dra6636,8ad201e80244f630ab5a46922ab72fb79c5ad4f4
global,1571,★CVn4915,★CVn4915,★CVn4915,8ad201e80244f630ab5a46922ab72fb79c5ad4f4
global,1572,★CVn4785,★CVn4785,★CVn4785,8ad201e80244f630ab5a46922ab72fb79c5ad4f4
global,1573,★CVn4846,★CVn4846,★CVn4846,8ad201e80244f630ab5a46922ab72fb79c5ad4f4
global,1574,★Aql7595,★Aql7595,★Aql7595,8ad201e80244f630ab5a46922ab72fb79c5ad4f4
global,1575,★Aql7557,★Aql7557,★Aql7557,8ad201e80244f630ab5a46922ab72fb79c5ad4f4
global,1576,★Aql7525,★Aql7525,★Aql7525,8ad201e80244f630ab5a46922ab72fb79c5ad4f4
global,1577,★Aql7602,★Aql7602,★Aql7602,8ad201e80244f630ab5a46922ab72fb79c5ad4f4
global,1578,★Aql7235,★Aql7235,★Aql7235,8ad201e80244f630ab5a46922ab72fb79c5ad4f4
global,1579,ダイミツ,다이꿀,Max Honey,8ad201e80244f630ab5a46922ab72fb79c5ad4f4
global,1580,ダイキノコ,다이버섯,Max Mushrooms,8ad201e80244f630ab5a46922ab72fb79c5ad4f4
global,1581,ガラナツのえだ,가라두구가지,Galarica Twig,8ad201e80244f630ab5a46922ab72fb79c5ad4f4
global,1582,ガラナツブレス,가라두구팔찌,Galarica Cuff,8ad201e80244f630ab5a46922ab72fb79c5ad4f4
global,1583,おしゃれカード,멋쟁이카드,Style Card,8ad201e80244f630ab5a46922ab72fb79c5ad4f4
global,1584,ヨロイパス,갑옷패스,Armor Pass,8ad201e80244f630ab5a46922ab72fb79c5ad4f4
global,1585,ロトムじてんしゃ,로토무자전거,Rotom Bike,8ad201e80244f630ab5a46922ab72fb79c5ad4f4
global,1586,ロトムじてんしゃ,로토무자전거,Rotom Bike,8ad201e80244f630ab5a46922ab72fb79c5ad4f4
global,1587,けいけんおまもり,경험부적,Exp. Charm,8ad201e80244f630ab5a46922ab72fb79c5ad4f4
global,1588,ヨロイこうせき,갑옷광석,Armorite Ore,8ad201e80244f630ab5a46922ab72fb79c5ad4f4
global,1589,あかしのおまもり,증표의부적,Mark Charm,8ad201e80244f630ab5a46922ab72fb79c5ad4f4
global,1590,キズナのタヅナ,유대의고삐,Reins of Unity,8ad201e80244f630ab5a46922ab72fb79c5ad4f4
global,1591,キズナのタヅナ,유대의고삐,Reins of Unity,8ad201e80244f630ab5a46922ab72fb79c5ad4f4
global,1592,ガラナツリース,가라두구머리장식,Galarica Wreath,8ad201e80244f630ab5a46922ab72fb79c5ad4f4
global,1593,でんせつのメモ１,전설의메모1,Legendary Clue 1,8ad201e80244f630ab5a46922ab72fb79c5ad4f4
global,1594,でんせつのメモ２,전설의메모2,Legendary Clue 2,8ad201e80244f630ab5a46922ab72fb79c5ad4f4
global,1595,でんせつのメモ３,전설의메모3,Legendary Clue 3,8ad201e80244f630ab5a46922ab72fb79c5ad4f4
global,1596,でんせつのメモ？,전설의메모?,Legendary Clue?,8ad201e80244f630ab5a46922ab72fb79c5ad4f4
global,1597,カンムリパス,왕관패스,Crown Pass,8ad201e80244f630ab5a46922ab72fb79c5ad4f4
global,1598,きぼりのかんむり,목각왕관,Wooden Crown,8ad201e80244f630ab5a46922ab72fb79c5ad4f4
global,1599,かがやくはなびら,빛나는꽃잎,Radiant Petal,8ad201e80244f630ab5a46922ab72fb79c5ad4f4
global,1600,しろいたてがみ,하얀갈기,White Mane Hair,8ad201e80244f630ab5a46922ab72fb79c5ad4f4
global,1601,くろいたてがみ,검은갈기,Black Mane Hair,8ad201e80244f630ab5a46922ab72fb79c5ad4f4
global,1602,つめたいにんじん,차가운당근,Iceroot Carrot,8ad201e80244f630ab5a46922ab72fb79c5ad4f4
global,1603,くろいにんじん,검은당근,Shaderoot Carrot,8ad201e80244f630ab5a46922ab72fb79c5ad4f4
global,1604,マックスこうせき,맥스광석,Dynite Ore,8ad201e80244f630ab5a46922ab72fb79c5ad4f4
global,1605,にんじんのタネ,당근씨,Carrot Seeds,8ad201e80244f630ab5a46922ab72fb79c5ad4f4
global,1606,とくせいパッチ,특성패치,Ability Patch,8ad201e80244f630ab5a46922ab72fb79c5ad4f4
global,1607,キズナのタヅナ,유대의고삐,Reins of Unity,8ad201e80244f630ab5a46922ab72fb79c5ad4f4
global,1608,ときのシズメダマ,시간의진정환,Time Balm,8ad201e80244f630ab5a46922ab72fb79c5ad4f4
global,1609,そらのシズメダマ,공간의진정환,Space Balm,8ad201e80244f630ab5a46922ab72fb79c5ad4f4
global,1610,しずめだま,진정환,Mysterious Balm,8ad201e80244f630ab5a46922ab72fb79c5ad4f4
global,1611,つながりのヒモ,연결의끈,Linking Cord,8ad201e80244f630ab5a46922ab72fb79c5ad4f4
global,1612,ふるさとマフィン,고향머핀,Hometown Muffin,8ad201e80244f630ab5a46922ab72fb79c5ad4f4
global,1613,ぼんぐりのみ,규토리열매,Apricorn,8ad201e80244f630ab5a46922ab72fb79c5ad4f4
global,1614,コトブキマフィン,축복머핀,Jubilife Muffin,8ad201e80244f630ab5a46922ab72fb79c5ad4f4
global,1615,マルチアップ,멀티업,Aux Powerguard,8ad201e80244f630ab5a46922ab72fb79c5ad4f4
global,1616,クリティカッター,크리티컬커터,Dire Hit,8ad201e80244f630ab5a46922ab72fb79c5ad4f4
global,1617,こだわりちまき,구애잎사귀떡,Choice Dumpling,8ad201e80244f630ab5a46922ab72fb79c5ad4f4
global,1618,にばいづけ,두배절임,Twice-Spiced Radish,8ad201e80244f630ab5a46922ab72fb79c5ad4f4
global,1619,あべこべやき,뒤바뀜구이,Swap Snack,8ad201e80244f630ab5a46922ab72fb79c5ad4f4
global,1620,タマゼンマイ,둥근고비,Caster Fern,8ad201e80244f630ab5a46922ab72fb79c5ad4f4
global,1621,かいでんのタネ,숙달의씨,Seed of Mastery,8ad201e80244f630ab5a46922ab72fb79c5ad4f4
global,1622,モンスターボール,몬스터볼,Poké Ball,8ad201e80244f630ab5a46922ab72fb79c5ad4f4
global,1623,？？？,???,???,8ad201e80244f630ab5a46922ab72fb79c5ad4f4
global,1624,えいえんのこおり,영원한얼음,Eternal Ice,8ad201e80244f630ab5a46922ab72fb79c5ad4f4
global,1625,ユクシーのつめ,유크시의손톱,Uxie’s Claw,8ad201e80244f630ab5a46922ab72fb79c5ad4f4
global,1626,アグノムのきば,아그놈의이빨,Azelf’s Fang,8ad201e80244f630ab5a46922ab72fb79c5ad4f4
global,1627,エムリットのはね,엠라이트의깃털,Mesprit’s Plume,8ad201e80244f630ab5a46922ab72fb79c5ad4f4
global,1628,たまいし,옥돌,Tumblestone,8ad201e80244f630ab5a46922ab72fb79c5ad4f4
global,1629,カミナギのふえ,공신의피리,Celestica Flute,8ad201e80244f630ab5a46922ab72fb79c5ad4f4
global,1630,カンポーやく,한방약,Remedy,8ad201e80244f630ab5a46922ab72fb79c5ad4f4
global,1631,いいカンポーやく,좋은한방약,Fine Remedy,8ad201e80244f630ab5a46922ab72fb79c5ad4f4
global,1632,きらきらミツ,반짝반짝꿀,Dazzling Honey,8ad201e80244f630ab5a46922ab72fb79c5ad4f4
global,1633,いきいきイナホ,싱싱이삭,Hearty Grains,8ad201e80244f630ab5a46922ab72fb79c5ad4f4
global,1634,ころころマメ,통통콩,Plump Beans,8ad201e80244f630ab5a46922ab72fb79c5ad4f4
global,1635,もちもちキノコ,쫄깃쫄깃버섯,Springy Mushroom,8ad201e80244f630ab5a46922ab72fb79c5ad4f4
global,1636,ごりごりミネラル,단단미네랄,Crunchy Salt,8ad201e80244f630ab5a46922ab72fb79c5ad4f4
global,1637,もくざい,목재,Wood,8ad201e80244f630ab5a46922ab72fb79c5ad4f4
global,1638,キングリーフ,킹리프,King’s Leaf,8ad201e80244f630ab5a46922ab72fb79c5ad4f4
global,1639,ぬまのシズメダマ,늪의진정환,Marsh Balm,8ad201e80244f630ab5a46922ab72fb79c5ad4f4
global,1640,モンスターボール,몬스터볼,Poké Ball,8ad201e80244f630ab5a46922ab72fb79c5ad4f4
global,1641,スーパーボール,슈퍼볼,Great Ball,8ad201e80244f630ab5a46922ab72fb79c5ad4f4
global,1642,ハイパーボール,하이퍼볼,Ultra Ball,8ad201e80244f630ab5a46922ab72fb79c5ad4f4
global,1643,フェザーボール,페더볼,Feather Ball,8ad201e80244f630ab5a46922ab72fb79c5ad4f4
global,1644,ポケモンこけし,포켓몬목각인형,Pokéshi Doll,8ad201e80244f630ab5a46922ab72fb79c5ad4f4
global,1645,？？？,???,???,8ad201e80244f630ab5a46922ab72fb79c5ad4f4
global,1646,めかくしだま,눈속임환,Smoke Bomb,8ad201e80244f630ab5a46922ab72fb79c5ad4f4
global,1647,ばりばりだま,팡팡환,Scatter Bang,8ad201e80244f630ab5a46922ab72fb79c5ad4f4
global,1648,ねばりだま,끈끈환,Sticky Glob,8ad201e80244f630ab5a46922ab72fb79c5ad4f4
global,1649,ほしのかけら,별의조각,Star Piece,8ad201e80244f630ab5a46922ab72fb79c5ad4f4
global,1650,キノコよせだま,버섯유인환,Mushroom Cake,8ad201e80244f630ab5a46922ab72fb79c5ad4f4
global,1651,ムシヨケソウ,벌레회피풀,Bugwort,8ad201e80244f630ab5a46922ab72fb79c5ad4f4
global,1652,ミツよせだま,꿀유인환,Honey Cake,8ad201e80244f630ab5a46922ab72fb79c5ad4f4
global,1653,イナホよせだま,이삭유인환,Grain Cake,8ad201e80244f630ab5a46922ab72fb79c5ad4f4
global,1654,マメよせだま,콩유인환,Bean Cake,8ad201e80244f630ab5a46922ab72fb79c5ad4f4
global,1655,ミネラルよせだま,미네랄유인환,Salt Cake,8ad201e80244f630ab5a46922ab72fb79c5ad4f4
global,1656,キズぐすり,상처약,Potion,8ad201e80244f630ab5a46922ab72fb79c5ad4f4
global,1657,いいキズぐすり,좋은상처약,Super Potion,8ad201e80244f630ab5a46922ab72fb79c5ad4f4
global,1658,すごいキズぐすり,고급상처약,Hyper Potion,8ad201e80244f630ab5a46922ab72fb79c5ad4f4
global,1659,まんたんのくすり,풀회복약,Max Potion,8ad201e80244f630ab5a46922ab72fb79c5ad4f4
global,1660,かいふくのくすり,회복약,Full Restore,8ad201e80244f630ab5a46922ab72fb79c5ad4f4
global,1661,カンポーやく,한방약,Remedy,8ad201e80244f630ab5a46922ab72fb79c5ad4f4
global,1662,いいカンポーやく,좋은한방약,Fine Remedy,8ad201e80244f630ab5a46922ab72fb79c5ad4f4
global,1663,すごいカンポーやく,고급한방약,Superb Remedy,8ad201e80244f630ab5a46922ab72fb79c5ad4f4
global,1664,もりのヨウカン,숲의양갱,Old Gateau,8ad201e80244f630ab5a46922ab72fb79c5ad4f4
global,1665,コトブキマフィン,축복머핀,Jubilife Muffin,8ad201e80244f630ab5a46922ab72fb79c5ad4f4
global,1666,なんでもなおし,만병통치제,Full Heal,8ad201e80244f630ab5a46922ab72fb79c5ad4f4
global,1667,げんきのかけら,기력의조각,Revive,8ad201e80244f630ab5a46922ab72fb79c5ad4f4
global,1668,げんきのかたまり,기력의덩어리,Max Revive,8ad201e80244f630ab5a46922ab72fb79c5ad4f4
global,1669,ピーピーリカバー,PP회복,Max Ether,8ad201e80244f630ab5a46922ab72fb79c5ad4f4
global,1670,ピーピーマックス,PP맥스,Max Elixir,8ad201e80244f630ab5a46922ab72fb79c5ad4f4
global,1671,ひそやかスプレー,살금살금스프레이,Stealth Spray,8ad201e80244f630ab5a46922ab72fb79c5ad4f4
global,1672,？？？,???,???,8ad201e80244f630ab5a46922ab72fb79c5ad4f4
global,1673,せめのがんやく,공격의환약,Aux Power,8ad201e80244f630ab5a46922ab72fb79c5ad4f4
global,1674,まもりのがんやく,방어의환약,Aux Guard,8ad201e80244f630ab5a46922ab72fb79c5ad4f4
global,1675,クリティカッター,크리티컬커터,Dire Hit,8ad201e80244f630ab5a46922ab72fb79c5ad4f4
global,1676,ヨクアタラーヌ,잘-안맞기,Aux Evasion,8ad201e80244f630ab5a46922ab72fb79c5ad4f4
global,1677,マルチアップ,멀티업,Aux Powerguard,8ad201e80244f630ab5a46922ab72fb79c5ad4f4
global,1678,もりのシズメダマ,숲의진정환,Forest Balm,8ad201e80244f630ab5a46922ab72fb79c5ad4f4
global,1679,てつのかけら,철조각,Iron Chunk,8ad201e80244f630ab5a46922ab72fb79c5ad4f4
global,1680,？？？,???,???,8ad201e80244f630ab5a46922ab72fb79c5ad4f4
global,1681,くろいろたまいし,검은옥돌,Black Tumblestone,8ad201e80244f630ab5a46922ab72fb79c5ad4f4
global,1682,そらいろたまいし,하늘색옥돌,Sky Tumblestone,8ad201e80244f630ab5a46922ab72fb79c5ad4f4
global,1683,？？？,???,???,8ad201e80244f630ab5a46922ab72fb79c5ad4f4
global,1684,どろだんご,진흙경단,Ball of Mud,8ad201e80244f630ab5a46922ab72fb79c5ad4f4
global,1685,？？？,???,???,8ad201e80244f630ab5a46922ab72fb79c5ad4f4
global,1686,バリバリモ,팡팡마리모,Pop Pod,8ad201e80244f630ab5a46922ab72fb79c5ad4f4
global,1687,ケムリイモ,연기토란,Sootfoot Root,8ad201e80244f630ab5a46922ab72fb79c5ad4f4
global,1688,むしくいぼんぐり,벌레먹은규토리,Spoiled Apricorn,8ad201e80244f630ab5a46922ab72fb79c5ad4f4
global,1689,ゆきだま,눈덩이,Snowball,8ad201e80244f630ab5a46922ab72fb79c5ad4f4
global,1690,ねばりだま,끈끈환,Sticky Glob,8ad201e80244f630ab5a46922ab72fb79c5ad4f4
global,1691,くろのきせき,검은휘석,Black Augurite,8ad201e80244f630ab5a46922ab72fb79c5ad4f4
global,1692,ピートブロック,피트블록,Peat Block,8ad201e80244f630ab5a46922ab72fb79c5ad4f4
global,1693,ひそやかスプレー,살금살금스프레이,Stealth Spray,8ad201e80244f630ab5a46922ab72fb79c5ad4f4
global,1694,クスリソウ,약초,Medicinal Leek,8ad201e80244f630ab5a46922ab72fb79c5ad4f4
global,1695,ゲンキノツボミ,기력의봉오리,Vivichoke,8ad201e80244f630ab5a46922ab72fb79c5ad4f4
global,1696,ピーピーグサ,PP풀,Pep-Up Plant,8ad201e80244f630ab5a46922ab72fb79c5ad4f4
global,1697,？？？,???,???,8ad201e80244f630ab5a46922ab72fb79c5ad4f4
global,1698,？？？,???,???,8ad201e80244f630ab5a46922ab72fb79c5ad4f4
global,1699,みがわりおまもり２,대타부적2,Tempting Charm B,8ad201e80244f630ab5a46922ab72fb79c5ad4f4
global,1700,みがわりおまもり３,대타부적3,Tempting Charm P,8ad201e80244f630ab5a46922ab72fb79c5ad4f4
global,1701,ツルギマイタケ,칼춤버섯,Swordcap,8ad201e80244f630ab5a46922ab72fb79c5ad4f4
global,1702,テッペキクラゲ,철벽버섯,Iron Barktongue,8ad201e80244f630ab5a46922ab72fb79c5ad4f4
global,1703,カゲブンシメジ,그림자분신버섯,Doppel Bonnets,8ad201e80244f630ab5a46922ab72fb79c5ad4f4
global,1704,キュウショウロ,급소버섯,Direshroom,8ad201e80244f630ab5a46922ab72fb79c5ad4f4
global,1705,スナハマダイコン,모래해변무,Sand Radish,8ad201e80244f630ab5a46922ab72fb79c5ad4f4
global,1706,みがわりおまもり４,대타부적4,Tempting Charm T,8ad201e80244f630ab5a46922ab72fb79c5ad4f4
global,1707,みがわりおまもり５,대타부적5,Tempting Charm Y,8ad201e80244f630ab5a46922ab72fb79c5ad4f4
global,1708,スイートトリュフ,스위트러플,Candy Truffle,8ad201e80244f630ab5a46922ab72fb79c5ad4f4
global,1709,よせだまのもと,유인환반죽,Cake-Lure Base,8ad201e80244f630ab5a46922ab72fb79c5ad4f4
global,1710,モンスターボール,몬스터볼,Poké Ball,8ad201e80244f630ab5a46922ab72fb79c5ad4f4
global,1711,スーパーボール,슈퍼볼,Great Ball,8ad201e80244f630ab5a46922ab72fb79c5ad4f4
global,1712,ハイパーボール,하이퍼볼,Ultra Ball,8ad201e80244f630ab5a46922ab72fb79c5ad4f4
global,1713,フェザーボール,페더볼,Feather Ball,8ad201e80244f630ab5a46922ab72fb79c5ad4f4
global,1714,？？？,???,???,8ad201e80244f630ab5a46922ab72fb79c5ad4f4
global,1715,？？？,???,???,8ad201e80244f630ab5a46922ab72fb79c5ad4f4
global,1716,ばりばりだま,팡팡환,Scatter Bang,8ad201e80244f630ab5a46922ab72fb79c5ad4f4
global,1717,めかくしだま,눈속임환,Smoke Bomb,8ad201e80244f630ab5a46922ab72fb79c5ad4f4
global,1718,？？？,???,???,8ad201e80244f630ab5a46922ab72fb79c5ad4f4
global,1719,？？？,???,???,8ad201e80244f630ab5a46922ab72fb79c5ad4f4
global,1720,ポケモンこけし,포켓몬목각인형,Pokéshi Doll,8ad201e80244f630ab5a46922ab72fb79c5ad4f4
global,1721,かざんのシズメダマ,화산의진정환,Volcano Balm,8ad201e80244f630ab5a46922ab72fb79c5ad4f4
global,1722,やまのシズメダマ,산의진정환,Mountain Balm,8ad201e80244f630ab5a46922ab72fb79c5ad4f4
global,1723,ゆきのシズメダマ,눈의진정환,Snow Balm,8ad201e80244f630ab5a46922ab72fb79c5ad4f4
global,1724,ミツよせだま,꿀유인환,Honey Cake,8ad201e80244f630ab5a46922ab72fb79c5ad4f4
global,1725,イナホよせだま,이삭유인환,Grain Cake,8ad201e80244f630ab5a46922ab72fb79c5ad4f4
global,1726,マメよせだま,콩유인환,Bean Cake,8ad201e80244f630ab5a46922ab72fb79c5ad4f4
global,1727,キノコよせだま,버섯유인환,Mushroom Cake,8ad201e80244f630ab5a46922ab72fb79c5ad4f4
global,1728,ミネラルよせだま,미네랄유인환,Salt Cake,8ad201e80244f630ab5a46922ab72fb79c5ad4f4
global,1729,あべこべやき,뒤바뀜구이,Swap Snack,8ad201e80244f630ab5a46922ab72fb79c5ad4f4
global,1730,こだわりちまき,구애잎사귀떡,Choice Dumpling,8ad201e80244f630ab5a46922ab72fb79c5ad4f4
global,1731,にばいづけ,두배절임,Twice-Spiced Radish,8ad201e80244f630ab5a46922ab72fb79c5ad4f4
global,1732,あんぜんおまもり１,안전부적1,Survival Charm R,8ad201e80244f630ab5a46922ab72fb79c5ad4f4
global,1733,あんぜんおまもり２,안전부적2,Survival Charm B,8ad201e80244f630ab5a46922ab72fb79c5ad4f4
global,1734,あんぜんおまもり３,안전부적3,Survival Charm P,8ad201e80244f630ab5a46922ab72fb79c5ad4f4
global,1735,あんぜんおまもり４,안전부적4,Survival Charm T,8ad201e80244f630ab5a46922ab72fb79c5ad4f4
global,1736,あんぜんおまもり５,안전부적5,Survival Charm Y,8ad201e80244f630ab5a46922ab72fb79c5ad4f4
global,1737,やぶれたにっき,찢어진일기,Torn Journal,8ad201e80244f630ab5a46922ab72fb79c5ad4f4
global,1738,けんこうおまもり１,건강부적1,Warding Charm R,8ad201e80244f630ab5a46922ab72fb79c5ad4f4
global,1739,けんこうおまもり２,건강부적2,Warding Charm B,8ad201e80244f630ab5a46922ab72fb79c5ad4f4
global,1740,けんこうおまもり３,건강부적3,Warding Charm P,8ad201e80244f630ab5a46922ab72fb79c5ad4f4
global,1741,けんこうおまもり４,건강부적4,Warding Charm T,8ad201e80244f630ab5a46922ab72fb79c5ad4f4
global,1742,けんこうおまもり５,건강부적5,Warding Charm Y,8ad201e80244f630ab5a46922ab72fb79c5ad4f4
global,1743,せきばんのかけら,석판조각,Wall Fragment,8ad201e80244f630ab5a46922ab72fb79c5ad4f4
global,1744,イダイトウだんご,대쓰여너경단,Basculegion Food,8ad201e80244f630ab5a46922ab72fb79c5ad4f4
global,1745,ふるいにっき,낡은일기,Old Journal,8ad201e80244f630ab5a46922ab72fb79c5ad4f4
global,1746,ウイングボール,윙볼,Wing Ball,8ad201e80244f630ab5a46922ab72fb79c5ad4f4
global,1747,ジェットボール,제트볼,Jet Ball,8ad201e80244f630ab5a46922ab72fb79c5ad4f4
global,1748,ヘビーボール,헤비볼,Heavy Ball,8ad201e80244f630ab5a46922ab72fb79c5ad4f4
global,1749,メガトンボール,메가톤볼,Leaden Ball,8ad201e80244f630ab5a46922ab72fb79c5ad4f4
global,1750,ギガトンボール,기가톤볼,Gigaton Ball,8ad201e80244f630ab5a46922ab72fb79c5ad4f4
global,1751,ウイングボール,윙볼,Wing Ball,8ad201e80244f630ab5a46922ab72fb79c5ad4f4
global,1752,ジェットボール,제트볼,Jet Ball,8ad201e80244f630ab5a46922ab72fb79c5ad4f4
global,1753,ヘビーボール,헤비볼,Heavy Ball,8ad201e80244f630ab5a46922ab72fb79c5ad4f4
global,1754,ポフのみ,포흐열매,Hopo Berry,8ad201e80244f630ab5a46922ab72fb79c5ad4f4
global,1755,すごいカンポーやく,고급한방약,Superb Remedy,8ad201e80244f630ab5a46922ab72fb79c5ad4f4
global,1756,せめのがんやく,공격의환약,Aux Power,8ad201e80244f630ab5a46922ab72fb79c5ad4f4
global,1757,まもりのがんやく,방어의환약,Aux Guard,8ad201e80244f630ab5a46922ab72fb79c5ad4f4
global,1758,ヨクアタラーヌ,잘-안맞기,Aux Evasion,8ad201e80244f630ab5a46922ab72fb79c5ad4f4
global,1759,ガンバリのすな,노력의모래,Grit Dust,8ad201e80244f630ab5a46922ab72fb79c5ad4f4
global,1760,ガンバリのじゃり,노력의자갈,Grit Gravel,8ad201e80244f630ab5a46922ab72fb79c5ad4f4
global,1761,ガンバリのいし,노력의돌,Grit Pebble,8ad201e80244f630ab5a46922ab72fb79c5ad4f4
global,1762,ガンバリのいわ,노력의바위,Grit Rock,8ad201e80244f630ab5a46922ab72fb79c5ad4f4
global,1763,ひでんのくすり,비전신약,Secret Medicine,8ad201e80244f630ab5a46922ab72fb79c5ad4f4
global,1764,みがわりおまもり１,대타부적1,Tempting Charm R,8ad201e80244f630ab5a46922ab72fb79c5ad4f4
global,1765,だれかのおとしもの,누군가의분실물,Lost Satchel,8ad201e80244f630ab5a46922ab72fb79c5ad4f4
global,1766,だれかのおとしもの,누군가의분실물,Lost Satchel,8ad201e80244f630ab5a46922ab72fb79c5ad4f4
global,1767,だれかのおとしもの,누군가의분실물,Lost Satchel,8ad201e80244f630ab5a46922ab72fb79c5ad4f4
global,1768,だれかのおとしもの,누군가의분실물,Lost Satchel,8ad201e80244f630ab5a46922ab72fb79c5ad4f4
global,1769,だれかのおとしもの,누군가의분실물,Lost Satchel,8ad201e80244f630ab5a46922ab72fb79c5ad4f4
global,1770,？？？,???,???,8ad201e80244f630ab5a46922ab72fb79c5ad4f4
global,1771,オリジンボール,오리진볼,Origin Ball,8ad201e80244f630ab5a46922ab72fb79c5ad4f4
global,1772,？？？,???,???,8ad201e80244f630ab5a46922ab72fb79c5ad4f4
global,1773,？？？,???,???,8ad201e80244f630ab5a46922ab72fb79c5ad4f4
global,1774,？？？,???,???,8ad201e80244f630ab5a46922ab72fb79c5ad4f4
global,1775,？？？,???,???,8ad201e80244f630ab5a46922ab72fb79c5ad4f4
global,1776,オリジンこうせき,오리진광석,Origin Ore,8ad201e80244f630ab5a46922ab72fb79c5ad4f4
global,1777,だいこんごうだま,큰금강옥,Adamant Crystal,8ad201e80244f630ab5a46922ab72fb79c5ad4f4
global,1778,だいしらたま,큰백옥,Lustrous Globe,8ad201e80244f630ab5a46922ab72fb79c5ad4f4
global,1779,だいはっきんだま,큰백금옥,Griseous Core,8ad201e80244f630ab5a46922ab72fb79c5ad4f4
global,1780,まっさらプレート,순백플레이트,Blank Plate,8ad201e80244f630ab5a46922ab72fb79c5ad4f4
global,1781,？？？,???,???,8ad201e80244f630ab5a46922ab72fb79c5ad4f4
global,1782,クラフトキット,공작키트,Crafting Kit,8ad201e80244f630ab5a46922ab72fb79c5ad4f4
global,1783,メガトンボール,메가톤볼,Leaden Ball,8ad201e80244f630ab5a46922ab72fb79c5ad4f4
global,1784,ギガトンボール,기가톤볼,Gigaton Ball,8ad201e80244f630ab5a46922ab72fb79c5ad4f4
global,1785,ストレンジボール,스트레인지볼,Strange Ball,8ad201e80244f630ab5a46922ab72fb79c5ad4f4
global,1786,ポケモンずかん,포켓몬 도감,Pokédex,8ad201e80244f630ab5a46922ab72fb79c5ad4f4
global,1787,ふるいポエム１,오래된 시1,Old Verse 1,8ad201e80244f630ab5a46922ab72fb79c5ad4f4
global,1788,ふるいポエム２,오래된 시2,Old Verse 2,8ad201e80244f630ab5a46922ab72fb79c5ad4f4
global,1789,ふるいポエム３,오래된 시3,Old Verse 3,8ad201e80244f630ab5a46922ab72fb79c5ad4f4
global,1790,ふるいポエム４,오래된 시4,Old Verse 4,8ad201e80244f630ab5a46922ab72fb79c5ad4f4
global,1791,？？？,???,???,8ad201e80244f630ab5a46922ab72fb79c5ad4f4
global,1792,ふるいポエム５,오래된 시5,Old Verse 5,8ad201e80244f630ab5a46922ab72fb79c5ad4f4
global,1793,ふるいポエム６,오래된 시6,Old Verse 6,8ad201e80244f630ab5a46922ab72fb79c5ad4f4
global,1794,ふるいポエム７,오래된 시7,Old Verse 7,8ad201e80244f630ab5a46922ab72fb79c5ad4f4
global,1795,ふるいポエム８,오래된 시8,Old Verse 8,8ad201e80244f630ab5a46922ab72fb79c5ad4f4
global,1796,ふるいポエム９,오래된 시9,Old Verse 9,8ad201e80244f630ab5a46922ab72fb79c5ad4f4
global,1797,ふるいポエム１０,오래된 시10,Old Verse 10,8ad201e80244f630ab5a46922ab72fb79c5ad4f4
global,1798,ふるいポエム１１,오래된 시11,Old Verse 11,8ad201e80244f630ab5a46922ab72fb79c5ad4f4
global,1799,ふるいポエム１２,오래된 시12,Old Verse 12,8ad201e80244f630ab5a46922ab72fb79c5ad4f4
global,1800,ふるいポエム１３,오래된 시13,Old Verse 13,8ad201e80244f630ab5a46922ab72fb79c5ad4f4
global,1801,ふるいポエム１４,오래된 시14,Old Verse 14,8ad201e80244f630ab5a46922ab72fb79c5ad4f4
global,1802,ふるいポエム１５,오래된 시15,Old Verse 15,8ad201e80244f630ab5a46922ab72fb79c5ad4f4
global,1803,ふるいポエム１６,오래된 시16,Old Verse 16,8ad201e80244f630ab5a46922ab72fb79c5ad4f4
global,1804,ふるいポエム１７,오래된 시17,Old Verse 17,8ad201e80244f630ab5a46922ab72fb79c5ad4f4
global,1805,ふるいポエム１８,오래된 시18,Old Verse 18,8ad201e80244f630ab5a46922ab72fb79c5ad4f4
global,1806,ふるいポエム１９,오래된 시19,Old Verse 19,8ad201e80244f630ab5a46922ab72fb79c5ad4f4
global,1807,ふるいポエム２０,오래된 시20,Old Verse 20,8ad201e80244f630ab5a46922ab72fb79c5ad4f4
global,1808,なぞのかけらＳ,수수께끼의조각S,Mysterious Shard S,8ad201e80244f630ab5a46922ab72fb79c5ad4f4
global,1809,なぞのかけらＬ,수수께끼의조각L,Mysterious Shard L,8ad201e80244f630ab5a46922ab72fb79c5ad4f4
global,1810,あなほりドリル,구멍파기드릴,Digger Drill,8ad201e80244f630ab5a46922ab72fb79c5ad4f4
global,1811,カントーのせきばん,관동의석판,Kanto Slate,8ad201e80244f630ab5a46922ab72fb79c5ad4f4
global,1812,ジョウトのせきばん,성도의석판,Johto Slate,8ad201e80244f630ab5a46922ab72fb79c5ad4f4
global,1813,こころのせきばん,마음의석판,Soul Slate,8ad201e80244f630ab5a46922ab72fb79c5ad4f4
global,1814,にじのせきばん,무지개의석판,Rainbow Slate,8ad201e80244f630ab5a46922ab72fb79c5ad4f4
global,1815,あらしのせきばん,폭풍의석판,Squall Slate,8ad201e80244f630ab5a46922ab72fb79c5ad4f4
global,1816,たいかいのせきばん,대해의석판,Oceanic Slate,8ad201e80244f630ab5a46922ab72fb79c5ad4f4
global,1817,たいりくのせきばん,대륙의석판,Tectonic Slate,8ad201e80244f630ab5a46922ab72fb79c5ad4f4
global,1818,てんくうのせきばん,천공의석판,Stratospheric Slate,8ad201e80244f630ab5a46922ab72fb79c5ad4f4
global,1819,いでんしのせきばん,유전자의석판,Genome Slate,8ad201e80244f630ab5a46922ab72fb79c5ad4f4
global,1820,みちびきのせきばん,인도의석판,Discovery Slate,8ad201e80244f630ab5a46922ab72fb79c5ad4f4
global,1821,やぶれたせきばん,깨어진석판,Distortion Slate,8ad201e80244f630ab5a46922ab72fb79c5ad4f4
global,1822,ＤＳプレイヤー,DS플레이어,DS Sounds,8ad201e80244f630ab5a46922ab72fb79c5ad4f4
global,1823,,,,8ad201e80244f630ab5a46922ab72fb79c5ad4f4
global,1824,,,,8ad201e80244f630ab5a46922ab72fb79c5ad4f4
global,1825,,,,8ad201e80244f630ab5a46922ab72fb79c5ad4f4
global,1826,,,,8ad201e80244f630ab5a46922ab72fb79c5ad4f4
global,1827,,,,8ad201e80244f630ab5a46922ab72fb79c5ad4f4
global,1828,レジェンドプレート,레전드플레이트,Legend Plate,8ad201e80244f630ab5a46922ab72fb79c5ad4f4
global,1829,スマホロトム,스마트로토무,Rotom Phone,8ad201e80244f630ab5a46922ab72fb79c5ad4f4
global,1830,サンドウィッチ,샌드위치,Sandwich,8ad201e80244f630ab5a46922ab72fb79c5ad4f4
global,1831,コライドンのボール,코라이돈의 볼,Koraidon’s Poké Ball,8ad201e80244f630ab5a46922ab72fb79c5ad4f4
global,1832,ミライドンのボール,미라이돈의 볼,Miraidon’s Poké Ball,8ad201e80244f630ab5a46922ab72fb79c5ad4f4
global,1833,テラスタルオーブ,테라스탈오브,Tera Orb,8ad201e80244f630ab5a46922ab72fb79c5ad4f4
global,1834,スカーレットブック,스칼렛북,Scarlet Book,8ad201e80244f630ab5a46922ab72fb79c5ad4f4
global,1835,バイオレットブック,바이올렛북,Violet Book,8ad201e80244f630ab5a46922ab72fb79c5ad4f4
global,1836,ハイダイのサイフ,곤포의 지갑,Kofu’s Wallet,8ad201e80244f630ab5a46922ab72fb79c5ad4f4
global,1837,,,,8ad201e80244f630ab5a46922ab72fb79c5ad4f4
global,1838,,,,8ad201e80244f630ab5a46922ab72fb79c5ad4f4
global,1839,,,,8ad201e80244f630ab5a46922ab72fb79c5ad4f4
global,1840,,,,8ad201e80244f630ab5a46922ab72fb79c5ad4f4
global,1841,,,,8ad201e80244f630ab5a46922ab72fb79c5ad4f4
global,1842,ちいさなタケノコ,작은죽순,Tiny Bamboo Shoot,8ad201e80244f630ab5a46922ab72fb79c5ad4f4
global,1843,おおきなタケノコ,큰죽순,Big Bamboo Shoot,8ad201e80244f630ab5a46922ab72fb79c5ad4f4
global,1844,,,,8ad201e80244f630ab5a46922ab72fb79c5ad4f4
global,1845,,,,8ad201e80244f630ab5a46922ab72fb79c5ad4f4
global,1846,,,,8ad201e80244f630ab5a46922ab72fb79c5ad4f4
global,1847,,,,8ad201e80244f630ab5a46922ab72fb79c5ad4f4
global,1848,,,,8ad201e80244f630ab5a46922ab72fb79c5ad4f4
global,1849,,,,8ad201e80244f630ab5a46922ab72fb79c5ad4f4
global,1850,,,,8ad201e80244f630ab5a46922ab72fb79c5ad4f4
global,1851,,,,8ad201e80244f630ab5a46922ab72fb79c5ad4f4
global,1852,,,,8ad201e80244f630ab5a46922ab72fb79c5ad4f4
global,1853,,,,8ad201e80244f630ab5a46922ab72fb79c5ad4f4
global,1854,,,,8ad201e80244f630ab5a46922ab72fb79c5ad4f4
global,1855,,,,8ad201e80244f630ab5a46922ab72fb79c5ad4f4
global,1856,,,,8ad201e80244f630ab5a46922ab72fb79c5ad4f4
global,1857,あくのかけじく,악의 족자,Scroll of Darkness,8ad201e80244f630ab5a46922ab72fb79c5ad4f4
global,1858,みずのかけじく,물의 족자,Scroll of Waters,8ad201e80244f630ab5a46922ab72fb79c5ad4f4
global,1859,,,,8ad201e80244f630ab5a46922ab72fb79c5ad4f4
global,1860,,,,8ad201e80244f630ab5a46922ab72fb79c5ad4f4
global,1861,ノロイノヨロイ,저주받은갑옷,Malicious Armor,8ad201e80244f630ab5a46922ab72fb79c5ad4f4
global,1862,テラピースノーマル,테라피스 노말,Normal Tera Shard,8ad201e80244f630ab5a46922ab72fb79c5ad4f4
global,1863,テラピースほのお,테라피스 불꽃,Fire Tera Shard,8ad201e80244f630ab5a46922ab72fb79c5ad4f4
global,1864,テラピースみず,테라피스 물,Water Tera Shard,8ad201e80244f630ab5a46922ab72fb79c5ad4f4
global,1865,テラピースでんき,테라피스 전기,Electric Tera Shard,8ad201e80244f630ab5a46922ab72fb79c5ad4f4
global,1866,テラピースくさ,테라피스 풀,Grass Tera Shard,8ad201e80244f630ab5a46922ab72fb79c5ad4f4
global,1867,テラピースこおり,테라피스 얼음,Ice Tera Shard,8ad201e80244f630ab5a46922ab72fb79c5ad4f4
global,1868,テラピースかくとう,테라피스 격투,Fighting Tera Shard,8ad201e80244f630ab5a46922ab72fb79c5ad4f4
global,1869,テラピースどく,테라피스 독,Poison Tera Shard,8ad201e80244f630ab5a46922ab72fb79c5ad4f4
global,1870,テラピースじめん,테라피스 땅,Ground Tera Shard,8ad201e80244f630ab5a46922ab72fb79c5ad4f4
global,1871,テラピースひこう,테라피스 비행,Flying Tera Shard,8ad201e80244f630ab5a46922ab72fb79c5ad4f4
global,1872,テラピースエスパー,테라피스 에스퍼,Psychic Tera Shard,8ad201e80244f630ab5a46922ab72fb79c5ad4f4
global,1873,テラピースむし,테라피스 벌레,Bug Tera Shard,8ad201e80244f630ab5a46922ab72fb79c5ad4f4
global,1874,テラピースいわ,테라피스 바위,Rock Tera Shard,8ad201e80244f630ab5a46922ab72fb79c5ad4f4
global,1875,テラピースゴースト,테라피스 고스트,Ghost Tera Shard,8ad201e80244f630ab5a46922ab72fb79c5ad4f4
global,1876,テラピースドラゴン,테라피스 드래곤,Dragon Tera Shard,8ad201e80244f630ab5a46922ab72fb79c5ad4f4
global,1877,テラピースあく,테라피스 악,Dark Tera Shard,8ad201e80244f630ab5a46922ab72fb79c5ad4f4
global,1878,テラピースはがね,테라피스 강철,Steel Tera Shard,8ad201e80244f630ab5a46922ab72fb79c5ad4f4
global,1879,テラピースフェアリー,테라피스 페어리,Fairy Tera Shard,8ad201e80244f630ab5a46922ab72fb79c5ad4f4
global,1880,ブーストエナジー,부스트에너지,Booster Energy,8ad201e80244f630ab5a46922ab72fb79c5ad4f4
global,1881,とくせいガード,특성가드,Ability Shield,8ad201e80244f630ab5a46922ab72fb79c5ad4f4
global,1882,クリアチャーム,클리어참,Clear Amulet,8ad201e80244f630ab5a46922ab72fb79c5ad4f4
global,1883,ものまねハーブ,흉내허브,Mirror Herb,8ad201e80244f630ab5a46922ab72fb79c5ad4f4
global,1884,パンチグローブ,펀치글러브,Punching Glove,8ad201e80244f630ab5a46922ab72fb79c5ad4f4
global,1885,おんみつマント,은밀망토,Covert Cloak,8ad201e80244f630ab5a46922ab72fb79c5ad4f4
global,1886,いかさまダイス,속임수주사위,Loaded Dice,8ad201e80244f630ab5a46922ab72fb79c5ad4f4
global,1887,,,,8ad201e80244f630ab5a46922ab72fb79c5ad4f4
global,1888,バゲット,바게트,Baguette,8ad201e80244f630ab5a46922ab72fb79c5ad4f4
global,1889,マヨネーズ,마요네즈,Mayonnaise,8ad201e80244f630ab5a46922ab72fb79c5ad4f4
global,1890,ケチャップ,케첩,Ketchup,8ad201e80244f630ab5a46922ab72fb79c5ad4f4
global,1891,マスタード,머스터드,Mustard,8ad201e80244f630ab5a46922ab72fb79c5ad4f4
global,1892,バター,버터,Butter,8ad201e80244f630ab5a46922ab72fb79c5ad4f4
global,1893,ピーナッツバター,땅콩버터,Peanut Butter,8ad201e80244f630ab5a46922ab72fb79c5ad4f4
global,1894,チリソース,칠리소스,Chili Sauce,8ad201e80244f630ab5a46922ab72fb79c5ad4f4
global,1895,ソルト,소금,Salt,8ad201e80244f630ab5a46922ab72fb79c5ad4f4
global,1896,ペッパー,후추,Pepper,8ad201e80244f630ab5a46922ab72fb79c5ad4f4
global,1897,ヨーグルト,요구르트,Yogurt,8ad201e80244f630ab5a46922ab72fb79c5ad4f4
global,1898,ホイップクリーム,휘핑크림,Whipped Cream,8ad201e80244f630ab5a46922ab72fb79c5ad4f4
global,1899,クリームチーズ,크림치즈,Cream Cheese,8ad201e80244f630ab5a46922ab72fb79c5ad4f4
global,1900,ベリージャム,베리잼,Jam,8ad201e80244f630ab5a46922ab72fb79c5ad4f4
global,1901,マーマレード,마멀레이드,Marmalade,8ad201e80244f630ab5a46922ab72fb79c5ad4f4
global,1902,オリーブオイル,올리브오일,Olive Oil,8ad201e80244f630ab5a46922ab72fb79c5ad4f4
global,1903,ビネガー,비니거,Vinegar,8ad201e80244f630ab5a46922ab72fb79c5ad4f4
global,1904,ひでん：あまスパイス,비전 달콤스파이스,Sweet Herba Mystica,8ad201e80244f630ab5a46922ab72fb79c5ad4f4
global,1905,ひでん：しおスパイス,비전 짭짤스파이스,Salty Herba Mystica,8ad201e80244f630ab5a46922ab72fb79c5ad4f4
global,1906,ひでん：すぱスパイス,비전 새콤스파이스,Sour Herba Mystica,8ad201e80244f630ab5a46922ab72fb79c5ad4f4
global,1907,ひでん：にがスパイス,비전 쌉쌀스파이스,Bitter Herba Mystica,8ad201e80244f630ab5a46922ab72fb79c5ad4f4
global,1908,ひでん：からスパイス,비전 매콤스파이스,Spicy Herba Mystica,8ad201e80244f630ab5a46922ab72fb79c5ad4f4
global,1909,レタス,양상추,Lettuce,8ad201e80244f630ab5a46922ab72fb79c5ad4f4
global,1910,トマトスライス,토마토슬라이스,Tomato,8ad201e80244f630ab5a46922ab72fb79c5ad4f4
global,1911,カットミニトマト,방울토마토슬라이스,Cherry Tomatoes,8ad201e80244f630ab5a46922ab72fb79c5ad4f4
global,1912,キュウリスライス,오이슬라이스,Cucumber,8ad201e80244f630ab5a46922ab72fb79c5ad4f4
global,1913,ピクルススライス,피클슬라이스,Pickle,8ad201e80244f630ab5a46922ab72fb79c5ad4f4
global,1914,たまねぎスライス,양파슬라이스,Onion,8ad201e80244f630ab5a46922ab72fb79c5ad4f4
global,1915,アーリーレッド,적양파,Red Onion,8ad201e80244f630ab5a46922ab72fb79c5ad4f4
global,1916,ピーマンスライス,피망슬라이스,Green Bell Pepper,8ad201e80244f630ab5a46922ab72fb79c5ad4f4
global,1917,あかパプリカスライス,빨간파프리카슬라이스,Red Bell Pepper,8ad201e80244f630ab5a46922ab72fb79c5ad4f4
global,1918,きパプリカスライス,노란파프리카슬라이스,Yellow Bell Pepper,8ad201e80244f630ab5a46922ab72fb79c5ad4f4
global,1919,アボカド,아보카도,Avocado,8ad201e80244f630ab5a46922ab72fb79c5ad4f4
global,1920,やきベーコン,구운베이컨,Bacon,8ad201e80244f630ab5a46922ab72fb79c5ad4f4
global,1921,ハムスライス,슬라이스햄,Ham,8ad201e80244f630ab5a46922ab72fb79c5ad4f4
global,1922,なまハム,생햄,Prosciutto,8ad201e80244f630ab5a46922ab72fb79c5ad4f4
global,1923,やきチョリソー,구운초리조,Chorizo,8ad201e80244f630ab5a46922ab72fb79c5ad4f4
global,1924,ハーブソーセージ,허브소시지,Herbed Sausage,8ad201e80244f630ab5a46922ab72fb79c5ad4f4
global,1925,ハンバーグ,햄버그,Hamburger,8ad201e80244f630ab5a46922ab72fb79c5ad4f4
global,1926,ガケガニスティック,절벼게맛살,Klawf Stick,8ad201e80244f630ab5a46922ab72fb79c5ad4f4
global,1927,スモークきりみ,훈제토막,Smoked Fillet,8ad201e80244f630ab5a46922ab72fb79c5ad4f4
global,1928,きりみフライ,튀긴토막,Fried Fillet,8ad201e80244f630ab5a46922ab72fb79c5ad4f4
global,1929,スライスエッグ,에그슬라이스,Egg,8ad201e80244f630ab5a46922ab72fb79c5ad4f4
global,1930,トルティージャ,토르티야,Potato Tortilla,8ad201e80244f630ab5a46922ab72fb79c5ad4f4
global,1931,トーフ,두부,Tofu,8ad201e80244f630ab5a46922ab72fb79c5ad4f4
global,1932,ライス,라이스,Rice,8ad201e80244f630ab5a46922ab72fb79c5ad4f4
global,1933,ヌードル,누들,Noodles,8ad201e80244f630ab5a46922ab72fb79c5ad4f4
global,1934,ポテトサラダ,감자샐러드,Potato Salad,8ad201e80244f630ab5a46922ab72fb79c5ad4f4
global,1935,スライスチーズ,슬라이스치즈,Cheese,8ad201e80244f630ab5a46922ab72fb79c5ad4f4
global,1936,バナナスライス,바나나슬라이스,Banana,8ad201e80244f630ab5a46922ab72fb79c5ad4f4
global,1937,いちごスライス,딸기슬라이스,Strawberry,8ad201e80244f630ab5a46922ab72fb79c5ad4f4
global,1938,わぎりリンゴ,사과슬라이스,Apple,8ad201e80244f630ab5a46922ab72fb79c5ad4f4
global,1939,わぎりキウイ,키위슬라이스,Kiwi,8ad201e80244f630ab5a46922ab72fb79c5ad4f4
global,1940,カットパイン,파인애플슬라이스,Pineapple,8ad201e80244f630ab5a46922ab72fb79c5ad4f4
global,1941,ハラペーニョ,할라페뇨,Jalapeño,8ad201e80244f630ab5a46922ab72fb79c5ad4f4
global,1942,ホースラディッシュ,호스래디시,Horseradish,8ad201e80244f630ab5a46922ab72fb79c5ad4f4
global,1943,カレーパウダー,카레파우더,Curry Powder,8ad201e80244f630ab5a46922ab72fb79c5ad4f4
global,1944,ワサビソース,와사비소스,Wasabi,8ad201e80244f630ab5a46922ab72fb79c5ad4f4
global,1945,クレソン,물냉이,Watercress,8ad201e80244f630ab5a46922ab72fb79c5ad4f4
global,1946,バジル,바질,Basil,8ad201e80244f630ab5a46922ab72fb79c5ad4f4
global,1947,,,,8ad201e80244f630ab5a46922ab72fb79c5ad4f4
global,1948,,,,8ad201e80244f630ab5a46922ab72fb79c5ad4f4
global,1949,,,,8ad201e80244f630ab5a46922ab72fb79c5ad4f4
global,1950,,,,8ad201e80244f630ab5a46922ab72fb79c5ad4f4
global,1951,,,,8ad201e80244f630ab5a46922ab72fb79c5ad4f4
global,1952,,,,8ad201e80244f630ab5a46922ab72fb79c5ad4f4
global,1953,,,,8ad201e80244f630ab5a46922ab72fb79c5ad4f4
global,1954,,,,8ad201e80244f630ab5a46922ab72fb79c5ad4f4
global,1955,,,,8ad201e80244f630ab5a46922ab72fb79c5ad4f4
global,1956,コンパンのキバ,콘팡의이빨,Venonat Fang,8ad201e80244f630ab5a46922ab72fb79c5ad4f4
global,1957,ディグダのつち,디그다의흙,Diglett Dirt,8ad201e80244f630ab5a46922ab72fb79c5ad4f4
global,1958,ニャースのけ,나옹의털,Meowth Fur,8ad201e80244f630ab5a46922ab72fb79c5ad4f4
global,1959,コダックのうもう,고라파덕의솜털,Psyduck Down,8ad201e80244f630ab5a46922ab72fb79c5ad4f4
global,1960,マンキーのけ,망키의털,Mankey Fur,8ad201e80244f630ab5a46922ab72fb79c5ad4f4
global,1961,ガーディのけ,가디의털,Growlithe Fur,8ad201e80244f630ab5a46922ab72fb79c5ad4f4
global,1962,ヤドンのツメ,야돈의발톱,Slowpoke Claw,8ad201e80244f630ab5a46922ab72fb79c5ad4f4
global,1963,コイルのねじ,코일의나사,Magnemite Screw,8ad201e80244f630ab5a46922ab72fb79c5ad4f4
global,1964,ベトベターのどくそ,질퍽이의독소,Grimer Toxin,8ad201e80244f630ab5a46922ab72fb79c5ad4f4
global,1965,シェルダーのしんじゅ,셀러의진주,Shellder Pearl,8ad201e80244f630ab5a46922ab72fb79c5ad4f4
global,1966,ゴースのガス,고오스의가스,Gastly Gas,8ad201e80244f630ab5a46922ab72fb79c5ad4f4
global,1967,スリープのけ,슬리프의털,Drowzee Fur,8ad201e80244f630ab5a46922ab72fb79c5ad4f4
global,1968,ビリリダマのでんき,찌리리공의전기,Voltorb Sparks,8ad201e80244f630ab5a46922ab72fb79c5ad4f4
global,1969,ストライクのツメ,스라크의발톱,Scyther Claw,8ad201e80244f630ab5a46922ab72fb79c5ad4f4
global,1970,ケンタロスのけ,켄타로스의털,Tauros Hair,8ad201e80244f630ab5a46922ab72fb79c5ad4f4
global,1971,コイキングのウロコ,잉어킹의비늘,Magikarp Scales,8ad201e80244f630ab5a46922ab72fb79c5ad4f4
global,1972,メタモンのべたべた,메타몽의끈끈이,Ditto Goo,8ad201e80244f630ab5a46922ab72fb79c5ad4f4
global,1973,イーブイのけ,이브이의털,Eevee Fur,8ad201e80244f630ab5a46922ab72fb79c5ad4f4
global,1974,ミニリュウのウロコ,미뇽의비늘,Dratini Scales,8ad201e80244f630ab5a46922ab72fb79c5ad4f4
global,1975,ピチューのけ,피츄의털,Pichu Fur,8ad201e80244f630ab5a46922ab72fb79c5ad4f4
global,1976,ププリンのけ,푸푸린의털,Igglybuff Fluff,8ad201e80244f630ab5a46922ab72fb79c5ad4f4
global,1977,メリープのけだま,메리프의털뭉치,Mareep Wool,8ad201e80244f630ab5a46922ab72fb79c5ad4f4
global,1978,ハネッコのはっぱ,통통코의잎,Hoppip Leaf,8ad201e80244f630ab5a46922ab72fb79c5ad4f4
global,1979,ヒマナッツのはっぱ,해너츠의잎,Sunkern Leaf,8ad201e80244f630ab5a46922ab72fb79c5ad4f4
global,1980,ヤミカラスのおたから,니로우의보물,Murkrow Bauble,8ad201e80244f630ab5a46922ab72fb79c5ad4f4
global,1981,ムウマのなみだ,무우마의눈물,Misdreavus Tears,8ad201e80244f630ab5a46922ab72fb79c5ad4f4
global,1982,キリンリキのけ,키링키의털,Girafarig Fur,8ad201e80244f630ab5a46922ab72fb79c5ad4f4
global,1983,クヌギダマのから,피콘의껍데기,Pineco Husk,8ad201e80244f630ab5a46922ab72fb79c5ad4f4
global,1984,ノコッチのウロコ,노고치의비늘,Dunsparce Scales,8ad201e80244f630ab5a46922ab72fb79c5ad4f4
global,1985,ハリーセンのトゲ,침바루의가시,Qwilfish Spines,8ad201e80244f630ab5a46922ab72fb79c5ad4f4
global,1986,ヘラクロスのツメ,헤라크로스의발톱,Heracross Claw,8ad201e80244f630ab5a46922ab72fb79c5ad4f4
global,1987,ニューラのツメ,포푸니의손톱,Sneasel Claw,8ad201e80244f630ab5a46922ab72fb79c5ad4f4
global,1988,ヒメグマのツメ,깜지곰의손톱,Teddiursa Claw,8ad201e80244f630ab5a46922ab72fb79c5ad4f4
global,1989,デリバードのにもつ,딜리버드의짐,Delibird Parcel,8ad201e80244f630ab5a46922ab72fb79c5ad4f4
global,1990,デルビルのキバ,델빌의이빨,Houndour Fang,8ad201e80244f630ab5a46922ab72fb79c5ad4f4
global,1991,ゴマゾウのツメ,코코리의발톱,Phanpy Nail,8ad201e80244f630ab5a46922ab72fb79c5ad4f4
global,1992,オドシシのけ,노라키의털,Stantler Hair,8ad201e80244f630ab5a46922ab72fb79c5ad4f4
global,1993,ヨーギラスのツメ,애버라스의발톱,Larvitar Claw,8ad201e80244f630ab5a46922ab72fb79c5ad4f4
global,1994,キャモメのはね,갈모매의깃털,Wingull Feather,8ad201e80244f630ab5a46922ab72fb79c5ad4f4
global,1995,ラルトスのおとしもの,랄토스의유실물,Ralts Dust,8ad201e80244f630ab5a46922ab72fb79c5ad4f4
global,1996,アメタマのミツ,비구술의꿀,Surskit Syrup,8ad201e80244f630ab5a46922ab72fb79c5ad4f4
global,1997,キノココのほうし,버섯꼬의포자,Shroomish Spores,8ad201e80244f630ab5a46922ab72fb79c5ad4f4
global,1998,ナマケロのけ,게을로의털,Slakoth Fur,8ad201e80244f630ab5a46922ab72fb79c5ad4f4
global,1999,マクノシタのあせ,마크탕의땀,Makuhita Sweat,8ad201e80244f630ab5a46922ab72fb79c5ad4f4
global,2000,ルリリのけ,루리리의털,Azurill Fur,8ad201e80244f630ab5a46922ab72fb79c5ad4f4
global,2001,ヤミラミのほうせき,깜까미의보석,Sableye Gem,8ad201e80244f630ab5a46922ab72fb79c5ad4f4
global,2002,アサナンのあせ,요가랑의땀,Meditite Sweat,8ad201e80244f630ab5a46922ab72fb79c5ad4f4
global,2003,ゴクリンのねんえき,꼴깍몬의점액,Gulpin Mucus,8ad201e80244f630ab5a46922ab72fb79c5ad4f4
global,2004,ドンメルのようがん,둔타의용암,Numel Lava,8ad201e80244f630ab5a46922ab72fb79c5ad4f4
global,2005,コータスのせきたん,코터스의석탄,Torkoal Coal,8ad201e80244f630ab5a46922ab72fb79c5ad4f4
global,2006,バネブーのしんじゅ,피그점프의진주,Spoink Pearl,8ad201e80244f630ab5a46922ab72fb79c5ad4f4
global,2007,サボネアのトゲ,선인왕의가시,Cacnea Needle,8ad201e80244f630ab5a46922ab72fb79c5ad4f4
global,2008,チルットのはね,파비코의깃털,Swablu Fluff,8ad201e80244f630ab5a46922ab72fb79c5ad4f4
global,2009,ザングースのツメ,쟝고의발톱,Zangoose Claw,8ad201e80244f630ab5a46922ab72fb79c5ad4f4
global,2010,ハブネークのキバ,세비퍼의이빨,Seviper Fang,8ad201e80244f630ab5a46922ab72fb79c5ad4f4
global,2011,ドジョッチのねんえき,미꾸리의점액,Barboach Slime,8ad201e80244f630ab5a46922ab72fb79c5ad4f4
global,2012,カゲボウズのきれはし,어둠대신의천조각,Shuppet Scrap,8ad201e80244f630ab5a46922ab72fb79c5ad4f4
global,2013,トロピウスのはっぱ,트로피우스의잎,Tropius Leaf,8ad201e80244f630ab5a46922ab72fb79c5ad4f4
global,2014,ユキワラシのけ,눈꼬마의털,Snorunt Fur,8ad201e80244f630ab5a46922ab72fb79c5ad4f4
global,2015,ラブカスのウロコ,사랑동이의비늘,Luvdisc Scales,8ad201e80244f630ab5a46922ab72fb79c5ad4f4
global,2016,タツベイのウロコ,아공이의비늘,Bagon Scales,8ad201e80244f630ab5a46922ab72fb79c5ad4f4
global,2017,ムックルのはね,찌르꼬의깃털,Starly Feather,8ad201e80244f630ab5a46922ab72fb79c5ad4f4
global,2018,コロボーシのぬけがら,귀뚤뚜기의허물,Kricketot Shell,8ad201e80244f630ab5a46922ab72fb79c5ad4f4
global,2019,コリンクのキバ,꼬링크의이빨,Shinx Fang,8ad201e80244f630ab5a46922ab72fb79c5ad4f4
global,2020,ミツハニーのミツ,세꿀버리의꿀,Combee Honey,8ad201e80244f630ab5a46922ab72fb79c5ad4f4
global,2021,パチリスのけ,파치리스의털,Pachirisu Fur,8ad201e80244f630ab5a46922ab72fb79c5ad4f4
global,2022,ブイゼルのけ,브이젤의털,Buizel Fur,8ad201e80244f630ab5a46922ab72fb79c5ad4f4
global,2023,カラナクシのねんえき,깝질무의점액,Shellos Mucus,8ad201e80244f630ab5a46922ab72fb79c5ad4f4
global,2024,フワンテのガス,흔들풍손의가스,Drifloon Gas,8ad201e80244f630ab5a46922ab72fb79c5ad4f4
global,2025,スカンプーのけ,스컹뿡의털,Stunky Fur,8ad201e80244f630ab5a46922ab72fb79c5ad4f4
global,2026,ドーミラーのかけら,동미러의조각,Bronzor Fragment,8ad201e80244f630ab5a46922ab72fb79c5ad4f4
global,2027,ウソハチのなみだ,꼬지지의눈물,Bonsly Tears,8ad201e80244f630ab5a46922ab72fb79c5ad4f4
global,2028,ピンプクのおとしもの,핑복의유실물,Happiny Dust,8ad201e80244f630ab5a46922ab72fb79c5ad4f4
global,2029,ミカルゲのかけら,화강돌의조각,Spiritomb Fragment,8ad201e80244f630ab5a46922ab72fb79c5ad4f4
global,2030,フカマルのウロコ,딥상어동의비늘,Gible Scales,8ad201e80244f630ab5a46922ab72fb79c5ad4f4
global,2031,リオルのけ,리오르의털,Riolu Fur,8ad201e80244f630ab5a46922ab72fb79c5ad4f4
global,2032,ヒポポタスのすな,히포포타스의모래,Hippopotas Sand,8ad201e80244f630ab5a46922ab72fb79c5ad4f4
global,2033,グレッグルのどくそ,삐딱구리의독소,Croagunk Poison,8ad201e80244f630ab5a46922ab72fb79c5ad4f4
global,2034,ケイコウオのウロコ,형광어의비늘,Finneon Scales,8ad201e80244f630ab5a46922ab72fb79c5ad4f4
global,2035,ユキカブリのみ,눈쓰개의열매,Snover Berries,8ad201e80244f630ab5a46922ab72fb79c5ad4f4
global,2036,ロトムのでんき,로토무의전기,Rotom Sparks,8ad201e80244f630ab5a46922ab72fb79c5ad4f4
global,2037,チュリネのはっぱ,치릴리의잎,Petilil Leaf,8ad201e80244f630ab5a46922ab72fb79c5ad4f4
global,2038,バスラオのキバ,배쓰나이의이빨,Basculin Fang,8ad201e80244f630ab5a46922ab72fb79c5ad4f4
global,2039,メグロコのツメ,깜눈크의발톱,Sandile Claw,8ad201e80244f630ab5a46922ab72fb79c5ad4f4
global,2040,ゾロアのけ,조로아의털,Zorua Fur,8ad201e80244f630ab5a46922ab72fb79c5ad4f4
global,2041,ゴチムのまつげ,고디탱의속눈썹,Gothita Eyelash,8ad201e80244f630ab5a46922ab72fb79c5ad4f4
global,2042,シキジカのけ,사철록의털,Deerling Hair,8ad201e80244f630ab5a46922ab72fb79c5ad4f4
global,2043,タマゲタケのほうし,깜놀버슬의포자,Foongus Spores,8ad201e80244f630ab5a46922ab72fb79c5ad4f4
global,2044,ママンボウのねんえき,맘복치의점액,Alomomola Mucus,8ad201e80244f630ab5a46922ab72fb79c5ad4f4
global,2045,シビシラスのねんえき,저리어의점액,Tynamo Slime,8ad201e80244f630ab5a46922ab72fb79c5ad4f4
global,2046,キバゴのウロコ,터검니의비늘,Axew Scales,8ad201e80244f630ab5a46922ab72fb79c5ad4f4
global,2047,クマシュンのけ,코고미의털,Cubchoo Fur,8ad201e80244f630ab5a46922ab72fb79c5ad4f4
global,2048,フリージオのこおり,프리지오의얼음,Cryogonal Ice,8ad201e80244f630ab5a46922ab72fb79c5ad4f4
global,2049,コマタナのやいば,자망칼의칼날,Pawniard Blade,8ad201e80244f630ab5a46922ab72fb79c5ad4f4
global,2050,ワシボンのはね,수리둥보의깃털,Rufflet Feather,8ad201e80244f630ab5a46922ab72fb79c5ad4f4
global,2051,モノズのウロコ,모노두의비늘,Deino Scales,8ad201e80244f630ab5a46922ab72fb79c5ad4f4
global,2052,メラルバのけ,활화르바의털,Larvesta Fuzz,8ad201e80244f630ab5a46922ab72fb79c5ad4f4
global,2053,ヤヤコマのはね,화살꼬빈의깃털,Fletchling Feather,8ad201e80244f630ab5a46922ab72fb79c5ad4f4
global,2054,コフキムシのこな,분이벌레의가루,Scatterbug Powder,8ad201e80244f630ab5a46922ab72fb79c5ad4f4
global,2055,シシコのたてがみ,레오꼬의갈기,Litleo Tuft,8ad201e80244f630ab5a46922ab72fb79c5ad4f4
global,2056,フラベベのかふん,플라베베의꽃가루,Flabébé Pollen,8ad201e80244f630ab5a46922ab72fb79c5ad4f4
global,2057,メェークルのはっぱ,메이클의잎,Skiddo Leaf,8ad201e80244f630ab5a46922ab72fb79c5ad4f4
global,2058,クズモーのもくず,수레기의해초,Skrelp Kelp,8ad201e80244f630ab5a46922ab72fb79c5ad4f4
global,2059,ウデッポウのハサミ,완철포의집게,Clauncher Claw,8ad201e80244f630ab5a46922ab72fb79c5ad4f4
global,2060,ルチャブルのうもう,루차불의솜털,Hawlucha Down,8ad201e80244f630ab5a46922ab72fb79c5ad4f4
global,2061,デデンネのけ,데덴네의털,Dedenne Fur,8ad201e80244f630ab5a46922ab72fb79c5ad4f4
global,2062,ヌメラのねんえき,미끄메라의점액,Goomy Goo,8ad201e80244f630ab5a46922ab72fb79c5ad4f4
global,2063,クレッフィのかぎ,클레피의열쇠,Klefki Key,8ad201e80244f630ab5a46922ab72fb79c5ad4f4
global,2064,カチコールのこおり,꽁어름의얼음,Bergmite Ice,8ad201e80244f630ab5a46922ab72fb79c5ad4f4
global,2065,オンバットのけ,음뱃의털,Noibat Fur,8ad201e80244f630ab5a46922ab72fb79c5ad4f4
global,2066,ヤングースのけ,영구스의털,Yungoos Fur,8ad201e80244f630ab5a46922ab72fb79c5ad4f4
global,2067,マケンカニのから,오기지게의껍데기,Crabrawler Shell,8ad201e80244f630ab5a46922ab72fb79c5ad4f4
global,2068,オドリドリのはね,춤추새의깃털,Oricorio Feather,8ad201e80244f630ab5a46922ab72fb79c5ad4f4
global,2069,イワンコのいわ,암멍이의바위,Rockruff Rock,8ad201e80244f630ab5a46922ab72fb79c5ad4f4
global,2070,ヒドイデのトゲ,시마사리의가시,Mareanie Spike,8ad201e80244f630ab5a46922ab72fb79c5ad4f4
global,2071,ドロバンコのどろ,머드나기의진흙,Mudbray Mud,8ad201e80244f630ab5a46922ab72fb79c5ad4f4
global,2072,カリキリのはっぱ,짜랑랑의잎,Fomantis Leaf,8ad201e80244f630ab5a46922ab72fb79c5ad4f4
global,2073,ヤトウモリのガス,야도뇽의가스,Salandit Gas,8ad201e80244f630ab5a46922ab72fb79c5ad4f4
global,2074,アマカジのあせ,달콤아의땀,Bounsweet Sweat,8ad201e80244f630ab5a46922ab72fb79c5ad4f4
global,2075,ヤレユータンのけ,하랑우탄의털,Oranguru Fur,8ad201e80244f630ab5a46922ab72fb79c5ad4f4
global,2076,ナゲツケサルのけ,내던숭이의털,Passimian Fur,8ad201e80244f630ab5a46922ab72fb79c5ad4f4
global,2077,スナバァのすな,모래꿍의모래,Sandygast Sand,8ad201e80244f630ab5a46922ab72fb79c5ad4f4
global,2078,ネッコアラのツメ,자말라의발톱,Komala Claw,8ad201e80244f630ab5a46922ab72fb79c5ad4f4
global,2079,ミミッキュのきれはし,따라큐의천조각,Mimikyu Scrap,8ad201e80244f630ab5a46922ab72fb79c5ad4f4
global,2080,ハギギシリのは,치갈기의이빨,Bruxish Tooth,8ad201e80244f630ab5a46922ab72fb79c5ad4f4
global,2081,カムカメのツメ,깨물부기의발톱,Chewtle Claw,8ad201e80244f630ab5a46922ab72fb79c5ad4f4
global,2082,ホシガリスのけ,탐리스의털,Skwovet Fur,8ad201e80244f630ab5a46922ab72fb79c5ad4f4
global,2083,サシカマスのウロコ,찌로꼬치의비늘,Arrokuda Scales,8ad201e80244f630ab5a46922ab72fb79c5ad4f4
global,2084,ココガラのはね,파라꼬의깃털,Rookidee Feather,8ad201e80244f630ab5a46922ab72fb79c5ad4f4
global,2085,エレズンのでんき,일레즌의전기,Toxel Sparks,8ad201e80244f630ab5a46922ab72fb79c5ad4f4
global,2086,タイレーツのあせ,대여르의땀,Falinks Sweat,8ad201e80244f630ab5a46922ab72fb79c5ad4f4
global,2087,ゾウドウのさび,끼리동의녹,Cufant Tarnish,8ad201e80244f630ab5a46922ab72fb79c5ad4f4
global,2088,タンドンのせきたん,탄동의석탄,Rolycoly Coal,8ad201e80244f630ab5a46922ab72fb79c5ad4f4
global,2089,スナヘビのすな,모래뱀의모래,Silicobra Sand,8ad201e80244f630ab5a46922ab72fb79c5ad4f4
global,2090,イエッサンのけ,에써르의털,Indeedee Fur,8ad201e80244f630ab5a46922ab72fb79c5ad4f4
global,2091,バチンウニのはり,찌르성게의가시,Pincurchin Spines,8ad201e80244f630ab5a46922ab72fb79c5ad4f4
global,2092,ユキハミのいと,누니머기의실,Snom Thread,8ad201e80244f630ab5a46922ab72fb79c5ad4f4
global,2093,ベロバーのけ,메롱꿍의털,Impidimp Hair,8ad201e80244f630ab5a46922ab72fb79c5ad4f4
global,2094,カジッチュのかじゅう,과사삭벌레의과즙,Applin Juice,8ad201e80244f630ab5a46922ab72fb79c5ad4f4
global,2095,ヤバチャのかけら,데인차의조각,Sinistea Chip,8ad201e80244f630ab5a46922ab72fb79c5ad4f4
global,2096,ミブリムのおとしもの,몸지브림의유실물,Hatenna Dust,8ad201e80244f630ab5a46922ab72fb79c5ad4f4
global,2097,イシヘンジンのいわ,돌헨진의바위,Stonjourner Stone,8ad201e80244f630ab5a46922ab72fb79c5ad4f4
global,2098,コオリッポのうもう,빙큐보의솜털,Eiscue Down,8ad201e80244f630ab5a46922ab72fb79c5ad4f4
global,2099,ドラメシヤのこな,드라꼰의가루,Dreepy Powder,8ad201e80244f630ab5a46922ab72fb79c5ad4f4
global,2100,,,,8ad201e80244f630ab5a46922ab72fb79c5ad4f4
global,2101,,,,8ad201e80244f630ab5a46922ab72fb79c5ad4f4
global,2102,,,,8ad201e80244f630ab5a46922ab72fb79c5ad4f4
global,2103,グルトンのけ,맛보돈의털,Lechonk Hair,8ad201e80244f630ab5a46922ab72fb79c5ad4f4
global,2104,タマンチュラのいと,타랜툴라의실,Tarountula Thread,8ad201e80244f630ab5a46922ab72fb79c5ad4f4
global,2105,マメバッタのツメ,콩알뚜기의발톱,Nymble Claw,8ad201e80244f630ab5a46922ab72fb79c5ad4f4
global,2106,シガロコのどろ,구르데의진흙,Rellor Mud,8ad201e80244f630ab5a46922ab72fb79c5ad4f4
global,2107,ボチのろう,망망이의촛농,Greavard Wax,8ad201e80244f630ab5a46922ab72fb79c5ad4f4
global,2108,ヒラヒナのうもう,하느라기의솜털,Flittle Down,8ad201e80244f630ab5a46922ab72fb79c5ad4f4
global,2109,ウミディグダのすな,바다그다의모래,Wiglett Sand,8ad201e80244f630ab5a46922ab72fb79c5ad4f4
global,2110,ヘイラッシャのヒゲ,어써러셔의수염,Dondozo Whisker,8ad201e80244f630ab5a46922ab72fb79c5ad4f4
global,2111,ミガルーサのきりみ,가비루사의토막,Veluza Fillet,8ad201e80244f630ab5a46922ab72fb79c5ad4f4
global,2112,ナミイルカのねんえき,맨돌핀의점액,Finizen Mucus,8ad201e80244f630ab5a46922ab72fb79c5ad4f4
global,2113,ミニーブのオイル,미니브의오일,Smoliv Oil,8ad201e80244f630ab5a46922ab72fb79c5ad4f4
global,2114,カプサイジのたね,캡싸이의씨앗,Capsakid Seed,8ad201e80244f630ab5a46922ab72fb79c5ad4f4
global,2115,ズピカのねんえき,빈나두의점액,Tadbulb Mucus,8ad201e80244f630ab5a46922ab72fb79c5ad4f4
global,2116,ブロロンのガス,부르롱의가스,Varoom Fume,8ad201e80244f630ab5a46922ab72fb79c5ad4f4
global,2117,ミミズズのさび,꿈트렁의녹,Orthworm Tarnish,8ad201e80244f630ab5a46922ab72fb79c5ad4f4
global,2118,ワッカネズミのけ,두리쥐의털,Tandemaus Fur,8ad201e80244f630ab5a46922ab72fb79c5ad4f4
global,2119,アルクジラのあぶら,터벅고래의기름,Cetoddle Grease,8ad201e80244f630ab5a46922ab72fb79c5ad4f4
global,2120,セビエのウロコ,드니차의비늘,Frigibax Scales,8ad201e80244f630ab5a46922ab72fb79c5ad4f4
global,2121,シャリタツのウロコ,싸리용의비늘,Tatsugiri Scales,8ad201e80244f630ab5a46922ab72fb79c5ad4f4
global,2122,モトトカゲのウロコ,모토마의비늘,Cyclizar Scales,8ad201e80244f630ab5a46922ab72fb79c5ad4f4
global,2123,パモのけ,빠모의털,Pawmi Fur,8ad201e80244f630ab5a46922ab72fb79c5ad4f4
global,2124,,,,8ad201e80244f630ab5a46922ab72fb79c5ad4f4
global,2125,,,,8ad201e80244f630ab5a46922ab72fb79c5ad4f4
global,2126,カイデンのはね,찌리비의깃털,Wattrel Feather,8ad201e80244f630ab5a46922ab72fb79c5ad4f4
global,2127,オトシドリのはね,떨구새의깃털,Bombirdier Feather,8ad201e80244f630ab5a46922ab72fb79c5ad4f4
global,2128,イキリンコのはね,시비꼬의깃털,Squawkabilly Feather,8ad201e80244f630ab5a46922ab72fb79c5ad4f4
global,2129,カラミンゴのうもう,꼬이밍고의솜털,Flamigo Down,8ad201e80244f630ab5a46922ab72fb79c5ad4f4
global,2130,ガケガニのハサミ,절벼게의집게,Klawf Claw,8ad201e80244f630ab5a46922ab72fb79c5ad4f4
global,2131,コジオのしお,베베솔트의소금,Nacli Salt,8ad201e80244f630ab5a46922ab72fb79c5ad4f4
global,2132,キラーメのけっしょう,초롱순의결정,Glimmet Crystal,8ad201e80244f630ab5a46922ab72fb79c5ad4f4
global,2133,シルシュルーのインク,땃쭈르의잉크,Shroodle Ink,8ad201e80244f630ab5a46922ab72fb79c5ad4f4
global,2134,パピモッチのけ,쫀도기의털,Fidough Fur,8ad201e80244f630ab5a46922ab72fb79c5ad4f4
global,2135,オラチフのキバ,오라티프의이빨,Maschiff Fang,8ad201e80244f630ab5a46922ab72fb79c5ad4f4
global,2136,アノクサのえだ,그푸리의가지,Bramblin Twig,8ad201e80244f630ab5a46922ab72fb79c5ad4f4
global,2137,コレクレーのコイン,모으령의코인,Gimmighoul Coin,8ad201e80244f630ab5a46922ab72fb79c5ad4f4
global,2138,,,,8ad201e80244f630ab5a46922ab72fb79c5ad4f4
global,2139,,,,8ad201e80244f630ab5a46922ab72fb79c5ad4f4
global,2140,,,,8ad201e80244f630ab5a46922ab72fb79c5ad4f4
global,2141,,,,8ad201e80244f630ab5a46922ab72fb79c5ad4f4
global,2142,,,,8ad201e80244f630ab5a46922ab72fb79c5ad4f4
global,2143,,,,8ad201e80244f630ab5a46922ab72fb79c5ad4f4
global,2144,,,,8ad201e80244f630ab5a46922ab72fb79c5ad4f4
global,2145,,,,8ad201e80244f630ab5a46922ab72fb79c5ad4f4
global,2146,,,,8ad201e80244f630ab5a46922ab72fb79c5ad4f4
global,2147,,,,8ad201e80244f630ab5a46922ab72fb79c5ad4f4
global,2148,,,,8ad201e80244f630ab5a46922ab72fb79c5ad4f4
global,2149,,,,8ad201e80244f630ab5a46922ab72fb79c5ad4f4
global,2150,,,,8ad201e80244f630ab5a46922ab72fb79c5ad4f4
global,2151,,,,8ad201e80244f630ab5a46922ab72fb79c5ad4f4
global,2152,,,,8ad201e80244f630ab5a46922ab72fb79c5ad4f4
global,2153,,,,8ad201e80244f630ab5a46922ab72fb79c5ad4f4
global,2154,,,,8ad201e80244f630ab5a46922ab72fb79c5ad4f4
global,2155,,,,8ad201e80244f630ab5a46922ab72fb79c5ad4f4
global,2156,カヌチャンのけ,어리짱의털,Tinkatink Hair,8ad201e80244f630ab5a46922ab72fb79c5ad4f4
global,2157,カルボウのすす,카르본의검댕,Charcadet Soot,8ad201e80244f630ab5a46922ab72fb79c5ad4f4
global,2158,ノノクラゲのヒラヒラ,들눈해의갓,Toedscool Flaps,8ad201e80244f630ab5a46922ab72fb79c5ad4f4
global,2159,ウパーのねんえき,우파의점액,Wooper Slime,8ad201e80244f630ab5a46922ab72fb79c5ad4f4
global,2160,わざマシン１００,기술머신100,TM100,8ad201e80244f630ab5a46922ab72fb79c5ad4f4
global,2161,わざマシン１０１,기술머신101,TM101,8ad201e80244f630ab5a46922ab72fb79c5ad4f4
global,2162,わざマシン１０２,기술머신102,TM102,8ad201e80244f630ab5a46922ab72fb79c5ad4f4
global,2163,わざマシン１０３,기술머신103,TM103,8ad201e80244f630ab5a46922ab72fb79c5ad4f4
global,2164,わざマシン１０４,기술머신104,TM104,8ad201e80244f630ab5a46922ab72fb79c5ad4f4
global,2165,わざマシン１０５,기술머신105,TM105,8ad201e80244f630ab5a46922ab72fb79c5ad4f4
global,2166,わざマシン１０６,기술머신106,TM106,8ad201e80244f630ab5a46922ab72fb79c5ad4f4
global,2167,わざマシン１０７,기술머신107,TM107,8ad201e80244f630ab5a46922ab72fb79c5ad4f4
global,2168,わざマシン１０８,기술머신108,TM108,8ad201e80244f630ab5a46922ab72fb79c5ad4f4
global,2169,わざマシン１０９,기술머신109,TM109,8ad201e80244f630ab5a46922ab72fb79c5ad4f4
global,2170,わざマシン１１０,기술머신110,TM110,8ad201e80244f630ab5a46922ab72fb79c5ad4f4
global,2171,わざマシン１１１,기술머신111,TM111,8ad201e80244f630ab5a46922ab72fb79c5ad4f4
global,2172,わざマシン１１２,기술머신112,TM112,8ad201e80244f630ab5a46922ab72fb79c5ad4f4
global,2173,わざマシン１１３,기술머신113,TM113,8ad201e80244f630ab5a46922ab72fb79c5ad4f4
global,2174,わざマシン１１４,기술머신114,TM114,8ad201e80244f630ab5a46922ab72fb79c5ad4f4
global,2175,わざマシン１１５,기술머신115,TM115,8ad201e80244f630ab5a46922ab72fb79c5ad4f4
global,2176,わざマシン１１６,기술머신116,TM116,8ad201e80244f630ab5a46922ab72fb79c5ad4f4
global,2177,わざマシン１１７,기술머신117,TM117,8ad201e80244f630ab5a46922ab72fb79c5ad4f4
global,2178,わざマシン１１８,기술머신118,TM118,8ad201e80244f630ab5a46922ab72fb79c5ad4f4
global,2179,わざマシン１１９,기술머신119,TM119,8ad201e80244f630ab5a46922ab72fb79c5ad4f4
global,2180,わざマシン１２０,기술머신120,TM120,8ad201e80244f630ab5a46922ab72fb79c5ad4f4
global,2181,わざマシン１２１,기술머신121,TM121,8ad201e80244f630ab5a46922ab72fb79c5ad4f4
global,2182,わざマシン１２２,기술머신122,TM122,8ad201e80244f630ab5a46922ab72fb79c5ad4f4
global,2183,わざマシン１２３,기술머신123,TM123,8ad201e80244f630ab5a46922ab72fb79c5ad4f4
global,2184,わざマシン１２４,기술머신124,TM124,8ad201e80244f630ab5a46922ab72fb79c5ad4f4
global,2185,わざマシン１２５,기술머신125,TM125,8ad201e80244f630ab5a46922ab72fb79c5ad4f4
global,2186,わざマシン１２６,기술머신126,TM126,8ad201e80244f630ab5a46922ab72fb79c5ad4f4
global,2187,わざマシン１２７,기술머신127,TM127,8ad201e80244f630ab5a46922ab72fb79c5ad4f4
global,2188,わざマシン１２８,기술머신128,TM128,8ad201e80244f630ab5a46922ab72fb79c5ad4f4
global,2189,わざマシン１２９,기술머신129,TM129,8ad201e80244f630ab5a46922ab72fb79c5ad4f4
global,2190,わざマシン１３０,기술머신130,TM130,8ad201e80244f630ab5a46922ab72fb79c5ad4f4
global,2191,わざマシン１３１,기술머신131,TM131,8ad201e80244f630ab5a46922ab72fb79c5ad4f4
global,2192,わざマシン１３２,기술머신132,TM132,8ad201e80244f630ab5a46922ab72fb79c5ad4f4
global,2193,わざマシン１３３,기술머신133,TM133,8ad201e80244f630ab5a46922ab72fb79c5ad4f4
global,2194,わざマシン１３４,기술머신134,TM134,8ad201e80244f630ab5a46922ab72fb79c5ad4f4
global,2195,わざマシン１３５,기술머신135,TM135,8ad201e80244f630ab5a46922ab72fb79c5ad4f4
global,2196,わざマシン１３６,기술머신136,TM136,8ad201e80244f630ab5a46922ab72fb79c5ad4f4
global,2197,わざマシン１３７,기술머신137,TM137,8ad201e80244f630ab5a46922ab72fb79c5ad4f4
global,2198,わざマシン１３８,기술머신138,TM138,8ad201e80244f630ab5a46922ab72fb79c5ad4f4
global,2199,わざマシン１３９,기술머신139,TM139,8ad201e80244f630ab5a46922ab72fb79c5ad4f4
global,2200,わざマシン１４０,기술머신140,TM140,8ad201e80244f630ab5a46922ab72fb79c5ad4f4
global,2201,わざマシン１４１,기술머신141,TM141,8ad201e80244f630ab5a46922ab72fb79c5ad4f4
global,2202,わざマシン１４２,기술머신142,TM142,8ad201e80244f630ab5a46922ab72fb79c5ad4f4
global,2203,わざマシン１４３,기술머신143,TM143,8ad201e80244f630ab5a46922ab72fb79c5ad4f4
global,2204,わざマシン１４４,기술머신144,TM144,8ad201e80244f630ab5a46922ab72fb79c5ad4f4
global,2205,わざマシン１４５,기술머신145,TM145,8ad201e80244f630ab5a46922ab72fb79c5ad4f4
global,2206,わざマシン１４６,기술머신146,TM146,8ad201e80244f630ab5a46922ab72fb79c5ad4f4
global,2207,わざマシン１４７,기술머신147,TM147,8ad201e80244f630ab5a46922ab72fb79c5ad4f4
global,2208,わざマシン１４８,기술머신148,TM148,8ad201e80244f630ab5a46922ab72fb79c5ad4f4
global,2209,わざマシン１４９,기술머신149,TM149,8ad201e80244f630ab5a46922ab72fb79c5ad4f4
global,2210,わざマシン１５０,기술머신150,TM150,8ad201e80244f630ab5a46922ab72fb79c5ad4f4
global,2211,わざマシン１５１,기술머신151,TM151,8ad201e80244f630ab5a46922ab72fb79c5ad4f4
global,2212,わざマシン１５２,기술머신152,TM152,8ad201e80244f630ab5a46922ab72fb79c5ad4f4
global,2213,わざマシン１５３,기술머신153,TM153,8ad201e80244f630ab5a46922ab72fb79c5ad4f4
global,2214,わざマシン１５４,기술머신154,TM154,8ad201e80244f630ab5a46922ab72fb79c5ad4f4
global,2215,わざマシン１５５,기술머신155,TM155,8ad201e80244f630ab5a46922ab72fb79c5ad4f4
global,2216,わざマシン１５６,기술머신156,TM156,8ad201e80244f630ab5a46922ab72fb79c5ad4f4
global,2217,わざマシン１５７,기술머신157,TM157,8ad201e80244f630ab5a46922ab72fb79c5ad4f4
global,2218,わざマシン１５８,기술머신158,TM158,8ad201e80244f630ab5a46922ab72fb79c5ad4f4
global,2219,わざマシン１５９,기술머신159,TM159,8ad201e80244f630ab5a46922ab72fb79c5ad4f4
global,2220,わざマシン１６０,기술머신160,TM160,8ad201e80244f630ab5a46922ab72fb79c5ad4f4
global,2221,わざマシン１６１,기술머신161,TM161,8ad201e80244f630ab5a46922ab72fb79c5ad4f4
global,2222,わざマシン１６２,기술머신162,TM162,8ad201e80244f630ab5a46922ab72fb79c5ad4f4
global,2223,わざマシン１６３,기술머신163,TM163,8ad201e80244f630ab5a46922ab72fb79c5ad4f4
global,2224,わざマシン１６４,기술머신164,TM164,8ad201e80244f630ab5a46922ab72fb79c5ad4f4
global,2225,わざマシン１６５,기술머신165,TM165,8ad201e80244f630ab5a46922ab72fb79c5ad4f4
global,2226,わざマシン１６６,기술머신166,TM166,8ad201e80244f630ab5a46922ab72fb79c5ad4f4
global,2227,わざマシン１６７,기술머신167,TM167,8ad201e80244f630ab5a46922ab72fb79c5ad4f4
global,2228,わざマシン１６８,기술머신168,TM168,8ad201e80244f630ab5a46922ab72fb79c5ad4f4
global,2229,わざマシン１６９,기술머신169,TM169,8ad201e80244f630ab5a46922ab72fb79c5ad4f4
global,2230,わざマシン１７０,기술머신170,TM170,8ad201e80244f630ab5a46922ab72fb79c5ad4f4
global,2231,わざマシン１７１,기술머신171,TM171,8ad201e80244f630ab5a46922ab72fb79c5ad4f4
global,2232,わざマシン１７２,기술머신172,TM172,8ad201e80244f630ab5a46922ab72fb79c5ad4f4
global,2233,わざマシン１７３,기술머신173,TM173,8ad201e80244f630ab5a46922ab72fb79c5ad4f4
global,2234,わざマシン１７４,기술머신174,TM174,8ad201e80244f630ab5a46922ab72fb79c5ad4f4
global,2235,わざマシン１７５,기술머신175,TM175,8ad201e80244f630ab5a46922ab72fb79c5ad4f4
global,2236,わざマシン１７６,기술머신176,TM176,8ad201e80244f630ab5a46922ab72fb79c5ad4f4
global,2237,わざマシン１７７,기술머신177,TM177,8ad201e80244f630ab5a46922ab72fb79c5ad4f4
global,2238,わざマシン１７８,기술머신178,TM178,8ad201e80244f630ab5a46922ab72fb79c5ad4f4
global,2239,わざマシン１７９,기술머신179,TM179,8ad201e80244f630ab5a46922ab72fb79c5ad4f4
global,2240,わざマシン１８０,기술머신180,TM180,8ad201e80244f630ab5a46922ab72fb79c5ad4f4
global,2241,わざマシン１８１,기술머신181,TM181,8ad201e80244f630ab5a46922ab72fb79c5ad4f4
global,2242,わざマシン１８２,기술머신182,TM182,8ad201e80244f630ab5a46922ab72fb79c5ad4f4
global,2243,わざマシン１８３,기술머신183,TM183,8ad201e80244f630ab5a46922ab72fb79c5ad4f4
global,2244,わざマシン１８４,기술머신184,TM184,8ad201e80244f630ab5a46922ab72fb79c5ad4f4
global,2245,わざマシン１８５,기술머신185,TM185,8ad201e80244f630ab5a46922ab72fb79c5ad4f4
global,2246,わざマシン１８６,기술머신186,TM186,8ad201e80244f630ab5a46922ab72fb79c5ad4f4
global,2247,わざマシン１８７,기술머신187,TM187,8ad201e80244f630ab5a46922ab72fb79c5ad4f4
global,2248,わざマシン１８８,기술머신188,TM188,8ad201e80244f630ab5a46922ab72fb79c5ad4f4
global,2249,わざマシン１８９,기술머신189,TM189,8ad201e80244f630ab5a46922ab72fb79c5ad4f4
global,2250,わざマシン１９０,기술머신190,TM190,8ad201e80244f630ab5a46922ab72fb79c5ad4f4
global,2251,わざマシン１９１,기술머신191,TM191,8ad201e80244f630ab5a46922ab72fb79c5ad4f4
global,2252,わざマシン１９２,기술머신192,TM192,8ad201e80244f630ab5a46922ab72fb79c5ad4f4
global,2253,わざマシン１９３,기술머신193,TM193,8ad201e80244f630ab5a46922ab72fb79c5ad4f4
global,2254,わざマシン１９４,기술머신194,TM194,8ad201e80244f630ab5a46922ab72fb79c5ad4f4
global,2255,わざマシン１９５,기술머신195,TM195,8ad201e80244f630ab5a46922ab72fb79c5ad4f4
global,2256,わざマシン１９６,기술머신196,TM196,8ad201e80244f630ab5a46922ab72fb79c5ad4f4
global,2257,わざマシン１９７,기술머신197,TM197,8ad201e80244f630ab5a46922ab72fb79c5ad4f4
global,2258,わざマシン１９８,기술머신198,TM198,8ad201e80244f630ab5a46922ab72fb79c5ad4f4
global,2259,わざマシン１９９,기술머신199,TM199,8ad201e80244f630ab5a46922ab72fb79c5ad4f4
global,2260,わざマシン２００,기술머신200,TM200,8ad201e80244f630ab5a46922ab72fb79c5ad4f4
global,2261,わざマシン２０１,기술머신201,TM201,8ad201e80244f630ab5a46922ab72fb79c5ad4f4
global,2262,わざマシン２０２,기술머신202,TM202,8ad201e80244f630ab5a46922ab72fb79c5ad4f4
global,2263,わざマシン２０３,기술머신203,TM203,8ad201e80244f630ab5a46922ab72fb79c5ad4f4
global,2264,わざマシン２０４,기술머신204,TM204,8ad201e80244f630ab5a46922ab72fb79c5ad4f4
global,2265,わざマシン２０５,기술머신205,TM205,8ad201e80244f630ab5a46922ab72fb79c5ad4f4
global,2266,わざマシン２０６,기술머신206,TM206,8ad201e80244f630ab5a46922ab72fb79c5ad4f4
global,2267,わざマシン２０７,기술머신207,TM207,8ad201e80244f630ab5a46922ab72fb79c5ad4f4
global,2268,わざマシン２０８,기술머신208,TM208,8ad201e80244f630ab5a46922ab72fb79c5ad4f4
global,2269,わざマシン２０９,기술머신209,TM209,8ad201e80244f630ab5a46922ab72fb79c5ad4f4
global,2270,わざマシン２１０,기술머신210,TM210,8ad201e80244f630ab5a46922ab72fb79c5ad4f4
global,2271,わざマシン２１１,기술머신211,TM211,8ad201e80244f630ab5a46922ab72fb79c5ad4f4
global,2272,わざマシン２１２,기술머신212,TM212,8ad201e80244f630ab5a46922ab72fb79c5ad4f4
global,2273,わざマシン２１３,기술머신213,TM213,8ad201e80244f630ab5a46922ab72fb79c5ad4f4
global,2274,わざマシン２１４,기술머신214,TM214,8ad201e80244f630ab5a46922ab72fb79c5ad4f4
global,2275,わざマシン２１５,기술머신215,TM215,8ad201e80244f630ab5a46922ab72fb79c5ad4f4
global,2276,わざマシン２１６,기술머신216,TM216,8ad201e80244f630ab5a46922ab72fb79c5ad4f4
global,2277,わざマシン２１７,기술머신217,TM217,8ad201e80244f630ab5a46922ab72fb79c5ad4f4
global,2278,わざマシン２１８,기술머신218,TM218,8ad201e80244f630ab5a46922ab72fb79c5ad4f4
global,2279,わざマシン２１９,기술머신219,TM219,8ad201e80244f630ab5a46922ab72fb79c5ad4f4
global,2280,わざマシン２２０,기술머신220,TM220,8ad201e80244f630ab5a46922ab72fb79c5ad4f4
global,2281,わざマシン２２１,기술머신221,TM221,8ad201e80244f630ab5a46922ab72fb79c5ad4f4
global,2282,わざマシン２２２,기술머신222,TM222,8ad201e80244f630ab5a46922ab72fb79c5ad4f4
global,2283,わざマシン２２３,기술머신223,TM223,8ad201e80244f630ab5a46922ab72fb79c5ad4f4
global,2284,わざマシン２２４,기술머신224,TM224,8ad201e80244f630ab5a46922ab72fb79c5ad4f4
global,2285,わざマシン２２５,기술머신225,TM225,8ad201e80244f630ab5a46922ab72fb79c5ad4f4
global,2286,わざマシン２２６,기술머신226,TM226,8ad201e80244f630ab5a46922ab72fb79c5ad4f4
global,2287,わざマシン２２７,기술머신227,TM227,8ad201e80244f630ab5a46922ab72fb79c5ad4f4
global,2288,わざマシン２２８,기술머신228,TM228,8ad201e80244f630ab5a46922ab72fb79c5ad4f4
global,2289,わざマシン２２９,기술머신229,TM229,8ad201e80244f630ab5a46922ab72fb79c5ad4f4
global,2290,,,,8ad201e80244f630ab5a46922ab72fb79c5ad4f4
global,2291,,,,8ad201e80244f630ab5a46922ab72fb79c5ad4f4
global,2292,,,,8ad201e80244f630ab5a46922ab72fb79c5ad4f4
global,2293,,,,8ad201e80244f630ab5a46922ab72fb79c5ad4f4
global,2294,,,,8ad201e80244f630ab5a46922ab72fb79c5ad4f4
global,2295,,,,8ad201e80244f630ab5a46922ab72fb79c5ad4f4
global,2296,,,,8ad201e80244f630ab5a46922ab72fb79c5ad4f4
global,2297,,,,8ad201e80244f630ab5a46922ab72fb79c5ad4f4
global,2298,,,,8ad201e80244f630ab5a46922ab72fb79c5ad4f4
global,2299,,,,8ad201e80244f630ab5a46922ab72fb79c5ad4f4
global,2300,,,,8ad201e80244f630ab5a46922ab72fb79c5ad4f4
global,2301,,,,8ad201e80244f630ab5a46922ab72fb79c5ad4f4
global,2302,,,,8ad201e80244f630ab5a46922ab72fb79c5ad4f4
global,2303,,,,8ad201e80244f630ab5a46922ab72fb79c5ad4f4
global,2304,,,,8ad201e80244f630ab5a46922ab72fb79c5ad4f4
global,2305,,,,8ad201e80244f630ab5a46922ab72fb79c5ad4f4
global,2306,,,,8ad201e80244f630ab5a46922ab72fb79c5ad4f4
global,2307,,,,8ad201e80244f630ab5a46922ab72fb79c5ad4f4
global,2308,,,,8ad201e80244f630ab5a46922ab72fb79c5ad4f4
global,2309,,,,8ad201e80244f630ab5a46922ab72fb79c5ad4f4
global,2310,,,,8ad201e80244f630ab5a46922ab72fb79c5ad4f4
global,2311,ピクニックセット,피크닉세트,Picnic Set,8ad201e80244f630ab5a46922ab72fb79c5ad4f4
global,2312,,,,8ad201e80244f630ab5a46922ab72fb79c5ad4f4
global,2313,スクールボトル,스쿨 보틀,Academy Bottle,8ad201e80244f630ab5a46922ab72fb79c5ad4f4
global,2314,スクールボトル,스쿨 보틀,Academy Bottle,8ad201e80244f630ab5a46922ab72fb79c5ad4f4
global,2315,みずたまボトル,물방울 보틀,Polka-Dot Bottle,8ad201e80244f630ab5a46922ab72fb79c5ad4f4
global,2316,ストライプボトル,줄무늬 보틀,Striped Bottle,8ad201e80244f630ab5a46922ab72fb79c5ad4f4
global,2317,ダイヤボトル,다이아 보틀,Diamond Bottle,8ad201e80244f630ab5a46922ab72fb79c5ad4f4
global,2318,スクールカップ,스쿨 컵,Academy Cup,8ad201e80244f630ab5a46922ab72fb79c5ad4f4
global,2319,スクールカップ,스쿨 컵,Academy Cup,8ad201e80244f630ab5a46922ab72fb79c5ad4f4
global,2320,たてストライプカップ,세로 줄무늬 컵,Striped Cup,8ad201e80244f630ab5a46922ab72fb79c5ad4f4
global,2321,みずたまカップ,물방울 컵,Polka-Dot Cup,8ad201e80244f630ab5a46922ab72fb79c5ad4f4
global,2322,フラワーカップ,플라워 컵,Flower Pattern Cup,8ad201e80244f630ab5a46922ab72fb79c5ad4f4
global,2323,スクールクロス,스쿨 테이블보,Academy Tablecloth,8ad201e80244f630ab5a46922ab72fb79c5ad4f4
global,2324,スクールクロス,스쿨 테이블보,Academy Tablecloth,8ad201e80244f630ab5a46922ab72fb79c5ad4f4
global,2325,ファンシークロス,팬시 테이블보,Whimsical Tablecloth,8ad201e80244f630ab5a46922ab72fb79c5ad4f4
global,2326,ネイチャークロス,네이처 테이블보,Leafy Tablecloth,8ad201e80244f630ab5a46922ab72fb79c5ad4f4
global,2327,うらめしクロス,원망 테이블보,Spooky Tablecloth,8ad201e80244f630ab5a46922ab72fb79c5ad4f4
global,2328,,,,8ad201e80244f630ab5a46922ab72fb79c5ad4f4
global,2329,スクールボール,스쿨볼,Academy Ball,8ad201e80244f630ab5a46922ab72fb79c5ad4f4
global,2330,スクールボール,스쿨볼,Academy Ball,8ad201e80244f630ab5a46922ab72fb79c5ad4f4
global,2331,マリルボール,마릴볼,Marill Ball,8ad201e80244f630ab5a46922ab72fb79c5ad4f4
global,2332,けいとボール,털실볼,Yarn Ball,8ad201e80244f630ab5a46922ab72fb79c5ad4f4
global,2333,ゲーミングボール,게이밍볼,Cyber Ball,8ad201e80244f630ab5a46922ab72fb79c5ad4f4
global,2334,ゴールドピック,골드 픽,Gold Pick,8ad201e80244f630ab5a46922ab72fb79c5ad4f4
global,2335,シルバーピック,실버 픽,Silver Pick,8ad201e80244f630ab5a46922ab72fb79c5ad4f4
global,2336,あかいはたピック,빨강 깃발 픽,Red-Flag Pick,8ad201e80244f630ab5a46922ab72fb79c5ad4f4
global,2337,あおいはたピック,파랑 깃발 픽,Blue-Flag Pick,8ad201e80244f630ab5a46922ab72fb79c5ad4f4
global,2338,ピカピカピック,피카피카 픽,Pika-Pika Pick,8ad201e80244f630ab5a46922ab72fb79c5ad4f4
global,2339,パチピカピック,윙크피카 픽,Winking Pika Pick,8ad201e80244f630ab5a46922ab72fb79c5ad4f4
global,2340,ブイブイピック,브이브이 픽,Vee-Vee Pick,8ad201e80244f630ab5a46922ab72fb79c5ad4f4
global,2341,ニコブイピック,방긋브이 픽,Smiling Vee Pick,8ad201e80244f630ab5a46922ab72fb79c5ad4f4
global,2342,あおボールピック,파랑 볼 픽,Blue Poké Ball Pick,8ad201e80244f630ab5a46922ab72fb79c5ad4f4
global,2343,,,,8ad201e80244f630ab5a46922ab72fb79c5ad4f4
global,2344,イワイノヨロイ,축복받은갑옷,Auspicious Armor,8ad201e80244f630ab5a46922ab72fb79c5ad4f4
global,2345,かしらのしるし,대장의징표,Leader’s Crest,8ad201e80244f630ab5a46922ab72fb79c5ad4f4
global,2346,,,,8ad201e80244f630ab5a46922ab72fb79c5ad4f4
global,2347,,,,8ad201e80244f630ab5a46922ab72fb79c5ad4f4
global,2348,ピンクボトル,핑크 보틀,Pink Bottle,8ad201e80244f630ab5a46922ab72fb79c5ad4f4
global,2349,ブルーボトル,블루 보틀,Blue Bottle,8ad201e80244f630ab5a46922ab72fb79c5ad4f4
global,2350,イエローボトル,옐로 보틀,Yellow Bottle,8ad201e80244f630ab5a46922ab72fb79c5ad4f4
global,2351,Rステンレスボトル,R 스테인리스 보틀,Steel Bottle (R),8ad201e80244f630ab5a46922ab72fb79c5ad4f4
global,2352,Yステンレスボトル,Y 스테인리스 보틀,Steel Bottle (Y),8ad201e80244f630ab5a46922ab72fb79c5ad4f4
global,2353,Bステンレスボトル,B 스테인리스 보틀,Steel Bottle (B),8ad201e80244f630ab5a46922ab72fb79c5ad4f4
global,2354,シルバーチタンボトル,실버 티탄 보틀,Silver Bottle,8ad201e80244f630ab5a46922ab72fb79c5ad4f4
global,2355,よこストライプカップ,가로 줄무늬 컵,Barred Cup,8ad201e80244f630ab5a46922ab72fb79c5ad4f4
global,2356,ダイヤカップ,다이아 컵,Diamond Pattern Cup,8ad201e80244f630ab5a46922ab72fb79c5ad4f4
global,2357,ファイヤーカップ,파이어 컵,Fire Pattern Cup,8ad201e80244f630ab5a46922ab72fb79c5ad4f4
global,2358,ピンクカップ,핑크 컵,Pink Cup,8ad201e80244f630ab5a46922ab72fb79c5ad4f4
global,2359,ブルーカップ,블루 컵,Blue Cup,8ad201e80244f630ab5a46922ab72fb79c5ad4f4
global,2360,イエローカップ,옐로 컵,Yellow Cup,8ad201e80244f630ab5a46922ab72fb79c5ad4f4
global,2361,ピカチュウカップ,피카츄 컵,Pikachu Cup,8ad201e80244f630ab5a46922ab72fb79c5ad4f4
global,2362,イーブイカップ,이브이 컵,Eevee Cup,8ad201e80244f630ab5a46922ab72fb79c5ad4f4
global,2363,ヤドンカップ,야돈 컵,Slowpoke Cup,8ad201e80244f630ab5a46922ab72fb79c5ad4f4
global,2364,シルバーチタンカップ,실버 티탄 컵,Silver Cup,8ad201e80244f630ab5a46922ab72fb79c5ad4f4
global,2365,バランスボール,밸런스볼,Exercise Ball,8ad201e80244f630ab5a46922ab72fb79c5ad4f4
global,2366,きいろチェッククロス,옐로 체크 테이블보,Plaid Tablecloth (Y),8ad201e80244f630ab5a46922ab72fb79c5ad4f4
global,2367,あおチェッククロス,블루 체크 테이블보,Plaid Tablecloth (B),8ad201e80244f630ab5a46922ab72fb79c5ad4f4
global,2368,あかチェッククロス,레드 체크 테이블보,Plaid Tablecloth (R),8ad201e80244f630ab5a46922ab72fb79c5ad4f4
global,2369,くさむらモノクロス,풀숲 흑백 테이블보,B&W Grass Tablecloth,8ad201e80244f630ab5a46922ab72fb79c5ad4f4
global,2370,しょうぶクロス,배틀 테이블보,Battle Tablecloth,8ad201e80244f630ab5a46922ab72fb79c5ad4f4
global,2371,かいじゅうクロス,괴수 테이블보,Monstrous Tablecloth,8ad201e80244f630ab5a46922ab72fb79c5ad4f4
global,2372,ストライプクロス,줄무늬 테이블보,Striped Tablecloth,8ad201e80244f630ab5a46922ab72fb79c5ad4f4
global,2373,ダイヤクロス,다이아 테이블보,Diamond Tablecloth,8ad201e80244f630ab5a46922ab72fb79c5ad4f4
global,2374,みずたまクロス,물방울 테이블보,Polka-Dot Tablecloth,8ad201e80244f630ab5a46922ab72fb79c5ad4f4
global,2375,パープルクロス,퍼플 테이블보,Lilac Tablecloth,8ad201e80244f630ab5a46922ab72fb79c5ad4f4
global,2376,ミントクロス,민트 테이블보,Mint Tablecloth,8ad201e80244f630ab5a46922ab72fb79c5ad4f4
global,2377,ベージュクロス,베이지 테이블보,Peach Tablecloth,8ad201e80244f630ab5a46922ab72fb79c5ad4f4
global,2378,イエロークロス,옐로 테이블보,Yellow Tablecloth,8ad201e80244f630ab5a46922ab72fb79c5ad4f4
global,2379,ブルークロス,블루 테이블보,Blue Tablecloth,8ad201e80244f630ab5a46922ab72fb79c5ad4f4
global,2380,ピンククロス,핑크 테이블보,Pink Tablecloth,8ad201e80244f630ab5a46922ab72fb79c5ad4f4
global,2381,ゴールドチタンボトル,골드 티탄 보틀,Gold Bottle,8ad201e80244f630ab5a46922ab72fb79c5ad4f4
global,2382,ブロンズチタンボトル,브론즈 티탄 보틀,Bronze Bottle,8ad201e80244f630ab5a46922ab72fb79c5ad4f4
global,2383,ゴールドチタンカップ,골드 티탄 컵,Gold Cup,8ad201e80244f630ab5a46922ab72fb79c5ad4f4
global,2384,ブロンズチタンカップ,브론즈 티탄 컵,Bronze Cup,8ad201e80244f630ab5a46922ab72fb79c5ad4f4
global,2385,みどりボールピック,초록 볼 픽,Green Poké Ball Pick,8ad201e80244f630ab5a46922ab72fb79c5ad4f4
global,2386,あかボールピック,빨강 볼 픽,Red Poké Ball Pick,8ad201e80244f630ab5a46922ab72fb79c5ad4f4
global,2387,おいわいはなびピック,축하 폭죽 픽,Party Sparkler Pick,8ad201e80244f630ab5a46922ab72fb79c5ad4f4
global,2388,ゆうしゃのけんピック,용사의 검 픽,Heroic Sword Pick,8ad201e80244f630ab5a46922ab72fb79c5ad4f4
global,2389,マジカルスターピック,매지컬 스타 픽,Magical Star Pick,8ad201e80244f630ab5a46922ab72fb79c5ad4f4
global,2390,マジカルハートピック,매지컬 하트 픽,Magical Heart Pick,8ad201e80244f630ab5a46922ab72fb79c5ad4f4
global,2391,パラソルピック,파라솔 픽,Parasol Pick,8ad201e80244f630ab5a46922ab72fb79c5ad4f4
global,2392,あおぞらおはなピック,푸른하늘 꽃 픽,Blue-Sky Flower Pick,8ad201e80244f630ab5a46922ab72fb79c5ad4f4
global,2393,ゆうやけおはなピック,저녁노을 꽃 픽,Sunset Flower Pick,8ad201e80244f630ab5a46922ab72fb79c5ad4f4
global,2394,あさやけおはなピック,아침노을 꽃 픽,Sunrise Flower Pick,8ad201e80244f630ab5a46922ab72fb79c5ad4f4
global,2395,ブループレート,블루 플레이트,Blue Dish,8ad201e80244f630ab5a46922ab72fb79c5ad4f4
global,2396,グリーンプレート,그린 플레이트,Green Dish,8ad201e80244f630ab5a46922ab72fb79c5ad4f4
global,2397,オレンジプレート,오렌지 플레이트,Orange Dish,8ad201e80244f630ab5a46922ab72fb79c5ad4f4
global,2398,レッドプレート,레드 플레이트,Red Dish,8ad201e80244f630ab5a46922ab72fb79c5ad4f4
global,2399,ホワイトプレート,화이트 플레이트,White Dish,8ad201e80244f630ab5a46922ab72fb79c5ad4f4
global,2400,イエロープレート,옐로 플레이트,Yellow Dish,8ad201e80244f630ab5a46922ab72fb79c5ad4f4
global,2401,ようせいのハネ,요정의깃털,Fairy Feather,8ad201e80244f630ab5a46922ab72fb79c5ad4f4
global,2402,みついりりんご,꿀맛사과,Syrupy Apple,8ad201e80244f630ab5a46922ab72fb79c5ad4f4
global,2403,ボンサクのちゃわん,범작찻잔,Unremarkable Teacup,8ad201e80244f630ab5a46922ab72fb79c5ad4f4
global,2404,ケッサクのちゃわん,걸작찻잔,Masterpiece Teacup,8ad201e80244f630ab5a46922ab72fb79c5ad4f4
global,2405,みどりのめん,벽록의가면,Teal Mask,8ad201e80244f630ab5a46922ab72fb79c5ad4f4
global,2406,いしずえのめん,주춧돌의가면,Cornerstone Mask,8ad201e80244f630ab5a46922ab72fb79c5ad4f4
global,2407,いどのめん,우물의가면,Wellspring Mask,8ad201e80244f630ab5a46922ab72fb79c5ad4f4
global,2408,かまどのめん,화덕의가면,Hearthflame Mask,8ad201e80244f630ab5a46922ab72fb79c5ad4f4
global,2409,おしゃれカードみどり,멋쟁이카드 그린,Teal Style Card,8ad201e80244f630ab5a46922ab72fb79c5ad4f4
global,2410,けっしょうのかけら,결정조각,Crystal Cluster,8ad201e80244f630ab5a46922ab72fb79c5ad4f4
global,2411,たいりょくのもち,체력떡,Health Mochi,8ad201e80244f630ab5a46922ab72fb79c5ad4f4
global,2412,きんりょくのもち,근력떡,Muscle Mochi,8ad201e80244f630ab5a46922ab72fb79c5ad4f4
global,2413,ていこうのもち,저항력떡,Resist Mochi,8ad201e80244f630ab5a46922ab72fb79c5ad4f4
global,2414,ちりょくのもち,지력떡,Genius Mochi,8ad201e80244f630ab5a46922ab72fb79c5ad4f4
global,2415,せいしんのもち,정신력떡,Clever Mochi,8ad201e80244f630ab5a46922ab72fb79c5ad4f4
global,2416,しゅんぱつのもち,순발력떡,Swift Mochi,8ad201e80244f630ab5a46922ab72fb79c5ad4f4
global,2417,シンプルチェア,심플 체어,Simple Chairs,8ad201e80244f630ab5a46922ab72fb79c5ad4f4
global,2418,スクールチェア,스쿨 체어,Academy Chairs,8ad201e80244f630ab5a46922ab72fb79c5ad4f4
global,2419,スクールチェア,스쿨 체어,Academy Chairs,8ad201e80244f630ab5a46922ab72fb79c5ad4f4
global,2420,ファンシーチェア,팬시 체어,Whimsical Chairs,8ad201e80244f630ab5a46922ab72fb79c5ad4f4
global,2421,ネイチャーチェア,네이처 체어,Leafy Chairs,8ad201e80244f630ab5a46922ab72fb79c5ad4f4
global,2422,うらめしチェア,원망 체어,Spooky Chairs,8ad201e80244f630ab5a46922ab72fb79c5ad4f4
global,2423,きいろチェックチェア,옐로 체크 체어,Plaid Chairs (Y),8ad201e80244f630ab5a46922ab72fb79c5ad4f4
global,2424,あおチェックチェア,블루 체크 체어,Plaid Chairs (B),8ad201e80244f630ab5a46922ab72fb79c5ad4f4
global,2425,あかチェックチェア,레드 체크 체어,Plaid Chairs (R),8ad201e80244f630ab5a46922ab72fb79c5ad4f4
global,2426,くさむらチェア,풀숲 체어,B&W Grass Chairs,8ad201e80244f630ab5a46922ab72fb79c5ad4f4
global,2427,しょうぶチェア,배틀 체어,Battle Chairs,8ad201e80244f630ab5a46922ab72fb79c5ad4f4
global,2428,かいじゅうチェア,괴수 체어,Monstrous Chairs,8ad201e80244f630ab5a46922ab72fb79c5ad4f4
global,2429,ストライプチェア,줄무늬 체어,Striped Chairs,8ad201e80244f630ab5a46922ab72fb79c5ad4f4
global,2430,ダイヤチェア,다이아 체어,Diamond Chairs,8ad201e80244f630ab5a46922ab72fb79c5ad4f4
global,2431,みずたまチェア,물방울 체어,Polka-Dot Chairs,8ad201e80244f630ab5a46922ab72fb79c5ad4f4
global,2432,パープルチェア,퍼플 체어,Lilac Chairs,8ad201e80244f630ab5a46922ab72fb79c5ad4f4
global,2433,ミントチェア,민트 체어,Mint Chairs,8ad201e80244f630ab5a46922ab72fb79c5ad4f4
global,2434,ベージュチェア,베이지 체어,Peach Chairs,8ad201e80244f630ab5a46922ab72fb79c5ad4f4
global,2435,イエローチェア,옐로 체어,Yellow Chairs,8ad201e80244f630ab5a46922ab72fb79c5ad4f4
global,2436,ブルーチェア,블루 체어,Blue Chairs,8ad201e80244f630ab5a46922ab72fb79c5ad4f4
global,2437,ピンクチェア,핑크 체어,Pink Chairs,8ad201e80244f630ab5a46922ab72fb79c5ad4f4
global,2438,アーボのキバ,아보의이빨,Ekans Fang,8ad201e80244f630ab5a46922ab72fb79c5ad4f4
global,2439,サンドのツメ,모래두지의발톱,Sandshrew Claw,8ad201e80244f630ab5a46922ab72fb79c5ad4f4
global,2440,ピィのけ,삐의털,Cleffa Fur,8ad201e80244f630ab5a46922ab72fb79c5ad4f4
global,2441,ロコンのけ,식스테일의털,Vulpix Fur,8ad201e80244f630ab5a46922ab72fb79c5ad4f4
global,2442,ニョロモのねんえき,발챙이의점액,Poliwag Slime,8ad201e80244f630ab5a46922ab72fb79c5ad4f4
global,2443,マダツボミのツル,모다피의덩굴,Bellsprout Vine,8ad201e80244f630ab5a46922ab72fb79c5ad4f4
global,2444,イシツブテのかけら,꼬마돌의조각,Geodude Fragment,8ad201e80244f630ab5a46922ab72fb79c5ad4f4
global,2445,ドガースのガス,또가스의가스,Koffing Gas,8ad201e80244f630ab5a46922ab72fb79c5ad4f4
global,2446,ゴンベのキバ,먹고자의이빨,Munchlax Fang,8ad201e80244f630ab5a46922ab72fb79c5ad4f4
global,2447,オタチのけ,꼬리선의털,Sentret Fur,8ad201e80244f630ab5a46922ab72fb79c5ad4f4
global,2448,ホーホーのはね,부우부의깃털,Hoothoot Feather,8ad201e80244f630ab5a46922ab72fb79c5ad4f4
global,2449,イトマルのいと,페이검의실,Spinarak Thread,8ad201e80244f630ab5a46922ab72fb79c5ad4f4
global,2450,エイパムのけ,에이팜의털,Aipom Hair,8ad201e80244f630ab5a46922ab72fb79c5ad4f4
global,2451,ヤンヤンマのトゲ,왕자리의가시,Yanma Spike,8ad201e80244f630ab5a46922ab72fb79c5ad4f4
global,2452,グライガーのキバ,글라이거의이빨,Gligar Fang,8ad201e80244f630ab5a46922ab72fb79c5ad4f4
global,2453,マグマッグのようがん,마그마그의용암,Slugma Lava,8ad201e80244f630ab5a46922ab72fb79c5ad4f4
global,2454,ウリムーのけ,꾸꾸리의털,Swinub Hair,8ad201e80244f630ab5a46922ab72fb79c5ad4f4
global,2455,ポチエナのキバ,포챠나의이빨,Poochyena Fang,8ad201e80244f630ab5a46922ab72fb79c5ad4f4
global,2456,ハスボーのはっぱ,연꽃몬의잎,Lotad Leaf,8ad201e80244f630ab5a46922ab72fb79c5ad4f4
global,2457,タネボーのえだ,도토링의가지,Seedot Stem,8ad201e80244f630ab5a46922ab72fb79c5ad4f4
global,2458,ノズパスのかけら,코코파스의조각,Nosepass Fragment,8ad201e80244f630ab5a46922ab72fb79c5ad4f4
global,2459,バルビートのしる,볼비트의체액,Volbeat Fluid,8ad201e80244f630ab5a46922ab72fb79c5ad4f4
global,2460,イルミーゼのしる,네오비트의체액,Illumise Fluid,8ad201e80244f630ab5a46922ab72fb79c5ad4f4
global,2461,ヘイガニのから,가재군의껍데기,Corphish Shell,8ad201e80244f630ab5a46922ab72fb79c5ad4f4
global,2462,ヒンバスのうろこ,빈티나의비늘,Feebas Scales,8ad201e80244f630ab5a46922ab72fb79c5ad4f4
global,2463,ヨマワルのかけら,해골몽의조각,Duskull Fragment,8ad201e80244f630ab5a46922ab72fb79c5ad4f4
global,2464,リーシャンのかけら,랑딸랑의조각,Chingling Fragment,8ad201e80244f630ab5a46922ab72fb79c5ad4f4
global,2465,ドッコラーのあせ,으랏차의땀,Timburr Sweat,8ad201e80244f630ab5a46922ab72fb79c5ad4f4
global,2466,クルミルのはっぱ,두르보의잎,Sewaddle Leaf,8ad201e80244f630ab5a46922ab72fb79c5ad4f4
global,2467,コアルヒーのはね,꼬지보리의깃털,Ducklett Feather,8ad201e80244f630ab5a46922ab72fb79c5ad4f4
global,2468,ヒトモシのすす,불켜미의검댕,Litwick Soot,8ad201e80244f630ab5a46922ab72fb79c5ad4f4
global,2469,コジョフーのツメ,비조푸의손톱,Mienfoo Claw,8ad201e80244f630ab5a46922ab72fb79c5ad4f4
global,2470,バルチャイのはね,벌차이의깃털,Vullaby Feather,8ad201e80244f630ab5a46922ab72fb79c5ad4f4
global,2471,メレシーのほうせき,멜리시의보석,Carbink Jewel,8ad201e80244f630ab5a46922ab72fb79c5ad4f4
global,2472,ボクレーのえだ,나목령의가지,Phantump Twig,8ad201e80244f630ab5a46922ab72fb79c5ad4f4
global,2473,アゴジムシのいと,턱지충이의실,Grubbin Thread,8ad201e80244f630ab5a46922ab72fb79c5ad4f4
global,2474,アブリーのこな,에블리의가루,Cutiefly Powder,8ad201e80244f630ab5a46922ab72fb79c5ad4f4
global,2475,ジャラコのウロコ,짜랑꼬의비늘,Jangmo-o Scales,8ad201e80244f630ab5a46922ab72fb79c5ad4f4
global,2476,ウッウのうもう,윽우지의솜털,Cramorant Down,8ad201e80244f630ab5a46922ab72fb79c5ad4f4
global,2477,モルペコのたね,모르페코의씨앗,Morpeko Snack,8ad201e80244f630ab5a46922ab72fb79c5ad4f4
global,2478,チャデスのこな,차데스의가루,Poltchageist Powder,8ad201e80244f630ab5a46922ab72fb79c5ad4f4
global,2479,まっさらもち,순백떡,Fresh-Start Mochi,8ad201e80244f630ab5a46922ab72fb79c5ad4f4
global,2480,ロトりぼう,로토무셀카봉,Roto-Stick,8ad201e80244f630ab5a46922ab72fb79c5ad4f4
global,2481,きらめくおまもり,반짝이는부적,Glimmering Charm,8ad201e80244f630ab5a46922ab72fb79c5ad4f4
global,2482,ふくごうきんぞく,복합금속,Metal Alloy,8ad201e80244f630ab5a46922ab72fb79c5ad4f4
global,2483,おしゃれカードあお,멋쟁이카드 블루,Indigo Style Card,8ad201e80244f630ab5a46922ab72fb79c5ad4f4
global,2484,ナゾノクサのはっぱ,뚜벅쵸의잎,Oddish Leaf,8ad201e80244f630ab5a46922ab72fb79c5ad4f4
global,2485,メノクラゲのはり,왕눈해의가시,Tentacool Stinger,8ad201e80244f630ab5a46922ab72fb79c5ad4f4
global,2486,ドードーのうもう,두두의솜털,Doduo Down,8ad201e80244f630ab5a46922ab72fb79c5ad4f4
global,2487,パウワウのけ,쥬쥬의털,Seel Fur,8ad201e80244f630ab5a46922ab72fb79c5ad4f4
global,2488,タマタマのから,아라리의껍데기,Exeggcute Shell,8ad201e80244f630ab5a46922ab72fb79c5ad4f4
global,2489,バルキーのあせ,배루키의땀,Tyrogue Sweat,8ad201e80244f630ab5a46922ab72fb79c5ad4f4
global,2490,サイホーンのキバ,뿔카노의이빨,Rhyhorn Fang,8ad201e80244f630ab5a46922ab72fb79c5ad4f4
global,2491,タッツーのスミ,쏘드라의먹물,Horsea Ink,8ad201e80244f630ab5a46922ab72fb79c5ad4f4
global,2492,エレキッドのけ,에레키드의털,Elekid Fur,8ad201e80244f630ab5a46922ab72fb79c5ad4f4
global,2493,ブビィのけ,마그비의털,Magby Hair,8ad201e80244f630ab5a46922ab72fb79c5ad4f4
global,2494,ラプラスのなみだ,라프라스의눈물,Lapras Teardrop,8ad201e80244f630ab5a46922ab72fb79c5ad4f4
global,2495,ポリゴンのかけら,폴리곤의조각,Porygon Fragment,8ad201e80244f630ab5a46922ab72fb79c5ad4f4
global,2496,チョンチーのでんき,초라기의전기,Chinchou Sparks,8ad201e80244f630ab5a46922ab72fb79c5ad4f4
global,2497,ブルーのけ,블루의털,Snubbull Hair,8ad201e80244f630ab5a46922ab72fb79c5ad4f4
global,2498,エアームドのはね,무장조의깃털,Skarmory Feather,8ad201e80244f630ab5a46922ab72fb79c5ad4f4
global,2499,ドーブルのインク,루브도의잉크,Smeargle Paint,8ad201e80244f630ab5a46922ab72fb79c5ad4f4
global,2500,プラスルのけ,플러시의털,Plusle Fur,8ad201e80244f630ab5a46922ab72fb79c5ad4f4
global,2501,マイナンのけ,마이농의털,Minun Fur,8ad201e80244f630ab5a46922ab72fb79c5ad4f4
global,2502,ナックラーのから,톱치의껍데기,Trapinch Shell,8ad201e80244f630ab5a46922ab72fb79c5ad4f4
global,2503,ダンバルのツメ,메탕의발톱,Beldum Claw,8ad201e80244f630ab5a46922ab72fb79c5ad4f4
global,2504,ズガイドスのトゲ,두개도스의가시,Cranidos Spike,8ad201e80244f630ab5a46922ab72fb79c5ad4f4
global,2505,タテトプスのツメ,방패톱스의발톱,Shieldon Claw,8ad201e80244f630ab5a46922ab72fb79c5ad4f4
global,2506,シママのたてがみ,줄뮤마의갈기,Blitzle Mane Hair,8ad201e80244f630ab5a46922ab72fb79c5ad4f4
global,2507,モグリューのツメ,두더류의손톱,Drilbur Claw,8ad201e80244f630ab5a46922ab72fb79c5ad4f4
global,2508,モンメンのわたげ,소미안의솜,Cottonee Fluff,8ad201e80244f630ab5a46922ab72fb79c5ad4f4
global,2509,ズルッグのあせ,곤율랭의땀,Scraggy Sweat,8ad201e80244f630ab5a46922ab72fb79c5ad4f4
global,2510,チラーミィのけ,치라미의털,Minccino Fur,8ad201e80244f630ab5a46922ab72fb79c5ad4f4
global,2511,ユニランのジェル,유니란의젤,Solosis Gel,8ad201e80244f630ab5a46922ab72fb79c5ad4f4
global,2512,バチュルのいと,파쪼옥의실,Joltik Thread,8ad201e80244f630ab5a46922ab72fb79c5ad4f4
global,2513,ゴビットのかけら,골비람의조각,Golett Shard,8ad201e80244f630ab5a46922ab72fb79c5ad4f4
global,2514,ニャスパーのけ,냐스퍼의털,Espurr Fur,8ad201e80244f630ab5a46922ab72fb79c5ad4f4
global,2515,マーイーカのスミ,오케이징의먹물,Inkay Ink,8ad201e80244f630ab5a46922ab72fb79c5ad4f4
global,2516,ツツケラのはね,콕코구리의깃털,Pikipek Feather,8ad201e80244f630ab5a46922ab72fb79c5ad4f4
global,2517,シズクモのいと,물거미의실,Dewpider Thread,8ad201e80244f630ab5a46922ab72fb79c5ad4f4
global,2518,キュワワーのはな,큐아링의꽃,Comfey Flower,8ad201e80244f630ab5a46922ab72fb79c5ad4f4
global,2519,メテノのから,메테노의껍데기,Minior Shell,8ad201e80244f630ab5a46922ab72fb79c5ad4f4
global,2520,マホミルのクリーム,마빌크의크림,Milcery Cream,8ad201e80244f630ab5a46922ab72fb79c5ad4f4
global,2521,ジュラルドンのさび,두랄루돈의녹,Duraludon Tarnish,8ad201e80244f630ab5a46922ab72fb79c5ad4f4
global,2522,フリーザーのおやつ,프리져의간식,Articuno Treat,8ad201e80244f630ab5a46922ab72fb79c5ad4f4
global,2523,サンダーのおやつ,썬더의간식,Zapdos Treat,8ad201e80244f630ab5a46922ab72fb79c5ad4f4
global,2524,ファイヤーのおやつ,파이어의간식,Moltres Treat,8ad201e80244f630ab5a46922ab72fb79c5ad4f4
global,2525,ライコウのおやつ,라이코의간식,Raikou Treat,8ad201e80244f630ab5a46922ab72fb79c5ad4f4
global,2526,エンテイのおやつ,앤테이의간식,Entei Treat,8ad201e80244f630ab5a46922ab72fb79c5ad4f4
global,2527,スイクンのおやつ,스이쿤의간식,Suicune Treat,8ad201e80244f630ab5a46922ab72fb79c5ad4f4
global,2528,ルギアのおやつ,루기아의간식,Lugia Treat,8ad201e80244f630ab5a46922ab72fb79c5ad4f4
global,2529,ホウオウのおやつ,칠색조의간식,Ho-Oh Treat,8ad201e80244f630ab5a46922ab72fb79c5ad4f4
global,2530,ラティアスのおやつ,라티아스의간식,Latias Treat,8ad201e80244f630ab5a46922ab72fb79c5ad4f4
global,2531,ラティオスのおやつ,라티오스의간식,Latios Treat,8ad201e80244f630ab5a46922ab72fb79c5ad4f4
global,2532,カイオーガのおやつ,가이오가의간식,Kyogre Treat,8ad201e80244f630ab5a46922ab72fb79c5ad4f4
global,2533,グラードンのおやつ,그란돈의간식,Groudon Treat,8ad201e80244f630ab5a46922ab72fb79c5ad4f4
global,2534,レックウザのおやつ,레쿠쟈의간식,Rayquaza Treat,8ad201e80244f630ab5a46922ab72fb79c5ad4f4
global,2535,コバルオンのおやつ,코바르온의간식,Cobalion Treat,8ad201e80244f630ab5a46922ab72fb79c5ad4f4
global,2536,テラキオンのおやつ,테라키온의간식,Terrakion Treat,8ad201e80244f630ab5a46922ab72fb79c5ad4f4
global,2537,ビリジオンのおやつ,비리디온의간식,Virizion Treat,8ad201e80244f630ab5a46922ab72fb79c5ad4f4
global,2538,レシラムのおやつ,레시라무의간식,Reshiram Treat,8ad201e80244f630ab5a46922ab72fb79c5ad4f4
global,2539,ゼクロムのおやつ,제크로무의간식,Zekrom Treat,8ad201e80244f630ab5a46922ab72fb79c5ad4f4
global,2540,キュレムのおやつ,큐레무의간식,Kyurem Treat,8ad201e80244f630ab5a46922ab72fb79c5ad4f4
global,2541,ソルガレオのおやつ,솔가레오의간식,Solgaleo Treat,8ad201e80244f630ab5a46922ab72fb79c5ad4f4
global,2542,ルナアーラのおやつ,루나아라의간식,Lunala Treat,8ad201e80244f630ab5a46922ab72fb79c5ad4f4
global,2543,ネクロズマのおやつ,네크로즈마의간식,Necrozma Treat,8ad201e80244f630ab5a46922ab72fb79c5ad4f4
global,2544,ダクマのおやつ,치고마의간식,Kubfu Treat,8ad201e80244f630ab5a46922ab72fb79c5ad4f4
global,2545,ブリザポスのおやつ,블리자포스의간식,Glastrier Treat,8ad201e80244f630ab5a46922ab72fb79c5ad4f4
global,2546,レイスポスのおやつ,레이스포스의간식,Spectrier Treat,8ad201e80244f630ab5a46922ab72fb79c5ad4f4
global,2547,あおのディスク,남청의디스크,Indigo Disk,8ad201e80244f630ab5a46922ab72fb79c5ad4f4
global,2548,メラメラピック,이글이글 픽,Fiery Pick,8ad201e80244f630ab5a46922ab72fb79c5ad4f4
global,2549,テラピースステラ,테라피스 스텔라,Stellar Tera Shard,8ad201e80244f630ab5a46922ab72fb79c5ad4f4
global,2550,まぼろしモモン,환상복슝,Mythical Pecha Berry,8ad201e80244f630ab5a46922ab72fb79c5ad4f4
global,2551,ブルーベリークロス,블루베리 테이블보,Blueberry Tablecloth,8ad201e80244f630ab5a46922ab72fb79c5ad4f4
global,2552,ブルーベリーチェア,블루베리 체어,Blueberry Chairs,8ad201e80244f630ab5a46922ab72fb79c5ad4f4
global,2553,シンクロマシン,싱크로머신,Synchro Machine,8ad201e80244f630ab5a46922ab72fb79c5ad4f4
global,2554,いんせき,운석,Meteorite,8ad201e80244f630ab5a46922ab72fb79c5ad4f4
global,2555,スカーレットブック,스칼렛북,Scarlet Book,8ad201e80244f630ab5a46922ab72fb79c5ad4f4
global,2556,バイオレットブック,바이올렛북,Violet Book,8ad201e80244f630ab5a46922ab72fb79c5ad4f4
global,2557,ゼロの秘宝,제로의 비보,Briar’s Book,8ad201e80244f630ab5a46922ab72fb79c5ad4f4
global,2558,かいでんのタネ,숙달의씨,Seed of Mastery,8ad201e80244f630ab5a46922ab72fb79c5ad4f4
global,2559,ピクシナイト,픽시나이트,Clefablite,8ad201e80244f630ab5a46922ab72fb79c5ad4f4
global,2560,ウツボットナイト,우츠보트나이트,Victreebelite,8ad201e80244f630ab5a46922ab72fb79c5ad4f4
global,2561,スターミナイト,아쿠스타나이트,Starminite,8ad201e80244f630ab5a46922ab72fb79c5ad4f4
global,2562,カイリュナイト,망나뇽나이트,Dragoninite,8ad201e80244f630ab5a46922ab72fb79c5ad4f4
global,2563,メガニウムナイト,메가니움나이트,Meganiumite,8ad201e80244f630ab5a46922ab72fb79c5ad4f4
global,2564,オーダイルナイト,장크로다일나이트,Feraligite,8ad201e80244f630ab5a46922ab72fb79c5ad4f4
global,2565,エアームドナイト,무장조나이트,Skarmorite,8ad201e80244f630ab5a46922ab72fb79c5ad4f4
global,2566,ユキメノコナイト,눈여아나이트,Froslassite,8ad201e80244f630ab5a46922ab72fb79c5ad4f4
global,2567,ヒードラナイト,히드런나이트,Heatranite,8ad201e80244f630ab5a46922ab72fb79c5ad4f4
global,2568,ダークライナイト,다크라이나이트,Darkranite,8ad201e80244f630ab5a46922ab72fb79c5ad4f4
global,2569,エンブオナイト,염무왕나이트,Emboarite,8ad201e80244f630ab5a46922ab72fb79c5ad4f4
global,2570,ドリュウズナイト,몰드류나이트,Excadrite,8ad201e80244f630ab5a46922ab72fb79c5ad4f4
global,2571,ペンドラナイト,펜드라나이트,Scolipite,8ad201e80244f630ab5a46922ab72fb79c5ad4f4
global,2572,ズルズキナイト,곤율거니나이트,Scraftinite,8ad201e80244f630ab5a46922ab72fb79c5ad4f4
global,2573,シビルドナイト,저리더프나이트,Eelektrossite,8ad201e80244f630ab5a46922ab72fb79c5ad4f4
global,2574,シャンデラナイト,샹델라나이트,Chandelurite,8ad201e80244f630ab5a46922ab72fb79c5ad4f4
global,2575,ブリガロナイト,브리가론나이트,Chesnaughtite,8ad201e80244f630ab5a46922ab72fb79c5ad4f4
global,2576,マフォクシナイト,마폭시나이트,Delphoxite,8ad201e80244f630ab5a46922ab72fb79c5ad4f4
global,2577,ゲッコウガナイト,개굴닌자나이트,Greninjite,8ad201e80244f630ab5a46922ab72fb79c5ad4f4
global,2578,カエンジシナイト,화염레오나이트,Pyroarite,8ad201e80244f630ab5a46922ab72fb79c5ad4f4
global,2579,フラエッテナイト,플라엣테나이트,Floettite,8ad201e80244f630ab5a46922ab72fb79c5ad4f4
global,2580,カラマネナイト,칼라마네로나이트,Malamarite,8ad201e80244f630ab5a46922ab72fb79c5ad4f4
global,2581,ガメノデスナイト,거북손데스나이트,Barbaracite,8ad201e80244f630ab5a46922ab72fb79c5ad4f4
global,2582,ドラミドナイト,드래캄나이트,Dragalgite,8ad201e80244f630ab5a46922ab72fb79c5ad4f4
global,2583,ルチャブルナイト,루차불나이트,Hawluchanite,8ad201e80244f630ab5a46922ab72fb79c5ad4f4
global,2584,ジガルデナイト,지가르데나이트,Zygardite,8ad201e80244f630ab5a46922ab72fb79c5ad4f4
global,2585,ジジーロナイト,할비롱나이트,Drampanite,8ad201e80244f630ab5a46922ab72fb79c5ad4f4
global,2586,ゼラオラナイト,제라오라나이트,Zeraorite,8ad201e80244f630ab5a46922ab72fb79c5ad4f4
global,2587,タイレーツナイト,대여르나이트,Falinksite,8ad201e80244f630ab5a46922ab72fb79c5ad4f4
global,2588,２０２ごうしつのカギ,202호실열쇠,Key to Room 202,8ad201e80244f630ab5a46922ab72fb79c5ad4f4
global,2589,すごいミアレガレット,대단한미르갈레트,Super Lumiose Galette,8ad201e80244f630ab5a46922ab72fb79c5ad4f4
global,2590,ラボのカードキーＡ,랩카드키A,Lab Key Card A,8ad201e80244f630ab5a46922ab72fb79c5ad4f4
global,2591,ラボのカードキーＢ,랩카드키B,Lab Key Card B,8ad201e80244f630ab5a46922ab72fb79c5ad4f4
global,2592,ラボのカードキーＣ,랩카드키C,Lab Key Card C,8ad201e80244f630ab5a46922ab72fb79c5ad4f4
global,2593,,,,8ad201e80244f630ab5a46922ab72fb79c5ad4f4
global,2594,,,,8ad201e80244f630ab5a46922ab72fb79c5ad4f4
global,2595,いしころ,돌멩이,Pebble,8ad201e80244f630ab5a46922ab72fb79c5ad4f4
global,2596,おもいでのゆびわ,추억의반지,Cherished Ring,8ad201e80244f630ab5a46922ab72fb79c5ad4f4
global,2597,サインいりのぬい,친필사인인형,Autographed Plush,8ad201e80244f630ab5a46922ab72fb79c5ad4f4
global,2598,おいしいゴミ,맛있는쓰레기,Tasty Trash,8ad201e80244f630ab5a46922ab72fb79c5ad4f4
global,2599,げんきのこえだ,기력의잔가지,Revitalizing Twig,8ad201e80244f630ab5a46922ab72fb79c5ad4f4
global,2600,デウロのわすれもの,루디의 잊은물건,Lida’s Things,8ad201e80244f630ab5a46922ab72fb79c5ad4f4
global,2601,ミアレバター,미르버터,Lumiosian Butter,8ad201e80244f630ab5a46922ab72fb79c5ad4f4
global,2602,スーパーバター,슈퍼버터,Nice Butter,8ad201e80244f630ab5a46922ab72fb79c5ad4f4
global,2603,ハイパーバター,하이퍼버터,Great Butter,8ad201e80244f630ab5a46922ab72fb79c5ad4f4
global,2604,ウルトラバター,울트라버터,Amazing Butter,8ad201e80244f630ab5a46922ab72fb79c5ad4f4
global,2605,マスターバター,마스터버터,Supreme Butter,8ad201e80244f630ab5a46922ab72fb79c5ad4f4
global,2606,いじげんバター,이차원버터,Hyperspace Butter,8ad201e80244f630ab5a46922ab72fb79c5ad4f4
global,2607,ホウエンのあらじお,호연산왕소금,Hoennian Salt,8ad201e80244f630ab5a46922ab72fb79c5ad4f4
global,2608,スパイスブラック,스파이스블랙,Épice Noire,8ad201e80244f630ab5a46922ab72fb79c5ad4f4
global,2609,オリーヴァオイル,올리르바오일,Arboliva Oil,8ad201e80244f630ab5a46922ab72fb79c5ad4f4
global,2610,パチパチキャンディ,톡톡캔디,Popping Candy,8ad201e80244f630ab5a46922ab72fb79c5ad4f4
global,2611,たいせつなてがみ,중요한편지,Important Letter,8ad201e80244f630ab5a46922ab72fb79c5ad4f4
global,2612,おもいでのゆびわ,추억의반지,Cherished Ring,8ad201e80244f630ab5a46922ab72fb79c5ad4f4
global,2613,よごれたスカーフ,더러운스카프,Dirty Scarf,8ad201e80244f630ab5a46922ab72fb79c5ad4f4
global,2614,,,,8ad201e80244f630ab5a46922ab72fb79c5ad4f4
global,2615,,,,8ad201e80244f630ab5a46922ab72fb79c5ad4f4
global,2616,,,,8ad201e80244f630ab5a46922ab72fb79c5ad4f4
global,2617,,,,8ad201e80244f630ab5a46922ab72fb79c5ad4f4
global,2618,メガカケラ,메가조각,Mega Shard,8ad201e80244f630ab5a46922ab72fb79c5ad4f4
global,2619,カラフルなネジ,컬러풀한나사,Colorful Screw,8ad201e80244f630ab5a46922ab72fb79c5ad4f4
global,2620,あかのカナリィぬい,빨강카나리인형,Red Canari Plush,8ad201e80244f630ab5a46922ab72fb79c5ad4f4
global,2621,あかのカナリィぬい,빨강카나리인형,Red Canari Plush,8ad201e80244f630ab5a46922ab72fb79c5ad4f4
global,2622,あかのカナリィぬい,빨강카나리인형,Red Canari Plush,8ad201e80244f630ab5a46922ab72fb79c5ad4f4
global,2623,きんのカナリィぬい,금색카나리인형,Gold Canari Plush,8ad201e80244f630ab5a46922ab72fb79c5ad4f4
global,2624,きんのカナリィぬい,금색카나리인형,Gold Canari Plush,8ad201e80244f630ab5a46922ab72fb79c5ad4f4
global,2625,きんのカナリィぬい,금색카나리인형,Gold Canari Plush,8ad201e80244f630ab5a46922ab72fb79c5ad4f4
global,2626,ピンクのカナリィぬい,분홍카나리인형,Pink Canari Plush,8ad201e80244f630ab5a46922ab72fb79c5ad4f4
global,2627,ピンクのカナリィぬい,분홍카나리인형,Pink Canari Plush,8ad201e80244f630ab5a46922ab72fb79c5ad4f4
global,2628,ピンクのカナリィぬい,분홍카나리인형,Pink Canari Plush,8ad201e80244f630ab5a46922ab72fb79c5ad4f4
global,2629,みどりのカナリィぬい,초록카나리인형,Green Canari Plush,8ad201e80244f630ab5a46922ab72fb79c5ad4f4
global,2630,みどりのカナリィぬい,초록카나리인형,Green Canari Plush,8ad201e80244f630ab5a46922ab72fb79c5ad4f4
global,2631,みどりのカナリィぬい,초록카나리인형,Green Canari Plush,8ad201e80244f630ab5a46922ab72fb79c5ad4f4
global,2632,あおのカナリィぬい,파랑카나리인형,Blue Canari Plush,8ad201e80244f630ab5a46922ab72fb79c5ad4f4
global,2633,あおのカナリィぬい,파랑카나리인형,Blue Canari Plush,8ad201e80244f630ab5a46922ab72fb79c5ad4f4
global,2634,あおのカナリィぬい,파랑카나리인형,Blue Canari Plush,8ad201e80244f630ab5a46922ab72fb79c5ad4f4
global,2635,ライチュウナイトＸ,라이츄나이트X,Raichunite X,8ad201e80244f630ab5a46922ab72fb79c5ad4f4
global,2636,ライチュウナイトＹ,라이츄나이트Y,Raichunite Y,8ad201e80244f630ab5a46922ab72fb79c5ad4f4
global,2637,チリーンナイト,치렁나이트,Chimechite,8ad201e80244f630ab5a46922ab72fb79c5ad4f4
global,2638,アブソルナイトＺ,앱솔나이트Z,Absolite Z,8ad201e80244f630ab5a46922ab72fb79c5ad4f4
global,2639,ムクホークナイト,찌르호크나이트,Staraptite,8ad201e80244f630ab5a46922ab72fb79c5ad4f4
global,2640,ガブリアスナイトＺ,한카리아스나이트Z,Garchompite Z,8ad201e80244f630ab5a46922ab72fb79c5ad4f4
global,2641,ルカリオナイトＺ,루카리오나이트Z,Lucarionite Z,8ad201e80244f630ab5a46922ab72fb79c5ad4f4
global,2642,ゴルーグナイト,골루그나이트,Golurkite,8ad201e80244f630ab5a46922ab72fb79c5ad4f4
global,2643,ニャオニクスナイト,냐오닉스나이트,Meowsticite,8ad201e80244f630ab5a46922ab72fb79c5ad4f4
global,2644,ケケンカニナイト,모단단게나이트,Crabominite,8ad201e80244f630ab5a46922ab72fb79c5ad4f4
global,2645,グソクムシャナイト,갑주무사나이트,Golisopite,8ad201e80244f630ab5a46922ab72fb79c5ad4f4
global,2646,マギアナイト,마기아나이트,Magearnite,8ad201e80244f630ab5a46922ab72fb79c5ad4f4
global,2647,スコヴィラナイト,스코빌런나이트,Scovillainite,8ad201e80244f630ab5a46922ab72fb79c5ad4f4
global,2648,セグレイブナイト,드닐레이브나이트,Baxcalibrite,8ad201e80244f630ab5a46922ab72fb79c5ad4f4
global,2649,シャリタツナイト,싸리용나이트,Tatsugirinite,8ad201e80244f630ab5a46922ab72fb79c5ad4f4
global,2650,キラフロルナイト,킬라플로르나이트,Glimmoranite,8ad201e80244f630ab5a46922ab72fb79c5ad4f4
global,2651,いじげんクラボのみ,이차원 버치열매,Hyper Cheri Berry,8ad201e80244f630ab5a46922ab72fb79c5ad4f4
global,2652,いじげんカゴのみ,이차원 유루열매,Hyper Chesto Berry,8ad201e80244f630ab5a46922ab72fb79c5ad4f4
global,2653,いじげんモモンのみ,이차원 복슝열매,Hyper Pecha Berry,8ad201e80244f630ab5a46922ab72fb79c5ad4f4
global,2654,いじげんチーゴのみ,이차원 복분열매,Hyper Rawst Berry,8ad201e80244f630ab5a46922ab72fb79c5ad4f4
global,2655,いじげんナナシのみ,이차원 배리열매,Hyper Aspear Berry,8ad201e80244f630ab5a46922ab72fb79c5ad4f4
global,2656,いじげんオレンのみ,이차원 오랭열매,Hyper Oran Berry,8ad201e80244f630ab5a46922ab72fb79c5ad4f4
global,2657,いじげんキーのみ,이차원 시몬열매,Hyper Persim Berry,8ad201e80244f630ab5a46922ab72fb79c5ad4f4
global,2658,いじげんラムのみ,이차원 리샘열매,Hyper Lum Berry,8ad201e80244f630ab5a46922ab72fb79c5ad4f4
global,2659,いじげんオボンのみ,이차원 자뭉열매,Hyper Sitrus Berry,8ad201e80244f630ab5a46922ab72fb79c5ad4f4
global,2660,いじげんザロクのみ,이차원 유석열매,Hyper Pomeg Berry,8ad201e80244f630ab5a46922ab72fb79c5ad4f4
global,2661,いじげんネコブのみ,이차원 시마열매,Hyper Kelpsy Berry,8ad201e80244f630ab5a46922ab72fb79c5ad4f4
global,2662,いじげんタポルのみ,이차원 파비열매,Hyper Qualot Berry,8ad201e80244f630ab5a46922ab72fb79c5ad4f4
global,2663,いじげんロメのみ,이차원 로매열매,Hyper Hondew Berry,8ad201e80244f630ab5a46922ab72fb79c5ad4f4
global,2664,いじげんウブのみ,이차원 또뽀열매,Hyper Grepa Berry,8ad201e80244f630ab5a46922ab72fb79c5ad4f4
global,2665,いじげんマトマのみ,이차원 토망열매,Hyper Tamato Berry,8ad201e80244f630ab5a46922ab72fb79c5ad4f4
global,2666,いじげんオッカのみ,이차원 오카열매,Hyper Occa Berry,8ad201e80244f630ab5a46922ab72fb79c5ad4f4
global,2667,いじげんイトケのみ,이차원 꼬시개열매,Hyper Passho Berry,8ad201e80244f630ab5a46922ab72fb79c5ad4f4
global,2668,いじげんソクノのみ,이차원 초나열매,Hyper Wacan Berry,8ad201e80244f630ab5a46922ab72fb79c5ad4f4
global,2669,いじげんリンドのみ,이차원 린드열매,Hyper Rindo Berry,8ad201e80244f630ab5a46922ab72fb79c5ad4f4
global,2670,いじげんヤチェのみ,이차원 플카열매,Hyper Yache Berry,8ad201e80244f630ab5a46922ab72fb79c5ad4f4
global,2671,いじげんヨプのみ,이차원 로플열매,Hyper Chople Berry,8ad201e80244f630ab5a46922ab72fb79c5ad4f4
global,2672,いじげんビアーのみ,이차원 으름열매,Hyper Kebia Berry,8ad201e80244f630ab5a46922ab72fb79c5ad4f4
global,2673,いじげんシュカのみ,이차원 슈캐열매,Hyper Shuca Berry,8ad201e80244f630ab5a46922ab72fb79c5ad4f4
global,2674,いじげんバコウのみ,이차원 바코열매,Hyper Coba Berry,8ad201e80244f630ab5a46922ab72fb79c5ad4f4
global,2675,いじげんウタンのみ,이차원 야파열매,Hyper Payapa Berry,8ad201e80244f630ab5a46922ab72fb79c5ad4f4
global,2676,いじげんタンガのみ,이차원 리체열매,Hyper Tanga Berry,8ad201e80244f630ab5a46922ab72fb79c5ad4f4
global,2677,いじげんヨロギのみ,이차원 루미열매,Hyper Charti Berry,8ad201e80244f630ab5a46922ab72fb79c5ad4f4
global,2678,いじげんカシブのみ,이차원 수불열매,Hyper Kasib Berry,8ad201e80244f630ab5a46922ab72fb79c5ad4f4
global,2679,いじげんハバンのみ,이차원 하반열매,Hyper Haban Berry,8ad201e80244f630ab5a46922ab72fb79c5ad4f4
global,2680,いじげんナモのみ,이차원 마코열매,Hyper Colbur Berry,8ad201e80244f630ab5a46922ab72fb79c5ad4f4
global,2681,いじげんリリバのみ,이차원 바리비열매,Hyper Babiri Berry,8ad201e80244f630ab5a46922ab72fb79c5ad4f4
global,2682,いじげんホズのみ,이차원 카리열매,Hyper Chilan Berry,8ad201e80244f630ab5a46922ab72fb79c5ad4f4
global,2683,いじげんロゼルのみ,이차원 로셀열매,Hyper Roseli Berry,8ad201e80244f630ab5a46922ab72fb79c5ad4f4
global,2684,カナリィパン,카나리빵,Canari Bread,8ad201e80244f630ab5a46922ab72fb79c5ad4f4
gen1,0,﻿(なし),﻿(없음),﻿(None),8ad201e80244f630ab5a46922ab72fb79c5ad4f4
gen1,1,マスターボール,마스터볼,Master Ball,8ad201e80244f630ab5a46922ab72fb79c5ad4f4
gen1,2,ハイパーボール,하이퍼볼,Ultra Ball,8ad201e80244f630ab5a46922ab72fb79c5ad4f4
gen1,3,スーパーボール,수퍼볼,Great Ball,8ad201e80244f630ab5a46922ab72fb79c5ad4f4
gen1,4,モンスターボール,몬스터볼,Poké Ball,8ad201e80244f630ab5a46922ab72fb79c5ad4f4
gen1,5,タウンマップ,타운맵,Town Map,8ad201e80244f630ab5a46922ab72fb79c5ad4f4
gen1,6,じてんしゃ,자전거,Bicycle,8ad201e80244f630ab5a46922ab72fb79c5ad4f4
gen1,7,？？？？？(0x07),????? (7),????? (7),8ad201e80244f630ab5a46922ab72fb79c5ad4f4
gen1,8,サファリボール,사파리볼,Safari Ball,8ad201e80244f630ab5a46922ab72fb79c5ad4f4
gen1,9,ポケモンずかん,포켓컴,Pokédex,8ad201e80244f630ab5a46922ab72fb79c5ad4f4
gen1,10,つきのいし,달의돌,Moon Stone,8ad201e80244f630ab5a46922ab72fb79c5ad4f4
gen1,11,どくけし,해독제,Antidote,8ad201e80244f630ab5a46922ab72fb79c5ad4f4
gen1,12,やけどなおし,화상치료제,Burn Heal,8ad201e80244f630ab5a46922ab72fb79c5ad4f4
gen1,13,こおりなおし,얼음상태치료제,Ice Heal,8ad201e80244f630ab5a46922ab72fb79c5ad4f4
gen1,14,ねむけざまし,잠깨는약,Awakening,8ad201e80244f630ab5a46922ab72fb79c5ad4f4
gen1,15,まひなおし,마비치료제,Parlyz Heal,8ad201e80244f630ab5a46922ab72fb79c5ad4f4
gen1,16,かいふくのくすり,회복약,Full Restore,8ad201e80244f630ab5a46922ab72fb79c5ad4f4
gen1,17,まんたんのくすり,풀회복약,Max Potion,8ad201e80244f630ab5a46922ab72fb79c5ad4f4
gen1,18,すごいキズぐすり,고급상처약,Hyper Potion,8ad201e80244f630ab5a46922ab72fb79c5ad4f4
gen1,19,いいキズぐすり,좋은상처약,Super Potion,8ad201e80244f630ab5a46922ab72fb79c5ad4f4
gen1,20,キズぐすり,상처약,Potion,8ad201e80244f630ab5a46922ab72fb79c5ad4f4
gen1,21,グレーバッジ,BoulderBadge,BoulderBadge,8ad201e80244f630ab5a46922ab72fb79c5ad4f4
gen1,22,ブルーバッジ,CascadeBadge,CascadeBadge,8ad201e80244f630ab5a46922ab72fb79c5ad4f4
gen1,23,オレンジバッジ,ThunderBadge,ThunderBadge,8ad201e80244f630ab5a46922ab72fb79c5ad4f4
gen1,24,レインボーバッジ,RainbowBadge,RainbowBadge,8ad201e80244f630ab5a46922ab72fb79c5ad4f4
gen1,25,ピンクバッジ,SoulBadge,SoulBadge,8ad201e80244f630ab5a46922ab72fb79c5ad4f4
gen1,26,ゴールドバッジ,MarshBadge,MarshBadge,8ad201e80244f630ab5a46922ab72fb79c5ad4f4
gen1,27,クリムゾンバッジ,VolcanoBadge,VolcanoBadge,8ad201e80244f630ab5a46922ab72fb79c5ad4f4
gen1,28,グリーンバッジ,EarthBadge,EarthBadge,8ad201e80244f630ab5a46922ab72fb79c5ad4f4
gen1,29,あなぬけのヒモ,동굴탈출로프,Escape Rope,8ad201e80244f630ab5a46922ab72fb79c5ad4f4
gen1,30,むしよけスプレー,벌레회피스프레이,Repel,8ad201e80244f630ab5a46922ab72fb79c5ad4f4
gen1,31,ひみつのコハク,비밀의호박,Old Amber,8ad201e80244f630ab5a46922ab72fb79c5ad4f4
gen1,32,ほのおのいし,불꽃의돌,Fire Stone,8ad201e80244f630ab5a46922ab72fb79c5ad4f4
gen1,33,かみなりのいし,천둥의돌,Thunder Stone,8ad201e80244f630ab5a46922ab72fb79c5ad4f4
gen1,34,みずのいし,물의돌,Water Stone,8ad201e80244f630ab5a46922ab72fb79c5ad4f4
gen1,35,マックスアップ,맥스업,HP Up,8ad201e80244f630ab5a46922ab72fb79c5ad4f4
gen1,36,タウリン,타우린,Protein,8ad201e80244f630ab5a46922ab72fb79c5ad4f4
gen1,37,ブロムヘキシン,사포닌 ,Iron,8ad201e80244f630ab5a46922ab72fb79c5ad4f4
gen1,38,インドメタシン,알칼로이드,Carbos,8ad201e80244f630ab5a46922ab72fb79c5ad4f4
gen1,39,リゾチウム,리보플라빈,Calcium,8ad201e80244f630ab5a46922ab72fb79c5ad4f4
gen1,40,ふしぎなアメ,이상한사탕,Rare Candy,8ad201e80244f630ab5a46922ab72fb79c5ad4f4
gen1,41,こうらのカセキ,껍질화석,Dome Fossil,8ad201e80244f630ab5a46922ab72fb79c5ad4f4
gen1,42,かいのカセキ,조개화석,Helix Fossil,8ad201e80244f630ab5a46922ab72fb79c5ad4f4
gen1,43,ひみつのカギ,비밀의열쇠,Secret Key,8ad201e80244f630ab5a46922ab72fb79c5ad4f4
gen1,44,？？？？？(0x2C),????? (44),????? (44),8ad201e80244f630ab5a46922ab72fb79c5ad4f4
gen1,45,ひきかえけん,Bike Voucher,Bike Voucher,8ad201e80244f630ab5a46922ab72fb79c5ad4f4
gen1,46,ヨクアタール,잘-맞히기,X Accuracy,8ad201e80244f630ab5a46922ab72fb79c5ad4f4
gen1,47,リーフのいし,리프의돌,Leaf Stone,8ad201e80244f630ab5a46922ab72fb79c5ad4f4
gen1,48,カードキー,카드키,Card Key,8ad201e80244f630ab5a46922ab72fb79c5ad4f4
gen1,49,きんのたま,금구슬,Nugget,8ad201e80244f630ab5a46922ab72fb79c5ad4f4
gen1,50,ポイントアップ (未使用),포인트 (미사용),PP Up (Unused),8ad201e80244f630ab5a46922ab72fb79c5ad4f4
gen1,51,ピッピにんぎょう,삐삐인형,Poké Doll,8ad201e80244f630ab5a46922ab72fb79c5ad4f4
gen1,52,なんでもなおし,만병통치약,Full Heal,8ad201e80244f630ab5a46922ab72fb79c5ad4f4
gen1,53,げんきのかけら,기력의조각,Revive,8ad201e80244f630ab5a46922ab72fb79c5ad4f4
gen1,54,げんきのかたまり,기력의덩어리 ,Max Revive,8ad201e80244f630ab5a46922ab72fb79c5ad4f4
gen1,55,エフェクトガード,이펙트가드,Guard Spec.,8ad201e80244f630ab5a46922ab72fb79c5ad4f4
gen1,56,シルバースプレー,실버스프레이,Super Repel,8ad201e80244f630ab5a46922ab72fb79c5ad4f4
gen1,57,ゴールドスプレー,골드스프레이,Max Repel,8ad201e80244f630ab5a46922ab72fb79c5ad4f4
gen1,58,クリティカッター,크리티컬커터,Dire Hit,8ad201e80244f630ab5a46922ab72fb79c5ad4f4
gen1,59,コイン,동전,Coin,8ad201e80244f630ab5a46922ab72fb79c5ad4f4
gen1,60,おいしいみず,맛있는물,Fresh Water,8ad201e80244f630ab5a46922ab72fb79c5ad4f4
gen1,61,サイコソーダ,미네랄사이다,Soda Pop,8ad201e80244f630ab5a46922ab72fb79c5ad4f4
gen1,62,ミックスオレ,후르츠밀크,Lemonade,8ad201e80244f630ab5a46922ab72fb79c5ad4f4
gen1,63,ふねのチケット,승선티켓,S.S. Ticket,8ad201e80244f630ab5a46922ab72fb79c5ad4f4
gen1,64,きんのいれば,금틀니,Gold Teeth,8ad201e80244f630ab5a46922ab72fb79c5ad4f4
gen1,65,プラスパワー,플러스파워,X Attack,8ad201e80244f630ab5a46922ab72fb79c5ad4f4
gen1,66,ディフェンダー,디펜드업,X Defend,8ad201e80244f630ab5a46922ab72fb79c5ad4f4
gen1,67,スピーダー,스피드업,X Speed,8ad201e80244f630ab5a46922ab72fb79c5ad4f4
gen1,68,スペシャルアップ,스페셜업,X Special,8ad201e80244f630ab5a46922ab72fb79c5ad4f4
gen1,69,コインケース,동전케이스,Coin Case,8ad201e80244f630ab5a46922ab72fb79c5ad4f4
gen1,70,おとどけもの,전해줄물건,Oak's Parcel,8ad201e80244f630ab5a46922ab72fb79c5ad4f4
gen1,71,ダウンジングマシン,다우징머신,Itemfinder,8ad201e80244f630ab5a46922ab72fb79c5ad4f4
gen1,72,シルフスコープ,실프스코프,Silph Scope,8ad201e80244f630ab5a46922ab72fb79c5ad4f4
gen1,73,ポケモンのふえ,포켓몬피리,Poké Flute,8ad201e80244f630ab5a46922ab72fb79c5ad4f4
gen1,74,エレベーターのカギ,Lift Key,Lift Key,8ad201e80244f630ab5a46922ab72fb79c5ad4f4
gen1,75,がくしゅうそうち,학습장치,Exp. All,8ad201e80244f630ab5a46922ab72fb79c5ad4f4
gen1,76,ボロのつりざお,낡은낚싯대,Old Rod,8ad201e80244f630ab5a46922ab72fb79c5ad4f4
gen1,77,いいつりざお,좋은낚싯대,Good Rod,8ad201e80244f630ab5a46922ab72fb79c5ad4f4
gen1,78,すごいつりざお,대단한낚싯대,Super Rod,8ad201e80244f630ab5a46922ab72fb79c5ad4f4
gen1,79,ポイントアップ,포인트,PP Up,8ad201e80244f630ab5a46922ab72fb79c5ad4f4
gen1,80,ピーピーエイド,PP에이드,Ether,8ad201e80244f630ab5a46922ab72fb79c5ad4f4
gen1,81,ピーピーリカバー,PP회복,Max Ether,8ad201e80244f630ab5a46922ab72fb79c5ad4f4
gen1,82,ピーピーエイダー,PP에이더,Elixir,8ad201e80244f630ab5a46922ab72fb79c5ad4f4
gen1,83,ピーピーマックス,PP맥스,Max Elixir,8ad201e80244f630ab5a46922ab72fb79c5ad4f4
gen1,84,ちか２かい(0x54),,,8ad201e80244f630ab5a46922ab72fb79c5ad4f4
gen1,85,ちか１かい(0x55),,,8ad201e80244f630ab5a46922ab72fb79c5ad4f4
gen1,86,１かい(0x56),,,8ad201e80244f630ab5a46922ab72fb79c5ad4f4
gen1,87,２かい(0x57),,,8ad201e80244f630ab5a46922ab72fb79c5ad4f4
gen1,88,３かい(0x58),,,8ad201e80244f630ab5a46922ab72fb79c5ad4f4
gen1,89,４かい(0x59),,,8ad201e80244f630ab5a46922ab72fb79c5ad4f4
gen1,90,５かい(0x5A),,,8ad201e80244f630ab5a46922ab72fb79c5ad4f4
gen1,91,６かい(0x5B),,,8ad201e80244f630ab5a46922ab72fb79c5ad4f4
gen1,92,７かい(0x5C),,,8ad201e80244f630ab5a46922ab72fb79c5ad4f4
gen1,93,８かい(0x5D),,,8ad201e80244f630ab5a46922ab72fb79c5ad4f4
gen1,94,９かい(0x5E),,,8ad201e80244f630ab5a46922ab72fb79c5ad4f4
gen1,95,１０かい(0x5F),,,8ad201e80244f630ab5a46922ab72fb79c5ad4f4
gen1,96,１１かい(0x60),,,8ad201e80244f630ab5a46922ab72fb79c5ad4f4
gen1,97,ちか４かい(0x61),,,8ad201e80244f630ab5a46922ab72fb79c5ad4f4
gen1,98,かみなりバッヂ(0x62),,,8ad201e80244f630ab5a46922ab72fb79c5ad4f4
gen1,99,かいがらバッヂ(0x63),,,8ad201e80244f630ab5a46922ab72fb79c5ad4f4
gen1,100,おじぞうバッヂ(0x64),,,8ad201e80244f630ab5a46922ab72fb79c5ad4f4
gen1,101,はやぶさバッヂ(0x65),,,8ad201e80244f630ab5a46922ab72fb79c5ad4f4
gen1,102,ひんやりバッヂ(0x66),,,8ad201e80244f630ab5a46922ab72fb79c5ad4f4
gen1,103,なかよしバッヂ(0x67),,,8ad201e80244f630ab5a46922ab72fb79c5ad4f4
gen1,104,バラバッヂ(0x68),,,8ad201e80244f630ab5a46922ab72fb79c5ad4f4
gen1,105,ひのたまバッヂ(0x69),,,8ad201e80244f630ab5a46922ab72fb79c5ad4f4
gen1,106,ゴールドバッヂ(0x6A),,,8ad201e80244f630ab5a46922ab72fb79c5ad4f4
gen1,107,たまご(0x6B),,,8ad201e80244f630ab5a46922ab72fb79c5ad4f4
gen1,108,ひよこ(0x6C),,,8ad201e80244f630ab5a46922ab72fb79c5ad4f4
gen1,109,ブロンズ(0x6D),,,8ad201e80244f630ab5a46922ab72fb79c5ad4f4
gen1,110,シルバー(0x6E),,,8ad201e80244f630ab5a46922ab72fb79c5ad4f4
gen1,111,ゴールド(0x6F),,,8ad201e80244f630ab5a46922ab72fb79c5ad4f4
gen1,112,プチキャプテン(0x70),,,8ad201e80244f630ab5a46922ab72fb79c5ad4f4
gen1,113,キャプテン(0x71),,,8ad201e80244f630ab5a46922ab72fb79c5ad4f4
gen1,114,プチマスター(0x72),,,8ad201e80244f630ab5a46922ab72fb79c5ad4f4
gen1,115,マスター(0x73),,,8ad201e80244f630ab5a46922ab72fb79c5ad4f4
gen1,116,,,,8ad201e80244f630ab5a46922ab72fb79c5ad4f4
gen1,117,,,,8ad201e80244f630ab5a46922ab72fb79c5ad4f4
gen1,118,,,,8ad201e80244f630ab5a46922ab72fb79c5ad4f4
gen1,119,やまぐち(0x77),,,8ad201e80244f630ab5a46922ab72fb79c5ad4f4
gen1,120,いしはら(0x78),,,8ad201e80244f630ab5a46922ab72fb79c5ad4f4
gen1,121,,,,8ad201e80244f630ab5a46922ab72fb79c5ad4f4
gen1,122,,,,8ad201e80244f630ab5a46922ab72fb79c5ad4f4
gen1,123,,,,8ad201e80244f630ab5a46922ab72fb79c5ad4f4
gen1,124,,,,8ad201e80244f630ab5a46922ab72fb79c5ad4f4
gen1,125,,,,8ad201e80244f630ab5a46922ab72fb79c5ad4f4
gen1,126,,,,8ad201e80244f630ab5a46922ab72fb79c5ad4f4
gen1,127,,,,8ad201e80244f630ab5a46922ab72fb79c5ad4f4
gen1,128,,,,8ad201e80244f630ab5a46922ab72fb79c5ad4f4
gen1,129,,,,8ad201e80244f630ab5a46922ab72fb79c5ad4f4
gen1,130,,,,8ad201e80244f630ab5a46922ab72fb79c5ad4f4
gen1,131,,,,8ad201e80244f630ab5a46922ab72fb79c5ad4f4
gen1,132,,,,8ad201e80244f630ab5a46922ab72fb79c5ad4f4
gen1,133,,,,8ad201e80244f630ab5a46922ab72fb79c5ad4f4
gen1,134,,,,8ad201e80244f630ab5a46922ab72fb79c5ad4f4
gen1,135,,,,8ad201e80244f630ab5a46922ab72fb79c5ad4f4
gen1,136,,,,8ad201e80244f630ab5a46922ab72fb79c5ad4f4
gen1,137,,,,8ad201e80244f630ab5a46922ab72fb79c5ad4f4
gen1,138,,,,8ad201e80244f630ab5a46922ab72fb79c5ad4f4
gen1,139,,,,8ad201e80244f630ab5a46922ab72fb79c5ad4f4
gen1,140,,,,8ad201e80244f630ab5a46922ab72fb79c5ad4f4
gen1,141,,,,8ad201e80244f630ab5a46922ab72fb79c5ad4f4
gen1,142,,,,8ad201e80244f630ab5a46922ab72fb79c5ad4f4
gen1,143,,,,8ad201e80244f630ab5a46922ab72fb79c5ad4f4
gen1,144,,,,8ad201e80244f630ab5a46922ab72fb79c5ad4f4
gen1,145,,,,8ad201e80244f630ab5a46922ab72fb79c5ad4f4
gen1,146,,,,8ad201e80244f630ab5a46922ab72fb79c5ad4f4
gen1,147,,,,8ad201e80244f630ab5a46922ab72fb79c5ad4f4
gen1,148,,,,8ad201e80244f630ab5a46922ab72fb79c5ad4f4
gen1,149,,,,8ad201e80244f630ab5a46922ab72fb79c5ad4f4
gen1,150,,,,8ad201e80244f630ab5a46922ab72fb79c5ad4f4
gen1,151,,,,8ad201e80244f630ab5a46922ab72fb79c5ad4f4
gen1,152,,,,8ad201e80244f630ab5a46922ab72fb79c5ad4f4
gen1,153,,,,8ad201e80244f630ab5a46922ab72fb79c5ad4f4
gen1,154,,,,8ad201e80244f630ab5a46922ab72fb79c5ad4f4
gen1,155,,,,8ad201e80244f630ab5a46922ab72fb79c5ad4f4
gen1,156,,,,8ad201e80244f630ab5a46922ab72fb79c5ad4f4
gen1,157,,,,8ad201e80244f630ab5a46922ab72fb79c5ad4f4
gen1,158,,,,8ad201e80244f630ab5a46922ab72fb79c5ad4f4
gen1,159,,,,8ad201e80244f630ab5a46922ab72fb79c5ad4f4
gen1,160,,,,8ad201e80244f630ab5a46922ab72fb79c5ad4f4
gen1,161,,,,8ad201e80244f630ab5a46922ab72fb79c5ad4f4
gen1,162,,,,8ad201e80244f630ab5a46922ab72fb79c5ad4f4
gen1,163,,,,8ad201e80244f630ab5a46922ab72fb79c5ad4f4
gen1,164,,,,8ad201e80244f630ab5a46922ab72fb79c5ad4f4
gen1,165,,,,8ad201e80244f630ab5a46922ab72fb79c5ad4f4
gen1,166,,,,8ad201e80244f630ab5a46922ab72fb79c5ad4f4
gen1,167,,,,8ad201e80244f630ab5a46922ab72fb79c5ad4f4
gen1,168,にゅうりょく(0xA8),,,8ad201e80244f630ab5a46922ab72fb79c5ad4f4
gen1,169,,,,8ad201e80244f630ab5a46922ab72fb79c5ad4f4
gen1,170,,,,8ad201e80244f630ab5a46922ab72fb79c5ad4f4
gen1,171,,,,8ad201e80244f630ab5a46922ab72fb79c5ad4f4
gen1,172,,,,8ad201e80244f630ab5a46922ab72fb79c5ad4f4
gen1,173,,,,8ad201e80244f630ab5a46922ab72fb79c5ad4f4
gen1,174,,,,8ad201e80244f630ab5a46922ab72fb79c5ad4f4
gen1,175,,,,8ad201e80244f630ab5a46922ab72fb79c5ad4f4
gen1,176,,,,8ad201e80244f630ab5a46922ab72fb79c5ad4f4
gen1,177,,,,8ad201e80244f630ab5a46922ab72fb79c5ad4f4
gen1,178,,,,8ad201e80244f630ab5a46922ab72fb79c5ad4f4
gen1,179,,,,8ad201e80244f630ab5a46922ab72fb79c5ad4f4
gen1,180,ペゾ(0xB3),,,8ad201e80244f630ab5a46922ab72fb79c5ad4f4
gen1,181,,,,8ad201e80244f630ab5a46922ab72fb79c5ad4f4
gen1,182,グリーン(0xB5),,,8ad201e80244f630ab5a46922ab72fb79c5ad4f4
gen1,183,シゲル(0xB6),,,8ad201e80244f630ab5a46922ab72fb79c5ad4f4
gen1,184,ジョン(0xB7),,,8ad201e80244f630ab5a46922ab72fb79c5ad4f4
gen1,185,じぶんできめる(0xB8),,,8ad201e80244f630ab5a46922ab72fb79c5ad4f4
gen1,186,レッド(0xB9),,,8ad201e80244f630ab5a46922ab72fb79c5ad4f4
gen1,187,サトシ(0xBA),,,8ad201e80244f630ab5a46922ab72fb79c5ad4f4
gen1,188,ジャック(0xBB),,,8ad201e80244f630ab5a46922ab72fb79c5ad4f4
gen1,189,,,,8ad201e80244f630ab5a46922ab72fb79c5ad4f4
gen1,190,,,,8ad201e80244f630ab5a46922ab72fb79c5ad4f4
gen1,191,,,,8ad201e80244f630ab5a46922ab72fb79c5ad4f4
gen1,192,イﾞぴま(0xC0),,,8ad201e80244f630ab5a46922ab72fb79c5ad4f4
gen1,193,ジギ(0xC1),,,8ad201e80244f630ab5a46922ab72fb79c5ad4f4
gen1,194,,,,8ad201e80244f630ab5a46922ab72fb79c5ad4f4
gen1,195,イﾞぴま(0xC3),,,8ad201e80244f630ab5a46922ab72fb79c5ad4f4
gen1,196,ひでんマシン０１,HM01,HM01,8ad201e80244f630ab5a46922ab72fb79c5ad4f4
gen1,197,ひでんマシン０２,HM02,HM02,8ad201e80244f630ab5a46922ab72fb79c5ad4f4
gen1,198,ひでんマシン０３,HM03,HM03,8ad201e80244f630ab5a46922ab72fb79c5ad4f4
gen1,199,ひでんマシン０４,HM04,HM04,8ad201e80244f630ab5a46922ab72fb79c5ad4f4
gen1,200,ひでんマシン０５,HM05,HM05,8ad201e80244f630ab5a46922ab72fb79c5ad4f4
gen1,201,わざマシン０１,TM01,TM01,8ad201e80244f630ab5a46922ab72fb79c5ad4f4
gen1,202,わざマシン０２,TM02,TM02,8ad201e80244f630ab5a46922ab72fb79c5ad4f4
gen1,203,わざマシン０３,TM03,TM03,8ad201e80244f630ab5a46922ab72fb79c5ad4f4
gen1,204,わざマシン０４,TM04,TM04,8ad201e80244f630ab5a46922ab72fb79c5ad4f4
gen1,205,わざマシン０５,TM05,TM05,8ad201e80244f630ab5a46922ab72fb79c5ad4f4
gen1,206,わざマシン０６,TM06,TM06,8ad201e80244f630ab5a46922ab72fb79c5ad4f4
gen1,207,わざマシン０７,TM07,TM07,8ad201e80244f630ab5a46922ab72fb79c5ad4f4
gen1,208,わざマシン０８,TM08,TM08,8ad201e80244f630ab5a46922ab72fb79c5ad4f4
gen1,209,わざマシン０９,TM09,TM09,8ad201e80244f630ab5a46922ab72fb79c5ad4f4
gen1,210,わざマシン１０,TM10,TM10,8ad201e80244f630ab5a46922ab72fb79c5ad4f4
gen1,211,わざマシン１１,TM11,TM11,8ad201e80244f630ab5a46922ab72fb79c5ad4f4
gen1,212,わざマシン１２,TM12,TM12,8ad201e80244f630ab5a46922ab72fb79c5ad4f4
gen1,213,わざマシン１３,TM13,TM13,8ad201e80244f630ab5a46922ab72fb79c5ad4f4
gen1,214,わざマシン１４,TM14,TM14,8ad201e80244f630ab5a46922ab72fb79c5ad4f4
gen1,215,わざマシン１５,TM15,TM15,8ad201e80244f630ab5a46922ab72fb79c5ad4f4
gen1,216,わざマシン１６,TM16,TM16,8ad201e80244f630ab5a46922ab72fb79c5ad4f4
gen1,217,わざマシン１７,TM17,TM17,8ad201e80244f630ab5a46922ab72fb79c5ad4f4
gen1,218,わざマシン１８,TM18,TM18,8ad201e80244f630ab5a46922ab72fb79c5ad4f4
gen1,219,わざマシン１９,TM19,TM19,8ad201e80244f630ab5a46922ab72fb79c5ad4f4
gen1,220,わざマシン２０,TM20,TM20,8ad201e80244f630ab5a46922ab72fb79c5ad4f4
gen1,221,わざマシン２１,TM21,TM21,8ad201e80244f630ab5a46922ab72fb79c5ad4f4
gen1,222,わざマシン２２,TM22,TM22,8ad201e80244f630ab5a46922ab72fb79c5ad4f4
gen1,223,わざマシン２３,TM23,TM23,8ad201e80244f630ab5a46922ab72fb79c5ad4f4
gen1,224,わざマシン２４,TM24,TM24,8ad201e80244f630ab5a46922ab72fb79c5ad4f4
gen1,225,わざマシン２５,TM25,TM25,8ad201e80244f630ab5a46922ab72fb79c5ad4f4
gen1,226,わざマシン２６,TM26,TM26,8ad201e80244f630ab5a46922ab72fb79c5ad4f4
gen1,227,わざマシン２７,TM27,TM27,8ad201e80244f630ab5a46922ab72fb79c5ad4f4
gen1,228,わざマシン２８,TM28,TM28,8ad201e80244f630ab5a46922ab72fb79c5ad4f4
gen1,229,わざマシン２９,TM29,TM29,8ad201e80244f630ab5a46922ab72fb79c5ad4f4
gen1,230,わざマシン３０,TM30,TM30,8ad201e80244f630ab5a46922ab72fb79c5ad4f4
gen1,231,わざマシン３１,TM31,TM31,8ad201e80244f630ab5a46922ab72fb79c5ad4f4
gen1,232,わざマシン３２,TM32,TM32,8ad201e80244f630ab5a46922ab72fb79c5ad4f4
gen1,233,わざマシン３３,TM33,TM33,8ad201e80244f630ab5a46922ab72fb79c5ad4f4
gen1,234,わざマシン３４,TM34,TM34,8ad201e80244f630ab5a46922ab72fb79c5ad4f4
gen1,235,わざマシン３５,TM35,TM35,8ad201e80244f630ab5a46922ab72fb79c5ad4f4
gen1,236,わざマシン３６,TM36,TM36,8ad201e80244f630ab5a46922ab72fb79c5ad4f4
gen1,237,わざマシン３７,TM37,TM37,8ad201e80244f630ab5a46922ab72fb79c5ad4f4
gen1,238,わざマシン３８,TM38,TM38,8ad201e80244f630ab5a46922ab72fb79c5ad4f4
gen1,239,わざマシン３９,TM39,TM39,8ad201e80244f630ab5a46922ab72fb79c5ad4f4
gen1,240,わざマシン４０,TM40,TM40,8ad201e80244f630ab5a46922ab72fb79c5ad4f4
gen1,241,わざマシン４１,TM41,TM41,8ad201e80244f630ab5a46922ab72fb79c5ad4f4
gen1,242,わざマシン４２,TM42,TM42,8ad201e80244f630ab5a46922ab72fb79c5ad4f4
gen1,243,わざマシン４３,TM43,TM43,8ad201e80244f630ab5a46922ab72fb79c5ad4f4
gen1,244,わざマシン４４,TM44,TM44,8ad201e80244f630ab5a46922ab72fb79c5ad4f4
gen1,245,わざマシン４５,TM45,TM45,8ad201e80244f630ab5a46922ab72fb79c5ad4f4
gen1,246,わざマシン４６,TM46,TM46,8ad201e80244f630ab5a46922ab72fb79c5ad4f4
gen1,247,わざマシン４７,TM47,TM47,8ad201e80244f630ab5a46922ab72fb79c5ad4f4
gen1,248,わざマシン４８,TM48,TM48,8ad201e80244f630ab5a46922ab72fb79c5ad4f4
gen1,249,わざマシン４９,TM49,TM49,8ad201e80244f630ab5a46922ab72fb79c5ad4f4
gen1,250,わざマシン５０,TM50,TM50,8ad201e80244f630ab5a46922ab72fb79c5ad4f4
gen1,251,わざマシン５１,TM51,TM51,8ad201e80244f630ab5a46922ab72fb79c5ad4f4
gen1,252,わざマシン５２,TM52,TM52,8ad201e80244f630ab5a46922ab72fb79c5ad4f4
gen1,253,わざマシン５３,TM53,TM53,8ad201e80244f630ab5a46922ab72fb79c5ad4f4
gen1,254,わざマシン５４,TM54,TM54,8ad201e80244f630ab5a46922ab72fb79c5ad4f4
gen1,255,わざマシン５５,TM55,TM55,8ad201e80244f630ab5a46922ab72fb79c5ad4f4
gen2,0,(なし),(없음),(None),8ad201e80244f630ab5a46922ab72fb79c5ad4f4
gen2,1,マスターボール,마스터볼,Master Ball,8ad201e80244f630ab5a46922ab72fb79c5ad4f4
gen2,2,ハイパーボール,하이퍼볼,Ultra Ball,8ad201e80244f630ab5a46922ab72fb79c5ad4f4
gen2,3,ひかりのこな,반짝가루,BrightPowder,8ad201e80244f630ab5a46922ab72fb79c5ad4f4
gen2,4,スーパーボール,수퍼볼,Great Ball,8ad201e80244f630ab5a46922ab72fb79c5ad4f4
gen2,5,モンスターボール,몬스터볼,Poké Ball,8ad201e80244f630ab5a46922ab72fb79c5ad4f4
gen2,6,カビチュウ (０),? (0),Teru-sama (0),8ad201e80244f630ab5a46922ab72fb79c5ad4f4
gen2,7,じてんしゃ,자전거,Bicycle,8ad201e80244f630ab5a46922ab72fb79c5ad4f4
gen2,8,つきのいし,달맞이 돌,Moon Stone,8ad201e80244f630ab5a46922ab72fb79c5ad4f4
gen2,9,どくけし,해독제,Antidote,8ad201e80244f630ab5a46922ab72fb79c5ad4f4
gen2,10,やけどなおし,화상 치료제,Burn Heal,8ad201e80244f630ab5a46922ab72fb79c5ad4f4
gen2,11,こおりなおし,얼음상태 치료제,Ice Heal,8ad201e80244f630ab5a46922ab72fb79c5ad4f4
gen2,12,ねむけざまし,잠깨는 약,Awakening,8ad201e80244f630ab5a46922ab72fb79c5ad4f4
gen2,13,まひなおし,마비 치료제,Parlyz Heal,8ad201e80244f630ab5a46922ab72fb79c5ad4f4
gen2,14,かいふくのくすり,회복약,Full Restore,8ad201e80244f630ab5a46922ab72fb79c5ad4f4
gen2,15,まんたんのくすり,풀 회복약,Max Potion,8ad201e80244f630ab5a46922ab72fb79c5ad4f4
gen2,16,すごいキズぐすり,고급 상처약,Hyper Potion,8ad201e80244f630ab5a46922ab72fb79c5ad4f4
gen2,17,いいキズぐすり,좋은 상처약,Super Potion,8ad201e80244f630ab5a46922ab72fb79c5ad4f4
gen2,18,キズぐすり,상처약,Potion,8ad201e80244f630ab5a46922ab72fb79c5ad4f4
gen2,19,あなぬけのヒモ,동굴탈출 로프,Escape Rope,8ad201e80244f630ab5a46922ab72fb79c5ad4f4
gen2,20,むしよけスプレー,벌레회피스프레이,Repel,8ad201e80244f630ab5a46922ab72fb79c5ad4f4
gen2,21,ピーピーマックス,PP 맥스,Max Elixer,8ad201e80244f630ab5a46922ab72fb79c5ad4f4
gen2,22,ほのおのいし,불꽃의 돌,Fire Stone,8ad201e80244f630ab5a46922ab72fb79c5ad4f4
gen2,23,かみなりのいし,천둥의 돌,Thunder Stone,8ad201e80244f630ab5a46922ab72fb79c5ad4f4
gen2,24,みずのいし,물의 돌,Water Stone,8ad201e80244f630ab5a46922ab72fb79c5ad4f4
gen2,25,カビチュウ (１),? (1),Teru-sama (1),8ad201e80244f630ab5a46922ab72fb79c5ad4f4
gen2,26,マックスアップ,맥스 업,HP Up,8ad201e80244f630ab5a46922ab72fb79c5ad4f4
gen2,27,タウリン,타우린,Protein,8ad201e80244f630ab5a46922ab72fb79c5ad4f4
gen2,28,ブロムヘキシン,사포닌,Iron,8ad201e80244f630ab5a46922ab72fb79c5ad4f4
gen2,29,インドメタシン,알칼로이드,Carbos,8ad201e80244f630ab5a46922ab72fb79c5ad4f4
gen2,30,ラッキーパンチ,럭키 펀치,Lucky Punch,8ad201e80244f630ab5a46922ab72fb79c5ad4f4
gen2,31,リゾチウム,리보플라빈,Calcium,8ad201e80244f630ab5a46922ab72fb79c5ad4f4
gen2,32,ふしぎなアメ,이상한 사탕,Rare Candy,8ad201e80244f630ab5a46922ab72fb79c5ad4f4
gen2,33,ヨクアタール,잘-맞히기,X Accuracy,8ad201e80244f630ab5a46922ab72fb79c5ad4f4
gen2,34,リーフのいし,잎사귀 돌,Leaf Stone,8ad201e80244f630ab5a46922ab72fb79c5ad4f4
gen2,35,メタルパウダー,금속 파우더,Metal Powder,8ad201e80244f630ab5a46922ab72fb79c5ad4f4
gen2,36,きんのたま,금구슬,Nugget,8ad201e80244f630ab5a46922ab72fb79c5ad4f4
gen2,37,ピッピにんぎょう,삐삐인형,Poké Doll,8ad201e80244f630ab5a46922ab72fb79c5ad4f4
gen2,38,なんでもなおし,만병통치제,Full Heal,8ad201e80244f630ab5a46922ab72fb79c5ad4f4
gen2,39,げんきのかけら,기력의 조각,Revive,8ad201e80244f630ab5a46922ab72fb79c5ad4f4
gen2,40,げんきのかたまり,기력의 덩어리,Max Revive,8ad201e80244f630ab5a46922ab72fb79c5ad4f4
gen2,41,エフェクトガード,이펙트 가드,Guard Spec.,8ad201e80244f630ab5a46922ab72fb79c5ad4f4
gen2,42,シルバースプレー,실버 스프레이,Super Repel,8ad201e80244f630ab5a46922ab72fb79c5ad4f4
gen2,43,ゴールドスプレー,골드 스프레이,Max Repel,8ad201e80244f630ab5a46922ab72fb79c5ad4f4
gen2,44,クリティカッター,크리티컬 커터,Dire Hit,8ad201e80244f630ab5a46922ab72fb79c5ad4f4
gen2,45,カビチュウ (２),? (2),Teru-sama (2),8ad201e80244f630ab5a46922ab72fb79c5ad4f4
gen2,46,おいしいみず,맛있는 물,Fresh Water,8ad201e80244f630ab5a46922ab72fb79c5ad4f4
gen2,47,サイコソーダ,미네랄 사이다,Soda Pop,8ad201e80244f630ab5a46922ab72fb79c5ad4f4
gen2,48,ミックスオレ,후르츠 밀크,Lemonade,8ad201e80244f630ab5a46922ab72fb79c5ad4f4
gen2,49,プラスパワー,플러스파워,X Attack,8ad201e80244f630ab5a46922ab72fb79c5ad4f4
gen2,50,カビチュウ (３),? (3),Teru-sama (3),8ad201e80244f630ab5a46922ab72fb79c5ad4f4
gen2,51,ディフェンダー,디펜드 업,X Defend,8ad201e80244f630ab5a46922ab72fb79c5ad4f4
gen2,52,スピーダー,스피드 업,X Speed,8ad201e80244f630ab5a46922ab72fb79c5ad4f4
gen2,53,スペシャルアップ,스페셜 업,X Special,8ad201e80244f630ab5a46922ab72fb79c5ad4f4
gen2,54,コインケース,동전 케이스,Coin Case,8ad201e80244f630ab5a46922ab72fb79c5ad4f4
gen2,55,ダウンジングマシン,다우징 머신,Itemfinder,8ad201e80244f630ab5a46922ab72fb79c5ad4f4
gen2,56,カビチュウ (４),? (4),Teru-sama (4),8ad201e80244f630ab5a46922ab72fb79c5ad4f4
gen2,57,がくしゅうそうち,학습장치,Exp Share,8ad201e80244f630ab5a46922ab72fb79c5ad4f4
gen2,58,ボロのつりざお,낡은 낚싯대,Old Rod,8ad201e80244f630ab5a46922ab72fb79c5ad4f4
gen2,59,いいつりざお,좋은 낚싯대,Good Rod,8ad201e80244f630ab5a46922ab72fb79c5ad4f4
gen2,60,ぎんのはっぱ,은빛 나뭇잎,Silver Leaf,8ad201e80244f630ab5a46922ab72fb79c5ad4f4
gen2,61,すごいつりざお,대단한 낚싯대,Super Rod,8ad201e80244f630ab5a46922ab72fb79c5ad4f4
gen2,62,ポイントアップ,포인트 업,PP Up,8ad201e80244f630ab5a46922ab72fb79c5ad4f4
gen2,63,ピーピーエイド,PP 에이드,Ether,8ad201e80244f630ab5a46922ab72fb79c5ad4f4
gen2,64,ピーピーリカバー,PP 회복,Max Ether,8ad201e80244f630ab5a46922ab72fb79c5ad4f4
gen2,65,ピーピーエイダー,PP 에이더,Elixer,8ad201e80244f630ab5a46922ab72fb79c5ad4f4
gen2,66,あかいウロコ,빨간 비늘,Red Scale,8ad201e80244f630ab5a46922ab72fb79c5ad4f4
gen2,67,ひでんのくすり,비전 신약,SecretPotion,8ad201e80244f630ab5a46922ab72fb79c5ad4f4
gen2,68,ふねのチケット,승선 티켓,S.S. Ticket,8ad201e80244f630ab5a46922ab72fb79c5ad4f4
gen2,69,ふしぎなタマゴ,이상한 알,Mystery Egg,8ad201e80244f630ab5a46922ab72fb79c5ad4f4
gen2,70,とうめいなスズ*,크리스탈 방울*,Clear Bell*,8ad201e80244f630ab5a46922ab72fb79c5ad4f4
gen2,71,ぎんいろのはね,은빛 날개,Silver Wing,8ad201e80244f630ab5a46922ab72fb79c5ad4f4
gen2,72,モーモーミルク,튼튼 밀크,Moomoo Milk,8ad201e80244f630ab5a46922ab72fb79c5ad4f4
gen2,73,せんせいのツメ,선제공격 손톱,Quick Claw,8ad201e80244f630ab5a46922ab72fb79c5ad4f4
gen2,74,どくけしのみ,해독열매,PSNCureBerry,8ad201e80244f630ab5a46922ab72fb79c5ad4f4
gen2,75,きんのはっぱ,금빛 나뭇잎,Gold Leaf,8ad201e80244f630ab5a46922ab72fb79c5ad4f4
gen2,76,やわらかいすな,부드러운 모래,Soft Sand,8ad201e80244f630ab5a46922ab72fb79c5ad4f4
gen2,77,するどいくちばし,예리한 부리,Sharp Beak,8ad201e80244f630ab5a46922ab72fb79c5ad4f4
gen2,78,まひなおしのみ,마비치료열매,PRZCureBerry,8ad201e80244f630ab5a46922ab72fb79c5ad4f4
gen2,79,やけたきのみ,불탄 나무열매,Burnt Berry,8ad201e80244f630ab5a46922ab72fb79c5ad4f4
gen2,80,こおったきのみ,얼은 나무열매,Ice Berry,8ad201e80244f630ab5a46922ab72fb79c5ad4f4
gen2,81,どくバリ,독바늘,Poison Barb,8ad201e80244f630ab5a46922ab72fb79c5ad4f4
gen2,82,おうじゃのしるし,왕의 징표석,King's Rock,8ad201e80244f630ab5a46922ab72fb79c5ad4f4
gen2,83,にがいきのみ,쓴맛 나무열매,Bitter Berry,8ad201e80244f630ab5a46922ab72fb79c5ad4f4
gen2,84,はっかのみ,박하열매,Mint Berry,8ad201e80244f630ab5a46922ab72fb79c5ad4f4
gen2,85,あかぼんぐり,빨간 규토리,Red Apricorn,8ad201e80244f630ab5a46922ab72fb79c5ad4f4
gen2,86,ちいさなキノコ,작은 버섯,TinyMushroom,8ad201e80244f630ab5a46922ab72fb79c5ad4f4
gen2,87,おおきなキノコ,큰 버섯,Big Mushroom,8ad201e80244f630ab5a46922ab72fb79c5ad4f4
gen2,88,ぎんのこな,은빛 가루,SilverPowder,8ad201e80244f630ab5a46922ab72fb79c5ad4f4
gen2,89,あおぼんぐり,파란 규토리,Blu Apricorn,8ad201e80244f630ab5a46922ab72fb79c5ad4f4
gen2,90,カビチュウ (５),? (5),Teru-sama (5),8ad201e80244f630ab5a46922ab72fb79c5ad4f4
gen2,91,おまもりこばん,부적 금화,Amulet Coin,8ad201e80244f630ab5a46922ab72fb79c5ad4f4
gen2,92,きぼんぐり,노랑 규토리,Ylw Apricorn,8ad201e80244f630ab5a46922ab72fb79c5ad4f4
gen2,93,みどぼんぐり,초록 규토리,Grn Apricorn,8ad201e80244f630ab5a46922ab72fb79c5ad4f4
gen2,94,きよめのおふだ,순결의 부적,Cleanse Tag,8ad201e80244f630ab5a46922ab72fb79c5ad4f4
gen2,95,しんぴのしずく,신비의 물방울,Mystic Water,8ad201e80244f630ab5a46922ab72fb79c5ad4f4
gen2,96,まがったスプーン,휘어진 스푼,TwistedSpoon,8ad201e80244f630ab5a46922ab72fb79c5ad4f4
gen2,97,しろぼんぐり,하얀 규토리,Wht Apricorn,8ad201e80244f630ab5a46922ab72fb79c5ad4f4
gen2,98,くろおび,검은띠,Black Belt,8ad201e80244f630ab5a46922ab72fb79c5ad4f4
gen2,99,くろぼんぐり,검은 규토리,Blk Apricorn,8ad201e80244f630ab5a46922ab72fb79c5ad4f4
gen2,100,カビチュウ (６),? (6),Teru-sama (6),8ad201e80244f630ab5a46922ab72fb79c5ad4f4
gen2,101,ももぼんぐり,담홍 규토리,Pnk Apricorn,8ad201e80244f630ab5a46922ab72fb79c5ad4f4
gen2,102,くろいメガネ,검은 안경,BlackGlasses,8ad201e80244f630ab5a46922ab72fb79c5ad4f4
gen2,103,おいしいシッポ,맛있는 꼬리,SlowpokeTail,8ad201e80244f630ab5a46922ab72fb79c5ad4f4
gen2,104,ピンクのリボン,핑크빛 리본,Pink Bow,8ad201e80244f630ab5a46922ab72fb79c5ad4f4
gen2,105,ながねぎ,대파,Stick,8ad201e80244f630ab5a46922ab72fb79c5ad4f4
gen2,106,けむりだま,연막탄,Smoke Ball,8ad201e80244f630ab5a46922ab72fb79c5ad4f4
gen2,107,とけないこおり,녹지않는 얼음,NeverMeltIce,8ad201e80244f630ab5a46922ab72fb79c5ad4f4
gen2,108,じしゃく,자석,Magnet,8ad201e80244f630ab5a46922ab72fb79c5ad4f4
gen2,109,きせきのみ,기적의 열매,MiracleBerry,8ad201e80244f630ab5a46922ab72fb79c5ad4f4
gen2,110,しんじゅ,진주,Pearl,8ad201e80244f630ab5a46922ab72fb79c5ad4f4
gen2,111,おおきなしんじゅ,큰 진주,Big Pearl,8ad201e80244f630ab5a46922ab72fb79c5ad4f4
gen2,112,かわらずのいし,변함없는 돌,Everstone,8ad201e80244f630ab5a46922ab72fb79c5ad4f4
gen2,113,のろいのおふだ,저주의 부적,Spell Tag,8ad201e80244f630ab5a46922ab72fb79c5ad4f4
gen2,114,いかりまんじゅう,분노의 호두과자,RageCandyBar,8ad201e80244f630ab5a46922ab72fb79c5ad4f4
gen2,115,ジーエスボール*,GS볼*,GS Ball*,8ad201e80244f630ab5a46922ab72fb79c5ad4f4
gen2,116,ブルーカード*,블루카드*,Blue Card*,8ad201e80244f630ab5a46922ab72fb79c5ad4f4
gen2,117,きせきのタネ,기적의 씨,Miracle Seed,8ad201e80244f630ab5a46922ab72fb79c5ad4f4
gen2,118,ふといホネ,굵은 뼈,Thick Club,8ad201e80244f630ab5a46922ab72fb79c5ad4f4
gen2,119,きあいのハチマキ,기합의 머리띠,Focus Band,8ad201e80244f630ab5a46922ab72fb79c5ad4f4
gen2,120,カビチュウ (７),? (7),Teru-sama (7),8ad201e80244f630ab5a46922ab72fb79c5ad4f4
gen2,121,ちからのこな,힘의 가루,EnergyPowder,8ad201e80244f630ab5a46922ab72fb79c5ad4f4
gen2,122,ちからのねっこ,힘의 뿌리,Energy Root,8ad201e80244f630ab5a46922ab72fb79c5ad4f4
gen2,123,ばんのうごな,만능가루,Heal Powder,8ad201e80244f630ab5a46922ab72fb79c5ad4f4
gen2,124,ふっかつそう,부활초,Revival Herb,8ad201e80244f630ab5a46922ab72fb79c5ad4f4
gen2,125,かたいいし,딱딱한 돌,Hard Stone,8ad201e80244f630ab5a46922ab72fb79c5ad4f4
gen2,126,しあわせタマゴ,행복의 알,Lucky Egg,8ad201e80244f630ab5a46922ab72fb79c5ad4f4
gen2,127,カードキー,카드키,Card Key,8ad201e80244f630ab5a46922ab72fb79c5ad4f4
gen2,128,きかいのぶひん,기계부품,Machine Part,8ad201e80244f630ab5a46922ab72fb79c5ad4f4
gen2,129,タマゴけん*,알 티켓*,Egg Ticket*,8ad201e80244f630ab5a46922ab72fb79c5ad4f4
gen2,130,おとしもの,분실물,Lost Item,8ad201e80244f630ab5a46922ab72fb79c5ad4f4
gen2,131,ほしのすな,별의 모래,Stardust,8ad201e80244f630ab5a46922ab72fb79c5ad4f4
gen2,132,ほしのかけら,별의 조각,Star Piece,8ad201e80244f630ab5a46922ab72fb79c5ad4f4
gen2,133,ちかのカギ,지하의 열쇠,Basement Key,8ad201e80244f630ab5a46922ab72fb79c5ad4f4
gen2,134,ていきけん,정기권,Pass,8ad201e80244f630ab5a46922ab72fb79c5ad4f4
gen2,135,カビチュウ (８),? (8),Teru-sama (8),8ad201e80244f630ab5a46922ab72fb79c5ad4f4
gen2,136,カビチュウ (９),? (9),Teru-sama (9),8ad201e80244f630ab5a46922ab72fb79c5ad4f4
gen2,137,カビチュウ (１０),? (10),Teru-sama (10),8ad201e80244f630ab5a46922ab72fb79c5ad4f4
gen2,138,もくたん,목탄,Charcoal,8ad201e80244f630ab5a46922ab72fb79c5ad4f4
gen2,139,きのみジュース,나무열매쥬스,Berry Juice,8ad201e80244f630ab5a46922ab72fb79c5ad4f4
gen2,140,ピントレンズ,초점 렌즈,Scope Lens,8ad201e80244f630ab5a46922ab72fb79c5ad4f4
gen2,141,カビチュウ (１１),? (11),Teru-sama (11),8ad201e80244f630ab5a46922ab72fb79c5ad4f4
gen2,142,カビチュウ (１２),? (12),Teru-sama (12),8ad201e80244f630ab5a46922ab72fb79c5ad4f4
gen2,143,メタルコート,금속코트,Metal Coat,8ad201e80244f630ab5a46922ab72fb79c5ad4f4
gen2,144,りゅうのキバ,용의 이빨,Dragon Fang,8ad201e80244f630ab5a46922ab72fb79c5ad4f4
gen2,145,カビチュウ (１３),? (13),Teru-sama (13),8ad201e80244f630ab5a46922ab72fb79c5ad4f4
gen2,146,たべのこし,먹다 남은 음식,Leftovers,8ad201e80244f630ab5a46922ab72fb79c5ad4f4
gen2,147,カビチュウ (１４),? (14),Teru-sama (14),8ad201e80244f630ab5a46922ab72fb79c5ad4f4
gen2,148,カビチュウ (１５),? (15),Teru-sama (15),8ad201e80244f630ab5a46922ab72fb79c5ad4f4
gen2,149,カビチュウ (１６),? (16),Teru-sama (16),8ad201e80244f630ab5a46922ab72fb79c5ad4f4
gen2,150,ふしぎなきのみ,이상한 나무열매,MysteryBerry,8ad201e80244f630ab5a46922ab72fb79c5ad4f4
gen2,151,りゅうのウロコ,용의 비늘,Dragon Scale,8ad201e80244f630ab5a46922ab72fb79c5ad4f4
gen2,152,はかいのいでんし,파괴의 유전자,Berserk Gene,8ad201e80244f630ab5a46922ab72fb79c5ad4f4
gen2,153,カビチュウ (１７),? (17),Teru-sama (17),8ad201e80244f630ab5a46922ab72fb79c5ad4f4
gen2,154,カビチュウ (１８),? (18),Teru-sama (18),8ad201e80244f630ab5a46922ab72fb79c5ad4f4
gen2,155,カビチュウ (１９),? (19),Teru-sama (19),8ad201e80244f630ab5a46922ab72fb79c5ad4f4
gen2,156,せいなるはい,성스러운 분말,Sacred Ash,8ad201e80244f630ab5a46922ab72fb79c5ad4f4
gen2,157,ヘビーボール,헤비볼,Heavy Ball,8ad201e80244f630ab5a46922ab72fb79c5ad4f4
gen2,158,はながらメール,꽃무늬 메일,Flower Mail,8ad201e80244f630ab5a46922ab72fb79c5ad4f4
gen2,159,レベルボール,레벨볼,Level Ball,8ad201e80244f630ab5a46922ab72fb79c5ad4f4
gen2,160,ルアーボール,루어볼,Lure Ball,8ad201e80244f630ab5a46922ab72fb79c5ad4f4
gen2,161,スピードボール,스피드볼,Fast Ball,8ad201e80244f630ab5a46922ab72fb79c5ad4f4
gen2,162,カビチュウ (２０),? (20),Teru-sama (20),8ad201e80244f630ab5a46922ab72fb79c5ad4f4
gen2,163,でんきだま,전기구슬,Light Ball,8ad201e80244f630ab5a46922ab72fb79c5ad4f4
gen2,164,フレンドボール,프랜드볼,Friend Ball,8ad201e80244f630ab5a46922ab72fb79c5ad4f4
gen2,165,ムーンボール,문볼,Moon Ball,8ad201e80244f630ab5a46922ab72fb79c5ad4f4
gen2,166,ラブラブボール,러브러브볼,Love Ball,8ad201e80244f630ab5a46922ab72fb79c5ad4f4
gen2,167,きのはこ,나무상자,Normal Box,8ad201e80244f630ab5a46922ab72fb79c5ad4f4
gen2,168,きりのはこ,오동나무상자,Gorgeous Box,8ad201e80244f630ab5a46922ab72fb79c5ad4f4
gen2,169,たいようのいし,태양의 돌,Sun Stone,8ad201e80244f630ab5a46922ab72fb79c5ad4f4
gen2,170,みずたまリボン,물방울 리본,Polkadot Bow,8ad201e80244f630ab5a46922ab72fb79c5ad4f4
gen2,171,カビチュウ (２１),? (21),Teru-sama (21),8ad201e80244f630ab5a46922ab72fb79c5ad4f4
gen2,172,アップグレード,업그레이드,Up-Grade,8ad201e80244f630ab5a46922ab72fb79c5ad4f4
gen2,173,きのみ,나무열매,Berry,8ad201e80244f630ab5a46922ab72fb79c5ad4f4
gen2,174,おうごんのみ,황금열매,Gold Berry,8ad201e80244f630ab5a46922ab72fb79c5ad4f4
gen2,175,ゼニガメじょうろ,꼬부기 물뿌리개,SquirtBottle,8ad201e80244f630ab5a46922ab72fb79c5ad4f4
gen2,176,カビチュウ (２２),? (22),Teru-sama (22),8ad201e80244f630ab5a46922ab72fb79c5ad4f4
gen2,177,パークボール,파크볼,Park Ball,8ad201e80244f630ab5a46922ab72fb79c5ad4f4
gen2,178,にじいろのはね,무지개빛 날개,Rainbow Wing,8ad201e80244f630ab5a46922ab72fb79c5ad4f4
gen2,179,カビチュウ (２３),? (23),Teru-sama (23),8ad201e80244f630ab5a46922ab72fb79c5ad4f4
gen2,180,かわらのかけら,기와조각,Brick Piece,8ad201e80244f630ab5a46922ab72fb79c5ad4f4
gen2,181,なみのりメール,파도타기 메일,Surf Mail,8ad201e80244f630ab5a46922ab72fb79c5ad4f4
gen2,182,みずいろメール,옥빛 메일,Litebluemail,8ad201e80244f630ab5a46922ab72fb79c5ad4f4
gen2,183,にがおえメール,초상화 메일,Portraitmail,8ad201e80244f630ab5a46922ab72fb79c5ad4f4
gen2,184,ラブリーメール,러브리 메일,Lovely Mail,8ad201e80244f630ab5a46922ab72fb79c5ad4f4
gen2,185,ブイブイメール,브이브이 메일,Eon Mail,8ad201e80244f630ab5a46922ab72fb79c5ad4f4
gen2,186,へんしんメール,변신 메일,Morph Mail,8ad201e80244f630ab5a46922ab72fb79c5ad4f4
gen2,187,あおぞらメール,푸른하늘 메일,Bluesky Mail,8ad201e80244f630ab5a46922ab72fb79c5ad4f4
gen2,188,おんぷメール,음표 메일,Music Mail,8ad201e80244f630ab5a46922ab72fb79c5ad4f4
gen2,189,まぼろしメール,환상의 메일,Mirage Mail,8ad201e80244f630ab5a46922ab72fb79c5ad4f4
gen2,190,カビチュウ (２４),? (24),Teru-sama (24),8ad201e80244f630ab5a46922ab72fb79c5ad4f4
gen2,191,わざマシン０１,기술머신01,TM01,8ad201e80244f630ab5a46922ab72fb79c5ad4f4
gen2,192,わざマシン０２,기술머신02,TM02,8ad201e80244f630ab5a46922ab72fb79c5ad4f4
gen2,193,わざマシン０３,기술머신03,TM03,8ad201e80244f630ab5a46922ab72fb79c5ad4f4
gen2,194,わざマシン０４,기술머신04,TM04,8ad201e80244f630ab5a46922ab72fb79c5ad4f4
gen2,195,わざマシン０４ (未使用),기술머신04 (미사용),TM04 (Unused),8ad201e80244f630ab5a46922ab72fb79c5ad4f4
gen2,196,わざマシン０５,기술머신05,TM05,8ad201e80244f630ab5a46922ab72fb79c5ad4f4
gen2,197,わざマシン０６,기술머신06,TM06,8ad201e80244f630ab5a46922ab72fb79c5ad4f4
gen2,198,わざマシン０７,기술머신07,TM07,8ad201e80244f630ab5a46922ab72fb79c5ad4f4
gen2,199,わざマシン０８,기술머신08,TM08,8ad201e80244f630ab5a46922ab72fb79c5ad4f4
gen2,200,わざマシン０９,기술머신09,TM09,8ad201e80244f630ab5a46922ab72fb79c5ad4f4
gen2,201,わざマシン１０,기술머신10,TM10,8ad201e80244f630ab5a46922ab72fb79c5ad4f4
gen2,202,わざマシン１１,기술머신11,TM11,8ad201e80244f630ab5a46922ab72fb79c5ad4f4
gen2,203,わざマシン１２,기술머신12,TM12,8ad201e80244f630ab5a46922ab72fb79c5ad4f4
gen2,204,わざマシン１３,기술머신13,TM13,8ad201e80244f630ab5a46922ab72fb79c5ad4f4
gen2,205,わざマシン１４,기술머신14,TM14,8ad201e80244f630ab5a46922ab72fb79c5ad4f4
gen2,206,わざマシン１５,기술머신15,TM15,8ad201e80244f630ab5a46922ab72fb79c5ad4f4
gen2,207,わざマシン１６,기술머신16,TM16,8ad201e80244f630ab5a46922ab72fb79c5ad4f4
gen2,208,わざマシン１７,기술머신17,TM17,8ad201e80244f630ab5a46922ab72fb79c5ad4f4
gen2,209,わざマシン１８,기술머신18,TM18,8ad201e80244f630ab5a46922ab72fb79c5ad4f4
gen2,210,わざマシン１９,기술머신19,TM19,8ad201e80244f630ab5a46922ab72fb79c5ad4f4
gen2,211,わざマシン２０,기술머신20,TM20,8ad201e80244f630ab5a46922ab72fb79c5ad4f4
gen2,212,わざマシン２１,기술머신21,TM21,8ad201e80244f630ab5a46922ab72fb79c5ad4f4
gen2,213,わざマシン２２,기술머신22,TM22,8ad201e80244f630ab5a46922ab72fb79c5ad4f4
gen2,214,わざマシン２３,기술머신23,TM23,8ad201e80244f630ab5a46922ab72fb79c5ad4f4
gen2,215,わざマシン２４,기술머신24,TM24,8ad201e80244f630ab5a46922ab72fb79c5ad4f4
gen2,216,わざマシン２５,기술머신25,TM25,8ad201e80244f630ab5a46922ab72fb79c5ad4f4
gen2,217,わざマシン２６,기술머신26,TM26,8ad201e80244f630ab5a46922ab72fb79c5ad4f4
gen2,218,わざマシン２７,기술머신27,TM27,8ad201e80244f630ab5a46922ab72fb79c5ad4f4
gen2,219,わざマシン２８,기술머신28,TM28,8ad201e80244f630ab5a46922ab72fb79c5ad4f4
gen2,220,わざマシン２８ (未使用),기술머신28 (미사용),TM28 (Unused),8ad201e80244f630ab5a46922ab72fb79c5ad4f4
gen2,221,わざマシン２９,기술머신29,TM29,8ad201e80244f630ab5a46922ab72fb79c5ad4f4
gen2,222,わざマシン３０,기술머신30,TM30,8ad201e80244f630ab5a46922ab72fb79c5ad4f4
gen2,223,わざマシン３１,기술머신31,TM31,8ad201e80244f630ab5a46922ab72fb79c5ad4f4
gen2,224,わざマシン３２,기술머신32,TM32,8ad201e80244f630ab5a46922ab72fb79c5ad4f4
gen2,225,わざマシン３３,기술머신33,TM33,8ad201e80244f630ab5a46922ab72fb79c5ad4f4
gen2,226,わざマシン３４,기술머신34,TM34,8ad201e80244f630ab5a46922ab72fb79c5ad4f4
gen2,227,わざマシン３５,기술머신35,TM35,8ad201e80244f630ab5a46922ab72fb79c5ad4f4
gen2,228,わざマシン３６,기술머신36,TM36,8ad201e80244f630ab5a46922ab72fb79c5ad4f4
gen2,229,わざマシン３７,기술머신37,TM37,8ad201e80244f630ab5a46922ab72fb79c5ad4f4
gen2,230,わざマシン３８,기술머신38,TM38,8ad201e80244f630ab5a46922ab72fb79c5ad4f4
gen2,231,わざマシン３９,기술머신39,TM39,8ad201e80244f630ab5a46922ab72fb79c5ad4f4
gen2,232,わざマシン４０,기술머신40,TM40,8ad201e80244f630ab5a46922ab72fb79c5ad4f4
gen2,233,わざマシン４１,기술머신41,TM41,8ad201e80244f630ab5a46922ab72fb79c5ad4f4
gen2,234,わざマシン４２,기술머신42,TM42,8ad201e80244f630ab5a46922ab72fb79c5ad4f4
gen2,235,わざマシン４３,기술머신43,TM43,8ad201e80244f630ab5a46922ab72fb79c5ad4f4
gen2,236,わざマシン４４,기술머신44,TM44,8ad201e80244f630ab5a46922ab72fb79c5ad4f4
gen2,237,わざマシン４５,기술머신45,TM45,8ad201e80244f630ab5a46922ab72fb79c5ad4f4
gen2,238,わざマシン４６,기술머신46,TM46,8ad201e80244f630ab5a46922ab72fb79c5ad4f4
gen2,239,わざマシン４７,기술머신47,TM47,8ad201e80244f630ab5a46922ab72fb79c5ad4f4
gen2,240,わざマシン４８,기술머신48,TM48,8ad201e80244f630ab5a46922ab72fb79c5ad4f4
gen2,241,わざマシン４９,기술머신49,TM49,8ad201e80244f630ab5a46922ab72fb79c5ad4f4
gen2,242,わざマシン５０,기술머신50,TM50,8ad201e80244f630ab5a46922ab72fb79c5ad4f4
gen2,243,ひでんマシン０１,비전머신01,HM01,8ad201e80244f630ab5a46922ab72fb79c5ad4f4
gen2,244,ひでんマシン０２,비전머신02,HM02,8ad201e80244f630ab5a46922ab72fb79c5ad4f4
gen2,245,ひでんマシン０３,비전머신03,HM03,8ad201e80244f630ab5a46922ab72fb79c5ad4f4
gen2,246,ひでんマシン０４,비전머신04,HM04,8ad201e80244f630ab5a46922ab72fb79c5ad4f4
gen2,247,ひでんマシン０５,비전머신05,HM05,8ad201e80244f630ab5a46922ab72fb79c5ad4f4
gen2,248,ひでんマシン０６,비전머신06,HM06,8ad201e80244f630ab5a46922ab72fb79c5ad4f4
gen2,249,ひでんマシン０７,비전머신07,HM07,8ad201e80244f630ab5a46922ab72fb79c5ad4f4
gen2,250,ひでんマシン０８ (未使用),비전머신08 (미사용),HM08 (Unused),8ad201e80244f630ab5a46922ab72fb79c5ad4f4
gen2,251,ひでんマシン０９ (未使用),비전머신09 (미사용),HM09 (Unused),8ad201e80244f630ab5a46922ab72fb79c5ad4f4
gen2,252,ひでんマシン１０ (未使用),비전머신10 (미사용),HM10 (Unused),8ad201e80244f630ab5a46922ab72fb79c5ad4f4
gen2,253,ひでんマシン１１ (未使用),비전머신11 (미사용),HM11 (Unused),8ad201e80244f630ab5a46922ab72fb79c5ad4f4
gen2,254,ひでんマシン１２ (未使用),비전머신12 (미사용),HM12 (Unused),8ad201e80244f630ab5a46922ab72fb79c5ad4f4
gen3,0,﻿(なし),(없음),﻿(None),8ad201e80244f630ab5a46922ab72fb79c5ad4f4
gen3,1,マスターボール,마스터볼,Master Ball,8ad201e80244f630ab5a46922ab72fb79c5ad4f4
gen3,2,ハイパーボール,하이퍼볼,Ultra Ball,8ad201e80244f630ab5a46922ab72fb79c5ad4f4
gen3,3,スーパーボール,수퍼볼,Great Ball,8ad201e80244f630ab5a46922ab72fb79c5ad4f4
gen3,4,モンスターボール,몬스터볼,Poké Ball,8ad201e80244f630ab5a46922ab72fb79c5ad4f4
gen3,5,サファリボール,사파리볼,Safari Ball,8ad201e80244f630ab5a46922ab72fb79c5ad4f4
gen3,6,ネットボール,넷트볼,Net Ball,8ad201e80244f630ab5a46922ab72fb79c5ad4f4
gen3,7,ダイブボール,다이브볼,Dive Ball,8ad201e80244f630ab5a46922ab72fb79c5ad4f4
gen3,8,ネストボール,네스트볼,Nest Ball,8ad201e80244f630ab5a46922ab72fb79c5ad4f4
gen3,9,リピートボール,리피드볼,Repeat Ball,8ad201e80244f630ab5a46922ab72fb79c5ad4f4
gen3,10,タイマーボール,타이마볼,Timer Ball,8ad201e80244f630ab5a46922ab72fb79c5ad4f4
gen3,11,ゴージャスボール,럭셔리볼,Luxury Ball,8ad201e80244f630ab5a46922ab72fb79c5ad4f4
gen3,12,プレミアボール,프레미어볼,Premier Ball,8ad201e80244f630ab5a46922ab72fb79c5ad4f4
gen3,13,キズぐすり,상처약,Potion,8ad201e80244f630ab5a46922ab72fb79c5ad4f4
gen3,14,どくけし,해독제,Antidote,8ad201e80244f630ab5a46922ab72fb79c5ad4f4
gen3,15,やけどなおし,화상치료제,Burn Heal,8ad201e80244f630ab5a46922ab72fb79c5ad4f4
gen3,16,こおりなおし,얼음상태치료제,Ice Heal,8ad201e80244f630ab5a46922ab72fb79c5ad4f4
gen3,17,ねむけざまし,잠깨는약,Awakening,8ad201e80244f630ab5a46922ab72fb79c5ad4f4
gen3,18,まひなおし,마비치료제,Parlyz Heal,8ad201e80244f630ab5a46922ab72fb79c5ad4f4
gen3,19,かいふくのくすり,회복약,Full Restore,8ad201e80244f630ab5a46922ab72fb79c5ad4f4
gen3,20,まんたんのくすり,풀회복약,Max Potion,8ad201e80244f630ab5a46922ab72fb79c5ad4f4
gen3,21,すごいキズぐすり,고급상처약,Hyper Potion,8ad201e80244f630ab5a46922ab72fb79c5ad4f4
gen3,22,いいキズぐすり,좋은상처약,Super Potion,8ad201e80244f630ab5a46922ab72fb79c5ad4f4
gen3,23,なんでもなおし,만병통치제,Full Heal,8ad201e80244f630ab5a46922ab72fb79c5ad4f4
gen3,24,げんきのかけら,기력의조각,Revive,8ad201e80244f630ab5a46922ab72fb79c5ad4f4
gen3,25,げんきのかたまり,기력의덩어리,Max Revive,8ad201e80244f630ab5a46922ab72fb79c5ad4f4
gen3,26,おいしいみず,맛있는물,Fresh Water,8ad201e80244f630ab5a46922ab72fb79c5ad4f4
gen3,27,サイコソーダ,미네랄사이다,Soda Pop,8ad201e80244f630ab5a46922ab72fb79c5ad4f4
gen3,28,ミックスオレ,후르츠밀크,Lemonade,8ad201e80244f630ab5a46922ab72fb79c5ad4f4
gen3,29,モーモーミルク,튼튼밀크,Moomoo Milk,8ad201e80244f630ab5a46922ab72fb79c5ad4f4
gen3,30,ちからのこな,힘의가루,EnergyPowder,8ad201e80244f630ab5a46922ab72fb79c5ad4f4
gen3,31,ちからのねっこ,힘의뿌리,Energy Root,8ad201e80244f630ab5a46922ab72fb79c5ad4f4
gen3,32,ばんのうごな,만능가루,Heal Powder,8ad201e80244f630ab5a46922ab72fb79c5ad4f4
gen3,33,ふっかつそう,부활초,Revival Herb,8ad201e80244f630ab5a46922ab72fb79c5ad4f4
gen3,34,ピーピーエイド,PP에이드,Ether,8ad201e80244f630ab5a46922ab72fb79c5ad4f4
gen3,35,ピーピーリカバー,PP회복,Max Ether,8ad201e80244f630ab5a46922ab72fb79c5ad4f4
gen3,36,ピーピーエイダー,PP에이더,Elixir,8ad201e80244f630ab5a46922ab72fb79c5ad4f4
gen3,37,ピーピーマックス,PP맥스,Max Elixir,8ad201e80244f630ab5a46922ab72fb79c5ad4f4
gen3,38,フエンせんべい,용암전병,Lava Cookie,8ad201e80244f630ab5a46922ab72fb79c5ad4f4
gen3,39,あおいビードロ,파랑비드로,Blue Flute,8ad201e80244f630ab5a46922ab72fb79c5ad4f4
gen3,40,きいろビードロ,노랑비드로,Yellow Flute,8ad201e80244f630ab5a46922ab72fb79c5ad4f4
gen3,41,あかいビードロ,빨강비드로,Red Flute,8ad201e80244f630ab5a46922ab72fb79c5ad4f4
gen3,42,くろいビードロ,검정비드로,Black Flute,8ad201e80244f630ab5a46922ab72fb79c5ad4f4
gen3,43,しろいビードロ,하양비드로,White Flute,8ad201e80244f630ab5a46922ab72fb79c5ad4f4
gen3,44,きのみジュース,나무열매쥬스,Berry Juice,8ad201e80244f630ab5a46922ab72fb79c5ad4f4
gen3,45,せいなるはい,성스러운분말,Sacred Ash,8ad201e80244f630ab5a46922ab72fb79c5ad4f4
gen3,46,あさせのしお,여울소금,Shoal Salt,8ad201e80244f630ab5a46922ab72fb79c5ad4f4
gen3,47,あさせのかいがら,여울조개껍질,Shoal Shell,8ad201e80244f630ab5a46922ab72fb79c5ad4f4
gen3,48,あかいかけら,빨강조각,Red Shard,8ad201e80244f630ab5a46922ab72fb79c5ad4f4
gen3,49,あおいかけら,파랑조각,Blue Shard,8ad201e80244f630ab5a46922ab72fb79c5ad4f4
gen3,50,きいろいかけら,노랑조각,Yellow Shard,8ad201e80244f630ab5a46922ab72fb79c5ad4f4
gen3,51,みどりのかけら,초록조각,Green Shard,8ad201e80244f630ab5a46922ab72fb79c5ad4f4
gen3,52,？？？(0x34),??? (0x34),???,8ad201e80244f630ab5a46922ab72fb79c5ad4f4
gen3,53,？？？(0x35),??? (0x35),???,8ad201e80244f630ab5a46922ab72fb79c5ad4f4
gen3,54,？？？(0x36),??? (0x36),???,8ad201e80244f630ab5a46922ab72fb79c5ad4f4
gen3,55,？？？(0x37),??? (0x37),???,8ad201e80244f630ab5a46922ab72fb79c5ad4f4
gen3,56,？？？(0x38),??? (0x38),???,8ad201e80244f630ab5a46922ab72fb79c5ad4f4
gen3,57,？？？(0x39),??? (0x39),???,8ad201e80244f630ab5a46922ab72fb79c5ad4f4
gen3,58,？？？(0x3A),??? (0x3A),???,8ad201e80244f630ab5a46922ab72fb79c5ad4f4
gen3,59,？？？(0x3B),??? (0x3B),???,8ad201e80244f630ab5a46922ab72fb79c5ad4f4
gen3,60,？？？(0x3C),??? (0x3C),???,8ad201e80244f630ab5a46922ab72fb79c5ad4f4
gen3,61,？？？(0x3D),??? (0x3D),???,8ad201e80244f630ab5a46922ab72fb79c5ad4f4
gen3,62,？？？(0x3E),??? (0x3E),???,8ad201e80244f630ab5a46922ab72fb79c5ad4f4
gen3,63,マックスアップ,맥스업,HP Up,8ad201e80244f630ab5a46922ab72fb79c5ad4f4
gen3,64,タウリン,타우린,Protein,8ad201e80244f630ab5a46922ab72fb79c5ad4f4
gen3,65,ブロムヘキシン,사포닌,Iron,8ad201e80244f630ab5a46922ab72fb79c5ad4f4
gen3,66,インドメタシン,알칼로이드,Carbos,8ad201e80244f630ab5a46922ab72fb79c5ad4f4
gen3,67,リゾチウム,리보플라빈,Calcium,8ad201e80244f630ab5a46922ab72fb79c5ad4f4
gen3,68,ふしぎなアメ,이상한사탕,Rare Candy,8ad201e80244f630ab5a46922ab72fb79c5ad4f4
gen3,69,ポイントアップ,포인트업,PP Up,8ad201e80244f630ab5a46922ab72fb79c5ad4f4
gen3,70,キトサン,키토산,Zinc,8ad201e80244f630ab5a46922ab72fb79c5ad4f4
gen3,71,ポイントマックス,포인트맥스,PP Max,8ad201e80244f630ab5a46922ab72fb79c5ad4f4
gen3,72,？？？(0x48),??? (0x48),???,8ad201e80244f630ab5a46922ab72fb79c5ad4f4
gen3,73,エフェクトガード,이펙트가드,Guard Spec.,8ad201e80244f630ab5a46922ab72fb79c5ad4f4
gen3,74,クリティカッター,크리티컬커터,Dire Hit,8ad201e80244f630ab5a46922ab72fb79c5ad4f4
gen3,75,プラスパワー,플러스파워,X Attack,8ad201e80244f630ab5a46922ab72fb79c5ad4f4
gen3,76,ディフェンダー,디펜드업,X Defend,8ad201e80244f630ab5a46922ab72fb79c5ad4f4
gen3,77,スピーダー,스피드업,X Speed,8ad201e80244f630ab5a46922ab72fb79c5ad4f4
gen3,78,ヨクアタール,잘-맞히기,X Accuracy,8ad201e80244f630ab5a46922ab72fb79c5ad4f4
gen3,79,スペシャルアップ,스페셜업,X Special,8ad201e80244f630ab5a46922ab72fb79c5ad4f4
gen3,80,ピッピにんぎょう,삐삐인형,Poké Doll,8ad201e80244f630ab5a46922ab72fb79c5ad4f4
gen3,81,エネコのシッポ,에나비꼬리,Fluffy Tail,8ad201e80244f630ab5a46922ab72fb79c5ad4f4
gen3,82,？？？(0x52),??? (0x52),???,8ad201e80244f630ab5a46922ab72fb79c5ad4f4
gen3,83,シルバースプレー,실버스프레이,Super Repel,8ad201e80244f630ab5a46922ab72fb79c5ad4f4
gen3,84,ゴールドスプレー,골드스프레이,Max Repel,8ad201e80244f630ab5a46922ab72fb79c5ad4f4
gen3,85,あなぬけのヒモ,동굴탈출로프,Escape Rope,8ad201e80244f630ab5a46922ab72fb79c5ad4f4
gen3,86,むしよけスプレー,벌레회피스프레이,Repel,8ad201e80244f630ab5a46922ab72fb79c5ad4f4
gen3,87,？？？(0x57),??? (0x57),???,8ad201e80244f630ab5a46922ab72fb79c5ad4f4
gen3,88,？？？(0x58),??? (0x58),???,8ad201e80244f630ab5a46922ab72fb79c5ad4f4
gen3,89,？？？(0x59),??? (0x59),???,8ad201e80244f630ab5a46922ab72fb79c5ad4f4
gen3,90,？？？(0x5A),??? (0x5A),???,8ad201e80244f630ab5a46922ab72fb79c5ad4f4
gen3,91,？？？(0x5B),??? (0x5B),???,8ad201e80244f630ab5a46922ab72fb79c5ad4f4
gen3,92,？？？(0x5C),??? (0x5C),???,8ad201e80244f630ab5a46922ab72fb79c5ad4f4
gen3,93,たいようのいし,태양의돌,Sun Stone,8ad201e80244f630ab5a46922ab72fb79c5ad4f4
gen3,94,つきのいし,달의돌,Moon Stone,8ad201e80244f630ab5a46922ab72fb79c5ad4f4
gen3,95,ほのおのいし,불꽃의돌,Fire Stone,8ad201e80244f630ab5a46922ab72fb79c5ad4f4
gen3,96,かみなりのいし,천둥의돌,Thunder Stone,8ad201e80244f630ab5a46922ab72fb79c5ad4f4
gen3,97,みずのいし,물의돌,Water Stone,8ad201e80244f630ab5a46922ab72fb79c5ad4f4
gen3,98,リーフのいし,리프의돌,Leaf Stone,8ad201e80244f630ab5a46922ab72fb79c5ad4f4
gen3,99,？？？(0x63),??? (0x63),???,8ad201e80244f630ab5a46922ab72fb79c5ad4f4
gen3,100,？？？(0x64),??? (0x64),???,8ad201e80244f630ab5a46922ab72fb79c5ad4f4
gen3,101,？？？(0x65),??? (0x65),???,8ad201e80244f630ab5a46922ab72fb79c5ad4f4
gen3,102,？？？(0x66),??? (0x66),???,8ad201e80244f630ab5a46922ab72fb79c5ad4f4
gen3,103,ちいさなキノコ,작은버섯,TinyMushroom,8ad201e80244f630ab5a46922ab72fb79c5ad4f4
gen3,104,おおきなキノコ,큰버섯,Big Mushroom,8ad201e80244f630ab5a46922ab72fb79c5ad4f4
gen3,105,？？？(0x69),??? (0x69),???,8ad201e80244f630ab5a46922ab72fb79c5ad4f4
gen3,106,しんじゅ,진주,Pearl,8ad201e80244f630ab5a46922ab72fb79c5ad4f4
gen3,107,おおきなしんじゅ,큰진주,Big Pearl,8ad201e80244f630ab5a46922ab72fb79c5ad4f4
gen3,108,ほしのすな,별의모래,Stardust,8ad201e80244f630ab5a46922ab72fb79c5ad4f4
gen3,109,ほしのかけら,별의조각,Star Piece,8ad201e80244f630ab5a46922ab72fb79c5ad4f4
gen3,110,きんのたま,금구슬,Nugget,8ad201e80244f630ab5a46922ab72fb79c5ad4f4
gen3,111,ハートのウロコ,하트비늘,Heart Scale,8ad201e80244f630ab5a46922ab72fb79c5ad4f4
gen3,112,？？？(0x70),??? (0x70),???,8ad201e80244f630ab5a46922ab72fb79c5ad4f4
gen3,113,？？？(0x71),??? (0x71),???,8ad201e80244f630ab5a46922ab72fb79c5ad4f4
gen3,114,？？？(0x72),??? (0x72),???,8ad201e80244f630ab5a46922ab72fb79c5ad4f4
gen3,115,？？？(0x73),??? (0x73),???,8ad201e80244f630ab5a46922ab72fb79c5ad4f4
gen3,116,？？？(0x74),??? (0x74),???,8ad201e80244f630ab5a46922ab72fb79c5ad4f4
gen3,117,？？？(0x75),??? (0x75),???,8ad201e80244f630ab5a46922ab72fb79c5ad4f4
gen3,118,？？？(0x76),??? (0x76),???,8ad201e80244f630ab5a46922ab72fb79c5ad4f4
gen3,119,？？？(0x77),??? (0x77),???,8ad201e80244f630ab5a46922ab72fb79c5ad4f4
gen3,120,？？？(0x78),??? (0x78),???,8ad201e80244f630ab5a46922ab72fb79c5ad4f4
gen3,121,オレンジメール,오렌지메일,Orange Mail,8ad201e80244f630ab5a46922ab72fb79c5ad4f4
gen3,122,ハーバーメール,항구메일,Harbor Mail,8ad201e80244f630ab5a46922ab72fb79c5ad4f4
gen3,123,キラキラメール,반짝반짝메일,Glitter Mail,8ad201e80244f630ab5a46922ab72fb79c5ad4f4
gen3,124,メカニカルメール,메카니컬메일,Mech Mail,8ad201e80244f630ab5a46922ab72fb79c5ad4f4
gen3,125,ウッディメール,나무메일,Wood Mail,8ad201e80244f630ab5a46922ab72fb79c5ad4f4
gen3,126,クロスメール,파도메일,Wave Mail,8ad201e80244f630ab5a46922ab72fb79c5ad4f4
gen3,127,トレジャーメール,보배메일,Bead Mail,8ad201e80244f630ab5a46922ab72fb79c5ad4f4
gen3,128,シャドーメール,그림자메일,Shadow Mail,8ad201e80244f630ab5a46922ab72fb79c5ad4f4
gen3,129,トロピカルメール,열대메일,Tropic Mail,8ad201e80244f630ab5a46922ab72fb79c5ad4f4
gen3,130,ドリームメール,꿈의메일,Dream Mail,8ad201e80244f630ab5a46922ab72fb79c5ad4f4
gen3,131,ミラクルメール,미라클메일,Fab Mail,8ad201e80244f630ab5a46922ab72fb79c5ad4f4
gen3,132,レトロメール,복고풍메일,Retro Mail,8ad201e80244f630ab5a46922ab72fb79c5ad4f4
gen3,133,クラボのみ,버치열매,Cheri Berry,8ad201e80244f630ab5a46922ab72fb79c5ad4f4
gen3,134,カゴのみ,유루열매,Chesto Berry,8ad201e80244f630ab5a46922ab72fb79c5ad4f4
gen3,135,モモンのみ,복슝열매,Pecha Berry,8ad201e80244f630ab5a46922ab72fb79c5ad4f4
gen3,136,チーゴのみ,복분열매,Rawst Berry,8ad201e80244f630ab5a46922ab72fb79c5ad4f4
gen3,137,ナナシのみ,배리열매,Aspear Berry,8ad201e80244f630ab5a46922ab72fb79c5ad4f4
gen3,138,ヒメリのみ,과사열매,Leppa Berry,8ad201e80244f630ab5a46922ab72fb79c5ad4f4
gen3,139,オレンのみ,오랭열매,Oran Berry,8ad201e80244f630ab5a46922ab72fb79c5ad4f4
gen3,140,キーのみ,시몬열매,Persim Berry,8ad201e80244f630ab5a46922ab72fb79c5ad4f4
gen3,141,ラムのみ,리샘열매,Lum Berry,8ad201e80244f630ab5a46922ab72fb79c5ad4f4
gen3,142,オボンのみ,자뭉열매,Sitrus Berry,8ad201e80244f630ab5a46922ab72fb79c5ad4f4
gen3,143,フィラのみ,무화열매,Figy Berry,8ad201e80244f630ab5a46922ab72fb79c5ad4f4
gen3,144,ウイのみ,위키열매,Wiki Berry,8ad201e80244f630ab5a46922ab72fb79c5ad4f4
gen3,145,マゴのみ,마고열매,Mago Berry,8ad201e80244f630ab5a46922ab72fb79c5ad4f4
gen3,146,バンジのみ,아바열매,Aguav Berry,8ad201e80244f630ab5a46922ab72fb79c5ad4f4
gen3,147,イアのみ,파야열매,Iapapa Berry,8ad201e80244f630ab5a46922ab72fb79c5ad4f4
gen3,148,ズリのみ,라즈열매,Razz Berry,8ad201e80244f630ab5a46922ab72fb79c5ad4f4
gen3,149,ブリーのみ,블리열매,Bluk Berry,8ad201e80244f630ab5a46922ab72fb79c5ad4f4
gen3,150,ナナのみ,나나열매,Nanab Berry,8ad201e80244f630ab5a46922ab72fb79c5ad4f4
gen3,151,セシナのみ,서배열매,Wepear Berry,8ad201e80244f630ab5a46922ab72fb79c5ad4f4
gen3,152,パイルのみ,파인열매,Pinap Berry,8ad201e80244f630ab5a46922ab72fb79c5ad4f4
gen3,153,ザロクのみ,유석열매,Pomeg Berry,8ad201e80244f630ab5a46922ab72fb79c5ad4f4
gen3,154,ネコブのみ,시마열매,Kelpsy Berry,8ad201e80244f630ab5a46922ab72fb79c5ad4f4
gen3,155,タポルのみ,파비열매,Qualot Berry,8ad201e80244f630ab5a46922ab72fb79c5ad4f4
gen3,156,ロメのみ,로매열매,Hondew Berry,8ad201e80244f630ab5a46922ab72fb79c5ad4f4
gen3,157,ウブのみ,또뽀열매,Grepa Berry,8ad201e80244f630ab5a46922ab72fb79c5ad4f4
gen3,158,マトマのみ,토망열매,Tamato Berry,8ad201e80244f630ab5a46922ab72fb79c5ad4f4
gen3,159,モコシのみ,수숙열매,Cornn Berry,8ad201e80244f630ab5a46922ab72fb79c5ad4f4
gen3,160,ゴスのみ,고스티열매,Magost Berry,8ad201e80244f630ab5a46922ab72fb79c5ad4f4
gen3,161,ラブタのみ,라부탐열매,Rabuta Berry,8ad201e80244f630ab5a46922ab72fb79c5ad4f4
gen3,162,ノメルのみ,노멜열매,Nomel Berry,8ad201e80244f630ab5a46922ab72fb79c5ad4f4
gen3,163,ノワキのみ,메호키열매,Spelon Berry,8ad201e80244f630ab5a46922ab72fb79c5ad4f4
gen3,164,シーヤのみ,자야열매,Pamtre Berry,8ad201e80244f630ab5a46922ab72fb79c5ad4f4
gen3,165,カイスのみ,슈박열매,Watmel Berry,8ad201e80244f630ab5a46922ab72fb79c5ad4f4
gen3,166,ドリのみ,두리열매,Durin Berry,8ad201e80244f630ab5a46922ab72fb79c5ad4f4
gen3,167,ベリブのみ,루베열매,Belue Berry,8ad201e80244f630ab5a46922ab72fb79c5ad4f4
gen3,168,チイラのみ,치리열매,Liechi Berry,8ad201e80244f630ab5a46922ab72fb79c5ad4f4
gen3,169,リュガのみ,용아열매,Ganlon Berry,8ad201e80244f630ab5a46922ab72fb79c5ad4f4
gen3,170,カムラのみ,캄라열매,Salac Berry,8ad201e80244f630ab5a46922ab72fb79c5ad4f4
gen3,171,ヤタピのみ,야타비열매,Petaya Berry,8ad201e80244f630ab5a46922ab72fb79c5ad4f4
gen3,172,ズアのみ,규살열매,Apicot Berry,8ad201e80244f630ab5a46922ab72fb79c5ad4f4
gen3,173,サンのみ,랑사열매,Lansat Berry,8ad201e80244f630ab5a46922ab72fb79c5ad4f4
gen3,174,スターのみ,스타열매,Starf Berry,8ad201e80244f630ab5a46922ab72fb79c5ad4f4
gen3,175,ナゾのみ,의문열매,Enigma Berry,8ad201e80244f630ab5a46922ab72fb79c5ad4f4
gen3,176,？？？(0xB0),??? (0xB0),???,8ad201e80244f630ab5a46922ab72fb79c5ad4f4
gen3,177,？？？(0xB1),??? (0xB1),???,8ad201e80244f630ab5a46922ab72fb79c5ad4f4
gen3,178,？？？(0xB2),??? (0xB2),???,8ad201e80244f630ab5a46922ab72fb79c5ad4f4
gen3,179,ひかりのこな,반짝가루,BrightPowder,8ad201e80244f630ab5a46922ab72fb79c5ad4f4
gen3,180,しろいハーブ,하양허브,White Herb,8ad201e80244f630ab5a46922ab72fb79c5ad4f4
gen3,181,きょうせいギプス,교정깁스,Macho Brace,8ad201e80244f630ab5a46922ab72fb79c5ad4f4
gen3,182,がくしゅうそうち,학습장치,Exp. Share,8ad201e80244f630ab5a46922ab72fb79c5ad4f4
gen3,183,せんせいのツメ,선제공격손톱,Quick Claw,8ad201e80244f630ab5a46922ab72fb79c5ad4f4
gen3,184,やすらぎのすず,평온의방울,Soothe Bell,8ad201e80244f630ab5a46922ab72fb79c5ad4f4
gen3,185,メンタルハーブ,멘탈허브,Mental Herb,8ad201e80244f630ab5a46922ab72fb79c5ad4f4
gen3,186,こだわりハチマキ,구애머리띠,Choice Band,8ad201e80244f630ab5a46922ab72fb79c5ad4f4
gen3,187,おうじゃのしるし,왕의징표석,King's Rock,8ad201e80244f630ab5a46922ab72fb79c5ad4f4
gen3,188,ぎんのこな,은빛가루,SilverPowder,8ad201e80244f630ab5a46922ab72fb79c5ad4f4
gen3,189,おまもりこばん,부적금화,Amulet Coin,8ad201e80244f630ab5a46922ab72fb79c5ad4f4
gen3,190,きよめのおふだ,순결의부적,Cleanse Tag,8ad201e80244f630ab5a46922ab72fb79c5ad4f4
gen3,191,こころのしずく,마음의물방울,Soul Dew,8ad201e80244f630ab5a46922ab72fb79c5ad4f4
gen3,192,しんかいのキバ,심해의이빨,DeepSeaTooth,8ad201e80244f630ab5a46922ab72fb79c5ad4f4
gen3,193,しんかいのウロコ,심해의비늘,DeepSeaScale,8ad201e80244f630ab5a46922ab72fb79c5ad4f4
gen3,194,けむりだま,연막탄,Smoke Ball,8ad201e80244f630ab5a46922ab72fb79c5ad4f4
gen3,195,かわらずのいし,변함없는돌,Everstone,8ad201e80244f630ab5a46922ab72fb79c5ad4f4
gen3,196,きあいのハチマキ,기합의머리띠,Focus Band,8ad201e80244f630ab5a46922ab72fb79c5ad4f4
gen3,197,しあわせタマゴ,행복의알,Lucky Egg,8ad201e80244f630ab5a46922ab72fb79c5ad4f4
gen3,198,ピントレンズ,초점렌즈,Scope Lens,8ad201e80244f630ab5a46922ab72fb79c5ad4f4
gen3,199,メタルコート,금속코트,Metal Coat,8ad201e80244f630ab5a46922ab72fb79c5ad4f4
gen3,200,たべのこし,먹다남은음식,Leftovers,8ad201e80244f630ab5a46922ab72fb79c5ad4f4
gen3,201,りゅうのウロコ,용의비늘,Dragon Scale,8ad201e80244f630ab5a46922ab72fb79c5ad4f4
gen3,202,でんきだま,전기구슬,Light Ball,8ad201e80244f630ab5a46922ab72fb79c5ad4f4
gen3,203,やわらかいすな,부드러운모래,Soft Sand,8ad201e80244f630ab5a46922ab72fb79c5ad4f4
gen3,204,かたいいし,딱딱한돌,Hard Stone,8ad201e80244f630ab5a46922ab72fb79c5ad4f4
gen3,205,きせきのタネ,기적의씨,Miracle Seed,8ad201e80244f630ab5a46922ab72fb79c5ad4f4
gen3,206,くろいメガネ,검은안경,BlackGlasses,8ad201e80244f630ab5a46922ab72fb79c5ad4f4
gen3,207,くろおび,검은띠,Black Belt,8ad201e80244f630ab5a46922ab72fb79c5ad4f4
gen3,208,じしゃく,자석,Magnet,8ad201e80244f630ab5a46922ab72fb79c5ad4f4
gen3,209,しんぴのしずく,신비의물방울,Mystic Water,8ad201e80244f630ab5a46922ab72fb79c5ad4f4
gen3,210,するどいくちばし,예리한부리,Sharp Beak,8ad201e80244f630ab5a46922ab72fb79c5ad4f4
gen3,211,どくバリ,독바늘,Poison Barb,8ad201e80244f630ab5a46922ab72fb79c5ad4f4
gen3,212,とけないこおり,녹지않는얼음,NeverMeltIce,8ad201e80244f630ab5a46922ab72fb79c5ad4f4
gen3,213,のろいのおふだ,저주의부적,Spell Tag,8ad201e80244f630ab5a46922ab72fb79c5ad4f4
gen3,214,まがったスプーン,휘어진스푼,TwistedSpoon,8ad201e80244f630ab5a46922ab72fb79c5ad4f4
gen3,215,もくたん,목탄,Charcoal,8ad201e80244f630ab5a46922ab72fb79c5ad4f4
gen3,216,りゅうのキバ,용의이빨,Dragon Fang,8ad201e80244f630ab5a46922ab72fb79c5ad4f4
gen3,217,シルクのスカーフ,실크스카프,Silk Scarf,8ad201e80244f630ab5a46922ab72fb79c5ad4f4
gen3,218,アップグレード,업그레이드,Up-Grade,8ad201e80244f630ab5a46922ab72fb79c5ad4f4
gen3,219,かいがらのすず,조개껍질방울,Shell Bell,8ad201e80244f630ab5a46922ab72fb79c5ad4f4
gen3,220,うしおのおこう,바닷물향로,Sea Incense,8ad201e80244f630ab5a46922ab72fb79c5ad4f4
gen3,221,のんきのおこう,무사태평향로,Lax Incense,8ad201e80244f630ab5a46922ab72fb79c5ad4f4
gen3,222,ラッキーパンチ,럭키펀치,Lucky Punch,8ad201e80244f630ab5a46922ab72fb79c5ad4f4
gen3,223,メタルパウダー,금속파우더,Metal Powder,8ad201e80244f630ab5a46922ab72fb79c5ad4f4
gen3,224,ふといホネ,굵은뼈,Thick Club,8ad201e80244f630ab5a46922ab72fb79c5ad4f4
gen3,225,ながねぎ,대파,Stick,8ad201e80244f630ab5a46922ab72fb79c5ad4f4
gen3,226,？？？(0xE2),??? (0xE2),???,8ad201e80244f630ab5a46922ab72fb79c5ad4f4
gen3,227,？？？(0xE3),??? (0xE3),???,8ad201e80244f630ab5a46922ab72fb79c5ad4f4
gen3,228,？？？(0xE4),??? (0xE4),???,8ad201e80244f630ab5a46922ab72fb79c5ad4f4
gen3,229,？？？(0xE5),??? (0xE5),???,8ad201e80244f630ab5a46922ab72fb79c5ad4f4
gen3,230,？？？(0xE6),??? (0xE6),???,8ad201e80244f630ab5a46922ab72fb79c5ad4f4
gen3,231,？？？(0xE7),??? (0xE7),???,8ad201e80244f630ab5a46922ab72fb79c5ad4f4
gen3,232,？？？(0xE8),??? (0xE8),???,8ad201e80244f630ab5a46922ab72fb79c5ad4f4
gen3,233,？？？(0xE9),??? (0xE9),???,8ad201e80244f630ab5a46922ab72fb79c5ad4f4
gen3,234,？？？(0xEA),??? (0xEA),???,8ad201e80244f630ab5a46922ab72fb79c5ad4f4
gen3,235,？？？(0xEB),??? (0xEB),???,8ad201e80244f630ab5a46922ab72fb79c5ad4f4
gen3,236,？？？(0xEC),??? (0xEC),???,8ad201e80244f630ab5a46922ab72fb79c5ad4f4
gen3,237,？？？(0xED),??? (0xED),???,8ad201e80244f630ab5a46922ab72fb79c5ad4f4
gen3,238,？？？(0xEE),??? (0xEE),???,8ad201e80244f630ab5a46922ab72fb79c5ad4f4
gen3,239,？？？(0xEF),??? (0xEF),???,8ad201e80244f630ab5a46922ab72fb79c5ad4f4
gen3,240,？？？(0xF0),??? (0xF0),???,8ad201e80244f630ab5a46922ab72fb79c5ad4f4
gen3,241,？？？(0xF1),??? (0xF1),???,8ad201e80244f630ab5a46922ab72fb79c5ad4f4
gen3,242,？？？(0xF2),??? (0xF2),???,8ad201e80244f630ab5a46922ab72fb79c5ad4f4
gen3,243,？？？(0xF3),??? (0xF3),???,8ad201e80244f630ab5a46922ab72fb79c5ad4f4
gen3,244,？？？(0xF4),??? (0xF4),???,8ad201e80244f630ab5a46922ab72fb79c5ad4f4
gen3,245,？？？(0xF5),??? (0xF5),???,8ad201e80244f630ab5a46922ab72fb79c5ad4f4
gen3,246,？？？(0xF6),??? (0xF6),???,8ad201e80244f630ab5a46922ab72fb79c5ad4f4
gen3,247,？？？(0xF7),??? (0xF7),???,8ad201e80244f630ab5a46922ab72fb79c5ad4f4
gen3,248,？？？(0xF8),??? (0xF8),???,8ad201e80244f630ab5a46922ab72fb79c5ad4f4
gen3,249,？？？(0xF9),??? (0xF9),???,8ad201e80244f630ab5a46922ab72fb79c5ad4f4
gen3,250,？？？(0xFA),??? (0xFA),???,8ad201e80244f630ab5a46922ab72fb79c5ad4f4
gen3,251,？？？(0xFB),??? (0xFB),???,8ad201e80244f630ab5a46922ab72fb79c5ad4f4
gen3,252,？？？(0xFC),??? (0xFC),???,8ad201e80244f630ab5a46922ab72fb79c5ad4f4
gen3,253,？？？(0xFD),??? (0xFD),???,8ad201e80244f630ab5a46922ab72fb79c5ad4f4
gen3,254,あかいバンダナ,빨강밴드,Red Scarf,8ad201e80244f630ab5a46922ab72fb79c5ad4f4
gen3,255,あおいバンダナ,파랑밴드,Blue Scarf,8ad201e80244f630ab5a46922ab72fb79c5ad4f4
gen3,256,ピンクのバンダナ,분홍밴드,Pink Scarf,8ad201e80244f630ab5a46922ab72fb79c5ad4f4
gen3,257,みどりのバンダナ,초록밴드,Green Scarf,8ad201e80244f630ab5a46922ab72fb79c5ad4f4
gen3,258,きいろのバンダナ,노랑밴드,Yellow Scarf,8ad201e80244f630ab5a46922ab72fb79c5ad4f4
gen3,259,マッハじてんしゃ,마하자전거,Mach Bike,8ad201e80244f630ab5a46922ab72fb79c5ad4f4
gen3,260,コインケース,동전케이스,Coin Case,8ad201e80244f630ab5a46922ab72fb79c5ad4f4
gen3,261,ダウンジングマシン,다우징머신,Itemfinder,8ad201e80244f630ab5a46922ab72fb79c5ad4f4
gen3,262,ボロのつりざお,낡은낚싯대,Old Rod,8ad201e80244f630ab5a46922ab72fb79c5ad4f4
gen3,263,いいつりざお,좋은낚싯대,Good Rod,8ad201e80244f630ab5a46922ab72fb79c5ad4f4
gen3,264,すごいつりざお,대단한낚싯대,Super Rod,8ad201e80244f630ab5a46922ab72fb79c5ad4f4
gen3,265,ふねのチケット,승선티켓,S.S. Ticket,8ad201e80244f630ab5a46922ab72fb79c5ad4f4
gen3,266,コンテストパス,콘테스트패스,Contest Pass,8ad201e80244f630ab5a46922ab72fb79c5ad4f4
gen3,267,？？？(0x10B),??? (0x10B),???,8ad201e80244f630ab5a46922ab72fb79c5ad4f4
gen3,268,ホエルコじょうろ,고래왕자물뿌리개,Wailmer Pail,8ad201e80244f630ab5a46922ab72fb79c5ad4f4
gen3,269,デボンのにもつ,데봉화물,Devon Goods,8ad201e80244f630ab5a46922ab72fb79c5ad4f4
gen3,270,はいぶくろ,재주머니,Soot Sack,8ad201e80244f630ab5a46922ab72fb79c5ad4f4
gen3,271,ちかのカギ,지하열쇠,Basement Key,8ad201e80244f630ab5a46922ab72fb79c5ad4f4
gen3,272,ダートじてんしゃ,더트자전거,Acro Bike,8ad201e80244f630ab5a46922ab72fb79c5ad4f4
gen3,273,ポロックケース,포켓몬스넥케이스,Pokéblock Case,8ad201e80244f630ab5a46922ab72fb79c5ad4f4
gen3,274,ダイゴへのてがみ,성호에게줄편지,Letter,8ad201e80244f630ab5a46922ab72fb79c5ad4f4
gen3,275,むげんのチケット,무한티켓,Eon Ticket,8ad201e80244f630ab5a46922ab72fb79c5ad4f4
gen3,276,べにいろのたま,주홍구슬,Red Orb,8ad201e80244f630ab5a46922ab72fb79c5ad4f4
gen3,277,あいいろのたま,쪽빛구슬,Blue Orb,8ad201e80244f630ab5a46922ab72fb79c5ad4f4
gen3,278,たんちき,탐지기,Scanner,8ad201e80244f630ab5a46922ab72fb79c5ad4f4
gen3,279,ゴーゴーゴーグル,고고고글,Go-Goggles,8ad201e80244f630ab5a46922ab72fb79c5ad4f4
gen3,280,いんせき,운석,Meteorite,8ad201e80244f630ab5a46922ab72fb79c5ad4f4
gen3,281,１ごうしつのカギ,1호실열쇠,Rm. 1 Key,8ad201e80244f630ab5a46922ab72fb79c5ad4f4
gen3,282,２ごうしつのカギ,2호실열쇠,Rm. 2 Key,8ad201e80244f630ab5a46922ab72fb79c5ad4f4
gen3,283,４ごうしつのカギ,4호실열쇠,Rm. 4 Key,8ad201e80244f630ab5a46922ab72fb79c5ad4f4
gen3,284,６ごうしつのカギ,6호실열쇠,Rm. 6 Key,8ad201e80244f630ab5a46922ab72fb79c5ad4f4
gen3,285,そうこのカギ,창고열쇠,Storage Key,8ad201e80244f630ab5a46922ab72fb79c5ad4f4
gen3,286,ねっこのカセキ,뿌리화석,Root Fossil,8ad201e80244f630ab5a46922ab72fb79c5ad4f4
gen3,287,ツメのカセキ,발톱화석,Claw Fossil,8ad201e80244f630ab5a46922ab72fb79c5ad4f4
gen3,288,デボンスコープ,데봉스코프,Devon Scope,8ad201e80244f630ab5a46922ab72fb79c5ad4f4
gen3,289,わざマシン０１,기술머신01,TM01,8ad201e80244f630ab5a46922ab72fb79c5ad4f4
gen3,290,わざマシン０２,기술머신02,TM02,8ad201e80244f630ab5a46922ab72fb79c5ad4f4
gen3,291,わざマシン０３,기술머신03,TM03,8ad201e80244f630ab5a46922ab72fb79c5ad4f4
gen3,292,わざマシン０４,기술머신04,TM04,8ad201e80244f630ab5a46922ab72fb79c5ad4f4
gen3,293,わざマシン０５,기술머신05,TM05,8ad201e80244f630ab5a46922ab72fb79c5ad4f4
gen3,294,わざマシン０６,기술머신06,TM06,8ad201e80244f630ab5a46922ab72fb79c5ad4f4
gen3,295,わざマシン０７,기술머신07,TM07,8ad201e80244f630ab5a46922ab72fb79c5ad4f4
gen3,296,わざマシン０８,기술머신08,TM08,8ad201e80244f630ab5a46922ab72fb79c5ad4f4
gen3,297,わざマシン０９,기술머신09,TM09,8ad201e80244f630ab5a46922ab72fb79c5ad4f4
gen3,298,わざマシン１０,기술머신10,TM10,8ad201e80244f630ab5a46922ab72fb79c5ad4f4
gen3,299,わざマシン１１,기술머신11,TM11,8ad201e80244f630ab5a46922ab72fb79c5ad4f4
gen3,300,わざマシン１２,기술머신12,TM12,8ad201e80244f630ab5a46922ab72fb79c5ad4f4
gen3,301,わざマシン１３,기술머신13,TM13,8ad201e80244f630ab5a46922ab72fb79c5ad4f4
gen3,302,わざマシン１４,기술머신14,TM14,8ad201e80244f630ab5a46922ab72fb79c5ad4f4
gen3,303,わざマシン１５,기술머신15,TM15,8ad201e80244f630ab5a46922ab72fb79c5ad4f4
gen3,304,わざマシン１６,기술머신16,TM16,8ad201e80244f630ab5a46922ab72fb79c5ad4f4
gen3,305,わざマシン１７,기술머신17,TM17,8ad201e80244f630ab5a46922ab72fb79c5ad4f4
gen3,306,わざマシン１８,기술머신18,TM18,8ad201e80244f630ab5a46922ab72fb79c5ad4f4
gen3,307,わざマシン１９,기술머신19,TM19,8ad201e80244f630ab5a46922ab72fb79c5ad4f4
gen3,308,わざマシン２０,기술머신20,TM20,8ad201e80244f630ab5a46922ab72fb79c5ad4f4
gen3,309,わざマシン２１,기술머신21,TM21,8ad201e80244f630ab5a46922ab72fb79c5ad4f4
gen3,310,わざマシン２２,기술머신22,TM22,8ad201e80244f630ab5a46922ab72fb79c5ad4f4
gen3,311,わざマシン２３,기술머신23,TM23,8ad201e80244f630ab5a46922ab72fb79c5ad4f4
gen3,312,わざマシン２４,기술머신24,TM24,8ad201e80244f630ab5a46922ab72fb79c5ad4f4
gen3,313,わざマシン２５,기술머신25,TM25,8ad201e80244f630ab5a46922ab72fb79c5ad4f4
gen3,314,わざマシン２６,기술머신26,TM26,8ad201e80244f630ab5a46922ab72fb79c5ad4f4
gen3,315,わざマシン２７,기술머신27,TM27,8ad201e80244f630ab5a46922ab72fb79c5ad4f4
gen3,316,わざマシン２８,기술머신28,TM28,8ad201e80244f630ab5a46922ab72fb79c5ad4f4
gen3,317,わざマシン２９,기술머신29,TM29,8ad201e80244f630ab5a46922ab72fb79c5ad4f4
gen3,318,わざマシン３０,기술머신30,TM30,8ad201e80244f630ab5a46922ab72fb79c5ad4f4
gen3,319,わざマシン３１,기술머신31,TM31,8ad201e80244f630ab5a46922ab72fb79c5ad4f4
gen3,320,わざマシン３２,기술머신32,TM32,8ad201e80244f630ab5a46922ab72fb79c5ad4f4
gen3,321,わざマシン３３,기술머신33,TM33,8ad201e80244f630ab5a46922ab72fb79c5ad4f4
gen3,322,わざマシン３４,기술머신34,TM34,8ad201e80244f630ab5a46922ab72fb79c5ad4f4
gen3,323,わざマシン３５,기술머신35,TM35,8ad201e80244f630ab5a46922ab72fb79c5ad4f4
gen3,324,わざマシン３６,기술머신36,TM36,8ad201e80244f630ab5a46922ab72fb79c5ad4f4
gen3,325,わざマシン３７,기술머신37,TM37,8ad201e80244f630ab5a46922ab72fb79c5ad4f4
gen3,326,わざマシン３８,기술머신38,TM38,8ad201e80244f630ab5a46922ab72fb79c5ad4f4
gen3,327,わざマシン３９,기술머신39,TM39,8ad201e80244f630ab5a46922ab72fb79c5ad4f4
gen3,328,わざマシン４０,기술머신40,TM40,8ad201e80244f630ab5a46922ab72fb79c5ad4f4
gen3,329,わざマシン４１,기술머신41,TM41,8ad201e80244f630ab5a46922ab72fb79c5ad4f4
gen3,330,わざマシン４２,기술머신42,TM42,8ad201e80244f630ab5a46922ab72fb79c5ad4f4
gen3,331,わざマシン４３,기술머신43,TM43,8ad201e80244f630ab5a46922ab72fb79c5ad4f4
gen3,332,わざマシン４４,기술머신44,TM44,8ad201e80244f630ab5a46922ab72fb79c5ad4f4
gen3,333,わざマシン４５,기술머신45,TM45,8ad201e80244f630ab5a46922ab72fb79c5ad4f4
gen3,334,わざマシン４６,기술머신46,TM46,8ad201e80244f630ab5a46922ab72fb79c5ad4f4
gen3,335,わざマシン４７,기술머신47,TM47,8ad201e80244f630ab5a46922ab72fb79c5ad4f4
gen3,336,わざマシン４８,기술머신48,TM48,8ad201e80244f630ab5a46922ab72fb79c5ad4f4
gen3,337,わざマシン４９,기술머신49,TM49,8ad201e80244f630ab5a46922ab72fb79c5ad4f4
gen3,338,わざマシン５０,기술머신50,TM50,8ad201e80244f630ab5a46922ab72fb79c5ad4f4
gen3,339,ひでんマシン０１,비전머신01,HM01,8ad201e80244f630ab5a46922ab72fb79c5ad4f4
gen3,340,ひでんマシン０２,비전머신02,HM02,8ad201e80244f630ab5a46922ab72fb79c5ad4f4
gen3,341,ひでんマシン０３,비전머신03,HM03,8ad201e80244f630ab5a46922ab72fb79c5ad4f4
gen3,342,ひでんマシン０４,비전머신04,HM04,8ad201e80244f630ab5a46922ab72fb79c5ad4f4
gen3,343,ひでんマシン０５,비전머신05,HM05,8ad201e80244f630ab5a46922ab72fb79c5ad4f4
gen3,344,ひでんマシン０６,비전머신06,HM06,8ad201e80244f630ab5a46922ab72fb79c5ad4f4
gen3,345,ひでんマシン０７,비전머신07,HM07,8ad201e80244f630ab5a46922ab72fb79c5ad4f4
gen3,346,ひでんマシン０８,비전머신08,HM08,8ad201e80244f630ab5a46922ab72fb79c5ad4f4
gen3,347,？？？(0x15B),??? (0x15B),???,8ad201e80244f630ab5a46922ab72fb79c5ad4f4
gen3,348,？？？(0x15C),??? (0x15C),???,8ad201e80244f630ab5a46922ab72fb79c5ad4f4
gen3,349,おとどけもの,전해줄물건,Oak's Parcel,8ad201e80244f630ab5a46922ab72fb79c5ad4f4
gen3,350,ポケモンのふえ,포켓몬피리,Poké Flute,8ad201e80244f630ab5a46922ab72fb79c5ad4f4
gen3,351,ひみつのカギ,비밀의열쇠,Secret Key,8ad201e80244f630ab5a46922ab72fb79c5ad4f4
gen3,352,ひきかえけん,교환권,Bike Voucher,8ad201e80244f630ab5a46922ab72fb79c5ad4f4
gen3,353,きんのいれば,금틀니,Gold Teeth,8ad201e80244f630ab5a46922ab72fb79c5ad4f4
gen3,354,ひみつのコハク,비밀의호박,Old Amber,8ad201e80244f630ab5a46922ab72fb79c5ad4f4
gen3,355,カードキー,카드키,Card Key,8ad201e80244f630ab5a46922ab72fb79c5ad4f4
gen3,356,エレベータのカギ,엘리베이터열쇠,Lift Key,8ad201e80244f630ab5a46922ab72fb79c5ad4f4
gen3,357,かいのカセキ,조개화석,Helix Fossil,8ad201e80244f630ab5a46922ab72fb79c5ad4f4
gen3,358,こうらのカセキ,껍질화석,Dome Fossil,8ad201e80244f630ab5a46922ab72fb79c5ad4f4
gen3,359,シルフスコープ,실프스코프,Silph Scope,8ad201e80244f630ab5a46922ab72fb79c5ad4f4
gen3,360,じてんしゃ,자전거,Bicycle,8ad201e80244f630ab5a46922ab72fb79c5ad4f4
gen3,361,タウンマップ,타운맵,Town Map,8ad201e80244f630ab5a46922ab72fb79c5ad4f4
gen3,362,バトルサーチャー,배틀서처,Vs. Seeker,8ad201e80244f630ab5a46922ab72fb79c5ad4f4
gen3,363,ボイスチェッカー,보이스체커,Fame Checker,8ad201e80244f630ab5a46922ab72fb79c5ad4f4
gen3,364,わざマシンケース,기술머신케이스,TM Case,8ad201e80244f630ab5a46922ab72fb79c5ad4f4
gen3,365,きのみぶくろ,열매주머니,Berry Pouch,8ad201e80244f630ab5a46922ab72fb79c5ad4f4
gen3,366,おしえテレビ,가르침TV,Teachy TV,8ad201e80244f630ab5a46922ab72fb79c5ad4f4
gen3,367,トライパス,트라이패스,Tri-Pass,8ad201e80244f630ab5a46922ab72fb79c5ad4f4
gen3,368,レインボーパス,레인보우패스,Rainbow Pass,8ad201e80244f630ab5a46922ab72fb79c5ad4f4
gen3,369,おちゃ,차,Tea,8ad201e80244f630ab5a46922ab72fb79c5ad4f4
gen3,370,しんぴのチケット,신비의티켓,MysticTicket,8ad201e80244f630ab5a46922ab72fb79c5ad4f4
gen3,371,オーロラチケット,오로라티켓,AuroraTicket,8ad201e80244f630ab5a46922ab72fb79c5ad4f4
gen3,372,こないれ,가루상자,Powder Jar,8ad201e80244f630ab5a46922ab72fb79c5ad4f4
gen3,373,ルビー,루비,Ruby,8ad201e80244f630ab5a46922ab72fb79c5ad4f4
gen3,374,サファイア,사파이어,Sapphire,8ad201e80244f630ab5a46922ab72fb79c5ad4f4
gen3,375,マグマのしるし,마그마의증표,Magma Emblem,8ad201e80244f630ab5a46922ab72fb79c5ad4f4
gen3,376,ふるびたかいず,오래된해도,Old Sea Map,8ad201e80244f630ab5a46922ab72fb79c5ad4f4
