path,sha,size,bucket,policy
PKHeX.Core/Editing/Applicators/BallApplicator.cs,3c0c9833023d791cd8d59c1ef02089e9c5cee19e,6388,core_editing,extract_semantics_and_metadata
PKHeX.Core/Editing/Applicators/CatchRateApplicator.cs,8b019d9061b45d19489e4679ebfdf4e643af2fbd,1865,core_editing,extract_semantics_and_metadata
PKHeX.Core/Editing/Applicators/GenderApplicator.cs,102cd3b9db9c05b89dc3f380b76dc72836290801,2861,core_editing,extract_semantics_and_metadata
PKHeX.Core/Editing/Applicators/HiddenPowerApplicator.cs,7e6cf3bb8507aa9d41820f40f6c68b463ef3125f,1004,core_editing,extract_semantics_and_metadata
PKHeX.Core/Editing/Applicators/MarkingApplicator.cs,d7a8598b2761cddd7114e941ccb7c580bb42eb8c,3190,core_editing,extract_semantics_and_metadata
PKHeX.Core/Editing/Applicators/MemoryApplicator.cs,41f51cf0bacbb8d19c76253cd96008814ce69690,1872,core_editing,extract_semantics_and_metadata
PKHeX.Core/Editing/Applicators/MoveApplicator.cs,02c1cf6572e9bfb1e8ffb1366cb3510b4992427e,3168,core_editing,extract_semantics_and_metadata
PKHeX.Core/Editing/Applicators/MoveSetApplicator.cs,4357efbe48ed19ebd49679ba2b358f381a41df64,4185,core_editing,extract_semantics_and_metadata
PKHeX.Core/Editing/Applicators/MoveShopRecordApplicator.cs,e27d9201ae4ad2213c79fe82619038a3d1a4aaae,7047,core_editing,extract_semantics_and_metadata
PKHeX.Core/Editing/Applicators/PersonalColorUtil.cs,fecdbf716ca2552b81ea992448feb1ad622abc5b,2308,core_editing,extract_semantics_and_metadata
PKHeX.Core/Editing/Applicators/PlusRecordApplicator.cs,f57e8aa11a893d2396501efbd8a01437918ef4b7,8356,core_editing,extract_semantics_and_metadata
PKHeX.Core/Editing/Applicators/RibbonApplicator.cs,d18b4573d6b4ec34ec4cb5dd612352e1eb3dafe7,4063,core_editing,extract_semantics_and_metadata
PKHeX.Core/Editing/Applicators/TechnicalRecordApplicator.cs,e8b13d4f766e48bde9bee32547b6d5c3ee1d4f69,8282,core_editing,extract_semantics_and_metadata
PKHeX.Core/Editing/BattleTemplate/BattleTemplateConfig.cs,a6f223ed91033603bf55e6fc937432239a223d91,9424,core_editing,extract_semantics_and_metadata
PKHeX.Core/Editing/BattleTemplate/BattleTemplateDisplayStyle.cs,e1691898b95c5f44535c8b1e294ae9e21b4a351b,255,core_editing,extract_semantics_and_metadata
PKHeX.Core/Editing/BattleTemplate/BattleTemplateExportSettings.cs,9f4ecdaeec7917afa33368f2b48c476e5c6e80df,3236,core_editing,extract_semantics_and_metadata
PKHeX.Core/Editing/BattleTemplate/BattleTemplateLocalization.cs,2c2a6727442993952d1ffc59e03171cedfa68055,2737,core_editing,extract_semantics_and_metadata
PKHeX.Core/Editing/BattleTemplate/BattleTemplateToken.cs,568c2f2c3f34a1f9cea7abda363cdcd828e697d1,1403,core_editing,extract_semantics_and_metadata
PKHeX.Core/Editing/BattleTemplate/BattleTemplateTypeSetting.cs,3bb046f6154d9055002c363fd259e7302294d061,3667,core_editing,extract_semantics_and_metadata
PKHeX.Core/Editing/BattleTemplate/Errors/BattleTemplateParseError.cs,2e0b61ccd488d863f5add813e0fc74dfaf11188a,248,core_editing,extract_semantics_and_metadata
PKHeX.Core/Editing/BattleTemplate/Errors/BattleTemplateParseErrorLocalization.cs,9126451874753ab4c8a9a1af2255a6d179cde326,3346,core_editing,extract_semantics_and_metadata
PKHeX.Core/Editing/BattleTemplate/Errors/BattleTemplateParseErrorType.cs,a2072f4246c732042786cc24acc1a59da204e840,2862,core_editing,extract_semantics_and_metadata
PKHeX.Core/Editing/BattleTemplate/IBattleTemplate.cs,87684f2135db5c6fa7fac910e6cadafec377565b,2187,core_editing,extract_semantics_and_metadata
PKHeX.Core/Editing/BattleTemplate/MoveDisplayStyle.cs,7e449098fec7b4a58f16232e52ad136e9d336d1f,437,core_editing,extract_semantics_and_metadata
PKHeX.Core/Editing/BattleTemplate/Showdown/BattleTemplateTeams.cs,d60a205b0e5738048158faea74b2fa2ce2ef85f7,1630,core_editing,extract_semantics_and_metadata
PKHeX.Core/Editing/BattleTemplate/Showdown/PokepasteTeam.cs,c06bd888bfb6b18fd07093a3b3a68f0732ace207,4093,core_editing,extract_semantics_and_metadata
PKHeX.Core/Editing/BattleTemplate/Showdown/ShowdownParsing.cs,0dbe345cef96e554782fd6baf0de201013a8d9de,19604,core_editing,extract_semantics_and_metadata
PKHeX.Core/Editing/BattleTemplate/Showdown/ShowdownSet.cs,45eec68cb37ea1fd497adba81a6a27ccf6a9c5a1,41624,core_editing,extract_semantics_and_metadata
PKHeX.Core/Editing/BattleTemplate/Showdown/ShowdownTeam.cs,a222ed3427febd1d9cc87bd30a748c285fcfeecc,7516,core_editing,extract_semantics_and_metadata
PKHeX.Core/Editing/BattleTemplate/StatDisplayConfig.cs,7aba86e002df156476cd643d7277566eafaeabf2,14257,core_editing,extract_semantics_and_metadata
PKHeX.Core/Editing/BattleTemplate/StatDisplayStyle.cs,29709657dd31ae3ae2ef877b8d02c0a5fb5e1dae,838,core_editing,extract_semantics_and_metadata
PKHeX.Core/Editing/BattleTemplate/StatParseResult.cs,1ed73e179e85ff4112e56543fb74d957a2667223,4629,core_editing,extract_semantics_and_metadata
PKHeX.Core/Editing/Bulk/Base/BatchEditingBase.cs,7e99ecf443c1da8ad89de09b6097bb459275543c,19896,core_editing,extract_semantics_and_metadata
PKHeX.Core/Editing/Bulk/Base/BatchEditingUtil.cs,f180cd700ccedc036a7821b1e0441d0c9c092eda,2039,core_editing,extract_semantics_and_metadata
PKHeX.Core/Editing/Bulk/Base/IBatchEditor.cs,c143bb51dca95fa5465df9273a98bad2120f9421,2133,core_editing,extract_semantics_and_metadata
PKHeX.Core/Editing/Bulk/Base/InstructionComparer.cs,f78d230fb3cb77b68925c9f55a84777d59baf910,2300,core_editing,extract_semantics_and_metadata
PKHeX.Core/Editing/Bulk/Base/InstructionOperation.cs,663d98e1ccba074b16a56a98690be2b68ea4f82d,734,core_editing,extract_semantics_and_metadata
PKHeX.Core/Editing/Bulk/Base/ModifyResult.cs,9aff42b227c45bfcce0fff7e7aa6dce8834f4e47,629,core_editing,extract_semantics_and_metadata
PKHeX.Core/Editing/Bulk/Base/StringInstruction.cs,86a3e908cd95759c9c7c1f9bead7ca45bd57ee95,13902,core_editing,extract_semantics_and_metadata
PKHeX.Core/Editing/Bulk/Base/StringInstructionSet.cs,1ad9f3f46ddd9a0ca3df776eef8c1dc7d8c6df64,5034,core_editing,extract_semantics_and_metadata
PKHeX.Core/Editing/Bulk/BatchPropertyProvider.cs,01143d05a5559754516c973835927d0eed0dfdcd,855,core_editing,extract_semantics_and_metadata
PKHeX.Core/Editing/Bulk/Entity/BatchFilters.cs,3f45d96e070335e84f4b208ef0aa37089a202088,2813,core_editing,extract_semantics_and_metadata
PKHeX.Core/Editing/Bulk/Entity/BatchInfo.cs,0fc45607ff9292f62bf37fe3322daaafbea12022,622,core_editing,extract_semantics_and_metadata
PKHeX.Core/Editing/Bulk/Entity/BatchMods.cs,24662d5b4d03e00608c45ac311e0d6b01f48e497,7054,core_editing,extract_semantics_and_metadata
PKHeX.Core/Editing/Bulk/Entity/ComplexSet/ComplexFilter.cs,af9bc410dd57f2c2e7335c7c08f6f9a0657d790e,587,core_editing,extract_semantics_and_metadata
PKHeX.Core/Editing/Bulk/Entity/ComplexSet/ComplexSet.cs,35b141a671e5b6b33483750fb790411d6a8caab8,821,core_editing,extract_semantics_and_metadata
PKHeX.Core/Editing/Bulk/Entity/ComplexSet/IComplexFilter.cs,63676f0eaca561c78c3619a78d3adc7b2cf31096,314,core_editing,extract_semantics_and_metadata
PKHeX.Core/Editing/Bulk/Entity/ComplexSet/IComplexFilterMeta.cs,01037715ebeae4d27b886669b6bd9f022e257e4d,262,core_editing,extract_semantics_and_metadata
PKHeX.Core/Editing/Bulk/Entity/ComplexSet/IComplexSet.cs,644c55528aaf76eab52314f63fc56a014bcc5b89,271,core_editing,extract_semantics_and_metadata
PKHeX.Core/Editing/Bulk/Entity/ComplexSet/MetaFilter.cs,e2a4302c2dd0263821d877f8c7f5857b7c244305,441,core_editing,extract_semantics_and_metadata
PKHeX.Core/Editing/Bulk/Entity/EntityBatchEditor.cs,248c4d95deb2213b49176e125377e607fa4e682a,11654,core_editing,extract_semantics_and_metadata
PKHeX.Core/Editing/Bulk/Entity/EntityBatchProcessor.cs,1ae12ba6735dd0f4ce2687c5c752d8b23a23f9bc,3594,core_editing,extract_semantics_and_metadata
PKHeX.Core/Editing/Bulk/Entity/Suggestion/BatchModifications.cs,2d2dd2eaf47daf940863841c21dff71621b53e26,7733,core_editing,extract_semantics_and_metadata
PKHeX.Core/Editing/Bulk/Entity/Suggestion/ComplexSuggestion.cs,19ad4909d5b5625027fc9dcea0a130c21e4547a8,1110,core_editing,extract_semantics_and_metadata
PKHeX.Core/Editing/Bulk/Entity/Suggestion/ISuggestModification.cs,3e93626cd0ef02bc770fb8df5e9494d3bfd3b7d8,377,core_editing,extract_semantics_and_metadata
PKHeX.Core/Editing/Bulk/Entity/Suggestion/TypeSuggestion.cs,2a6259534b3820eb1a5ee1f1058b9f2ef02b1da5,1161,core_editing,extract_semantics_and_metadata
PKHeX.Core/Editing/Bulk/IPropertyProvider.cs,cbacef440b1f4adcd11fd3dd98fb8bc086d90390,763,core_editing,extract_semantics_and_metadata
PKHeX.Core/Editing/CommonEdits.cs,16088a83aff2df8ae79f556d6c1ab173a89af75f,19575,core_editing,extract_semantics_and_metadata
PKHeX.Core/Editing/Database/TrainerDatabase.cs,d0a7a2e87ff107677a5047e1afbc2e0b2756e325,7053,core_editing,extract_semantics_and_metadata
PKHeX.Core/Editing/HiddenPower.cs,28bbf6dbe29a84b4f77f783e41727a28848e6379,11152,core_editing,extract_semantics_and_metadata
PKHeX.Core/Editing/IPKMView.cs,b260825284d1997bcd98b8a60566553c38572996,1970,core_editing,extract_semantics_and_metadata
PKHeX.Core/Editing/IPlugin.cs,33497706e3f060ee142fa748de869b7734e2455b,1515,core_editing,extract_semantics_and_metadata
PKHeX.Core/Editing/ISaveFileProvider.cs,7b177e9313c7868ff7b28f33fc1e4c3d29e41fd9,588,core_editing,extract_semantics_and_metadata
PKHeX.Core/Editing/ISpriteBuilder.cs,01c283aac2cb79ba4243c5f04c3ba76391ede226,983,core_editing,extract_semantics_and_metadata
PKHeX.Core/Editing/LocationEdits.cs,474d7e9aa8a8e8cff296827b130ebaab8650707e,623,core_editing,extract_semantics_and_metadata
PKHeX.Core/Editing/NatureAmp.cs,c2af8dee1fa5d2e48e0f020c46f4d4df724a1ca8,7044,core_editing,extract_semantics_and_metadata
PKHeX.Core/Editing/PKM/EntitySuggestionUtil.cs,7771aeb2a68de8b1ffcc671b8873035d7551a474,1562,core_editing,extract_semantics_and_metadata
PKHeX.Core/Editing/PKM/EntitySummary.cs,d51a423af01e9f514c18d92b03b887135ff65eb8,6453,core_editing,extract_semantics_and_metadata
PKHeX.Core/Editing/PKM/EntityTemplates.cs,244f93028b915ca5800652bfa1445e0083cc90c6,2531,core_editing,extract_semantics_and_metadata
PKHeX.Core/Editing/PKM/ILegalMoveDisplaySource.cs,2de1a20279bc876c5d75fa6de4cd6e6018e14378,534,core_editing,extract_semantics_and_metadata
PKHeX.Core/Editing/PKM/LegalMoveComboSource.cs,866e2d4d1617f7b891f7276f3a3c42723a820c8f,1749,core_editing,extract_semantics_and_metadata
PKHeX.Core/Editing/PKM/LegalMoveInfo.cs,3994c4dc3a9f4a596bf63c18b77dfe32d5633920,4468,core_editing,extract_semantics_and_metadata
PKHeX.Core/Editing/PKM/LegalMoveSource.cs,f625a66fe3a0be54192123f603b7801c443a1976,647,core_editing,extract_semantics_and_metadata
PKHeX.Core/Editing/PKM/QR/QRMessageUtil.cs,e1ca831a340c7e5a69218cf3a70a9e61a07cc5fb,5282,core_editing,extract_semantics_and_metadata
PKHeX.Core/Editing/PKM/QR/QRPK7.cs,72f254db20a8d6d612b700f23c911a01af6afc64,5282,core_editing,extract_semantics_and_metadata
PKHeX.Core/Editing/PKM/QR/QRPKM.cs,18352b247f5f286fd277d110b98ab53c79d4a315,2347,core_editing,extract_semantics_and_metadata
PKHeX.Core/Editing/Pokerus.cs,b6b9a71bf1d0d2ba8290a58ece34da4c4e3b5d32,6310,core_editing,extract_semantics_and_metadata
PKHeX.Core/Editing/PowerPotential.cs,92a83b78bc4750c39ceaf9cd6d595ca92489b5e8,1328,core_editing,extract_semantics_and_metadata
PKHeX.Core/Editing/Program/IProgramSettings.cs,0cf75bb2a388e9098153c212febfb9d31c6edae0,396,core_editing,extract_semantics_and_metadata
PKHeX.Core/Editing/Program/IStartupSettings.cs,c178b6fda1e22d5e4e9cf03b0eaa89f0f2094cc8,768,core_editing,extract_semantics_and_metadata
PKHeX.Core/Editing/Program/SaveFileLoadSetting.cs,39035319e363a132224e86e0fb7920024fde0ae3,535,core_editing,extract_semantics_and_metadata
PKHeX.Core/Editing/Program/Settings/AdvancedSettings.cs,ec8af7a8c6a8af2679af269a2ac349be2ff83445,1315,core_editing,extract_semantics_and_metadata
PKHeX.Core/Editing/Program/Settings/BackupSettings.cs,4df9693ffda1cc90c4d1c8968ea74bb89c975183,707,core_editing,extract_semantics_and_metadata
PKHeX.Core/Editing/Program/Settings/EncounterDatabaseSettings.cs,82daf68576b320c19731a508ed8d62f1ad8dd1c8,1186,core_editing,extract_semantics_and_metadata
PKHeX.Core/Editing/Program/Settings/EntityConverterSettings.cs,278d88c6fc8b4ef65f2e59c032b5bfc7cbc92260,1219,core_editing,extract_semantics_and_metadata
PKHeX.Core/Editing/Program/Settings/EntityDatabaseSettings.cs,27609893d46c17ec541a96c964d4b18900c9ee09,1355,core_editing,extract_semantics_and_metadata
PKHeX.Core/Editing/Program/Settings/EntityEditorSettings.cs,c8119991b12db3ee411b4c90a9256f2dc5a645c7,1076,core_editing,extract_semantics_and_metadata
PKHeX.Core/Editing/Program/Settings/LocalResourceSettings.cs,aaa00690a7f9b6b38dbe8e73777c88335dc4b3be,2040,core_editing,extract_semantics_and_metadata
PKHeX.Core/Editing/Program/Settings/MysteryGiftDatabaseSettings.cs,4b2df5a0db3595dd0ffd123d9892f06d96a507d9,612,core_editing,extract_semantics_and_metadata
PKHeX.Core/Editing/Program/Settings/PrivacySettings.cs,cd8afd05ed7e2cb82b8ed143d7cc7aadc5ae9d43,288,core_editing,extract_semantics_and_metadata
PKHeX.Core/Editing/Program/Settings/ReportGridSettings.cs,42960232b33a12f22de7b10bae4862541f2c6b31,413,core_editing,extract_semantics_and_metadata
PKHeX.Core/Editing/Program/Settings/SaveLanguageSettings.cs,d4905125ff6c47da561822aa5832b59e34cec2b1,1899,core_editing,extract_semantics_and_metadata
PKHeX.Core/Editing/Program/Settings/SetImportSettings.cs,b5f3309a3e82be493fd84dab19fa11d8dd4cb2b1,301,core_editing,extract_semantics_and_metadata
PKHeX.Core/Editing/Program/Settings/SlotWriteSettings.cs,a90aa9d042954957e8039870044ce33a4ccf0b10,768,core_editing,extract_semantics_and_metadata
PKHeX.Core/Editing/Program/Settings/SoundSettings.cs,aedc16b6d1029626bfd7f349ed3974ff892fcf92,490,core_editing,extract_semantics_and_metadata
PKHeX.Core/Editing/Program/StartupArguments.cs,c373e0a033685f58b1a5e519f5d36164dac495d7,3461,core_editing,extract_semantics_and_metadata
PKHeX.Core/Editing/Program/StartupUtil.cs,da2397ec7cceb0f970470e75eeecbc98bea612e5,3985,core_editing,extract_semantics_and_metadata
PKHeX.Core/Editing/Saves/BoxManip/BoxManipBase.cs,e6741ef78ad5d84a7b621321b64916bf504027b5,434,core_editing,extract_semantics_and_metadata
PKHeX.Core/Editing/Saves/BoxManip/BoxManipClear.cs,e439a26efbce85e8632588a6a7fc37bb2b6977d3,1044,core_editing,extract_semantics_and_metadata
PKHeX.Core/Editing/Saves/BoxManip/BoxManipClearComplex.cs,ddff389cb3debe8147737909192e5e2e9d203e25,1117,core_editing,extract_semantics_and_metadata
PKHeX.Core/Editing/Saves/BoxManip/BoxManipClearDuplicate.cs,78c0c2a03ea712cb86103a6591ef3449f43e4aac,1502,core_editing,extract_semantics_and_metadata
PKHeX.Core/Editing/Saves/BoxManip/BoxManipDefaults.cs,4692ced8a9ccd5617786b79d0b09a5a065bbbd6a,5692,core_editing,extract_semantics_and_metadata
PKHeX.Core/Editing/Saves/BoxManip/BoxManipModify.cs,47b147003a52ef320f9535e6cc805e7488137100,752,core_editing,extract_semantics_and_metadata
PKHeX.Core/Editing/Saves/BoxManip/BoxManipModifyComplex.cs,f33f897ef8bbfe88a92c4f59e604d2f4868d530d,827,core_editing,extract_semantics_and_metadata
PKHeX.Core/Editing/Saves/BoxManip/BoxManipParam.cs,7af44c6c5ec5dc1c7107af36ea8d8d15ee100da6,354,core_editing,extract_semantics_and_metadata
PKHeX.Core/Editing/Saves/BoxManip/BoxManipSort.cs,007c46cdace088a0dda5a3b16e4ce97147656cbe,1145,core_editing,extract_semantics_and_metadata
PKHeX.Core/Editing/Saves/BoxManip/BoxManipSortComplex.cs,8166703e44e3a94169e7b0bca2657bedec8f5df2,1740,core_editing,extract_semantics_and_metadata
PKHeX.Core/Editing/Saves/BoxManip/BoxManipType.cs,b2c6f5a82a8542e4c4a332203ce6b292f2e1c7ec,906,core_editing,extract_semantics_and_metadata
PKHeX.Core/Editing/Saves/BoxManip/BoxManipUtil.cs,a5b9f5f6dd568b8c83f67eecbc3654d0e65b97ae,3115,core_editing,extract_semantics_and_metadata
PKHeX.Core/Editing/Saves/BoxManip/BoxManipulator.cs,3004cf652d0fb12379e978786178ba6c8a97d8f2,3295,core_editing,extract_semantics_and_metadata
PKHeX.Core/Editing/Saves/BoxManip/IBoxManip.cs,95ddf886c18b53d72d69e7f47482ec26c36fc891,1360,core_editing,extract_semantics_and_metadata
PKHeX.Core/Editing/Saves/Editors/Controls/TrainerIDManager.cs,ec0ff4f25619cb275fc03ad17300d3671421ecc0,3706,core_editing,extract_semantics_and_metadata
PKHeX.Core/Editing/Saves/Editors/EventOld/EventLabelCollection.cs,0e0ccab0740b1c291f24218d2a103b0feb8e3d23,605,core_editing,extract_semantics_and_metadata
PKHeX.Core/Editing/Saves/Editors/EventOld/EventLabelCollectionSystem.cs,b3f20605254ee86911a962cbdd6082a66ab37988,849,core_editing,extract_semantics_and_metadata
PKHeX.Core/Editing/Saves/Editors/EventOld/EventLabelParsing.cs,b9f57870ab9eb21c3ce7e67de034f3c984f0f276,5120,core_editing,extract_semantics_and_metadata
PKHeX.Core/Editing/Saves/Editors/EventOld/EventWorkspace.cs,cebbb07063bd8e63e3b3742fd11d078423c92495,1489,core_editing,extract_semantics_and_metadata
PKHeX.Core/Editing/Saves/Editors/EventOld/NamedEventType.cs,647efab6f683912fdc7c187f7eb40f736d271e65,1021,core_editing,extract_semantics_and_metadata
PKHeX.Core/Editing/Saves/Editors/EventOld/NamedEventValue.cs,d722300457c22d743b599c99cd13c342e9169beb,102,core_editing,extract_semantics_and_metadata
PKHeX.Core/Editing/Saves/Editors/EventOld/NamedEventWork.cs,3954e44f488e5b065854cd1054e5e8da5cfd7afd,410,core_editing,extract_semantics_and_metadata
PKHeX.Core/Editing/Saves/Editors/EventUnlock/EventUnlocker.cs,abdbdc9207269d52799b595352eaecb60d982aa8,132,core_editing,extract_semantics_and_metadata
PKHeX.Core/Editing/Saves/Editors/EventUnlock/EventUnlocker8b.cs,6d6b8e4198df93ffd6b3a464218f4d65b5b52b04,4326,core_editing,extract_semantics_and_metadata
PKHeX.Core/Editing/Saves/Editors/EventWork/Diff/EventWorkDiff.cs,66929a79bb4748f6d1503d74a808e3d1b5ff6719,3744,core_editing,extract_semantics_and_metadata
PKHeX.Core/Editing/Saves/Editors/EventWork/Diff/EventWorkDiff7b.cs,3bd7ba5e7321300ef9a4019088eefb8e1b8d482b,3518,core_editing,extract_semantics_and_metadata
PKHeX.Core/Editing/Saves/Editors/EventWork/Diff/EventWorkDiff8b.cs,f467ee0e99ffabc3126b80cb956d6143c84573dd,3576,core_editing,extract_semantics_and_metadata
PKHeX.Core/Editing/Saves/Editors/EventWork/Diff/EventWorkDiffCompatibility.cs,f241df260ca530161359843b879940804000c7dd,1586,core_editing,extract_semantics_and_metadata
PKHeX.Core/Editing/Saves/Editors/EventWork/Diff/IEventWorkDiff.cs,d52e7a3fe09f43559e4442c6818e6bc3c5707207,322,core_editing,extract_semantics_and_metadata
PKHeX.Core/Editing/Saves/Editors/EventWork/EventFlag.cs,25f7eca798b4ba3db56c6cef93d780461d9af622,300,core_editing,extract_semantics_and_metadata
PKHeX.Core/Editing/Saves/Editors/EventWork/EventVar.cs,2fa8d7e76afacb72b613107e92aecd44be40ef9c,646,core_editing,extract_semantics_and_metadata
PKHeX.Core/Editing/Saves/Editors/EventWork/EventVarGroup.cs,2c5e0ce255d8e057f70ce48b86ace57337a6ae67,207,core_editing,extract_semantics_and_metadata
PKHeX.Core/Editing/Saves/Editors/EventWork/EventWork.cs,c74bc6ba3f81441991ecc45d7831a67a9b1dc9d6,2259,core_editing,extract_semantics_and_metadata
PKHeX.Core/Editing/Saves/Editors/EventWork/EventWorkUtil.cs,27f7a9e3a2ed4199e02426eac906d1abc735023a,5603,core_editing,extract_semantics_and_metadata
PKHeX.Core/Editing/Saves/Editors/EventWork/EventWorkVal.cs,84134031534a6330dac7ac4a8b0cbe5c8cca31cd,414,core_editing,extract_semantics_and_metadata
PKHeX.Core/Editing/Saves/Editors/EventWork/SplitEventEditor.cs,f3ba8181094255cb1c3a32f6825ec20f1f55c741,2194,core_editing,extract_semantics_and_metadata
PKHeX.Core/Editing/Saves/Editors/FakePKMEditor.cs,bde819626f2345b5fa233cd2d4c24afbf14b28ff,584,core_editing,extract_semantics_and_metadata
PKHeX.Core/Editing/Saves/Editors/FakeSaveFile.cs,3f9d8c1a77f3bc167716d0f817ce948f27d8e5d7,2734,core_editing,extract_semantics_and_metadata
PKHeX.Core/Editing/Saves/Editors/SaveDataEditor.cs,85c3ad2c9ad9c8057baec0310c3afe540e732830,686,core_editing,extract_semantics_and_metadata
PKHeX.Core/Editing/Saves/Management/INamedFolderPath.cs,a7335037b2060d86061a14d0dead48e83ee21d5a,790,core_editing,extract_semantics_and_metadata
PKHeX.Core/Editing/Saves/Management/SavePreview.cs,f37d575707f2e255991ee70e6252beb6815f8d8c,1607,core_editing,extract_semantics_and_metadata
PKHeX.Core/Editing/Saves/Slots/BoxEdit.cs,6fa340c84aa1c29e19cc9f3e56800a5d9fe78617,2403,core_editing,extract_semantics_and_metadata
PKHeX.Core/Editing/Saves/Slots/Exporting/BoxExport.cs,2cb97cbdb4bfde8386d68cc76501106d6a94de35,7023,core_editing,extract_semantics_and_metadata
PKHeX.Core/Editing/Saves/Slots/Exporting/BoxExportSettings.cs,55587edfd674e79ea7193bd4dd3a0e542642f551,4196,core_editing,extract_semantics_and_metadata
PKHeX.Core/Editing/Saves/Slots/Extensions.cs,c40c8fd119fa8d8895b4fb4fa6f620b309c57596,11092,core_editing,extract_semantics_and_metadata
PKHeX.Core/Editing/Saves/Slots/ISlotViewer.cs,57bf93eba083e8468e3921944a8159897f76aa65,2352,core_editing,extract_semantics_and_metadata
PKHeX.Core/Editing/Saves/Slots/Info/ISlotInfo.cs,03c1854f3126f03580a3d91b7b7c72387f32e4e9,1868,core_editing,extract_semantics_and_metadata
PKHeX.Core/Editing/Saves/Slots/Info/SlotCache.cs,111fe71f484932ad342dabe8caab12c900592a32,3255,core_editing,extract_semantics_and_metadata
PKHeX.Core/Editing/Saves/Slots/Info/SlotInfoBox.cs,fa9faa0fb7ff9066c399a409a9cb1a4eb3e22005,1042,core_editing,extract_semantics_and_metadata
PKHeX.Core/Editing/Saves/Slots/Info/SlotInfoFile.cs,7d0a5016bc716995df2c6c3ab889ddea25935571,1059,core_editing,extract_semantics_and_metadata
PKHeX.Core/Editing/Saves/Slots/Info/SlotInfoLoader.cs,2d837f61528e6d012b13466e1318eb7bf27bede7,4209,core_editing,extract_semantics_and_metadata
PKHeX.Core/Editing/Saves/Slots/Info/SlotInfoMisc.cs,e55759b351810a36bc9a2d39f6e7ad79ae7e93b9,986,core_editing,extract_semantics_and_metadata
PKHeX.Core/Editing/Saves/Slots/Info/SlotInfoParty.cs,c6a4710b5f00c5f188d27101bcca782bdbcd0eb0,1009,core_editing,extract_semantics_and_metadata
PKHeX.Core/Editing/Saves/Slots/Info/WriteBlockedMessage.cs,c6f83eeae649af1fa1dbd288a5acd6c2e2d825be,287,core_editing,extract_semantics_and_metadata
PKHeX.Core/Editing/Saves/Slots/SlotChangelog.cs,10635a051e0ba990e641157fa4a14e5e571b52b2,7053,core_editing,extract_semantics_and_metadata
PKHeX.Core/Editing/Saves/Slots/SlotEditor.cs,876159ed20ab9b9ef38acf6b68118a056e01c6bb,5708,core_editing,extract_semantics_and_metadata
PKHeX.Core/Editing/Saves/Slots/SlotPublisher.cs,e5a5e61615cc13f9ec4b66ae313cb09b8f2a3ea9,2093,core_editing,extract_semantics_and_metadata
PKHeX.Core/Editing/Saves/Slots/SlotTouchResult.cs,d21a04814e5a378530b5877d652434a9f1804e33,837,core_editing,extract_semantics_and_metadata
PKHeX.Core/Editing/Saves/Slots/SlotTouchType.cs,c555f0a18f05c055b671bd1f4a4a50c2239e3cb8,1069,core_editing,extract_semantics_and_metadata
PKHeX.Core/Editing/Saves/Slots/SlotViewInfo.cs,8ebfa02c497d416d0c501d9f65d40dc409e886b3,1534,core_editing,extract_semantics_and_metadata
PKHeX.Core/Editing/Saves/Slots/SlotVisibilityType.cs,f5f5089e54f791842c4e7bff1f9ccebf000698c8,708,core_editing,extract_semantics_and_metadata
PKHeX.Core/Editing/Saves/Slots/StorageSlotType.cs,346ee2b39ae83c4498af6b4141d4a701a140d0d7,2263,core_editing,extract_semantics_and_metadata
PKHeX.Core/Editing/WurmpleUtil.cs,06564ae2ea71e4816ec0adb4d9470e3a151e61aa,2685,core_editing,extract_semantics_and_metadata
PKHeX.Core/Game/ComboItem.cs,ffe3f939b4b4f9819fca5e22b7fe101b9dc8d135,229,core_game,extract_semantics_and_metadata
PKHeX.Core/Game/Enums/Ability.cs,65d68d83cc4294f886e5cbddf11294e0d5c6e3b2,4961,core_game,extract_semantics_and_metadata
PKHeX.Core/Game/Enums/Ball.cs,c25b7c12e9b0f770a5270abf8ca36ff6f98454e9,1275,core_game,extract_semantics_and_metadata
PKHeX.Core/Game/Enums/GCVersion.cs,fe619e9093a13bf6dc6eda6129fcf2c60202e540,2085,core_game,extract_semantics_and_metadata
PKHeX.Core/Game/Enums/GameVersion.cs,f2a1e245aed8e802d9987d5964d771d4dfdb6fed,11508,core_game,extract_semantics_and_metadata
PKHeX.Core/Game/Enums/Gender.cs,1aca208b3c6024f39d1e4efe2d68339b96120c61,342,core_game,extract_semantics_and_metadata
PKHeX.Core/Game/Enums/LanguageBR.cs,2c39b6877a0097ee856d48287f38f05bb85f1ec3,1844,core_game,extract_semantics_and_metadata
PKHeX.Core/Game/Enums/LanguageGC.cs,788edcd77cc35150ad3a567884f90f5eb9c7d3b4,2358,core_game,extract_semantics_and_metadata
PKHeX.Core/Game/Enums/LanguageID.cs,e152e9d53d82277529b42bea86f6be1bcf63032c,1391,core_game,extract_semantics_and_metadata
PKHeX.Core/Game/Enums/Move.cs,459925b57a18dc4596c0467d13c7980c89be66cf,14652,core_game,extract_semantics_and_metadata
PKHeX.Core/Game/Enums/MoveType.cs,c2ea1432350dceee6f79241b4b0b1285454b5e62,1141,core_game,extract_semantics_and_metadata
PKHeX.Core/Game/Enums/Nature.cs,17833ddb9061621d83a0b8b3fdb681b021847720,2208,core_game,extract_semantics_and_metadata
PKHeX.Core/Game/Enums/Region3DSIndex.cs,2f9a2fab8cb7a1128a0c4c59b7e1d2a07185c2a3,285,core_game,extract_semantics_and_metadata
PKHeX.Core/Game/Enums/Species.cs,2ee6405482c9420c13a3eeead8ace143316cae24,14144,core_game,extract_semantics_and_metadata
PKHeX.Core/Game/GameStrings/FilteredGameDataSource.cs,08ed5e645c591e1bf03b9fe40ab8193bda483c51,6085,core_game,extract_semantics_and_metadata
PKHeX.Core/Game/GameStrings/GameDataSource.cs,9aaa8da30e963183315800c6107005795cc3fd2d,5763,core_game,extract_semantics_and_metadata
PKHeX.Core/Game/GameStrings/GameInfo.cs,97287eb9e0073f06ed0fcf86903cf39b2faf4314,3037,core_game,extract_semantics_and_metadata
PKHeX.Core/Game/GameStrings/GameLanguage.cs,77d94ec0b0e85cad262c05ebd2ae126d2b58e928,5124,core_game,extract_semantics_and_metadata
PKHeX.Core/Game/GameStrings/GameStrings.cs,ca59743d40f09b18d40d4d0b775b3d04cb4576aa,39366,core_game,extract_semantics_and_metadata
PKHeX.Core/Game/GameStrings/GeoLocation.cs,81584eb0b6e5396b48f6b0731f64b3aeaf4d1684,5817,core_game,extract_semantics_and_metadata
PKHeX.Core/Game/GameStrings/LocationSet/ILocationSet.cs,021eed5f2df423b1d12192e96b9c443d74c5d5e9,752,core_game,extract_semantics_and_metadata
PKHeX.Core/Game/GameStrings/LocationSet/LocationSet0.cs,4668d1ae905c2e728b38291c93a69cdd54b9cbd9,763,core_game,extract_semantics_and_metadata
PKHeX.Core/Game/GameStrings/LocationSet/LocationSet4.cs,94a616ff01c9e509a82445e35dbe25360b6e9031,1271,core_game,extract_semantics_and_metadata
PKHeX.Core/Game/GameStrings/LocationSet/LocationSet6.cs,ee670f4bfdb0f7b8ce0e06efd1aef39d802ec06a,1463,core_game,extract_semantics_and_metadata
PKHeX.Core/Game/GameStrings/MemoryStrings.cs,89a924419a7c801903dc2eee7a171d974d5b623a,2675,core_game,extract_semantics_and_metadata
PKHeX.Core/Game/GameStrings/MetDataSource.cs,337d5b82c4b9ea18dd1dc5dfa3af8698ee41a327,16266,core_game,extract_semantics_and_metadata
PKHeX.Core/Game/GameStrings/ProgramLanguage.cs,e30e7dfa244446117afc6eb3ce9c0ecb1ab5c200,908,core_game,extract_semantics_and_metadata
PKHeX.Core/Game/GameUtil.cs,aabee079ff9b209e58f7425e33a89ec5a65f23dd,11074,core_game,extract_semantics_and_metadata
PKHeX.Core/Game/IBasicStrings.cs,bf601d50fb1ffcdaf947613f5cd46469f0290c20,567,core_game,extract_semantics_and_metadata
PKHeX.Core/Game/Locations/Locations.cs,b7a83b4d06421727222a27e255b9b0cc93272ed3,7931,core_game,extract_semantics_and_metadata
PKHeX.Core/Game/Locations/Locations4.cs,3ea540d7489730eb52a8ae179dff2f77a9812b53,3056,core_game,extract_semantics_and_metadata
PKHeX.Core/Game/Locations/Locations5.cs,5c8088b866f6d4750d3244dc6a734fb9018ff21a,2692,core_game,extract_semantics_and_metadata
PKHeX.Core/Game/Locations/Locations6.cs,4577034c8eab78616dfb36009e47fc8b724cdb03,2787,core_game,extract_semantics_and_metadata
PKHeX.Core/Game/Locations/Locations7.cs,5ab7d3607300cd85cc0322c1bdf799e8f4cc6323,2455,core_game,extract_semantics_and_metadata
PKHeX.Core/Game/Locations/Locations7b.cs,91d391a363fe68843d8fcd4480e1e60b1300a99f,1923,core_game,extract_semantics_and_metadata
PKHeX.Core/Game/Locations/Locations8.cs,915bd23e4b5e18a2ea4fdde052db85326d28a7eb,2421,core_game,extract_semantics_and_metadata
PKHeX.Core/Game/Locations/Locations8a.cs,a8b2a7b0fdd83c328d7cf75889195d63a34877cb,2564,core_game,extract_semantics_and_metadata
PKHeX.Core/Game/Locations/Locations8b.cs,c01b4867accce26730768e3afb826fabcccfcec3,7300,core_game,extract_semantics_and_metadata
PKHeX.Core/Game/Locations/Locations9.cs,a2803127cf7f2b10a2cc7c1b2cb5289c2d816e3b,3211,core_game,extract_semantics_and_metadata
PKHeX.Core/Game/Locations/Locations9a.cs,ae1f386ecb53b074080acb6156014ae166e9bb19,3342,core_game,extract_semantics_and_metadata
PKHeX.Core/Game/Locations/LocationsHOME.cs,4e6e3ee79e5cbc5e23b085d4a1aca94598ae28cd,5860,core_game,extract_semantics_and_metadata
PKHeX.Core/Items/Bags/PlayerBag.cs,7620fc54fc74d76a9b4b3cca0b91eaad693fe357,3243,core_items,extract_semantics_and_metadata
PKHeX.Core/Items/Bags/PlayerBag1.cs,0ae6b38af8d358082173528b5908c8018e896f2e,1215,core_items,extract_semantics_and_metadata
PKHeX.Core/Items/Bags/PlayerBag2.cs,40fdafad1b6ca1a5bb26e568b23c44470e4da438,1411,core_items,extract_semantics_and_metadata
PKHeX.Core/Items/Bags/PlayerBag3Colosseum.cs,fb59b37de06ee8c901d327966841b58069c23b41,1143,core_items,extract_semantics_and_metadata
PKHeX.Core/Items/Bags/PlayerBag3E.cs,33d0142680b106851cc6686d1ca9cf6d4df813c9,2117,core_items,extract_semantics_and_metadata
PKHeX.Core/Items/Bags/PlayerBag3FRLG.cs,9e95bdb0142abc691b4e8c526fa251847d78629d,1723,core_items,extract_semantics_and_metadata
PKHeX.Core/Items/Bags/PlayerBag3RS.cs,caea7c81f3e80b34fd5950698012bba0f2abc95e,1251,core_items,extract_semantics_and_metadata
PKHeX.Core/Items/Bags/PlayerBag3XD.cs,d0c61af1b84c5dbd430a24fa7a03f92868cfce0e,1130,core_items,extract_semantics_and_metadata
PKHeX.Core/Items/Bags/PlayerBag4DP.cs,3d82958d86d912fb065df445618cb2b7d4885b82,1359,core_items,extract_semantics_and_metadata
PKHeX.Core/Items/Bags/PlayerBag4HGSS.cs,e8b6ae8185a6257e2cfd33ce149b6225117725df,1379,core_items,extract_semantics_and_metadata
PKHeX.Core/Items/Bags/PlayerBag4Pt.cs,e47caa99680eeb15b5f99cdb55079745f1408e8c,1359,core_items,extract_semantics_and_metadata
PKHeX.Core/Items/Bags/PlayerBag5B2W2.cs,d28b30514ecdf531f9a56b22d7bca1caf834d2fd,1125,core_items,extract_semantics_and_metadata
PKHeX.Core/Items/Bags/PlayerBag5BW.cs,3a1ef666011974e0da030574ec40337c9996330c,1099,core_items,extract_semantics_and_metadata
PKHeX.Core/Items/Bags/PlayerBag6AO.cs,5c2fede0dc890d13cc7e5c7e25739fd9cf937c12,1496,core_items,extract_semantics_and_metadata
PKHeX.Core/Items/Bags/PlayerBag6XY.cs,caf8dc1410585b90660b0244fa1b7cb6b134b9fd,1099,core_items,extract_semantics_and_metadata
PKHeX.Core/Items/Bags/PlayerBag7SM.cs,7a1ab03efac1e7201810890cfa9660ff64fe87e9,1607,core_items,extract_semantics_and_metadata
PKHeX.Core/Items/Bags/PlayerBag7USUM.cs,badfc29d7fb8b02f84d14d12a8d6e1e73e42a747,1687,core_items,extract_semantics_and_metadata
PKHeX.Core/Items/Bags/PlayerBag7b.cs,1b9195952b80e0a8db6e741a03c70c7aaff6ab47,1621,core_items,extract_semantics_and_metadata
PKHeX.Core/Items/Bags/PlayerBag8.cs,9805760c5b3956f214746bcadf01aecb16dd5d8c,1564,core_items,extract_semantics_and_metadata
PKHeX.Core/Items/Bags/PlayerBag8a.cs,cbeeab783ab5102f59506dd90dc6fa77d97b7c74,3625,core_items,extract_semantics_and_metadata
PKHeX.Core/Items/Bags/PlayerBag8b.cs,1a073d0a689fc36d252ffc6c4937c7773b782ab0,1329,core_items,extract_semantics_and_metadata
PKHeX.Core/Items/Bags/PlayerBag9.cs,54d001850c71c124cdddcb62f1e4d00d8bdc9b0c,2208,core_items,extract_semantics_and_metadata
PKHeX.Core/Items/Bags/PlayerBag9a.cs,5c86c52b3c77b233c67ebb7be4f5d2814a4b828b,2502,core_items,extract_semantics_and_metadata
PKHeX.Core/Items/HeldItemLumpImage.cs,069f3b18876dbe0a4240834d931f30fe6da9ff8e,1742,core_items,extract_semantics_and_metadata
PKHeX.Core/Items/IItemStorage.cs,7f9ed42fcede16ac4fdd9f2643d8af3a3a476936,1056,core_items,extract_semantics_and_metadata
PKHeX.Core/Items/ItemStorage1.cs,d6e991f2e2e52f19c05b370ed4064310091ddbcf,1147,core_items,extract_semantics_and_metadata
PKHeX.Core/Items/ItemStorage2.cs,7f078f69858da6b84e89c11e0e742a4ff2167608,3248,core_items,extract_semantics_and_metadata
PKHeX.Core/Items/ItemStorage3Colo.cs,f64a42ad7b0ca81839832d0bf2e92fdde9ae0d19,1959,core_items,extract_semantics_and_metadata
PKHeX.Core/Items/ItemStorage3E.cs,d43aa97529e89729cb6575429975ea3c97a003f0,1187,core_items,extract_semantics_and_metadata
PKHeX.Core/Items/ItemStorage3FRLG.cs,114d05929a9e2e3ecf0d9ea772f3b6d5d48c159b,3074,core_items,extract_semantics_and_metadata
PKHeX.Core/Items/ItemStorage3RS.cs,06fe2304cc7e07ec14a9053bcff5e3887c0eab65,3228,core_items,extract_semantics_and_metadata
PKHeX.Core/Items/ItemStorage3XD.cs,9956452fb6d7e7fe17e226c708207fd26767af00,2641,core_items,extract_semantics_and_metadata
PKHeX.Core/Items/ItemStorage4.cs,c7e01ff071a950ec02ebb1a5d291e49d56ee3507,4774,core_items,extract_semantics_and_metadata
PKHeX.Core/Items/ItemStorage4DP.cs,a0442ba1ee8a4a4935bca8b13e8126548a5945b1,1024,core_items,extract_semantics_and_metadata
PKHeX.Core/Items/ItemStorage4HGSS.cs,243f4e378de26b8716ef824402be71c270c74075,1531,core_items,extract_semantics_and_metadata
PKHeX.Core/Items/ItemStorage4Pt.cs,b01af17fb41e01d108c893c0e141e5ef8b1b9a12,1337,core_items,extract_semantics_and_metadata
PKHeX.Core/Items/ItemStorage5.cs,1d7700b17ade1cecd758be3db4c151fbc866347b,3989,core_items,extract_semantics_and_metadata
PKHeX.Core/Items/ItemStorage5B2W2.cs,427db77421087a150d8e872c54983b29c23cac00,991,core_items,extract_semantics_and_metadata
PKHeX.Core/Items/ItemStorage5BW.cs,4f5b40394422a093b2ff48ebc641375a3332b487,945,core_items,extract_semantics_and_metadata
PKHeX.Core/Items/ItemStorage6AO.cs,05c554c20705355cf7e6591020de3099218caed3,4525,core_items,extract_semantics_and_metadata
PKHeX.Core/Items/ItemStorage6XY.cs,b281b346c56df94ae6102b39fd74f5e3f0e1de84,5575,core_items,extract_semantics_and_metadata
PKHeX.Core/Items/ItemStorage7GG.cs,138eb5495fe56146be6d478175bcc7601484e671,3985,core_items,extract_semantics_and_metadata
PKHeX.Core/Items/ItemStorage7SM.cs,a29f7ed31ce6bf3026766739a849af7b1051cfe2,7866,core_items,extract_semantics_and_metadata
PKHeX.Core/Items/ItemStorage7USUM.cs,7f2df82650571b1617a1461bb01beaa8c3dc094e,2884,core_items,extract_semantics_and_metadata
PKHeX.Core/Items/ItemStorage8BDSP.cs,5d9efaa8cb656c855d6c601b347e53b872726bf2,6576,core_items,extract_semantics_and_metadata
PKHeX.Core/Items/ItemStorage8LA.cs,20806b6635cd6cd4b164bc04da5a954c8af55c0e,3114,core_items,extract_semantics_and_metadata
PKHeX.Core/Items/ItemStorage8SWSH.cs,194d2987ffcf34fb4063498775ffc839fab1e603,9898,core_items,extract_semantics_and_metadata
PKHeX.Core/Items/ItemStorage9SV.cs,a4cc6e464f5f301f5554de5871e8ccff2642f72b,11974,core_items,extract_semantics_and_metadata
PKHeX.Core/Items/ItemStorage9ZA.cs,af112dc706a331ffe26c3766b20c4146c298c214,11555,core_items,extract_semantics_and_metadata
PKHeX.Core/Legality/Assets/BinLinkerAccessor.cs,9d0aef00d200238b9ef63b81ac9940b7b5fddf73,2691,core_legality,extract_semantics_and_metadata
PKHeX.Core/Legality/Assets/BinLinkerAccessor16.cs,40cff4875949fd42caedbb6adf1dfe19f02ec03d,2837,core_legality,extract_semantics_and_metadata
PKHeX.Core/Legality/Assets/BinLinkerWriter.cs,38887b9c73ffae981108da3fcbeb20c859f34ae3,5017,core_legality,extract_semantics_and_metadata
PKHeX.Core/Legality/Breeding.cs,a4889d7704b3a7b4aac64318c6bf085378e3420e,8807,core_legality,extract_semantics_and_metadata
PKHeX.Core/Legality/Bulk/BulkAnalysis.cs,28503e76d27f6cd757b43c34639e6fbc6750665a,7397,core_legality,extract_semantics_and_metadata
PKHeX.Core/Legality/Bulk/BulkCheckResult.cs,cb57ee0f48abe52db05a85f701845ab621f0152e,1005,core_legality,extract_semantics_and_metadata
PKHeX.Core/Legality/Bulk/CombinedReference.cs,114eae85171b4f3fb927f964568b4768783036ef,241,core_legality,extract_semantics_and_metadata
PKHeX.Core/Legality/Bulk/DuplicateEncryptionChecker.cs,d542348042b6b23434fd084a94e7e7ef49e6c5a4,2776,core_legality,extract_semantics_and_metadata
PKHeX.Core/Legality/Bulk/DuplicateGiftChecker.cs,083dc5598cc90998391fada7897277647aec9e25,2509,core_legality,extract_semantics_and_metadata
PKHeX.Core/Legality/Bulk/DuplicatePIDChecker.cs,d03925cbff8b67180fa30917ac80ce00851a9d11,2738,core_legality,extract_semantics_and_metadata
PKHeX.Core/Legality/Bulk/DuplicateTrainerChecker.cs,d5f5494b0da68625b7927907bedc13957372eb95,4587,core_legality,extract_semantics_and_metadata
PKHeX.Core/Legality/Bulk/ExternalBulkCheck.cs,51d2d3c506484b8e4ad316bb2058cb683a40940a,2156,core_legality,extract_semantics_and_metadata
PKHeX.Core/Legality/Bulk/HandlerChecker.cs,14bbfdfacfd7094ff8c903f05fdae5205f62cdc2,2940,core_legality,extract_semantics_and_metadata
PKHeX.Core/Legality/Bulk/IBulkAnalyzer.cs,f73b36e14254ebc123b1f5f34cb96037d85abcca,621,core_legality,extract_semantics_and_metadata
PKHeX.Core/Legality/Bulk/IExternalBulkChecker.cs,778b29fd04145f4001e3bd3095a5db097c30b4a2,1976,core_legality,extract_semantics_and_metadata
PKHeX.Core/Legality/Bulk/SaveFile/DuplicateFusionChecker.cs,84bdd24385e4feaf30b7f6106c714c6c3f7b96f5,4129,core_legality,extract_semantics_and_metadata
PKHeX.Core/Legality/Bulk/SaveFile/DuplicateUniqueItemChecker.cs,f62a8d8744a370c41d6d60af0f7ebe75ee72b17e,4221,core_legality,extract_semantics_and_metadata
PKHeX.Core/Legality/Bulk/StandardCloneChecker.cs,aa533affa7fd195a8fd4001b4bef885b902df6d2,2212,core_legality,extract_semantics_and_metadata
PKHeX.Core/Legality/BulkGenerator.cs,8d56d74a1fe836df838b5fbe41eae0ea7aa9c9b7,2777,core_legality,extract_semantics_and_metadata
PKHeX.Core/Legality/Encounters/Data/EncounterEvent.cs,71966154824c0da3da99625ec1b2f8506d4aafb3,9385,core_legality,extract_semantics_and_metadata
PKHeX.Core/Legality/Encounters/Data/EncounterUtil.cs,ed8c5159b41d3097be9fb2b87217835d03435960,10255,core_legality,extract_semantics_and_metadata
PKHeX.Core/Legality/Encounters/Data/Gen1/Encounters1.cs,5fa7aa974130bdc097059fe08ee149fce30c7714,6057,core_legality,extract_semantics_and_metadata
PKHeX.Core/Legality/Encounters/Data/Gen1/Encounters1GBEra.cs,2b3c4a3db400dfc0094009c1364756c0d295230a,587,core_legality,extract_semantics_and_metadata
PKHeX.Core/Legality/Encounters/Data/Gen1/Encounters1VC.cs,2858f6451c349fc400eaa932f539368db684d4d1,152,core_legality,extract_semantics_and_metadata
PKHeX.Core/Legality/Encounters/Data/Gen2/Encounters2.cs,1737bf92381a9205a701c59b6344cc59f3982922,9141,core_legality,extract_semantics_and_metadata
PKHeX.Core/Legality/Encounters/Data/Gen2/Encounters2GBEra.cs,08e40cc1a0501ed6e9c7b5d41b778adedb4fbafe,587,core_legality,extract_semantics_and_metadata
PKHeX.Core/Legality/Encounters/Data/Gen3/Encounters3Colo.cs,f047b01071a59a9c9377131652a81fcc337ea2b5,14602,core_legality,extract_semantics_and_metadata
PKHeX.Core/Legality/Encounters/Data/Gen3/Encounters3ColoShadow.cs,3e4f909e9e05f5fdb6ad1703c28d5bd44d8d34ad,2744,core_legality,extract_semantics_and_metadata
PKHeX.Core/Legality/Encounters/Data/Gen3/Encounters3ColoTeams.cs,32761af05f40d54dc97f2cc79124309c20217b7b,820,core_legality,extract_semantics_and_metadata
PKHeX.Core/Legality/Encounters/Data/Gen3/Encounters3FRLG.cs,8540c782134f05f799dd764e9dc73e53fb9033b5,7988,core_legality,extract_semantics_and_metadata
PKHeX.Core/Legality/Encounters/Data/Gen3/Encounters3RSE.cs,682124df2560573a347309ba581cfc06a04f111a,8371,core_legality,extract_semantics_and_metadata
PKHeX.Core/Legality/Encounters/Data/Gen3/Encounters3XD.cs,9f6c746f1b6b2d4e1bc01af0775587357d545fcc,16152,core_legality,extract_semantics_and_metadata
PKHeX.Core/Legality/Encounters/Data/Gen3/Encounters3XDShadow.cs,b7ae1a6a383611ba00162b1dd70348d0db1a085d,37827,core_legality,extract_semantics_and_metadata
PKHeX.Core/Legality/Encounters/Data/Gen3/Encounters3XDTeams.cs,03b10e5d1c53ef90da76436f645b191032d5fcf5,5800,core_legality,extract_semantics_and_metadata
PKHeX.Core/Legality/Encounters/Data/Gen3/EncountersWC3.cs,3486461f957bf56557cdc166618415d03fd16bce,38280,core_legality,extract_semantics_and_metadata
PKHeX.Core/Legality/Encounters/Data/Gen4/Encounters4DPPt.cs,2f5ea84bf8c08dbdbbce59f1f1cb76917166a7c6,12379,core_legality,extract_semantics_and_metadata
PKHeX.Core/Legality/Encounters/Data/Gen4/Encounters4HGSS.cs,c70459685ae60a62c12da33ccf1f5b5d8d5593b6,11789,core_legality,extract_semantics_and_metadata
PKHeX.Core/Legality/Encounters/Data/Gen5/Encounters5B2W2.cs,9876a9cd700f2fcc337be05741029d1fc88c30f2,17480,core_legality,extract_semantics_and_metadata
PKHeX.Core/Legality/Encounters/Data/Gen5/Encounters5BW.cs,9ab0abd941e189261cab2ee302c3a7fd98da5a8b,11864,core_legality,extract_semantics_and_metadata
PKHeX.Core/Legality/Encounters/Data/Gen5/Encounters5DR.cs,5087e71556a9f151c37a549b5728f2287ee3a98c,9111,core_legality,extract_semantics_and_metadata
PKHeX.Core/Legality/Encounters/Data/Gen6/Encounters6AO.cs,b59214398c756be172107dc09cdff9bf9684ff9c,11045,core_legality,extract_semantics_and_metadata
PKHeX.Core/Legality/Encounters/Data/Gen6/Encounters6XY.cs,147d623de132e7210bf8449c40825cd70cb75da0,7386,core_legality,extract_semantics_and_metadata
PKHeX.Core/Legality/Encounters/Data/Gen7/Encounters7GG.cs,b9d582956f5c5df7c7288b29ec23a37324f43377,7635,core_legality,extract_semantics_and_metadata
PKHeX.Core/Legality/Encounters/Data/Gen7/Encounters7SM.cs,5a76093dc98a94cd2e10b5b525ead08adf26846a,12700,core_legality,extract_semantics_and_metadata
PKHeX.Core/Legality/Encounters/Data/Gen7/Encounters7USUM.cs,62e2ec55bf47770f6b5f94f107cec9c712656405,24560,core_legality,extract_semantics_and_metadata
PKHeX.Core/Legality/Encounters/Data/Gen8/Encounters8.cs,b01b60a9d35fb865f3191b923dcec65935cd74ea,100557,core_legality,extract_semantics_and_metadata
PKHeX.Core/Legality/Encounters/Data/Gen8/Encounters8Nest.cs,073e76bca4673ce35de2fcdc103d3fe16a757f5f,25402,core_legality,extract_semantics_and_metadata
PKHeX.Core/Legality/Encounters/Data/Gen8/Encounters8a.cs,f529d39504bac8f4b54dd47fb8f3dd96af7a1661,9072,core_legality,extract_semantics_and_metadata
PKHeX.Core/Legality/Encounters/Data/Gen8/Encounters8b.cs,2b9ed426ff66cfb696d79514bef1b62b5324d824,8425,core_legality,extract_semantics_and_metadata
PKHeX.Core/Legality/Encounters/Data/Gen9/Encounters9.cs,cffc03bf667b8a97ff27645241340e76139c933f,27259,core_legality,extract_semantics_and_metadata
PKHeX.Core/Legality/Encounters/Data/Gen9/Encounters9a.cs,406ed82bfd6c8aba2ba9e1c9859f2e1f41e12669,12201,core_legality,extract_semantics_and_metadata
PKHeX.Core/Legality/Encounters/Data/Live/DistributionWindow.cs,0b9c6a56b8834e77b5ea1eb6bd42fe0b32ae49f6,2169,core_legality,extract_semantics_and_metadata
PKHeX.Core/Legality/Encounters/Data/Live/EncounterServerDate.cs,939aa30dcabb76a5ff1f3d2d8f9c9bbb5a015513,15343,core_legality,extract_semantics_and_metadata
PKHeX.Core/Legality/Encounters/Data/Live/EncounterServerDateCheck.cs,a8367a3a0e8bc5b54d374272de4eaf27e47db6f2,413,core_legality,extract_semantics_and_metadata
PKHeX.Core/Legality/Encounters/Data/Live/EncountersGO.cs,2c57891790241f18d257169e12fdaed73dc474cb,1753,core_legality,extract_semantics_and_metadata
PKHeX.Core/Legality/Encounters/Data/Live/IEncounterServerDate.cs,7b2f6a94c4968dcbce942c4cd033ce683f96175f,358,core_legality,extract_semantics_and_metadata
PKHeX.Core/Legality/Encounters/Generator/ByGeneration/EncounterGenerator1.cs,2f0d188c09432283bce4bc4e4c01de4ce7aaab13,1478,core_legality,extract_semantics_and_metadata
PKHeX.Core/Legality/Encounters/Generator/ByGeneration/EncounterGenerator2.cs,d079209b5ce3f9ef104c2aca7a4ca542360bd05b,3042,core_legality,extract_semantics_and_metadata
PKHeX.Core/Legality/Encounters/Generator/ByGeneration/EncounterGenerator3.cs,11f95cae89e174c0a22c46581ec3704d7618936d,6518,core_legality,extract_semantics_and_metadata
PKHeX.Core/Legality/Encounters/Generator/ByGeneration/EncounterGenerator3GC.cs,f4fdb103fa8a0f43abee88657d6ba01d7d65f30d,3525,core_legality,extract_semantics_and_metadata
PKHeX.Core/Legality/Encounters/Generator/ByGeneration/EncounterGenerator4.cs,ac0bed015c02e718d0ef6214b84ca3d9c6e98adc,7013,core_legality,extract_semantics_and_metadata
PKHeX.Core/Legality/Encounters/Generator/ByGeneration/EncounterGenerator5.cs,b70f8e999d5ff85b715ee77c07f583430d1b70da,3274,core_legality,extract_semantics_and_metadata
PKHeX.Core/Legality/Encounters/Generator/ByGeneration/EncounterGenerator6.cs,934209930c4fee1d4eabb2f0d70a20987f455aba,3901,core_legality,extract_semantics_and_metadata
PKHeX.Core/Legality/Encounters/Generator/ByGeneration/EncounterGenerator7.cs,cda4d7c6606430a72f269062f3c7900320bfa3b4,5423,core_legality,extract_semantics_and_metadata
PKHeX.Core/Legality/Encounters/Generator/ByGeneration/EncounterGenerator7GG.cs,42b4912c2a756692ff2d5b85784a5e99f9241177,900,core_legality,extract_semantics_and_metadata
PKHeX.Core/Legality/Encounters/Generator/ByGeneration/EncounterGenerator7GO.cs,77e539fc0f77cb19b6cd84c128ebb179e596700f,753,core_legality,extract_semantics_and_metadata
PKHeX.Core/Legality/Encounters/Generator/ByGeneration/EncounterGenerator8.cs,95ee1bc54c924d5dcbcae1e3fd2cd5391e967526,3301,core_legality,extract_semantics_and_metadata
PKHeX.Core/Legality/Encounters/Generator/ByGeneration/EncounterGenerator8GO.cs,340f13f2621c98dc85d71f7abb428ff64afacbb3,753,core_legality,extract_semantics_and_metadata
PKHeX.Core/Legality/Encounters/Generator/ByGeneration/EncounterGenerator8a.cs,4db0c8ed2a5d20b1e502e7ba8735a0fd791f1211,749,core_legality,extract_semantics_and_metadata
PKHeX.Core/Legality/Encounters/Generator/ByGeneration/EncounterGenerator8b.cs,3a0becf07dfef78a4acddb9812716da521b03542,3484,core_legality,extract_semantics_and_metadata
PKHeX.Core/Legality/Encounters/Generator/ByGeneration/EncounterGenerator9.cs,b89277f11f4f1d65d03e6e075c13090e02976082,3953,core_legality,extract_semantics_and_metadata
PKHeX.Core/Legality/Encounters/Generator/ByGeneration/EncounterGenerator9a.cs,0491e02ff60d955010c9a2c472e1924f04faae0e,749,core_legality,extract_semantics_and_metadata
PKHeX.Core/Legality/Encounters/Generator/ByGeneration/EncounterStateUtil.cs,0dac8dad21064ad9feee438cb0f81aa8c86684e5,1385,core_legality,extract_semantics_and_metadata
PKHeX.Core/Legality/Encounters/Generator/ByGeneration/Lump/EncounterGenerator12.cs,7da7e3d7cc6db90da9e772c762979fd2893014c5,4957,core_legality,extract_semantics_and_metadata
PKHeX.Core/Legality/Encounters/Generator/ByGeneration/Lump/EncounterGenerator7X.cs,c923d076460f2272b3c7bcac3578f81dc838984f,1355,core_legality,extract_semantics_and_metadata
PKHeX.Core/Legality/Encounters/Generator/ByGeneration/Lump/EncounterGenerator8X.cs,f3839ca17b5790fad79642c0faa85234b0bf9cd4,2269,core_legality,extract_semantics_and_metadata
PKHeX.Core/Legality/Encounters/Generator/ByGeneration/Lump/EncounterGenerator9X.cs,f6ac3d798ab08f46766ee85a1d0ebd61116ae6ae,1435,core_legality,extract_semantics_and_metadata
PKHeX.Core/Legality/Encounters/Generator/ByGeneration/Lump/EncounterGeneratorDummy.cs,09e4d8da8bc6985f280240121cbe6281401593ff,563,core_legality,extract_semantics_and_metadata
PKHeX.Core/Legality/Encounters/Generator/ByGeneration/Lump/EncounterGeneratorGO.cs,c7791e2a507b0f7212210b94c74a578cdbf4d36c,1147,core_legality,extract_semantics_and_metadata
PKHeX.Core/Legality/Encounters/Generator/ByGeneration/Lump/IEncounterGenerator.cs,456228bd128301cd7cd26599ec754d622d2baf11,495,core_legality,extract_semantics_and_metadata
PKHeX.Core/Legality/Encounters/Generator/EncounterCriteria.cs,ebc2b2769d92e1c6e5aafabd6b655df51f2c7513,25355,core_legality,extract_semantics_and_metadata
PKHeX.Core/Legality/Encounters/Generator/EncounterFinder.cs,23d46642e99d655b1540ef3ff96027a4290f486a,9343,core_legality,extract_semantics_and_metadata
PKHeX.Core/Legality/Encounters/Generator/EncounterGenerator.cs,7de46ca700a92ee76d4dedb7a0497b665643a033,3223,core_legality,extract_semantics_and_metadata
PKHeX.Core/Legality/Encounters/Generator/EncounterMutation.cs,a19651bdc539254ae2df53264ecb25b13b4a52b0,3274,core_legality,extract_semantics_and_metadata
PKHeX.Core/Legality/Encounters/Generator/Moveset/EncounterMovesetGenerator.cs,4022821c5bd89723b553cf17f1f0220671bed0c1,21080,core_legality,extract_semantics_and_metadata
PKHeX.Core/Legality/Encounters/Generator/Moveset/EncounterTypeGroup.cs,fdda3f0500c3b7ea3af29f9b16fc0c51e753425a,715,core_legality,extract_semantics_and_metadata
PKHeX.Core/Legality/Encounters/Generator/PeekEnumerator.cs,621aee743c127e5ef62a62367cb44fe3e449c587,2601,core_legality,extract_semantics_and_metadata
PKHeX.Core/Legality/Encounters/Generator/Possible/EncounterPossible1.cs,b27fc80edcbbb1580ea419b5f7d099bd0d7b618a,8646,core_legality,extract_semantics_and_metadata
PKHeX.Core/Legality/Encounters/Generator/Possible/EncounterPossible2.cs,17159b8b42da13a7e055a6333bd80f826f4d5e4c,8741,core_legality,extract_semantics_and_metadata
PKHeX.Core/Legality/Encounters/Generator/Possible/EncounterPossible3.cs,08f32cdb7232203eee4c5dd2f4ed0904117a25b9,11745,core_legality,extract_semantics_and_metadata
PKHeX.Core/Legality/Encounters/Generator/Possible/EncounterPossible3GC.cs,b61d01c9fe9a84a11acb05f40a59f3823b3bfd84,4965,core_legality,extract_semantics_and_metadata
PKHeX.Core/Legality/Encounters/Generator/Possible/EncounterPossible4.cs,f4aba06ed8a1c1ccb87fd42425b87ab1550e297a,10500,core_legality,extract_semantics_and_metadata
PKHeX.Core/Legality/Encounters/Generator/Possible/EncounterPossible5.cs,c9a6dd385658bf808766ee356fb2e112fbb5b902,11551,core_legality,extract_semantics_and_metadata
PKHeX.Core/Legality/Encounters/Generator/Possible/EncounterPossible6.cs,12a6bf788672a7ec4496a76543789ec5179ada34,9487,core_legality,extract_semantics_and_metadata
PKHeX.Core/Legality/Encounters/Generator/Possible/EncounterPossible7.cs,67f3aac83c1eb1d895d333696f3d6430ed102ffb,9653,core_legality,extract_semantics_and_metadata
PKHeX.Core/Legality/Encounters/Generator/Possible/EncounterPossible7GG.cs,0798b4bc7b9caa0b9ffede6cf70fb2472dbbf213,6770,core_legality,extract_semantics_and_metadata
PKHeX.Core/Legality/Encounters/Generator/Possible/EncounterPossible7GO.cs,036214ce0f02fa40b2de1b0bf6e1ad110219019f,2583,core_legality,extract_semantics_and_metadata
PKHeX.Core/Legality/Encounters/Generator/Possible/EncounterPossible8.cs,701ec9369cace7dbdf827d8c05c96e032ee17825,9217,core_legality,extract_semantics_and_metadata
PKHeX.Core/Legality/Encounters/Generator/Possible/EncounterPossible8GO.cs,96af701fb8f71c51f753192da764c4b4be0cce42,2556,core_legality,extract_semantics_and_metadata
PKHeX.Core/Legality/Encounters/Generator/Possible/EncounterPossible8a.cs,1573787750f73dc2f50acee8338993ba60bf3c01,3906,core_legality,extract_semantics_and_metadata
PKHeX.Core/Legality/Encounters/Generator/Possible/EncounterPossible8b.cs,131d9d8fa3b2fe3fa03128c4aa45043e8f9f28b8,6336,core_legality,extract_semantics_and_metadata
PKHeX.Core/Legality/Encounters/Generator/Possible/EncounterPossible9.cs,6d90e4d5937ae020f4c2637b2e0db8b3677b56e9,7521,core_legality,extract_semantics_and_metadata
PKHeX.Core/Legality/Encounters/Generator/Possible/EncounterPossible9a.cs,28728d0f1642041d0638a865da53aa21181254ad,5194,core_legality,extract_semantics_and_metadata
PKHeX.Core/Legality/Encounters/Generator/Search/Dirtied/EncounterEnumerator8bSWSH.cs,6e1ba05e73891df4e03eb4884ddf4893c291853c,8893,core_legality,extract_semantics_and_metadata
PKHeX.Core/Legality/Encounters/Generator/Search/Dirtied/EncounterEnumerator9SWSH.cs,e20f7022e310b86c92ab7884be19693090eef542,9596,core_legality,extract_semantics_and_metadata
PKHeX.Core/Legality/Encounters/Generator/Search/EncounterEnumerator1.cs,f34936ce66196a4c41b42c52ee275ec5945f41b8,8273,core_legality,extract_semantics_and_metadata
PKHeX.Core/Legality/Encounters/Generator/Search/EncounterEnumerator2.cs,dbe8fda64eb513f33892c97c7b0946a5634a79b7,10633,core_legality,extract_semantics_and_metadata
PKHeX.Core/Legality/Encounters/Generator/Search/EncounterEnumerator3.cs,e8e4e2adb783379e96d5a847b9483d7774d3079a,13231,core_legality,extract_semantics_and_metadata
PKHeX.Core/Legality/Encounters/Generator/Search/EncounterEnumerator3GC.cs,2d1a0ba9c21fbcbc14afe02967997f7c2734c449,6077,core_legality,extract_semantics_and_metadata
PKHeX.Core/Legality/Encounters/Generator/Search/EncounterEnumerator4.cs,45a2d4ee2931e992d9e59b0abe2847007445cb0d,12442,core_legality,extract_semantics_and_metadata
PKHeX.Core/Legality/Encounters/Generator/Search/EncounterEnumerator5.cs,dcf07da352aeb74e4883d6a44f2ef268266905f6,13142,core_legality,extract_semantics_and_metadata
PKHeX.Core/Legality/Encounters/Generator/Search/EncounterEnumerator6.cs,a8a8129d5921a797f812835f8505fc05761d3c19,11053,core_legality,extract_semantics_and_metadata
PKHeX.Core/Legality/Encounters/Generator/Search/EncounterEnumerator7.cs,2006836f697612eb8021d2a93a9b116af740d5a8,11007,core_legality,extract_semantics_and_metadata
PKHeX.Core/Legality/Encounters/Generator/Search/EncounterEnumerator7GG.cs,cfcf219e84fae97b349d1a61eb6f8c4257f410a4,7880,core_legality,extract_semantics_and_metadata
PKHeX.Core/Legality/Encounters/Generator/Search/EncounterEnumerator7GO.cs,ad83820e710a2823b878fedf4eae995286d6aecd,3803,core_legality,extract_semantics_and_metadata
PKHeX.Core/Legality/Encounters/Generator/Search/EncounterEnumerator8.cs,068610a4fc7bf98badf514a5edecc36ced5deae9,11158,core_legality,extract_semantics_and_metadata
PKHeX.Core/Legality/Encounters/Generator/Search/EncounterEnumerator8GO.cs,2c43e14274b419d5bf6180768f71142ce88da620,5875,core_legality,extract_semantics_and_metadata
PKHeX.Core/Legality/Encounters/Generator/Search/EncounterEnumerator8a.cs,b3bb230e5c93d9e5f558d05968134dfa315c88bb,5580,core_legality,extract_semantics_and_metadata
PKHeX.Core/Legality/Encounters/Generator/Search/EncounterEnumerator8b.cs,e51b1e2cc418eea53144519150b1d2431092e1f0,8834,core_legality,extract_semantics_and_metadata
PKHeX.Core/Legality/Encounters/Generator/Search/EncounterEnumerator9.cs,d259379d27bd996a9ee7f9f1579b61f4e13c76df,9475,core_legality,extract_semantics_and_metadata
PKHeX.Core/Legality/Encounters/Generator/Search/EncounterEnumerator9a.cs,31a6bf4e9796bbfebad0822aba81662c43232551,7137,core_legality,extract_semantics_and_metadata
PKHeX.Core/Legality/Encounters/Generator/Search/MatchedEncounter.cs,a22c577ec61a75cc5ee2f52e043eaa99d2b06011,182,core_legality,extract_semantics_and_metadata
PKHeX.Core/Legality/Encounters/Information/EncounterDate.cs,b9af56e00ab0ea519d180078c84d6e91bdc4d255,2344,core_legality,extract_semantics_and_metadata
PKHeX.Core/Legality/Encounters/Information/EncounterLearn.cs,11c43df2ecfd7946c670578a0e62b3f360289167,5602,core_legality,extract_semantics_and_metadata
PKHeX.Core/Legality/Encounters/Information/EncounterSuggestion.cs,f5a1e6c1657e28e1b7ea78cc255ba11bb8b110a9,10374,core_legality,extract_semantics_and_metadata
PKHeX.Core/Legality/Encounters/Information/EncounterSuggestionData.cs,a387eff583e9a91c2ec54ab31d85491662d29394,1450,core_legality,extract_semantics_and_metadata
PKHeX.Core/Legality/Encounters/Information/EncounterSummary.cs,0ebe01879715150b1886ccc4244789d66c92b965,1761,core_legality,extract_semantics_and_metadata
PKHeX.Core/Legality/Encounters/Information/EncounterText.cs,9e02b737e046b20193e4096f08d6fd1c685be3c6,3460,core_legality,extract_semantics_and_metadata
PKHeX.Core/Legality/Encounters/Templates/Enums/AbilityPermission.cs,8e0896fab501a99ccd0cca3e88784cc5d03fe144,1887,core_legality,extract_semantics_and_metadata
PKHeX.Core/Legality/Encounters/Templates/Enums/EncounterMatchRating.cs,2f94c87fddd7c9de41974ac290b33e335cfc25d2,765,core_legality,extract_semantics_and_metadata
PKHeX.Core/Legality/Encounters/Templates/Enums/HiddenAbilityPermission.cs,eeb07e2edebe3b21b22b5b532ec34d33c99aa99b,1055,core_legality,extract_semantics_and_metadata
PKHeX.Core/Legality/Encounters/Templates/Enums/Shiny.cs,c58526ee3e2202b86d2392614824d6b4ac90bf00,2238,core_legality,extract_semantics_and_metadata
PKHeX.Core/Legality/Encounters/Templates/GO/EncounterArea7g.cs,8774ae2a6b501fb9ea4ddef5bae3e1845bd27310,2190,core_legality,extract_semantics_and_metadata
PKHeX.Core/Legality/Encounters/Templates/GO/EncounterArea8g.cs,cb4018d1c8dd94ef36adf7d73c4165198f6b9233,2222,core_legality,extract_semantics_and_metadata
PKHeX.Core/Legality/Encounters/Templates/GO/EncounterSlot7GO.cs,6c8331509ffed8ecc8cb881051f4265118a7178d,5988,core_legality,extract_semantics_and_metadata
PKHeX.Core/Legality/Encounters/Templates/GO/EncounterSlot8GO.cs,b3d644ac4e044a709f5299fbb26545373bd6b13a,13493,core_legality,extract_semantics_and_metadata
PKHeX.Core/Legality/Encounters/Templates/GO/IPogoDateRange.cs,c59e4c381eb65c8211dc87ef1eebb7b394d3f5cc,2090,core_legality,extract_semantics_and_metadata
PKHeX.Core/Legality/Encounters/Templates/GO/IPogoSlot.cs,539e7a8d6faf83d3fc5e920767bf30c0d42bedf9,1698,core_legality,extract_semantics_and_metadata
PKHeX.Core/Legality/Encounters/Templates/GO/PogoType.cs,4eb26f7ca785a36405bf5462af83463a51088648,12364,core_legality,extract_semantics_and_metadata
PKHeX.Core/Legality/Encounters/Templates/Gen1/EncounterArea1.cs,ad0db6b7a6cdd232ec67698798dc7d6956431e4f,1676,core_legality,extract_semantics_and_metadata
PKHeX.Core/Legality/Encounters/Templates/Gen1/EncounterGift1.cs,7940727f8ba6d360651fa7af4f0907095e8b973e,10640,core_legality,extract_semantics_and_metadata
PKHeX.Core/Legality/Encounters/Templates/Gen1/EncounterSlot1.cs,8d214601b6762bbe3fee2a40a66b6fd14f77ef1b,2988,core_legality,extract_semantics_and_metadata
PKHeX.Core/Legality/Encounters/Templates/Gen1/EncounterStatic1.cs,5fd72e6fe3c5b4ed0e160a546f2dd8113b3ba9c0,4039,core_legality,extract_semantics_and_metadata
PKHeX.Core/Legality/Encounters/Templates/Gen1/EncounterTrade1.cs,ac6f9acab8d5495c8886c796b588f56f1d1c427a,7634,core_legality,extract_semantics_and_metadata
PKHeX.Core/Legality/Encounters/Templates/Gen2/EncounterArea2.cs,922c7588ab69c5b270859b07e26542357abd5294,2841,core_legality,extract_semantics_and_metadata
PKHeX.Core/Legality/Encounters/Templates/Gen2/EncounterEgg2.cs,1561678d9dbfbe7276d6bcfee8d8412a69c93390,2579,core_legality,extract_semantics_and_metadata
PKHeX.Core/Legality/Encounters/Templates/Gen2/EncounterGift2.cs,a1eb1fd92de89964963f9d430ad07991e2a75844,10842,core_legality,extract_semantics_and_metadata
PKHeX.Core/Legality/Encounters/Templates/Gen2/EncounterSlot2.cs,b9971d819fa136b44c0ac20d91772683d37c8fa3,5397,core_legality,extract_semantics_and_metadata
PKHeX.Core/Legality/Encounters/Templates/Gen2/EncounterStatic2.cs,0364a7e90b8b3f1b8d3142b396486781736ce207,10448,core_legality,extract_semantics_and_metadata
PKHeX.Core/Legality/Encounters/Templates/Gen2/EncounterTime.cs,82d311a96a13327dc1cc81ba47be000fa3a31662,834,core_legality,extract_semantics_and_metadata
PKHeX.Core/Legality/Encounters/Templates/Gen2/EncounterTrade2.cs,57bb42b3f39d77fffc769e2b73051c06ae2651e0,10114,core_legality,extract_semantics_and_metadata
PKHeX.Core/Legality/Encounters/Templates/Gen3/Colo/EncounterGift3Colo.cs,a26301f6fc25df374539d51b63703c6de0d7551c,5868,core_legality,extract_semantics_and_metadata
PKHeX.Core/Legality/Encounters/Templates/Gen3/Colo/EncounterShadow3Colo.cs,5969ef61d2c7dd35ba1fb89344dd937197436649,6743,core_legality,extract_semantics_and_metadata
PKHeX.Core/Legality/Encounters/Templates/Gen3/Colo/EncounterStarter3Colo.cs,bbd72b3f52954e91bd91607b6dc3cb35aaba9d3c,5034,core_legality,extract_semantics_and_metadata
PKHeX.Core/Legality/Encounters/Templates/Gen3/Colo/IShadow3.cs,f0dcf290abb6acadbf3a5739d8276a4687e8adba,316,core_legality,extract_semantics_and_metadata
PKHeX.Core/Legality/Encounters/Templates/Gen3/EncounterArea3.cs,b5b7a84f9955e2d356f3b440dcd8ceaddd8ce547,4831,core_legality,extract_semantics_and_metadata
PKHeX.Core/Legality/Encounters/Templates/Gen3/EncounterEgg3.cs,4edc396e5d21ba6413a6d999aad7c107d80e7ad9,5204,core_legality,extract_semantics_and_metadata
PKHeX.Core/Legality/Encounters/Templates/Gen3/EncounterSlot3.cs,5a8979903fd25ad162fd0cac7021029760fa9524,5744,core_legality,extract_semantics_and_metadata
PKHeX.Core/Legality/Encounters/Templates/Gen3/EncounterSlot3Swarm.cs,2ceb6127b7e37164da744d316ce9c449122516d0,569,core_legality,extract_semantics_and_metadata
PKHeX.Core/Legality/Encounters/Templates/Gen3/EncounterStatic3.cs,84bd027b179454b400025e55fd279fddc55c419e,11589,core_legality,extract_semantics_and_metadata
PKHeX.Core/Legality/Encounters/Templates/Gen3/EncounterTrade3.cs,ca975cbb503811987e180c8e65d9aa99f5ae2a6a,7085,core_legality,extract_semantics_and_metadata
PKHeX.Core/Legality/Encounters/Templates/Gen3/Gifts/Distribution3JPN.cs,ecb4a66fadbb85dad0fdb76ba01ecddb4178ae92,3068,core_legality,extract_semantics_and_metadata
PKHeX.Core/Legality/Encounters/Templates/Gen3/Gifts/Distribution3NY.cs,1d9313d4d1614251b59a11458368d433d3b19a5d,2188,core_legality,extract_semantics_and_metadata
PKHeX.Core/Legality/Encounters/Templates/Gen3/Gifts/EncounterGift3.cs,6a5a3bc2f4bf75b6b1734502cdb22a0783dc055c,20512,core_legality,extract_semantics_and_metadata
PKHeX.Core/Legality/Encounters/Templates/Gen3/Gifts/EncounterGift3JPN.cs,0850c9c2c6515dadf03448e6496178df4200ec6b,6226,core_legality,extract_semantics_and_metadata
PKHeX.Core/Legality/Encounters/Templates/Gen3/Gifts/EncounterGift3NY.cs,856c16b60fb6b668b5ed18103b41beadf982ca4d,6676,core_legality,extract_semantics_and_metadata
PKHeX.Core/Legality/Encounters/Templates/Gen3/XD/EncounterArea3XD.cs,2abffd8b639a1c40b344b51d47cd5dcd0e9a8799,887,core_legality,extract_semantics_and_metadata
PKHeX.Core/Legality/Encounters/Templates/Gen3/XD/EncounterShadow3XD.cs,24311a46033739cd90d9de33dc3d57b2233f8e59,5247,core_legality,extract_semantics_and_metadata
PKHeX.Core/Legality/Encounters/Templates/Gen3/XD/EncounterSlot3XD.cs,63fba209cdca68ae8ba6361ec525cf424bb157ac,3119,core_legality,extract_semantics_and_metadata
PKHeX.Core/Legality/Encounters/Templates/Gen3/XD/EncounterStatic3XD.cs,44b4cda4da0b955f52f51fa4e777cce96fd76866,5127,core_legality,extract_semantics_and_metadata
PKHeX.Core/Legality/Encounters/Templates/Gen3/XD/EncounterTrade3XD.cs,21516fcf567a64f3e71322b40cf5555376ddbb7e,6584,core_legality,extract_semantics_and_metadata
PKHeX.Core/Legality/Encounters/Templates/Gen4/EncounterArea4.cs,7a4fb53f0a005e65848d0fb44ac16b21fb521116,6731,core_legality,extract_semantics_and_metadata
PKHeX.Core/Legality/Encounters/Templates/Gen4/EncounterEgg4.cs,31ed617384cb98af5cd246c58309889e82f8abc1,5070,core_legality,extract_semantics_and_metadata
PKHeX.Core/Legality/Encounters/Templates/Gen4/EncounterSlot4.cs,ea32dd8102f136df05559f39dd3e6cec7ca5a0c4,7870,core_legality,extract_semantics_and_metadata
PKHeX.Core/Legality/Encounters/Templates/Gen4/EncounterStatic4.cs,c6d7604bf98af64c1189817e7998eaa4e27eb47a,15161,core_legality,extract_semantics_and_metadata
PKHeX.Core/Legality/Encounters/Templates/Gen4/EncounterStatic4Pokewalker.cs,9798f6bf78d3863b10243741b9ad06add1f9e86d,7330,core_legality,extract_semantics_and_metadata
PKHeX.Core/Legality/Encounters/Templates/Gen4/EncounterTrade4PID.cs,74d780903169009b7bbb4c797aabfe65273087e1,11309,core_legality,extract_semantics_and_metadata
PKHeX.Core/Legality/Encounters/Templates/Gen4/EncounterTrade4RanchGift.cs,f4ed05ea2fd16d6ea14db358671f664fc24e4f00,6961,core_legality,extract_semantics_and_metadata
PKHeX.Core/Legality/Encounters/Templates/Gen4/GroundTileAllowed.cs,0e18a70ecec25e598bedf6c940730f48f3afc77b,2400,core_legality,extract_semantics_and_metadata
PKHeX.Core/Legality/Encounters/Templates/Gen4/IGroundTypeTile.cs,78124b8eb6dc13903d88d3b1e6a050d472ef6cf4,776,core_legality,extract_semantics_and_metadata
PKHeX.Core/Legality/Encounters/Templates/Gen4/PokewalkerCourse4.cs,c233f1dcff898b3238f62879cff2cd80988e1d2a,979,core_legality,extract_semantics_and_metadata
PKHeX.Core/Legality/Encounters/Templates/Gen5/DreamWorldEntry.cs,b071404337b4638d4d1cb0b5874a5bededf89e85,1814,core_legality,extract_semantics_and_metadata
PKHeX.Core/Legality/Encounters/Templates/Gen5/EncounterArea5.cs,f8200434bdac5e187904b1723e1319098b8a63fd,1966,core_legality,extract_semantics_and_metadata
PKHeX.Core/Legality/Encounters/Templates/Gen5/EncounterEgg5.cs,704e6ea78a027b652f7348e9063d0f216baa0d75,4382,core_legality,extract_semantics_and_metadata
PKHeX.Core/Legality/Encounters/Templates/Gen5/EncounterSlot5.cs,0c745640f99af761dff8413b85c45c9bb58342cb,5099,core_legality,extract_semantics_and_metadata
PKHeX.Core/Legality/Encounters/Templates/Gen5/EncounterStatic5.cs,b70a2a5534ed56f509702385c844715ac0a3d937,5984,core_legality,extract_semantics_and_metadata
PKHeX.Core/Legality/Encounters/Templates/Gen5/EncounterStatic5Entree.cs,e2630496be7c0454f75541f7d857f078aa6ad4bc,3919,core_legality,extract_semantics_and_metadata
PKHeX.Core/Legality/Encounters/Templates/Gen5/EncounterStatic5N.cs,c5c02ea85a73d63d5b754505007c4d70fbacbe5a,4487,core_legality,extract_semantics_and_metadata
PKHeX.Core/Legality/Encounters/Templates/Gen5/EncounterStatic5Radar.cs,df9851571d528a90789006444273e1079adc0429,3449,core_legality,extract_semantics_and_metadata
PKHeX.Core/Legality/Encounters/Templates/Gen5/EncounterTrade5B2W2.cs,5f4b3d7e95ef5856f9f432e0a901f48e92c1002e,5862,core_legality,extract_semantics_and_metadata
PKHeX.Core/Legality/Encounters/Templates/Gen5/EncounterTrade5BW.cs,563d1c5c6b5f2f2211f069b6a9ab2b415b3d479f,5584,core_legality,extract_semantics_and_metadata
PKHeX.Core/Legality/Encounters/Templates/Gen5/GlobalLinkPromotion.cs,6944e7bd970c9285b24956693daf6030d03bd35e,3753,core_legality,extract_semantics_and_metadata
PKHeX.Core/Legality/Encounters/Templates/Gen6/EncounterArea6AO.cs,07a20301bad91d158f9acca244fad165c9d5fa5a,1848,core_legality,extract_semantics_and_metadata
PKHeX.Core/Legality/Encounters/Templates/Gen6/EncounterArea6XY.cs,8263a5aae36b55c85eb18abf06b173e6c38b98e0,4496,core_legality,extract_semantics_and_metadata
PKHeX.Core/Legality/Encounters/Templates/Gen6/EncounterEgg6.cs,8f6660e78f8e7f7340a01abf656e4ff92d34ebbe,3727,core_legality,extract_semantics_and_metadata
PKHeX.Core/Legality/Encounters/Templates/Gen6/EncounterSlot6AO.cs,f1764263e7fb463f04ce0990cdecef0b0e1cdf45,6624,core_legality,extract_semantics_and_metadata
PKHeX.Core/Legality/Encounters/Templates/Gen6/EncounterSlot6XY.cs,e0b9f43f688abfd08f3b9da265772c301bdb655f,5553,core_legality,extract_semantics_and_metadata
PKHeX.Core/Legality/Encounters/Templates/Gen6/EncounterStatic6.cs,f6e3619afd65ae9e97d8137d7b88cdf0704e8676,7041,core_legality,extract_semantics_and_metadata
PKHeX.Core/Legality/Encounters/Templates/Gen6/EncounterTrade6.cs,d6172b3a3138cb4fe3305c5462745d6e8bb0e27c,6427,core_legality,extract_semantics_and_metadata
PKHeX.Core/Legality/Encounters/Templates/Gen7/EncounterArea7.cs,72fa89ed78d327f8f516b6068747bfc0a19627df,1893,core_legality,extract_semantics_and_metadata
PKHeX.Core/Legality/Encounters/Templates/Gen7/EncounterEgg7.cs,926d5787c78cdf2a93f202e555ca714e5c3da3d3,3615,core_legality,extract_semantics_and_metadata
PKHeX.Core/Legality/Encounters/Templates/Gen7/EncounterSlot7.cs,4485d4c23627e83a7065507c8413c8eeb3455692,5363,core_legality,extract_semantics_and_metadata
PKHeX.Core/Legality/Encounters/Templates/Gen7/EncounterStatic7.cs,d3fa43be04566eb66cba979bc0cbf918cf0fe9dc,7242,core_legality,extract_semantics_and_metadata
PKHeX.Core/Legality/Encounters/Templates/Gen7/EncounterTrade7.cs,842b54af779f752a44f746cf148484916800ffe5,6212,core_legality,extract_semantics_and_metadata
PKHeX.Core/Legality/Encounters/Templates/Gen7/EncounterTransfer7.cs,30e786d21b571aba04402932526b594c33c1833a,2672,core_legality,extract_semantics_and_metadata
PKHeX.Core/Legality/Encounters/Templates/Gen7b/EncounterArea7b.cs,a6d2a27a1128eb5187a0683fdb95bb3e36152469,2124,core_legality,extract_semantics_and_metadata
PKHeX.Core/Legality/Encounters/Templates/Gen7b/EncounterSlot7b.cs,f82968a43d736763f3959fddf9be65ad4936b478,3610,core_legality,extract_semantics_and_metadata
PKHeX.Core/Legality/Encounters/Templates/Gen7b/EncounterStatic7b.cs,dd3323b8ed1df04946c1838674818aaf648837d6,4033,core_legality,extract_semantics_and_metadata
PKHeX.Core/Legality/Encounters/Templates/Gen7b/EncounterTrade7b.cs,6c4df8b3448794cde6a6f4da180b6ead8831b5b5,4635,core_legality,extract_semantics_and_metadata
PKHeX.Core/Legality/Encounters/Templates/Gen8/AreaWeather8.cs,9bfa2bfb08b4ebc81efcaecf11c3b6ee8dac2461,2131,core_legality,extract_semantics_and_metadata
PKHeX.Core/Legality/Encounters/Templates/Gen8/Crossover8.cs,7bb46a778ef9fa122910473cc0d8dfb52ef95196,380,core_legality,extract_semantics_and_metadata
PKHeX.Core/Legality/Encounters/Templates/Gen8/EncounterArea8.cs,91c449d34ffd398cba43b2f09dec730225301226,13042,core_legality,extract_semantics_and_metadata
PKHeX.Core/Legality/Encounters/Templates/Gen8/EncounterEgg8.cs,af2ba09b8fd04802c0011984408d36d76da2d61d,3305,core_legality,extract_semantics_and_metadata
PKHeX.Core/Legality/Encounters/Templates/Gen8/EncounterSlot8.cs,f5f1dde9764701c27471293fe85bc17ac2aa8f28,8055,core_legality,extract_semantics_and_metadata
PKHeX.Core/Legality/Encounters/Templates/Gen8/EncounterStatic8.cs,54d05b85e6effa32639cae2a65d6ee0afadfd441,8103,core_legality,extract_semantics_and_metadata
PKHeX.Core/Legality/Encounters/Templates/Gen8/EncounterStatic8N.cs,62e6a73ce43ec060215659d5651b7cf307bf8d67,7009,core_legality,extract_semantics_and_metadata
PKHeX.Core/Legality/Encounters/Templates/Gen8/EncounterStatic8NC.cs,ddb6072f43661844758e39f2bdf2bb4f51485e0b,1291,core_legality,extract_semantics_and_metadata
PKHeX.Core/Legality/Encounters/Templates/Gen8/EncounterStatic8ND.cs,4f384a525baee73b5142cdf7c8ddc5008b4d9412,3563,core_legality,extract_semantics_and_metadata
PKHeX.Core/Legality/Encounters/Templates/Gen8/EncounterStatic8Nest.cs,85c64a958c4a24cb8bc659e54f07f90448639fe9,11011,core_legality,extract_semantics_and_metadata
PKHeX.Core/Legality/Encounters/Templates/Gen8/EncounterStatic8U.cs,fd217886f7ca79d701242affc11f2d1f7ed55ff1,4506,core_legality,extract_semantics_and_metadata
PKHeX.Core/Legality/Encounters/Templates/Gen8/EncounterTrade8.cs,9262290e8fa500abb6dd8be2090bf08a981fff1c,8048,core_legality,extract_semantics_and_metadata
PKHeX.Core/Legality/Encounters/Templates/Gen8/IOverworldCorrelation8.cs,16f81085b585c37a226386d11137617276eb672a,281,core_legality,extract_semantics_and_metadata
PKHeX.Core/Legality/Encounters/Templates/Gen8/ISeedCorrelation64.cs,6f80bc71c1a47415bf7076f32c33623352000900,311,core_legality,extract_semantics_and_metadata
PKHeX.Core/Legality/Encounters/Templates/Gen8/OverworldCorrelation8Requirement.cs,78a41027176faa5049ef63564ae5526819e847e9,120,core_legality,extract_semantics_and_metadata
PKHeX.Core/Legality/Encounters/Templates/Gen8/SlotType8.cs,db9fbd297e99805d2b188c117c7618ef5490c577,1096,core_legality,extract_semantics_and_metadata
PKHeX.Core/Legality/Encounters/Templates/Gen8a/EncounterArea8a.cs,c3964eb55e988c34c41ce4a371233e0c48ecd94f,2130,core_legality,extract_semantics_and_metadata
PKHeX.Core/Legality/Encounters/Templates/Gen8a/EncounterSlot8a.cs,1aa09af52ce225f499ed7f7162a21f7db558af08,10613,core_legality,extract_semantics_and_metadata
PKHeX.Core/Legality/Encounters/Templates/Gen8a/EncounterStatic8a.cs,9429150d2d1c8f2b41057f874ef344fadecbb3c9,11676,core_legality,extract_semantics_and_metadata
PKHeX.Core/Legality/Encounters/Templates/Gen8a/EncounterStatic8aCorrelation.cs,5867c3f6fcdbed522d8f266c019a9b9cfdb402e2,101,core_legality,extract_semantics_and_metadata
PKHeX.Core/Legality/Encounters/Templates/Gen8a/IMasteryInitialMoveShop8.cs,ececbda89710eea1f9085b902b176c9466900096,882,core_legality,extract_semantics_and_metadata
PKHeX.Core/Legality/Encounters/Templates/Gen8b/EncounterArea8b.cs,c023303c88ec36e9fca4e3627640478a5e46191d,4518,core_legality,extract_semantics_and_metadata
PKHeX.Core/Legality/Encounters/Templates/Gen8b/EncounterEgg8b.cs,067b6f66daaa874e58c911bd28efbaf0a8f7ca64,11806,core_legality,extract_semantics_and_metadata
PKHeX.Core/Legality/Encounters/Templates/Gen8b/EncounterSlot8b.cs,a3b045a767f4a1baf6e78f0a4b6e660d8783a187,7878,core_legality,extract_semantics_and_metadata
PKHeX.Core/Legality/Encounters/Templates/Gen8b/EncounterStatic8b.cs,0963c61132c2f2476ee9dc39b6aa0652f86f1314,7583,core_legality,extract_semantics_and_metadata
PKHeX.Core/Legality/Encounters/Templates/Gen8b/EncounterTrade8b.cs,3f7301a0f5d3775346a670663875b63f1c62c52b,9988,core_legality,extract_semantics_and_metadata
PKHeX.Core/Legality/Encounters/Templates/Gen8b/IStaticCorrelation8b.cs,161a6168a12a4e35b4235be716d4c418abe5f297,274,core_legality,extract_semantics_and_metadata
PKHeX.Core/Legality/Encounters/Templates/Gen8b/StaticCorrelation8bRequirement.cs,2d5498e9e7b0e21d6b6aa9fdf7c263ca2f8b018e,118,core_legality,extract_semantics_and_metadata
PKHeX.Core/Legality/Encounters/Templates/Gen9/AreaWeather9.cs,9d340b1a8da8177587b61b06b91c28a7e6ac0616,1229,core_legality,extract_semantics_and_metadata
PKHeX.Core/Legality/Encounters/Templates/Gen9/EncounterArea9.cs,d677d73424032e8279ad356a206b7f261da4cbf2,1865,core_legality,extract_semantics_and_metadata
PKHeX.Core/Legality/Encounters/Templates/Gen9/EncounterDist9.cs,376cf28d1ae06db7ef8a45badcc4122563729026,15606,core_legality,extract_semantics_and_metadata
PKHeX.Core/Legality/Encounters/Templates/Gen9/EncounterEgg9.cs,b22ff96c54d64ff47ea07ca5a27a23c8ae14bef1,3483,core_legality,extract_semantics_and_metadata
PKHeX.Core/Legality/Encounters/Templates/Gen9/EncounterFixed9.cs,5949112090a3f58759aa4e9e9a9a025783b5b81b,9120,core_legality,extract_semantics_and_metadata
PKHeX.Core/Legality/Encounters/Templates/Gen9/EncounterMight9.cs,1d355d70ad663aab809edc70fbad0e580fe19915,16249,core_legality,extract_semantics_and_metadata
PKHeX.Core/Legality/Encounters/Templates/Gen9/EncounterOutbreak9.cs,80074fc364fe98bfe72a27411290e9a209b3e193,9069,core_legality,extract_semantics_and_metadata
PKHeX.Core/Legality/Encounters/Templates/Gen9/EncounterSlot9.cs,9ad2572124599b9ad61624c14fab9074be487f2a,7191,core_legality,extract_semantics_and_metadata
PKHeX.Core/Legality/Encounters/Templates/Gen9/EncounterStatic9.cs,ba149561cb12e949074164a2b926f904f98092ed,10930,core_legality,extract_semantics_and_metadata
PKHeX.Core/Legality/Encounters/Templates/Gen9/EncounterTera9.cs,d291365ec3ae5a22832a316cf169804d06871c04,12232,core_legality,extract_semantics_and_metadata
PKHeX.Core/Legality/Encounters/Templates/Gen9/EncounterTrade9.cs,f9488e67a7868be729f5393cdf1a11937b24d1b5,9146,core_legality,extract_semantics_and_metadata
PKHeX.Core/Legality/Encounters/Templates/Gen9/IGemType.cs,f37ffb27bff74d054879760801d8f19f5c3ce0aa,1460,core_legality,extract_semantics_and_metadata
PKHeX.Core/Legality/Encounters/Templates/Gen9/ITeraRaid9.cs,5f7345d39aa2c415ec1dfe4e14c08be048f96f53,1155,core_legality,extract_semantics_and_metadata
PKHeX.Core/Legality/Encounters/Templates/Gen9/SizePower9a.cs,e51bcc91f5ecf88b2a6100fb3619dbd8d0e2d1e4,1971,core_legality,extract_semantics_and_metadata
PKHeX.Core/Legality/Encounters/Templates/Gen9/SizeType9.cs,aff8e79524ba74423f788d0ef389e90c5d6a4524,2571,core_legality,extract_semantics_and_metadata
PKHeX.Core/Legality/Encounters/Templates/Gen9a/EncounterArea9a.cs,fc77f1293bd56e77e3f5f062f2e8fe12e999aa29,1721,core_legality,extract_semantics_and_metadata
PKHeX.Core/Legality/Encounters/Templates/Gen9a/EncounterGift9a.cs,55270d5e83f01c24442e51618419ea1133a74213,13997,core_legality,extract_semantics_and_metadata
PKHeX.Core/Legality/Encounters/Templates/Gen9a/EncounterSlot9a.cs,84db3187bba329ee307757bc61af6e1abfc1f05d,7269,core_legality,extract_semantics_and_metadata
PKHeX.Core/Legality/Encounters/Templates/Gen9a/EncounterStatic9a.cs,37d59ee74c3acb88c9f3a5e7a6ce4ee7decc95f1,9109,core_legality,extract_semantics_and_metadata
PKHeX.Core/Legality/Encounters/Templates/Gen9a/EncounterTrade9a.cs,9f989a1a92e05f7361c7284242feea3818d286b8,8074,core_legality,extract_semantics_and_metadata
PKHeX.Core/Legality/Encounters/Templates/Gen9a/GenerateParam9a.cs,da58f62bd4989bce32fdd8fb94576b1772503f1f,766,core_legality,extract_semantics_and_metadata
PKHeX.Core/Legality/Encounters/Templates/Gen9a/IEncounter9a.cs,ae83e77e89dc430b57a36c71deb08b05cb8970cb,645,core_legality,extract_semantics_and_metadata
PKHeX.Core/Legality/Encounters/Templates/Gen9a/LumioseCorrelation.cs,684b2c6eefd43a334b233c8c480c26e50f0c031c,931,core_legality,extract_semantics_and_metadata
PKHeX.Core/Legality/Encounters/Templates/Gen9a/LumioseRNG.cs,be7f9574bd830708ffa5a46c4c4856766430e222,15296,core_legality,extract_semantics_and_metadata
PKHeX.Core/Legality/Encounters/Templates/Gen9a/LumioseSolver.cs,9d44da953a267ca4fd918285b5aea28adc9b2cd9,9946,core_legality,extract_semantics_and_metadata
PKHeX.Core/Legality/Encounters/Templates/Gen9a/SlotType9a.cs,12786b0f31e71be2a77761e868322a154e0958d0,309,core_legality,extract_semantics_and_metadata
PKHeX.Core/Legality/Encounters/Templates/Interfaces/IEncounterArea.cs,4257f6d5cda312e3ac477aa96172238cadcdcb99,482,core_legality,extract_semantics_and_metadata
PKHeX.Core/Legality/Encounters/Templates/Interfaces/IEncounterConvertible.cs,b14e7f7d28084830fb6b57378813fd0607a60cbe,1765,core_legality,extract_semantics_and_metadata
PKHeX.Core/Legality/Encounters/Templates/Interfaces/IEncounterEgg.cs,a72b742f751154b8c08dd70793087e215770a360,211,core_legality,extract_semantics_and_metadata
PKHeX.Core/Legality/Encounters/Templates/Interfaces/IEncounterInfo.cs,08347848996e33a0807f999b3c25d8f30a513407,322,core_legality,extract_semantics_and_metadata
PKHeX.Core/Legality/Encounters/Templates/Interfaces/IEncounterMatch.cs,45841a5699e3c1c9f49d929527ecb421a3a7184c,1939,core_legality,extract_semantics_and_metadata
PKHeX.Core/Legality/Encounters/Templates/Interfaces/IEncounterTemplate.cs,5e6fb993b5529683ea7391f3b1f64bb3af763c86,992,core_legality,extract_semantics_and_metadata
PKHeX.Core/Legality/Encounters/Templates/Interfaces/IEncounterable.cs,b93979b88bd1037aa3a64f6c6413e16942de9dda,558,core_legality,extract_semantics_and_metadata
PKHeX.Core/Legality/Encounters/Templates/Interfaces/ILocation.cs,025d543a25ef422a988cc93d15e3bb0182e1b087,986,core_legality,extract_semantics_and_metadata
PKHeX.Core/Legality/Encounters/Templates/Interfaces/ITrashUnderlaySpecies.cs,c50e0f3211c21bfd5e0e478887e26bb0a51141c3,107,core_legality,extract_semantics_and_metadata
PKHeX.Core/Legality/Encounters/Templates/Interfaces/Properties/IEncounterFormRandom.cs,36304ec6f02a577f882de26183a4ae5612d93c72,319,core_legality,extract_semantics_and_metadata
PKHeX.Core/Legality/Encounters/Templates/Interfaces/Properties/IEncounterSlot34.cs,97a30e0d8537561fb6c329da6591c9bbae086562,511,core_legality,extract_semantics_and_metadata
PKHeX.Core/Legality/Encounters/Templates/Interfaces/Properties/IFixedAbilityNumber.cs,be027c8b621f28d5625af38fba7396f4e9d830cf,323,core_legality,extract_semantics_and_metadata
PKHeX.Core/Legality/Encounters/Templates/Interfaces/Properties/IFixedBall.cs,758541c933fe804d149a35fe53e0854a6b0e7b8d,404,core_legality,extract_semantics_and_metadata
PKHeX.Core/Legality/Encounters/Templates/Interfaces/Properties/IFixedGender.cs,f6adbf0a7369a22665e9b7e3c749f9d46112f081,514,core_legality,extract_semantics_and_metadata
PKHeX.Core/Legality/Encounters/Templates/Interfaces/Properties/IFixedIVSet.cs,f9160c6ed290da11cb53d96a903bf892c32d0509,454,core_legality,extract_semantics_and_metadata
PKHeX.Core/Legality/Encounters/Templates/Interfaces/Properties/IFixedNature.cs,1ddbc759f6b742cc39b62e58ac625a3826a9f55c,408,core_legality,extract_semantics_and_metadata
PKHeX.Core/Legality/Encounters/Templates/Interfaces/Properties/IFixedNickname.cs,1b66ad936c80c8058b14e359a5b7298f109385fa,957,core_legality,extract_semantics_and_metadata
PKHeX.Core/Legality/Encounters/Templates/Interfaces/Properties/IFixedTrainer.cs,7f8f94aec8b44262b76ed819a5198ecbe288c18e,725,core_legality,extract_semantics_and_metadata
PKHeX.Core/Legality/Encounters/Templates/Interfaces/Properties/IFlawlessIVCount.cs,a375206aa2becb4c2a43152006ce4e59e3215014,280,core_legality,extract_semantics_and_metadata
PKHeX.Core/Legality/Encounters/Templates/Interfaces/Properties/IFlawlessIVCountConditional.cs,efcb16932b3cd531862f9ef284738718b431ed2a,383,core_legality,extract_semantics_and_metadata
PKHeX.Core/Legality/Encounters/Templates/Interfaces/Properties/IHatchCycle.cs,932375ee1e9955ef0838764da1b43316f2470cac,387,core_legality,extract_semantics_and_metadata
PKHeX.Core/Legality/Encounters/Templates/Interfaces/Properties/ILevelRange.cs,6996f60f5552f429958c86df51b12c768274a0ce,3264,core_legality,extract_semantics_and_metadata
PKHeX.Core/Legality/Encounters/Templates/Interfaces/Properties/IMetLevel.cs,ae7ee8e129f2fc31e72134da1b42eb873df0eace,323,core_legality,extract_semantics_and_metadata
PKHeX.Core/Legality/Encounters/Templates/Interfaces/Properties/IMoveset.cs,1907e34aa02a3a3d5fef253820523f5bda7ab4b0,326,core_legality,extract_semantics_and_metadata
PKHeX.Core/Legality/Encounters/Templates/Interfaces/Properties/IRandomCorrelation.cs,b232d7e057ec0534bed6bd46c406d35fdd2966a8,1505,core_legality,extract_semantics_and_metadata
PKHeX.Core/Legality/Encounters/Templates/Interfaces/Properties/IRelearn.cs,8db779816ff767b649789e8e65fa22d4e3915bc3,279,core_legality,extract_semantics_and_metadata
PKHeX.Core/Legality/Encounters/Templates/Interfaces/Properties/IRestrictVersion.cs,5b61f742e6f4dc9c295401ee889a8836cd03b9a1,115,core_legality,extract_semantics_and_metadata
PKHeX.Core/Legality/Encounters/Templates/Interfaces/Properties/IShinyPotential.cs,bb771fd5714cba058c19b5089f746dd66989c34d,236,core_legality,extract_semantics_and_metadata
PKHeX.Core/Legality/Encounters/Templates/Interfaces/Properties/ISingleMoveBonus.cs,b6b6db94bad6b68fcd3a5bc7b72a461a8c9e51bc,400,core_legality,extract_semantics_and_metadata
PKHeX.Core/Legality/Encounters/Templates/Interfaces/RNG/IGenerateSeed32.cs,06638439535e071f7b9a39e3d60466aa04817709,421,core_legality,extract_semantics_and_metadata
PKHeX.Core/Legality/Encounters/Templates/Interfaces/RNG/IGenerateSeed64.cs,505af6b18fd44099a4368ac7b60a524b9445e983,439,core_legality,extract_semantics_and_metadata
PKHeX.Core/Legality/Encounters/Templates/Interfaces/RNG/IMagnetStatic.cs,2be323c3dcf8c2d78afaa66856e38c9d025d9ef6,2529,core_legality,extract_semantics_and_metadata
PKHeX.Core/Legality/Encounters/Templates/Interfaces/RNG/INumberedSlot.cs,98b89a0fe325af07516281ce969303e8c1a55ae8,444,core_legality,extract_semantics_and_metadata
PKHeX.Core/Legality/Encounters/Templates/Shared/EncounterInvalid.cs,f2e5ff9b759c4138412e172cc40a9b64b40dde31,1534,core_legality,extract_semantics_and_metadata
PKHeX.Core/Legality/Encounters/Templates/Shared/IndividualValueSet.cs,be16eda60e4992fec33a15bac31eff1c0ee2215f,2306,core_legality,extract_semantics_and_metadata
PKHeX.Core/Legality/Encounters/Templates/Shared/Moveset.cs,fe3a57acb32419612c953318f7e72d31580d1eaf,6881,core_legality,extract_semantics_and_metadata
PKHeX.Core/Legality/Encounters/Verifiers/EggHatchLocation3.cs,2bfbbdfc5c78290017a5b8efbf5d70ea83bd3ac5,3294,core_legality,extract_semantics_and_metadata
PKHeX.Core/Legality/Encounters/Verifiers/EggHatchLocation4.cs,429e4f1dc1b8e0834a55b49868ad270a883e2174,2920,core_legality,extract_semantics_and_metadata
PKHeX.Core/Legality/Encounters/Verifiers/EggHatchLocation5.cs,2d1a622f081cc5d5ea92b2967d6324c92ea64c4d,2916,core_legality,extract_semantics_and_metadata
PKHeX.Core/Legality/Encounters/Verifiers/EggHatchLocation6.cs,245a6515f87c9f82ef4963a85b49f320c8c25d70,1082,core_legality,extract_semantics_and_metadata
PKHeX.Core/Legality/Encounters/Verifiers/EggHatchLocation7.cs,5264b428916b4501e4ff69edae2e2e0b70fb50a7,2155,core_legality,extract_semantics_and_metadata
PKHeX.Core/Legality/Encounters/Verifiers/EggHatchLocation8.cs,4cc18e9cb3d70c6f5f3a05d0d6cec9662cf5c9bd,1160,core_legality,extract_semantics_and_metadata
PKHeX.Core/Legality/Encounters/Verifiers/EggHatchLocation8b.cs,cbe73974d58a1ec9970b7a4514ff7f8c1c49d5ec,4668,core_legality,extract_semantics_and_metadata
PKHeX.Core/Legality/Encounters/Verifiers/EggHatchLocation9.cs,7b6f2e9c1a401b520cdfd350df17fe507f5e4ba1,1929,core_legality,extract_semantics_and_metadata
PKHeX.Core/Legality/Encounters/Verifiers/EncounterVerifier.cs,909de812b2fc72c59e361ebc76efd7c31139e920,15288,core_legality,extract_semantics_and_metadata
PKHeX.Core/Legality/Encounters/Verifiers/EvolutionVerifier.cs,cbc55b986285e5654dff93a22b7cb5928ae12f36,2401,core_legality,extract_semantics_and_metadata
PKHeX.Core/Legality/Encounters/Verifiers/MysteryGiftRestriction.cs,e875b6925311bd08335d482a269892822fd8bcd9,2231,core_legality,extract_semantics_and_metadata
PKHeX.Core/Legality/Encounters/Verifiers/MysteryGiftVerifier.cs,79f7b134eab5ba8a17929b762b231f0d4ffe1d55,4179,core_legality,extract_semantics_and_metadata
PKHeX.Core/Legality/Evolutions/EncounterOrigin.cs,fe545a96ca61197eab5b71c33181351984ae239e,3532,core_legality,extract_semantics_and_metadata
PKHeX.Core/Legality/Evolutions/EvolutionChain.cs,efa157183fef40d72e800aacb711f2d3ea3ff6eb,7007,core_legality,extract_semantics_and_metadata
PKHeX.Core/Legality/Evolutions/EvolutionGroup/EvolutionGroup1.cs,3114ec27894ce01da5f0529597f318c7f6769a36,3102,core_legality,extract_semantics_and_metadata
PKHeX.Core/Legality/Evolutions/EvolutionGroup/EvolutionGroup2.cs,2504e4f0c662fddc25fe711d5f3af637a8b25de2,3110,core_legality,extract_semantics_and_metadata
PKHeX.Core/Legality/Evolutions/EvolutionGroup/EvolutionGroup3.cs,8576b80064f2856f4659b0d611300fcdf27cb011,2974,core_legality,extract_semantics_and_metadata
PKHeX.Core/Legality/Evolutions/EvolutionGroup/EvolutionGroup4.cs,9462ee90f9d2a3c75d49ee5cf4fa7271af343f1b,3301,core_legality,extract_semantics_and_metadata
PKHeX.Core/Legality/Evolutions/EvolutionGroup/EvolutionGroup5.cs,b125aaf835be1861fca1b0686805b493356e299c,2792,core_legality,extract_semantics_and_metadata
PKHeX.Core/Legality/Evolutions/EvolutionGroup/EvolutionGroup6.cs,ad5bff4049255ec2adaf049e57f1dd9d72d1b196,2981,core_legality,extract_semantics_and_metadata
PKHeX.Core/Legality/Evolutions/EvolutionGroup/EvolutionGroup7.cs,7d2a44963141da598643deba78ab2eb483ea2d6f,3965,core_legality,extract_semantics_and_metadata
PKHeX.Core/Legality/Evolutions/EvolutionGroup/EvolutionGroup7b.cs,ff1cf59d0c5e2650c8591fff602eb31a1d333fde,2622,core_legality,extract_semantics_and_metadata
PKHeX.Core/Legality/Evolutions/EvolutionGroup/EvolutionGroupHOME.cs,2406783d42d031bb196126f45df4ffd6f9cc25cc,13714,core_legality,extract_semantics_and_metadata
PKHeX.Core/Legality/Evolutions/EvolutionGroup/EvolutionGroupHOME2.cs,1f51ed1b4062d006368a22b0e2a1795c641bcf57,8472,core_legality,extract_semantics_and_metadata
PKHeX.Core/Legality/Evolutions/EvolutionGroup/EvolutionGroupUtil.cs,6a5935aa92c94c3b591458def8aa4381af51d72d,993,core_legality,extract_semantics_and_metadata
PKHeX.Core/Legality/Evolutions/EvolutionGroup/EvolutionOrigin.cs,18307f66ceb731f7316264f774422ae61134805f,1790,core_legality,extract_semantics_and_metadata
PKHeX.Core/Legality/Evolutions/EvolutionGroup/EvolutionUtil.cs,698d863fc22ffbfb4af5e7f80b41e9d226bb6552,7373,core_legality,extract_semantics_and_metadata
PKHeX.Core/Legality/Evolutions/EvolutionGroup/IEvolutionGroup.cs,6ff7243406f3ca7f98a88541ddc1e30f794d229c,2577,core_legality,extract_semantics_and_metadata
PKHeX.Core/Legality/Evolutions/EvolutionHistory.cs,9f676e0da4dd88d0f44426484b5b8447ba4abd6d,6387,core_legality,extract_semantics_and_metadata
PKHeX.Core/Legality/Evolutions/EvolutionRuleTweak.cs,bca25842827f8d89d883e1d78f15a79dd0fe5133,730,core_legality,extract_semantics_and_metadata
PKHeX.Core/Legality/Evolutions/EvolutionSet.cs,d304de2832f9d8e8a3bb2a21a22a0eef30a683b8,1840,core_legality,extract_semantics_and_metadata
PKHeX.Core/Legality/Evolutions/EvolutionTree.cs,bf21dae7fe6e2a3231bb0b569c7bd8e96b723294,3870,core_legality,extract_semantics_and_metadata
PKHeX.Core/Legality/Evolutions/Forward/EvolutionForwardPersonal.cs,81e0570e208e604ccb64637eedf49f62f4e87f73,3801,core_legality,extract_semantics_and_metadata
PKHeX.Core/Legality/Evolutions/Forward/EvolutionForwardSpecies.cs,b16dcf568007c1730a989517da0057daf851a0e1,3104,core_legality,extract_semantics_and_metadata
PKHeX.Core/Legality/Evolutions/Forward/IEvolutionForward.cs,d8e52835dba5cd27fd1e756533099a478fb08601,3080,core_legality,extract_semantics_and_metadata
PKHeX.Core/Legality/Evolutions/IEvolutionNetwork.cs,f2879bfdad09ad49d4f2bfc377d0d4a47857f324,2792,core_legality,extract_semantics_and_metadata
PKHeX.Core/Legality/Evolutions/Methods/EvoCriteria.cs,829c5055c920c61c60e5311bc070e0d2f2c037b9,1379,core_legality,extract_semantics_and_metadata
PKHeX.Core/Legality/Evolutions/Methods/EvolutionCheckResult.cs,13ef40e9ac5e25473ddbddb026e4b51a24011392,191,core_legality,extract_semantics_and_metadata
PKHeX.Core/Legality/Evolutions/Methods/EvolutionMethod.cs,92fb1b2745374b6d9617fb246a90b6ed6c15b338,4851,core_legality,extract_semantics_and_metadata
PKHeX.Core/Legality/Evolutions/Methods/EvolutionType.cs,3e8ac3149f92c2b3f4b9ece4a3dc3d416a52108a,5888,core_legality,extract_semantics_and_metadata
PKHeX.Core/Legality/Evolutions/Reversal/EvolutionLink.cs,c5719b7c8d104cdba4b77e2c1b3ba3c9724b8328,466,core_legality,extract_semantics_and_metadata
PKHeX.Core/Legality/Evolutions/Reversal/EvolutionNode.cs,89ad719248e563ead28bb22f1a8a96cbc212c6fa,945,core_legality,extract_semantics_and_metadata
PKHeX.Core/Legality/Evolutions/Reversal/EvolutionReversal.cs,fb09601277b0ab6b3fbe3e75a5f02d0f62c48e31,6325,core_legality,extract_semantics_and_metadata
PKHeX.Core/Legality/Evolutions/Reversal/EvolutionReverseLookup.cs,7e9102adafb2f938704e2960adccee04561f5c4f,2871,core_legality,extract_semantics_and_metadata
PKHeX.Core/Legality/Evolutions/Reversal/EvolutionReversePersonal.cs,31e465b0b076854ccd863b9785592dea4ce1e7a2,2840,core_legality,extract_semantics_and_metadata
PKHeX.Core/Legality/Evolutions/Reversal/EvolutionReverseSpecies.cs,c57c0b9cfac5690b90fbb8ca72915bcb58e762c9,2738,core_legality,extract_semantics_and_metadata
PKHeX.Core/Legality/Evolutions/Reversal/IEvolutionLookup.cs,0f297cfd2f5775d29198ceb7db8dcf86f87bbfee,913,core_legality,extract_semantics_and_metadata
PKHeX.Core/Legality/Evolutions/Reversal/IEvolutionReverse.cs,27c807a4eed4ace926d670838e4922b6804fe602,2511,core_legality,extract_semantics_and_metadata
PKHeX.Core/Legality/Formatting/BaseLegalityFormatter.cs,124a887bee0638bf75dab22eb4d7380c66845fb9,2520,core_legality,extract_semantics_and_metadata
PKHeX.Core/Legality/Formatting/ILegalityFormatter.cs,ef7e721fe88e601f34b800befc686a5870b1cdbb,477,core_legality,extract_semantics_and_metadata
PKHeX.Core/Legality/Formatting/LegalityFormatting.cs,49393e808d733591fa6a55da2bf99f254aded40b,15879,core_legality,extract_semantics_and_metadata
PKHeX.Core/Legality/LearnSource/Group/ILearnGroup.cs,7406a14b5ae604b940f9d219b81303380a0c9864,1099,core_legality,extract_semantics_and_metadata
PKHeX.Core/Legality/LearnSource/Group/LearnGroup1.cs,4752a9ead331745c83c0483d25ca4bb355867f18,9159,core_legality,extract_semantics_and_metadata
PKHeX.Core/Legality/LearnSource/Group/LearnGroup2.cs,46abc4e2f758affa1c452e3bc2b145ce8b0998f4,8302,core_legality,extract_semantics_and_metadata
PKHeX.Core/Legality/LearnSource/Group/LearnGroup3.cs,a7d5c0b6892825bccb116eaf44408176052c93b6,9402,core_legality,extract_semantics_and_metadata
PKHeX.Core/Legality/LearnSource/Group/LearnGroup4.cs,9c6d0ce6e2bbf1187454e7ab0adef552222c3e99,7057,core_legality,extract_semantics_and_metadata
PKHeX.Core/Legality/LearnSource/Group/LearnGroup5.cs,14e6a60b6b2d68b2eaa8c015f0bec65c315c4e84,5608,core_legality,extract_semantics_and_metadata
PKHeX.Core/Legality/LearnSource/Group/LearnGroup6.cs,55a424b9d898915317cf224102e48f1146530585,9219,core_legality,extract_semantics_and_metadata
PKHeX.Core/Legality/LearnSource/Group/LearnGroup7.cs,a7bd9626b2386812d6e87618c06eb817c67509fc,8475,core_legality,extract_semantics_and_metadata
PKHeX.Core/Legality/LearnSource/Group/LearnGroup7b.cs,dcaf9811a41e092adc9e44d86ce3902962763c44,2346,core_legality,extract_semantics_and_metadata
PKHeX.Core/Legality/LearnSource/Group/LearnGroup8.cs,2eed4275c6c28f1d8e75b3cd3d39bd19a039f16b,7862,core_legality,extract_semantics_and_metadata
PKHeX.Core/Legality/LearnSource/Group/LearnGroup8a.cs,aae1b745ec5d6e6d0a9542fd75f3f9cc0fb523d8,3681,core_legality,extract_semantics_and_metadata
PKHeX.Core/Legality/LearnSource/Group/LearnGroup8b.cs,55ee16b4081f370cdaf5cf3e94d7ecd0927902cb,5442,core_legality,extract_semantics_and_metadata
PKHeX.Core/Legality/LearnSource/Group/LearnGroup9.cs,8f5bc6c68e3abee60a7777db39a7aa8dd7814502,6376,core_legality,extract_semantics_and_metadata
PKHeX.Core/Legality/LearnSource/Group/LearnGroup9a.cs,141551a3d26ee2d593dee7d3ca27e9a6ad4ec57e,4605,core_legality,extract_semantics_and_metadata
PKHeX.Core/Legality/LearnSource/Group/LearnGroupHOME.cs,d2c35072d226fa4eb5143a906e71cc91caa3e99a,19527,core_legality,extract_semantics_and_metadata
PKHeX.Core/Legality/LearnSource/Group/LearnGroupUtil.cs,856443ac5516c920232987d0a370ba85d16cc076,1370,core_legality,extract_semantics_and_metadata
PKHeX.Core/Legality/LearnSource/LearnEnvironment.cs,887d6a947d08f33e6cd2b2cb56a71115695e5deb,3026,core_legality,extract_semantics_and_metadata
PKHeX.Core/Legality/LearnSource/LearnMethod.cs,62b35737c8ca55d46875373f7aab8f2d4c71947d,3615,core_legality,extract_semantics_and_metadata
PKHeX.Core/Legality/LearnSource/MoveLearnInfo.cs,e5b2854dd82b194d87ae555b1056754db1678113,1222,core_legality,extract_semantics_and_metadata
PKHeX.Core/Legality/LearnSource/MoveResult.cs,70df9f1bec53dece47d99e90aa9c341648fd0806,4157,core_legality,extract_semantics_and_metadata
PKHeX.Core/Legality/LearnSource/Sources/IHomeSource.cs,f1ad1f43c58df8fecaa5b96d11f7a61403452a15,1310,core_legality,extract_semantics_and_metadata
PKHeX.Core/Legality/LearnSource/Sources/LearnSource1RB.cs,e4708f0fb5141e64cdfb072f5836c4825273e2fb,3752,core_legality,extract_semantics_and_metadata
PKHeX.Core/Legality/LearnSource/Sources/LearnSource1YW.cs,c14de6f780b7b415efc69342f9be538d5b05f074,3749,core_legality,extract_semantics_and_metadata
PKHeX.Core/Legality/LearnSource/Sources/LearnSource2C.cs,af45435e459e6e79a2a7f8f4880d262c688b4069,4455,core_legality,extract_semantics_and_metadata
PKHeX.Core/Legality/LearnSource/Sources/LearnSource2GS.cs,0327224c40b45fcb135a79bf37c5ca9eaf29927d,4734,core_legality,extract_semantics_and_metadata
PKHeX.Core/Legality/LearnSource/Sources/LearnSource2Stadium.cs,da89a0a926eeb83f60d27e12301a3f692ddc4e87,2715,core_legality,extract_semantics_and_metadata
PKHeX.Core/Legality/LearnSource/Sources/LearnSource3E.cs,47437ded29e09d29cd4187e54ca98415c2eb633d,5628,core_legality,extract_semantics_and_metadata
PKHeX.Core/Legality/LearnSource/Sources/LearnSource3FR.cs,701bf7be3e0c6d47d34aaf0038acc4b40dadd79f,4891,core_legality,extract_semantics_and_metadata
PKHeX.Core/Legality/LearnSource/Sources/LearnSource3LG.cs,b6a3706267590552111e8193ec51c1eade933146,4889,core_legality,extract_semantics_and_metadata
PKHeX.Core/Legality/LearnSource/Sources/LearnSource3RS.cs,59b6cdfb10c7dd97b4d83c7955fb1b51649b6e94,6611,core_legality,extract_semantics_and_metadata
PKHeX.Core/Legality/LearnSource/Sources/LearnSource4DP.cs,80a422dfe16e8e2b820a69f8b05cc26ba03bc084,4735,core_legality,extract_semantics_and_metadata
PKHeX.Core/Legality/LearnSource/Sources/LearnSource4HGSS.cs,81c24afb47699225e2a68a30916148e8f91841e7,6385,core_legality,extract_semantics_and_metadata
PKHeX.Core/Legality/LearnSource/Sources/LearnSource4Pt.cs,ea4bf1dfe8e462dac664ae6ae29340f9dc63781e,5847,core_legality,extract_semantics_and_metadata
PKHeX.Core/Legality/LearnSource/Sources/LearnSource5B2W2.cs,ba95efbc672623f7ce31ecf5b7fae311f2276a65,5180,core_legality,extract_semantics_and_metadata
PKHeX.Core/Legality/LearnSource/Sources/LearnSource5BW.cs,b3dac859fcde1871fe51f4407d8e1f39f6980f1b,5287,core_legality,extract_semantics_and_metadata
PKHeX.Core/Legality/LearnSource/Sources/LearnSource6AO.cs,44b8bb153cf8a73bb8a19f88beae65e590d21ce4,5848,core_legality,extract_semantics_and_metadata
PKHeX.Core/Legality/LearnSource/Sources/LearnSource6XY.cs,5a854f8fc8f6a7c2659a865d3a9a5544561bef8e,5464,core_legality,extract_semantics_and_metadata
PKHeX.Core/Legality/LearnSource/Sources/LearnSource7GG.cs,4e67f17eaac0cef85fdbd25df55b936415b7c461,4864,core_legality,extract_semantics_and_metadata
PKHeX.Core/Legality/LearnSource/Sources/LearnSource7SM.cs,e119eeb9758ae0a64e66f7cca7d7c7785c236f3a,6227,core_legality,extract_semantics_and_metadata
PKHeX.Core/Legality/LearnSource/Sources/LearnSource7USUM.cs,e8d6bea8845f83cf1d1d174466e70e01089bb98b,6500,core_legality,extract_semantics_and_metadata
PKHeX.Core/Legality/LearnSource/Sources/LearnSource8BDSP.cs,9b22ca607467d589ccfebfe682a2bab9219515cd,5932,core_legality,extract_semantics_and_metadata
PKHeX.Core/Legality/LearnSource/Sources/LearnSource8PLA.cs,5d3a55088360b38b94d6936cadb868dcc5f21502,4630,core_legality,extract_semantics_and_metadata
PKHeX.Core/Legality/LearnSource/Sources/LearnSource8SWSH.cs,1ac834e4048d074485cd9e59189fa72bd844ef52,7808,core_legality,extract_semantics_and_metadata
PKHeX.Core/Legality/LearnSource/Sources/LearnSource9SV.cs,c042a652987f2d2774d18772a486e912b48bc3f0,8421,core_legality,extract_semantics_and_metadata
PKHeX.Core/Legality/LearnSource/Sources/LearnSource9ZA.cs,a8b0ff394f00d3ab8ba3c26271fdfff84ee759d8,3914,core_legality,extract_semantics_and_metadata
PKHeX.Core/Legality/LearnSource/Sources/Shared/IEggSource.cs,81cb99cc44118f5444216cbb2cc709c84353f1f8,760,core_legality,extract_semantics_and_metadata
PKHeX.Core/Legality/LearnSource/Sources/Shared/ILearnSource.cs,abddc8e9622a8140d93499c745c9f32991e66a07,3797,core_legality,extract_semantics_and_metadata
PKHeX.Core/Legality/LearnSource/Sources/Shared/IReminderSource.cs,a1a076611b78bd7840293d7ac6f2bcdf0b84603e,809,core_legality,extract_semantics_and_metadata
PKHeX.Core/Legality/LearnSource/Sources/Shared/LearnOption.cs,9e860f76039e9f692e8c7fa67bca64c67ea49ec0,1757,core_legality,extract_semantics_and_metadata
PKHeX.Core/Legality/LearnSource/Sources/Shared/LearnSource3.cs,6803c90d850aba7010efe0f44d3a3444bcf1d2db,247,core_legality,extract_semantics_and_metadata
PKHeX.Core/Legality/LearnSource/Sources/Shared/LearnSource4.cs,ba272bd65a36dd77b502313e5c8f458dbd3f1348,222,core_legality,extract_semantics_and_metadata
PKHeX.Core/Legality/LearnSource/Sources/Shared/LearnSource5.cs,5ae2c5f68a1c8d323e30680f1230b36d66774316,220,core_legality,extract_semantics_and_metadata
PKHeX.Core/Legality/LearnSource/Sources/Shared/MoveTutor.cs,aa111404835e17f5038d83af61d6047557420f49,539,core_legality,extract_semantics_and_metadata
PKHeX.Core/Legality/LearnSource/Verify/LearnPossible.cs,781117252f2501242136cfc964739c66aff38421,3180,core_legality,extract_semantics_and_metadata
PKHeX.Core/Legality/LearnSource/Verify/LearnVerifier.cs,42fac202ef85d040d1075529ef87919ce3d334cd,5150,core_legality,extract_semantics_and_metadata
PKHeX.Core/Legality/LearnSource/Verify/LearnVerifierEgg.cs,53b6840ff00bf5c68d3eedcc5865ead09794361b,3392,core_legality,extract_semantics_and_metadata
PKHeX.Core/Legality/LearnSource/Verify/LearnVerifierHistory.cs,e522961c1e35d95b11f557fc8ad84317ca4939c4,5285,core_legality,extract_semantics_and_metadata
PKHeX.Core/Legality/LearnSource/Verify/LearnVerifierRelearn.cs,80f266d754670448f05993189e3ed9f0a141900c,4713,core_legality,extract_semantics_and_metadata
PKHeX.Core/Legality/Learnset/Learnset.cs,9cded072eb55c09b5c1c60fad88aeafb6aaefa8e,8599,core_legality,extract_semantics_and_metadata
PKHeX.Core/Legality/Learnset/LearnsetReader.cs,b8cc18764b09ea8765359823974361b422904d29,1407,core_legality,extract_semantics_and_metadata
PKHeX.Core/Legality/Learnset/LearnsetStadium.cs,640de32036a723c269d2c9140e7eb928927ab70e,6767,core_legality,extract_semantics_and_metadata
PKHeX.Core/Legality/Learnset/MoveSource.cs,d5e0186c57a70e0cfbf964f2a6895fb61bcc8110,1234,core_legality,extract_semantics_and_metadata
PKHeX.Core/Legality/Legal.cs,24bc45a0d1ae1b6b96a2c27596ceb23c37850673,15354,core_legality,extract_semantics_and_metadata
PKHeX.Core/Legality/LegalityAnalysis.cs,af7c3bf4cc271afb458510c338e844162728bd7c,11599,core_legality,extract_semantics_and_metadata
PKHeX.Core/Legality/LegalityAnalyzers.cs,035f732cc2c35065fba362f0fe6e8054fcfe5230,2010,core_legality,extract_semantics_and_metadata
PKHeX.Core/Legality/Localization/EncounterDisplayLocalization.cs,b1c48519fdde3ae6be047e1f744c264a7ab22eef,1824,core_legality,extract_semantics_and_metadata
PKHeX.Core/Legality/Localization/GeneralLocalization.cs,a5628b63acd0eacd16bc2695729f839c83b540a4,1262,core_legality,extract_semantics_and_metadata
PKHeX.Core/Legality/Localization/LegalityCheckLocalization.cs,cadb9b0fd638629ed7eaa4f02f9cbfe8c2b549a4,39361,core_legality,extract_semantics_and_metadata
PKHeX.Core/Legality/Localization/LegalityCheckResultCodeExtensions.cs,9eea522ebd96ccab685fb01503062ba4f04fba9f,26841,core_legality,extract_semantics_and_metadata
PKHeX.Core/Legality/Localization/LegalityLocalizationContext.cs,43930345cf2e9dce965ab5faf8f81d5c2e06b058,9251,core_legality,extract_semantics_and_metadata
PKHeX.Core/Legality/Localization/LegalityLocalizationSet.cs,487f253f6b53358ee273934136ef136077dbddd6,2362,core_legality,extract_semantics_and_metadata
PKHeX.Core/Legality/Localization/MoveSourceLocalization.cs,698b3e7ba36fc14dec5d55e55c0bccac0492daec,3541,core_legality,extract_semantics_and_metadata
PKHeX.Core/Legality/MoveListSuggest.cs,38bcc77185ac5bb026022bb264a144a797334a0c,9862,core_legality,extract_semantics_and_metadata
PKHeX.Core/Legality/MoveSourceType.cs,84cc07c4694edd6d4e8bb27de84feaae73ff93a5,1410,core_legality,extract_semantics_and_metadata
PKHeX.Core/Legality/Moves/Breeding/BreedInfo.cs,8c6b118a9888d33063e36fe40b0877baacb40861,942,core_legality,extract_semantics_and_metadata
PKHeX.Core/Legality/Moves/Breeding/Chain/ChainBreedLegality.cs,772321554f3cba5b411bb2403438ddd16de53688,42631,core_legality,extract_semantics_and_metadata
PKHeX.Core/Legality/Moves/Breeding/Chain/ChainBreedStep.cs,bc6054ae299bbf4515ad7eae4da3875c389aa38c,6608,core_legality,extract_semantics_and_metadata
PKHeX.Core/Legality/Moves/Breeding/Chain/ChainBreedSummary.cs,42d69fc444a49017460414072defbf83f8060729,431,core_legality,extract_semantics_and_metadata
PKHeX.Core/Legality/Moves/Breeding/Chain/ChainBreedTrace.cs,9c9c0c6a0c89a23a94044729f4f5927286a1e000,7334,core_legality,extract_semantics_and_metadata
PKHeX.Core/Legality/Moves/Breeding/Chain/ChainBreedUtil.cs,49c0d6a5f5569090067a12f02a8717b4d8fec681,5436,core_legality,extract_semantics_and_metadata
PKHeX.Core/Legality/Moves/Breeding/EggSource.cs,5247dac17be596cc9c7d6ce2c9be3598c383af3f,4241,core_legality,extract_semantics_and_metadata
PKHeX.Core/Legality/Moves/Breeding/MoveBreed.cs,7f808dae5a74ff1720e68d10314a4707bf302b44,8746,core_legality,extract_semantics_and_metadata
PKHeX.Core/Legality/Moves/Breeding/MoveBreed2.cs,01903a8074fad1b87b64dce9f834632cfe7f88d1,5813,core_legality,extract_semantics_and_metadata
PKHeX.Core/Legality/Moves/Breeding/MoveBreed3.cs,913547fabbe4d3115d9227277e3180963a10343a,5854,core_legality,extract_semantics_and_metadata
PKHeX.Core/Legality/Moves/Breeding/MoveBreed4.cs,acd7b5084ccad39e630fb53ef80157900af6dd40,5999,core_legality,extract_semantics_and_metadata
PKHeX.Core/Legality/Moves/Breeding/MoveBreed5.cs,74dfa6e688e8e683249f3b269364379df66e9a0b,5519,core_legality,extract_semantics_and_metadata
PKHeX.Core/Legality/Moves/Breeding/MoveBreed6.cs,4c09f5a2163efeb86c381a380b320d7c685a288c,4971,core_legality,extract_semantics_and_metadata
PKHeX.Core/Legality/Moves/GameData.cs,77988d73a121f99d52aff238faa73dd2b80d5a79,4589,core_legality,extract_semantics_and_metadata
PKHeX.Core/Legality/RNG/Algorithms/ARNG.cs,353d61fbe4f3411354e4a314c3291f6ccc95ac58,2242,core_legality,extract_semantics_and_metadata
PKHeX.Core/Legality/RNG/Algorithms/LCRNG.cs,b4a5690e7f290df2efb89ac8b455030aaec20602,11108,core_legality,extract_semantics_and_metadata
PKHeX.Core/Legality/RNG/Algorithms/LCRNG64.cs,e7069e285264dc18e3eaf8942803156b8f101547,1187,core_legality,extract_semantics_and_metadata
PKHeX.Core/Legality/RNG/Algorithms/LCRNGReversal.cs,fc7d8a34e75b4ed91aa8b092487fd8dcf5ca7236,4481,core_legality,extract_semantics_and_metadata
PKHeX.Core/Legality/RNG/Algorithms/LCRNGReversalSkip.cs,45bf55ea3dc77f5baa2e2f67073547ea95ebe59b,4577,core_legality,extract_semantics_and_metadata
PKHeX.Core/Legality/RNG/Algorithms/MRNG.cs,e6be2f8bfb327ca401b37ee15d5cb53e13330b9f,2424,core_legality,extract_semantics_and_metadata
PKHeX.Core/Legality/RNG/Algorithms/MRNGReversal.cs,cb3ef1aab356b075c580a0431a779896fe7905cf,3627,core_legality,extract_semantics_and_metadata
PKHeX.Core/Legality/RNG/Algorithms/XDRNG.cs,335db2018ba97fcef61b32cb635fdc6b8a23bb75,23013,core_legality,extract_semantics_and_metadata
PKHeX.Core/Legality/RNG/Algorithms/XorShift128.cs,b31918b854c36545a111301b59d70c37c18cf2aa,2858,core_legality,extract_semantics_and_metadata
PKHeX.Core/Legality/RNG/Algorithms/Xoroshiro128Plus.cs,c36478c24bc1156a492d4544e1845bf036247a81,3291,core_legality,extract_semantics_and_metadata
PKHeX.Core/Legality/RNG/Algorithms/Xoroshiro128Plus8b.cs,27c10331408ef5f6fd019c0e32bf5cd0148a04b5,3038,core_legality,extract_semantics_and_metadata
PKHeX.Core/Legality/RNG/Algorithms/Xoroshiro128PlusReversal.cs,96d83d6713157fc97f41fb5dc3663a9dfb54adea,9042,core_legality,extract_semantics_and_metadata
PKHeX.Core/Legality/RNG/CXD/LockFinder.cs,bb6d3986b6849e8d6f5152a44c2109fd4f0e5d42,1772,core_legality,extract_semantics_and_metadata
PKHeX.Core/Legality/RNG/CXD/MethodCXD.cs,c01165128443af269ac56b3d1949f92423eb6bc2,28349,core_legality,extract_semantics_and_metadata
PKHeX.Core/Legality/RNG/CXD/MethodPokeSpot.cs,ce5bd7e162ab5f4290c7ada44b76feb32e28cbf2,18170,core_legality,extract_semantics_and_metadata
PKHeX.Core/Legality/RNG/CXD/NPCLock.cs,6a1c7d505d58091ece69386c0ce536acb961fac6,1578,core_legality,extract_semantics_and_metadata
PKHeX.Core/Legality/RNG/CXD/SeedFrame.cs,da0f8633d5b4751e82016d2551b6ec4176348049,159,core_legality,extract_semantics_and_metadata
PKHeX.Core/Legality/RNG/CXD/TeamLock.cs,a8df50a0e7c56a975b747fae51acfabe8d7ac2cc,1634,core_legality,extract_semantics_and_metadata
PKHeX.Core/Legality/RNG/CXD/TeamLockResult.cs,9f40282dc83c3cb23350da66e841c1f22558f1d1,11935,core_legality,extract_semantics_and_metadata
PKHeX.Core/Legality/RNG/ClassicEra/ClassicEraRNG.cs,da6cacacf7e6c3468f5447fd3b7558ca3bdf7457,10980,core_legality,extract_semantics_and_metadata
PKHeX.Core/Legality/RNG/ClassicEra/Gen3/ChannelJirachi.cs,b5f6863022b3723519f5539995613ba30353afd2,9361,core_legality,extract_semantics_and_metadata
PKHeX.Core/Legality/RNG/ClassicEra/Gen3/CommonEvent3.cs,b3e9b9a8e0f97c2238f00d55a73c67d1d08e12c6,11134,core_legality,extract_semantics_and_metadata
PKHeX.Core/Legality/RNG/ClassicEra/Gen3/CommonEvent3Checker.cs,d531a0391cdf7c03acabdb3d52ac649d197dd841,6065,core_legality,extract_semantics_and_metadata
PKHeX.Core/Legality/RNG/ClassicEra/Gen3/Daycare3.cs,5d07cc7201d78783992a39526024f426a8607083,10470,core_legality,extract_semantics_and_metadata
PKHeX.Core/Legality/RNG/ClassicEra/Gen3/GenerateMethodH.cs,13c4cf0cc64e20afa4c44db2027125a34481323d,11978,core_legality,extract_semantics_and_metadata
PKHeX.Core/Legality/RNG/ClassicEra/Gen3/MethodH.cs,105998e9f271c1bfa292f666d3d863d79d4ec3a6,28480,core_legality,extract_semantics_and_metadata
PKHeX.Core/Legality/RNG/ClassicEra/Gen3/MethodHCondition.cs,f4945a4a6267ef81f9bf13970fcd9c018cbc2076,739,core_legality,extract_semantics_and_metadata
PKHeX.Core/Legality/RNG/ClassicEra/Gen3/MethodHWindowInfo.cs,05440cb26dc4ff833e969a63888f0edf9732b1b8,918,core_legality,extract_semantics_and_metadata
PKHeX.Core/Legality/RNG/ClassicEra/Gen3/MystryMew.cs,c6128df662cee0bdb3ac31ccd6d1e9b9d41f78a9,4627,core_legality,extract_semantics_and_metadata
PKHeX.Core/Legality/RNG/ClassicEra/Gen3/PCJPFifthAnniversary.cs,b10d39a46dccacc0dd623c1f9bc1614217d018cd,3231,core_legality,extract_semantics_and_metadata
PKHeX.Core/Legality/RNG/ClassicEra/Gen3/SlotMethodH.cs,a5fe22f85eb053dcc1dd1aed2c518044400aadbb,6099,core_legality,extract_semantics_and_metadata
PKHeX.Core/Legality/RNG/ClassicEra/Gen3/TanobyRuins3.cs,a52a616ee3ae07774e89d302d6ff2368b8cbf71b,2202,core_legality,extract_semantics_and_metadata
PKHeX.Core/Legality/RNG/ClassicEra/Gen3/WeightedTable3.cs,31ff1d2374e41e6400a723bcd0af4fd0042260a2,1258,core_legality,extract_semantics_and_metadata
PKHeX.Core/Legality/RNG/ClassicEra/Gen3/Wishmkr.cs,3e968c26cb0ee53960993e2d4d2cce7871838012,2539,core_legality,extract_semantics_and_metadata
PKHeX.Core/Legality/RNG/ClassicEra/Gen4/CuteCharm4.cs,86cfcee28cc7f65b064aac6bd299391536454126,6321,core_legality,extract_semantics_and_metadata
PKHeX.Core/Legality/RNG/ClassicEra/Gen4/GenerateMethodJ.cs,e5598f64cff6656aedcb53357221aba738791c63,8054,core_legality,extract_semantics_and_metadata
PKHeX.Core/Legality/RNG/ClassicEra/Gen4/GenerateMethodK.cs,d4e7931b86fe7c653e8ec1cf646a940a3217b831,8111,core_legality,extract_semantics_and_metadata
PKHeX.Core/Legality/RNG/ClassicEra/Gen4/InitialSeedComponents4.cs,fdd2a757b5a63f2c1276a6346540a0d2acd4fb1f,982,core_legality,extract_semantics_and_metadata
PKHeX.Core/Legality/RNG/ClassicEra/Gen4/MethodJ.cs,9a6e79984a7b830bfaa82b328850fb5004e23dbf,21866,core_legality,extract_semantics_and_metadata
PKHeX.Core/Legality/RNG/ClassicEra/Gen4/MethodK.cs,48ad8224342ab6fa6cfe20d0907452cff889f7df,32092,core_legality,extract_semantics_and_metadata
PKHeX.Core/Legality/RNG/ClassicEra/Gen4/PokewalkerRNG.cs,1a8d4b4a5ac9ec381cb06fb50e51cb8b7c415721,17545,core_legality,extract_semantics_and_metadata
PKHeX.Core/Legality/RNG/ClassicEra/Gen4/RuinsOfAlph4.cs,e78839ffff649280bc1a748b651f69ece1e2b0d5,4574,core_legality,extract_semantics_and_metadata
PKHeX.Core/Legality/RNG/ClassicEra/Gen4/SlotMethodJ.cs,e46fe5991e65c0023a757a8af59267fd75ab8c5d,3377,core_legality,extract_semantics_and_metadata
PKHeX.Core/Legality/RNG/ClassicEra/Gen4/SlotMethodK.cs,fb3004c81d6fed5e363f41a906fca6da7c121e4b,7601,core_legality,extract_semantics_and_metadata
PKHeX.Core/Legality/RNG/ClassicEra/Gen4/SolaceonRuins4.cs,1b1bc8384011d5ebb6c70249be6b8d28941d118c,2634,core_legality,extract_semantics_and_metadata
PKHeX.Core/Legality/RNG/ClassicEra/LeadEncounter.cs,c91181a53e12791d165a5b08e0f5d7e22723404e,1958,core_legality,extract_semantics_and_metadata
PKHeX.Core/Legality/RNG/ClassicEra/LeadFinder.cs,99072dbbd8ad4521ec47ae08a0b92ab493362ade,6600,core_legality,extract_semantics_and_metadata
PKHeX.Core/Legality/RNG/ClassicEra/LeadSeed.cs,80f0042cad7a0a670a408296e7bdc1072fa428ad,1536,core_legality,extract_semantics_and_metadata
PKHeX.Core/Legality/RNG/ClassicEra/MonochromeRNG.cs,12ad6a53add1509e8a642b8c501fd42c1390da11,7199,core_legality,extract_semantics_and_metadata
PKHeX.Core/Legality/RNG/Frame/FrameCache.cs,01a5b25ace8e5321e041df81907eab8aa645ff83,1536,core_legality,extract_semantics_and_metadata
PKHeX.Core/Legality/RNG/Frame/FrameCheckDetails.cs,0c03ed155c4abbfeb8dc2acf99c1fb19e495fd13,1052,core_legality,extract_semantics_and_metadata
PKHeX.Core/Legality/RNG/Frame/LeadRequired.cs,b73fe000fbbd7e0fd0a3bfdd22d17549005e847f,4302,core_legality,extract_semantics_and_metadata
PKHeX.Core/Legality/RNG/MethodFinder.cs,f70e4a9a510ac92ce3c40b164fab6714ec08c8aa,20301,core_legality,extract_semantics_and_metadata
PKHeX.Core/Legality/RNG/Methods/Gen8/GenerateParam8.cs,1e9b37c3514eb923ea1164d5d8ee286f81a660ad,756,core_legality,extract_semantics_and_metadata
PKHeX.Core/Legality/RNG/Methods/Gen8/Overworld8RNG.cs,79d816cd5135f3afd961fda86dea439aad8388dc,7904,core_legality,extract_semantics_and_metadata
PKHeX.Core/Legality/RNG/Methods/Gen8/RaidRNG.cs,ba7a3c31342c1eaa868eecd1cc396aa9e0e2e11a,8901,core_legality,extract_semantics_and_metadata
PKHeX.Core/Legality/RNG/Methods/Gen8a/Overworld8aRNG.cs,80ab1888414100442946c66cc1e2daf7cd87d575,10323,core_legality,extract_semantics_and_metadata
PKHeX.Core/Legality/RNG/Methods/Gen8a/OverworldParam8a.cs,f456f06453cc0b1e67e1837f88cf235907627f1b,588,core_legality,extract_semantics_and_metadata
PKHeX.Core/Legality/RNG/Methods/Gen8b/Roaming8bRNG.cs,0c01221c6563ad3a52ce36a9a00997885875e770,8955,core_legality,extract_semantics_and_metadata
PKHeX.Core/Legality/RNG/Methods/Gen8b/Wild8bRNG.cs,9e4d1f30455f5f1d31282eeec6d5887557a93f0f,6015,core_legality,extract_semantics_and_metadata
PKHeX.Core/Legality/RNG/Methods/Gen9/Encounter9RNG.cs,0d7bbee60c05eac75ecd870dd3466a15b0e221e4,11109,core_legality,extract_semantics_and_metadata
PKHeX.Core/Legality/RNG/Methods/Gen9/GenerateParam9.cs,3e4f160432ef0d5084b99cd25f9ace3888144e1f,1181,core_legality,extract_semantics_and_metadata
PKHeX.Core/Legality/RNG/Methods/Gen9/Tera9RNG.cs,113e52c4152dc4334da426b371064261676d45ed,12931,core_legality,extract_semantics_and_metadata
PKHeX.Core/Legality/RNG/PIDIV.cs,8415e533f37c093b67f95eb1f37e0806fc49014c,2479,core_legality,extract_semantics_and_metadata
PKHeX.Core/Legality/RNG/PIDType.cs,6f5df3a66f3fea9072f7829c8ca8e32f4d921fe5,6960,core_legality,extract_semantics_and_metadata
PKHeX.Core/Legality/RNG/Util/ShinyUtil.cs,b9b9b42988caf3fcf78ac3dfe10fe434a423075e,3278,core_legality,extract_semantics_and_metadata
PKHeX.Core/Legality/RNG/Util/ToxtricityUtil.cs,06804e9ef47c4e633cc2e77d8052d2b738e5ef50,1972,core_legality,extract_semantics_and_metadata
PKHeX.Core/Legality/Restrictions/EvolutionRestrictions.cs,9584c80c050fc0c8e01a1bc30f78a9f91786095f,7771,core_legality,extract_semantics_and_metadata
PKHeX.Core/Legality/Restrictions/GBRestrictions.cs,4e741e87568012384c50d245ba5c5953b95f2605,9507,core_legality,extract_semantics_and_metadata
PKHeX.Core/Legality/Restrictions/HomeQuirks.cs,64a6d52b37f78437d15d525f349884e2a998a741,5740,core_legality,extract_semantics_and_metadata
PKHeX.Core/Legality/Restrictions/HomeTrackerUtil.cs,be5422ac8ca8cd08ac5ead7acec852f5d5989e22,1712,core_legality,extract_semantics_and_metadata
PKHeX.Core/Legality/Restrictions/ItemRestrictions.cs,dbb7cb4994bc3ee9f0bd86da7764d3427bf43bf5,5147,core_legality,extract_semantics_and_metadata
PKHeX.Core/Legality/Restrictions/Locale/Locale3DS.cs,43821c74be8afc883f10df17b564530515809007,3580,core_legality,extract_semantics_and_metadata
PKHeX.Core/Legality/Restrictions/Locale/LocaleNDS4.cs,a2a65b46221affc423f09dc23bc2f6ff902ea6cb,1799,core_legality,extract_semantics_and_metadata
PKHeX.Core/Legality/Restrictions/Locale/LocaleNDS5.cs,266ca2ea2c3659ac4795811702afa74f5f6ffeab,1786,core_legality,extract_semantics_and_metadata
PKHeX.Core/Legality/Restrictions/Locale/Vivillon3DS.cs,4b0d468efec69583867f73583fe0491853a0b5ba,16646,core_legality,extract_semantics_and_metadata
PKHeX.Core/Legality/Restrictions/Memories/Memories.cs,d75fba7f8246b63db0be9c4ea7b76bb974eaaaaf,1316,core_legality,extract_semantics_and_metadata
PKHeX.Core/Legality/Restrictions/Memories/MemoryArgType.cs,223bf0ac7473f4d5623a2cdc815a90963aeccafa,616,core_legality,extract_semantics_and_metadata
PKHeX.Core/Legality/Restrictions/Memories/MemoryContext.cs,95689116b55ee3b2496f11cdff100446c994742e,1389,core_legality,extract_semantics_and_metadata
PKHeX.Core/Legality/Restrictions/Memories/MemoryContext6.cs,f3a4a4d4c41e88cc4b30dc2aabc4244981ad87dc,6433,core_legality,extract_semantics_and_metadata
PKHeX.Core/Legality/Restrictions/Memories/MemoryContext6Data.cs,559f9e6402928870a904f02ed531f6d54d3dd05f,10572,core_legality,extract_semantics_and_metadata
PKHeX.Core/Legality/Restrictions/Memories/MemoryContext8.cs,6bf613b2208bff92251881cd74c0f1a9658e25d4,9972,core_legality,extract_semantics_and_metadata
PKHeX.Core/Legality/Restrictions/Memories/MemoryContext8Data.cs,861e58fe8aa9973bc1c3857558c027219f684931,19472,core_legality,extract_semantics_and_metadata
PKHeX.Core/Legality/Restrictions/Memories/MemoryPermissions.cs,845474b0ceb8f62c9b18491011204a9ca5e4e534,12090,core_legality,extract_semantics_and_metadata
PKHeX.Core/Legality/Restrictions/Memories/MemoryRules.cs,d00f55f5aec953c7aa5519e1a0c1e453885e879f,2403,core_legality,extract_semantics_and_metadata
PKHeX.Core/Legality/Restrictions/Memories/MemoryVariableSet.cs,639a471fec32b9047f6e7c9657b51429aa221c20,1046,core_legality,extract_semantics_and_metadata
PKHeX.Core/Legality/Restrictions/WordFilter/TextNormalizer.cs,7cd863759a54adfafa9d70723959bd69e387574c,2749,core_legality,extract_semantics_and_metadata
PKHeX.Core/Legality/Restrictions/WordFilter/WordFilter.cs,4239eef3b1007ce3c8ff7b39b47122ac2ae3be2e,6146,core_legality,extract_semantics_and_metadata
PKHeX.Core/Legality/Restrictions/WordFilter/WordFilter3DS.cs,50a5da3384bc9a1f3efcf5fe2fd4e6eb09920ed2,3689,core_legality,extract_semantics_and_metadata
PKHeX.Core/Legality/Restrictions/WordFilter/WordFilter5.cs,0174e7db42b2bdae236df361a6b27eeb70e56b0a,2126,core_legality,extract_semantics_and_metadata
PKHeX.Core/Legality/Restrictions/WordFilter/WordFilterNX.cs,ee4d5670494714c3fba9ac6cfe9a9f9648036fc5,2564,core_legality,extract_semantics_and_metadata
PKHeX.Core/Legality/Restrictions/WordFilter/WordFilterType.cs,b865dd780567086de9ee3969419d1b4d9f238e2e,1679,core_legality,extract_semantics_and_metadata
PKHeX.Core/Legality/Settings/ExternalLegalityCheck.cs,b26625bad1e42136fe707cee259eeae768204638,2501,core_legality,extract_semantics_and_metadata
PKHeX.Core/Legality/Settings/IExternalLegalityChecker.cs,5f8d364ee8e82d245ccea336e512b4d239aea20a,1464,core_legality,extract_semantics_and_metadata
PKHeX.Core/Legality/Settings/LegalitySettings.cs,02c4323956f0dcab468b7a19edce533c1396ca1f,1444,core_legality,extract_semantics_and_metadata
PKHeX.Core/Legality/Settings/ParseSettings.cs,3804e95cd9eaf89ce7e0173035f57166d8ed66c4,4503,core_legality,extract_semantics_and_metadata
PKHeX.Core/Legality/Settings/Specialized/BulkAnalysisSettings.cs,bcec2dd38819f19c7d1977dd9276e9f52ae3b6f7,370,core_legality,extract_semantics_and_metadata
PKHeX.Core/Legality/Settings/Specialized/FramePatternSettings.cs,8814e865e6fa8c70ee7d3f66df8730c8b643dd62,1098,core_legality,extract_semantics_and_metadata
PKHeX.Core/Legality/Settings/Specialized/GameSpecificSettings.cs,556c16683691baf6fe8483cecd5e34977e6bf409,1593,core_legality,extract_semantics_and_metadata
PKHeX.Core/Legality/Settings/Specialized/HOMETransferSettings.cs,9c6c7e781aea5a43c814fb5e930136b291828300,657,core_legality,extract_semantics_and_metadata
PKHeX.Core/Legality/Settings/Specialized/HandlerRestrictions.cs,efa74d6779ba521a8dcd4f7c16d561a57f1b552b,2016,core_legality,extract_semantics_and_metadata
PKHeX.Core/Legality/Settings/Specialized/NicknameRestriction.cs,ef8b38be80409be64b616a4c31af0306b63f5475,5107,core_legality,extract_semantics_and_metadata
PKHeX.Core/Legality/Settings/Specialized/TradebackSettings.cs,92e56e893d2844c8340d67d70921e838ed9cf878,338,core_legality,extract_semantics_and_metadata
PKHeX.Core/Legality/Settings/Specialized/WordFilterSettings.cs,6a8c711e2218cc8519e5bc386bedca6122ece96a,605,core_legality,extract_semantics_and_metadata
PKHeX.Core/Legality/Structures/CheckIdentifier.cs,eea5173f48ec14d44779ab2f8a991971ce0a1512,5139,core_legality,extract_semantics_and_metadata
PKHeX.Core/Legality/Structures/CheckResult.cs,6774391a4cb9137c1f3f6200c90aaf38e1ba92e1,2311,core_legality,extract_semantics_and_metadata
PKHeX.Core/Legality/Structures/LegalInfo.cs,70a45e4988e66cc4eded9906f5ee4377a30848d0,3342,core_legality,extract_semantics_and_metadata
PKHeX.Core/Legality/Structures/LegalityCheckResultCode.cs,9b184827f1e8a1b697346046558f326b02a0834e,11828,core_legality,extract_semantics_and_metadata
PKHeX.Core/Legality/Structures/Severity.cs,9479f9cbb2a89f4c6ca2814f717f5b527885a513,579,core_legality,extract_semantics_and_metadata
PKHeX.Core/Legality/Tables/FormChangeUtil.cs,85857c5b8bbc34d0e8f680314cb12dcc22340fa3,2208,core_legality,extract_semantics_and_metadata
PKHeX.Core/Legality/Tables/FormInfo.cs,81b4db517906b93d6e2845f35e6bd30fcaf1041b,15877,core_legality,extract_semantics_and_metadata
PKHeX.Core/Legality/Tables/FormItem.cs,a9dfa4b3955edcb3e41cf25a5119cde464cf121c,6199,core_legality,extract_semantics_and_metadata
PKHeX.Core/Legality/Tables/SpeciesCategory.cs,14b8e8eaa121370f754382b1fc10a5f2f2c0b99b,4877,core_legality,extract_semantics_and_metadata
PKHeX.Core/Legality/Tables/TradeRestrictions.cs,7fad0520f1f23c0a896613ac2c4cb841815c519a,1701,core_legality,extract_semantics_and_metadata
PKHeX.Core/Legality/Verifiers/Ability/AbilityBreedLegality.cs,98c2f5d3695d30da8f5b8663faf149d10adf7afd,3020,core_legality,extract_semantics_and_metadata
PKHeX.Core/Legality/Verifiers/Ability/AbilityChangeRules.cs,faf949852f22ea5916c30e72d3b17f1d3b5f7328,11597,core_legality,extract_semantics_and_metadata
PKHeX.Core/Legality/Verifiers/Ability/AbilityVerifier.cs,7bcfba6110a5346aae51e2c06058ae7778006f35,23957,core_legality,extract_semantics_and_metadata
PKHeX.Core/Legality/Verifiers/AwakenedValueVerifier.cs,c825b26e80df6891a16d71b1d90b81767b584343,2366,core_legality,extract_semantics_and_metadata
PKHeX.Core/Legality/Verifiers/Ball/BallContext6.cs,d28773dc751e8973039ea2965453cf9895a70a95,9705,core_legality,extract_semantics_and_metadata
PKHeX.Core/Legality/Verifiers/Ball/BallContext7.cs,75b1851c6f3a271690152816738e96e840664048,10668,core_legality,extract_semantics_and_metadata
PKHeX.Core/Legality/Verifiers/Ball/BallContextHOME.cs,19118342e10bf5153d16307db8e131c67dfa9192,10786,core_legality,extract_semantics_and_metadata
PKHeX.Core/Legality/Verifiers/Ball/BallContextUtil.cs,7bc501265739e7acd1ca6723984d0f2f7c4ea0bf,707,core_legality,extract_semantics_and_metadata
PKHeX.Core/Legality/Verifiers/Ball/BallInheritanceResult.cs,05db7a921a09b0dbafb4aebd300d39d3fd5d7166,101,core_legality,extract_semantics_and_metadata
PKHeX.Core/Legality/Verifiers/Ball/BallUseLegality.cs,a7aa13eef5a942c11fdd5e2397085b0ca6b17c18,4694,core_legality,extract_semantics_and_metadata
PKHeX.Core/Legality/Verifiers/Ball/BallVerifier.cs,07ad723e2d2801f2ad29cd5cfe59c4c7e86a4118,8795,core_legality,extract_semantics_and_metadata
PKHeX.Core/Legality/Verifiers/Ball/IBallContext.cs,16191af12f658b04e32e17639d645f3761201dfd,697,core_legality,extract_semantics_and_metadata
PKHeX.Core/Legality/Verifiers/CXDVerifier.cs,979312ea5e3f8c9a0dc614e8e0586f156d367d08,1477,core_legality,extract_semantics_and_metadata
PKHeX.Core/Legality/Verifiers/ConsoleRegionVerifier.cs,3ce34e9fcc117168477e8eb59c9420f917acd474,1275,core_legality,extract_semantics_and_metadata
PKHeX.Core/Legality/Verifiers/ContestStatVerifier.cs,d3c5cafffb33f1109878c6a542b21fc0bc4b80f0,3136,core_legality,extract_semantics_and_metadata
PKHeX.Core/Legality/Verifiers/EffortExpLegality.cs,35ac9457399b79bcc95851d648ac01b21a36994b,9455,core_legality,extract_semantics_and_metadata
PKHeX.Core/Legality/Verifiers/EffortValueVerifier.cs,37e05abf4bd94f2f1c5946464629f72092f2e427,7818,core_legality,extract_semantics_and_metadata
PKHeX.Core/Legality/Verifiers/Egg/EggHatchLegality.cs,5be507c2d1eaeb6e7712850376f67aecb8655164,3923,core_legality,extract_semantics_and_metadata
PKHeX.Core/Legality/Verifiers/Egg/EggStateLegality.cs,a3af88ed6137365a7b95e03897e2e28c86f2e526,7426,core_legality,extract_semantics_and_metadata
PKHeX.Core/Legality/Verifiers/Egg/EggVerifier.cs,2f90fe8a845c45de516f593da09a6555fe817124,4603,core_legality,extract_semantics_and_metadata
PKHeX.Core/Legality/Verifiers/FormArgumentVerifier.cs,7817913bdd3061164784aa64f7fc25d3ddfce2a2,19804,core_legality,extract_semantics_and_metadata
PKHeX.Core/Legality/Verifiers/FormVerifier.cs,40ba1a209dd7ab12bebf645db251d7e4302f5502,8928,core_legality,extract_semantics_and_metadata
PKHeX.Core/Legality/Verifiers/GenderVerifier.cs,10d2b172647009bac086a61f52978b5901281061,3489,core_legality,extract_semantics_and_metadata
PKHeX.Core/Legality/Verifiers/GroundTileVerifier.cs,ea54f05387ba65db7dc2d4f3da081b8883d4974d,1575,core_legality,extract_semantics_and_metadata
PKHeX.Core/Legality/Verifiers/HistoryVerifier.cs,29582e1c1264dfa47845c1b0f1e5da62c4241caa,13516,core_legality,extract_semantics_and_metadata
PKHeX.Core/Legality/Verifiers/HyperTrainingVerifier.cs,0b5b6fcd0d1f0c33a7dbe1bc4e48d301a74ab2fa,2435,core_legality,extract_semantics_and_metadata
PKHeX.Core/Legality/Verifiers/IndividualValueVerifier.cs,4177e13ad3e955021cb1e064e6575c9538086c50,3718,core_legality,extract_semantics_and_metadata
PKHeX.Core/Legality/Verifiers/ItemVerifier.cs,b53c7dc80a01365573a0dc97a3a5e5ca6a1b785b,1782,core_legality,extract_semantics_and_metadata
PKHeX.Core/Legality/Verifiers/LanguageVerifier.cs,61d9d589ca6c79fccdde6c06b1d5b8384169ea1a,4407,core_legality,extract_semantics_and_metadata
PKHeX.Core/Legality/Verifiers/LegendsArceusVerifier.cs,0db3920bd4d107ce2cb6bfd9b2d90bfb5998e4de,10337,core_legality,extract_semantics_and_metadata
PKHeX.Core/Legality/Verifiers/LegendsZAVerifier.cs,f1361ed90d44b56d544480b5d97834b2995acb3c,15567,core_legality,extract_semantics_and_metadata
PKHeX.Core/Legality/Verifiers/LevelVerifier.cs,db9ae7459b4f8eee50ad7902d18b591a94ecdc09,5242,core_legality,extract_semantics_and_metadata
PKHeX.Core/Legality/Verifiers/MarkVerifier.cs,43a07d3cc281fa784d2ca7925c0ddbd0652eaaed,5476,core_legality,extract_semantics_and_metadata
PKHeX.Core/Legality/Verifiers/MarkingVerifier.cs,192fc44a36251f2c270e6c1136f837dd381d0b84,2339,core_legality,extract_semantics_and_metadata
PKHeX.Core/Legality/Verifiers/MedalVerifier.cs,e07a7fcc83c029bb7df9f9b2e79d3dc10ba4981a,6097,core_legality,extract_semantics_and_metadata
PKHeX.Core/Legality/Verifiers/MemoryVerifier.cs,b17b0a2ba13149e778a80e24f73cdd7e7a87e340,22573,core_legality,extract_semantics_and_metadata
PKHeX.Core/Legality/Verifiers/Misc/ContestStatGranting.cs,c7e0c3327ec00e808b35e6598bd4472110cb6715,688,core_legality,extract_semantics_and_metadata
PKHeX.Core/Legality/Verifiers/Misc/ContestStatGrantingSheen.cs,ab33df6eb8fc3e77228523a8f268a7f3143a4316,207,core_legality,extract_semantics_and_metadata
PKHeX.Core/Legality/Verifiers/Misc/ContestStatInfo.cs,4bb048ec7051fe233e5ffdf554729aa73d1c3391,9946,core_legality,extract_semantics_and_metadata
PKHeX.Core/Legality/Verifiers/Misc/FullnessRules.cs,4aeb2372473d2bc2c3df3dd755c1f9ec86464092,2427,core_legality,extract_semantics_and_metadata
PKHeX.Core/Legality/Verifiers/Misc/Gen4GlobalTradeRules.cs,52d853b86a8ad434f2cbeee6cbab4c834e602a2e,2767,core_legality,extract_semantics_and_metadata
PKHeX.Core/Legality/Verifiers/Misc/MiscDateVerifier.cs,21dfcb35abdab8b4697bbaec98cf7020928e152f,1276,core_legality,extract_semantics_and_metadata
PKHeX.Core/Legality/Verifiers/Misc/MiscEncounterDetailsVerifier.cs,5a2618fb6d2fe4a7ad5febfb74063f9e544523a5,3668,core_legality,extract_semantics_and_metadata
PKHeX.Core/Legality/Verifiers/Misc/MiscEvolutionVerifier.cs,8506ac995e3833cdf5c0bb88d58f347b56a9a181,1819,core_legality,extract_semantics_and_metadata
PKHeX.Core/Legality/Verifiers/Misc/MiscFatefulEncounterVerifier.cs,eb6f1e69937432701a3177d4d0c639f19eb62a8b,4761,core_legality,extract_semantics_and_metadata
PKHeX.Core/Legality/Verifiers/Misc/MiscG1Verifier.cs,7cc05da10eb03e7b8614628681b43b235ee07846,4927,core_legality,extract_semantics_and_metadata
PKHeX.Core/Legality/Verifiers/Misc/MiscPokerusVerifier.cs,35330d44dcea3b85ae82cd42073b84ac601b1bc3,1343,core_legality,extract_semantics_and_metadata
PKHeX.Core/Legality/Verifiers/Misc/MiscScaleVerifier.cs,60360f4527185cf9ddf38eb3c3f4a4292c17a316,4423,core_legality,extract_semantics_and_metadata
PKHeX.Core/Legality/Verifiers/Misc/MiscVerifierG3.cs,5d260c3199d9dd8ec9b0494500e2f21db957d45b,12956,core_legality,extract_semantics_and_metadata
PKHeX.Core/Legality/Verifiers/Misc/MiscVerifierG4.cs,74ff5a0a043dace44bcacbc90f8804a065662f45,6422,core_legality,extract_semantics_and_metadata
PKHeX.Core/Legality/Verifiers/Misc/MiscVerifierHelpers.cs,fd9152404dcc9361287de91b84b17bdce6aa1e81,1131,core_legality,extract_semantics_and_metadata
PKHeX.Core/Legality/Verifiers/Misc/MiscVerifierPA8.cs,2ed4457a208087aea217d8d7b6fb046d99b084f2,8699,core_legality,extract_semantics_and_metadata
PKHeX.Core/Legality/Verifiers/Misc/MiscVerifierPA9.cs,b0b6ae10d0cc7de11a7d050cef209d28ff96a78c,1246,core_legality,extract_semantics_and_metadata
PKHeX.Core/Legality/Verifiers/Misc/MiscVerifierPB7.cs,200fbdd4fb367bf63e432bbf05455e1d82bcf2aa,4341,core_legality,extract_semantics_and_metadata
PKHeX.Core/Legality/Verifiers/Misc/MiscVerifierPB8.cs,24dccf5744c2154b225fd1513cb05141da88915e,1560,core_legality,extract_semantics_and_metadata
PKHeX.Core/Legality/Verifiers/Misc/MiscVerifierPK5.cs,83655887a8e632d41bf3926bb28a00f3c7137233,1663,core_legality,extract_semantics_and_metadata
PKHeX.Core/Legality/Verifiers/Misc/MiscVerifierPK6.cs,8432028a45df0e8ba65e19cc51f5a4a16eb41348,419,core_legality,extract_semantics_and_metadata
PKHeX.Core/Legality/Verifiers/Misc/MiscVerifierPK7.cs,b134e6ac2923f78ee6e8e3abf90106f951f7f46b,578,core_legality,extract_semantics_and_metadata
PKHeX.Core/Legality/Verifiers/Misc/MiscVerifierPK8.cs,122fbc4c0d2ef17ca70526df1b9679053e828375,4426,core_legality,extract_semantics_and_metadata
PKHeX.Core/Legality/Verifiers/Misc/MiscVerifierPK9.cs,01a2eec394dd9385aa3e26cdb2de4156bfbc6dd4,7944,core_legality,extract_semantics_and_metadata
PKHeX.Core/Legality/Verifiers/Misc/MiscVerifierSK2.cs,75d51730c3a2cbf849bbbaf874d56c5b75627bca,2175,core_legality,extract_semantics_and_metadata
PKHeX.Core/Legality/Verifiers/MiscVerifier.cs,1260e2a790cd4e7a15df61cbee59eb3d7c8cab10,3383,core_legality,extract_semantics_and_metadata
PKHeX.Core/Legality/Verifiers/MovePPVerifier.cs,697e967c68a51aecea012926356d829da7936c0f,7715,core_legality,extract_semantics_and_metadata
PKHeX.Core/Legality/Verifiers/NicknameVerifier.cs,3e92928dd224b17d2239e1c91776bd0c91d4390a,20257,core_legality,extract_semantics_and_metadata
PKHeX.Core/Legality/Verifiers/PIDVerifier.cs,0b40f7c52cb944e5c3b3c5b0894e4a32437abdca,10130,core_legality,extract_semantics_and_metadata
PKHeX.Core/Legality/Verifiers/Ribbons/MarkRules.cs,b5f76e63521c11dcddbf774d9fa528b0c89c8042,10773,core_legality,extract_semantics_and_metadata
PKHeX.Core/Legality/Verifiers/Ribbons/RibbonResult.cs,dcbd6c56d6277618dd14c33f8b9f537d35013e6a,2440,core_legality,extract_semantics_and_metadata
PKHeX.Core/Legality/Verifiers/Ribbons/RibbonResultList.cs,bdefbbc7909e94376f0a5b914030a22214bbcdb4,894,core_legality,extract_semantics_and_metadata
PKHeX.Core/Legality/Verifiers/Ribbons/RibbonRules.cs,c0a6ed29ab982fe2c48e5ebee5fdd51216e19d28,16217,core_legality,extract_semantics_and_metadata
PKHeX.Core/Legality/Verifiers/Ribbons/RibbonStrings.cs,66e156b776ebd5f6dd71d66543436bb38a82cc6f,2054,core_legality,extract_semantics_and_metadata
PKHeX.Core/Legality/Verifiers/Ribbons/RibbonVerifier.cs,14115a92c9456a99293e0c88decb3f2524065bd1,7445,core_legality,extract_semantics_and_metadata
PKHeX.Core/Legality/Verifiers/Ribbons/RibbonVerifierArguments.cs,dac9fc44af26b484639cb3ae90e3dcafdc6610a9,487,core_legality,extract_semantics_and_metadata
PKHeX.Core/Legality/Verifiers/Ribbons/RibbonVerifierCommon3.cs,67356c41b0740f85f9a5d9190453d7c430d9438b,1104,core_legality,extract_semantics_and_metadata
PKHeX.Core/Legality/Verifiers/Ribbons/RibbonVerifierCommon4.cs,97219cfbb3d315b39c54a233b4a650a2e813da98,3248,core_legality,extract_semantics_and_metadata
PKHeX.Core/Legality/Verifiers/Ribbons/RibbonVerifierCommon6.cs,97e6afd2607bf62f4f42aae91cf29c3fc857a59b,6908,core_legality,extract_semantics_and_metadata
PKHeX.Core/Legality/Verifiers/Ribbons/RibbonVerifierCommon7.cs,047824789b79911a2d774eaf656e72a8c44d1418,1971,core_legality,extract_semantics_and_metadata
PKHeX.Core/Legality/Verifiers/Ribbons/RibbonVerifierCommon8.cs,4cbe61b348b2caabee93481bfbc8a739114edda8,3238,core_legality,extract_semantics_and_metadata
PKHeX.Core/Legality/Verifiers/Ribbons/RibbonVerifierCommon9.cs,d1ee26803bcf4fd7587c35be33d590d4562e5abd,993,core_legality,extract_semantics_and_metadata
PKHeX.Core/Legality/Verifiers/Ribbons/RibbonVerifierEvent3.cs,600968d44656f52cfc4123549c51460b2f7a5f5c,3241,core_legality,extract_semantics_and_metadata
PKHeX.Core/Legality/Verifiers/Ribbons/RibbonVerifierEvent4.cs,bf5abc949cc2b20b6ed75901c99d2b4b0c16adb5,3214,core_legality,extract_semantics_and_metadata
PKHeX.Core/Legality/Verifiers/Ribbons/RibbonVerifierMark9.cs,f482f431d0a32d91619d390acb1d31b8e2f6088e,2167,core_legality,extract_semantics_and_metadata
PKHeX.Core/Legality/Verifiers/Ribbons/RibbonVerifierOnly3.cs,2a3f60eb4a638f991325c754a6f70c9e1c583762,1649,core_legality,extract_semantics_and_metadata
PKHeX.Core/Legality/Verifiers/Ribbons/RibbonVerifierUnique3.cs,718515376f7056f6319f7599744647e31e28600a,1163,core_legality,extract_semantics_and_metadata
PKHeX.Core/Legality/Verifiers/Ribbons/RibbonVerifierUnique4.cs,090de89eab8c1cacadb3020906ea67e36fcd6340,6430,core_legality,extract_semantics_and_metadata
PKHeX.Core/Legality/Verifiers/SlotTypeVerifier.cs,1f0e0f029c4a064dc79e52a7d5486f1dd3c52482,1666,core_legality,extract_semantics_and_metadata
PKHeX.Core/Legality/Verifiers/TrainerIDVerifier.cs,8358d3cbc95ceea1ec379b2d19067a21a6864294,4485,core_legality,extract_semantics_and_metadata
PKHeX.Core/Legality/Verifiers/TrainerNameVerifier.cs,e5d9641f59d41bcc531c03fc5446d018d3a46af1,7264,core_legality,extract_semantics_and_metadata
PKHeX.Core/Legality/Verifiers/TransferVerifier.cs,003de991de25f48a603d4066987644c8a82d4292,8368,core_legality,extract_semantics_and_metadata
PKHeX.Core/Legality/Verifiers/TrashByteVerifier.cs,96acebf0abf01a69d8b2cd25a20282aa8cfff23c,6778,core_legality,extract_semantics_and_metadata
PKHeX.Core/Legality/Verifiers/Verifier.cs,899ac9c1eba6f4711959ffd8e215fd21354c0072,2452,core_legality,extract_semantics_and_metadata
PKHeX.Core/Moves/MoveInfo.cs,29a9d5278f04c3229e57a3f9395a757b8d5d1077,9055,core_moves,extract_semantics_and_metadata
PKHeX.Core/Moves/MoveInfo1.cs,a86794fd4e42713f59ac7c9dc1519702d0f1c583,1750,core_moves,extract_semantics_and_metadata
PKHeX.Core/Moves/MoveInfo2.cs,6880b3f866b960bc47aa4c361f76a26728c7729b,1331,core_moves,extract_semantics_and_metadata
PKHeX.Core/Moves/MoveInfo3.cs,f3a645b885bce2db1bf612b186f605c6f5008e8b,1783,core_moves,extract_semantics_and_metadata
PKHeX.Core/Moves/MoveInfo4.cs,c083c22979167df5d0d83f81ed3c6337dd8daafa,2283,core_moves,extract_semantics_and_metadata
PKHeX.Core/Moves/MoveInfo5.cs,2c60ff1426f51b9739c3d45d78413fff647db6ff,5206,core_moves,extract_semantics_and_metadata
PKHeX.Core/Moves/MoveInfo6.cs,1fe46fa879ff99484bf58fefaf38e42edf02879c,2963,core_moves,extract_semantics_and_metadata
PKHeX.Core/Moves/MoveInfo7.cs,47fcfe32f9bdb570dc5b3bb8f9f940757110b8ba,3431,core_moves,extract_semantics_and_metadata
PKHeX.Core/Moves/MoveInfo7b.cs,57a5f9228867658f5c8d92044ac57dd7270f4806,5106,core_moves,extract_semantics_and_metadata
PKHeX.Core/Moves/MoveInfo8.cs,41fb20a5957c60c63ef477c92e595b3773856567,5003,core_moves,extract_semantics_and_metadata
PKHeX.Core/Moves/MoveInfo8a.cs,3d2dcf6feb31b0b30ab09c14eaade0832307d1da,5185,core_moves,extract_semantics_and_metadata
PKHeX.Core/Moves/MoveInfo8b.cs,c929b3edb45f9422b3867709113d7a8cd7d666ad,1379,core_moves,extract_semantics_and_metadata
PKHeX.Core/Moves/MoveInfo9.cs,4435d1c565b865cca7d0af644751606ae5ba83fd,9556,core_moves,extract_semantics_and_metadata
PKHeX.Core/Moves/MoveInfo9a.cs,69922a8e756d65f1b786c37391798b2148ed0c88,9608,core_moves,extract_semantics_and_metadata
PKHeX.Core/Moves/MoveInfoGO.cs,75c550026a3cbe07cfbca2daa81671df65560919,3687,core_moves,extract_semantics_and_metadata
PKHeX.Core/Moves/VirtualConsolePP.cs,a998eb3b0a46234ca30940728837b61cc9ea3fe3,11620,core_moves,extract_semantics_and_metadata
PKHeX.Core/MysteryGifts/DataMysteryGift.cs,6de5e42b5dce2b5849eb658245ea6ef4ea5208fc,898,core_mystery_gifts,extract_semantics_and_metadata
PKHeX.Core/MysteryGifts/MysteryGift.cs,81685f69cd7b1ec2cbf745c5d207d0a676f4e9fd,11604,core_mystery_gifts,extract_semantics_and_metadata
PKHeX.Core/MysteryGifts/MysteryUtil.cs,e6881863610cba4e47cd2a0c255232b28631db6c,10994,core_mystery_gifts,extract_semantics_and_metadata
PKHeX.Core/MysteryGifts/PCD.cs,afed6fb6e206e127d6d681e360a2ce85ec9da8ba,9301,core_mystery_gifts,extract_semantics_and_metadata
PKHeX.Core/MysteryGifts/PGF.cs,540a8f78c9a25053a294b4c92ae605ff925d4e30,20849,core_mystery_gifts,extract_semantics_and_metadata
PKHeX.Core/MysteryGifts/PGT.cs,5828553381ede8cdb0332e48ddc51248139f2287,20793,core_mystery_gifts,extract_semantics_and_metadata
PKHeX.Core/MysteryGifts/PL6.cs,269c3c5353513ff1e3d35758f3a3ae0c617345d4,14042,core_mystery_gifts,extract_semantics_and_metadata
PKHeX.Core/MysteryGifts/ShinyType6.cs,a7717d5521a195a3a20b0f0af4fb6e7fc33f3bfa,618,core_mystery_gifts,extract_semantics_and_metadata
PKHeX.Core/MysteryGifts/ShinyType8.cs,e9f3af8676402084718e06744c41ffc98235d013,735,core_mystery_gifts,extract_semantics_and_metadata
PKHeX.Core/MysteryGifts/WA8.cs,4e3fa6143fadcee997efab9be0dd2378b47dbb97,40439,core_mystery_gifts,extract_semantics_and_metadata
PKHeX.Core/MysteryGifts/WA9.cs,1f3ce0ceb2d322e98841dc37191aa9d0f94d4f36,43946,core_mystery_gifts,extract_semantics_and_metadata
PKHeX.Core/MysteryGifts/WB7.cs,c857e9adfe83ca247f26b933a3cd9f7dd4e228bb,27020,core_mystery_gifts,extract_semantics_and_metadata
PKHeX.Core/MysteryGifts/WB8.cs,0b0aea4f2bfa0a4b182d0118b89708b67ab866f0,41591,core_mystery_gifts,extract_semantics_and_metadata
PKHeX.Core/MysteryGifts/WC5Full.cs,c10c677e39595acfbabd47978d403bc2fd2f5b2c,1435,core_mystery_gifts,extract_semantics_and_metadata
PKHeX.Core/MysteryGifts/WC6.cs,254c8567843a8e1492936f632d0c4adf26104ade,26154,core_mystery_gifts,extract_semantics_and_metadata
PKHeX.Core/MysteryGifts/WC6Full.cs,37b34fde6bd9f4e4d5d863aa2f8755ab07726272,1894,core_mystery_gifts,extract_semantics_and_metadata
PKHeX.Core/MysteryGifts/WC7.cs,fe876e558d1e2e68c2a0db6ef0a45a2fc3eb3f1a,27241,core_mystery_gifts,extract_semantics_and_metadata
PKHeX.Core/MysteryGifts/WC7Full.cs,eecdf2efda713e5e6cdef0daab25c8ef507edfe3,1894,core_mystery_gifts,extract_semantics_and_metadata
PKHeX.Core/MysteryGifts/WC8.cs,5c9181178a8507089d35aca345fdc0fcc1bb3d43,43450,core_mystery_gifts,extract_semantics_and_metadata
PKHeX.Core/MysteryGifts/WC9.cs,dc40639d617de0f74b0e254550bbe6142105a810,46243,core_mystery_gifts,extract_semantics_and_metadata
PKHeX.Core/MysteryGifts/WR7.cs,2dbd30fc77d1cfd6e3e5592b98829ff8493ae643,6278,core_mystery_gifts,extract_semantics_and_metadata
PKHeX.Core/PKHeX.Core.csproj,a94fcedaf46d1e8e140c68a921dfaf2510572f25,1150,core_other,extract_semantics_and_metadata
PKHeX.Core/PKM/BK4.cs,b4f52edbfcb371a44ad58e1a79db4513b68b10dc,28939,core_pkm,extract_semantics_and_metadata
PKHeX.Core/PKM/CK3.cs,4505e6f71aa9c4b02f6f87e73517f4c5294a2b65,19378,core_pkm,extract_semantics_and_metadata
PKHeX.Core/PKM/Enums/AlcremieDecoration.cs,58c36f9a65819c55441f619caffce3f32a23619c,301,core_pkm,extract_semantics_and_metadata
PKHeX.Core/PKM/Enums/GroundTileType.cs,1349e154535cac7be85ba6b3ce3dd150ff9acd71,2051,core_pkm,extract_semantics_and_metadata
PKHeX.Core/PKM/Enums/OriginMark.cs,0091a09518f14954c9964eafffb16e9e8bb622c7,1014,core_pkm,extract_semantics_and_metadata
PKHeX.Core/PKM/Enums/PokeSize.cs,05278502932412e51b09b616f26cc2d28eec7fe3,1519,core_pkm,extract_semantics_and_metadata
PKHeX.Core/PKM/Enums/PokeSizeDetailed.cs,c86b82ac1dfba139fdffdba5e5b535b616052b8c,923,core_pkm,extract_semantics_and_metadata
PKHeX.Core/PKM/Enums/PokeblockFlavor.cs,5791b6b92a9d159388317905709a99b30cb6fdca,560,core_pkm,extract_semantics_and_metadata
PKHeX.Core/PKM/Enums/StatusCondition.cs,cf38ae6e75c51e3bc1e03209192a34d1b83c8a36,1797,core_pkm,extract_semantics_and_metadata
PKHeX.Core/PKM/HOME/GameDataCore.cs,cc2777f8b59915360e4156e25277601fc4ac8447,34393,core_pkm,extract_semantics_and_metadata
PKHeX.Core/PKM/HOME/GameDataPA8.cs,b9a8374b0be2259cc3487fd2ba66dca0dfd6f920,9679,core_pkm,extract_semantics_and_metadata
PKHeX.Core/PKM/HOME/GameDataPA9.cs,cd363c71331e350d9947c8a6de82a7c675831de1,7774,core_pkm,extract_semantics_and_metadata
PKHeX.Core/PKM/HOME/GameDataPB7.cs,66941b0c7f8a822c797969e9404fb55c7d404297,9921,core_pkm,extract_semantics_and_metadata
PKHeX.Core/PKM/HOME/GameDataPB8.cs,d63193ff37fa01c5abd6429ad1aea323c768830f,6108,core_pkm,extract_semantics_and_metadata
PKHeX.Core/PKM/HOME/GameDataPC9.cs,7aeb286a148970aa31560c8acc8f8f2091b3bbad,2107,core_pkm,extract_semantics_and_metadata
PKHeX.Core/PKM/HOME/GameDataPK8.cs,792621acf7305357c09e79c2899d6b2bffa6916b,9695,core_pkm,extract_semantics_and_metadata
PKHeX.Core/PKM/HOME/GameDataPK9.cs,1925a1d6978d787efe3e2428f9ffdd19fdd23c99,9143,core_pkm,extract_semantics_and_metadata
PKHeX.Core/PKM/HOME/HomeCrypto.cs,aeb7c175682c2bdd9b3c13d0e2c61ef2141d54fe,8439,core_pkm,extract_semantics_and_metadata
PKHeX.Core/PKM/HOME/HomeGameDataFormat.cs,7b4847d5e2e8e27dbcdd8b58b9ea905c97cab814,270,core_pkm,extract_semantics_and_metadata
PKHeX.Core/PKM/HOME/HomeOptional1.cs,b596b922396a6e33bbf3a712be2b51883f433606,1458,core_pkm,extract_semantics_and_metadata
PKHeX.Core/PKM/HOME/IGameDataSide.cs,661a3f53aba16cbd107717b9252540239fadbe55,6439,core_pkm,extract_semantics_and_metadata
PKHeX.Core/PKM/HOME/IGameDataSplitAbility.cs,6cebe439a4f89facf630e8903286c7c243123859,435,core_pkm,extract_semantics_and_metadata
PKHeX.Core/PKM/HOME/IHomeStorage.cs,18c0960cc24b4f3ca8223342fb76834b537cdb74,965,core_pkm,extract_semantics_and_metadata
PKHeX.Core/PKM/HOME/IPokerusStatus.cs,397faaac921dfe899965fce9b799db443cddfeb2,250,core_pkm,extract_semantics_and_metadata
PKHeX.Core/PKM/HOME/PKH.cs,03713176adac191a92baf6c22f77bd57c01d5a8b,28622,core_pkm,extract_semantics_and_metadata
PKHeX.Core/PKM/Interfaces/IAffection.cs,3410aef3fe7366b3ede72b7b4e2badc1b733e979,304,core_pkm,extract_semantics_and_metadata
PKHeX.Core/PKM/Interfaces/IAlpha.cs,ed3bb7bcf42aa3a46b3699f3ac088a25bfdbd05a,211,core_pkm,extract_semantics_and_metadata
PKHeX.Core/PKM/Interfaces/IAppliedMarkings.cs,994c65c38894c8af88912a97957449288c155a65,2336,core_pkm,extract_semantics_and_metadata
PKHeX.Core/PKM/Interfaces/IAwakened.cs,d8c9c6378e357db8a7ef3dde4e6e938501bf4cbb,8264,core_pkm,extract_semantics_and_metadata
PKHeX.Core/PKM/Interfaces/IBattleVersion.cs,f5dc2f449499e694c52106ad2514a785652a4a7c,2186,core_pkm,extract_semantics_and_metadata
PKHeX.Core/PKM/Interfaces/ICaughtData2.cs,1d69caa641c9ec9f5527746328c8ec1df2338f5f,364,core_pkm,extract_semantics_and_metadata
PKHeX.Core/PKM/Interfaces/IContestStats.cs,7a4d2c22990eb39807650f335079274637e61de2,397,core_pkm,extract_semantics_and_metadata
PKHeX.Core/PKM/Interfaces/IDynamaxLevel.cs,53fcc882e1b94083674cbac740703c307ce130b4,310,core_pkm,extract_semantics_and_metadata
PKHeX.Core/PKM/Interfaces/IFatefulEncounter.cs,b3d4c8383f5f373c5e39176bf256d961fe8c384c,284,core_pkm,extract_semantics_and_metadata
PKHeX.Core/PKM/Interfaces/IFavorite.cs,382cd2bd064640a602f46e3e1e2823da676730d5,278,core_pkm,extract_semantics_and_metadata
PKHeX.Core/PKM/Interfaces/IFormArgument.cs,053532119fcccd363ae44f1db241ba3817ee1330,10735,core_pkm,extract_semantics_and_metadata
PKHeX.Core/PKM/Interfaces/IFullnessEnjoyment.cs,3c80d04fdf63cb45311ba392a7d29f758b9e1840,333,core_pkm,extract_semantics_and_metadata
PKHeX.Core/PKM/Interfaces/IGCRegion.cs,a65e155031ee7fff689c3f93cd98bd78394f4b1e,290,core_pkm,extract_semantics_and_metadata
PKHeX.Core/PKM/Interfaces/IGanbaru.cs,2d1600d3d10f846d81310fe9729aab65f6420965,6173,core_pkm,extract_semantics_and_metadata
PKHeX.Core/PKM/Interfaces/IGeoTrack.cs,e207438535f14d8daa2b1f48fd38d902c1aaf4fb,5745,core_pkm,extract_semantics_and_metadata
PKHeX.Core/PKM/Interfaces/IGigantamax.cs,299462298ca9d482575c70d3ea36acae2f9f39d4,348,core_pkm,extract_semantics_and_metadata
PKHeX.Core/PKM/Interfaces/IGroundTile.cs,335c29200edac63a721366a41509eb42f9245cc5,307,core_pkm,extract_semantics_and_metadata
PKHeX.Core/PKM/Interfaces/IHandlerLanguage.cs,a4c51506d54ae3eb6f3e36fcfb94774483dac6c0,297,core_pkm,extract_semantics_and_metadata
PKHeX.Core/PKM/Interfaces/IHandlerUpdate.cs,2beac48a67e84022f4732ed4f3e7d3ef61ef8b25,632,core_pkm,extract_semantics_and_metadata
PKHeX.Core/PKM/Interfaces/IHomeTrack.cs,9e30de46ef02f09eeb9ed5d760ef52f8a75947a1,551,core_pkm,extract_semantics_and_metadata
PKHeX.Core/PKM/Interfaces/IHyperTrain.cs,84d6910ace0bc4db0c9544c30f984c3e10b385e9,7184,core_pkm,extract_semantics_and_metadata
PKHeX.Core/PKM/Interfaces/IMemoryHT.cs,813f6ab689ee43a3a7389e78fa4c266abc17e3b7,1750,core_pkm,extract_semantics_and_metadata
PKHeX.Core/PKM/Interfaces/IMemoryOT.cs,e6bf2034114b81c7c7e95445d871a53ab280f691,705,core_pkm,extract_semantics_and_metadata
PKHeX.Core/PKM/Interfaces/IMoveShop8.cs,170aeea86c17c57f8e3fe2a9d65dfc8568ac7e43,4585,core_pkm,extract_semantics_and_metadata
PKHeX.Core/PKM/Interfaces/INature.cs,8f056e9c6b15c4bbbc86149bc9031086d6f2387e,249,core_pkm,extract_semantics_and_metadata
PKHeX.Core/PKM/Interfaces/INoble.cs,97da21d3d3957043fbe124786c12d092385a4eeb,192,core_pkm,extract_semantics_and_metadata
PKHeX.Core/PKM/Interfaces/IObedienceLevel.cs,1cc69f107574b022826136ffb287bb5afa25a375,1017,core_pkm,extract_semantics_and_metadata
PKHeX.Core/PKM/Interfaces/IPlusRecord.cs,f8d37e630805c8e392340631d16e5037a47f5775,1430,core_pkm,extract_semantics_and_metadata
PKHeX.Core/PKM/Interfaces/IRegionOrigin.cs,c4272d956579702e20a030f3dc0a0bc385a0faca,2559,core_pkm,extract_semantics_and_metadata
PKHeX.Core/PKM/Interfaces/ISanityChecksum.cs,0a15234f4f38d623888f1dbb79a4ed504bf1c276,866,core_pkm,extract_semantics_and_metadata
PKHeX.Core/PKM/Interfaces/IScaledSize.cs,a0606969b7d5d4727ec62e7f392d8568d8109457,1083,core_pkm,extract_semantics_and_metadata
PKHeX.Core/PKM/Interfaces/ISeparateIVs.cs,3af41cb248285dc2f66de998a2ea17b1a077ecbc,304,core_pkm,extract_semantics_and_metadata
PKHeX.Core/PKM/Interfaces/IShadowCapture.cs,27065248b0135c2b6fcb61fe3d04083616e38724,340,core_pkm,extract_semantics_and_metadata
PKHeX.Core/PKM/Interfaces/ISociability.cs,059206b88667d2400282bb91ecec87e9aca81d55,166,core_pkm,extract_semantics_and_metadata
PKHeX.Core/PKM/Interfaces/ISuperTrain.cs,f5168621c080a9c3c47b4636794978d53cb6f1dc,896,core_pkm,extract_semantics_and_metadata
PKHeX.Core/PKM/Interfaces/ISuperTrainRegimen.cs,17ea2e4156792d651e7b8cbcf2e78a0fff7eb09d,7991,core_pkm,extract_semantics_and_metadata
PKHeX.Core/PKM/Interfaces/ITechRecord.cs,7cd69414847a49e926da3c31f0e0b00fef52a2b8,1557,core_pkm,extract_semantics_and_metadata
PKHeX.Core/PKM/Interfaces/ITeraType.cs,8517233b9c7001ac02eca2744e8810c7a23c4d0c,6331,core_pkm,extract_semantics_and_metadata
PKHeX.Core/PKM/Interfaces/ITrainerID.cs,440475a14ecc0dc1617f49bb921f6a172208cdcd,2553,core_pkm,extract_semantics_and_metadata
PKHeX.Core/PKM/Interfaces/ITrainerID32.cs,d308df5988d87afb7c2e7aa0d8663f5969c9f459,4760,core_pkm,extract_semantics_and_metadata
PKHeX.Core/PKM/Interfaces/ITrainerMemories.cs,51fa7c48c6d1077c34386b1ab1a03f4e4c2ca9b3,157,core_pkm,extract_semantics_and_metadata
PKHeX.Core/PKM/Interfaces/Metadata/IContext.cs,be4c6f14972d87715f86ea799068a8204a493e43,169,core_pkm,extract_semantics_and_metadata
PKHeX.Core/PKM/Interfaces/Metadata/IGameValueLimit.cs,66c1b1fdeddc3353e6e47e50b13704caf9cd829f,1473,core_pkm,extract_semantics_and_metadata
PKHeX.Core/PKM/Interfaces/Metadata/IGeneration.cs,66d32dfd52de7c3628932a8aad05c4a7d1a0b99f,320,core_pkm,extract_semantics_and_metadata
PKHeX.Core/PKM/Interfaces/Metadata/ILangNick.cs,b2d95b769bca9cf4b5f0b3e8abedb0714f50531d,144,core_pkm,extract_semantics_and_metadata
PKHeX.Core/PKM/Interfaces/Metadata/IShiny.cs,1fc24cc4915932d3d9b9779bdcbe2f4f81947072,253,core_pkm,extract_semantics_and_metadata
PKHeX.Core/PKM/Interfaces/Metadata/ISpeciesForm.cs,8d6af39ba7da1b390c2ba10c3561e7c0da8b4913,316,core_pkm,extract_semantics_and_metadata
PKHeX.Core/PKM/Interfaces/Metadata/IVersion.cs,406218387cbd48f1b0cb6de02614ee38b2ff2a42,1721,core_pkm,extract_semantics_and_metadata
PKHeX.Core/PKM/Interfaces/Templates/IAlphaReadOnly.cs,a13730877b692c243ac3358bd9fb499759c747b7,193,core_pkm,extract_semantics_and_metadata
PKHeX.Core/PKM/Interfaces/Templates/IContestStatsReadOnly.cs,113ebc0f905224d36d287d457be6cb09bae18985,4104,core_pkm,extract_semantics_and_metadata
PKHeX.Core/PKM/Interfaces/Templates/IDynamaxLevelReadOnly.cs,c8196382701d8ab72bbab22bb6c7aa29cbd2fca1,1262,core_pkm,extract_semantics_and_metadata
PKHeX.Core/PKM/Interfaces/Templates/IEncounterDownlevel.cs,adf6decf7165cf3fdc7b3099500d57d4fe3f4dc2,337,core_pkm,extract_semantics_and_metadata
PKHeX.Core/PKM/Interfaces/Templates/IFatefulEncounterReadOnly.cs,ae5c1411ee1c80ab8298b54f94ba8678cdf384f2,255,core_pkm,extract_semantics_and_metadata
PKHeX.Core/PKM/Interfaces/Templates/IFixedOTFriendship.cs,50baa8e1f16ddf7eebcb40d43a34f65b90237e63,197,core_pkm,extract_semantics_and_metadata
PKHeX.Core/PKM/Interfaces/Templates/IGigantamaxReadOnly.cs,cfb904a166e8290a799d80839eea790b9ad95410,3473,core_pkm,extract_semantics_and_metadata
PKHeX.Core/PKM/Interfaces/Templates/ILangNicknamedTemplate.cs,0384bdeae063c1e099cb832b349970d9e438318c,255,core_pkm,extract_semantics_and_metadata
PKHeX.Core/PKM/Interfaces/Templates/IMemoryOTReadOnly.cs,622b981581a32c4e69ed30d443b4149bc8d6bc34,248,core_pkm,extract_semantics_and_metadata
PKHeX.Core/PKM/Interfaces/Templates/INatureReadOnly.cs,2645659f2cbcebbbe0a51be50679f6874b748f01,230,core_pkm,extract_semantics_and_metadata
PKHeX.Core/PKM/Interfaces/Templates/IObedienceLevelReadOnly.cs,613dc64cf6845d69948edfe7112bc0d5a8eff569,345,core_pkm,extract_semantics_and_metadata
PKHeX.Core/PKM/Interfaces/Templates/IScaledSizeReadOnly.cs,1cc41345f8c10f68c478d86130aaecae78d75c1a,197,core_pkm,extract_semantics_and_metadata
PKHeX.Core/PKM/PA8.cs,e61b74aa534709aa19b6f6be043e9ca62e6d3927,50325,core_pkm,extract_semantics_and_metadata
PKHeX.Core/PKM/PA9.cs,84b3b83dfbddf1a1cafc7cd862c59e48950d0863,46888,core_pkm,extract_semantics_and_metadata
PKHeX.Core/PKM/PB7.cs,f78d437cfdfe640de5f8dabc935270eedadfeb58,40858,core_pkm,extract_semantics_and_metadata
PKHeX.Core/PKM/PB8.cs,92805df3c83d6c7f8dbd028f3908279cc878090c,5128,core_pkm,extract_semantics_and_metadata
PKHeX.Core/PKM/PK1.cs,a4b692ae7045afb9d11ea3a3b6e25b94c0c4de8b,14177,core_pkm,extract_semantics_and_metadata
PKHeX.Core/PKM/PK2.cs,4fb92a0d00f48b84e3293746436acbd621150f6b,14807,core_pkm,extract_semantics_and_metadata
PKHeX.Core/PKM/PK3.cs,460bc93c34fabcf8bf6980b169d656c08b6efa15,23376,core_pkm,extract_semantics_and_metadata
PKHeX.Core/PKM/PK4.cs,e49f0629e2071f4d59c8285abfc849775742f853,31567,core_pkm,extract_semantics_and_metadata
PKHeX.Core/PKM/PK5.cs,e099c58bcb41e978998168adc783d3240f9a985b,41386,core_pkm,extract_semantics_and_metadata
PKHeX.Core/PKM/PK6.cs,f78ca1f144ad0d220a7c09199fc0a8251772ac0d,36252,core_pkm,extract_semantics_and_metadata
PKHeX.Core/PKM/PK7.cs,5d7456161d7d5f9ec5eff2a5b5e42c23ca07e798,40479,core_pkm,extract_semantics_and_metadata
PKHeX.Core/PKM/PK8.cs,3e3e05db5903cf50a4a045af820166f80b09d5a7,5154,core_pkm,extract_semantics_and_metadata
PKHeX.Core/PKM/PK9.cs,3435e5213da93ee5e230fe47881b3609eddd4819,46147,core_pkm,extract_semantics_and_metadata
PKHeX.Core/PKM/PKM.cs,9044b2d071427ddecfee0aa14d0b39e093317e6c,45976,core_pkm,extract_semantics_and_metadata
PKHeX.Core/PKM/RK4.cs,bbcecb23198dd029684e9352a8d113c73a34be72,29037,core_pkm,extract_semantics_and_metadata
PKHeX.Core/PKM/SK2.cs,8445a9eeaa4b4e1679e32e7378ce06e1e4384065,11119,core_pkm,extract_semantics_and_metadata
PKHeX.Core/PKM/Searching/CloneDetectionMethod.cs,3f72f182541d0010ac0cb986a73937ad33acc99a,462,core_pkm,extract_semantics_and_metadata
PKHeX.Core/PKM/Searching/EntityPresenceFilters.cs,95b20bb535ffa64a9b2ec273304fd3c9f2c827a4,3010,core_pkm,extract_semantics_and_metadata
PKHeX.Core/PKM/Searching/SearchComparison.cs,adf8963e540d57460b757afb945b279fa5bb6dbe,191,core_pkm,extract_semantics_and_metadata
PKHeX.Core/PKM/Searching/SearchSettings.cs,92c84b9e87c4fce3c17674ee71f6ad564e51e5d8,8644,core_pkm,extract_semantics_and_metadata
PKHeX.Core/PKM/Searching/SearchUtil.cs,634b1ce30f1142579d6d8e2566e79e4c56121cc5,6873,core_pkm,extract_semantics_and_metadata
PKHeX.Core/PKM/Shared/G3PKM.cs,1042c3edef50b4f2d16b164c56ef2a3461befc9f,9346,core_pkm,extract_semantics_and_metadata
PKHeX.Core/PKM/Shared/G4PKM.cs,0b46674311ce0446f18c4de4f066fe80ee6e8591,24822,core_pkm,extract_semantics_and_metadata
PKHeX.Core/PKM/Shared/G6PKM.cs,22865c0f08cb88b6bca4731f75a9ff90d19ce50a,5136,core_pkm,extract_semantics_and_metadata
PKHeX.Core/PKM/Shared/G8PKM.cs,38f699bea4faf338283cb091d8e638a5b0374205,39611,core_pkm,extract_semantics_and_metadata
PKHeX.Core/PKM/Shared/GBPKM.cs,4e09e9f209c58c53de4437be1a876be57faf9ab0,11491,core_pkm,extract_semantics_and_metadata
PKHeX.Core/PKM/Shared/GBPKML.cs,a2bc25539d9db6051803029483ba6115fa0800e5,3956,core_pkm,extract_semantics_and_metadata
PKHeX.Core/PKM/Shared/PokeList1.cs,1f9af0e659196d012837ddc6c50798163cb6c167,13408,core_pkm,extract_semantics_and_metadata
PKHeX.Core/PKM/Shared/PokeList2.cs,d72955393d9a2369073be1e80d9e5719a53f4df7,13477,core_pkm,extract_semantics_and_metadata
PKHeX.Core/PKM/Strings/Font/StringFont3GC.cs,29e045fbbf7d839caae96d689067be8ec1ed6cad,55436,core_pkm,extract_semantics_and_metadata
PKHeX.Core/PKM/Strings/Font/StringFont5.cs,2e56c8c75abc77ecd497d58e9f194d232a32483b,55341,core_pkm,extract_semantics_and_metadata
PKHeX.Core/PKM/Strings/Font/StringFont6.cs,1282ecbd18c47d144c770b573724968d9cf1942b,55394,core_pkm,extract_semantics_and_metadata
PKHeX.Core/PKM/Strings/Font/StringFont7.cs,54afc3444bd27eefc7e0202ed6b2c8f0f4ca2a85,92447,core_pkm,extract_semantics_and_metadata
PKHeX.Core/PKM/Strings/Font/StringFont8.cs,f1f86d4ee2965704feaa75aced3af631dd5256eb,284872,core_pkm,extract_semantics_and_metadata
PKHeX.Core/PKM/Strings/Font/StringFont8a.cs,a3cc4459db385ae64d4136750ede52ba66b21f01,439,core_pkm,extract_semantics_and_metadata
PKHeX.Core/PKM/Strings/Font/StringFont8b.cs,6fc0cb33cdfda99e97a4ba3fd7d0cb1e82edd6e5,25607,core_pkm,extract_semantics_and_metadata
PKHeX.Core/PKM/Strings/Font/StringFontUtil.cs,bd5dcb1495b44f6f4fe9ac83269f08377e33a978,7235,core_pkm,extract_semantics_and_metadata
PKHeX.Core/PKM/Strings/IStringConverter.cs,82308c7436ee5bc9d8673438c332065ef75821ae,2408,core_pkm,extract_semantics_and_metadata
PKHeX.Core/PKM/Strings/StringConverter.cs,95e5b3ab29fd0d9346e8723b650348669f329abc,7530,core_pkm,extract_semantics_and_metadata
PKHeX.Core/PKM/Strings/StringConverter1.cs,d78fc95dc7d10c4d0fb4601253286e176403b7ec,11454,core_pkm,extract_semantics_and_metadata
PKHeX.Core/PKM/Strings/StringConverter12Transporter.cs,3aa968c3a52059c53f470a75a5388997c97c969a,10624,core_pkm,extract_semantics_and_metadata
PKHeX.Core/PKM/Strings/StringConverter2.cs,84174feba08c213c54f6eb56b7739268f081b919,21566,core_pkm,extract_semantics_and_metadata
PKHeX.Core/PKM/Strings/StringConverter2KOR.cs,5678831b23ebb18ddeb6c0c81978b25a0d87f7e0,30961,core_pkm,extract_semantics_and_metadata
PKHeX.Core/PKM/Strings/StringConverter3.cs,54b6caa4c11b650a81ef4ccc7fdbd032268fbd5c,11975,core_pkm,extract_semantics_and_metadata
PKHeX.Core/PKM/Strings/StringConverter345.cs,92b61d11194ea0333561f7ff9c4041e06ae48b0f,63642,core_pkm,extract_semantics_and_metadata
PKHeX.Core/PKM/Strings/StringConverter3GC.cs,707fb8f7eadd66b4c3e48407e96802c7b948c945,10637,core_pkm,extract_semantics_and_metadata
PKHeX.Core/PKM/Strings/StringConverter4.cs,4c8c23a0d7077d9d1f6dc59aac1b1b5772bf98bf,2857,core_pkm,extract_semantics_and_metadata
PKHeX.Core/PKM/Strings/StringConverter4GC.cs,efc1eb294f07e19edf398b3fde5804c1586e448d,9202,core_pkm,extract_semantics_and_metadata
PKHeX.Core/PKM/Strings/StringConverter4Util.cs,328667bb90d47c18d45620182328e69786b5630e,28757,core_pkm,extract_semantics_and_metadata
PKHeX.Core/PKM/Strings/StringConverter5.cs,7289770ad70a2ec336f122b9a33e606c7bd987aa,3016,core_pkm,extract_semantics_and_metadata
PKHeX.Core/PKM/Strings/StringConverter6.cs,0ba41947856157a15fafa5687ea01d855e76b1bc,2813,core_pkm,extract_semantics_and_metadata
PKHeX.Core/PKM/Strings/StringConverter7.cs,2f9000a1d39e2a2a76533f3fa7cb0bc1b5c26ef8,3296,core_pkm,extract_semantics_and_metadata
PKHeX.Core/PKM/Strings/StringConverter7ZH.cs,13c51afdc9d0a3e82e4cc642242b0946a3fa859a,17056,core_pkm,extract_semantics_and_metadata
PKHeX.Core/PKM/Strings/StringConverter8.cs,475d42cdf75a5ef65c6bfe686881db010a30d0cc,8543,core_pkm,extract_semantics_and_metadata
PKHeX.Core/PKM/Strings/StringConverterOption.cs,afd2a0d4b98f1f63e3b519410f91f58cf9af17e2,1065,core_pkm,extract_semantics_and_metadata
PKHeX.Core/PKM/Strings/Trainer/ReplaceTrainerName7.cs,df5c1c5fba5f64e235a405074edb1e5b2932d254,62572,core_pkm,extract_semantics_and_metadata
PKHeX.Core/PKM/Strings/Trainer/ReplaceTrainerName8.cs,d80f0b9e516d0c104416807b17fbade3501f4d70,5804,core_pkm,extract_semantics_and_metadata
PKHeX.Core/PKM/Strings/Trainer/ReplaceTrainerName8a.cs,aff6657f442fc31ffd019ef796e5e392075131b9,3007,core_pkm,extract_semantics_and_metadata
PKHeX.Core/PKM/Strings/Trainer/ReplaceTrainerName8b.cs,f96de45144aca12fae7fe5533a42e7f16656ca5f,3929,core_pkm,extract_semantics_and_metadata
PKHeX.Core/PKM/Strings/Trainer/ReplaceTrainerName9.cs,fe1ca9e0b6a7c8e09ebef8d2129670cb1c8e8a93,3022,core_pkm,extract_semantics_and_metadata
PKHeX.Core/PKM/Strings/Trainer/ReplaceTrainerName9a.cs,65e8ca2f7f4b28c8bad8b0f06e30bb67fec883a0,3079,core_pkm,extract_semantics_and_metadata
PKHeX.Core/PKM/Strings/Trainer/ReplaceTrainerNameHOME.cs,e59ac6ec624ac4752bf23d2302e56363c536cc41,8820,core_pkm,extract_semantics_and_metadata
PKHeX.Core/PKM/Strings/Trash/ITrashIntrospection.cs,4ec8caf164f17a8927bb5c5d5bc9bcae30548e8c,1112,core_pkm,extract_semantics_and_metadata
PKHeX.Core/PKM/Strings/Trash/TrashBytes8.cs,4fcf981bcc3885ac47dad9e44922268d945a27fc,717,core_pkm,extract_semantics_and_metadata
PKHeX.Core/PKM/Strings/Trash/TrashBytesGB.cs,a2199664267185d5b5bf09e2b422402fe4e8bf43,791,core_pkm,extract_semantics_and_metadata
PKHeX.Core/PKM/Strings/Trash/TrashBytesUTF16.cs,e4d4aa08a9d8832862bf4cfc536ae7e1daf6d531,4320,core_pkm,extract_semantics_and_metadata
PKHeX.Core/PKM/Strings/Trash/TrashMatch.cs,b8ad30b4e5ad6ee310d164f699a7a9f9b3075d22,685,core_pkm,extract_semantics_and_metadata
PKHeX.Core/PKM/Strings/Trash/TrashTrainer3.cs,7d82a18fc589222e4fa3bbfcde59d85f78fa1303,28295,core_pkm,extract_semantics_and_metadata
PKHeX.Core/PKM/Util/Conversion/EntityCompatibilitySetting.cs,4fa4d0ebe33c37b4c8c87431e63756fd85c83278,161,core_pkm,extract_semantics_and_metadata
PKHeX.Core/PKM/Util/Conversion/EntityConverter.cs,808bd7f22711d586e1840c81cf42f7cc3a576014,13784,core_pkm,extract_semantics_and_metadata
PKHeX.Core/PKM/Util/Conversion/EntityConverterResult.cs,f7b60138830fc1e75b6d88738b71e7a1864cd3cf,336,core_pkm,extract_semantics_and_metadata
PKHeX.Core/PKM/Util/Conversion/EntityConverterResultExtensions.cs,c745f37cc1342fb7cb7f1587055833d782cf117c,2442,core_pkm,extract_semantics_and_metadata
PKHeX.Core/PKM/Util/Conversion/EntityRejuvenationSetting.cs,37746b7a2f2d2d8282111a0770049afd6fdb9103,213,core_pkm,extract_semantics_and_metadata
PKHeX.Core/PKM/Util/Conversion/FormConverter.cs,5df6dda1ce2d205941ad0101a6039d8e4311433a,41843,core_pkm,extract_semantics_and_metadata
PKHeX.Core/PKM/Util/Conversion/IEntityRejuvenator.cs,aa949674374002bc63d9cd97e83d649046fb76ef,7642,core_pkm,extract_semantics_and_metadata
PKHeX.Core/PKM/Util/Conversion/ItemConverter.cs,13572eb3d11cb3820dba7423bb76a10e7a8cb393,11985,core_pkm,extract_semantics_and_metadata
PKHeX.Core/PKM/Util/Conversion/SpeciesConverter.cs,ffa1746e05cb4abade0fa0c523409715aaa9cdfb,10601,core_pkm,extract_semantics_and_metadata
PKHeX.Core/PKM/Util/Conversion/TransporterLogic.cs,b911917aa623ef81d1e0a723cd379dbfea254fe7,1255,core_pkm,extract_semantics_and_metadata
PKHeX.Core/PKM/Util/EffortValues.cs,897c26bc023dbce669f7b2a9200fda6ceb2e3403,8326,core_pkm,extract_semantics_and_metadata
PKHeX.Core/PKM/Util/EntityBlank.cs,bc0cc10fd938b41515ad43aaa405c4ca8bed4e04,3497,core_pkm,extract_semantics_and_metadata
PKHeX.Core/PKM/Util/EntityCharacteristic.cs,4d367486f7ad8f30e3d16a2e537d6e0bee7c123e,5234,core_pkm,extract_semantics_and_metadata
PKHeX.Core/PKM/Util/EntityContext.cs,7712c2bd3d4cdfe9c0b00c4e671f2d7c701d1f05,5304,core_pkm,extract_semantics_and_metadata
PKHeX.Core/PKM/Util/EntityDetection.cs,f5235d0adea39d0d43d5bb5f7aa0976798111496,3361,core_pkm,extract_semantics_and_metadata
PKHeX.Core/PKM/Util/EntityFileExtension.cs,8fc4e30e42f9313b904f7c690a7bdb93eb9583cd,4704,core_pkm,extract_semantics_and_metadata
PKHeX.Core/PKM/Util/EntityFileNamer.cs,b99aec8a3ba378e7013099117fa462dbf92e680a,4825,core_pkm,extract_semantics_and_metadata
PKHeX.Core/PKM/Util/EntityFormat.cs,afad266f208984be5435ef4f8865cf5e6030cd14,10934,core_pkm,extract_semantics_and_metadata
PKHeX.Core/PKM/Util/EntityGender.cs,9fe7a1348a53d10b0edab5d31af28a160147b7c6,8361,core_pkm,extract_semantics_and_metadata
PKHeX.Core/PKM/Util/EntityPID.cs,73bfe4fc371850876506edf9f5b8d42c69020ec1,2951,core_pkm,extract_semantics_and_metadata
PKHeX.Core/PKM/Util/EntitySorting.cs,56754668be5e1fd0a4e7c858b7826d45b0d98a72,10495,core_pkm,extract_semantics_and_metadata
PKHeX.Core/PKM/Util/Experience.cs,2e695c078143ae102bfa7fe27c8d2bcdbeea3b99,13206,core_pkm,extract_semantics_and_metadata
PKHeX.Core/PKM/Util/GameConsole.cs,0947d215427307e0c7c22059db54c5b8b4d422c8,810,core_pkm,extract_semantics_and_metadata
PKHeX.Core/PKM/Util/Language.cs,bffd2d6e7dca396bc82b3eca249d44e5cdcffc6c,5244,core_pkm,extract_semantics_and_metadata
PKHeX.Core/PKM/Util/Latest.cs,a344e54d3c12cfc0b9506c2f322b700f444b60f7,328,core_pkm,extract_semantics_and_metadata
PKHeX.Core/PKM/Util/PokeCrypto.cs,8e2fe105247d1b0319920280c4fbc2b2341eeca3,17516,core_pkm,extract_semantics_and_metadata
PKHeX.Core/PKM/Util/RecentTrainerCache.cs,b84bdbf68b0c2f593262d7a61bda0a29b053e4ae,2791,core_pkm,extract_semantics_and_metadata
PKHeX.Core/PKM/Util/SpeciesName.cs,4782dd8974218750a17870a493310ec42ae345d7,16297,core_pkm,extract_semantics_and_metadata
PKHeX.Core/PKM/Util/TrainerName.cs,131ca4cba24f2a37a1b39c10b880e5004f257486,337,core_pkm,extract_semantics_and_metadata
PKHeX.Core/PKM/XK3.cs,1a51cb25dff4362df2b0a70f42d9d179e0b3e2c3,19821,core_pkm,extract_semantics_and_metadata
PKHeX.Core/PersonalInfo/Enums/EggGroup.cs,cf544b7251cd4cefcc697f10998332b510fbdd79,598,core_personal,extract_semantics_and_metadata
PKHeX.Core/PersonalInfo/Enums/PersonalColor.cs,0114b91fc2f4eede8601404bb39f843b653ec4d8,265,core_personal,extract_semantics_and_metadata
PKHeX.Core/PersonalInfo/Info/PersonalInfo1.cs,b22a15410d3f51d8524a52d0d35065be2e11f7b2,5608,core_personal,extract_semantics_and_metadata
PKHeX.Core/PersonalInfo/Info/PersonalInfo2.cs,ed06a92aa13c695001a8d35c047d557c4cbc9bb5,5941,core_personal,extract_semantics_and_metadata
PKHeX.Core/PersonalInfo/Info/PersonalInfo3.cs,c70878954dd5c54040779cacb57963c72644fab7,5343,core_personal,extract_semantics_and_metadata
PKHeX.Core/PersonalInfo/Info/PersonalInfo4.cs,4fddd011b9571a33257fbd8480565afda332f3a9,10231,core_personal,extract_semantics_and_metadata
PKHeX.Core/PersonalInfo/Info/PersonalInfo5B2W2.cs,20f78b4a3daeb7003797d9105e64f46f9eabea72,12925,core_personal,extract_semantics_and_metadata
PKHeX.Core/PersonalInfo/Info/PersonalInfo5BW.cs,3b8e47d8f987706ab2ac146d813712f8aa762a95,8392,core_personal,extract_semantics_and_metadata
PKHeX.Core/PersonalInfo/Info/PersonalInfo6AO.cs,66b75bb4749731d2126a27d50a9587b020fe1295,13049,core_personal,extract_semantics_and_metadata
PKHeX.Core/PersonalInfo/Info/PersonalInfo6XY.cs,c1fca542c87d7f015c692d225591e969463b973a,7194,core_personal,extract_semantics_and_metadata
PKHeX.Core/PersonalInfo/Info/PersonalInfo7.cs,c14697216d0d0d94bc501aa901fbf4958659ad3e,11017,core_personal,extract_semantics_and_metadata
PKHeX.Core/PersonalInfo/Info/PersonalInfo7GG.cs,469da78ed890b83ccab66cbbba478ced52ebe0b4,6863,core_personal,extract_semantics_and_metadata
PKHeX.Core/PersonalInfo/Info/PersonalInfo8BDSP.cs,78ade0e88701d8ab93529d19072146492a32c922,11216,core_personal,extract_semantics_and_metadata
PKHeX.Core/PersonalInfo/Info/PersonalInfo8LA.cs,e747c4937258d5363923eb69dd740f8e576fa64b,10687,core_personal,extract_semantics_and_metadata
PKHeX.Core/PersonalInfo/Info/PersonalInfo8SWSH.cs,7be252b94140bc24f2f9d93c140802fd6fe7fc21,13811,core_personal,extract_semantics_and_metadata
PKHeX.Core/PersonalInfo/Info/PersonalInfo9SV.cs,501623976e8176c3a6df7b17f32bb0ff690645a3,8961,core_personal,extract_semantics_and_metadata
PKHeX.Core/PersonalInfo/Info/PersonalInfo9ZA.cs,616765cf2c2f1b631f7fd68909c6d2244ce70761,10958,core_personal,extract_semantics_and_metadata
PKHeX.Core/PersonalInfo/Interfaces/IBaseStat.cs,87c820ec68e6478ea80712bc54b5fda96dae58d8,2384,core_personal,extract_semantics_and_metadata
PKHeX.Core/PersonalInfo/Interfaces/IEffortValueYield.cs,0d8c7b9d37d3d46d14496757abc982ce61a986c9,1022,core_personal,extract_semantics_and_metadata
PKHeX.Core/PersonalInfo/Interfaces/IGenderDetail.cs,d5c2804b584f827c3ac39def7a1f9ee122bba709,1412,core_personal,extract_semantics_and_metadata
PKHeX.Core/PersonalInfo/Interfaces/IPersonalAbility.cs,cf6cdd5ba0de393d03a066ebc22e8f81938e1f47,2087,core_personal,extract_semantics_and_metadata
PKHeX.Core/PersonalInfo/Interfaces/IPersonalEgg.cs,110b26522f097fde2d12e8205619b97a5dca1cde,1092,core_personal,extract_semantics_and_metadata
PKHeX.Core/PersonalInfo/Interfaces/IPersonalEncounter.cs,2d08e63fee5921b8b78ae886e424815889cba98d,800,core_personal,extract_semantics_and_metadata
PKHeX.Core/PersonalInfo/Interfaces/IPersonalFormInfo.cs,bfb113c4ff22752a92ad4943e279ee51e62f1650,1481,core_personal,extract_semantics_and_metadata
PKHeX.Core/PersonalInfo/Interfaces/IPersonalInfo.cs,27f34ca2de602daf29d901c04a9b87bdceacd343,657,core_personal,extract_semantics_and_metadata
PKHeX.Core/PersonalInfo/Interfaces/IPersonalInfoTM.cs,a3ce1cb2cbd119d31fb63f72a7101f59e34e230b,140,core_personal,extract_semantics_and_metadata
PKHeX.Core/PersonalInfo/Interfaces/IPersonalInfoTR.cs,92a17de0b6641bb881579d0e3eca30754ba51a70,140,core_personal,extract_semantics_and_metadata
PKHeX.Core/PersonalInfo/Interfaces/IPersonalInfoTutorType.cs,ad8ec8a1f2d1f85e3d4a72a23d3df1c14deb5b7c,161,core_personal,extract_semantics_and_metadata
PKHeX.Core/PersonalInfo/Interfaces/IPersonalMisc.cs,c3ec301eb405a49737373956bccbbfe47ce1a981,670,core_personal,extract_semantics_and_metadata
PKHeX.Core/PersonalInfo/Interfaces/IPersonalTable.cs,fdd27859128e3706ff9528437b6e33440790a7b8,3143,core_personal,extract_semantics_and_metadata
PKHeX.Core/PersonalInfo/Interfaces/IPersonalType.cs,551c88eb41e6e060c0e38ed1618cdcf076696f1e,1837,core_personal,extract_semantics_and_metadata
PKHeX.Core/PersonalInfo/PersonalInfo.cs,684e29a8b72eb55ba254505e80524d2539cbbfdb,3624,core_personal,extract_semantics_and_metadata
PKHeX.Core/PersonalInfo/PersonalTable.cs,05325d7799772bae123b092bedda5403d558c724,5099,core_personal,extract_semantics_and_metadata
PKHeX.Core/PersonalInfo/Table/PersonalTable1.cs,e5bdbe0b28fd4849c020ca52847e7a42e6ae97f7,2960,core_personal,extract_semantics_and_metadata
PKHeX.Core/PersonalInfo/Table/PersonalTable2.cs,70373bd018b57640cb2ee8c1eabbca0548f0898e,1770,core_personal,extract_semantics_and_metadata
PKHeX.Core/PersonalInfo/Table/PersonalTable3.cs,e5b977a0f6aaf6918fe752a5f3a7476ae43c2ccd,2450,core_personal,extract_semantics_and_metadata
PKHeX.Core/PersonalInfo/Table/PersonalTable4.cs,fbcbb92ee66654e0fe45c650af2ddc1ad6b2e36a,2883,core_personal,extract_semantics_and_metadata
PKHeX.Core/PersonalInfo/Table/PersonalTable5B2W2.cs,5d256894f86d0a45f8bee608f4aa7a37adc083ec,2353,core_personal,extract_semantics_and_metadata
PKHeX.Core/PersonalInfo/Table/PersonalTable5BW.cs,be3f4127d0cf3cdcc0e360399912673cc6f2ab4b,2331,core_personal,extract_semantics_and_metadata
PKHeX.Core/PersonalInfo/Table/PersonalTable6AO.cs,9ec75547c3ef2274fa3f934c9327b28db1de461b,2522,core_personal,extract_semantics_and_metadata
PKHeX.Core/PersonalInfo/Table/PersonalTable6XY.cs,3f5149b8cf3c7bfb99d33d0e5e110c3f832b1d3d,2523,core_personal,extract_semantics_and_metadata
PKHeX.Core/PersonalInfo/Table/PersonalTable7.cs,2e34def854eaec1db473af7a0cc1d3ec5b1e314c,2475,core_personal,extract_semantics_and_metadata
PKHeX.Core/PersonalInfo/Table/PersonalTable7GG.cs,a8bab91abb0ca7432b6a4928790dc5a3e8fb5d40,2052,core_personal,extract_semantics_and_metadata
PKHeX.Core/PersonalInfo/Table/PersonalTable8BDSP.cs,b224d05d197b1395ca735e56f320fd26e4ad2c6a,1943,core_personal,extract_semantics_and_metadata
PKHeX.Core/PersonalInfo/Table/PersonalTable8LA.cs,b506fdbb9d9b9e141c8d9c6372c11602a08b546f,2402,core_personal,extract_semantics_and_metadata
PKHeX.Core/PersonalInfo/Table/PersonalTable8SWSH.cs,62e205b65240e90fe9c68d90f21f12b2001d58e5,2434,core_personal,extract_semantics_and_metadata
PKHeX.Core/PersonalInfo/Table/PersonalTable9SV.cs,dc8bf7304aa15e9a58415269c1c52b30757966d6,2407,core_personal,extract_semantics_and_metadata
PKHeX.Core/PersonalInfo/Table/PersonalTable9ZA.cs,d93835783d61993e4de8bf433e09344152d6f44f,2408,core_personal,extract_semantics_and_metadata
PKHeX.Core/Resources/byte/eggmove/eggmove_ao.pkl,40bb42edb4de44c7e13ba16550bc5ed8b27cd314,7658,core_resources,extract_semantics_and_metadata
PKHeX.Core/Resources/byte/eggmove/eggmove_bdsp.pkl,9953e03f898ee991c63009dc29b78a41f3f79c7e,4866,core_resources,extract_semantics_and_metadata
PKHeX.Core/Resources/byte/eggmove/eggmove_bw.pkl,f3844e7334b794c66ff3751f887d4fe6aebcb11b,6826,core_resources,extract_semantics_and_metadata
PKHeX.Core/Resources/byte/eggmove/eggmove_c.pkl,aa323e42bc8e9a5746a34ffe1fbbc9c45aada3fc,1460,core_resources,extract_semantics_and_metadata
PKHeX.Core/Resources/byte/eggmove/eggmove_dppt.pkl,0c4d525186b69490ba282668c7bc1947b430590b,4348,core_resources,extract_semantics_and_metadata
PKHeX.Core/Resources/byte/eggmove/eggmove_gs.pkl,c658243e40dac1c6e6f060ec6a132a255b3aa482,1442,core_resources,extract_semantics_and_metadata
PKHeX.Core/Resources/byte/eggmove/eggmove_hgss.pkl,34f8bd74d3ce946f12a79455083942630d18305b,4618,core_resources,extract_semantics_and_metadata
PKHeX.Core/Resources/byte/eggmove/eggmove_rs.pkl,055cb731723eb8e249b3cf44f51fa917e3f50de0,2696,core_resources,extract_semantics_and_metadata
PKHeX.Core/Resources/byte/eggmove/eggmove_sm.pkl,6622abf82e51c401678bb1d5f948fa07e89818e4,8708,core_resources,extract_semantics_and_metadata
PKHeX.Core/Resources/byte/eggmove/eggmove_sv.pkl,61945fdf4091a3cb5b1047963ed7899d7e9bb2ef,6248,core_resources,extract_semantics_and_metadata
PKHeX.Core/Resources/byte/eggmove/eggmove_swsh.pkl,2fec7871e38dd2aa0840305010a03d3b60e4a59f,5262,core_resources,extract_semantics_and_metadata
PKHeX.Core/Resources/byte/eggmove/eggmove_uu.pkl,639c7b3c52c92924bb3a62b75db2b9f35577bed9,9006,core_resources,extract_semantics_and_metadata
PKHeX.Core/Resources/byte/eggmove/eggmove_xy.pkl,35a7dbfceef9f187de8d9cd8d01f8a471cf91603,7652,core_resources,extract_semantics_and_metadata
PKHeX.Core/Resources/byte/evolve/evos_bs.pkl,5e1c8a19a08c6c9b648448d24ba52d5676f0e52b,3150,core_resources,extract_semantics_and_metadata
PKHeX.Core/Resources/byte/evolve/evos_g1.pkl,911f6921b384914bb48ec45f13ed504bfe709913,886,core_resources,extract_semantics_and_metadata
PKHeX.Core/Resources/byte/evolve/evos_g2.pkl,e48ede88fc77a59a1cbd59986dfafa6804da4d06,1486,core_resources,extract_semantics_and_metadata
PKHeX.Core/Resources/byte/evolve/evos_g3.pkl,a7de8f8b2679f77bc1abc6d9b867b390d387ac44,2252,core_resources,extract_semantics_and_metadata
PKHeX.Core/Resources/byte/evolve/evos_g4.pkl,6eff81f1221b49dd366cc5b26bda5028c3132a52,2962,core_resources,extract_semantics_and_metadata
PKHeX.Core/Resources/byte/evolve/evos_g5.pkl,7cf50d733ba9a5479501fca4c35d632b39eefe80,3874,core_resources,extract_semantics_and_metadata
PKHeX.Core/Resources/byte/evolve/evos_g6.pkl,265b50cc68476980d72abf969a41d659f6413fc8,4570,core_resources,extract_semantics_and_metadata
PKHeX.Core/Resources/byte/evolve/evos_gg.pkl,c625df66c955a2af36cdc54cb14351ca52f349ff,5054,core_resources,extract_semantics_and_metadata
PKHeX.Core/Resources/byte/evolve/evos_la.pkl,c6784f7fe68a1982a8e27d394732c4f6ccf5f08d,3726,core_resources,extract_semantics_and_metadata
PKHeX.Core/Resources/byte/evolve/evos_ss.pkl,87f73d6e85e7ff0dc801f54372c5415a013d64a5,5118,core_resources,extract_semantics_and_metadata
PKHeX.Core/Resources/byte/evolve/evos_sv.pkl,7204ea3608ad9416b582ed2bc7bccd07fca40980,6342,core_resources,extract_semantics_and_metadata
PKHeX.Core/Resources/byte/evolve/evos_uu.pkl,1b021d079b5c1c97035b536809bfae421d508f63,5238,core_resources,extract_semantics_and_metadata
PKHeX.Core/Resources/byte/evolve/evos_za.pkl,d4e67c135de0c6067ca2fa39f566faf7dee6ffdd,4832,core_resources,extract_semantics_and_metadata
PKHeX.Core/Resources/byte/levelup/lvlmove_ao.pkl,1e19224930786684a58dfd4dd00f35fd52cef703,41264,core_resources,extract_semantics_and_metadata
PKHeX.Core/Resources/byte/levelup/lvlmove_b2w2.pkl,3ea676a35cd452c379de35a470564f48fde556fc,31403,core_resources,extract_semantics_and_metadata
PKHeX.Core/Resources/byte/levelup/lvlmove_bdsp.pkl,4ee89e023e115b5d1d394187d8518fe3c7ca643a,26278,core_resources,extract_semantics_and_metadata
PKHeX.Core/Resources/byte/levelup/lvlmove_bw.pkl,d5d5479ec8958e2d1b9ca878b1905be2713f0757,30469,core_resources,extract_semantics_and_metadata
PKHeX.Core/Resources/byte/levelup/lvlmove_c.pkl,fad1fe3af2d53a19f8d77f06c1ee3b08fbbbc33c,7155,core_resources,extract_semantics_and_metadata
PKHeX.Core/Resources/byte/levelup/lvlmove_dp.pkl,fda24f3a38f805ac75e9036d33c91911283dc36f,20799,core_resources,extract_semantics_and_metadata
PKHeX.Core/Resources/byte/levelup/lvlmove_e.pkl,15c95b7cd2874d04cccdcbef0aae7af9071e79ce,12624,core_resources,extract_semantics_and_metadata
PKHeX.Core/Resources/byte/levelup/lvlmove_fr.pkl,34c27df4660c877abc352f0f7f7c42fc87f9f606,12816,core_resources,extract_semantics_and_metadata
PKHeX.Core/Resources/byte/levelup/lvlmove_gg.pkl,4fe8513d72c3cb9975c88df76a12a5cf7e03998e,8740,core_resources,extract_semantics_and_metadata
PKHeX.Core/Resources/byte/levelup/lvlmove_gs.pkl,bb6aeeb10ad9fd81dd1354d2250fe8ea5050cf86,7131,core_resources,extract_semantics_and_metadata
PKHeX.Core/Resources/byte/levelup/lvlmove_hgss.pkl,4d660b4b1054b248d767353128792a6dab027a54,21314,core_resources,extract_semantics_and_metadata
PKHeX.Core/Resources/byte/levelup/lvlmove_la.pkl,eefe34ceccfa343aa3e2d9085677bc46668f8632,9479,core_resources,extract_semantics_and_metadata
PKHeX.Core/Resources/byte/levelup/lvlmove_lg.pkl,85980615072a7c922c30e635fdecfdc7ee875f51,12822,core_resources,extract_semantics_and_metadata
PKHeX.Core/Resources/byte/levelup/lvlmove_pt.pkl,d71bab0b6eb67264751da0654af02a5daa8c3f63,21281,core_resources,extract_semantics_and_metadata
PKHeX.Core/Resources/byte/levelup/lvlmove_rb.pkl,90549e962e2fab5975029ac0ab50e8c0fb888b0a,2494,core_resources,extract_semantics_and_metadata
PKHeX.Core/Resources/byte/levelup/lvlmove_rs.pkl,6570a1c3f8c14dc5b9a725ef7a8ab4f2fe9d4057,12624,core_resources,extract_semantics_and_metadata
PKHeX.Core/Resources/byte/levelup/lvlmove_sm.pkl,58d9a19fabb6084b4ea2ab019bdddcc37ced5125,49262,core_resources,extract_semantics_and_metadata
PKHeX.Core/Resources/byte/levelup/lvlmove_sv.pkl,09ee4f4b47dfae2c2d79f7dd909408c7c7e601a7,63433,core_resources,extract_semantics_and_metadata
PKHeX.Core/Resources/byte/levelup/lvlmove_swsh.pkl,4ce3c5828754510922fd84b15f0a776dcef4d1e6,39140,core_resources,extract_semantics_and_metadata
PKHeX.Core/Resources/byte/levelup/lvlmove_uu.pkl,17079be1276791d2a690065f1b1efe26fff57aac,50114,core_resources,extract_semantics_and_metadata
PKHeX.Core/Resources/byte/levelup/lvlmove_xy.pkl,0c76609976d29c3187a6c50e6dba6090c39baabd,39197,core_resources,extract_semantics_and_metadata
PKHeX.Core/Resources/byte/levelup/lvlmove_y.pkl,abc585fbfabed2b0391755e955c1d1c5cb5d6c45,2575,core_resources,extract_semantics_and_metadata
PKHeX.Core/Resources/byte/levelup/lvlmove_za.pkl,8f3c0619afb5b35f03486795069c37f4839245cd,27312,core_resources,extract_semantics_and_metadata
PKHeX.Core/Resources/byte/levelup/reminder_stad2.pkl,0553dd13191cdcb18cb20b430ff6ccf1d2fba9ff,11798,core_resources,extract_semantics_and_metadata
PKHeX.Core/Resources/byte/personal/hmtm_g3.pkl,76a435faa24a00a1b256d539238c2d153cc4595c,4652,core_resources,extract_semantics_and_metadata
PKHeX.Core/Resources/byte/personal/personal_ao,5263c9cbeb92bd15f4d1b8a691e5391eb91aac7a,66080,core_resources,extract_semantics_and_metadata
PKHeX.Core/Resources/byte/personal/personal_b2w2,9236ad139126af222e915650dbda70d6df897399,53884,core_resources,extract_semantics_and_metadata
PKHeX.Core/Resources/byte/personal/personal_bdsp,25e7ec955631e1378f5bebdb520f1bd0da59f14e,38080,core_resources,extract_semantics_and_metadata
PKHeX.Core/Resources/byte/personal/personal_bw,de1a0654e8540a5c7e5c8b5e6448db50bb6d8c55,40080,core_resources,extract_semantics_and_metadata
PKHeX.Core/Resources/byte/personal/personal_c,a4c5debd2f2156d6a87df160232d780f5ef569c8,8064,core_resources,extract_semantics_and_metadata
PKHeX.Core/Resources/byte/personal/personal_dp,786fa05a9770af017736490e1b68de8d492e5a50,22044,core_resources,extract_semantics_and_metadata
PKHeX.Core/Resources/byte/personal/personal_e,102fbfdd76ce94fe28efcbd8735fb7175ca36ffd,10836,core_resources,extract_semantics_and_metadata
PKHeX.Core/Resources/byte/personal/personal_fr,b27f7f8c1902695e97a5a48835266b1c7c7d1ef1,10836,core_resources,extract_semantics_and_metadata
PKHeX.Core/Resources/byte/personal/personal_gg,1a7fa16b2d2c5fcb876202e25a63336fe2932d38,82320,core_resources,extract_semantics_and_metadata
PKHeX.Core/Resources/byte/personal/personal_gs,05130b80bd5e223b6cf75993482d10c16f8a033d,8064,core_resources,extract_semantics_and_metadata
PKHeX.Core/Resources/byte/personal/personal_hgss,25f70175542096ce5f3c6214146d794b314716bc,22352,core_resources,extract_semantics_and_metadata
PKHeX.Core/Resources/byte/personal/personal_la,5ece060de236b87fb73e0131b32765bc3d3924a8,224576,core_resources,extract_semantics_and_metadata
PKHeX.Core/Resources/byte/personal/personal_lg,8b7b3a39091e25bd6ee53d901bd28e9ffe77bbe5,10836,core_resources,extract_semantics_and_metadata
PKHeX.Core/Resources/byte/personal/personal_pt,6915c641371adeeae278119a5340c72302133687,22352,core_resources,extract_semantics_and_metadata
PKHeX.Core/Resources/byte/personal/personal_rb,a9b10fb9a1123a1dcb7eb839c7c2fd715a4aa735,4256,core_resources,extract_semantics_and_metadata
PKHeX.Core/Resources/byte/personal/personal_rs,caffa70afc672d60afdc8d30eaa7c14f569521aa,10836,core_resources,extract_semantics_and_metadata
PKHeX.Core/Resources/byte/personal/personal_sm,a5b7a73fa01445ec7c95d8656e2fd37f2b277dc8,80724,core_resources,extract_semantics_and_metadata
PKHeX.Core/Resources/byte/personal/personal_sv,a44a6621a093e0e82944a7cc0c08f1408bc7a6dd,113920,core_resources,extract_semantics_and_metadata
PKHeX.Core/Resources/byte/personal/personal_swsh,36ce653dc5693252b9a301e77d48b387f8f1de68,209792,core_resources,extract_semantics_and_metadata
PKHeX.Core/Resources/byte/personal/personal_uu,3803c5242a0e021f18ec8219ec78faab3a16de82,81984,core_resources,extract_semantics_and_metadata
PKHeX.Core/Resources/byte/personal/personal_xy,defb7168d5bfa4be68ef0ed800e0eb0ce4846ce9,51136,core_resources,extract_semantics_and_metadata
PKHeX.Core/Resources/byte/personal/personal_y,cc0b17be429d80587b472a725c4dde1fa454a38c,4256,core_resources,extract_semantics_and_metadata
PKHeX.Core/Resources/byte/personal/personal_za,022653cf69cc732a73f5200087ff167599200ef5,115600,core_resources,extract_semantics_and_metadata
PKHeX.Core/Resources/byte/personal/reminder_sv.pkl,09a926b2e5e6c3408a200bd704399ae03a2b7e7b,3482,core_resources,extract_semantics_and_metadata
PKHeX.Core/Resources/byte/personal/reminder_za.pkl,09a926b2e5e6c3408a200bd704399ae03a2b7e7b,3482,core_resources,extract_semantics_and_metadata
PKHeX.Core/Resources/byte/personal/tutors_g3.pkl,258da131016ae210842ad131a94aed204d89de66,3104,core_resources,extract_semantics_and_metadata
PKHeX.Core/Resources/byte/personal/tutors_g4.pkl,d18a9bb95e35ece27b40aeaa481b3c873a9d0a4c,6104,core_resources,extract_semantics_and_metadata
PKHeX.Core/Resources/byte/zukan_research/researchtask_la.pkl,d6a5660cc99e82e998c6fae167a33d6670f727d8,65416,core_resources,extract_semantics_and_metadata
PKHeX.Core/Resources/legality/gen1/text_traderby_de.txt,66453a5d7c5be6c59a40096cbf955ab9feb7deb3,90,core_resources,extract_semantics_and_metadata
PKHeX.Core/Resources/legality/gen1/text_traderby_en.txt,ffd457b439d87dfc8f7b0643e7321a8f8d6dc8b1,98,core_resources,extract_semantics_and_metadata
PKHeX.Core/Resources/legality/gen1/text_traderby_es.txt,e04bc358941a4a136eacb83fecff8bce9bae19f2,97,core_resources,extract_semantics_and_metadata
PKHeX.Core/Resources/legality/gen1/text_traderby_fr.txt,e666e1e0a8cf899e4d4bc9f7246cb09e86e5798d,125,core_resources,extract_semantics_and_metadata
PKHeX.Core/Resources/legality/gen1/text_traderby_it.txt,7bdd8cac705ab2033adf331e0db72e061734bbc5,102,core_resources,extract_semantics_and_metadata
PKHeX.Core/Resources/legality/gen1/text_traderby_ja.txt,b045fe90b39b8fde1171c4851ebcbe416c307470,301,core_resources,extract_semantics_and_metadata
PKHeX.Core/Resources/legality/gen2/text_tradegsc_de.txt,972964df0121f4d1ca1c12beb7527ada7bc40ec2,138,core_resources,extract_semantics_and_metadata
PKHeX.Core/Resources/legality/gen2/text_tradegsc_en.txt,f9070f591b36cfe94644c2828a192758dcad8f73,126,core_resources,extract_semantics_and_metadata
PKHeX.Core/Resources/legality/gen2/text_tradegsc_es.txt,690c4ee8f8cd9d808b9cfe59b9debad0be020490,127,core_resources,extract_semantics_and_metadata
PKHeX.Core/Resources/legality/gen2/text_tradegsc_fr.txt,268be5d6dbca227f69b7ccedd666bdae8034e43c,142,core_resources,extract_semantics_and_metadata
PKHeX.Core/Resources/legality/gen2/text_tradegsc_it.txt,7dc8db0f2d92781fca974a895e301045a6d9266c,122,core_resources,extract_semantics_and_metadata
PKHeX.Core/Resources/legality/gen2/text_tradegsc_ja.txt,e60391335afac1371b1c4901758ad04fb0362b9d,243,core_resources,extract_semantics_and_metadata
PKHeX.Core/Resources/legality/gen2/text_tradegsc_ko.txt,36e8d61f2d072cc7504a8d730db83db311abede9,141,core_resources,extract_semantics_and_metadata
PKHeX.Core/Resources/legality/gen3/text_tradefrlg_de.txt,5d6991f3822c8aa9f35a15c33e03b198b0e19b0d,184,core_resources,extract_semantics_and_metadata
PKHeX.Core/Resources/legality/gen3/text_tradefrlg_en.txt,ec9dca89e084946af345ceeb523515b36e7bccc1,163,core_resources,extract_semantics_and_metadata
PKHeX.Core/Resources/legality/gen3/text_tradefrlg_es.txt,38a29d25204db0ac1fc4389bcb602700a84f9d33,176,core_resources,extract_semantics_and_metadata
PKHeX.Core/Resources/legality/gen3/text_tradefrlg_fr.txt,725e7213526749e2d628068a59d58989eccbeff2,172,core_resources,extract_semantics_and_metadata
PKHeX.Core/Resources/legality/gen3/text_tradefrlg_it.txt,71f68a675189429f0384f829722fcf6af21cd811,161,core_resources,extract_semantics_and_metadata
PKHeX.Core/Resources/legality/gen3/text_tradefrlg_ja.txt,71cac780ef06e2d10b75fd1c1f277c35bf5217c9,314,core_resources,extract_semantics_and_metadata
PKHeX.Core/Resources/legality/gen3/text_traderse_de.txt,4f3a49fb403d9ad6396bc08e9f582c51faf1bb10,103,core_resources,extract_semantics_and_metadata
PKHeX.Core/Resources/legality/gen3/text_traderse_en.txt,242555a0c5870998af8e1364d51a1b6b2ea232ff,91,core_resources,extract_semantics_and_metadata
PKHeX.Core/Resources/legality/gen3/text_traderse_es.txt,d7ca76cfd5487e221bdd28256eebc49a1a17bf8e,91,core_resources,extract_semantics_and_metadata
PKHeX.Core/Resources/legality/gen3/text_traderse_fr.txt,8f7a7328bf5999ce30a2d180fe452a0ab986a267,86,core_resources,extract_semantics_and_metadata
PKHeX.Core/Resources/legality/gen3/text_traderse_it.txt,36e448be11c9f80f96a5dc51e26db622c1869ac7,91,core_resources,extract_semantics_and_metadata
PKHeX.Core/Resources/legality/gen3/text_traderse_ja.txt,59f0a6ff7d9a3df83ee48385e9c9809a590ec7f7,172,core_resources,extract_semantics_and_metadata
PKHeX.Core/Resources/legality/gen4/text_tradedppt_de.txt,84c07bc0c06df37798adb52937a601fddc559b47,54,core_resources,extract_semantics_and_metadata
PKHeX.Core/Resources/legality/gen4/text_tradedppt_en.txt,68bfa4d6c1a6cd3c8fbaeea9fb6d11c5a4b16475,56,core_resources,extract_semantics_and_metadata
PKHeX.Core/Resources/legality/gen4/text_tradedppt_es.txt,4d916aa007967f4024839b6ce941fafe0db3bf6b,55,core_resources,extract_semantics_and_metadata
PKHeX.Core/Resources/legality/gen4/text_tradedppt_fr.txt,de3eece932ebbcdc29b0ca521aeaaa76d0dd5507,58,core_resources,extract_semantics_and_metadata
PKHeX.Core/Resources/legality/gen4/text_tradedppt_it.txt,c5aa2cfed9d2526156e7bf98a0e9a262513f83fb,57,core_resources,extract_semantics_and_metadata
PKHeX.Core/Resources/legality/gen4/text_tradedppt_ja.txt,755e137b849fdcfb30a8dff0e1852ae269e3a23e,116,core_resources,extract_semantics_and_metadata
PKHeX.Core/Resources/legality/gen4/text_tradedppt_ko.txt,5dfd8f9b984bf230646556cbd2ed899f68923ad5,80,core_resources,extract_semantics_and_metadata
PKHeX.Core/Resources/legality/gen4/text_tradehgss_de.txt,69e72a7c7b7ebfa34c633ec7c7667240286e6ade,165,core_resources,extract_semantics_and_metadata
PKHeX.Core/Resources/legality/gen4/text_tradehgss_en.txt,616de2d7a753a74dad33238bce18118ae0613ff8,158,core_resources,extract_semantics_and_metadata
PKHeX.Core/Resources/legality/gen4/text_tradehgss_es.txt,8cef4976f95caa4c00b18af665191ad2fea2db4f,180,core_resources,extract_semantics_and_metadata
PKHeX.Core/Resources/legality/gen4/text_tradehgss_fr.txt,d17d85cced0d45cf9d31e62c2febec80db9f0d0a,179,core_resources,extract_semantics_and_metadata
PKHeX.Core/Resources/legality/gen4/text_tradehgss_it.txt,0091d930bd445c0ac104bc2d56bfebcda6a7a28e,171,core_resources,extract_semantics_and_metadata
PKHeX.Core/Resources/legality/gen4/text_tradehgss_ja.txt,3b6c618fe76253d15981611a111ae2e0035434b5,253,core_resources,extract_semantics_and_metadata
PKHeX.Core/Resources/legality/gen4/text_tradehgss_ko.txt,797fcc3116f166bfc5b6379516e25f87377c72d1,184,core_resources,extract_semantics_and_metadata
PKHeX.Core/Resources/legality/gen5/text_tradeb2w2_de.txt,4cf80de3135cf360f9d82584a71962f6b22f400a,101,core_resources,extract_semantics_and_metadata
PKHeX.Core/Resources/legality/gen5/text_tradeb2w2_en.txt,230db9d2821cba1565495639387b08c33608d433,104,core_resources,extract_semantics_and_metadata
PKHeX.Core/Resources/legality/gen5/text_tradeb2w2_es.txt,f3b2f1457e1a2164cbde53089d73125275c241ae,106,core_resources,extract_semantics_and_metadata
PKHeX.Core/Resources/legality/gen5/text_tradeb2w2_fr.txt,9c4c3ec8ac4964c44be45ee4457871b6b19ca93f,111,core_resources,extract_semantics_and_metadata
PKHeX.Core/Resources/legality/gen5/text_tradeb2w2_it.txt,42272bc7a4c69c2c0b6bbbc60c3764a5d0f45b9e,102,core_resources,extract_semantics_and_metadata
PKHeX.Core/Resources/legality/gen5/text_tradeb2w2_ja.txt,c0364ea2e7bfce2ae7cc3916fef8a583fb7f6a59,172,core_resources,extract_semantics_and_metadata
PKHeX.Core/Resources/legality/gen5/text_tradeb2w2_ko.txt,6e79bb659893e90d612a6834d4cb69fd111a443f,130,core_resources,extract_semantics_and_metadata
PKHeX.Core/Resources/legality/gen5/text_tradebw_de.txt,786850ed09dd84a4c32c8064215910379c38b667,101,core_resources,extract_semantics_and_metadata
PKHeX.Core/Resources/legality/gen5/text_tradebw_en.txt,312b1ad8cbd68eab630931405aa095da38aca101,90,core_resources,extract_semantics_and_metadata
PKHeX.Core/Resources/legality/gen5/text_tradebw_es.txt,bc90b77c898c156cd4b42960cae838403f6e20c8,100,core_resources,extract_semantics_and_metadata
PKHeX.Core/Resources/legality/gen5/text_tradebw_fr.txt,db4b4a3efac44a0a0647de7121920ade7f3d2c6b,123,core_resources,extract_semantics_and_metadata
PKHeX.Core/Resources/legality/gen5/text_tradebw_it.txt,a494cd6212a47e3c7ac1881c535a9323f458b968,94,core_resources,extract_semantics_and_metadata
PKHeX.Core/Resources/legality/gen5/text_tradebw_ja.txt,a47ccfbda64f440d2266a56ea01b641b483ca7d8,151,core_resources,extract_semantics_and_metadata
PKHeX.Core/Resources/legality/gen5/text_tradebw_ko.txt,ebd57d605eae58ca69a0391891a02997e5d297de,112,core_resources,extract_semantics_and_metadata
PKHeX.Core/Resources/legality/gen6/text_tradeao_de.txt,3a43d5c6f534f2357c3ee963dc33d73cbcbcbd04,44,core_resources,extract_semantics_and_metadata
PKHeX.Core/Resources/legality/gen6/text_tradeao_en.txt,9de236844cc7304cc7f4c4479582f2eed6eedb8f,42,core_resources,extract_semantics_and_metadata
PKHeX.Core/Resources/legality/gen6/text_tradeao_es.txt,14d3a0deb0c1cf986d8e32d4380f68e12aeab31d,42,core_resources,extract_semantics_and_metadata
PKHeX.Core/Resources/legality/gen6/text_tradeao_fr.txt,f20ffb9eb6625de60f791c885907a5764ab8ab91,49,core_resources,extract_semantics_and_metadata
PKHeX.Core/Resources/legality/gen6/text_tradeao_it.txt,03d4f54d4dbb0ffc35b3bd58d2dff5381b87e18d,42,core_resources,extract_semantics_and_metadata
PKHeX.Core/Resources/legality/gen6/text_tradeao_ja.txt,c0bc4e619068097bfdb454f89ea506473bf52db1,83,core_resources,extract_semantics_and_metadata
PKHeX.Core/Resources/legality/gen6/text_tradeao_ko.txt,b5885e9234431fb1414d9c34a7b4f336603b2f0c,62,core_resources,extract_semantics_and_metadata
PKHeX.Core/Resources/legality/gen6/text_tradeao_zh-Hans.txt,4182487744cd2b3abffbfbaecf3ecdcd63cdb096,50,core_resources,extract_semantics_and_metadata
PKHeX.Core/Resources/legality/gen6/text_tradexy_de.txt,71b8bd11c2008e0e0be36389ce44c6ab26c83009,139,core_resources,extract_semantics_and_metadata
PKHeX.Core/Resources/legality/gen6/text_tradexy_en.txt,af347773c77fe071fcb63f362cba7878dde15701,142,core_resources,extract_semantics_and_metadata
PKHeX.Core/Resources/legality/gen6/text_tradexy_es.txt,f70cf40cb2a927d6ccf6f7e0c69b08b8d9c41e2b,151,core_resources,extract_semantics_and_metadata
PKHeX.Core/Resources/legality/gen6/text_tradexy_fr.txt,373eb6d8d70cc4e4b33f48bccad555e9aecb5bbb,154,core_resources,extract_semantics_and_metadata
PKHeX.Core/Resources/legality/gen6/text_tradexy_it.txt,3c42386ff32cc023bc94f77f1a959039c5ca1ea6,132,core_resources,extract_semantics_and_metadata
PKHeX.Core/Resources/legality/gen6/text_tradexy_ja.txt,1c010e28267878042c10cb5ea50d8032387ed7b7,188,core_resources,extract_semantics_and_metadata
PKHeX.Core/Resources/legality/gen6/text_tradexy_ko.txt,92a08c1dca93a6a30389536ad02eca2a9b73c932,146,core_resources,extract_semantics_and_metadata
PKHeX.Core/Resources/legality/gen6/text_tradexy_zh-Hans.txt,30a7cb53fa18fdaf0720593c0adc992de20cf914,143,core_resources,extract_semantics_and_metadata
PKHeX.Core/Resources/legality/gen7/text_tradesm_de.txt,78e67da48ec007750ddf2135a2b0fcb0e40f5c11,99,core_resources,extract_semantics_and_metadata
PKHeX.Core/Resources/legality/gen7/text_tradesm_en.txt,12041a5d284de489188a11b94a4d6b275dcaa527,90,core_resources,extract_semantics_and_metadata
PKHeX.Core/Resources/legality/gen7/text_tradesm_es.txt,726fb2df34acf2bf685e40849ba8c8c1cd57d79a,81,core_resources,extract_semantics_and_metadata
PKHeX.Core/Resources/legality/gen7/text_tradesm_fr.txt,88ce70a471e245abb7f4254e1b98e91bb7c0c8fd,115,core_resources,extract_semantics_and_metadata
PKHeX.Core/Resources/legality/gen7/text_tradesm_it.txt,2096966786845a39187fa1a9da1454e4281b1d84,94,core_resources,extract_semantics_and_metadata
PKHeX.Core/Resources/legality/gen7/text_tradesm_ja.txt,b4b719de7a18e38a81689a85f371fdf4e4633f5a,163,core_resources,extract_semantics_and_metadata
PKHeX.Core/Resources/legality/gen7/text_tradesm_ko.txt,0559bd71efeb3339cf167d4d58a3e92bef831bad,139,core_resources,extract_semantics_and_metadata
PKHeX.Core/Resources/legality/gen7/text_tradesm_zh-Hans.txt,743111c31c5582d528f5747a2569dbac6409beea,220,core_resources,extract_semantics_and_metadata
PKHeX.Core/Resources/legality/gen7/text_tradesm_zh-Hant.txt,743111c31c5582d528f5747a2569dbac6409beea,220,core_resources,extract_semantics_and_metadata
PKHeX.Core/Resources/legality/gen7/text_tradeusum_de.txt,35231e5e035199fab1d1b5f581a358f70c66c849,99,core_resources,extract_semantics_and_metadata
PKHeX.Core/Resources/legality/gen7/text_tradeusum_en.txt,bf86564ccd1f6c823689ae0babc3206cdff399a1,86,core_resources,extract_semantics_and_metadata
PKHeX.Core/Resources/legality/gen7/text_tradeusum_es.txt,37ccf85fb9eb8084c642d3c66e28e44528cc2d08,93,core_resources,extract_semantics_and_metadata
PKHeX.Core/Resources/legality/gen7/text_tradeusum_fr.txt,b02682c9503fc8ea2a811d7afda2f27831fb791d,117,core_resources,extract_semantics_and_metadata
PKHeX.Core/Resources/legality/gen7/text_tradeusum_it.txt,e357a418ef79e692264822853f724d08d95d618c,95,core_resources,extract_semantics_and_metadata
PKHeX.Core/Resources/legality/gen7/text_tradeusum_ja.txt,97fa0b8c2e19aabab80b57914062fdaa7e84feb8,157,core_resources,extract_semantics_and_metadata
PKHeX.Core/Resources/legality/gen7/text_tradeusum_ko.txt,deb91b065ec799244e0f94cdc445392f41804c6e,115,core_resources,extract_semantics_and_metadata
PKHeX.Core/Resources/legality/gen7/text_tradeusum_zh-Hans.txt,56b7b99988287d2b37afd4e956428e65294bb39b,202,core_resources,extract_semantics_and_metadata
PKHeX.Core/Resources/legality/gen7/text_tradeusum_zh-Hant.txt,56b7b99988287d2b37afd4e956428e65294bb39b,202,core_resources,extract_semantics_and_metadata
PKHeX.Core/Resources/legality/gen8/text_tradebdsp_de.txt,14275038ec147ffbd632777e9ebc29c966509bb9,58,core_resources,extract_semantics_and_metadata
PKHeX.Core/Resources/legality/gen8/text_tradebdsp_en.txt,e2c064624c5d0df1a877e021bddc55d04d31e290,53,core_resources,extract_semantics_and_metadata
PKHeX.Core/Resources/legality/gen8/text_tradebdsp_es.txt,4d916aa007967f4024839b6ce941fafe0db3bf6b,55,core_resources,extract_semantics_and_metadata
PKHeX.Core/Resources/legality/gen8/text_tradebdsp_fr.txt,de3eece932ebbcdc29b0ca521aeaaa76d0dd5507,58,core_resources,extract_semantics_and_metadata
PKHeX.Core/Resources/legality/gen8/text_tradebdsp_it.txt,32ad3bda9e6a59ba1573585013325dde01404b3e,57,core_resources,extract_semantics_and_metadata
PKHeX.Core/Resources/legality/gen8/text_tradebdsp_ja.txt,72892c2105a7354f3c4c5bf797b54c1d9b16cae4,115,core_resources,extract_semantics_and_metadata
PKHeX.Core/Resources/legality/gen8/text_tradebdsp_ko.txt,9c492a12f236dd472ce4f4ec2790537c0effe131,69,core_resources,extract_semantics_and_metadata
PKHeX.Core/Resources/legality/gen8/text_tradebdsp_zh-Hans.txt,7e795c9ca366f21e86bdceddc0448f730f9990b4,69,core_resources,extract_semantics_and_metadata
PKHeX.Core/Resources/legality/gen8/text_tradebdsp_zh-Hant.txt,899a4e488c17829cdd1309fd89fb6392093e3678,63,core_resources,extract_semantics_and_metadata
PKHeX.Core/Resources/legality/gen8/text_tradeswsh_de.txt,b6f7c26fa616f8ea4558692839a7204995cb50fb,169,core_resources,extract_semantics_and_metadata
PKHeX.Core/Resources/legality/gen8/text_tradeswsh_en.txt,5420fcff1268b3f92d589432bfb5855dd70430ab,145,core_resources,extract_semantics_and_metadata
PKHeX.Core/Resources/legality/gen8/text_tradeswsh_es.txt,3cbca4ad660fc8052234d9beadb129399df4dd51,174,core_resources,extract_semantics_and_metadata
PKHeX.Core/Resources/legality/gen8/text_tradeswsh_fr.txt,26c23f1f0b5d97d36e17cec8ce942d9f8b73b7e1,193,core_resources,extract_semantics_and_metadata
PKHeX.Core/Resources/legality/gen8/text_tradeswsh_it.txt,2bfcd80cae59af0feba333259ee83595dd181f84,183,core_resources,extract_semantics_and_metadata
PKHeX.Core/Resources/legality/gen8/text_tradeswsh_ja.txt,ce609ea6ddb536ea26f9872734bb40167ac0db85,273,core_resources,extract_semantics_and_metadata
PKHeX.Core/Resources/legality/gen8/text_tradeswsh_ko.txt,7d4cf0e999b1a92e069cffd2d40baaf18f4fc183,201,core_resources,extract_semantics_and_metadata
PKHeX.Core/Resources/legality/gen8/text_tradeswsh_zh-Hans.txt,2b140bb6a99b4ce94684b8e54f89e47e6d20fd59,183,core_resources,extract_semantics_and_metadata
PKHeX.Core/Resources/legality/gen8/text_tradeswsh_zh-Hant.txt,1056a53a98fc73f01d505ce86d5f3b198592b192,190,core_resources,extract_semantics_and_metadata
PKHeX.Core/Resources/legality/gen9/text_tradesv_de.txt,f858be279fc67072d840752ba968c6cfd9536105,262,core_resources,extract_semantics_and_metadata
PKHeX.Core/Resources/legality/gen9/text_tradesv_en.txt,6479e29b8e7783347809bbbbea57e690e6cff686,278,core_resources,extract_semantics_and_metadata
PKHeX.Core/Resources/legality/gen9/text_tradesv_es.txt,c732f5ac84d82de8fa57fe7cd7f03417fac7bfa1,267,core_resources,extract_semantics_and_metadata
PKHeX.Core/Resources/legality/gen9/text_tradesv_fr.txt,944a25ce1937abbacaa9a6980be0aae2b77516b0,274,core_resources,extract_semantics_and_metadata
PKHeX.Core/Resources/legality/gen9/text_tradesv_it.txt,75dd862a2e372dbb4696ad3fa7673d301c8b84c9,270,core_resources,extract_semantics_and_metadata
PKHeX.Core/Resources/legality/gen9/text_tradesv_ja.txt,9f8444b203859ba6a19466ef72898102f19e13be,431,core_resources,extract_semantics_and_metadata
PKHeX.Core/Resources/legality/gen9/text_tradesv_ko.txt,4d009cb4fd98562327f9ee4c5693f782d8a3f954,326,core_resources,extract_semantics_and_metadata
PKHeX.Core/Resources/legality/gen9/text_tradesv_zh-Hans.txt,8a81b54da03c750e3b06fff62971e65678f98f77,311,core_resources,extract_semantics_and_metadata
PKHeX.Core/Resources/legality/gen9/text_tradesv_zh-Hant.txt,45bd1c2806ed3fe52a0698a7c66f9b3f58d6f729,311,core_resources,extract_semantics_and_metadata
PKHeX.Core/Resources/legality/gen9a/text_tradeza_de.txt,5e6909fcae9c0aff6b48dcda7cc4b76a2ab5cfd1,73,core_resources,extract_semantics_and_metadata
PKHeX.Core/Resources/legality/gen9a/text_tradeza_en.txt,fdb8711c1da65f591627427f8e543511899f43e1,67,core_resources,extract_semantics_and_metadata
PKHeX.Core/Resources/legality/gen9a/text_tradeza_es-419.txt,61e8ded9f7cdda50e3c9eb82136c8c131ba31810,80,core_resources,extract_semantics_and_metadata
PKHeX.Core/Resources/legality/gen9a/text_tradeza_es.txt,3438794d759ee4b2f69f721023a72e398886215d,80,core_resources,extract_semantics_and_metadata
PKHeX.Core/Resources/legality/gen9a/text_tradeza_fr.txt,6cfb36da2ea60223460a47cb2d8362881393e057,73,core_resources,extract_semantics_and_metadata
PKHeX.Core/Resources/legality/gen9a/text_tradeza_it.txt,5fe20aa8bc42f7f7c41a0b3f8c6c64ddb224183a,75,core_resources,extract_semantics_and_metadata
PKHeX.Core/Resources/legality/gen9a/text_tradeza_ja.txt,7500c0c1900e5e8c929f7b2425529b33a548db06,123,core_resources,extract_semantics_and_metadata
PKHeX.Core/Resources/legality/gen9a/text_tradeza_ko.txt,8ea1d2922998cf57182cf0e425f608fa4a898c35,99,core_resources,extract_semantics_and_metadata
PKHeX.Core/Resources/legality/gen9a/text_tradeza_zh-Hans.txt,623a252f53293a6f2e6649feac95a36b110a4fc1,81,core_resources,extract_semantics_and_metadata
PKHeX.Core/Resources/legality/gen9a/text_tradeza_zh-Hant.txt,61b8ae280eb66446f53488532b7a1ebdcb3f6d64,81,core_resources,extract_semantics_and_metadata
PKHeX.Core/Resources/legality/mgdb/event1.pkl,63a7976a6c6a7b5922c2d7aedec46ffcda148c9c,88,core_resources,extract_semantics_and_metadata
PKHeX.Core/Resources/legality/mgdb/event2.pkl,6cf1058cbf6dfec4872327317a869c6db87d6c66,1884,core_resources,extract_semantics_and_metadata
PKHeX.Core/Resources/legality/mgdb/pgf.pkl,25a202503ee215c0c26bd93f7420dad7f7c7d5d5,145345,core_resources,extract_semantics_and_metadata
PKHeX.Core/Resources/legality/mgdb/wa8.pkl,798d31136fa86ec64891e70fb39e87a4760a6904,13528,core_resources,extract_semantics_and_metadata
PKHeX.Core/Resources/legality/mgdb/wa9.pkl,3963d104fdc35918c5bad6de8cad108ab09837a1,12104,core_resources,extract_semantics_and_metadata
PKHeX.Core/Resources/legality/mgdb/wb7full.pkl,3b2b2a20edb6a2f1e8f1c555cdc8226b5cb3b4c7,12544,core_resources,extract_semantics_and_metadata
PKHeX.Core/Resources/legality/mgdb/wb8.pkl,7b398d382c41b037fc5bfb41df845656d7ef2064,13176,core_resources,extract_semantics_and_metadata
PKHeX.Core/Resources/legality/mgdb/wc4.pkl,a263c381a949b0355d18aeb2120ac989e901cff2,505040,core_resources,extract_semantics_and_metadata
PKHeX.Core/Resources/legality/mgdb/wc6.pkl,18ed09e67d01ce465065e60054b7f93b30c3b7be,109824,core_resources,extract_semantics_and_metadata
PKHeX.Core/Resources/legality/mgdb/wc6full.pkl,5debb58015d9ba7bd7101357fa485c42772d9adc,330848,core_resources,extract_semantics_and_metadata
PKHeX.Core/Resources/legality/mgdb/wc7.pkl,8846313eccea80e86ee47a2d15bc214409c514ef,35904,core_resources,extract_semantics_and_metadata
PKHeX.Core/Resources/legality/mgdb/wc7full.pkl,f2efedd3fd841a70496891eb92400797b8990744,627984,core_resources,extract_semantics_and_metadata
PKHeX.Core/Resources/legality/mgdb/wc8.pkl,b87ab3684a41fd151992fd3af1cb8e625aa363cd,683280,core_resources,extract_semantics_and_metadata
PKHeX.Core/Resources/legality/mgdb/wc9.pkl,15dfa402282a83e1e9d3cccb80ced2a1551c44e1,162336,core_resources,extract_semantics_and_metadata
PKHeX.Core/Resources/legality/misc/mastery_la.pkl,8cf04ffd92a348d929b14f28849aa77ffcc76fbb,9479,core_resources,extract_semantics_and_metadata
PKHeX.Core/Resources/legality/misc/plus_za.pkl,d273d64bda0c65c2d6806c1ad500791b5e476c03,27312,core_resources,extract_semantics_and_metadata
PKHeX.Core/Resources/legality/wild/Gen1/encounter_blue.pkl,c8c9dc04c739947fc8373c1811568c2e0937596e,3292,core_resources,extract_semantics_and_metadata
PKHeX.Core/Resources/legality/wild/Gen1/encounter_blue_jp.pkl,7005b9061b154c9dabde1f344e4ac724c929f25f,1112,core_resources,extract_semantics_and_metadata
PKHeX.Core/Resources/legality/wild/Gen1/encounter_red.pkl,4bc98e3c78aa4ce834063d1921ea0d8dc978fe87,3292,core_resources,extract_semantics_and_metadata
PKHeX.Core/Resources/legality/wild/Gen1/encounter_yellow.pkl,215258fe39945d92921e89d82af3a34e040f8bed,3636,core_resources,extract_semantics_and_metadata
PKHeX.Core/Resources/legality/wild/Gen2/encounter_crystal.pkl,d5b282b48bc6fa2f59a092616b62f6e6053b7ff2,20052,core_resources,extract_semantics_and_metadata
PKHeX.Core/Resources/legality/wild/Gen2/encounter_gold.pkl,7d5e47d4163f6d238b76e0d1d023796985553092,19876,core_resources,extract_semantics_and_metadata
PKHeX.Core/Resources/legality/wild/Gen2/encounter_silver.pkl,ce02a41cf0ef57348abfaa6d794d9a7258ec07ff,19876,core_resources,extract_semantics_and_metadata
PKHeX.Core/Resources/legality/wild/Gen3/encounter_e.pkl,ed753412dd87b7fd0b9aa171b8e72af75c2c4668,16316,core_resources,extract_semantics_and_metadata
PKHeX.Core/Resources/legality/wild/Gen3/encounter_fr.pkl,4cdcc5879a6c291f4c9970ebb06f3abf887b3929,20816,core_resources,extract_semantics_and_metadata
PKHeX.Core/Resources/legality/wild/Gen3/encounter_lg.pkl,1af9178035785189ead98b6a9c22a15db5c6fffd,20816,core_resources,extract_semantics_and_metadata
PKHeX.Core/Resources/legality/wild/Gen3/encounter_pcny.pkl,40d3c5b21a49e5c20f3bbe8b07d8c81562bfd3f4,600,core_resources,extract_semantics_and_metadata
PKHeX.Core/Resources/legality/wild/Gen3/encounter_r.pkl,6bbae1b17cf3cc484e6bf5d12ae116fb4970a1ac,15172,core_resources,extract_semantics_and_metadata
PKHeX.Core/Resources/legality/wild/Gen3/encounter_rse_swarm.pkl,106c04b2a4c176e4ab2e4e53120882656b086af8,188,core_resources,extract_semantics_and_metadata
PKHeX.Core/Resources/legality/wild/Gen3/encounter_s.pkl,1b35a789d86b4c3da37b7308e4c26b15d6fc600b,15300,core_resources,extract_semantics_and_metadata
PKHeX.Core/Resources/legality/wild/Gen4/encounter_d.pkl,3543613c17cb280372c63288a53fee41a7891e1b,33900,core_resources,extract_semantics_and_metadata
PKHeX.Core/Resources/legality/wild/Gen4/encounter_hg.pkl,0693b7e4f58282f63194ee80dfbbf0692b3be607,80324,core_resources,extract_semantics_and_metadata
PKHeX.Core/Resources/legality/wild/Gen4/encounter_p.pkl,de58f83f918158dd327fe87c98993fb809faf458,33660,core_resources,extract_semantics_and_metadata
PKHeX.Core/Resources/legality/wild/Gen4/encounter_pt.pkl,5d24e33cc79a77f29de0baf6847478ada854c60e,32592,core_resources,extract_semantics_and_metadata
PKHeX.Core/Resources/legality/wild/Gen4/encounter_ss.pkl,3521b4275f2ff0630b0155af91a83bdded9c7a09,79932,core_resources,extract_semantics_and_metadata
PKHeX.Core/Resources/legality/wild/Gen4/encounter_walker4.pkl,3ec2bade672a1995f58d96a62c46fa911d2a5113,1944,core_resources,extract_semantics_and_metadata
PKHeX.Core/Resources/legality/wild/Gen5/encounter_b.pkl,9f3904cbc2c8dab3468d7def9fe652594b0e2b28,14744,core_resources,extract_semantics_and_metadata
PKHeX.Core/Resources/legality/wild/Gen5/encounter_b2.pkl,2bef684e34fae017ab65752a93f2c41405b2f95e,20812,core_resources,extract_semantics_and_metadata
PKHeX.Core/Resources/legality/wild/Gen5/encounter_w.pkl,3f16c8b5a576d8a1396c9f9415f85d07b8b2c33e,14896,core_resources,extract_semantics_and_metadata
PKHeX.Core/Resources/legality/wild/Gen5/encounter_w2.pkl,cff71f0463b07ba63cd640db5b6cac700fa5064c,20784,core_resources,extract_semantics_and_metadata
PKHeX.Core/Resources/legality/wild/Gen6/encounter_as.pkl,ba26e0162491ba7907bdc0ee9d815cbef26fcc0d,28196,core_resources,extract_semantics_and_metadata
PKHeX.Core/Resources/legality/wild/Gen6/encounter_or.pkl,be4e833233089da9852a89850858c9290287122e,28196,core_resources,extract_semantics_and_metadata
PKHeX.Core/Resources/legality/wild/Gen6/encounter_x.pkl,54a62250826e31e068bb8d57d5f2bace444c2a43,17476,core_resources,extract_semantics_and_metadata
PKHeX.Core/Resources/legality/wild/Gen6/encounter_y.pkl,2fafe7fbbf0d70e0e902899fb76859eb8ea9a226,17476,core_resources,extract_semantics_and_metadata
PKHeX.Core/Resources/legality/wild/Gen7/encounter_ge.pkl,1100bf54b859a2e0555087194708ceac27348130,3040,core_resources,extract_semantics_and_metadata
PKHeX.Core/Resources/legality/wild/Gen7/encounter_gp.pkl,f3b8995289a4c7b8b365c5d8b7b9f599fd55304e,3040,core_resources,extract_semantics_and_metadata
PKHeX.Core/Resources/legality/wild/Gen7/encounter_mn.pkl,a174a8666a6b268f8f92280420e8455ba9d16346,6136,core_resources,extract_semantics_and_metadata
PKHeX.Core/Resources/legality/wild/Gen7/encounter_sn.pkl,cc1c936b91bc223bc6430c7e12dec461868c689d,6120,core_resources,extract_semantics_and_metadata
PKHeX.Core/Resources/legality/wild/Gen7/encounter_um.pkl,606f6ddd73dc5fcb6d749cad94afc8e1c2c89c31,7696,core_resources,extract_semantics_and_metadata
PKHeX.Core/Resources/legality/wild/Gen7/encounter_us.pkl,9379b0fbf53fd8560a4961075380d7746d1ea061,7688,core_resources,extract_semantics_and_metadata
PKHeX.Core/Resources/legality/wild/Gen8/encounter_bd.pkl,25f2c8cf7bc3ab93bce8612bfa6176ff36cb76e9,26784,core_resources,extract_semantics_and_metadata
PKHeX.Core/Resources/legality/wild/Gen8/encounter_bd_underground.pkl,a3e67576a9fafba57a9b3f50b779572d546c14a4,94124,core_resources,extract_semantics_and_metadata
PKHeX.Core/Resources/legality/wild/Gen8/encounter_la.pkl,1ddcd7340389d96ccc8374b740156b5b03ccfa73,86760,core_resources,extract_semantics_and_metadata
PKHeX.Core/Resources/legality/wild/Gen8/encounter_sh_dist.pkl,d3bead9dd7797cf1578b1a415a8a5ee7a69af255,18864,core_resources,extract_semantics_and_metadata
PKHeX.Core/Resources/legality/wild/Gen8/encounter_sh_hidden.pkl,f6f9ab82fc18bcc2d1f953f594c5224cf3506547,4696,core_resources,extract_semantics_and_metadata
PKHeX.Core/Resources/legality/wild/Gen8/encounter_sh_nest.pkl,5464521288f52e8896b03c81ac285d2491a3f7f6,21510,core_resources,extract_semantics_and_metadata
PKHeX.Core/Resources/legality/wild/Gen8/encounter_sh_symbol.pkl,2b0a19055a2c08b195b6febf0dd4ec02ec97323d,6508,core_resources,extract_semantics_and_metadata
PKHeX.Core/Resources/legality/wild/Gen8/encounter_sp.pkl,66cb1fc24f8eacc57e4937986e8e155a52085989,26780,core_resources,extract_semantics_and_metadata
PKHeX.Core/Resources/legality/wild/Gen8/encounter_sp_underground.pkl,66329667bba95d59942ba06c0f87aee2d1cae790,97184,core_resources,extract_semantics_and_metadata
PKHeX.Core/Resources/legality/wild/Gen8/encounter_sw_dist.pkl,0930b24650067c1a04c4e615c01b9fa96319ae72,18736,core_resources,extract_semantics_and_metadata
PKHeX.Core/Resources/legality/wild/Gen8/encounter_sw_hidden.pkl,e62bfd1785a6774346e950f262f5df409172147c,4720,core_resources,extract_semantics_and_metadata
PKHeX.Core/Resources/legality/wild/Gen8/encounter_sw_nest.pkl,fbd5a0beb755c17af2250886eba282b87d2ee1d9,21560,core_resources,extract_semantics_and_metadata
PKHeX.Core/Resources/legality/wild/Gen8/encounter_sw_symbol.pkl,66d2c4cfcd5a96c66d63f7a2db6952233417a215,6476,core_resources,extract_semantics_and_metadata
PKHeX.Core/Resources/legality/wild/Gen8/encounter_swsh_underground.pkl,4026654b95032f01c058e5300240befe6c5268fe,3822,core_resources,extract_semantics_and_metadata
PKHeX.Core/Resources/legality/wild/Gen9/encounter_dist_paldea.pkl,68ad05c1a03c820a1020a8d89edbf4fa75d64cde,10788,core_resources,extract_semantics_and_metadata
PKHeX.Core/Resources/legality/wild/Gen9/encounter_fixed_paldea.pkl,9f214001a457710ae4b36990013ba401f97c7587,19540,core_resources,extract_semantics_and_metadata
PKHeX.Core/Resources/legality/wild/Gen9/encounter_gem_blueberry.pkl,523514c844aabe536e68306b048e3c6568e0748b,2712,core_resources,extract_semantics_and_metadata
PKHeX.Core/Resources/legality/wild/Gen9/encounter_gem_kitakami.pkl,6958317e9095dbc28db41fcceeeae8bbd0ed7ee4,3192,core_resources,extract_semantics_and_metadata
PKHeX.Core/Resources/legality/wild/Gen9/encounter_gem_paldea.pkl,9a56a82e031decf696b735fb2cf046aff3be2a47,10896,core_resources,extract_semantics_and_metadata
PKHeX.Core/Resources/legality/wild/Gen9/encounter_hyperspace_za.pkl,06ff1f35a863f6bed5aa2ba8c53a6dff9f6ab244,9996,core_resources,extract_semantics_and_metadata
PKHeX.Core/Resources/legality/wild/Gen9/encounter_might_paldea.pkl,b5a2af66531aec4626c723020dac0584cbcb75b1,3472,core_resources,extract_semantics_and_metadata
PKHeX.Core/Resources/legality/wild/Gen9/encounter_outbreak_paldea.pkl,3b35ed0aa6cc745ba4630fe8fb07957b1234e010,353808,core_resources,extract_semantics_and_metadata
PKHeX.Core/Resources/legality/wild/Gen9/encounter_wild_paldea.pkl,2ce6091563fa5a5d8d2bf1549da76b5f3167d73e,218096,core_resources,extract_semantics_and_metadata
PKHeX.Core/Resources/legality/wild/Gen9/encounter_za.pkl,60949ce26a6803037118258ac615ff1a5da2338e,9568,core_resources,extract_semantics_and_metadata
PKHeX.Core/Resources/legality/wild/encounter_go_home.pkl,1c307f7d52771c699d6fb8d8be90f0b79446c262,189952,core_resources,extract_semantics_and_metadata
PKHeX.Core/Resources/legality/wild/encounter_go_lgpe.pkl,46ef46d4b7b2143f2b3e7c77a0108b2d7c5ff99e,37264,core_resources,extract_semantics_and_metadata
PKHeX.Core/Resources/localize/battle/battle_de.json,3a629ffb3d9036465d1e003d6a2889264f49f470,1108,core_resources,extract_semantics_and_metadata
PKHeX.Core/Resources/localize/battle/battle_en.json,8b82e8499cde0df3c746eef6cf2b7ce723056a33,1124,core_resources,extract_semantics_and_metadata
PKHeX.Core/Resources/localize/battle/battle_es-419.json,5ff02daf2d0e1e7c07346dae026eae581a64f93b,1093,core_resources,extract_semantics_and_metadata
PKHeX.Core/Resources/localize/battle/battle_es.json,7f20443c8d4c587c61b4ac7d0be53bc8401b7953,1092,core_resources,extract_semantics_and_metadata
PKHeX.Core/Resources/localize/battle/battle_fr.json,e8d06926a7ef11e7e4ced99f6078883456f0ac93,1097,core_resources,extract_semantics_and_metadata
PKHeX.Core/Resources/localize/battle/battle_it.json,54c247c2f707ea04bb04e56daeb0d5936ca19171,1097,core_resources,extract_semantics_and_metadata
PKHeX.Core/Resources/localize/battle/battle_ja.json,7039c8658ef0bbc210ac5fc0a8c4bc0d6998df83,1159,core_resources,extract_semantics_and_metadata
PKHeX.Core/Resources/localize/battle/battle_ko.json,d9335097cc4f93020f5748ab0ea8e10b777864ca,1132,core_resources,extract_semantics_and_metadata
PKHeX.Core/Resources/localize/battle/battle_zh-hans.json,771ce2d3e2f77dc91f87cc0ac5b2d60b24f9c0be,1124,core_resources,extract_semantics_and_metadata
PKHeX.Core/Resources/localize/battle/battle_zh-hant.json,941dcac531507a52f15478243c37f54ac7613311,1127,core_resources,extract_semantics_and_metadata
PKHeX.Core/Resources/localize/battle/setparse_de.json,b5779a489d6f82eed095c9b645f3ef94681d2b98,1278,core_resources,extract_semantics_and_metadata
PKHeX.Core/Resources/localize/battle/setparse_en.json,b5779a489d6f82eed095c9b645f3ef94681d2b98,1278,core_resources,extract_semantics_and_metadata
PKHeX.Core/Resources/localize/battle/setparse_es-419.json,b5779a489d6f82eed095c9b645f3ef94681d2b98,1278,core_resources,extract_semantics_and_metadata
PKHeX.Core/Resources/localize/battle/setparse_es.json,b5779a489d6f82eed095c9b645f3ef94681d2b98,1278,core_resources,extract_semantics_and_metadata
PKHeX.Core/Resources/localize/battle/setparse_fr.json,93dffea311faf435a0ec898e2111ab2799099277,1412,core_resources,extract_semantics_and_metadata
PKHeX.Core/Resources/localize/battle/setparse_it.json,b5779a489d6f82eed095c9b645f3ef94681d2b98,1278,core_resources,extract_semantics_and_metadata
PKHeX.Core/Resources/localize/battle/setparse_ja.json,b5779a489d6f82eed095c9b645f3ef94681d2b98,1278,core_resources,extract_semantics_and_metadata
PKHeX.Core/Resources/localize/battle/setparse_ko.json,b5779a489d6f82eed095c9b645f3ef94681d2b98,1278,core_resources,extract_semantics_and_metadata
PKHeX.Core/Resources/localize/battle/setparse_zh-hans.json,1f38474183e7239c458c169de815954a5fc35d29,1260,core_resources,extract_semantics_and_metadata
PKHeX.Core/Resources/localize/battle/setparse_zh-hant.json,b5779a489d6f82eed095c9b645f3ef94681d2b98,1278,core_resources,extract_semantics_and_metadata
PKHeX.Core/Resources/localize/encounter/encounter_de.json,55d69c405a1db18ca2d753d9fdfffc15308a9c84,431,core_resources,extract_semantics_and_metadata
PKHeX.Core/Resources/localize/encounter/encounter_en.json,94cf5f6b57c0f4a9af7c71e36e9f9e06510ca8ed,432,core_resources,extract_semantics_and_metadata
PKHeX.Core/Resources/localize/encounter/encounter_es-419.json,bd2a549ddd9d6cec56a93e256fe88bd9805898c2,463,core_resources,extract_semantics_and_metadata
PKHeX.Core/Resources/localize/encounter/encounter_es.json,bd2a549ddd9d6cec56a93e256fe88bd9805898c2,463,core_resources,extract_semantics_and_metadata
PKHeX.Core/Resources/localize/encounter/encounter_fr.json,4e08a9c35619ab5b68f697dbf4b09a0aa04ec0b3,459,core_resources,extract_semantics_and_metadata
PKHeX.Core/Resources/localize/encounter/encounter_it.json,994d32ea0ee88467b131cb827262aadde4f4e505,457,core_resources,extract_semantics_and_metadata
PKHeX.Core/Resources/localize/encounter/encounter_ja.json,c8ad408c969d0f6942789226dbbf6b1a5a6a5ca5,480,core_resources,extract_semantics_and_metadata
PKHeX.Core/Resources/localize/encounter/encounter_ko.json,8aab8f424e1ab1286271061be338e0d1976998b7,448,core_resources,extract_semantics_and_metadata
PKHeX.Core/Resources/localize/encounter/encounter_zh-hans.json,ada470a757cb54619ea5332edb98bb225a43d52f,440,core_resources,extract_semantics_and_metadata
PKHeX.Core/Resources/localize/encounter/encounter_zh-hant.json,04b0b2386637bf1f6ea9933a08c54ecb20167f6d,439,core_resources,extract_semantics_and_metadata
PKHeX.Core/Resources/localize/general/general_de.json,effe00d602ab732da41173c28fe70728c64c82a8,304,core_resources,extract_semantics_and_metadata
PKHeX.Core/Resources/localize/general/general_en.json,e71b7e46c6a74fc2049f992aeec745e6adf971b1,277,core_resources,extract_semantics_and_metadata
PKHeX.Core/Resources/localize/general/general_es-419.json,840752ecb9692ee667abf46e827969cff0b4a24f,291,core_resources,extract_semantics_and_metadata
PKHeX.Core/Resources/localize/general/general_es.json,840752ecb9692ee667abf46e827969cff0b4a24f,291,core_resources,extract_semantics_and_metadata
PKHeX.Core/Resources/localize/general/general_fr.json,40d0cfbaf308bedda9cd71c605de761d87f37fd9,291,core_resources,extract_semantics_and_metadata
PKHeX.Core/Resources/localize/general/general_it.json,3fdc6795e64ae8379a876fefb408bd05a12e1433,297,core_resources,extract_semantics_and_metadata
PKHeX.Core/Resources/localize/general/general_ja.json,32b95353a7591f6e478daed58f7a56dc90adf197,277,core_resources,extract_semantics_and_metadata
PKHeX.Core/Resources/localize/general/general_ko.json,317ccf98dc572b140489232623122dc3bb2f075d,285,core_resources,extract_semantics_and_metadata
PKHeX.Core/Resources/localize/general/general_zh-hans.json,cb60e7afe01f6fd8b6be4448b17c5d83eefd089e,253,core_resources,extract_semantics_and_metadata
PKHeX.Core/Resources/localize/general/general_zh-hant.json,f96b76a02021bd3ce6981dc0ed1fc809195b56fc,253,core_resources,extract_semantics_and_metadata
PKHeX.Core/Resources/localize/legality/legality_de.json,ff8dccfd9b8496196058198c75da124cb4f7c40c,31247,core_resources,extract_semantics_and_metadata
PKHeX.Core/Resources/localize/legality/legality_en.json,36afb7378dd3ae40c4586d6f7fc15217e34503cd,26873,core_resources,extract_semantics_and_metadata
PKHeX.Core/Resources/localize/legality/legality_es-419.json,f14eae6b1b87856b3d72850cb1ca934e9fd1212f,31722,core_resources,extract_semantics_and_metadata
PKHeX.Core/Resources/localize/legality/legality_es.json,81008e19da1ce3fa939301c3df9846a2f29bb744,31680,core_resources,extract_semantics_and_metadata
PKHeX.Core/Resources/localize/legality/legality_fr.json,bdac19febbd81a12533bdad20ace8af708d297eb,32696,core_resources,extract_semantics_and_metadata
PKHeX.Core/Resources/localize/legality/legality_it.json,ee251f6f36989e83f6daae52fd177feb044a892f,31511,core_resources,extract_semantics_and_metadata
PKHeX.Core/Resources/localize/legality/legality_ja.json,d6887d49ba66a865479bfbe84a48f2cd37c7ddfc,33423,core_resources,extract_semantics_and_metadata
PKHeX.Core/Resources/localize/legality/legality_ko.json,336c62fc59480cd41d29590a74618cd24754b5dc,35394,core_resources,extract_semantics_and_metadata
PKHeX.Core/Resources/localize/legality/legality_zh-hans.json,ac2b82c62fb9ac431ac7baa2298b5a7bd59a23b4,26518,core_resources,extract_semantics_and_metadata
PKHeX.Core/Resources/localize/legality/legality_zh-hant.json,3ddf77ac052bb0eae6846fa9208ddd572bf28e41,27884,core_resources,extract_semantics_and_metadata
PKHeX.Core/Resources/localize/movesource/movesource_de.json,93d7e4c808f20532062f610ce31581e0d20ad9c5,921,core_resources,extract_semantics_and_metadata
PKHeX.Core/Resources/localize/movesource/movesource_en.json,000b7c93b85938df214847a05410d5a6a2dae057,819,core_resources,extract_semantics_and_metadata
PKHeX.Core/Resources/localize/movesource/movesource_es-419.json,cf08d4a8e6de2cc61cb20c8189b249c982f810d7,972,core_resources,extract_semantics_and_metadata
PKHeX.Core/Resources/localize/movesource/movesource_es.json,cf08d4a8e6de2cc61cb20c8189b249c982f810d7,972,core_resources,extract_semantics_and_metadata
PKHeX.Core/Resources/localize/movesource/movesource_fr.json,9f28a67d6deac906b5fb6e30651fc3c8ccddb201,957,core_resources,extract_semantics_and_metadata
PKHeX.Core/Resources/localize/movesource/movesource_it.json,78ed22277668c04dbb64215f8cae139509ba2aac,905,core_resources,extract_semantics_and_metadata
PKHeX.Core/Resources/localize/movesource/movesource_ja.json,4b9797a6240c0be86d06a945c56ae9f2f2bd34b4,836,core_resources,extract_semantics_and_metadata
PKHeX.Core/Resources/localize/movesource/movesource_ko.json,5d09d8c6df78824ebb929c657c100758ba000c71,931,core_resources,extract_semantics_and_metadata
PKHeX.Core/Resources/localize/movesource/movesource_zh-hans.json,fee1a6e6f3767a625a180bab48e6cab07abb9df2,912,core_resources,extract_semantics_and_metadata
PKHeX.Core/Resources/localize/movesource/movesource_zh-hant.json,a6524317a4c72e7366e0d2a6e3c3c13e68b24e62,912,core_resources,extract_semantics_and_metadata
PKHeX.Core/Resources/text/badwords/badwords_3ds.txt,b77569ad6887ac452882969c23af701c4ab9e235,43247,core_resources,extract_semantics_and_metadata
PKHeX.Core/Resources/text/badwords/badwords_gen5.txt,2d89410227a97014c71039f9999f04c4662b86ad,2910,core_resources,extract_semantics_and_metadata
PKHeX.Core/Resources/text/badwords/badwords_switch.txt,4b34c9662408796a50a2d7f1cdedf73c3ffb36ff,60893,core_resources,extract_semantics_and_metadata
PKHeX.Core/Resources/text/donut/text_donutFlavor_de.txt,6f16d4a66573f669af313a95bff085ba074cc51b,7792,core_resources,extract_semantics_and_metadata
PKHeX.Core/Resources/text/donut/text_donutFlavor_en.txt,3941850fbed6672e8acf1311f1b2975854e8e688,8139,core_resources,extract_semantics_and_metadata
PKHeX.Core/Resources/text/donut/text_donutFlavor_es-419.txt,84161d55bef7c6eca541b837c7820b9740922fef,8313,core_resources,extract_semantics_and_metadata
PKHeX.Core/Resources/text/donut/text_donutFlavor_es.txt,adb4220e94183c8b97f3249ba0f6466e2a6accce,8349,core_resources,extract_semantics_and_metadata
PKHeX.Core/Resources/text/donut/text_donutFlavor_fr.txt,1b3ce746b9e511aee8cf7f4348f9b7a14435b893,7256,core_resources,extract_semantics_and_metadata
PKHeX.Core/Resources/text/donut/text_donutFlavor_it.txt,d37fb359d09afa12392c0abebdf4f6f646eb3686,9014,core_resources,extract_semantics_and_metadata
PKHeX.Core/Resources/text/donut/text_donutFlavor_ja.txt,c5fda243572a182b93bba3e05dec289bb6e2a377,9991,core_resources,extract_semantics_and_metadata
PKHeX.Core/Resources/text/donut/text_donutFlavor_ko.txt,760ced75b5b25d8ac304b9a008f200702ff0d596,7767,core_resources,extract_semantics_and_metadata
PKHeX.Core/Resources/text/donut/text_donutFlavor_zh-Hans.txt,bc89c82f21c927d0ea9287d6e75d498c9cc5687c,6112,core_resources,extract_semantics_and_metadata
PKHeX.Core/Resources/text/donut/text_donutFlavor_zh-Hant.txt,6d86643a10c6416ab79d196e6fb50a6b94af92bc,6103,core_resources,extract_semantics_and_metadata
PKHeX.Core/Resources/text/donut/text_donutName_de.txt,5ca05be75c9590d47c447bfb5f21896a8f6d6bfa,4557,core_resources,extract_semantics_and_metadata
PKHeX.Core/Resources/text/donut/text_donutName_en.txt,ebee69ef957a043fc970531105da3a42d5bacb5f,3977,core_resources,extract_semantics_and_metadata
PKHeX.Core/Resources/text/donut/text_donutName_es-419.txt,a5b2c13ff47df78c99a20b6b030de99a75b5528e,3435,core_resources,extract_semantics_and_metadata
PKHeX.Core/Resources/text/donut/text_donutName_es.txt,02a6c377eddef3df94707cbeb7518b33ffcff3ad,3555,core_resources,extract_semantics_and_metadata
PKHeX.Core/Resources/text/donut/text_donutName_fr.txt,3f3bc9193dc93ef1adfd3719e98d9471f1ed73bc,4325,core_resources,extract_semantics_and_metadata
PKHeX.Core/Resources/text/donut/text_donutName_it.txt,0b989cf5477a56591d3131bb89b13b95a5f985d0,4018,core_resources,extract_semantics_and_metadata
PKHeX.Core/Resources/text/donut/text_donutName_ja.txt,678f71b4d4d75c06f5d0d443c060bc674c6f33e5,4291,core_resources,extract_semantics_and_metadata
PKHeX.Core/Resources/text/donut/text_donutName_ko.txt,0c12ead16751873405992ddff7e2187dcf97cde1,3123,core_resources,extract_semantics_and_metadata
PKHeX.Core/Resources/text/donut/text_donutName_zh-Hans.txt,09ddcd76aaee02882878dd477628fccd2dcde9f8,2893,core_resources,extract_semantics_and_metadata
PKHeX.Core/Resources/text/donut/text_donutName_zh-Hant.txt,76231c98b0270b0dec059ed5256cb0e9702ffbdc,2992,core_resources,extract_semantics_and_metadata
PKHeX.Core/Resources/text/game/battle_pass_br/text_gear_de.txt,4bd627fd7305135d319322d7ffc57b6cd7a4f3a2,12425,core_resources,extract_semantics_and_metadata
PKHeX.Core/Resources/text/game/battle_pass_br/text_gear_en.txt,22c5766a89fafcb657a8467fdef281051fd4e40c,11958,core_resources,extract_semantics_and_metadata
PKHeX.Core/Resources/text/game/battle_pass_br/text_gear_es-419.txt,9be04077051da4956263db45a1e756a5015d70aa,14440,core_resources,extract_semantics_and_metadata
PKHeX.Core/Resources/text/game/battle_pass_br/text_gear_es.txt,24b7fefad2aaa44a3160e862ddb3fd21db5fe54d,14487,core_resources,extract_semantics_and_metadata
PKHeX.Core/Resources/text/game/battle_pass_br/text_gear_fr.txt,b29951e692598dcff23ed38ef7619f80d934a7d7,14049,core_resources,extract_semantics_and_metadata
PKHeX.Core/Resources/text/game/battle_pass_br/text_gear_it.txt,4c54e155d68739e07db78a2441e31e70f8b09875,14189,core_resources,extract_semantics_and_metadata
PKHeX.Core/Resources/text/game/battle_pass_br/text_gear_ja.txt,67c2f8f80a09f42690654bca178a2cd56587253d,19255,core_resources,extract_semantics_and_metadata
PKHeX.Core/Resources/text/game/battle_pass_br/text_pass_design_de.txt,5fb9e11af6c9847f2e0f9bc7b9d490146a6f19dc,683,core_resources,extract_semantics_and_metadata
PKHeX.Core/Resources/text/game/battle_pass_br/text_pass_design_en.txt,e2027d901a7166e13588feb2330aefea6eef15d6,686,core_resources,extract_semantics_and_metadata
PKHeX.Core/Resources/text/game/battle_pass_br/text_pass_design_es-419.txt,6feb0bc9755b1c37382c9fbc2bc9650fbd67288e,750,core_resources,extract_semantics_and_metadata
PKHeX.Core/Resources/text/game/battle_pass_br/text_pass_design_es.txt,6feb0bc9755b1c37382c9fbc2bc9650fbd67288e,750,core_resources,extract_semantics_and_metadata
PKHeX.Core/Resources/text/game/battle_pass_br/text_pass_design_fr.txt,23420ed9ca60ed43a9432f82516b977dc6123bed,871,core_resources,extract_semantics_and_metadata
PKHeX.Core/Resources/text/game/battle_pass_br/text_pass_design_it.txt,eeb6634026b1e77f7a555941dc214a50fcf3bb6d,717,core_resources,extract_semantics_and_metadata
PKHeX.Core/Resources/text/game/battle_pass_br/text_pass_design_ja.txt,d9c7e85fd81186e540d95b3609527bb7a4383532,1314,core_resources,extract_semantics_and_metadata
PKHeX.Core/Resources/text/game/battle_pass_br/text_trainer_title_de.txt,c61bfd9ed772897e1aca4900e22de2758dee270d,4409,core_resources,extract_semantics_and_metadata
PKHeX.Core/Resources/text/game/battle_pass_br/text_trainer_title_en.txt,ae51847bf8ce9d9a15d0fa59f7fe9c097e1454c1,5103,core_resources,extract_semantics_and_metadata
PKHeX.Core/Resources/text/game/battle_pass_br/text_trainer_title_es-419.txt,fc0e5d1b2e8bc278544696d4c2803357fbb66db7,6541,core_resources,extract_semantics_and_metadata
PKHeX.Core/Resources/text/game/battle_pass_br/text_trainer_title_es.txt,fc0e5d1b2e8bc278544696d4c2803357fbb66db7,6541,core_resources,extract_semantics_and_metadata
PKHeX.Core/Resources/text/game/battle_pass_br/text_trainer_title_fr.txt,2cd5e8a8c3c9e48b4d89878b257d86d58cec97ac,5997,core_resources,extract_semantics_and_metadata
PKHeX.Core/Resources/text/game/battle_pass_br/text_trainer_title_it.txt,3345f50e58f0ff798717641c132497579da52d3a,5170,core_resources,extract_semantics_and_metadata
PKHeX.Core/Resources/text/game/battle_pass_br/text_trainer_title_ja.txt,8ed16a253f8f78b5430ef8dd84a33a63245003ac,8762,core_resources,extract_semantics_and_metadata
PKHeX.Core/Resources/text/game/battle_pass_br/text_trainer_title_npc_de.txt,3ca2e1088d59398a29797524f4e39fc7c1fbcf37,1096,core_resources,extract_semantics_and_metadata
PKHeX.Core/Resources/text/game/battle_pass_br/text_trainer_title_npc_en.txt,cb03dfd87243a14c215a25b371025fe27d46e708,1193,core_resources,extract_semantics_and_metadata
PKHeX.Core/Resources/text/game/battle_pass_br/text_trainer_title_npc_es-419.txt,81b495c9e46f523b2ef4634478ad4fd1cdbbc53e,1581,core_resources,extract_semantics_and_metadata
PKHeX.Core/Resources/text/game/battle_pass_br/text_trainer_title_npc_es.txt,81b495c9e46f523b2ef4634478ad4fd1cdbbc53e,1581,core_resources,extract_semantics_and_metadata
PKHeX.Core/Resources/text/game/battle_pass_br/text_trainer_title_npc_fr.txt,dea0909b52e52d541faca98b9c48372bb6915803,1411,core_resources,extract_semantics_and_metadata
PKHeX.Core/Resources/text/game/battle_pass_br/text_trainer_title_npc_it.txt,b1949a26b89326156c903562914e040c2e45f98e,1189,core_resources,extract_semantics_and_metadata
PKHeX.Core/Resources/text/game/battle_pass_br/text_trainer_title_npc_ja.txt,174ae9f4a1f551bc7ab17a92d91f99afa8cb6d10,2135,core_resources,extract_semantics_and_metadata
PKHeX.Core/Resources/text/game/decorations_rse/text_decoration3_de.txt,4cbf91a0ae25b8467807d1c58dabf623a78ca5c7,1583,core_resources,extract_semantics_and_metadata
PKHeX.Core/Resources/text/game/decorations_rse/text_decoration3_en.txt,8ea59c2d4902662306bc53ede3a29f6cf0c9e2b8,1473,core_resources,extract_semantics_and_metadata
PKHeX.Core/Resources/text/game/decorations_rse/text_decoration3_es-419.txt,62e37b7413d0cc17cac7ba401ba8540f3e63c868,1689,core_resources,extract_semantics_and_metadata
PKHeX.Core/Resources/text/game/decorations_rse/text_decoration3_es.txt,62e37b7413d0cc17cac7ba401ba8540f3e63c868,1689,core_resources,extract_semantics_and_metadata
PKHeX.Core/Resources/text/game/decorations_rse/text_decoration3_fr.txt,143fee1d681d75e73d1e0cfbb2902079e601232d,1687,core_resources,extract_semantics_and_metadata
PKHeX.Core/Resources/text/game/decorations_rse/text_decoration3_it.txt,6651ad83e8e80144c8b696b0564d3d1d328d9c88,1652,core_resources,extract_semantics_and_metadata
PKHeX.Core/Resources/text/game/decorations_rse/text_decoration3_ja.txt,1f96cba0c0b48d3c84f1e5561d4781491223df5f,2606,core_resources,extract_semantics_and_metadata
PKHeX.Core/Resources/text/game/decorations_rse/text_decoration3_ko.txt,2c509431ebb7a997a795d15bdae0dec037d84a48,1846,core_resources,extract_semantics_and_metadata
PKHeX.Core/Resources/text/game/decorations_rse/text_decoration3_zh-Hans.txt,a5cff96929aad3086669404fa26fb41d112471fa,1718,core_resources,extract_semantics_and_metadata
PKHeX.Core/Resources/text/game/decorations_rse/text_decoration3_zh-Hant.txt,7955c046bf40ce1ce34d9061f98560353a552c72,1718,core_resources,extract_semantics_and_metadata
PKHeX.Core/Resources/text/game/fashioncase_dppthgss/text_accessories_de.txt,f7d185a992fc91ff79ff6258eef07f99d1af3061,1116,core_resources,extract_semantics_and_metadata
PKHeX.Core/Resources/text/game/fashioncase_dppthgss/text_accessories_en.txt,b83f0f067a30249be65ef26cca87e6ebd4b7000d,1220,core_resources,extract_semantics_and_metadata
PKHeX.Core/Resources/text/game/fashioncase_dppthgss/text_accessories_es-419.txt,24e540485cff0e1725f90eb01a376697f43cf4cf,1241,core_resources,extract_semantics_and_metadata
PKHeX.Core/Resources/text/game/fashioncase_dppthgss/text_accessories_es.txt,24e540485cff0e1725f90eb01a376697f43cf4cf,1241,core_resources,extract_semantics_and_metadata
PKHeX.Core/Resources/text/game/fashioncase_dppthgss/text_accessories_fr.txt,8d7a5802d0f802f31ef20ffe0acaf452ce9863b0,1299,core_resources,extract_semantics_and_metadata
PKHeX.Core/Resources/text/game/fashioncase_dppthgss/text_accessories_it.txt,0884281554661b15c7995c454b10eacd7cde4fae,1193,core_resources,extract_semantics_and_metadata
PKHeX.Core/Resources/text/game/fashioncase_dppthgss/text_accessories_ja.txt,70325fb1d848216c091148aa738f30ccfa0b4846,2088,core_resources,extract_semantics_and_metadata
PKHeX.Core/Resources/text/game/fashioncase_dppthgss/text_accessories_ko.txt,3917a354207d5f3c5a7e58e41d81fbf1b581e2f0,1471,core_resources,extract_semantics_and_metadata
PKHeX.Core/Resources/text/game/fashioncase_dppthgss/text_accessories_zh-Hans.txt,f7f91e76873c451a79eb0882c4d642183ebe632d,1191,core_resources,extract_semantics_and_metadata
PKHeX.Core/Resources/text/game/fashioncase_dppthgss/text_accessories_zh-Hant.txt,f4903b810559a3fb725778af7626c916d625b8ac,1191,core_resources,extract_semantics_and_metadata
PKHeX.Core/Resources/text/game/fashioncase_dppthgss/text_backdrops_de.txt,b0a856f659c14f3398d1d0f51c188f9896a6f9cf,206,core_resources,extract_semantics_and_metadata
PKHeX.Core/Resources/text/game/fashioncase_dppthgss/text_backdrops_en.txt,811318544e6114607c436d5d0914c632b88b129c,196,core_resources,extract_semantics_and_metadata
PKHeX.Core/Resources/text/game/fashioncase_dppthgss/text_backdrops_es-419.txt,86a01c42ad89b41b4cf2d8bceeed2ba912b0b2aa,223,core_resources,extract_semantics_and_metadata
PKHeX.Core/Resources/text/game/fashioncase_dppthgss/text_backdrops_es.txt,86a01c42ad89b41b4cf2d8bceeed2ba912b0b2aa,223,core_resources,extract_semantics_and_metadata
PKHeX.Core/Resources/text/game/fashioncase_dppthgss/text_backdrops_fr.txt,00c9b6451f36ff4a00e16db6972ce65349b36016,206,core_resources,extract_semantics_and_metadata
PKHeX.Core/Resources/text/game/fashioncase_dppthgss/text_backdrops_it.txt,737ec34415b5f632297d372521ee6284b452202f,224,core_resources,extract_semantics_and_metadata
PKHeX.Core/Resources/text/game/fashioncase_dppthgss/text_backdrops_ja.txt,814227d90bc4ab18218841cbcbe440ced148158f,341,core_resources,extract_semantics_and_metadata
PKHeX.Core/Resources/text/game/fashioncase_dppthgss/text_backdrops_ko.txt,62c34dd5d514ee9d2c256d49e274e5d169402bc3,221,core_resources,extract_semantics_and_metadata
PKHeX.Core/Resources/text/game/fashioncase_dppthgss/text_backdrops_zh-Hans.txt,8fa41e502a356abeaeda53c2f737b12d9885b022,215,core_resources,extract_semantics_and_metadata
PKHeX.Core/Resources/text/game/fashioncase_dppthgss/text_backdrops_zh-Hant.txt,af1255e4da3336368b7255571053cb0217b4838b,215,core_resources,extract_semantics_and_metadata
PKHeX.Core/Resources/text/game/medals_b2w2/text_medal_types_de.txt,e68f090c353eda84755c581caafe8a8e9ffe4ce6,45,core_resources,extract_semantics_and_metadata
PKHeX.Core/Resources/text/game/medals_b2w2/text_medal_types_en.txt,6c714c2ba63515c034ecf139bf2c3b6eab97ee08,48,core_resources,extract_semantics_and_metadata
PKHeX.Core/Resources/text/game/medals_b2w2/text_medal_types_es-419.txt,3bb5a3e0c59a442af061e5b18d5967815ee38489,45,core_resources,extract_semantics_and_metadata
PKHeX.Core/Resources/text/game/medals_b2w2/text_medal_types_es.txt,3bb5a3e0c59a442af061e5b18d5967815ee38489,45,core_resources,extract_semantics_and_metadata
PKHeX.Core/Resources/text/game/medals_b2w2/text_medal_types_fr.txt,21588acb1294580e1626a7da1907d8f3d2bfb5ba,49,core_resources,extract_semantics_and_metadata
PKHeX.Core/Resources/text/game/medals_b2w2/text_medal_types_it.txt,de0e0d7f9813183f171a89d9248da3d2d13b3e80,43,core_resources,extract_semantics_and_metadata
PKHeX.Core/Resources/text/game/medals_b2w2/text_medal_types_ja.txt,f5a833b9f115df19394889d58c8e568c6c7966d2,40,core_resources,extract_semantics_and_metadata
PKHeX.Core/Resources/text/game/medals_b2w2/text_medal_types_ko.txt,639d445e5cf5a50a4d35025406bb426e91286189,37,core_resources,extract_semantics_and_metadata
PKHeX.Core/Resources/text/game/medals_b2w2/text_medal_types_zh-Hans.txt,6d695b4464787f5ea50febf43c69fbd4d4882cc2,34,core_resources,extract_semantics_and_metadata
PKHeX.Core/Resources/text/game/medals_b2w2/text_medal_types_zh-Hant.txt,17b39853a74cff0e9f432e48b06c081db6667663,34,core_resources,extract_semantics_and_metadata
PKHeX.Core/Resources/text/game/medals_b2w2/text_medals_de.txt,cedd5d0ab65281192dbfb77648ddcf7a81209a58,3818,core_resources,extract_semantics_and_metadata
PKHeX.Core/Resources/text/game/medals_b2w2/text_medals_en.txt,d94aecbe5af58d2ff4815becbe50738513976191,4095,core_resources,extract_semantics_and_metadata
PKHeX.Core/Resources/text/game/medals_b2w2/text_medals_es-419.txt,d224913e81cd30ac9b32a8efc1f43cbda5371faa,3976,core_resources,extract_semantics_and_metadata
PKHeX.Core/Resources/text/game/medals_b2w2/text_medals_es.txt,d224913e81cd30ac9b32a8efc1f43cbda5371faa,3976,core_resources,extract_semantics_and_metadata
PKHeX.Core/Resources/text/game/medals_b2w2/text_medals_fr.txt,c0b36e99cded0580cee77c4f28d11c5d189924eb,4301,core_resources,extract_semantics_and_metadata
PKHeX.Core/Resources/text/game/medals_b2w2/text_medals_it.txt,6acc35498509e62ac567fc68860ebbcf4733571b,4327,core_resources,extract_semantics_and_metadata
PKHeX.Core/Resources/text/game/medals_b2w2/text_medals_ja.txt,4c974d9e18b550808a686dbd26a8859bed0a0566,6587,core_resources,extract_semantics_and_metadata
PKHeX.Core/Resources/text/game/medals_b2w2/text_medals_ko.txt,2264be3c3e6432137933931df8ad80841a1ef04a,4166,core_resources,extract_semantics_and_metadata
PKHeX.Core/Resources/text/game/medals_b2w2/text_medals_zh-Hans.txt,2a8441eeb90f429c0b27f03a62a338234d1136b8,3557,core_resources,extract_semantics_and_metadata
PKHeX.Core/Resources/text/game/medals_b2w2/text_medals_zh-Hant.txt,ac230a690587c03cbeb3d9d611bebc0316f42fd7,3559,core_resources,extract_semantics_and_metadata
PKHeX.Core/Resources/text/game/poffins_bdsp/text_poffin8b_de.txt,d44c2607a0fee88b1744be4ee626f7caa8e4cf7e,596,core_resources,extract_semantics_and_metadata
PKHeX.Core/Resources/text/game/poffins_bdsp/text_poffin8b_en.txt,b6dd47cb08295e9d2388cff10264570fa05fe652,497,core_resources,extract_semantics_and_metadata
PKHeX.Core/Resources/text/game/poffins_bdsp/text_poffin8b_es-419.txt,9c8841ae5dddf6667978c87b597b1dbd0278d56d,541,core_resources,extract_semantics_and_metadata
PKHeX.Core/Resources/text/game/poffins_bdsp/text_poffin8b_es.txt,9c8841ae5dddf6667978c87b597b1dbd0278d56d,541,core_resources,extract_semantics_and_metadata
PKHeX.Core/Resources/text/game/poffins_bdsp/text_poffin8b_fr.txt,1b925d11a9af0c7f5914d1c759a221a37a5e8a1d,544,core_resources,extract_semantics_and_metadata
PKHeX.Core/Resources/text/game/poffins_bdsp/text_poffin8b_it.txt,74e6c29dbcc4ff46f00fc619810154722d5f0d95,531,core_resources,extract_semantics_and_metadata
PKHeX.Core/Resources/text/game/poffins_bdsp/text_poffin8b_ja.txt,b49ddeea48ba97fc3443a1009e0f612cbb884f81,765,core_resources,extract_semantics_and_metadata
PKHeX.Core/Resources/text/game/poffins_bdsp/text_poffin8b_ko.txt,af56e0bc8ae1633ea923c0ca7e6c296bb0e30111,552,core_resources,extract_semantics_and_metadata
PKHeX.Core/Resources/text/game/poffins_bdsp/text_poffin8b_zh-Hans.txt,206534f024f3eded24fc32b1b650c4a95ebe9813,393,core_resources,extract_semantics_and_metadata
PKHeX.Core/Resources/text/game/poffins_bdsp/text_poffin8b_zh-Hant.txt,9e01220902ef914dba07005524e6a8b1ba2143df,393,core_resources,extract_semantics_and_metadata
PKHeX.Core/Resources/text/game/poffins_dppt/text_poffin4_de.txt,ca5f5da4571dafdfae93fdd4d646299ef0f985d7,584,core_resources,extract_semantics_and_metadata
PKHeX.Core/Resources/text/game/poffins_dppt/text_poffin4_en.txt,a4d4c54976c22624df2351f7fdb0398f5dd1a4bf,484,core_resources,extract_semantics_and_metadata
PKHeX.Core/Resources/text/game/poffins_dppt/text_poffin4_es-419.txt,08e140b08843445920d83ea84f9df2dd0ff08e44,530,core_resources,extract_semantics_and_metadata
PKHeX.Core/Resources/text/game/poffins_dppt/text_poffin4_es.txt,08e140b08843445920d83ea84f9df2dd0ff08e44,530,core_resources,extract_semantics_and_metadata
PKHeX.Core/Resources/text/game/poffins_dppt/text_poffin4_fr.txt,ab2e2b350d83016b7c054d7a561dadcb2e3318b6,502,core_resources,extract_semantics_and_metadata
PKHeX.Core/Resources/text/game/poffins_dppt/text_poffin4_it.txt,d7d442fc6aad1088d8aac8559da95eeb32fc139d,521,core_resources,extract_semantics_and_metadata
PKHeX.Core/Resources/text/game/poffins_dppt/text_poffin4_ja.txt,e27bbdd74caf76532c56c75b1aa842a77f56bd5f,738,core_resources,extract_semantics_and_metadata
PKHeX.Core/Resources/text/game/poffins_dppt/text_poffin4_ko.txt,937516046cce9ff9e33aeeb168e4217a59083344,534,core_resources,extract_semantics_and_metadata
PKHeX.Core/Resources/text/game/poffins_dppt/text_poffin4_zh-Hans.txt,680afe069189427299507280ca27f0398b996d69,381,core_resources,extract_semantics_and_metadata
PKHeX.Core/Resources/text/game/poffins_dppt/text_poffin4_zh-Hant.txt,72deca5ba38d3d4ef699a9e8b8cf3e8bf17033a7,381,core_resources,extract_semantics_and_metadata
PKHeX.Core/Resources/text/game/pokeblocks_rse/text_pokeblock3_de.txt,9e99f3d8d5b1445a0f90cbf1a5570e72a7005def,250,core_resources,extract_semantics_and_metadata
PKHeX.Core/Resources/text/game/pokeblocks_rse/text_pokeblock3_en.txt,586e0d4fd7a25ef154a83da734ebd72fa3838591,242,core_resources,extract_semantics_and_metadata
PKHeX.Core/Resources/text/game/pokeblocks_rse/text_pokeblock3_es-419.txt,9d8a19e25a4a62b30e923ddd8d5373f7f1862df1,240,core_resources,extract_semantics_and_metadata
PKHeX.Core/Resources/text/game/pokeblocks_rse/text_pokeblock3_es.txt,9d8a19e25a4a62b30e923ddd8d5373f7f1862df1,240,core_resources,extract_semantics_and_metadata
PKHeX.Core/Resources/text/game/pokeblocks_rse/text_pokeblock3_fr.txt,23525ff948444549e768248c43f1aaa26efa2333,228,core_resources,extract_semantics_and_metadata
PKHeX.Core/Resources/text/game/pokeblocks_rse/text_pokeblock3_it.txt,5c1b6aaafad789abd7aa25e01ce9651ed402a693,247,core_resources,extract_semantics_and_metadata
PKHeX.Core/Resources/text/game/pokeblocks_rse/text_pokeblock3_ja.txt,2a70fd5d9c5fbfc633763f2da34c25c2e0587b8b,344,core_resources,extract_semantics_and_metadata
PKHeX.Core/Resources/text/game/pokeblocks_rse/text_pokeblock3_ko.txt,579f8808cde68b4aad934626e2e517a02f09d4b6,320,core_resources,extract_semantics_and_metadata
PKHeX.Core/Resources/text/game/pokeblocks_rse/text_pokeblock3_zh-Hans.txt,4cfbc1f1bb469220ca401728ace4adaa2284376f,281,core_resources,extract_semantics_and_metadata
PKHeX.Core/Resources/text/game/pokeblocks_rse/text_pokeblock3_zh-Hant.txt,ea5421d906176f597143b3f269334ca84cc5d9dd,281,core_resources,extract_semantics_and_metadata
PKHeX.Core/Resources/text/game/poketchapps_dppt/text_poketchapps_de.txt,485174b8d049baa8969e01e0fd49c1b856b63f0a,301,core_resources,extract_semantics_and_metadata
PKHeX.Core/Resources/text/game/poketchapps_dppt/text_poketchapps_en.txt,a63f38bf372501959406f96301ede73df123b5e9,321,core_resources,extract_semantics_and_metadata
PKHeX.Core/Resources/text/game/poketchapps_dppt/text_poketchapps_es-419.txt,c54e9c995a467fab23055163a1d806cd5a48f13d,358,core_resources,extract_semantics_and_metadata
PKHeX.Core/Resources/text/game/poketchapps_dppt/text_poketchapps_es.txt,c54e9c995a467fab23055163a1d806cd5a48f13d,358,core_resources,extract_semantics_and_metadata
PKHeX.Core/Resources/text/game/poketchapps_dppt/text_poketchapps_fr.txt,29ec834b22f400e2ac9f388dc1d65830723e5a73,378,core_resources,extract_semantics_and_metadata
PKHeX.Core/Resources/text/game/poketchapps_dppt/text_poketchapps_it.txt,e3c3602fd49668457cadc7fe87d9b97e61a52065,369,core_resources,extract_semantics_and_metadata
PKHeX.Core/Resources/text/game/poketchapps_dppt/text_poketchapps_ja.txt,8519e3130f540b2d84835ae31f1c3a3ae6484bba,579,core_resources,extract_semantics_and_metadata
PKHeX.Core/Resources/text/game/poketchapps_dppt/text_poketchapps_ko.txt,a4aef4c803e4dcc0736d1e93982e39dfa129b510,375,core_resources,extract_semantics_and_metadata
PKHeX.Core/Resources/text/game/poketchapps_dppt/text_poketchapps_zh-Hans.txt,142ae7a6593c82aef1facdb04167b1ff8da3824b,312,core_resources,extract_semantics_and_metadata
PKHeX.Core/Resources/text/game/props_bwb2w2/text_props_de.txt,ff52af46e88fc1616b97c7505e5446768e986c83,1224,core_resources,extract_semantics_and_metadata
PKHeX.Core/Resources/text/game/props_bwb2w2/text_props_en.txt,27caff2a552431b6a72c9f22760f9ee0e08e44c4,1093,core_resources,extract_semantics_and_metadata
PKHeX.Core/Resources/text/game/props_bwb2w2/text_props_es-419.txt,f4fb6cbb159ed6bfafe246da52fbb7ff47958f15,1282,core_resources,extract_semantics_and_metadata
PKHeX.Core/Resources/text/game/props_bwb2w2/text_props_es.txt,f4fb6cbb159ed6bfafe246da52fbb7ff47958f15,1282,core_resources,extract_semantics_and_metadata
PKHeX.Core/Resources/text/game/props_bwb2w2/text_props_fr.txt,a41646d41852010aff7f6440509cb08e248ae5ab,1325,core_resources,extract_semantics_and_metadata
PKHeX.Core/Resources/text/game/props_bwb2w2/text_props_it.txt,a971bda594c117a1a823aa2e85acfc85e32a347f,1165,core_resources,extract_semantics_and_metadata
PKHeX.Core/Resources/text/game/props_bwb2w2/text_props_ja.txt,0fc63f424fe7629f49f25691b453e7b448d883d3,1905,core_resources,extract_semantics_and_metadata
PKHeX.Core/Resources/text/game/props_bwb2w2/text_props_ko.txt,f5b3390eec34ac466eea0233bbe9d654112ce135,1324,core_resources,extract_semantics_and_metadata
PKHeX.Core/Resources/text/game/props_bwb2w2/text_props_zh-Hans.txt,4b2eae5af91f6f4c77e1f6a16ec04749e6fa2f5d,1086,core_resources,extract_semantics_and_metadata
PKHeX.Core/Resources/text/game/props_bwb2w2/text_props_zh-Hant.txt,27caff2a552431b6a72c9f22760f9ee0e08e44c4,1093,core_resources,extract_semantics_and_metadata
PKHeX.Core/Resources/text/game/research_la/text_species_tasks8a_de.txt,44555b67b39f3bb0188c4e690718e7138f9871bc,802,core_resources,extract_semantics_and_metadata
PKHeX.Core/Resources/text/game/research_la/text_species_tasks8a_en.txt,6433da6815937be41d1665d173d9422f1f72a667,960,core_resources,extract_semantics_and_metadata
PKHeX.Core/Resources/text/game/research_la/text_species_tasks8a_es-419.txt,be935e375eb9b3616268b086eae7ac4da97d9cd8,886,core_resources,extract_semantics_and_metadata
PKHeX.Core/Resources/text/game/research_la/text_species_tasks8a_es.txt,be935e375eb9b3616268b086eae7ac4da97d9cd8,886,core_resources,extract_semantics_and_metadata
PKHeX.Core/Resources/text/game/research_la/text_species_tasks8a_fr.txt,e6f2799a7ba9c4f3a84fa73aad6850d9279cb3ee,843,core_resources,extract_semantics_and_metadata
PKHeX.Core/Resources/text/game/research_la/text_species_tasks8a_it.txt,c238e70781866768df8d11861cbdecd4356edadc,805,core_resources,extract_semantics_and_metadata
PKHeX.Core/Resources/text/game/research_la/text_species_tasks8a_ja.txt,ad76f0eabe555291697103d019e9191029dd9c2e,835,core_resources,extract_semantics_and_metadata
PKHeX.Core/Resources/text/game/research_la/text_species_tasks8a_ko.txt,9f57451d436bfa2ad909bdca70ca3d84b966d956,800,core_resources,extract_semantics_and_metadata
PKHeX.Core/Resources/text/game/research_la/text_species_tasks8a_zh-Hans.txt,a0ec65e6b1cd469f5195107a2fb46f034013c135,679,core_resources,extract_semantics_and_metadata
PKHeX.Core/Resources/text/game/research_la/text_species_tasks8a_zh-Hant.txt,6570fd9ddb060caa8e69e9b087ada91e041672ab,748,core_resources,extract_semantics_and_metadata
PKHeX.Core/Resources/text/game/research_la/text_tasks8a_de.txt,cc091083dd38b0e102ebd3be94479d70c7317740,799,core_resources,extract_semantics_and_metadata
PKHeX.Core/Resources/text/game/research_la/text_tasks8a_en.txt,90c789f4456dbcbe8206fd5897a72509d2ae798b,1048,core_resources,extract_semantics_and_metadata
PKHeX.Core/Resources/text/game/research_la/text_tasks8a_es-419.txt,134f24b5d5d42931228656e8124e380b51ed2aa7,1012,core_resources,extract_semantics_and_metadata
PKHeX.Core/Resources/text/game/research_la/text_tasks8a_es.txt,134f24b5d5d42931228656e8124e380b51ed2aa7,1012,core_resources,extract_semantics_and_metadata
PKHeX.Core/Resources/text/game/research_la/text_tasks8a_fr.txt,1c0d775709e13a77fcb29b0ed9cf739229f872d3,1138,core_resources,extract_semantics_and_metadata
PKHeX.Core/Resources/text/game/research_la/text_tasks8a_it.txt,f619ad4847456c886a6ad223bb9b0bfec6e34125,968,core_resources,extract_semantics_and_metadata
PKHeX.Core/Resources/text/game/research_la/text_tasks8a_ja.txt,257136b468fd4bf4dbadfea161307d45d443ce88,944,core_resources,extract_semantics_and_metadata
PKHeX.Core/Resources/text/game/research_la/text_tasks8a_ko.txt,8a8c605182b418259e0c885f2fb33314b299fbdf,871,core_resources,extract_semantics_and_metadata
PKHeX.Core/Resources/text/game/research_la/text_tasks8a_zh-Hans.txt,17080ef6d250615375ba1548c1098d48c4f84dd5,806,core_resources,extract_semantics_and_metadata
PKHeX.Core/Resources/text/game/research_la/text_tasks8a_zh-Hant.txt,cfd208a13caabed74145b8532488c4f6714bf1e9,809,core_resources,extract_semantics_and_metadata
PKHeX.Core/Resources/text/game/research_la/text_time_tasks8a_de.txt,02adf9e274e274a3d128b8577839bea1ca150728,91,core_resources,extract_semantics_and_metadata
PKHeX.Core/Resources/text/game/research_la/text_time_tasks8a_en.txt,ec27d7fe26fe3644ec42bb17464ec2cd8d59538a,140,core_resources,extract_semantics_and_metadata
PKHeX.Core/Resources/text/game/research_la/text_time_tasks8a_es-419.txt,2e339bd628884ab4ddab886123859a7447e664d2,179,core_resources,extract_semantics_and_metadata
PKHeX.Core/Resources/text/game/research_la/text_time_tasks8a_es.txt,2e339bd628884ab4ddab886123859a7447e664d2,179,core_resources,extract_semantics_and_metadata
PKHeX.Core/Resources/text/game/research_la/text_time_tasks8a_fr.txt,febf968b91d2ca951e0f5d5723c292c7432ecd48,165,core_resources,extract_semantics_and_metadata
PKHeX.Core/Resources/text/game/research_la/text_time_tasks8a_it.txt,1e6ae6055a39fd2502110f71a13cac1af2ecdc8c,159,core_resources,extract_semantics_and_metadata
PKHeX.Core/Resources/text/game/research_la/text_time_tasks8a_ja.txt,b1c77189da9ea02eebe726f7a5b349d9d450e62c,115,core_resources,extract_semantics_and_metadata
PKHeX.Core/Resources/text/game/research_la/text_time_tasks8a_ko.txt,498b0653903f656bdb65a73ed28e098ad8d8f8ad,120,core_resources,extract_semantics_and_metadata
PKHeX.Core/Resources/text/game/research_la/text_time_tasks8a_zh-Hans.txt,90931485369d10951581fa613f734c6fe9667ca8,124,core_resources,extract_semantics_and_metadata
PKHeX.Core/Resources/text/game/research_la/text_time_tasks8a_zh-Hant.txt,9690bea3d08b3c5a8f5e81c00b1b5e9779b89349,124,core_resources,extract_semantics_and_metadata
PKHeX.Core/Resources/text/game/seals_bdsp/text_stickers_de.txt,2d0aabf40b21be5a3999abb4424dfc7143532b9f,1583,core_resources,extract_semantics_and_metadata
PKHeX.Core/Resources/text/game/seals_bdsp/text_stickers_en.txt,76451fcd381b8304d8f7a5cfb4f0c1e1d79bf673,1636,core_resources,extract_semantics_and_metadata
PKHeX.Core/Resources/text/game/seals_bdsp/text_stickers_es-419.txt,f6d86318dd5a176b2b25d5e80fbbb9aced1b5861,1453,core_resources,extract_semantics_and_metadata
PKHeX.Core/Resources/text/game/seals_bdsp/text_stickers_es.txt,f6d86318dd5a176b2b25d5e80fbbb9aced1b5861,1453,core_resources,extract_semantics_and_metadata
PKHeX.Core/Resources/text/game/seals_bdsp/text_stickers_fr.txt,fedbe5df67b1f7e167741acc5b59e268aec93434,1525,core_resources,extract_semantics_and_metadata
PKHeX.Core/Resources/text/game/seals_bdsp/text_stickers_it.txt,624837e6bef299b7c5fa8424490b73810c08e2d1,1501,core_resources,extract_semantics_and_metadata
PKHeX.Core/Resources/text/game/seals_bdsp/text_stickers_ja.txt,2752d09a20e6cfcd9cc10ea9ec17ba541090cd12,2316,core_resources,extract_semantics_and_metadata
PKHeX.Core/Resources/text/game/seals_bdsp/text_stickers_ko.txt,e42fa8d0a2447dde329d76687cd35c08fd53f286,1224,core_resources,extract_semantics_and_metadata
PKHeX.Core/Resources/text/game/seals_bdsp/text_stickers_zh-Hans.txt,475396eb2bb3f994b5ee807fc7b094b67d7f6eac,1533,core_resources,extract_semantics_and_metadata
PKHeX.Core/Resources/text/game/seals_bdsp/text_stickers_zh-Hant.txt,a43d9c560fc352cf896ef962e6879a065ad4ff1d,1533,core_resources,extract_semantics_and_metadata
PKHeX.Core/Resources/text/game/seals_dppthgss/text_poketchapps_zh-Hant.txt,12a79b9bc2a2dfc9c60574784436ebe84ef6c649,309,core_resources,extract_semantics_and_metadata
PKHeX.Core/Resources/text/game/seals_dppthgss/text_seals_de.txt,c4f856e0642e7f149a4be545a6d082d062cc1e8c,749,core_resources,extract_semantics_and_metadata
PKHeX.Core/Resources/text/game/seals_dppthgss/text_seals_en.txt,f05cfb18f2777c5e178813edfdd636fdc663c220,849,core_resources,extract_semantics_and_metadata
PKHeX.Core/Resources/text/game/seals_dppthgss/text_seals_es-419.txt,f8fffc317f7473c3c0e80b388a6cf1f8cc2ba8a0,860,core_resources,extract_semantics_and_metadata
PKHeX.Core/Resources/text/game/seals_dppthgss/text_seals_es.txt,f8fffc317f7473c3c0e80b388a6cf1f8cc2ba8a0,860,core_resources,extract_semantics_and_metadata
PKHeX.Core/Resources/text/game/seals_dppthgss/text_seals_fr.txt,4dc5b08025e1f8cf05fd5415b1edfc129189474e,859,core_resources,extract_semantics_and_metadata
PKHeX.Core/Resources/text/game/seals_dppthgss/text_seals_it.txt,e9c5715337f1f06ffab8014fdd0a30fcb2ee2322,895,core_resources,extract_semantics_and_metadata
PKHeX.Core/Resources/text/game/seals_dppthgss/text_seals_ja.txt,c9b850933e0c8a227e59dc49dbc5d962d11b830a,1576,core_resources,extract_semantics_and_metadata
PKHeX.Core/Resources/text/game/seals_dppthgss/text_seals_ko.txt,022e5f18af704b7e6a31acfb350f70661cda5830,799,core_resources,extract_semantics_and_metadata
PKHeX.Core/Resources/text/game/seals_dppthgss/text_seals_zh-Hans.txt,572e9cc97da5d293f9d4ea242cb6db8c326ab3cf,1108,core_resources,extract_semantics_and_metadata
PKHeX.Core/Resources/text/game/seals_dppthgss/text_seals_zh-Hant.txt,1b6c079dd4f9bad775d3342f53f459f13342b345,1108,core_resources,extract_semantics_and_metadata
PKHeX.Core/Resources/text/game/throw_styles_sv/text_throw_styles_de.txt,69a770ac8de2a5e0a606e5a49f2f8b04ad11d681,139,core_resources,extract_semantics_and_metadata
PKHeX.Core/Resources/text/game/throw_styles_sv/text_throw_styles_en.txt,ce0e7151395c4c1d9472bc6bb1e77cc6ac641eac,132,core_resources,extract_semantics_and_metadata
PKHeX.Core/Resources/text/game/throw_styles_sv/text_throw_styles_es-419.txt,dac5e0a915429c96ece1f89a5374aa969fe77385,138,core_resources,extract_semantics_and_metadata
PKHeX.Core/Resources/text/game/throw_styles_sv/text_throw_styles_es.txt,dac5e0a915429c96ece1f89a5374aa969fe77385,138,core_resources,extract_semantics_and_metadata
PKHeX.Core/Resources/text/game/throw_styles_sv/text_throw_styles_fr.txt,ed2affe2465f7261422ddbe245d875ba8ce3fc70,161,core_resources,extract_semantics_and_metadata
PKHeX.Core/Resources/text/game/throw_styles_sv/text_throw_styles_it.txt,bdac5870c36b0f8a8a2a37b4a731c40f17c53746,135,core_resources,extract_semantics_and_metadata
PKHeX.Core/Resources/text/game/throw_styles_sv/text_throw_styles_ja.txt,be9c3a8dfc20014e64ed225bed7c021f52df905d,233,core_resources,extract_semantics_and_metadata
PKHeX.Core/Resources/text/game/throw_styles_sv/text_throw_styles_ko.txt,ac57554dc0ce3bac2ddda8e1cf02b715a71af2e1,180,core_resources,extract_semantics_and_metadata
PKHeX.Core/Resources/text/game/throw_styles_sv/text_throw_styles_zh-Hans.txt,37c2a82f060ef402ed603a8e3c767fa7873f741c,125,core_resources,extract_semantics_and_metadata
PKHeX.Core/Resources/text/game/throw_styles_sv/text_throw_styles_zh-Hant.txt,2398e6994aa819e65cad07b3464f701e4165c72e,125,core_resources,extract_semantics_and_metadata
PKHeX.Core/Resources/text/game/underground_bdsp/text_ug_item_de.txt,d74bffff05e411de1e90813f7217e276acf95217,9725,core_resources,extract_semantics_and_metadata
PKHeX.Core/Resources/text/game/underground_bdsp/text_ug_item_en.txt,87077b9b643e14212f0cbd600bd0e0f07e928fa6,9779,core_resources,extract_semantics_and_metadata
PKHeX.Core/Resources/text/game/underground_bdsp/text_ug_item_es-419.txt,57c2f8bccd803b142b919eca15309b202226d417,11553,core_resources,extract_semantics_and_metadata
PKHeX.Core/Resources/text/game/underground_bdsp/text_ug_item_es.txt,57c2f8bccd803b142b919eca15309b202226d417,11553,core_resources,extract_semantics_and_metadata
PKHeX.Core/Resources/text/game/underground_bdsp/text_ug_item_fr.txt,93023748e988621571a8cff3e1ee708bb7d1702a,11449,core_resources,extract_semantics_and_metadata
PKHeX.Core/Resources/text/game/underground_bdsp/text_ug_item_it.txt,6c9fa54c3bd2a36fe5950d31f22cbf3c64fa6816,11099,core_resources,extract_semantics_and_metadata
PKHeX.Core/Resources/text/game/underground_bdsp/text_ug_item_ja.txt,c60cbc2682aa1d6ca36fedd93ed2d7b28e0b5c5c,18334,core_resources,extract_semantics_and_metadata
PKHeX.Core/Resources/text/game/underground_bdsp/text_ug_item_ko.txt,018bad0d5b860c4a770f8df5e9ff1d8df1bb5a1b,11370,core_resources,extract_semantics_and_metadata
PKHeX.Core/Resources/text/game/underground_bdsp/text_ug_item_zh-Hans.txt,76e02423e52464aca5ae5921142acfe2c2be7b69,13026,core_resources,extract_semantics_and_metadata
PKHeX.Core/Resources/text/game/underground_bdsp/text_ug_item_zh-Hant.txt,32cf59b3506d1dd89694c8a9e6ac10008b539453,13015,core_resources,extract_semantics_and_metadata
PKHeX.Core/Resources/text/game/underground_dppt/text_uggoods_de.txt,7d215f45f520c623b4fdbe57c5c6f75d4d0f830c,1712,core_resources,extract_semantics_and_metadata
PKHeX.Core/Resources/text/game/underground_dppt/text_uggoods_en.txt,5d471e5d194a39b7f7830b9bea3a7d6ba304c153,1597,core_resources,extract_semantics_and_metadata
PKHeX.Core/Resources/text/game/underground_dppt/text_uggoods_es-419.txt,5adf20e7e2397fdf32db0a59f4f8bde2df0a0dfc,1845,core_resources,extract_semantics_and_metadata
PKHeX.Core/Resources/text/game/underground_dppt/text_uggoods_es.txt,5adf20e7e2397fdf32db0a59f4f8bde2df0a0dfc,1845,core_resources,extract_semantics_and_metadata
PKHeX.Core/Resources/text/game/underground_dppt/text_uggoods_fr.txt,fe4c9e62266c88bd729c5b2023f282cba32a3536,1779,core_resources,extract_semantics_and_metadata
PKHeX.Core/Resources/text/game/underground_dppt/text_uggoods_it.txt,fadea10e10a4d82693c2f8e88fab3400c86a5f4b,1787,core_resources,extract_semantics_and_metadata
PKHeX.Core/Resources/text/game/underground_dppt/text_uggoods_ja.txt,a310cc4d7e9f64a3cd9b02b22b9492ec2bff9133,2789,core_resources,extract_semantics_and_metadata
PKHeX.Core/Resources/text/game/underground_dppt/text_uggoods_ko.txt,cf9f54eda2cd11aeb201bafb4404a51702e83abf,1902,core_resources,extract_semantics_and_metadata
PKHeX.Core/Resources/text/game/underground_dppt/text_uggoods_zh-Hans.txt,986d6743721154c25aa0a02e562ec9f13b85320d,1757,core_resources,extract_semantics_and_metadata
PKHeX.Core/Resources/text/game/underground_dppt/text_uggoods_zh-Hant.txt,32b5b996c07eec16fae4531809d3bdf957466fc9,1757,core_resources,extract_semantics_and_metadata
PKHeX.Core/Resources/text/game/underground_dppt/text_ugspheres_de.txt,6b88cbca0a7e2170e8925275aa54aba8c65f8b8b,182,core_resources,extract_semantics_and_metadata
PKHeX.Core/Resources/text/game/underground_dppt/text_ugspheres_en.txt,221943944741180778ca321192bf0bce003e1de5,171,core_resources,extract_semantics_and_metadata
PKHeX.Core/Resources/text/game/underground_dppt/text_ugspheres_es-419.txt,985e6ec52f7fdd9a8be1b60ae72574b9890cc2ae,159,core_resources,extract_semantics_and_metadata
PKHeX.Core/Resources/text/game/underground_dppt/text_ugspheres_es.txt,985e6ec52f7fdd9a8be1b60ae72574b9890cc2ae,159,core_resources,extract_semantics_and_metadata
PKHeX.Core/Resources/text/game/underground_dppt/text_ugspheres_fr.txt,ef36d885035dd4bc4340406c11b7659a482bc5e8,189,core_resources,extract_semantics_and_metadata
PKHeX.Core/Resources/text/game/underground_dppt/text_ugspheres_it.txt,5b844877c3613655d960a1b1479c59a21553b8cd,166,core_resources,extract_semantics_and_metadata
PKHeX.Core/Resources/text/game/underground_dppt/text_ugspheres_ja.txt,b165f47bb73f02906f33c44a50ba94fd19af59e6,216,core_resources,extract_semantics_and_metadata
PKHeX.Core/Resources/text/game/underground_dppt/text_ugspheres_ko.txt,c29d76d205b5ca54b3874738d42b4eab76497041,213,core_resources,extract_semantics_and_metadata
PKHeX.Core/Resources/text/game/underground_dppt/text_ugspheres_zh-Hans.txt,7359ef0780cf0a06c7f336a1ed79c284158e32ba,124,core_resources,extract_semantics_and_metadata
PKHeX.Core/Resources/text/game/underground_dppt/text_ugspheres_zh-Hant.txt,8ab1f087c2365cad62575223e455a7a147def87f,124,core_resources,extract_semantics_and_metadata
PKHeX.Core/Resources/text/game/underground_dppt/text_ugtraps_de.txt,a3b3f5d520de144b68cda2e8cae5a762f4d35635,477,core_resources,extract_semantics_and_metadata
PKHeX.Core/Resources/text/game/underground_dppt/text_ugtraps_en.txt,b3c764a7c517c566ead60c02efe49e93b99a659c,409,core_resources,extract_semantics_and_metadata
PKHeX.Core/Resources/text/game/underground_dppt/text_ugtraps_es-419.txt,050a1bf3ad0633d02e38070b02c11be69867dd7e,495,core_resources,extract_semantics_and_metadata
PKHeX.Core/Resources/text/game/underground_dppt/text_ugtraps_es.txt,050a1bf3ad0633d02e38070b02c11be69867dd7e,495,core_resources,extract_semantics_and_metadata
PKHeX.Core/Resources/text/game/underground_dppt/text_ugtraps_fr.txt,c6a269623ee590b7a475a65bc1ed91565eb610e8,521,core_resources,extract_semantics_and_metadata
PKHeX.Core/Resources/text/game/underground_dppt/text_ugtraps_it.txt,9b71c48330f11acacfdb86aaf689447c5d557886,444,core_resources,extract_semantics_and_metadata
PKHeX.Core/Resources/text/game/underground_dppt/text_ugtraps_ja.txt,98a475ca23084000614316df4f8736c19a6920e0,788,core_resources,extract_semantics_and_metadata
PKHeX.Core/Resources/text/game/underground_dppt/text_ugtraps_ko.txt,60977b6a772dd73005dabb6d60e2b385e4776251,510,core_resources,extract_semantics_and_metadata
PKHeX.Core/Resources/text/game/underground_dppt/text_ugtraps_zh-Hans.txt,a7e7d4cec508b9521a8c306d42d7d18bd1814a64,482,core_resources,extract_semantics_and_metadata
PKHeX.Core/Resources/text/game/underground_dppt/text_ugtraps_zh-Hant.txt,79635353df2674f8c02baf0cc5cf588f6629c7e7,482,core_resources,extract_semantics_and_metadata
PKHeX.Core/Resources/text/game/underground_dppt/text_ugtreasures_de.txt,1861c7a9311b26fdd946c4b8328b634f4bcbacd8,576,core_resources,extract_semantics_and_metadata
PKHeX.Core/Resources/text/game/underground_dppt/text_ugtreasures_en.txt,cc502c662313713a73e92a93bad38b0c12b6a558,573,core_resources,extract_semantics_and_metadata
PKHeX.Core/Resources/text/game/underground_dppt/text_ugtreasures_es-419.txt,92e86f367d0ba7f3a1da00bbd7ce9d85000358a4,628,core_resources,extract_semantics_and_metadata
PKHeX.Core/Resources/text/game/underground_dppt/text_ugtreasures_es.txt,92e86f367d0ba7f3a1da00bbd7ce9d85000358a4,628,core_resources,extract_semantics_and_metadata
PKHeX.Core/Resources/text/game/underground_dppt/text_ugtreasures_fr.txt,0a142e09a9ca8d22aa5dba0d958405db4ac4f8d6,609,core_resources,extract_semantics_and_metadata
PKHeX.Core/Resources/text/game/underground_dppt/text_ugtreasures_it.txt,ee6b2e81c4064464f806b84656b414041a21663d,609,core_resources,extract_semantics_and_metadata
PKHeX.Core/Resources/text/game/underground_dppt/text_ugtreasures_ja.txt,bf966a0566534d44ba53edfebd3c401cdd945653,1075,core_resources,extract_semantics_and_metadata
PKHeX.Core/Resources/text/game/underground_dppt/text_ugtreasures_ko.txt,c9325936132d7f8695f510acdd5daccf2c60dd85,802,core_resources,extract_semantics_and_metadata
PKHeX.Core/Resources/text/game/underground_dppt/text_ugtreasures_zh-Hans.txt,4217e493e3d1f72100b071bad29a0c93d11d547d,619,core_resources,extract_semantics_and_metadata
PKHeX.Core/Resources/text/game/underground_dppt/text_ugtreasures_zh-Hant.txt,2648ff4a41cd0bc76cc9dc4a21312b26b3023d4c,619,core_resources,extract_semantics_and_metadata
PKHeX.Core/Resources/text/game/walkercourses_hgss/text_walkercourses_de.txt,5393f830dbbe24e84d026fc4626102b2eabcc371,377,core_resources,extract_semantics_and_metadata
PKHeX.Core/Resources/text/game/walkercourses_hgss/text_walkercourses_en.txt,92772c4e3c3e570252db92355b78a7e43414ef4c,339,core_resources,extract_semantics_and_metadata
PKHeX.Core/Resources/text/game/walkercourses_hgss/text_walkercourses_es-419.txt,6bb850bc13472f27ceafebc6aa181efe4328b5a2,381,core_resources,extract_semantics_and_metadata
PKHeX.Core/Resources/text/game/walkercourses_hgss/text_walkercourses_es.txt,6bb850bc13472f27ceafebc6aa181efe4328b5a2,381,core_resources,extract_semantics_and_metadata
PKHeX.Core/Resources/text/game/walkercourses_hgss/text_walkercourses_fr.txt,5301688c9531e81bdb613da20bd75c43648f0912,387,core_resources,extract_semantics_and_metadata
PKHeX.Core/Resources/text/game/walkercourses_hgss/text_walkercourses_it.txt,9dbd746e50a6dedb01a7b49b727d6d1936fc2143,385,core_resources,extract_semantics_and_metadata
PKHeX.Core/Resources/text/game/walkercourses_hgss/text_walkercourses_ja.txt,366947620cbc3533555c71246c8c5e7ec8094ca9,545,core_resources,extract_semantics_and_metadata
PKHeX.Core/Resources/text/game/walkercourses_hgss/text_walkercourses_ko.txt,63bfb57e0dcbd0c2fc696b01e31ba6ef4c5d421b,398,core_resources,extract_semantics_and_metadata
PKHeX.Core/Resources/text/game/walkercourses_hgss/text_walkercourses_zh-Hans.txt,2572647a0e416a0231e11be76fa65905c79c453d,347,core_resources,extract_semantics_and_metadata
PKHeX.Core/Resources/text/game/walkercourses_hgss/text_walkercourses_zh-Hant.txt,2e3d70e60ef765b51b7ae45e2c1ae0fbdba07970,347,core_resources,extract_semantics_and_metadata
PKHeX.Core/Resources/text/items/gen1/text_ItemsG1_de.txt,bce002a2fd0bf59e4bbff6312da21d90dd3ec20c,1273,core_resources,extract_semantics_and_metadata
PKHeX.Core/Resources/text/items/gen1/text_ItemsG1_en.txt,11753da3d53dfc006269d407adb3d6993f320079,2530,core_resources,extract_semantics_and_metadata
PKHeX.Core/Resources/text/items/gen1/text_ItemsG1_es-419.txt,f9f16814ce80a53e318decd12068c23560f432fc,2754,core_resources,extract_semantics_and_metadata
PKHeX.Core/Resources/text/items/gen1/text_ItemsG1_es.txt,f9f16814ce80a53e318decd12068c23560f432fc,2754,core_resources,extract_semantics_and_metadata
PKHeX.Core/Resources/text/items/gen1/text_ItemsG1_fr.txt,e75af440cf11ed15e4ae2982a839fc419f678610,1348,core_resources,extract_semantics_and_metadata
PKHeX.Core/Resources/text/items/gen1/text_ItemsG1_it.txt,9cd4f3247d7910a799dabf693e3526d1ae289c5a,1389,core_resources,extract_semantics_and_metadata
PKHeX.Core/Resources/text/items/gen1/text_ItemsG1_ja.txt,bf598eeabd8f61394efaa0e2ce989af80a1d775d,4101,core_resources,extract_semantics_and_metadata
PKHeX.Core/Resources/text/items/gen1/text_ItemsG1_ko.txt,88631cfdde596bc58595eacab79455d2b83bfa55,1561,core_resources,extract_semantics_and_metadata
PKHeX.Core/Resources/text/items/gen1/text_ItemsG1_zh-Hans.txt,295812f76ba85c7b2ffa2dc7f05bdb9337306e2c,2482,core_resources,extract_semantics_and_metadata
PKHeX.Core/Resources/text/items/gen1/text_ItemsG1_zh-Hant.txt,77c4701f4a66f5a52987d4d7ab972b64c6867659,2030,core_resources,extract_semantics_and_metadata
PKHeX.Core/Resources/text/items/gen2/text_ItemsG2_de.txt,8482455300f5fe3a5f164139c7969c36e093a6c8,2577,core_resources,extract_semantics_and_metadata
PKHeX.Core/Resources/text/items/gen2/text_ItemsG2_en.txt,c78641c8f9755d6bf4cbf768390f735028d3781c,2541,core_resources,extract_semantics_and_metadata
PKHeX.Core/Resources/text/items/gen2/text_ItemsG2_es-419.txt,8c78d6e010bd70dc42cacd80aec406391177803e,2764,core_resources,extract_semantics_and_metadata
PKHeX.Core/Resources/text/items/gen2/text_ItemsG2_es.txt,8c78d6e010bd70dc42cacd80aec406391177803e,2764,core_resources,extract_semantics_and_metadata
PKHeX.Core/Resources/text/items/gen2/text_ItemsG2_fr.txt,a176a6ce72a0efc742810aa1709637eeee403d7b,2674,core_resources,extract_semantics_and_metadata
PKHeX.Core/Resources/text/items/gen2/text_ItemsG2_it.txt,5cfc5954b58d9c646ca117214871aa569b29173b,2718,core_resources,extract_semantics_and_metadata
PKHeX.Core/Resources/text/items/gen2/text_ItemsG2_ja.txt,e4d737fcd804f677716017b72dd06748b93ae261,5475,core_resources,extract_semantics_and_metadata
PKHeX.Core/Resources/text/items/gen2/text_ItemsG2_ko.txt,bc3771cf95fae5938ad9b5014bd32d3482b460a9,3689,core_resources,extract_semantics_and_metadata
PKHeX.Core/Resources/text/items/gen2/text_ItemsG2_zh-Hans.txt,d60bab0b56964e89d81c5d32c9120ce90c192dde,3848,core_resources,extract_semantics_and_metadata
PKHeX.Core/Resources/text/items/gen2/text_ItemsG2_zh-Hant.txt,a52b5b3a50d0d940fc2b0ed2db592967dc53a5ea,3844,core_resources,extract_semantics_and_metadata
PKHeX.Core/Resources/text/items/gen3/text_ItemsG3Colosseum_de.txt,fa1aa1911c0c00a173458d9c0f69e1378d567ebc,549,core_resources,extract_semantics_and_metadata
PKHeX.Core/Resources/text/items/gen3/text_ItemsG3Colosseum_en.txt,5d963881153d2000c07a7daf578eb003cc945529,1038,core_resources,extract_semantics_and_metadata
PKHeX.Core/Resources/text/items/gen3/text_ItemsG3Colosseum_es-419.txt,8263649a05ec0c6edfac4b54b7572801e6ee2b4f,559,core_resources,extract_semantics_and_metadata
PKHeX.Core/Resources/text/items/gen3/text_ItemsG3Colosseum_es.txt,8263649a05ec0c6edfac4b54b7572801e6ee2b4f,559,core_resources,extract_semantics_and_metadata
PKHeX.Core/Resources/text/items/gen3/text_ItemsG3Colosseum_fr.txt,7f596a1e6f77bb15b919866d9aefe25ffce39c96,663,core_resources,extract_semantics_and_metadata
PKHeX.Core/Resources/text/items/gen3/text_ItemsG3Colosseum_it.txt,5ac581074ee6a4f90e99967f9f7efaa2c0638a20,582,core_resources,extract_semantics_and_metadata
PKHeX.Core/Resources/text/items/gen3/text_ItemsG3Colosseum_ja.txt,48d90fc239ef0bf6a7bc4686765e1657858d646b,764,core_resources,extract_semantics_and_metadata
PKHeX.Core/Resources/text/items/gen3/text_ItemsG3Colosseum_zh-Hans.txt,306e387a1e8dc88d23fbe5fa3f759383ac27c318,669,core_resources,extract_semantics_and_metadata
PKHeX.Core/Resources/text/items/gen3/text_ItemsG3Colosseum_zh-Hant.txt,04cfda873b1a501160fe5aa8d3373d6e99696916,512,core_resources,extract_semantics_and_metadata
PKHeX.Core/Resources/text/items/gen3/text_ItemsG3XD_de.txt,381e632261a7811e79e287c6ba20f7fb3b1e8628,1073,core_resources,extract_semantics_and_metadata
PKHeX.Core/Resources/text/items/gen3/text_ItemsG3XD_en.txt,572dd9004154fee4484d5777e65d69c7abeb6f06,2328,core_resources,extract_semantics_and_metadata
PKHeX.Core/Resources/text/items/gen3/text_ItemsG3XD_es-419.txt,a5a1aa845356c9e8a47f9624c4c8cd56eef7cfcd,1594,core_resources,extract_semantics_and_metadata
PKHeX.Core/Resources/text/items/gen3/text_ItemsG3XD_es.txt,a5a1aa845356c9e8a47f9624c4c8cd56eef7cfcd,1594,core_resources,extract_semantics_and_metadata
PKHeX.Core/Resources/text/items/gen3/text_ItemsG3XD_fr.txt,9f9a023540a13256a0af08b8ae2ffd4c6687f246,1109,core_resources,extract_semantics_and_metadata
PKHeX.Core/Resources/text/items/gen3/text_ItemsG3XD_it.txt,ba4b5704d3039aedc123a6505db5a2861827d82b,1094,core_resources,extract_semantics_and_metadata
PKHeX.Core/Resources/text/items/gen3/text_ItemsG3XD_ja.txt,6c1c08238d89417603c70f30b86634294616c330,1712,core_resources,extract_semantics_and_metadata
PKHeX.Core/Resources/text/items/gen3/text_ItemsG3XD_zh-Hans.txt,3dd7ba819a697cec1336bfac3196ff1aa7a38384,1599,core_resources,extract_semantics_and_metadata
PKHeX.Core/Resources/text/items/gen3/text_ItemsG3XD_zh-Hant.txt,51df6fb6904fbe13031df3737c8be075c2fde333,1194,core_resources,extract_semantics_and_metadata
PKHeX.Core/Resources/text/items/gen3/text_ItemsG3_de.txt,4115c281e4059eba305ab211e97daded0c8ce06d,3331,core_resources,extract_semantics_and_metadata
PKHeX.Core/Resources/text/items/gen3/text_ItemsG3_en.txt,99af648635e7dd1d74f70c629ac98718fb4cc05e,6636,core_resources,extract_semantics_and_metadata
PKHeX.Core/Resources/text/items/gen3/text_ItemsG3_es-419.txt,47356a5cf3c28f4c158c6f0aed0f6959ae0de2cb,7096,core_resources,extract_semantics_and_metadata
PKHeX.Core/Resources/text/items/gen3/text_ItemsG3_es.txt,47356a5cf3c28f4c158c6f0aed0f6959ae0de2cb,7096,core_resources,extract_semantics_and_metadata
PKHeX.Core/Resources/text/items/gen3/text_ItemsG3_fr.txt,b904597375fced198f650a80eb197bcaefb6ca84,3760,core_resources,extract_semantics_and_metadata
PKHeX.Core/Resources/text/items/gen3/text_ItemsG3_it.txt,876c5cbcbe45e34bd407294dff4a46efbac9bf47,3729,core_resources,extract_semantics_and_metadata
PKHeX.Core/Resources/text/items/gen3/text_ItemsG3_ja.txt,102a8ad5182b81b9975834a716d3e72a34c79787,7381,core_resources,extract_semantics_and_metadata
PKHeX.Core/Resources/text/items/gen3/text_ItemsG3_ko.txt,581ca43eaa920ba0c9fb6e193aa9d9c831988d01,5151,core_resources,extract_semantics_and_metadata
PKHeX.Core/Resources/text/items/gen3/text_ItemsG3_zh-Hans.txt,11d77cdfdfe4a9b273f66a823ed47c02f1856f53,4618,core_resources,extract_semantics_and_metadata
PKHeX.Core/Resources/text/items/gen3/text_ItemsG3_zh-Hant.txt,352bb936b8a88a7ac7c6943e25844d016b5669cd,3858,core_resources,extract_semantics_and_metadata
PKHeX.Core/Resources/text/items/gen4/text_Mail4_de.txt,ff549195873990c0c0c9fd2b2236a3bcdf88f320,139,core_resources,extract_semantics_and_metadata
PKHeX.Core/Resources/text/items/gen4/text_Mail4_en.txt,cba16d1555a65ca2b100d60b0879a23fcd0b7459,134,core_resources,extract_semantics_and_metadata
PKHeX.Core/Resources/text/items/gen4/text_Mail4_es-419.txt,5bfb22264954c593af7d0622416fa03e817ca51f,154,core_resources,extract_semantics_and_metadata
PKHeX.Core/Resources/text/items/gen4/text_Mail4_es.txt,5bfb22264954c593af7d0622416fa03e817ca51f,154,core_resources,extract_semantics_and_metadata
PKHeX.Core/Resources/text/items/gen4/text_Mail4_fr.txt,4d24c106c559e3cea84d3a0c78d0811df487992c,153,core_resources,extract_semantics_and_metadata
PKHeX.Core/Resources/text/items/gen4/text_Mail4_it.txt,f1eb4174f643f65a96a4bac82ab00d03b9e7ac30,146,core_resources,extract_semantics_and_metadata
PKHeX.Core/Resources/text/items/gen4/text_Mail4_ja.txt,9265650b579638f531a4567e0f807768d31b7f98,257,core_resources,extract_semantics_and_metadata
PKHeX.Core/Resources/text/items/gen4/text_Mail4_ko.txt,8c00b3c1fbc792e63ed4f01a18e5b76b929ce24a,185,core_resources,extract_semantics_and_metadata
PKHeX.Core/Resources/text/items/gen4/text_Mail4_zh-Hans.txt,15dfcbff1ae278e841c69300a4a59b817eef3bc6,158,core_resources,extract_semantics_and_metadata
PKHeX.Core/Resources/text/items/gen4/text_Mail4_zh-Hant.txt,8630f7ac65d1d67214f3e3239076e31ba26e7af0,158,core_resources,extract_semantics_and_metadata
PKHeX.Core/Resources/text/items/text_Items_de.txt,712577b47251e53381423c5c505f9d89ad0e40fc,30763,core_resources,extract_semantics_and_metadata
PKHeX.Core/Resources/text/items/text_Items_en.txt,7b721ddc55b9ea7522a2c2be1c81b2c380b306e3,29859,core_resources,extract_semantics_and_metadata
PKHeX.Core/Resources/text/items/text_Items_es-419.txt,ae2552a0b6b63279581500ec7f0540b6236124a0,33244,core_resources,extract_semantics_and_metadata
PKHeX.Core/Resources/text/items/text_Items_es.txt,40bdf30afc1e4ca60565f54c73fc0d87b3e63f37,33022,core_resources,extract_semantics_and_metadata
PKHeX.Core/Resources/text/items/text_Items_fr.txt,2ec40c1dccce03cb4cf588499a371f241c6908d8,33192,core_resources,extract_semantics_and_metadata
PKHeX.Core/Resources/text/items/text_Items_it.txt,6440325906c93f33374330bde2cf11e22bfa4067,32981,core_resources,extract_semantics_and_metadata
PKHeX.Core/Resources/text/items/text_Items_ja.txt,51cab8aa633f8c9ffeec0f3884aa4eacec8e3913,54055,core_resources,extract_semantics_and_metadata
PKHeX.Core/Resources/text/items/text_Items_ko.txt,419b4ee7febcb831aed8361c68e09aadcdcd1235,39689,core_resources,extract_semantics_and_metadata
PKHeX.Core/Resources/text/items/text_Items_zh-Hans.txt,17e1ed49484df98940993a5eb48aef1d6a5364b8,39127,core_resources,extract_semantics_and_metadata
PKHeX.Core/Resources/text/items/text_Items_zh-Hant.txt,8bdb7234e5c457c281845f16df81add8eb0f4a6b,39109,core_resources,extract_semantics_and_metadata
PKHeX.Core/Resources/text/locale3DS/consoleregions/text_console3ds_de.txt,4e5137ce4f1d3b6ade2c722b6d0cb404c6e478ca,108,core_resources,extract_semantics_and_metadata
PKHeX.Core/Resources/text/locale3DS/consoleregions/text_console3ds_en.txt,a75a6a049a9354d08d75dd81ef1d15179be6e1d5,109,core_resources,extract_semantics_and_metadata
PKHeX.Core/Resources/text/locale3DS/consoleregions/text_console3ds_es-419.txt,cf0518f68ba87257e9ed610e83b1b3cd5803de96,111,core_resources,extract_semantics_and_metadata
PKHeX.Core/Resources/text/locale3DS/consoleregions/text_console3ds_es.txt,cf0518f68ba87257e9ed610e83b1b3cd5803de96,111,core_resources,extract_semantics_and_metadata
PKHeX.Core/Resources/text/locale3DS/consoleregions/text_console3ds_fr.txt,71d99fc4763c2c44ee6fb9006f40e9b5e0313c73,113,core_resources,extract_semantics_and_metadata
PKHeX.Core/Resources/text/locale3DS/consoleregions/text_console3ds_it.txt,6f4cceb729e95b014c26562f4045d9184f88a235,111,core_resources,extract_semantics_and_metadata
PKHeX.Core/Resources/text/locale3DS/consoleregions/text_console3ds_ja.txt,88f44e56edcde27fb97cc5ab426528b9669f7790,131,core_resources,extract_semantics_and_metadata
PKHeX.Core/Resources/text/locale3DS/consoleregions/text_console3ds_ko.txt,8123832145938e21ea3ba668bfb80b98b191e9fd,110,core_resources,extract_semantics_and_metadata
PKHeX.Core/Resources/text/locale3DS/consoleregions/text_console3ds_zh-Hans.txt,b80455321e2cc84d3bee8020a37e6a9376b9da50,110,core_resources,extract_semantics_and_metadata
PKHeX.Core/Resources/text/locale3DS/consoleregions/text_console3ds_zh-Hant.txt,9a631a7e60fceb37ee1e7d320c7ccedb564bdb9d,110,core_resources,extract_semantics_and_metadata
PKHeX.Core/Resources/text/locale3DS/countries.txt,3e3b56cef75e5fac4db3d79093c1773e5b664475,13768,core_resources,extract_semantics_and_metadata
PKHeX.Core/Resources/text/locale3DS/subregions/sr_001.txt,ccf6b2d6e8d56d3007644449283cab7c7d24fad4,4099,core_resources,extract_semantics_and_metadata
PKHeX.Core/Resources/text/locale3DS/subregions/sr_008.txt,bf7a7c64c729fd32edc9075e32563c16ceb6a257,133,core_resources,extract_semantics_and_metadata
PKHeX.Core/Resources/text/locale3DS/subregions/sr_009.txt,5581edd818a252f424298c5e94de92fa3034bd3c,927,core_resources,extract_semantics_and_metadata
PKHeX.Core/Resources/text/locale3DS/subregions/sr_010.txt,f2593fd49d30106235fcceea4d1435f27e174be9,3171,core_resources,extract_semantics_and_metadata
PKHeX.Core/Resources/text/locale3DS/subregions/sr_011.txt,3f5b5da41cfdcaf1a04081a4af13d783d7bc6826,116,core_resources,extract_semantics_and_metadata
PKHeX.Core/Resources/text/locale3DS/subregions/sr_012.txt,d65d02b6717df67927962bf9d565b2181ecd9d9f,126,core_resources,extract_semantics_and_metadata
PKHeX.Core/Resources/text/locale3DS/subregions/sr_013.txt,ed901d77a4364e68658f5816c84bc8d0e3ce7eab,148,core_resources,extract_semantics_and_metadata
PKHeX.Core/Resources/text/locale3DS/subregions/sr_014.txt,7464b5e2a30a0fd30794762c53c86e05a9201965,675,core_resources,extract_semantics_and_metadata
PKHeX.Core/Resources/text/locale3DS/subregions/sr_015.txt,05405b5e84c0a201704929ff69e4f7d269b9554f,960,core_resources,extract_semantics_and_metadata
PKHeX.Core/Resources/text/locale3DS/subregions/sr_016.txt,e86448b2774f1437eadb80380409a0b830bb0c5f,3644,core_resources,extract_semantics_and_metadata
PKHeX.Core/Resources/text/locale3DS/subregions/sr_017.txt,b44a877bdfc6d1c2f277d8763b7b0bbd49da4d86,276,core_resources,extract_semantics_and_metadata
PKHeX.Core/Resources/text/locale3DS/subregions/sr_018.txt,b0475e55170b559de3bd63227fac07ea4d12a4c8,2116,core_resources,extract_semantics_and_metadata
PKHeX.Core/Resources/text/locale3DS/subregions/sr_019.txt,40a0eefdb02b4104e6eafe8e8294564cfe7d890f,178,core_resources,extract_semantics_and_metadata
PKHeX.Core/Resources/text/locale3DS/subregions/sr_020.txt,0279cbb2e181f0945d679dfffabe9839b1637f23,2523,core_resources,extract_semantics_and_metadata
PKHeX.Core/Resources/text/locale3DS/subregions/sr_021.txt,4346709084d04c069e8eeebe8791742fb18b7cfd,4172,core_resources,extract_semantics_and_metadata
PKHeX.Core/Resources/text/locale3DS/subregions/sr_022.txt,37df5d8c4ce09b58d2a347820ef70acda7ff7980,857,core_resources,extract_semantics_and_metadata
PKHeX.Core/Resources/text/locale3DS/subregions/sr_023.txt,8e2437eac3dcb0295ba8826862861e82d32d7733,154,core_resources,extract_semantics_and_metadata
PKHeX.Core/Resources/text/locale3DS/subregions/sr_024.txt,563a10640df68e2b0258e316f5a36e4b1d6ebdc6,4105,core_resources,extract_semantics_and_metadata
PKHeX.Core/Resources/text/locale3DS/subregions/sr_025.txt,5e8eda3a564231e3b38ffc17d9edf68176fa3204,2996,core_resources,extract_semantics_and_metadata
PKHeX.Core/Resources/text/locale3DS/subregions/sr_026.txt,6465cbef623d0ead5245c2f6699e165ee8381b5e,1846,core_resources,extract_semantics_and_metadata
PKHeX.Core/Resources/text/locale3DS/subregions/sr_027.txt,d4a409e4868dc791876e2c6fe07b3bb12ea5df23,200,core_resources,extract_semantics_and_metadata
PKHeX.Core/Resources/text/locale3DS/subregions/sr_028.txt,3a49b837bf012d0b25ab67f44985845e8738a091,138,core_resources,extract_semantics_and_metadata
PKHeX.Core/Resources/text/locale3DS/subregions/sr_029.txt,4856a1e950cec3bcb7a3d04ced86f60a001a70c9,157,core_resources,extract_semantics_and_metadata
PKHeX.Core/Resources/text/locale3DS/subregions/sr_030.txt,37e14aa99d921ede871e3553a33d72b2e32b31e3,2986,core_resources,extract_semantics_and_metadata
PKHeX.Core/Resources/text/locale3DS/subregions/sr_031.txt,893676ad612d10d31faf5498a7e82cb106ddcb92,2353,core_resources,extract_semantics_and_metadata
PKHeX.Core/Resources/text/locale3DS/subregions/sr_032.txt,43ef010c51c92dd7a2ba5b3bc5407e9dbca9ca99,913,core_resources,extract_semantics_and_metadata
PKHeX.Core/Resources/text/locale3DS/subregions/sr_033.txt,937f2263b718b8721ca3ae26ee7cbd5984e792d5,2240,core_resources,extract_semantics_and_metadata
PKHeX.Core/Resources/text/locale3DS/subregions/sr_034.txt,fc150e8b6299627e317a98f6bbbbbdf18e48f6ad,1866,core_resources,extract_semantics_and_metadata
PKHeX.Core/Resources/text/locale3DS/subregions/sr_035.txt,4a88f0ca6b4aedcd061295269ccf415d3e1d6466,163,core_resources,extract_semantics_and_metadata
PKHeX.Core/Resources/text/locale3DS/subregions/sr_036.txt,dfad3eaf0347a440dbcb497b1edac5e1e8a4a9ce,4195,core_resources,extract_semantics_and_metadata
PKHeX.Core/Resources/text/locale3DS/subregions/sr_037.txt,abf49a927c80057f6f7d61705ab2c7b854e8b64a,165,core_resources,extract_semantics_and_metadata
PKHeX.Core/Resources/text/locale3DS/subregions/sr_038.txt,de7fdfb0962113982e4d67b75f8d607abd726202,254,core_resources,extract_semantics_and_metadata
PKHeX.Core/Resources/text/locale3DS/subregions/sr_039.txt,0c1bfdeee5cd391762833633e7f01207fff40bb0,2103,core_resources,extract_semantics_and_metadata
PKHeX.Core/Resources/text/locale3DS/subregions/sr_040.txt,bf68b51bcb3eff4765362ae9e5666e1bdc98576b,1132,core_resources,extract_semantics_and_metadata
PKHeX.Core/Resources/text/locale3DS/subregions/sr_041.txt,84fe31d409c4473f432a956045c5d1bccbf3d51c,2352,core_resources,extract_semantics_and_metadata
PKHeX.Core/Resources/text/locale3DS/subregions/sr_042.txt,ee6a545002cf8d6f5b6ffb228684bdb5caf037bc,2588,core_resources,extract_semantics_and_metadata
PKHeX.Core/Resources/text/locale3DS/subregions/sr_043.txt,484265c7c81075f1679cd3d04e8a835190e6b588,3492,core_resources,extract_semantics_and_metadata
PKHeX.Core/Resources/text/locale3DS/subregions/sr_044.txt,0619bb6c286ca2f2dc0caf367d6b7d5643b12d3d,168,core_resources,extract_semantics_and_metadata
PKHeX.Core/Resources/text/locale3DS/subregions/sr_045.txt,d08a7417570e3511d33120db5f58da52654afe42,338,core_resources,extract_semantics_and_metadata
PKHeX.Core/Resources/text/locale3DS/subregions/sr_046.txt,2fc880ca4789fe1b675cc1f2f0a8bd10469598b3,1133,core_resources,extract_semantics_and_metadata
PKHeX.Core/Resources/text/locale3DS/subregions/sr_047.txt,879e09cbe3a647bdd485fb9cc3a80e201d386088,1681,core_resources,extract_semantics_and_metadata
PKHeX.Core/Resources/text/locale3DS/subregions/sr_048.txt,2328f0e01f1ccb2605986ba9220a384a85d87f66,284,core_resources,extract_semantics_and_metadata
PKHeX.Core/Resources/text/locale3DS/subregions/sr_049.txt,fe01f170583fdc4b05ebf96864b36cc31b0ec893,6347,core_resources,extract_semantics_and_metadata
PKHeX.Core/Resources/text/locale3DS/subregions/sr_050.txt,36341895648efceefa98a3d756c3102f368b0f6f,2168,core_resources,extract_semantics_and_metadata
PKHeX.Core/Resources/text/locale3DS/subregions/sr_051.txt,383bf5c8170ad5689abfdca0bbb62118fa32178c,276,core_resources,extract_semantics_and_metadata
PKHeX.Core/Resources/text/locale3DS/subregions/sr_052.txt,36ce84543257d8b3644fbc7290362c014d5252a5,2809,core_resources,extract_semantics_and_metadata
PKHeX.Core/Resources/text/locale3DS/subregions/sr_064.txt,816c2f7355180c361cfe8302ad75bb7707681c16,1229,core_resources,extract_semantics_and_metadata
PKHeX.Core/Resources/text/locale3DS/subregions/sr_065.txt,ee260a4b12b32c1b88cca426de97aa562971011c,1531,core_resources,extract_semantics_and_metadata
PKHeX.Core/Resources/text/locale3DS/subregions/sr_066.txt,b687d02fbfcdff3c8927cc1a7b5af66b6ba3f790,1227,core_resources,extract_semantics_and_metadata
PKHeX.Core/Resources/text/locale3DS/subregions/sr_067.txt,9da2e61d5c6b00c8c9d1c6cafaf6d89d4bfd0cfd,542,core_resources,extract_semantics_and_metadata
PKHeX.Core/Resources/text/locale3DS/subregions/sr_068.txt,8cf7aafe40a1d21c407dcb451fd9c766c98bfb20,693,core_resources,extract_semantics_and_metadata
PKHeX.Core/Resources/text/locale3DS/subregions/sr_069.txt,319261e0eff9a8cfc5dfdbd32a12335f7c1e4067,143,core_resources,extract_semantics_and_metadata
PKHeX.Core/Resources/text/locale3DS/subregions/sr_070.txt,9ef0187489fa0baf630afcb02004ce1cafa72558,3267,core_resources,extract_semantics_and_metadata
PKHeX.Core/Resources/text/locale3DS/subregions/sr_071.txt,f81602fd715e8d1e6182fb2c25ab296b9ccaa458,4455,core_resources,extract_semantics_and_metadata
PKHeX.Core/Resources/text/locale3DS/subregions/sr_072.txt,f65abd1cda38e33b9cc23c0a0da5b44a38b2998f,132,core_resources,extract_semantics_and_metadata
PKHeX.Core/Resources/text/locale3DS/subregions/sr_073.txt,30266d80d1dbab646d0b87cf004c4451fcf46709,2622,core_resources,extract_semantics_and_metadata
PKHeX.Core/Resources/text/locale3DS/subregions/sr_074.txt,46083f72b2eec769de7fc6c7dabe13ca7ca827fa,1102,core_resources,extract_semantics_and_metadata
PKHeX.Core/Resources/text/locale3DS/subregions/sr_075.txt,19ec14dea7ad0131f8cb5cbfeef9a675ba8e9f9d,144,core_resources,extract_semantics_and_metadata
PKHeX.Core/Resources/text/locale3DS/subregions/sr_076.txt,1d75d3e9a987a16c01d2d5fd75c8e165feda4b57,3284,core_resources,extract_semantics_and_metadata
PKHeX.Core/Resources/text/locale3DS/subregions/sr_077.txt,2c5eb4cf2409a21d34528b194c386892d7f92230,3953,core_resources,extract_semantics_and_metadata
PKHeX.Core/Resources/text/locale3DS/subregions/sr_078.txt,3f51d7d1928f834c7ffb1ede5fd459f781f73a98,2551,core_resources,extract_semantics_and_metadata
PKHeX.Core/Resources/text/locale3DS/subregions/sr_079.txt,61ec061367cf6305721919a121de6d8e2113b7d5,2009,core_resources,extract_semantics_and_metadata
PKHeX.Core/Resources/text/locale3DS/subregions/sr_080.txt,227c567448367ea8f9e6f7a55aa6a78e3e66d5b2,3096,core_resources,extract_semantics_and_metadata
PKHeX.Core/Resources/text/locale3DS/subregions/sr_081.txt,d599deea9e7137474323be40483448b5255fb571,135,core_resources,extract_semantics_and_metadata
PKHeX.Core/Resources/text/locale3DS/subregions/sr_082.txt,f9c14fbded23f3e3e4e425f6d4bc532f9abf45c0,2854,core_resources,extract_semantics_and_metadata
PKHeX.Core/Resources/text/locale3DS/subregions/sr_083.txt,f1b5d9261cc9e06d01b2f0355b9f3cc7f59aab9c,2795,core_resources,extract_semantics_and_metadata
PKHeX.Core/Resources/text/locale3DS/subregions/sr_084.txt,d11debe0d712a336c1b94fa5c447e4b4a20178f7,140,core_resources,extract_semantics_and_metadata
PKHeX.Core/Resources/text/locale3DS/subregions/sr_085.txt,b1c5d0da0419147c363a3001d9ae794464bdb6e3,1243,core_resources,extract_semantics_and_metadata
PKHeX.Core/Resources/text/locale3DS/subregions/sr_086.txt,d63a70113c9f7bb4ea6e156bea67841435c4cadf,195,core_resources,extract_semantics_and_metadata
PKHeX.Core/Resources/text/locale3DS/subregions/sr_087.txt,b4bb733a8ec906b61e4b78c582d05e3dc8911a63,1315,core_resources,extract_semantics_and_metadata
PKHeX.Core/Resources/text/locale3DS/subregions/sr_088.txt,4f8d3c5ca06fb97969371016c99f5ca6c33cdafa,159,core_resources,extract_semantics_and_metadata
PKHeX.Core/Resources/text/locale3DS/subregions/sr_089.txt,85fc86aa7d732a00900e02721bdc63efc5cd529a,228,core_resources,extract_semantics_and_metadata
PKHeX.Core/Resources/text/locale3DS/subregions/sr_090.txt,231b266a4df3ec390bf527b7d426d2344990e7ea,113,core_resources,extract_semantics_and_metadata
PKHeX.Core/Resources/text/locale3DS/subregions/sr_091.txt,4e65c5297ae8fc713760dfbcbe5cc89cc8daeeef,152,core_resources,extract_semantics_and_metadata
PKHeX.Core/Resources/text/locale3DS/subregions/sr_092.txt,791b8f077950c7668726f6d5a9bacbba1373356e,156,core_resources,extract_semantics_and_metadata
PKHeX.Core/Resources/text/locale3DS/subregions/sr_093.txt,d30b3193d553b6471f3f46f5621840b0364b65bf,138,core_resources,extract_semantics_and_metadata
PKHeX.Core/Resources/text/locale3DS/subregions/sr_094.txt,4ad8db5be32af656a604d4aef38f8662e2168fd0,1649,core_resources,extract_semantics_and_metadata
PKHeX.Core/Resources/text/locale3DS/subregions/sr_095.txt,e214e81e6d906a31a78963dd72d2bb1fff24008f,2070,core_resources,extract_semantics_and_metadata
PKHeX.Core/Resources/text/locale3DS/subregions/sr_096.txt,68a937e8706eb0e5ec0104f07775f358778b0556,2719,core_resources,extract_semantics_and_metadata
PKHeX.Core/Resources/text/locale3DS/subregions/sr_097.txt,75ef74d7e69f21ebda3c8390a5a9d4b725335dfb,2137,core_resources,extract_semantics_and_metadata
PKHeX.Core/Resources/text/locale3DS/subregions/sr_098.txt,16f3208162f3fac2bee8a48b9dd9dd8098dd28ee,2491,core_resources,extract_semantics_and_metadata
PKHeX.Core/Resources/text/locale3DS/subregions/sr_099.txt,4d95ba338edd9bb61237e3148640883551c4daee,4656,core_resources,extract_semantics_and_metadata
PKHeX.Core/Resources/text/locale3DS/subregions/sr_100.txt,73826b50bee49a2888ef1f6671ca1f6bc0b8a282,13829,core_resources,extract_semantics_and_metadata
PKHeX.Core/Resources/text/locale3DS/subregions/sr_101.txt,a35bf125ca323aa9eb55f1b54827440a5082f1d5,233,core_resources,extract_semantics_and_metadata
PKHeX.Core/Resources/text/locale3DS/subregions/sr_102.txt,762ec9c655082fd78080120646544851e3996f3d,965,core_resources,extract_semantics_and_metadata
PKHeX.Core/Resources/text/locale3DS/subregions/sr_103.txt,83ad7ca895fc47db4f5ab0eb995ab572b43c252d,158,core_resources,extract_semantics_and_metadata
PKHeX.Core/Resources/text/locale3DS/subregions/sr_104.txt,08a608c951560856642641484a4e4e9eec2729d8,1272,core_resources,extract_semantics_and_metadata
PKHeX.Core/Resources/text/locale3DS/subregions/sr_105.txt,5719919a4d9738f41f9078937084e0b42fb1ece3,2734,core_resources,extract_semantics_and_metadata
PKHeX.Core/Resources/text/locale3DS/subregions/sr_106.txt,ae05da0c7d7006d39cb351b4fdfc137121e51807,430,core_resources,extract_semantics_and_metadata
PKHeX.Core/Resources/text/locale3DS/subregions/sr_107.txt,9ff4fdc80f8ffcf406bb3160a2374acc4c70822e,3045,core_resources,extract_semantics_and_metadata
PKHeX.Core/Resources/text/locale3DS/subregions/sr_108.txt,2569e5eb23d13d7240bbda777dbeec95b5343804,3148,core_resources,extract_semantics_and_metadata
PKHeX.Core/Resources/text/locale3DS/subregions/sr_109.txt,cc531785eab43dbb11153c3a2879899758e70062,8891,core_resources,extract_semantics_and_metadata
PKHeX.Core/Resources/text/locale3DS/subregions/sr_110.txt,da938481d40d334c057d2e9aaac5fb844dac9153,490,core_resources,extract_semantics_and_metadata
PKHeX.Core/Resources/text/locale3DS/subregions/sr_111.txt,ac4252f65e75bfad34124635a2eb8da19fcd5f24,124,core_resources,extract_semantics_and_metadata
PKHeX.Core/Resources/text/locale3DS/subregions/sr_112.txt,08aa4c3d734286b7b633edeaa3fb280b45dd3335,146,core_resources,extract_semantics_and_metadata
PKHeX.Core/Resources/text/locale3DS/subregions/sr_113.txt,7965d5ceb7fef65e9b4bfc44b4942582c0a3f837,178,core_resources,extract_semantics_and_metadata
PKHeX.Core/Resources/text/locale3DS/subregions/sr_114.txt,86a041a6ca5279d1244443dd5fba5b3cdd4ddd85,166,core_resources,extract_semantics_and_metadata
PKHeX.Core/Resources/text/locale3DS/subregions/sr_115.txt,d24496603ff7203588dc50d4152fae94c2087a9e,100,core_resources,extract_semantics_and_metadata
PKHeX.Core/Resources/text/locale3DS/subregions/sr_116.txt,5b5ad8981026615da1327c30ddb228c3626de7c6,123,core_resources,extract_semantics_and_metadata
PKHeX.Core/Resources/text/locale3DS/subregions/sr_117.txt,63ac29fdcf7c84489f0d8178316be4f4bec878cb,105,core_resources,extract_semantics_and_metadata
PKHeX.Core/Resources/text/locale3DS/subregions/sr_118.txt,8edb88ce03ec910b19b43f31cb1d8327e12a225f,112,core_resources,extract_semantics_and_metadata
PKHeX.Core/Resources/text/locale3DS/subregions/sr_119.txt,b4a82a44885526045d86d6898c924d897d7b8451,153,core_resources,extract_semantics_and_metadata
PKHeX.Core/Resources/text/locale3DS/subregions/sr_120.txt,89937d33bbe67e64707ff9567a0c43264285edef,128,core_resources,extract_semantics_and_metadata
PKHeX.Core/Resources/text/locale3DS/subregions/sr_121.txt,56e260e686f6773839b5b58318acb5f1421e50d6,132,core_resources,extract_semantics_and_metadata
PKHeX.Core/Resources/text/locale3DS/subregions/sr_122.txt,17580113bcccdf04ea3bd9a01890f1d5c2057649,129,core_resources,extract_semantics_and_metadata
PKHeX.Core/Resources/text/locale3DS/subregions/sr_123.txt,427c2c0de35f77806210befb6e03f989c734d5b3,155,core_resources,extract_semantics_and_metadata
PKHeX.Core/Resources/text/locale3DS/subregions/sr_124.txt,835ad9a5bf5a15365b03fa7f8ab7342a8e3a52b2,136,core_resources,extract_semantics_and_metadata
PKHeX.Core/Resources/text/locale3DS/subregions/sr_125.txt,ec7d77e78db8bc2e0a02f63711a36b20dcc149c4,142,core_resources,extract_semantics_and_metadata
PKHeX.Core/Resources/text/locale3DS/subregions/sr_126.txt,93824ee5e1c0c2c6ebb5b0fafbfc3ffca1ca06ca,125,core_resources,extract_semantics_and_metadata
PKHeX.Core/Resources/text/locale3DS/subregions/sr_127.txt,0609230f75d377b4c3c7cc91ae8755b0b905a3ec,138,core_resources,extract_semantics_and_metadata
PKHeX.Core/Resources/text/locale3DS/subregions/sr_128.txt,0a63b8792bed9809a80dac60a51e0c4c7408ae06,2576,core_resources,extract_semantics_and_metadata
PKHeX.Core/Resources/text/locale3DS/subregions/sr_136.txt,51aedee899dcd90e0ecd5e4e88205d55d1cbe840,2183,core_resources,extract_semantics_and_metadata
PKHeX.Core/Resources/text/locale3DS/subregions/sr_144.txt,b622a75662d38dfbcb5cdbf48687252648bfbefc,136,core_resources,extract_semantics_and_metadata
PKHeX.Core/Resources/text/locale3DS/subregions/sr_153.txt,70a2e848d6eab9ff579eb5e6e0b7cd2132b382bf,146,core_resources,extract_semantics_and_metadata
PKHeX.Core/Resources/text/locale3DS/subregions/sr_156.txt,2d12cbfd9ee9287480944cced9c4e6410630462b,1737,core_resources,extract_semantics_and_metadata
PKHeX.Core/Resources/text/locale3DS/subregions/sr_160.txt,07d6b89fd3a46715cf76813e09ce538fa6f3678e,3014,core_resources,extract_semantics_and_metadata
PKHeX.Core/Resources/text/locale3DS/subregions/sr_168.txt,fdb2f941b43bc110f9abc76c96ce8b5635968381,822,core_resources,extract_semantics_and_metadata
PKHeX.Core/Resources/text/locale3DS/subregions/sr_169.txt,8635c4622c15317e0ae87e77a612eafd0bb61608,4709,core_resources,extract_semantics_and_metadata
PKHeX.Core/Resources/text/locale3DS/subregions/sr_174.txt,740669e11cd5174838ec0e896b756eb430304bd6,1442,core_resources,extract_semantics_and_metadata
PKHeX.Core/Resources/text/locale3DS/subregions/sr_184.txt,260086be04545091074b7a3c17bf65d5db3c494c,157,core_resources,extract_semantics_and_metadata
PKHeX.Core/Resources/text/locale3DS/subregions/sr_185.txt,f4f3da581df5ad09888924969374e9b6ac18eb1a,154,core_resources,extract_semantics_and_metadata
PKHeX.Core/Resources/text/locale3DS/subregions/sr_186.txt,669db138a5b5ecf19a998d9dcb06d5a7651f5e2b,137,core_resources,extract_semantics_and_metadata
PKHeX.Core/Resources/text/localeNDS/gen4/gen4_countries.txt,4b59bd54b7be5a23e635ad20ec477c68e07c6840,26672,core_resources,extract_semantics_and_metadata
PKHeX.Core/Resources/text/localeNDS/gen4/gen4_sr_009.txt,66ef4b0ea076eb1da26bf837f14a06d255f07b29,3006,core_resources,extract_semantics_and_metadata
PKHeX.Core/Resources/text/localeNDS/gen4/gen4_sr_012.txt,9121a89bc2dff19e829d8552f82aa21ab60fa111,1132,core_resources,extract_semantics_and_metadata
PKHeX.Core/Resources/text/localeNDS/gen4/gen4_sr_028.txt,cdcb2c4b32a04e2476e5388948f2a619e5dcc5da,3419,core_resources,extract_semantics_and_metadata
PKHeX.Core/Resources/text/localeNDS/gen4/gen4_sr_036.txt,efc0407ac58017d791581f6c6be4fe41cbfddf8f,2017,core_resources,extract_semantics_and_metadata
PKHeX.Core/Resources/text/localeNDS/gen4/gen4_sr_043.txt,78d5660593a02ae9bd98eb49b536f200227dd3b3,2960,core_resources,extract_semantics_and_metadata
PKHeX.Core/Resources/text/localeNDS/gen4/gen4_sr_070.txt,b013251fe07afa866099076423651b7a453edc93,821,core_resources,extract_semantics_and_metadata
PKHeX.Core/Resources/text/localeNDS/gen4/gen4_sr_071.txt,59cd78af22c9d523172b430157567a7c7196fe48,2897,core_resources,extract_semantics_and_metadata
PKHeX.Core/Resources/text/localeNDS/gen4/gen4_sr_077.txt,4c58b2d71ec10b5b324372f29620a98c22bc1e3c,2467,core_resources,extract_semantics_and_metadata
PKHeX.Core/Resources/text/localeNDS/gen4/gen4_sr_094.txt,2933660b022ff550f8c9d2464cc657e38867d062,4762,core_resources,extract_semantics_and_metadata
PKHeX.Core/Resources/text/localeNDS/gen4/gen4_sr_101.txt,798d90b018f015a7f9a3d09383dd79840041428f,2668,core_resources,extract_semantics_and_metadata
PKHeX.Core/Resources/text/localeNDS/gen4/gen4_sr_103.txt,cd76839df6802fac7d146f9f9cbbbec41d0be6d5,4742,core_resources,extract_semantics_and_metadata
PKHeX.Core/Resources/text/localeNDS/gen4/gen4_sr_156.txt,6c4c0288f1f7801fba39c3ca923839901cda9bb3,2591,core_resources,extract_semantics_and_metadata
PKHeX.Core/Resources/text/localeNDS/gen4/gen4_sr_166.txt,02b725235d78a46837e4db7a53f01629197dfb31,2147,core_resources,extract_semantics_and_metadata
PKHeX.Core/Resources/text/localeNDS/gen4/gen4_sr_172.txt,fb3241bf179806ec28a09649be8abfe655ce605b,1484,core_resources,extract_semantics_and_metadata
PKHeX.Core/Resources/text/localeNDS/gen4/gen4_sr_193.txt,f31a35d0dbeda506a70114afa483fbc8903cfa1b,2487,core_resources,extract_semantics_and_metadata
PKHeX.Core/Resources/text/localeNDS/gen4/gen4_sr_199.txt,3ad65d7c13e394f9be386d49fee23fa49e623cd3,2924,core_resources,extract_semantics_and_metadata
PKHeX.Core/Resources/text/localeNDS/gen4/gen4_sr_219.txt,48bb84d9cfe7eb5ed1ef4bb93424507c16fdd4bd,1985,core_resources,extract_semantics_and_metadata
PKHeX.Core/Resources/text/localeNDS/gen4/gen4_sr_220.txt,c90e1a360fc853f387d63e90a5c73d0097d50b92,5778,core_resources,extract_semantics_and_metadata
PKHeX.Core/Resources/text/localeNDS/gen4/gen4_sr_default.txt,52b70545ba6ac2ee2163cb131bfb84b67b30d8a7,42,core_resources,extract_semantics_and_metadata
PKHeX.Core/Resources/text/localeNDS/gen5/gen5_countries.txt,5aad3ab9ab37459dbcb6a5e8e3dd03d84d2d1f7f,26540,core_resources,extract_semantics_and_metadata
PKHeX.Core/Resources/text/localeNDS/gen5/gen5_sr_009.txt,56bd46bfc5f0deefb3371e4a6e9386db61fb76a8,3011,core_resources,extract_semantics_and_metadata
PKHeX.Core/Resources/text/localeNDS/gen5/gen5_sr_012.txt,470649fdb1a0ba81132415cc2500795fedfead5c,1456,core_resources,extract_semantics_and_metadata
PKHeX.Core/Resources/text/localeNDS/gen5/gen5_sr_028.txt,8851f7290f2af67eae758e2f131a403f477583c4,3435,core_resources,extract_semantics_and_metadata
PKHeX.Core/Resources/text/localeNDS/gen5/gen5_sr_036.txt,7d7fadd5280d7e832805569ac00abd8a5c3e94f4,1983,core_resources,extract_semantics_and_metadata
PKHeX.Core/Resources/text/localeNDS/gen5/gen5_sr_043.txt,86f58a9ba35617f950bbaabecbab8346be304435,3119,core_resources,extract_semantics_and_metadata
PKHeX.Core/Resources/text/localeNDS/gen5/gen5_sr_072.txt,5093e3e7d09537b9f32079b61c82ea9e9b9bc87c,813,core_resources,extract_semantics_and_metadata
PKHeX.Core/Resources/text/localeNDS/gen5/gen5_sr_073.txt,8b39fedea66031deb8ccf26e1d6a47cdb391b21b,3388,core_resources,extract_semantics_and_metadata
PKHeX.Core/Resources/text/localeNDS/gen5/gen5_sr_079.txt,797665bcd11a2f7db5b491a4be7f3ea26992a80f,2454,core_resources,extract_semantics_and_metadata
PKHeX.Core/Resources/text/localeNDS/gen5/gen5_sr_095.txt,c097c178dff6165d0a10f7192f4800c2da5dff98,4758,core_resources,extract_semantics_and_metadata
PKHeX.Core/Resources/text/localeNDS/gen5/gen5_sr_102.txt,cd80f92be8d335bf79e1bba6de4d62da96a2427d,2664,core_resources,extract_semantics_and_metadata
PKHeX.Core/Resources/text/localeNDS/gen5/gen5_sr_105.txt,cd76839df6802fac7d146f9f9cbbbec41d0be6d5,4742,core_resources,extract_semantics_and_metadata
PKHeX.Core/Resources/text/localeNDS/gen5/gen5_sr_155.txt,c24e5c1c5e72fbb188fbd2154c8223f337e2e8bb,2883,core_resources,extract_semantics_and_metadata
PKHeX.Core/Resources/text/localeNDS/gen5/gen5_sr_166.txt,ee5c9367fc403717eac81ac52c73e50bddbc30c7,2109,core_resources,extract_semantics_and_metadata
PKHeX.Core/Resources/text/localeNDS/gen5/gen5_sr_174.txt,dbf641d207f390bafe03f049569d76d0b65a4d30,1735,core_resources,extract_semantics_and_metadata
PKHeX.Core/Resources/text/localeNDS/gen5/gen5_sr_195.txt,23f6741a2bfe053dcb9e7d23516f91ddb601eda8,2479,core_resources,extract_semantics_and_metadata
PKHeX.Core/Resources/text/localeNDS/gen5/gen5_sr_200.txt,e56034cc896898421d302950c9a95cad5ab7b025,2727,core_resources,extract_semantics_and_metadata
PKHeX.Core/Resources/text/localeNDS/gen5/gen5_sr_218.txt,7fb4db3ba674d3b756ddf843d49f7b64781fa638,1977,core_resources,extract_semantics_and_metadata
PKHeX.Core/Resources/text/localeNDS/gen5/gen5_sr_220.txt,8f071604f8d32ebbc32ff85e309fe29e75436a97,5779,core_resources,extract_semantics_and_metadata
PKHeX.Core/Resources/text/localeNDS/gen5/gen5_sr_default.txt,52b70545ba6ac2ee2163cb131bfb84b67b30d8a7,42,core_resources,extract_semantics_and_metadata
PKHeX.Core/Resources/text/locations/gen2/text_gsc_00000_de.txt,99405ee1b97b1a25eb4ddd0db6cd0f6edb2f5bd5,1093,core_resources,extract_semantics_and_metadata
PKHeX.Core/Resources/text/locations/gen2/text_gsc_00000_en.txt,cb5bf9fd184a3d614509035153e6c6b77b1c1b5f,1100,core_resources,extract_semantics_and_metadata
PKHeX.Core/Resources/text/locations/gen2/text_gsc_00000_es-419.txt,56566f7fc7da86cbab25dc8914e95fb05cf5c2e9,1093,core_resources,extract_semantics_and_metadata
PKHeX.Core/Resources/text/locations/gen2/text_gsc_00000_es.txt,56566f7fc7da86cbab25dc8914e95fb05cf5c2e9,1093,core_resources,extract_semantics_and_metadata
PKHeX.Core/Resources/text/locations/gen2/text_gsc_00000_fr.txt,4f85373ea2b8fa6efe69266f2e911a5303d0876f,1068,core_resources,extract_semantics_and_metadata
PKHeX.Core/Resources/text/locations/gen2/text_gsc_00000_it.txt,8363aed5081ff6e24ba53714fde01007815ff759,1238,core_resources,extract_semantics_and_metadata
PKHeX.Core/Resources/text/locations/gen2/text_gsc_00000_ja.txt,8df755a55636474be0e0472af774c5832bf6d368,2155,core_resources,extract_semantics_and_metadata
PKHeX.Core/Resources/text/locations/gen2/text_gsc_00000_ko.txt,40cd1a2897509650bd655868f54633568a3a8f3f,1331,core_resources,extract_semantics_and_metadata
PKHeX.Core/Resources/text/locations/gen2/text_gsc_00000_zh-Hans.txt,af3e3ee5141bbfed1ae667517471ccc9225de227,1146,core_resources,extract_semantics_and_metadata
PKHeX.Core/Resources/text/locations/gen2/text_gsc_00000_zh-Hant.txt,98498a1366bf4c22668066cca9586a4b8ba7383f,1137,core_resources,extract_semantics_and_metadata
PKHeX.Core/Resources/text/locations/gen3/text_cxd_00000_de.txt,3f640964667c17b3b2872bbc21adf08d8078c54a,5610,core_resources,extract_semantics_and_metadata
PKHeX.Core/Resources/text/locations/gen3/text_cxd_00000_en.txt,1fa60748f6dc13755e4c44b6ebbd2be2eaacd4dc,5866,core_resources,extract_semantics_and_metadata
PKHeX.Core/Resources/text/locations/gen3/text_cxd_00000_es-419.txt,32c7c43cc73fd8dca697023f241f99881291a895,6330,core_resources,extract_semantics_and_metadata
PKHeX.Core/Resources/text/locations/gen3/text_cxd_00000_es.txt,32c7c43cc73fd8dca697023f241f99881291a895,6330,core_resources,extract_semantics_and_metadata
PKHeX.Core/Resources/text/locations/gen3/text_cxd_00000_fr.txt,9046e8565ae7b196171a22c41f6ce61c10f757b1,6034,core_resources,extract_semantics_and_metadata
PKHeX.Core/Resources/text/locations/gen3/text_cxd_00000_it.txt,71aab999e7ba090004f353989cb28ab88c813684,6264,core_resources,extract_semantics_and_metadata
PKHeX.Core/Resources/text/locations/gen3/text_cxd_00000_ja.txt,f2f96467cc6be3b47a739a8552e0579d125a780f,8954,core_resources,extract_semantics_and_metadata
PKHeX.Core/Resources/text/locations/gen3/text_cxd_00000_zh-Hans.txt,c8f409e99607404cb23b913059ed3fd0a9d08039,6514,core_resources,extract_semantics_and_metadata
PKHeX.Core/Resources/text/locations/gen3/text_cxd_00000_zh-Hant.txt,3068b5d612a5e68c65a434c9a263ab54f543f96d,6538,core_resources,extract_semantics_and_metadata
PKHeX.Core/Resources/text/locations/gen3/text_rsefrlg_00000_de.txt,02f3bf99ee2e448cf91aada0283a654280b73eb2,3033,core_resources,extract_semantics_and_metadata
PKHeX.Core/Resources/text/locations/gen3/text_rsefrlg_00000_en.txt,5caa5c829c2d3ddb6587cb6775971364c60cdaf4,3043,core_resources,extract_semantics_and_metadata
PKHeX.Core/Resources/text/locations/gen3/text_rsefrlg_00000_es-419.txt,33fc4b93bdacfe65ceaea199ba458226dfb1b61c,3072,core_resources,extract_semantics_and_metadata
PKHeX.Core/Resources/text/locations/gen3/text_rsefrlg_00000_es.txt,33fc4b93bdacfe65ceaea199ba458226dfb1b61c,3072,core_resources,extract_semantics_and_metadata
PKHeX.Core/Resources/text/locations/gen3/text_rsefrlg_00000_fr.txt,b0e3587175c522846c99a260bab9944caaedd5cf,3000,core_resources,extract_semantics_and_metadata
PKHeX.Core/Resources/text/locations/gen3/text_rsefrlg_00000_it.txt,e3fcf89c42fa85b243ea9f6070d19a980a4db100,3275,core_resources,extract_semantics_and_metadata
PKHeX.Core/Resources/text/locations/gen3/text_rsefrlg_00000_ja.txt,bc0652e0b0faf937b06c293e957e90d7a225bd2a,5413,core_resources,extract_semantics_and_metadata
PKHeX.Core/Resources/text/locations/gen3/text_rsefrlg_00000_ko.txt,743054e92d3d7544c4eb33d9859872d69ddfa01e,3441,core_resources,extract_semantics_and_metadata
PKHeX.Core/Resources/text/locations/gen3/text_rsefrlg_00000_zh-Hans.txt,06e61124c6b32c7dc4d9398a5b42b738d9d2748a,3174,core_resources,extract_semantics_and_metadata
PKHeX.Core/Resources/text/locations/gen3/text_rsefrlg_00000_zh-Hant.txt,28d24e027676971ed524e95a76f95084f9f360eb,3164,core_resources,extract_semantics_and_metadata
PKHeX.Core/Resources/text/locations/gen4/text_hgss_00000_de.txt,789374c76afa476b935ad7ec3b787c6a5cc25d83,2790,core_resources,extract_semantics_and_metadata
PKHeX.Core/Resources/text/locations/gen4/text_hgss_00000_en.txt,e36a3eeecc88a770f506080638caf131e83ab0f3,2878,core_resources,extract_semantics_and_metadata
PKHeX.Core/Resources/text/locations/gen4/text_hgss_00000_es-419.txt,500657cb114b64f5a6f9546d1bd6ba65c81fb1d1,2873,core_resources,extract_semantics_and_metadata
PKHeX.Core/Resources/text/locations/gen4/text_hgss_00000_es.txt,500657cb114b64f5a6f9546d1bd6ba65c81fb1d1,2873,core_resources,extract_semantics_and_metadata
PKHeX.Core/Resources/text/locations/gen4/text_hgss_00000_fr.txt,abb21eecb9a30c5837bccd7f9904d2293c34042c,2846,core_resources,extract_semantics_and_metadata
PKHeX.Core/Resources/text/locations/gen4/text_hgss_00000_it.txt,97e150e05d260d55912dfdc5c4165eb0c5084f76,3060,core_resources,extract_semantics_and_metadata
PKHeX.Core/Resources/text/locations/gen4/text_hgss_00000_ja.txt,7c4f4443aaec14048c348438e0d57d9d4be010b0,5347,core_resources,extract_semantics_and_metadata
PKHeX.Core/Resources/text/locations/gen4/text_hgss_00000_ko.txt,2b3d4eef067c82c14cbaa86ac4f714bd83fdd017,3356,core_resources,extract_semantics_and_metadata
PKHeX.Core/Resources/text/locations/gen4/text_hgss_00000_zh-Hans.txt,14333bfc858b0f505d7880efb85441a8985880ea,2922,core_resources,extract_semantics_and_metadata
PKHeX.Core/Resources/text/locations/gen4/text_hgss_00000_zh-Hant.txt,3eb592dee7f990dbf3176770608d2df5d296cd9c,2922,core_resources,extract_semantics_and_metadata
PKHeX.Core/Resources/text/locations/gen4/text_hgss_02000_de.txt,ec118baee574776f350140861ebc1e3396e75876,152,core_resources,extract_semantics_and_metadata
PKHeX.Core/Resources/text/locations/gen4/text_hgss_02000_en.txt,9e7f4e75e22f47084630a8fd6b72a92e8797a1bb,149,core_resources,extract_semantics_and_metadata
PKHeX.Core/Resources/text/locations/gen4/text_hgss_02000_es-419.txt,1c056129542068836d9ea7b565f42f774fd26157,154,core_resources,extract_semantics_and_metadata
PKHeX.Core/Resources/text/locations/gen4/text_hgss_02000_es.txt,1c056129542068836d9ea7b565f42f774fd26157,154,core_resources,extract_semantics_and_metadata
PKHeX.Core/Resources/text/locations/gen4/text_hgss_02000_fr.txt,b40155027ed8874b4e079330eb75cca14373b83c,156,core_resources,extract_semantics_and_metadata
PKHeX.Core/Resources/text/locations/gen4/text_hgss_02000_it.txt,9e8a997bc6303e4f6d3f5c4b5982333255f3f119,169,core_resources,extract_semantics_and_metadata
PKHeX.Core/Resources/text/locations/gen4/text_hgss_02000_ja.txt,a118cb37e9f7b986f0934152c6710dab288fd86f,320,core_resources,extract_semantics_and_metadata
PKHeX.Core/Resources/text/locations/gen4/text_hgss_02000_ko.txt,dcae99b951c12bcab8b735359ccd30a79b98ea39,214,core_resources,extract_semantics_and_metadata
PKHeX.Core/Resources/text/locations/gen4/text_hgss_02000_zh-Hans.txt,65b25454d7799bb9157b6600426b09c079f8df5e,189,core_resources,extract_semantics_and_metadata
PKHeX.Core/Resources/text/locations/gen4/text_hgss_02000_zh-Hant.txt,70b30980d55b564c71738d0aed1e2d37dfe534a4,192,core_resources,extract_semantics_and_metadata
PKHeX.Core/Resources/text/locations/gen4/text_hgss_03000_de.txt,13efb00406fd0fc7cd0a1a7add68f5cde8777806,1166,core_resources,extract_semantics_and_metadata
PKHeX.Core/Resources/text/locations/gen4/text_hgss_03000_en.txt,c7bd399bb7c18f6e5a0c1cc5e0245003c6826eee,1190,core_resources,extract_semantics_and_metadata
PKHeX.Core/Resources/text/locations/gen4/text_hgss_03000_es-419.txt,c95e6c95e422603f8c258372a7a5f9373fc3ff74,1165,core_resources,extract_semantics_and_metadata
PKHeX.Core/Resources/text/locations/gen4/text_hgss_03000_es.txt,c95e6c95e422603f8c258372a7a5f9373fc3ff74,1165,core_resources,extract_semantics_and_metadata
PKHeX.Core/Resources/text/locations/gen4/text_hgss_03000_fr.txt,af0f8b536a59e94cca05e985be2b756fb95b78cc,1217,core_resources,extract_semantics_and_metadata
PKHeX.Core/Resources/text/locations/gen4/text_hgss_03000_it.txt,ed75c0b6a583cd80914f8fe56e35edb00181d120,1178,core_resources,extract_semantics_and_metadata
PKHeX.Core/Resources/text/locations/gen4/text_hgss_03000_ja.txt,11fe97e3b84aff3b7e2f21e6b12264ea47d95239,2083,core_resources,extract_semantics_and_metadata
PKHeX.Core/Resources/text/locations/gen4/text_hgss_03000_ko.txt,5007a5d4232c1c7923674752d5ffe3652f1f977c,1380,core_resources,extract_semantics_and_metadata
PKHeX.Core/Resources/text/locations/gen4/text_hgss_03000_zh-Hans.txt,36f6658860be83c8630f15348abb2e5ef81dbb3d,1215,core_resources,extract_semantics_and_metadata
PKHeX.Core/Resources/text/locations/gen4/text_hgss_03000_zh-Hant.txt,daf1b0d834feb3ec03680c9125fb8a05b098e10a,1215,core_resources,extract_semantics_and_metadata
PKHeX.Core/Resources/text/locations/gen5/text_bw2_00000_de.txt,da399f4cf1657372b148645532ca97f766bad7e7,2011,core_resources,extract_semantics_and_metadata
PKHeX.Core/Resources/text/locations/gen5/text_bw2_00000_en.txt,42e6fa8b8ce335e93a8255113aaef4a6816a697b,2069,core_resources,extract_semantics_and_metadata
PKHeX.Core/Resources/text/locations/gen5/text_bw2_00000_es-419.txt,41d1a24dfb4ad75c76d6162c41c4210489f1948d,2203,core_resources,extract_semantics_and_metadata
PKHeX.Core/Resources/text/locations/gen5/text_bw2_00000_es.txt,5fd35f55da3bad58cb614c074bd223fce5d85ce8,2143,core_resources,extract_semantics_and_metadata
PKHeX.Core/Resources/text/locations/gen5/text_bw2_00000_fr.txt,b56004d27e04e7aff93b27b3fd6c350361c63e17,2120,core_resources,extract_semantics_and_metadata
PKHeX.Core/Resources/text/locations/gen5/text_bw2_00000_it.txt,ade04f2260dca282fa782cd2dabda8463030fbc8,2247,core_resources,extract_semantics_and_metadata
PKHeX.Core/Resources/text/locations/gen5/text_bw2_00000_ja.txt,01ed86ec02e0f2bbe336b840c6a8901c272b53fb,3559,core_resources,extract_semantics_and_metadata
PKHeX.Core/Resources/text/locations/gen5/text_bw2_00000_ko.txt,9d44cb1dcfbe6048472ffb969ba0c1a939a7fc2b,2313,core_resources,extract_semantics_and_metadata
PKHeX.Core/Resources/text/locations/gen5/text_bw2_00000_zh-Hans.txt,fa061089328eeb6d212752f709d2de6e67c4032b,1931,core_resources,extract_semantics_and_metadata
PKHeX.Core/Resources/text/locations/gen5/text_bw2_00000_zh-Hant.txt,e1b86dbb65ccdf856352088e0f5004996a73189e,1944,core_resources,extract_semantics_and_metadata
PKHeX.Core/Resources/text/locations/gen5/text_bw2_30000_de.txt,e48be6b73e3d13ede42d63455184b75027173e62,285,core_resources,extract_semantics_and_metadata
PKHeX.Core/Resources/text/locations/gen5/text_bw2_30000_en.txt,6529c49fd7e8fe858e86f95ed8bab70a819af36c,280,core_resources,extract_semantics_and_metadata
PKHeX.Core/Resources/text/locations/gen5/text_bw2_30000_es-419.txt,e91b1776ba887428333ad0204d62f93422a1c756,294,core_resources,extract_semantics_and_metadata
PKHeX.Core/Resources/text/locations/gen5/text_bw2_30000_es.txt,b76e2a350defa3d017e3b0f86e092522515bc558,277,core_resources,extract_semantics_and_metadata
PKHeX.Core/Resources/text/locations/gen5/text_bw2_30000_fr.txt,79263f1e430c54f04313997e112cc0d8b3cc7c4d,279,core_resources,extract_semantics_and_metadata
PKHeX.Core/Resources/text/locations/gen5/text_bw2_30000_it.txt,1d3c85cb7ddfaa4678bda01d534f0bd5efedd0d0,286,core_resources,extract_semantics_and_metadata
PKHeX.Core/Resources/text/locations/gen5/text_bw2_30000_ja.txt,b713be81d270a2e5a050621d4cee206e0b4be27f,405,core_resources,extract_semantics_and_metadata
PKHeX.Core/Resources/text/locations/gen5/text_bw2_30000_ko.txt,141bfaaeb20c6d22f6c88cc300c08b628da64fb4,318,core_resources,extract_semantics_and_metadata
PKHeX.Core/Resources/text/locations/gen5/text_bw2_30000_zh-Hans.txt,bab9eaed6d98303a42414a9648c3f69970e455c2,191,core_resources,extract_semantics_and_metadata
PKHeX.Core/Resources/text/locations/gen5/text_bw2_30000_zh-Hant.txt,25027407ecff7a24b4aea30a5e9285963ab4b839,197,core_resources,extract_semantics_and_metadata
PKHeX.Core/Resources/text/locations/gen5/text_bw2_40000_de.txt,718db906a0d3c65aa1d59c78872dbcc969fb8cba,1452,core_resources,extract_semantics_and_metadata
PKHeX.Core/Resources/text/locations/gen5/text_bw2_40000_en.txt,0c4522b1636714308b0263bfc96ab656c0bb3742,1429,core_resources,extract_semantics_and_metadata
PKHeX.Core/Resources/text/locations/gen5/text_bw2_40000_es-419.txt,aeb2a22bebf035ed3c7644f782525f172f34bba9,1935,core_resources,extract_semantics_and_metadata
PKHeX.Core/Resources/text/locations/gen5/text_bw2_40000_es.txt,015ca52c4622708744fe55bb76c78b9f95324af1,1727,core_resources,extract_semantics_and_metadata
PKHeX.Core/Resources/text/locations/gen5/text_bw2_40000_fr.txt,be485da227e11bb88cfc1a88a18aec8c14b38e4a,1548,core_resources,extract_semantics_and_metadata
PKHeX.Core/Resources/text/locations/gen5/text_bw2_40000_it.txt,de64ef52131248722a0b6b29183c33878eb1a0da,1601,core_resources,extract_semantics_and_metadata
PKHeX.Core/Resources/text/locations/gen5/text_bw2_40000_ja.txt,368dadbcf2767c1857325c9ffcae7196f666ad05,2562,core_resources,extract_semantics_and_metadata
PKHeX.Core/Resources/text/locations/gen5/text_bw2_40000_ko.txt,607cc3d1af5ceaa7e98ab83944d158fdb1ba7767,1553,core_resources,extract_semantics_and_metadata
PKHeX.Core/Resources/text/locations/gen5/text_bw2_40000_zh-Hans.txt,a6007daa00e3277e83b6d762622efa8555eda002,1453,core_resources,extract_semantics_and_metadata
PKHeX.Core/Resources/text/locations/gen5/text_bw2_40000_zh-Hant.txt,23ec5f971a79fb4bfa67fb8f50655cdc73522a38,1453,core_resources,extract_semantics_and_metadata
PKHeX.Core/Resources/text/locations/gen5/text_bw2_60000_de.txt,4d12ea0da7fd3aa68ed1e0581c8a828c7dd282e3,46,core_resources,extract_semantics_and_metadata
PKHeX.Core/Resources/text/locations/gen5/text_bw2_60000_en.txt,a3b8a44df28280105496ca72811380676e50565e,41,core_resources,extract_semantics_and_metadata
PKHeX.Core/Resources/text/locations/gen5/text_bw2_60000_es-419.txt,647c074e31d24405162a5b02383b29fefc567cca,47,core_resources,extract_semantics_and_metadata
PKHeX.Core/Resources/text/locations/gen5/text_bw2_60000_es.txt,69fee86ecc64e413a5196e135c8b48811579e3b2,49,core_resources,extract_semantics_and_metadata
PKHeX.Core/Resources/text/locations/gen5/text_bw2_60000_fr.txt,bdb93551c7864b4acb5198ca698a214945bb9e35,53,core_resources,extract_semantics_and_metadata
PKHeX.Core/Resources/text/locations/gen5/text_bw2_60000_it.txt,3066bcab9f9c053d9a05eb81b0fa6f4a9eb1286a,46,core_resources,extract_semantics_and_metadata
PKHeX.Core/Resources/text/locations/gen5/text_bw2_60000_ja.txt,9bd024ae2d6299d906b2681d461d145a96c369d4,120,core_resources,extract_semantics_and_metadata
PKHeX.Core/Resources/text/locations/gen5/text_bw2_60000_ko.txt,acc8cc2476340266f7e14aeb0abd67436611c11d,53,core_resources,extract_semantics_and_metadata
PKHeX.Core/Resources/text/locations/gen5/text_bw2_60000_zh-Hans.txt,476e1f5d3950eb384049ff869dea0adfaf53c5f3,45,core_resources,extract_semantics_and_metadata
PKHeX.Core/Resources/text/locations/gen5/text_bw2_60000_zh-Hant.txt,997258cf51528c011759591a2351442ac8b449c3,45,core_resources,extract_semantics_and_metadata
PKHeX.Core/Resources/text/locations/gen6/text_xy_00000_de.txt,3521732a7a255c863589f9cc366190f0b16213ec,2703,core_resources,extract_semantics_and_metadata
PKHeX.Core/Resources/text/locations/gen6/text_xy_00000_en.txt,8d2dd6f9425556b15817d35b7d3098965259dfef,2795,core_resources,extract_semantics_and_metadata
PKHeX.Core/Resources/text/locations/gen6/text_xy_00000_es-419.txt,d2ed870f329a3c01a354ce8bb6c38bb1927bf95c,2918,core_resources,extract_semantics_and_metadata
PKHeX.Core/Resources/text/locations/gen6/text_xy_00000_es.txt,4a3901587bedeee1d75395cfd09c00b5654c545a,2871,core_resources,extract_semantics_and_metadata
PKHeX.Core/Resources/text/locations/gen6/text_xy_00000_fr.txt,77c2219c526e31429b3d50a7038c08299fd72ceb,2926,core_resources,extract_semantics_and_metadata
PKHeX.Core/Resources/text/locations/gen6/text_xy_00000_it.txt,8abfadad1840f558d061b8dba20b69e74437b2a3,2974,core_resources,extract_semantics_and_metadata
PKHeX.Core/Resources/text/locations/gen6/text_xy_00000_ja.txt,7add6d2cac70592e59ba4711067f280291694967,4731,core_resources,extract_semantics_and_metadata
PKHeX.Core/Resources/text/locations/gen6/text_xy_00000_ko.txt,f1f2eb176c15ddb3b6c0e73a3bb6f7317becb8a1,3138,core_resources,extract_semantics_and_metadata
PKHeX.Core/Resources/text/locations/gen6/text_xy_00000_zh-Hans.txt,3aa91f0b9d0fde19dee5f4c989e3927a8d6509e9,2957,core_resources,extract_semantics_and_metadata
PKHeX.Core/Resources/text/locations/gen6/text_xy_00000_zh-Hant.txt,01a6a53ca27a62c607ec01b0e1b579042842a361,2958,core_resources,extract_semantics_and_metadata
PKHeX.Core/Resources/text/locations/gen6/text_xy_30000_de.txt,f1ae217bde590ce191350cdfef11248ef6123cad,163,core_resources,extract_semantics_and_metadata
PKHeX.Core/Resources/text/locations/gen6/text_xy_30000_en.txt,7d2fe1ec64e04c95440e896f9c57f26c473771c6,169,core_resources,extract_semantics_and_metadata
PKHeX.Core/Resources/text/locations/gen6/text_xy_30000_es-419.txt,8db0545d85ecd1441c36d6b44f7d94a3284cec68,140,core_resources,extract_semantics_and_metadata
PKHeX.Core/Resources/text/locations/gen6/text_xy_30000_es.txt,962a0d7d7aefbcc8ebe0803be0b5835b04577850,135,core_resources,extract_semantics_and_metadata
PKHeX.Core/Resources/text/locations/gen6/text_xy_30000_fr.txt,be6beb741facc2a596fb4d86c3b8ec0c8a9f5184,122,core_resources,extract_semantics_and_metadata
PKHeX.Core/Resources/text/locations/gen6/text_xy_30000_it.txt,6bdf33b9319781749957743e4b98c3ae9fc1a644,108,core_resources,extract_semantics_and_metadata
PKHeX.Core/Resources/text/locations/gen6/text_xy_30000_ja.txt,237c3fb590caa07fca6e3728dc0a6eb30019a780,260,core_resources,extract_semantics_and_metadata
PKHeX.Core/Resources/text/locations/gen6/text_xy_30000_ko.txt,1b6e06328902530863bffac679b124c8333d328e,169,core_resources,extract_semantics_and_metadata
PKHeX.Core/Resources/text/locations/gen6/text_xy_30000_zh-Hans.txt,7c309c0d5a011b140b47e773ca519ce9e9bc18ec,170,core_resources,extract_semantics_and_metadata
PKHeX.Core/Resources/text/locations/gen6/text_xy_30000_zh-Hant.txt,82174be1ba20368080503f1eb725722faa063a8a,170,core_resources,extract_semantics_and_metadata
PKHeX.Core/Resources/text/locations/gen6/text_xy_40000_de.txt,a0029491b1d7ae43af653638e21f7f77571b5905,1058,core_resources,extract_semantics_and_metadata
PKHeX.Core/Resources/text/locations/gen6/text_xy_40000_en.txt,13c63108a6f733108d5edc83922b2c68c30dbf33,1047,core_resources,extract_semantics_and_metadata
PKHeX.Core/Resources/text/locations/gen6/text_xy_40000_es-419.txt,2dabf3e2da56a2eddb0065e7e12c74691927f836,1344,core_resources,extract_semantics_and_metadata
PKHeX.Core/Resources/text/locations/gen6/text_xy_40000_es.txt,1c91e6e6353864b711549259c0f458cb55e9602b,1649,core_resources,extract_semantics_and_metadata
PKHeX.Core/Resources/text/locations/gen6/text_xy_40000_fr.txt,3ec710771760b146bd8b18ca9bc9597d56f652e2,1461,core_resources,extract_semantics_and_metadata
PKHeX.Core/Resources/text/locations/gen6/text_xy_40000_it.txt,e2fc8c50709689c62e64759f7adef7a8956d1439,1308,core_resources,extract_semantics_and_metadata
PKHeX.Core/Resources/text/locations/gen6/text_xy_40000_ja.txt,ceb86e90ea378384e3e2e919bff1facabff490bf,1744,core_resources,extract_semantics_and_metadata
PKHeX.Core/Resources/text/locations/gen6/text_xy_40000_ko.txt,6123b2b8596235be7aca3c762d5fd437606435a2,1068,core_resources,extract_semantics_and_metadata
PKHeX.Core/Resources/text/locations/gen6/text_xy_40000_zh-Hans.txt,859b2fcc3997782ab2074c8df018e46bb771477d,987,core_resources,extract_semantics_and_metadata
PKHeX.Core/Resources/text/locations/gen6/text_xy_40000_zh-Hant.txt,189e70ee521592f7481711e867c6e601ef83e0fc,987,core_resources,extract_semantics_and_metadata
PKHeX.Core/Resources/text/locations/gen6/text_xy_60000_de.txt,1eaf44d3457c738186c68d53e17dfa361156de4c,69,core_resources,extract_semantics_and_metadata
PKHeX.Core/Resources/text/locations/gen6/text_xy_60000_en.txt,b87330aacec74b3b13f169c9ffb5a3b7ae2f88f8,76,core_resources,extract_semantics_and_metadata
PKHeX.Core/Resources/text/locations/gen6/text_xy_60000_es-419.txt,40a6f52e0b356e4da9f067e442c55900f507110e,74,core_resources,extract_semantics_and_metadata
PKHeX.Core/Resources/text/locations/gen6/text_xy_60000_es.txt,75d353bc0d0b0138fdc2b661bd52e6666af4929b,77,core_resources,extract_semantics_and_metadata
PKHeX.Core/Resources/text/locations/gen6/text_xy_60000_fr.txt,122db057bc4efb3d0cd1a68f6952fe8ed1017921,94,core_resources,extract_semantics_and_metadata
PKHeX.Core/Resources/text/locations/gen6/text_xy_60000_it.txt,d83542947fa16456ca7e34d7c13a8068c273a237,70,core_resources,extract_semantics_and_metadata
PKHeX.Core/Resources/text/locations/gen6/text_xy_60000_ja.txt,5ed22cfeeaeeddc456c7a5bf7f1c8f098f14ffae,100,core_resources,extract_semantics_and_metadata
PKHeX.Core/Resources/text/locations/gen6/text_xy_60000_ko.txt,3d8ba460246bce8256e18065aa8c9c214dd9d2a5,69,core_resources,extract_semantics_and_metadata
PKHeX.Core/Resources/text/locations/gen6/text_xy_60000_zh-Hans.txt,c735f34bad7dd0ff1f0f2c7c98417a08e63efc92,55,core_resources,extract_semantics_and_metadata
PKHeX.Core/Resources/text/locations/gen6/text_xy_60000_zh-Hant.txt,045ebcee42064a00cc34f43b225fa38e412c36d4,55,core_resources,extract_semantics_and_metadata
PKHeX.Core/Resources/text/locations/gen7/text_gg_00000_de.txt,9127d2c7ac9c7249bd689231fb9da4f36d597030,646,core_resources,extract_semantics_and_metadata
PKHeX.Core/Resources/text/locations/gen7/text_gg_00000_en.txt,fcc53b900833a3ccbe8b9a1e2015b4732e083da5,626,core_resources,extract_semantics_and_metadata
PKHeX.Core/Resources/text/locations/gen7/text_gg_00000_es-419.txt,283832f1341c4027b0bc8ef9869e170e98a4c9bb,607,core_resources,extract_semantics_and_metadata
PKHeX.Core/Resources/text/locations/gen7/text_gg_00000_es.txt,6324cbec44db8ff555963982bec813217523aa1b,588,core_resources,extract_semantics_and_metadata
PKHeX.Core/Resources/text/locations/gen7/text_gg_00000_fr.txt,30b5bf9c418204e212cb79f7712da2da74723b12,631,core_resources,extract_semantics_and_metadata
PKHeX.Core/Resources/text/locations/gen7/text_gg_00000_it.txt,bf1113c12775a79825ad2c62f0a806e8a5ab5c3e,683,core_resources,extract_semantics_and_metadata
PKHeX.Core/Resources/text/locations/gen7/text_gg_00000_ja.txt,dacd93ec3693a758ea048a118d878dd5606dd45c,1167,core_resources,extract_semantics_and_metadata
PKHeX.Core/Resources/text/locations/gen7/text_gg_00000_ko.txt,9a35e01875c726d78ec72426cb257b511274fe36,730,core_resources,extract_semantics_and_metadata
PKHeX.Core/Resources/text/locations/gen7/text_gg_00000_zh-Hans.txt,53cfc1252dd7cd5ac70ebe4735ce6c9ff68555e8,684,core_resources,extract_semantics_and_metadata
PKHeX.Core/Resources/text/locations/gen7/text_gg_00000_zh-Hant.txt,cd9f27840793b34e9d239a65bf2404f106e53203,684,core_resources,extract_semantics_and_metadata
PKHeX.Core/Resources/text/locations/gen7/text_gg_40000_de.txt,81f2987d3075960d415d427440e9111e3ffbd6e8,1185,core_resources,extract_semantics_and_metadata
PKHeX.Core/Resources/text/locations/gen7/text_gg_40000_en.txt,83cc623cbca664df581579f74e649ff45230a34d,1167,core_resources,extract_semantics_and_metadata
PKHeX.Core/Resources/text/locations/gen7/text_gg_40000_es-419.txt,1034997b480b9a04cce4b97740842e9f286a026f,1276,core_resources,extract_semantics_and_metadata
PKHeX.Core/Resources/text/locations/gen7/text_gg_40000_es.txt,8aab2198058b7b10a4f67f8215a3263b899acfc9,1261,core_resources,extract_semantics_and_metadata
PKHeX.Core/Resources/text/locations/gen7/text_gg_40000_fr.txt,bd497b0e4066004f1bd7e6011144ca7065e69efa,1267,core_resources,extract_semantics_and_metadata
PKHeX.Core/Resources/text/locations/gen7/text_gg_40000_it.txt,61379b373c0ed85cbbaf92075201863323fec54a,1142,core_resources,extract_semantics_and_metadata
PKHeX.Core/Resources/text/locations/gen7/text_gg_40000_ja.txt,ca8ab5ecc3377688138040163f9c0c6e2190d12a,1761,core_resources,extract_semantics_and_metadata
PKHeX.Core/Resources/text/locations/gen7/text_gg_40000_ko.txt,ef6eca686153e8608ef4155dfcdba31b7aa5be78,1080,core_resources,extract_semantics_and_metadata
PKHeX.Core/Resources/text/locations/gen7/text_gg_40000_zh-Hans.txt,ae90b8c1323c4c71de1842702c1894ad8803e211,1008,core_resources,extract_semantics_and_metadata
PKHeX.Core/Resources/text/locations/gen7/text_gg_40000_zh-Hant.txt,cea93084d5fa0c2f0fefd880669fb0ad1f99de11,1008,core_resources,extract_semantics_and_metadata
PKHeX.Core/Resources/text/locations/gen7/text_sm_00000_de.txt,dbbd5349c24248a4ac050907af22f9b93bfb0e37,1974,core_resources,extract_semantics_and_metadata
PKHeX.Core/Resources/text/locations/gen7/text_sm_00000_en.txt,ebd819077b3c5bcd95593ed52b95fa4e45bf53e5,1853,core_resources,extract_semantics_and_metadata
PKHeX.Core/Resources/text/locations/gen7/text_sm_00000_es-419.txt,fa67b65152c53051711b239a8c12427a642b4473,1976,core_resources,extract_semantics_and_metadata
PKHeX.Core/Resources/text/locations/gen7/text_sm_00000_es.txt,5657d220c0ce8b31597f3595371a2f73fc4c1df6,1965,core_resources,extract_semantics_and_metadata
PKHeX.Core/Resources/text/locations/gen7/text_sm_00000_fr.txt,3b0b13c4c08153a10428cbca2423ec9847fbcf85,1976,core_resources,extract_semantics_and_metadata
PKHeX.Core/Resources/text/locations/gen7/text_sm_00000_it.txt,df726899c99bf0adc843de4fa6e986cb7c0e180d,1996,core_resources,extract_semantics_and_metadata
PKHeX.Core/Resources/text/locations/gen7/text_sm_00000_ja.txt,baffab08e3fdeeacf21189260956f217cc3941c1,3113,core_resources,extract_semantics_and_metadata
PKHeX.Core/Resources/text/locations/gen7/text_sm_00000_ko.txt,a3061d57ec3ec3faf753004529398929070ac7b1,2188,core_resources,extract_semantics_and_metadata
PKHeX.Core/Resources/text/locations/gen7/text_sm_00000_zh-Hans.txt,682f88393ef641d73c7a9048bff824f03a47190b,1946,core_resources,extract_semantics_and_metadata
PKHeX.Core/Resources/text/locations/gen7/text_sm_00000_zh-Hant.txt,631bb174853c2b528fa9a6c7e6853a1ae962b586,1946,core_resources,extract_semantics_and_metadata
PKHeX.Core/Resources/text/locations/gen7/text_sm_30000_de.txt,a6a580eb31473c5f861eebddaca38bc42cfbd915,241,core_resources,extract_semantics_and_metadata
PKHeX.Core/Resources/text/locations/gen7/text_sm_30000_en.txt,07fbe1608c5126f8aefc8d01092a4b36e2afc6b3,270,core_resources,extract_semantics_and_metadata
PKHeX.Core/Resources/text/locations/gen7/text_sm_30000_es-419.txt,fe5eb6f6768e3204fdbb53b8d48b8281aa07a5bb,189,core_resources,extract_semantics_and_metadata
PKHeX.Core/Resources/text/locations/gen7/text_sm_30000_es.txt,c1fbcdfa08525f965de997f5d0cd77f98aa1a206,197,core_resources,extract_semantics_and_metadata
PKHeX.Core/Resources/text/locations/gen7/text_sm_30000_fr.txt,0e1cc6a94090291d09199b6c158a2974503546b3,171,core_resources,extract_semantics_and_metadata
PKHeX.Core/Resources/text/locations/gen7/text_sm_30000_it.txt,c4504399891b6b940aacccc6d341444a32cbf7ef,157,core_resources,extract_semantics_and_metadata
PKHeX.Core/Resources/text/locations/gen7/text_sm_30000_ja.txt,f1c80103e3e2654490349f8112a55b33b855de79,379,core_resources,extract_semantics_and_metadata
PKHeX.Core/Resources/text/locations/gen7/text_sm_30000_ko.txt,b115ec37c0fcd4e353a0eab39dfdcbf4efb4b1cc,252,core_resources,extract_semantics_and_metadata
PKHeX.Core/Resources/text/locations/gen7/text_sm_30000_zh-Hans.txt,2bb9ad0d7f78a76f30856000f402e77df032dbda,253,core_resources,extract_semantics_and_metadata
PKHeX.Core/Resources/text/locations/gen7/text_sm_30000_zh-Hant.txt,121c61883e9b00a6929d827f7af6bcafb084621f,250,core_resources,extract_semantics_and_metadata
PKHeX.Core/Resources/text/locations/gen7/text_sm_40000_de.txt,2eb755de60ca8042aee435c715782cd47d8e5e98,1450,core_resources,extract_semantics_and_metadata
PKHeX.Core/Resources/text/locations/gen7/text_sm_40000_en.txt,90b279ab52483804d3fede41178b504a34f40a1a,1435,core_resources,extract_semantics_and_metadata
PKHeX.Core/Resources/text/locations/gen7/text_sm_40000_es-419.txt,9afab055ae6234ff2329461afcb0bab65dbd7764,1551,core_resources,extract_semantics_and_metadata
PKHeX.Core/Resources/text/locations/gen7/text_sm_40000_es.txt,0a408ca0c1daa0e7f13d1f7ec531b3ab1c64d0ab,1533,core_resources,extract_semantics_and_metadata
PKHeX.Core/Resources/text/locations/gen7/text_sm_40000_fr.txt,dc645a1c16deb8dd448f18decb3b28c67bc28c27,1537,core_resources,extract_semantics_and_metadata
PKHeX.Core/Resources/text/locations/gen7/text_sm_40000_it.txt,682ba6e1d3a57ebcd0fc6263e4ecac73eed61578,1412,core_resources,extract_semantics_and_metadata
PKHeX.Core/Resources/text/locations/gen7/text_sm_40000_ja.txt,5d717b2a41c96e47747ec7638ecde8e05e93ea93,1990,core_resources,extract_semantics_and_metadata
PKHeX.Core/Resources/text/locations/gen7/text_sm_40000_ko.txt,e6c881089ccc5f0cfb8192bfa4a0d04faf9e124f,1246,core_resources,extract_semantics_and_metadata
PKHeX.Core/Resources/text/locations/gen7/text_sm_40000_zh-Hans.txt,e28b5d55b8b1e9854b3123d73d12d7a99f7d3ad9,1582,core_resources,extract_semantics_and_metadata
PKHeX.Core/Resources/text/locations/gen7/text_sm_40000_zh-Hant.txt,f4fdc057f02933d7944b12b336df62882c900fd5,1590,core_resources,extract_semantics_and_metadata
PKHeX.Core/Resources/text/locations/gen7/text_sm_60000_de.txt,6d82d023f0c8aa0dc337947840ed53c72b981ad3,67,core_resources,extract_semantics_and_metadata
PKHeX.Core/Resources/text/locations/gen7/text_sm_60000_en.txt,b009f6bb32c6261de39b9938d1a080af68b9e178,72,core_resources,extract_semantics_and_metadata
PKHeX.Core/Resources/text/locations/gen7/text_sm_60000_es-419.txt,cea5aefee294bc884e6d8c453f5d26d931cd0f73,68,core_resources,extract_semantics_and_metadata
PKHeX.Core/Resources/text/locations/gen7/text_sm_60000_es.txt,cea5aefee294bc884e6d8c453f5d26d931cd0f73,68,core_resources,extract_semantics_and_metadata
PKHeX.Core/Resources/text/locations/gen7/text_sm_60000_fr.txt,5b994fdfaefe9b8ffd63585ac7115d2395501067,92,core_resources,extract_semantics_and_metadata
PKHeX.Core/Resources/text/locations/gen7/text_sm_60000_it.txt,c9a0e46e353aca5e50c75d7eaa04e3cab1c8ec53,66,core_resources,extract_semantics_and_metadata
PKHeX.Core/Resources/text/locations/gen7/text_sm_60000_ja.txt,9e89927dec06b64567a444cc40c25b592ae29eb7,100,core_resources,extract_semantics_and_metadata
PKHeX.Core/Resources/text/locations/gen7/text_sm_60000_ko.txt,5fe763eba7512ad8220c6c1109eb4fbd40141af8,66,core_resources,extract_semantics_and_metadata
PKHeX.Core/Resources/text/locations/gen7/text_sm_60000_zh-Hans.txt,7e76786093fc94577eb6a91fd7fc38c269033950,49,core_resources,extract_semantics_and_metadata
PKHeX.Core/Resources/text/locations/gen7/text_sm_60000_zh-Hant.txt,bc87f55dc80409168a3ea9321fe5c0865a73be35,49,core_resources,extract_semantics_and_metadata
PKHeX.Core/Resources/text/locations/gen8/text_swsh_00000_de.txt,b06b46bb77f0e71acc7200d75934abb216fc525c,2513,core_resources,extract_semantics_and_metadata
PKHeX.Core/Resources/text/locations/gen8/text_swsh_00000_en.txt,439d75d7b4a7a9e212c5402fae77167cb40c5e6d,2415,core_resources,extract_semantics_and_metadata
PKHeX.Core/Resources/text/locations/gen8/text_swsh_00000_es-419.txt,45c5f8dc3f8cc793331240b1086f0bd98fa0639c,2857,core_resources,extract_semantics_and_metadata
PKHeX.Core/Resources/text/locations/gen8/text_swsh_00000_es.txt,d21409452176e1c967fadaee8ce66975cf82d2b3,2868,core_resources,extract_semantics_and_metadata
PKHeX.Core/Resources/text/locations/gen8/text_swsh_00000_fr.txt,37bb219f812e1b70dd50074519c3922b3cd3770d,2643,core_resources,extract_semantics_and_metadata
PKHeX.Core/Resources/text/locations/gen8/text_swsh_00000_it.txt,29c7dd1f882e7cc230806c496263ccd0d619567b,2790,core_resources,extract_semantics_and_metadata
PKHeX.Core/Resources/text/locations/gen8/text_swsh_00000_ja.txt,209195afc0993a260cb1cfc49a9c6ea35d56308f,4069,core_resources,extract_semantics_and_metadata
PKHeX.Core/Resources/text/locations/gen8/text_swsh_00000_ko.txt,28fff03300b5907177806a8f450b61ad1d1634ad,2815,core_resources,extract_semantics_and_metadata
PKHeX.Core/Resources/text/locations/gen8/text_swsh_00000_zh-Hans.txt,cb4cd7a666b9d742604421b3ac6eec93fb7243bf,2257,core_resources,extract_semantics_and_metadata
PKHeX.Core/Resources/text/locations/gen8/text_swsh_00000_zh-Hant.txt,8bdd8071b3358f3e2130f2ab040c1691f4d16e94,2257,core_resources,extract_semantics_and_metadata
PKHeX.Core/Resources/text/locations/gen8/text_swsh_30000_de.txt,11c8723683bfdbe68881cf963e4558b6c562d854,268,core_resources,extract_semantics_and_metadata
PKHeX.Core/Resources/text/locations/gen8/text_swsh_30000_en.txt,e1f479dc43f72d663430d2c2c4931784ba584a37,301,core_resources,extract_semantics_and_metadata
PKHeX.Core/Resources/text/locations/gen8/text_swsh_30000_es-419.txt,6bc994cc3aa386cca17b005bd825fdfabc590852,209,core_resources,extract_semantics_and_metadata
PKHeX.Core/Resources/text/locations/gen8/text_swsh_30000_es.txt,ed477dfb273bdf1d5d6f800cc813caa604876280,217,core_resources,extract_semantics_and_metadata
PKHeX.Core/Resources/text/locations/gen8/text_swsh_30000_fr.txt,aba6a9659f4a88b739739225451ce49498a006af,201,core_resources,extract_semantics_and_metadata
PKHeX.Core/Resources/text/locations/gen8/text_swsh_30000_it.txt,37e1d2ae806476d7d949840cacd853f7bfef4b85,177,core_resources,extract_semantics_and_metadata
PKHeX.Core/Resources/text/locations/gen8/text_swsh_30000_ja.txt,7c1f6bbf39ead951b62e2412014f464eb30f1a60,415,core_resources,extract_semantics_and_metadata
PKHeX.Core/Resources/text/locations/gen8/text_swsh_30000_ko.txt,07dbf306470dad9dff72800436cfafd92ed46c42,279,core_resources,extract_semantics_and_metadata
PKHeX.Core/Resources/text/locations/gen8/text_swsh_30000_zh-Hans.txt,93f9cd71da2a8e16494deb9ff0847d962e71b70e,280,core_resources,extract_semantics_and_metadata
PKHeX.Core/Resources/text/locations/gen8/text_swsh_30000_zh-Hant.txt,a5f267889dd325359bd64c99857a238b155d63e8,277,core_resources,extract_semantics_and_metadata
PKHeX.Core/Resources/text/locations/gen8/text_swsh_40000_de.txt,4b38c7ab7d710c30eef21884bc4131428a5cafca,1452,core_resources,extract_semantics_and_metadata
PKHeX.Core/Resources/text/locations/gen8/text_swsh_40000_en.txt,6963343c252ba7c3541f418645017f660fc9ed99,1459,core_resources,extract_semantics_and_metadata
PKHeX.Core/Resources/text/locations/gen8/text_swsh_40000_es-419.txt,d76d5612f48507590d4379755f0b361029c137d6,1547,core_resources,extract_semantics_and_metadata
PKHeX.Core/Resources/text/locations/gen8/text_swsh_40000_es.txt,0890425f9e60f5175eb71e8dd2c6a129c94d6de1,1529,core_resources,extract_semantics_and_metadata
PKHeX.Core/Resources/text/locations/gen8/text_swsh_40000_fr.txt,e6d002c2e44bdf43adf446ddd272aee05d7b0e57,1535,core_resources,extract_semantics_and_metadata
PKHeX.Core/Resources/text/locations/gen8/text_swsh_40000_it.txt,8b55a658a2d1d16aa2af60037cf94b4cee5dc691,1410,core_resources,extract_semantics_and_metadata
PKHeX.Core/Resources/text/locations/gen8/text_swsh_40000_ja.txt,c64ba2425d094bf496e37669365a75dc5ba82667,2029,core_resources,extract_semantics_and_metadata
PKHeX.Core/Resources/text/locations/gen8/text_swsh_40000_ko.txt,9f0defc597a5a01bd942d145959330a9b803bd02,1348,core_resources,extract_semantics_and_metadata
PKHeX.Core/Resources/text/locations/gen8/text_swsh_40000_zh-Hans.txt,b828050ea87cd8863132d432ee82c6c62c2d8dc0,1676,core_resources,extract_semantics_and_metadata
PKHeX.Core/Resources/text/locations/gen8/text_swsh_40000_zh-Hant.txt,23b2ec9ace5e60f64d46066dbbdfd83379676655,1684,core_resources,extract_semantics_and_metadata
PKHeX.Core/Resources/text/locations/gen8/text_swsh_60000_de.txt,6d82d023f0c8aa0dc337947840ed53c72b981ad3,67,core_resources,extract_semantics_and_metadata
PKHeX.Core/Resources/text/locations/gen8/text_swsh_60000_en.txt,ebc1954ad9126d7ac4e7c2832591cdb628d0b502,73,core_resources,extract_semantics_and_metadata
PKHeX.Core/Resources/text/locations/gen8/text_swsh_60000_es-419.txt,cea5aefee294bc884e6d8c453f5d26d931cd0f73,68,core_resources,extract_semantics_and_metadata
PKHeX.Core/Resources/text/locations/gen8/text_swsh_60000_es.txt,cea5aefee294bc884e6d8c453f5d26d931cd0f73,68,core_resources,extract_semantics_and_metadata
PKHeX.Core/Resources/text/locations/gen8/text_swsh_60000_fr.txt,5b994fdfaefe9b8ffd63585ac7115d2395501067,92,core_resources,extract_semantics_and_metadata
PKHeX.Core/Resources/text/locations/gen8/text_swsh_60000_it.txt,c9a0e46e353aca5e50c75d7eaa04e3cab1c8ec53,66,core_resources,extract_semantics_and_metadata
PKHeX.Core/Resources/text/locations/gen8/text_swsh_60000_ja.txt,9e89927dec06b64567a444cc40c25b592ae29eb7,100,core_resources,extract_semantics_and_metadata
PKHeX.Core/Resources/text/locations/gen8/text_swsh_60000_ko.txt,5fe763eba7512ad8220c6c1109eb4fbd40141af8,66,core_resources,extract_semantics_and_metadata
PKHeX.Core/Resources/text/locations/gen8/text_swsh_60000_zh-Hans.txt,7e76786093fc94577eb6a91fd7fc38c269033950,49,core_resources,extract_semantics_and_metadata
PKHeX.Core/Resources/text/locations/gen8/text_swsh_60000_zh-Hant.txt,bc87f55dc80409168a3ea9321fe5c0865a73be35,49,core_resources,extract_semantics_and_metadata
PKHeX.Core/Resources/text/locations/gen8a/text_la_00000_de.txt,0874353a90345e574c13f82f29bec6daadedf0fb,2221,core_resources,extract_semantics_and_metadata
PKHeX.Core/Resources/text/locations/gen8a/text_la_00000_en.txt,79c3b52eae802049bf3e8f20408f95a013d58579,2182,core_resources,extract_semantics_and_metadata
PKHeX.Core/Resources/text/locations/gen8a/text_la_00000_es-419.txt,2f2946cb3fd82e98ae6cd8609499600aa3338da6,2390,core_resources,extract_semantics_and_metadata
PKHeX.Core/Resources/text/locations/gen8a/text_la_00000_es.txt,4d6fc9e10255c79386d9adfcbc8e5ad472e5fd1f,2331,core_resources,extract_semantics_and_metadata
PKHeX.Core/Resources/text/locations/gen8a/text_la_00000_fr.txt,7e9a0ab64defa5dff531a4d9cd4e0cc7df0ce6f6,2507,core_resources,extract_semantics_and_metadata
PKHeX.Core/Resources/text/locations/gen8a/text_la_00000_it.txt,70092ffc43e6667ccbc16760c4b217a7c381a426,2468,core_resources,extract_semantics_and_metadata
PKHeX.Core/Resources/text/locations/gen8a/text_la_00000_ja.txt,fa10ac9b13a6e1ff9e261382662fa7d49ddfc197,3316,core_resources,extract_semantics_and_metadata
PKHeX.Core/Resources/text/locations/gen8a/text_la_00000_ko.txt,8163ac3b5d42140d9028687c9ba322bbb0dfeb7b,2280,core_resources,extract_semantics_and_metadata
PKHeX.Core/Resources/text/locations/gen8a/text_la_00000_zh-Hans.txt,0d7307a405cceac31e01369c5f6131178b66d0d6,1808,core_resources,extract_semantics_and_metadata
PKHeX.Core/Resources/text/locations/gen8a/text_la_00000_zh-Hant.txt,c352a3142d9f88a936cb4cc97cc85f60036d1224,1808,core_resources,extract_semantics_and_metadata
PKHeX.Core/Resources/text/locations/gen8a/text_la_30000_de.txt,f9b855b2f4e40b7c8fb3b5cdc20fc9caf5fa479e,308,core_resources,extract_semantics_and_metadata
PKHeX.Core/Resources/text/locations/gen8a/text_la_30000_en.txt,b01ad43bf5968bb4b2a80f2b6fc355cf4d413d03,353,core_resources,extract_semantics_and_metadata
PKHeX.Core/Resources/text/locations/gen8a/text_la_30000_es-419.txt,b9dc2bcab18af65067fc63774a6d5e386c531ef7,228,core_resources,extract_semantics_and_metadata
PKHeX.Core/Resources/text/locations/gen8a/text_la_30000_es.txt,7f702538681d2ba957cdb8e47508f727a0253d6b,236,core_resources,extract_semantics_and_metadata
PKHeX.Core/Resources/text/locations/gen8a/text_la_30000_fr.txt,9094d84b9580b0f427950cd73ce472f0487faded,220,core_resources,extract_semantics_and_metadata
PKHeX.Core/Resources/text/locations/gen8a/text_la_30000_it.txt,fd54348aebcaefb08c69e94726256200129e5bc5,196,core_resources,extract_semantics_and_metadata
PKHeX.Core/Resources/text/locations/gen8a/text_la_30000_ja.txt,457ee848643dc6bceddb1ad4d1b7e2a4bd313334,475,core_resources,extract_semantics_and_metadata
PKHeX.Core/Resources/text/locations/gen8a/text_la_30000_ko.txt,647214ca342b33b48cd7f7eb23d138c773fe796a,324,core_resources,extract_semantics_and_metadata
PKHeX.Core/Resources/text/locations/gen8a/text_la_30000_zh-Hans.txt,355b7ac4b532fdcf3d3dba78a73eb28d23208f53,322,core_resources,extract_semantics_and_metadata
PKHeX.Core/Resources/text/locations/gen8a/text_la_30000_zh-Hant.txt,93b7888bac3a6b11a4ef085760accfa1cf64cd27,319,core_resources,extract_semantics_and_metadata
PKHeX.Core/Resources/text/locations/gen8a/text_la_40000_de.txt,c6fc4a40558555d5b7620db62da2a78fccc987a0,1250,core_resources,extract_semantics_and_metadata
PKHeX.Core/Resources/text/locations/gen8a/text_la_40000_en.txt,edf6378f8a58edba29b7776cc6f1fa660c0d6d06,1257,core_resources,extract_semantics_and_metadata
PKHeX.Core/Resources/text/locations/gen8a/text_la_40000_es-419.txt,6ef2b5251e5f6149bf794c688e7d7cbddb3404d2,1345,core_resources,extract_semantics_and_metadata
PKHeX.Core/Resources/text/locations/gen8a/text_la_40000_es.txt,6e0cb118da612236520fd07fe43eaaf522735fe0,1327,core_resources,extract_semantics_and_metadata
PKHeX.Core/Resources/text/locations/gen8a/text_la_40000_fr.txt,76609309aa846f5592adf1a7fed2aa04dae86fcd,1375,core_resources,extract_semantics_and_metadata
PKHeX.Core/Resources/text/locations/gen8a/text_la_40000_it.txt,fba11758f351df3003108188bd2a57213a5201d5,1208,core_resources,extract_semantics_and_metadata
PKHeX.Core/Resources/text/locations/gen8a/text_la_40000_ja.txt,5d510c4d19fc4e6793fb08a23991f9ec31ee05d2,1827,core_resources,extract_semantics_and_metadata
PKHeX.Core/Resources/text/locations/gen8a/text_la_40000_ko.txt,942988ddad989bea1da5cdedaa684cab91ebc1a9,1146,core_resources,extract_semantics_and_metadata
PKHeX.Core/Resources/text/locations/gen8a/text_la_40000_zh-Hans.txt,80f5320646a4d9613432d9bf3ad8686083898157,1474,core_resources,extract_semantics_and_metadata
PKHeX.Core/Resources/text/locations/gen8a/text_la_40000_zh-Hant.txt,7137df4f52642ef144c2d775989895807be269e4,1482,core_resources,extract_semantics_and_metadata
PKHeX.Core/Resources/text/locations/gen8a/text_la_60000_de.txt,6d82d023f0c8aa0dc337947840ed53c72b981ad3,67,core_resources,extract_semantics_and_metadata
PKHeX.Core/Resources/text/locations/gen8a/text_la_60000_en.txt,ebc1954ad9126d7ac4e7c2832591cdb628d0b502,73,core_resources,extract_semantics_and_metadata
PKHeX.Core/Resources/text/locations/gen8a/text_la_60000_es-419.txt,cea5aefee294bc884e6d8c453f5d26d931cd0f73,68,core_resources,extract_semantics_and_metadata
PKHeX.Core/Resources/text/locations/gen8a/text_la_60000_es.txt,cea5aefee294bc884e6d8c453f5d26d931cd0f73,68,core_resources,extract_semantics_and_metadata
PKHeX.Core/Resources/text/locations/gen8a/text_la_60000_fr.txt,5b994fdfaefe9b8ffd63585ac7115d2395501067,92,core_resources,extract_semantics_and_metadata
PKHeX.Core/Resources/text/locations/gen8a/text_la_60000_it.txt,c9a0e46e353aca5e50c75d7eaa04e3cab1c8ec53,66,core_resources,extract_semantics_and_metadata
PKHeX.Core/Resources/text/locations/gen8a/text_la_60000_ja.txt,9e89927dec06b64567a444cc40c25b592ae29eb7,100,core_resources,extract_semantics_and_metadata
PKHeX.Core/Resources/text/locations/gen8a/text_la_60000_ko.txt,38cc06a9b4c7342892d78053fd2c711c537ba5a1,67,core_resources,extract_semantics_and_metadata
PKHeX.Core/Resources/text/locations/gen8a/text_la_60000_zh-Hans.txt,7e76786093fc94577eb6a91fd7fc38c269033950,49,core_resources,extract_semantics_and_metadata
PKHeX.Core/Resources/text/locations/gen8a/text_la_60000_zh-Hant.txt,bc87f55dc80409168a3ea9321fe5c0865a73be35,49,core_resources,extract_semantics_and_metadata
PKHeX.Core/Resources/text/locations/gen8b/text_bdsp_00000_de.txt,c3594f9c728c72b74e08e010a9f61a6b7a4005dc,10675,core_resources,extract_semantics_and_metadata
PKHeX.Core/Resources/text/locations/gen8b/text_bdsp_00000_en.txt,72a2e5a1a87682e7a1f86f612b17ba083040bc8f,11372,core_resources,extract_semantics_and_metadata
PKHeX.Core/Resources/text/locations/gen8b/text_bdsp_00000_es-419.txt,6b20362ea67075d8ed14e8a330cff32474a8e31e,12246,core_resources,extract_semantics_and_metadata
PKHeX.Core/Resources/text/locations/gen8b/text_bdsp_00000_es.txt,6b20362ea67075d8ed14e8a330cff32474a8e31e,12246,core_resources,extract_semantics_and_metadata
PKHeX.Core/Resources/text/locations/gen8b/text_bdsp_00000_fr.txt,655039efb1f9f9d96c17e173982d1e2008ebef47,12227,core_resources,extract_semantics_and_metadata
PKHeX.Core/Resources/text/locations/gen8b/text_bdsp_00000_it.txt,3bcad3ccb8df524b2ddfc6fd646186cbc47b1c13,12328,core_resources,extract_semantics_and_metadata
PKHeX.Core/Resources/text/locations/gen8b/text_bdsp_00000_ja.txt,a7486056b9881738f9e319d2b17be0607766fc10,18118,core_resources,extract_semantics_and_metadata
PKHeX.Core/Resources/text/locations/gen8b/text_bdsp_00000_ko.txt,c9e1d62b39154ea9a4979560a21346e1bfd3233b,11917,core_resources,extract_semantics_and_metadata
PKHeX.Core/Resources/text/locations/gen8b/text_bdsp_00000_zh-Hans.txt,3b6e4c0e668a46ebc04913d3b142ce7c4288244b,10702,core_resources,extract_semantics_and_metadata
PKHeX.Core/Resources/text/locations/gen8b/text_bdsp_00000_zh-Hant.txt,bc756fb03b8c4406bae5b6f29c282da7598f96f6,10702,core_resources,extract_semantics_and_metadata
PKHeX.Core/Resources/text/locations/gen8b/text_bdsp_30000_de.txt,e503ddbbe5bb6f588886272db5e0706614ef4cf3,297,core_resources,extract_semantics_and_metadata
PKHeX.Core/Resources/text/locations/gen8b/text_bdsp_30000_en.txt,38bc5247584acad89eb407b496e999080bff4f97,338,core_resources,extract_semantics_and_metadata
PKHeX.Core/Resources/text/locations/gen8b/text_bdsp_30000_es-419.txt,b6caf97d161bf2b069ac32db81e3bec968ca76ce,232,core_resources,extract_semantics_and_metadata
PKHeX.Core/Resources/text/locations/gen8b/text_bdsp_30000_es.txt,b6caf97d161bf2b069ac32db81e3bec968ca76ce,232,core_resources,extract_semantics_and_metadata
PKHeX.Core/Resources/text/locations/gen8b/text_bdsp_30000_fr.txt,ad3e02a2d9303fa81d594a337c7c32199777061e,216,core_resources,extract_semantics_and_metadata
PKHeX.Core/Resources/text/locations/gen8b/text_bdsp_30000_it.txt,b32df5c99a9107e89f047e831b2edd4d6e16d94c,192,core_resources,extract_semantics_and_metadata
PKHeX.Core/Resources/text/locations/gen8b/text_bdsp_30000_ja.txt,0e36b02d1f62dc3b8dcbef5efc0109ba305244ae,458,core_resources,extract_semantics_and_metadata
PKHeX.Core/Resources/text/locations/gen8b/text_bdsp_30000_ko.txt,5ee7d2448cb8e92179648bc653360da4df4c5294,310,core_resources,extract_semantics_and_metadata
PKHeX.Core/Resources/text/locations/gen8b/text_bdsp_30000_zh-Hans.txt,54ff682ee7439de87eb3e1a2fb91ff50f08a3e4a,311,core_resources,extract_semantics_and_metadata
PKHeX.Core/Resources/text/locations/gen8b/text_bdsp_30000_zh-Hant.txt,d0a3b62f3bb69152d8a29274a000b4396c695246,308,core_resources,extract_semantics_and_metadata
PKHeX.Core/Resources/text/locations/gen8b/text_bdsp_40000_de.txt,005bf779bd7a2be873e7929daa6256dc43aeb58f,1204,core_resources,extract_semantics_and_metadata
PKHeX.Core/Resources/text/locations/gen8b/text_bdsp_40000_en.txt,f924bce88ec890aa9f2d1d1ba28e9cc26e73a3cf,1211,core_resources,extract_semantics_and_metadata
PKHeX.Core/Resources/text/locations/gen8b/text_bdsp_40000_es-419.txt,76924a9fa1405fb3877b8845927b483dabce4765,1281,core_resources,extract_semantics_and_metadata
PKHeX.Core/Resources/text/locations/gen8b/text_bdsp_40000_es.txt,76924a9fa1405fb3877b8845927b483dabce4765,1281,core_resources,extract_semantics_and_metadata
PKHeX.Core/Resources/text/locations/gen8b/text_bdsp_40000_fr.txt,d337a33cb4ea9538b51c38390b372babe92c7706,1328,core_resources,extract_semantics_and_metadata
PKHeX.Core/Resources/text/locations/gen8b/text_bdsp_40000_it.txt,931b461ac14ade7f5c8a0dfc5bb746996f38c20f,1162,core_resources,extract_semantics_and_metadata
PKHeX.Core/Resources/text/locations/gen8b/text_bdsp_40000_ja.txt,e01db0443ec546af67d0158b5be98ea439eafa83,1781,core_resources,extract_semantics_and_metadata
PKHeX.Core/Resources/text/locations/gen8b/text_bdsp_40000_ko.txt,2439599b50d8dbe9579c13c6bf66f0a934f03a1c,1100,core_resources,extract_semantics_and_metadata
PKHeX.Core/Resources/text/locations/gen8b/text_bdsp_40000_zh-Hans.txt,80a89feb9844ab2715676e70796e248828b9eacb,1428,core_resources,extract_semantics_and_metadata
PKHeX.Core/Resources/text/locations/gen8b/text_bdsp_40000_zh-Hant.txt,1a4050e8c8ad1a4096917f02906eaac7a9a200be,1436,core_resources,extract_semantics_and_metadata
PKHeX.Core/Resources/text/locations/gen8b/text_bdsp_60000_de.txt,6f62cb6c8bffcdcbfff7bacf416113165cb8848c,112,core_resources,extract_semantics_and_metadata
PKHeX.Core/Resources/text/locations/gen8b/text_bdsp_60000_en.txt,5202de1e5ab5d4a2f72b352a3cd7999d8ec1374b,126,core_resources,extract_semantics_and_metadata
PKHeX.Core/Resources/text/locations/gen8b/text_bdsp_60000_es-419.txt,319e1110d71b11f0fd03efc597cb562770b3c3f2,122,core_resources,extract_semantics_and_metadata
PKHeX.Core/Resources/text/locations/gen8b/text_bdsp_60000_es.txt,319e1110d71b11f0fd03efc597cb562770b3c3f2,122,core_resources,extract_semantics_and_metadata
PKHeX.Core/Resources/text/locations/gen8b/text_bdsp_60000_fr.txt,3f28b1a7eb997d023a2063027282f59fc9dc5ef5,129,core_resources,extract_semantics_and_metadata
PKHeX.Core/Resources/text/locations/gen8b/text_bdsp_60000_it.txt,214279867dc43f593f551846206f7cdf03b52fb7,123,core_resources,extract_semantics_and_metadata
PKHeX.Core/Resources/text/locations/gen8b/text_bdsp_60000_ja.txt,75473d24a7cca1bd24b673473c85d099251b7008,182,core_resources,extract_semantics_and_metadata
PKHeX.Core/Resources/text/locations/gen8b/text_bdsp_60000_ko.txt,d95b154bde0de5e0e7a7695876b83c09a90c1762,133,core_resources,extract_semantics_and_metadata
PKHeX.Core/Resources/text/locations/gen8b/text_bdsp_60000_zh-Hans.txt,9afe12116081be4681e3d290cd4296d351467657,110,core_resources,extract_semantics_and_metadata
PKHeX.Core/Resources/text/locations/gen8b/text_bdsp_60000_zh-Hant.txt,c9ea5f0123b45cb6527a7dc0aac039c42e458b9d,110,core_resources,extract_semantics_and_metadata
PKHeX.Core/Resources/text/locations/gen9/text_sv_00000_de.txt,a54034681687279fe77d83310b31fd54f0c6757f,1922,core_resources,extract_semantics_and_metadata
PKHeX.Core/Resources/text/locations/gen9/text_sv_00000_en.txt,cf1ced511a09b4a903fe14d73601b0f9702c27a1,2055,core_resources,extract_semantics_and_metadata
PKHeX.Core/Resources/text/locations/gen9/text_sv_00000_es-419.txt,a6c4b619f00bd1ea60b20ef6aac78a80010dc09f,2032,core_resources,extract_semantics_and_metadata
PKHeX.Core/Resources/text/locations/gen9/text_sv_00000_es.txt,bac83414d8c51e9d27c83c93a04320d483e10f2c,2033,core_resources,extract_semantics_and_metadata
PKHeX.Core/Resources/text/locations/gen9/text_sv_00000_fr.txt,3d0709b10ee77c87a51fa65e415add293b383b9b,2016,core_resources,extract_semantics_and_metadata
PKHeX.Core/Resources/text/locations/gen9/text_sv_00000_it.txt,291f3c458c0b0deb86151cb5e472a3ced87e92ca,1931,core_resources,extract_semantics_and_metadata
PKHeX.Core/Resources/text/locations/gen9/text_sv_00000_ja.txt,a6998874c0110985494e54fe92b8b115c1691412,2433,core_resources,extract_semantics_and_metadata
PKHeX.Core/Resources/text/locations/gen9/text_sv_00000_ko.txt,1d7b0198533dbd2a04451ef0d49ee8dd8a9e81bc,2157,core_resources,extract_semantics_and_metadata
PKHeX.Core/Resources/text/locations/gen9/text_sv_00000_zh-Hans.txt,80fc1d78ee92506bda007c5e51e9a5dd08375e1e,1614,core_resources,extract_semantics_and_metadata
PKHeX.Core/Resources/text/locations/gen9/text_sv_00000_zh-Hant.txt,0e88256dbd52d9f86e5cc6aad0593113d3093c6a,1614,core_resources,extract_semantics_and_metadata
PKHeX.Core/Resources/text/locations/gen9/text_sv_30000_de.txt,00e7f342da383c843edcf9b767a4313569abb40e,332,core_resources,extract_semantics_and_metadata
PKHeX.Core/Resources/text/locations/gen9/text_sv_30000_en.txt,9b1eb847850897908d6a344968bff0f475b21c1e,379,core_resources,extract_semantics_and_metadata
PKHeX.Core/Resources/text/locations/gen9/text_sv_30000_es-419.txt,6f924d3757f38799da9d0b77e74a2219beddd641,253,core_resources,extract_semantics_and_metadata
PKHeX.Core/Resources/text/locations/gen9/text_sv_30000_es.txt,89ae68635a67846f4ade1c377778d5de818f531f,261,core_resources,extract_semantics_and_metadata
PKHeX.Core/Resources/text/locations/gen9/text_sv_30000_fr.txt,55c29344cdcc0d09df0d3410db92d151edd98ba1,250,core_resources,extract_semantics_and_metadata
PKHeX.Core/Resources/text/locations/gen9/text_sv_30000_it.txt,4dfebe6dd46a5a4b22287ae3b6b9a79ba613e46f,327,core_resources,extract_semantics_and_metadata
PKHeX.Core/Resources/text/locations/gen9/text_sv_30000_ja.txt,eee11d0574a2ba28ee6465fead52ce9c0d59c5b6,435,core_resources,extract_semantics_and_metadata
PKHeX.Core/Resources/text/locations/gen9/text_sv_30000_ko.txt,24a3be55428393e1828153e0a0f3ff5e6d7a2c6e,347,core_resources,extract_semantics_and_metadata
PKHeX.Core/Resources/text/locations/gen9/text_sv_30000_zh-Hans.txt,0646e44b6001917f7aec48f30949693cbd28457b,342,core_resources,extract_semantics_and_metadata
PKHeX.Core/Resources/text/locations/gen9/text_sv_30000_zh-Hant.txt,ec73d6f1e47b3a4e31d8e856f59bdfdc95782cf6,342,core_resources,extract_semantics_and_metadata
PKHeX.Core/Resources/text/locations/gen9/text_sv_40000_de.txt,dcda52bbaf1b3a0d1197a87bf3b6891736a22a43,1262,core_resources,extract_semantics_and_metadata
PKHeX.Core/Resources/text/locations/gen9/text_sv_40000_en.txt,f1efefcbf51abc793d427d6a39d61331dba28082,1269,core_resources,extract_semantics_and_metadata
PKHeX.Core/Resources/text/locations/gen9/text_sv_40000_es-419.txt,8badcc3c8164976260f20eef78ac8ed5c96dfefc,1357,core_resources,extract_semantics_and_metadata
PKHeX.Core/Resources/text/locations/gen9/text_sv_40000_es.txt,8badcc3c8164976260f20eef78ac8ed5c96dfefc,1357,core_resources,extract_semantics_and_metadata
PKHeX.Core/Resources/text/locations/gen9/text_sv_40000_fr.txt,04188b0f9dea5ae7e50c7fa53f1eb05a8eadaaa3,1386,core_resources,extract_semantics_and_metadata
PKHeX.Core/Resources/text/locations/gen9/text_sv_40000_it.txt,4e8b27a18f3700bb1c15d5f4d77d61a8fe3af0f8,1385,core_resources,extract_semantics_and_metadata
PKHeX.Core/Resources/text/locations/gen9/text_sv_40000_ja.txt,7736f5d8ee47dbbc4345fbbc3fdad92a28c1e5d6,1779,core_resources,extract_semantics_and_metadata
PKHeX.Core/Resources/text/locations/gen9/text_sv_40000_ko.txt,7d4a713aa84feca284203309bf28660f5ba54520,1158,core_resources,extract_semantics_and_metadata
PKHeX.Core/Resources/text/locations/gen9/text_sv_40000_zh-Hans.txt,2b4da155a2e82164382e9abe080ef02e4deecdc2,1486,core_resources,extract_semantics_and_metadata
PKHeX.Core/Resources/text/locations/gen9/text_sv_40000_zh-Hant.txt,0d3776e2988521b75bceff1109c8a34ccd24d76b,1486,core_resources,extract_semantics_and_metadata
PKHeX.Core/Resources/text/locations/gen9/text_sv_60000_de.txt,0e60878878fd39f3cbaf9cb9598f051393150cb0,71,core_resources,extract_semantics_and_metadata
PKHeX.Core/Resources/text/locations/gen9/text_sv_60000_en.txt,1baa36b8b3db59ca4e306ecf5e1cd7d59af60b28,84,core_resources,extract_semantics_and_metadata
PKHeX.Core/Resources/text/locations/gen9/text_sv_60000_es-419.txt,41f2351f3803eab8c3049bdfb643f7ab3bc658fb,74,core_resources,extract_semantics_and_metadata
PKHeX.Core/Resources/text/locations/gen9/text_sv_60000_es.txt,41f2351f3803eab8c3049bdfb643f7ab3bc658fb,74,core_resources,extract_semantics_and_metadata
PKHeX.Core/Resources/text/locations/gen9/text_sv_60000_fr.txt,456b1ab64938b44c630e1516b8fa10b9838a3492,97,core_resources,extract_semantics_and_metadata
PKHeX.Core/Resources/text/locations/gen9/text_sv_60000_it.txt,411e7c53c3fc575be5862f9b0f14d2ecb3f464bf,107,core_resources,extract_semantics_and_metadata
PKHeX.Core/Resources/text/locations/gen9/text_sv_60000_ja.txt,8941aea63f342f63a0ae4a041ee766c61d42fc4d,104,core_resources,extract_semantics_and_metadata
PKHeX.Core/Resources/text/locations/gen9/text_sv_60000_ko.txt,4c28dbad0afec5949aaf5c7f81aaa9a058cd07de,77,core_resources,extract_semantics_and_metadata
PKHeX.Core/Resources/text/locations/gen9/text_sv_60000_zh-Hans.txt,f9480bd25fd277b1506ee4fd5078933ff6908884,59,core_resources,extract_semantics_and_metadata
PKHeX.Core/Resources/text/locations/gen9/text_sv_60000_zh-Hant.txt,d819a2f1e50224047f641317bb597d9fc519303f,59,core_resources,extract_semantics_and_metadata
PKHeX.Core/Resources/text/locations/gen9a/text_za_00000_de.txt,da7b2800bdbbb98312b52c82334e7ccfc2ec40dd,3743,core_resources,extract_semantics_and_metadata
PKHeX.Core/Resources/text/locations/gen9a/text_za_00000_en.txt,412fddbcb8fb3e222d2c11e52e203011ba5e9192,3829,core_resources,extract_semantics_and_metadata
PKHeX.Core/Resources/text/locations/gen9a/text_za_00000_es-419.txt,ff801046a4e2a5fba268ef0eb122105b149a969b,4648,core_resources,extract_semantics_and_metadata
PKHeX.Core/Resources/text/locations/gen9a/text_za_00000_es.txt,612c8bc45918d0814cbd370b3402c58b39fc5807,4546,core_resources,extract_semantics_and_metadata
PKHeX.Core/Resources/text/locations/gen9a/text_za_00000_fr.txt,d749c54e157ab17f8497b2136b582a9bc8cbc505,4957,core_resources,extract_semantics_and_metadata
PKHeX.Core/Resources/text/locations/gen9a/text_za_00000_it.txt,99ea97527e07a423aa2358ff7cd8e41359b1aeae,5198,core_resources,extract_semantics_and_metadata
PKHeX.Core/Resources/text/locations/gen9a/text_za_00000_ja.txt,6a4c7f536ba0bc757f64417c9541c00b56643f8d,5982,core_resources,extract_semantics_and_metadata
PKHeX.Core/Resources/text/locations/gen9a/text_za_00000_ko.txt,62ccb6f3e7f0fd06191ab9e08eec21e06fabd8d6,4496,core_resources,extract_semantics_and_metadata
PKHeX.Core/Resources/text/locations/gen9a/text_za_00000_zh-Hans.txt,c66d3a72ae7507b81558ce5c88803ecfcdb6262b,4241,core_resources,extract_semantics_and_metadata
PKHeX.Core/Resources/text/locations/gen9a/text_za_00000_zh-Hant.txt,f3dc37ad6d8b9343361ec06bcc7df71136473923,4250,core_resources,extract_semantics_and_metadata
PKHeX.Core/Resources/text/locations/gen9a/text_za_30000_de.txt,89ebb7afbc440190e1983f68d0505d333f9f8866,505,core_resources,extract_semantics_and_metadata
PKHeX.Core/Resources/text/locations/gen9a/text_za_30000_en.txt,e9d8a3766311d7dd1410d320c708afee56fff607,569,core_resources,extract_semantics_and_metadata
PKHeX.Core/Resources/text/locations/gen9a/text_za_30000_es-419.txt,c06f76a7510cac4c068322e537d496c310a24cca,452,core_resources,extract_semantics_and_metadata
PKHeX.Core/Resources/text/locations/gen9a/text_za_30000_es.txt,88f07834c3e681690d499631dd2e7c7e66c65d52,466,core_resources,extract_semantics_and_metadata
PKHeX.Core/Resources/text/locations/gen9a/text_za_30000_fr.txt,a3b69e828cd7f55f4156b485b225ab0ef3cc42ed,461,core_resources,extract_semantics_and_metadata
PKHeX.Core/Resources/text/locations/gen9a/text_za_30000_it.txt,c92541c9f79db7f93edc499a6d528de041b63a5c,428,core_resources,extract_semantics_and_metadata
PKHeX.Core/Resources/text/locations/gen9a/text_za_30000_ja.txt,c9ff9a77b827300ab908c59ec0c779e77cd07040,678,core_resources,extract_semantics_and_metadata
PKHeX.Core/Resources/text/locations/gen9a/text_za_30000_ko.txt,94ec31779286fc8df680db6e759f0652e45a4cf2,549,core_resources,extract_semantics_and_metadata
PKHeX.Core/Resources/text/locations/gen9a/text_za_30000_zh-Hans.txt,3c1b2d92d362a9b6a817129f3b59e8208f4c3e26,533,core_resources,extract_semantics_and_metadata
PKHeX.Core/Resources/text/locations/gen9a/text_za_30000_zh-Hant.txt,1d47eef647eeba533c4145a7eb1e5cf1848aea17,533,core_resources,extract_semantics_and_metadata
PKHeX.Core/Resources/text/locations/gen9a/text_za_40000_de.txt,3a5cd9921bb6c27d43c32762df2beddbf001bcd2,1066,core_resources,extract_semantics_and_metadata
PKHeX.Core/Resources/text/locations/gen9a/text_za_40000_en.txt,519738d0a6dfd946ec288f65694cb21e714caa81,1078,core_resources,extract_semantics_and_metadata
PKHeX.Core/Resources/text/locations/gen9a/text_za_40000_es-419.txt,a2e1194ca7edd23edfa66bd6046d9e8a6868baa6,1722,core_resources,extract_semantics_and_metadata
PKHeX.Core/Resources/text/locations/gen9a/text_za_40000_es.txt,281a23f480dab5829fb58fd09a9887d9b567ed41,1152,core_resources,extract_semantics_and_metadata
PKHeX.Core/Resources/text/locations/gen9a/text_za_40000_fr.txt,1c357dec4bfbaceb470d32bac801b8bec2383d02,1175,core_resources,extract_semantics_and_metadata
PKHeX.Core/Resources/text/locations/gen9a/text_za_40000_it.txt,380663bf66b6c3e4fd87f05adb34737d0738d0a5,1004,core_resources,extract_semantics_and_metadata
PKHeX.Core/Resources/text/locations/gen9a/text_za_40000_ja.txt,6b1c1b2f2e643adc76aa18bb52b0e26ffb6f65e1,1518,core_resources,extract_semantics_and_metadata
PKHeX.Core/Resources/text/locations/gen9a/text_za_40000_ko.txt,2ab673f0317122be0c1ad5c2ce7b6f3fa375d27d,979,core_resources,extract_semantics_and_metadata
PKHeX.Core/Resources/text/locations/gen9a/text_za_40000_zh-Hans.txt,ac3cced47d81d5843fde25ccd475f44b8841aad0,1249,core_resources,extract_semantics_and_metadata
PKHeX.Core/Resources/text/locations/gen9a/text_za_40000_zh-Hant.txt,099d16bc19b445d67de52ec4f441175463517c1e,1249,core_resources,extract_semantics_and_metadata
PKHeX.Core/Resources/text/locations/gen9a/text_za_60000_de.txt,a66b2c9da58dcd3236099b12c4382d1bf312c62f,81,core_resources,extract_semantics_and_metadata
PKHeX.Core/Resources/text/locations/gen9a/text_za_60000_en.txt,a15b5dd282666924c6d31e0203867dc83b328a64,92,core_resources,extract_semantics_and_metadata
PKHeX.Core/Resources/text/locations/gen9a/text_za_60000_es-419.txt,bd5610b155eb0f6b45e30e3541191c572862a8f7,85,core_resources,extract_semantics_and_metadata
PKHeX.Core/Resources/text/locations/gen9a/text_za_60000_es.txt,bd5610b155eb0f6b45e30e3541191c572862a8f7,85,core_resources,extract_semantics_and_metadata
PKHeX.Core/Resources/text/locations/gen9a/text_za_60000_fr.txt,9c44b9f64069db52de7ec20488e78769d14f9c8f,100,core_resources,extract_semantics_and_metadata
PKHeX.Core/Resources/text/locations/gen9a/text_za_60000_it.txt,486456cb65eb4109f327604b3ffd35be47827a2e,77,core_resources,extract_semantics_and_metadata
PKHeX.Core/Resources/text/locations/gen9a/text_za_60000_ja.txt,73e48b6a6b1dae113ab12b7914292c413504d203,113,core_resources,extract_semantics_and_metadata
PKHeX.Core/Resources/text/locations/gen9a/text_za_60000_ko.txt,2aedee3e9f8fa9d33e4c0d415569c304eb443d81,80,core_resources,extract_semantics_and_metadata
PKHeX.Core/Resources/text/locations/gen9a/text_za_60000_zh-Hans.txt,d155c41a4c0ac2810bb319a67bc1cf50d50fa8b4,62,core_resources,extract_semantics_and_metadata
PKHeX.Core/Resources/text/locations/gen9a/text_za_60000_zh-Hant.txt,c47f66a439dccc86d4a368a61208f26083fdd198,62,core_resources,extract_semantics_and_metadata
PKHeX.Core/Resources/text/memories/feeling6/text_Feeling6_de.txt,cecf6cdf7d701397a6453884b1873a083fbfdde0,631,core_resources,extract_semantics_and_metadata
PKHeX.Core/Resources/text/memories/feeling6/text_Feeling6_en.txt,28df2e51ce9cd92ed6c6abeb6586ba6d7301aeda,452,core_resources,extract_semantics_and_metadata
PKHeX.Core/Resources/text/memories/feeling6/text_Feeling6_es-419.txt,3dc038c151eed01ce6a30078ca1f6c37385ecef6,653,core_resources,extract_semantics_and_metadata
PKHeX.Core/Resources/text/memories/feeling6/text_Feeling6_es.txt,3dc038c151eed01ce6a30078ca1f6c37385ecef6,653,core_resources,extract_semantics_and_metadata
PKHeX.Core/Resources/text/memories/feeling6/text_Feeling6_fr.txt,40f4c73df5619a7b2ab892ca0f72fb0122816e2f,625,core_resources,extract_semantics_and_metadata
PKHeX.Core/Resources/text/memories/feeling6/text_Feeling6_it.txt,e62e93fbb4c1707df86a27cb1a3782db15b163eb,576,core_resources,extract_semantics_and_metadata
PKHeX.Core/Resources/text/memories/feeling6/text_Feeling6_ja.txt,31379c409facba70bad2c31c01de37f73c13bb65,656,core_resources,extract_semantics_and_metadata
PKHeX.Core/Resources/text/memories/feeling6/text_Feeling6_ko.txt,31f1e916e5b5355918de9323459d6387f10df48d,558,core_resources,extract_semantics_and_metadata
PKHeX.Core/Resources/text/memories/feeling6/text_Feeling6_zh-Hans.txt,a031a0ffeab7a207a4db0e096962b92aa09cad47,608,core_resources,extract_semantics_and_metadata
PKHeX.Core/Resources/text/memories/feeling6/text_Feeling6_zh-Hant.txt,45955cc9c02ff42bc959871856a123331f1b0500,608,core_resources,extract_semantics_and_metadata
PKHeX.Core/Resources/text/memories/text_Feeling_de.txt,ef89156572fcc711616b678c8720a39da40cc944,626,core_resources,extract_semantics_and_metadata
PKHeX.Core/Resources/text/memories/text_Feeling_en.txt,7e734535d12497f344693f732312ad1dad5705b5,448,core_resources,extract_semantics_and_metadata
PKHeX.Core/Resources/text/memories/text_Feeling_es-419.txt,4d722080e29e2556281afebbcd63dc1cfbae3e6c,618,core_resources,extract_semantics_and_metadata
PKHeX.Core/Resources/text/memories/text_Feeling_es.txt,4d722080e29e2556281afebbcd63dc1cfbae3e6c,618,core_resources,extract_semantics_and_metadata
PKHeX.Core/Resources/text/memories/text_Feeling_fr.txt,93fc7f395d7fa1511593df4a113c2a817f101b35,621,core_resources,extract_semantics_and_metadata
PKHeX.Core/Resources/text/memories/text_Feeling_it.txt,af47ecd027c186fc266be9d9787aa1b8977be27a,587,core_resources,extract_semantics_and_metadata
PKHeX.Core/Resources/text/memories/text_Feeling_ja.txt,4a411c80efdf1887078315e8db08b6fc1746d1cb,651,core_resources,extract_semantics_and_metadata
PKHeX.Core/Resources/text/memories/text_Feeling_ko.txt,c4f1f385ad308aaa6db0fde63a7bbe933c19e8a1,532,core_resources,extract_semantics_and_metadata
PKHeX.Core/Resources/text/memories/text_Feeling_zh-Hans.txt,12a1a4acadea848d811375524facb6e138f2601c,606,core_resources,extract_semantics_and_metadata
PKHeX.Core/Resources/text/memories/text_Feeling_zh-Hant.txt,5f49b1d01624bb47a5a8c960e5dddbaf625f039f,606,core_resources,extract_semantics_and_metadata
PKHeX.Core/Resources/text/memories/text_GenLoc_de.txt,4074e64ee58464b366954796c43981ea7b91d81c,1818,core_resources,extract_semantics_and_metadata
PKHeX.Core/Resources/text/memories/text_GenLoc_en.txt,5c6c59ccf6be55633e07cfd9511b5a6e8417fcd7,1410,core_resources,extract_semantics_and_metadata
PKHeX.Core/Resources/text/memories/text_GenLoc_es-419.txt,3e1b2be471dbc04b246f9e7ec63a4f8e5a47eb8f,1438,core_resources,extract_semantics_and_metadata
PKHeX.Core/Resources/text/memories/text_GenLoc_es.txt,3e1b2be471dbc04b246f9e7ec63a4f8e5a47eb8f,1438,core_resources,extract_semantics_and_metadata
PKHeX.Core/Resources/text/memories/text_GenLoc_fr.txt,bc2e314ae784f903abb0032ff4de4a5a03ee1952,1829,core_resources,extract_semantics_and_metadata
PKHeX.Core/Resources/text/memories/text_GenLoc_it.txt,6059e486b54aae8bd2e45be6e67592ed104a825b,1733,core_resources,extract_semantics_and_metadata
PKHeX.Core/Resources/text/memories/text_GenLoc_ja.txt,107b0abb64b074a2bd051fa9e10657c126df84ff,1645,core_resources,extract_semantics_and_metadata
PKHeX.Core/Resources/text/memories/text_GenLoc_ko.txt,e0af97cf2dbd8748f11fbbbd16a5a9674e905f0f,1195,core_resources,extract_semantics_and_metadata
PKHeX.Core/Resources/text/memories/text_GenLoc_zh-Hans.txt,7082286bbe71d2a1c157ad4d1a92d0eb96ef8f92,1057,core_resources,extract_semantics_and_metadata
PKHeX.Core/Resources/text/memories/text_GenLoc_zh-Hant.txt,186330b03f1ee503303d1861188a484e009e1af4,1057,core_resources,extract_semantics_and_metadata
PKHeX.Core/Resources/text/memories/text_Intensity_de.txt,00fd65f93b29729eb6bf9031592fb81626e494c7,214,core_resources,extract_semantics_and_metadata
PKHeX.Core/Resources/text/memories/text_Intensity_en.txt,51f53ce8fb2d4581d06c7d757ebaf839baaea385,187,core_resources,extract_semantics_and_metadata
PKHeX.Core/Resources/text/memories/text_Intensity_es-419.txt,c8d331791c34affd5567819b7e68849f24336c96,241,core_resources,extract_semantics_and_metadata
PKHeX.Core/Resources/text/memories/text_Intensity_es.txt,c8d331791c34affd5567819b7e68849f24336c96,241,core_resources,extract_semantics_and_metadata
PKHeX.Core/Resources/text/memories/text_Intensity_fr.txt,fb65e42246b0d7bd42dcd0bf9b2372deeab98c91,182,core_resources,extract_semantics_and_metadata
PKHeX.Core/Resources/text/memories/text_Intensity_it.txt,7e9f4d8f1111b22114702453a6f4612de5c4c43e,207,core_resources,extract_semantics_and_metadata
PKHeX.Core/Resources/text/memories/text_Intensity_ja.txt,420a4024d74c199a7da5bb692928866f611985f6,256,core_resources,extract_semantics_and_metadata
PKHeX.Core/Resources/text/memories/text_Intensity_ko.txt,3a496d8aa169dfa7e795b4936db0c5301b01e2a5,189,core_resources,extract_semantics_and_metadata
PKHeX.Core/Resources/text/memories/text_Intensity_zh-Hans.txt,6cdff18c565f055783ad8609343fbf7fd25a5178,184,core_resources,extract_semantics_and_metadata
PKHeX.Core/Resources/text/memories/text_Intensity_zh-Hant.txt,7bc043d2681216ca9e1973c79ab9dc33f0698445,178,core_resources,extract_semantics_and_metadata
PKHeX.Core/Resources/text/memories/text_Memories_de.txt,32f607647bbe393609b27fdb5bac5d9350ffd27e,7388,core_resources,extract_semantics_and_metadata
PKHeX.Core/Resources/text/memories/text_Memories_en.txt,64fcc91cd7adce76d4d38c73a6933db8ec9dfbde,6461,core_resources,extract_semantics_and_metadata
PKHeX.Core/Resources/text/memories/text_Memories_es-419.txt,5d6b584ac215f88da5254c2c0f173e7b49a01b31,7339,core_resources,extract_semantics_and_metadata
PKHeX.Core/Resources/text/memories/text_Memories_es.txt,5d6b584ac215f88da5254c2c0f173e7b49a01b31,7339,core_resources,extract_semantics_and_metadata
PKHeX.Core/Resources/text/memories/text_Memories_fr.txt,5bf8dd45d726ff3ca5c887d876cafc295ce5fa75,6793,core_resources,extract_semantics_and_metadata
PKHeX.Core/Resources/text/memories/text_Memories_it.txt,435e216dd5b698d999500a98bf9b3c01a6a0f750,7436,core_resources,extract_semantics_and_metadata
PKHeX.Core/Resources/text/memories/text_Memories_ja.txt,c19d575c5ab12c8c8db0cb686e75ec5b40b2cc41,9645,core_resources,extract_semantics_and_metadata
PKHeX.Core/Resources/text/memories/text_Memories_ko.txt,70c379c8e2b97edda21ea23ceb26873665220444,6656,core_resources,extract_semantics_and_metadata
PKHeX.Core/Resources/text/memories/text_Memories_zh-Hans.txt,cfb4a68e572bde19f28aecfee4d05a9cfbe8e136,6050,core_resources,extract_semantics_and_metadata
PKHeX.Core/Resources/text/memories/text_Memories_zh-Hant.txt,f2b5316cb248fdabb8d1d347dceec59f4cc9d2dd,6062,core_resources,extract_semantics_and_metadata
PKHeX.Core/Resources/text/other/de/text_Abilities_de.txt,a3ca0aa86c1391f8255831d10773d29fb0d2cb6b,3665,core_resources,extract_semantics_and_metadata
PKHeX.Core/Resources/text/other/de/text_Character_de.txt,ec10879e34e1210218607cdabf4d481c88597d1d,651,core_resources,extract_semantics_and_metadata
PKHeX.Core/Resources/text/other/de/text_Forms_de.txt,9658eaa0cb4cd5cb54ec3bc0db42b95c1f3d7d3b,3309,core_resources,extract_semantics_and_metadata
PKHeX.Core/Resources/text/other/de/text_Games_de.txt,a422d8a657dd7582f51cda4ca30d53712610c1de,449,core_resources,extract_semantics_and_metadata
PKHeX.Core/Resources/text/other/de/text_GroundTile_de.txt,be510a7744b5717fa11b72347b61f740504b8d9c,121,core_resources,extract_semantics_and_metadata
PKHeX.Core/Resources/text/other/de/text_Language_de.txt,f52ad7fd7443e352ead3c8df83a5e5a45c515d83,167,core_resources,extract_semantics_and_metadata
PKHeX.Core/Resources/text/other/de/text_Moves_de.txt,dcd3c85024ef6db1b436b61a52986df9fe686f64,11175,core_resources,extract_semantics_and_metadata
PKHeX.Core/Resources/text/other/de/text_Natures_de.txt,790bbbea3d45d0f0473919d520b3b83b6cfce925,155,core_resources,extract_semantics_and_metadata
PKHeX.Core/Resources/text/other/de/text_Pokeblock_de.txt,4e2e548b725878419ec3237d4d218c9aebc6d3b9,1730,core_resources,extract_semantics_and_metadata
PKHeX.Core/Resources/text/other/de/text_Puff_de.txt,6a538b4bc48953695e4bfc2c87dcd344e42c69f5,532,core_resources,extract_semantics_and_metadata
PKHeX.Core/Resources/text/other/de/text_Ribbons_de.txt,7bdfbf87aa99d39cbf301dc53ba521e3f52e8d02,5272,core_resources,extract_semantics_and_metadata
PKHeX.Core/Resources/text/other/de/text_Species_de.txt,42c57c0a1a3c85e168b5a18d1fee097a6c17e81c,8897,core_resources,extract_semantics_and_metadata
PKHeX.Core/Resources/text/other/de/text_SuperTraining_de.txt,1672c2be7e0fae6fcc897c4f5b94fbccdecd5f52,1289,core_resources,extract_semantics_and_metadata
PKHeX.Core/Resources/text/other/de/text_TrainingBag_de.txt,d64a4665b7f2516447788cfa9f6cdd8f6f2fe43a,354,core_resources,extract_semantics_and_metadata
PKHeX.Core/Resources/text/other/de/text_Types_de.txt,4d1d8e85f902cc9023e0651916e03fda4a63188d,122,core_resources,extract_semantics_and_metadata
PKHeX.Core/Resources/text/other/de/text_Wallpaper_de.txt,1d9c4f7bd94e47929cffaf16847a754226ee38c8,362,core_resources,extract_semantics_and_metadata
PKHeX.Core/Resources/text/other/en/text_Abilities_en.txt,67c446f3ad7498757b8372ae296156286d679abc,3450,core_resources,extract_semantics_and_metadata
PKHeX.Core/Resources/text/other/en/text_Character_en.txt,dbc5a34def4bdaeb6ecd431acdcb286bdf9a6d47,719,core_resources,extract_semantics_and_metadata
PKHeX.Core/Resources/text/other/en/text_Forms_en.txt,6bcf213108ee164a732012ef23c255f8ff0e60ee,3136,core_resources,extract_semantics_and_metadata
PKHeX.Core/Resources/text/other/en/text_Games_en.txt,3053b34f0ce0b179a9ae6c9b2fa8dd3f5181df47,414,core_resources,extract_semantics_and_metadata
PKHeX.Core/Resources/text/other/en/text_GroundTile_en.txt,58e76b3134a2f177e892cd0f14d0d64df70482e4,114,core_resources,extract_semantics_and_metadata
PKHeX.Core/Resources/text/other/en/text_Language_en.txt,d648751934d3282e0141c9656b067bba206cc457,164,core_resources,extract_semantics_and_metadata
PKHeX.Core/Resources/text/other/en/text_Moves_en.txt,17422ea5baa2cc2f600d5c7a18edaba132cf11e5,10599,core_resources,extract_semantics_and_metadata
PKHeX.Core/Resources/text/other/en/text_Natures_en.txt,94a4f4b196dbc4325521931fc964f098f6fc9083,161,core_resources,extract_semantics_and_metadata
PKHeX.Core/Resources/text/other/en/text_Pokeblock_en.txt,5de05b875ce379cf448bb5f25b8f53a85379204d,1522,core_resources,extract_semantics_and_metadata
PKHeX.Core/Resources/text/other/en/text_Puff_en.txt,7371757442c9bc5d6f16f9424297d140d1f94c68,598,core_resources,extract_semantics_and_metadata
PKHeX.Core/Resources/text/other/en/text_Ribbons_en.txt,4abaa44102bc53f80d781cfc049ff7c034beeb34,4857,core_resources,extract_semantics_and_metadata
PKHeX.Core/Resources/text/other/en/text_Species_en.txt,5813bf8ce718554d868b6b103a9520f808795ddb,8903,core_resources,extract_semantics_and_metadata
PKHeX.Core/Resources/text/other/en/text_SuperTraining_en.txt,70248dd25a40e896e2d869ad86e8d58c82c4b07b,1221,core_resources,extract_semantics_and_metadata
PKHeX.Core/Resources/text/other/en/text_TrainingBag_en.txt,4b291eb93e790f1bd64d6fb764c9e6bca7840f6d,335,core_resources,extract_semantics_and_metadata
PKHeX.Core/Resources/text/other/en/text_Types_en.txt,10327719505e27f3cd5cfd345ea83bb3764f6de7,121,core_resources,extract_semantics_and_metadata
PKHeX.Core/Resources/text/other/en/text_Wallpaper_en.txt,69132267486d7d058222e8bdd1b76736fb1c8ea0,276,core_resources,extract_semantics_and_metadata
PKHeX.Core/Resources/text/other/es-419/text_Abilities_es-419.txt,bd0490e841dd1c572dfcd8985491df2b36017e1c,3783,core_resources,extract_semantics_and_metadata
PKHeX.Core/Resources/text/other/es-419/text_Character_es-419.txt,7dd5d34e166782bbadc206f8b43fa03897b12478,733,core_resources,extract_semantics_and_metadata
PKHeX.Core/Resources/text/other/es-419/text_Forms_es-419.txt,7bc8f3567b8f1d9f37dbdcd880b7576e3b7b2e97,3327,core_resources,extract_semantics_and_metadata
PKHeX.Core/Resources/text/other/es-419/text_Games_es-419.txt,123ea066625b861fb5f8508003b33c3d760c471e,440,core_resources,extract_semantics_and_metadata
PKHeX.Core/Resources/text/other/es-419/text_GroundTile_es-419.txt,49d92374a1d697c40f679e1e858d67dab4bba200,134,core_resources,extract_semantics_and_metadata
PKHeX.Core/Resources/text/other/es-419/text_Language_es-419.txt,d648751934d3282e0141c9656b067bba206cc457,164,core_resources,extract_semantics_and_metadata
PKHeX.Core/Resources/text/other/es-419/text_Moves_es-419.txt,c95968a4343d69e001e6d048cac0f596f5008d0c,11943,core_resources,extract_semantics_and_metadata
PKHeX.Core/Resources/text/other/es-419/text_Natures_es-419.txt,a870c19111b0e78eedb4c680a683402ba6ab9d8c,193,core_resources,extract_semantics_and_metadata
PKHeX.Core/Resources/text/other/es-419/text_Pokeblock_es-419.txt,f5b98750749741f98f3be5f3616cd375e8ea2121,1668,core_resources,extract_semantics_and_metadata
PKHeX.Core/Resources/text/other/es-419/text_Puff_es-419.txt,49211ca561c519cd22cc3d4a813d3deaeb5fe002,573,core_resources,extract_semantics_and_metadata
PKHeX.Core/Resources/text/other/es-419/text_Ribbons_es-419.txt,f460cfb1f7f96484896086cf0c331957cddc7cf6,5346,core_resources,extract_semantics_and_metadata
PKHeX.Core/Resources/text/other/es-419/text_Species_es-419.txt,54d06f4baa2bee66e7be4d04849896a6eb52e830,8883,core_resources,extract_semantics_and_metadata
PKHeX.Core/Resources/text/other/es-419/text_SuperTraining_es-419.txt,77d96d9959b1b7c7c9f1944a9ee7c86e01be5292,1321,core_resources,extract_semantics_and_metadata
PKHeX.Core/Resources/text/other/es-419/text_TrainingBag_es-419.txt,6408b426b561337b6261d3cd2615417db1bb8242,384,core_resources,extract_semantics_and_metadata
PKHeX.Core/Resources/text/other/es-419/text_Types_es-419.txt,bd6f76df7cb62af83c5afa8bb14d203b0fe1952e,137,core_resources,extract_semantics_and_metadata
PKHeX.Core/Resources/text/other/es-419/text_Wallpaper_es-419.txt,a4a70686d837e472b33fa87c2e77b7b8702f00ce,305,core_resources,extract_semantics_and_metadata
PKHeX.Core/Resources/text/other/es/text_Abilities_es.txt,44a63809a546a1bc8ae2ee717cf777f981ba61dd,3715,core_resources,extract_semantics_and_metadata
PKHeX.Core/Resources/text/other/es/text_Character_es.txt,f0d27534c4acc2c45825cdceabe9d5eb8b8b413f,721,core_resources,extract_semantics_and_metadata
PKHeX.Core/Resources/text/other/es/text_Forms_es.txt,733e6c774893aa66ef54896363c6876d58a19788,3320,core_resources,extract_semantics_and_metadata
PKHeX.Core/Resources/text/other/es/text_Games_es.txt,123ea066625b861fb5f8508003b33c3d760c471e,440,core_resources,extract_semantics_and_metadata
PKHeX.Core/Resources/text/other/es/text_GroundTile_es.txt,49d92374a1d697c40f679e1e858d67dab4bba200,134,core_resources,extract_semantics_and_metadata
PKHeX.Core/Resources/text/other/es/text_Language_es.txt,f52ad7fd7443e352ead3c8df83a5e5a45c515d83,167,core_resources,extract_semantics_and_metadata
PKHeX.Core/Resources/text/other/es/text_Moves_es.txt,8c63b2917e2297c3df7aa3647d8341998e8bb681,11504,core_resources,extract_semantics_and_metadata
PKHeX.Core/Resources/text/other/es/text_Natures_es.txt,94cf69252098f5b420919693eca62ffe32ff62ca,176,core_resources,extract_semantics_and_metadata
PKHeX.Core/Resources/text/other/es/text_Pokeblock_es.txt,f5b98750749741f98f3be5f3616cd375e8ea2121,1668,core_resources,extract_semantics_and_metadata
PKHeX.Core/Resources/text/other/es/text_Puff_es.txt,49211ca561c519cd22cc3d4a813d3deaeb5fe002,573,core_resources,extract_semantics_and_metadata
PKHeX.Core/Resources/text/other/es/text_Ribbons_es.txt,cae922d182c529a44d5e2c3e347203d5887068bf,5334,core_resources,extract_semantics_and_metadata
PKHeX.Core/Resources/text/other/es/text_Species_es.txt,54d06f4baa2bee66e7be4d04849896a6eb52e830,8883,core_resources,extract_semantics_and_metadata
PKHeX.Core/Resources/text/other/es/text_SuperTraining_es.txt,77d96d9959b1b7c7c9f1944a9ee7c86e01be5292,1321,core_resources,extract_semantics_and_metadata
PKHeX.Core/Resources/text/other/es/text_TrainingBag_es.txt,6408b426b561337b6261d3cd2615417db1bb8242,384,core_resources,extract_semantics_and_metadata
PKHeX.Core/Resources/text/other/es/text_Types_es.txt,0b9cb021ff5cf470583d8675a4aa4c3fa4dbce18,135,core_resources,extract_semantics_and_metadata
PKHeX.Core/Resources/text/other/es/text_Wallpaper_es.txt,a4a70686d837e472b33fa87c2e77b7b8702f00ce,305,core_resources,extract_semantics_and_metadata
PKHeX.Core/Resources/text/other/fr/text_Abilities_fr.txt,353d63adf3d3e5f7f79046599f0e922de0efbf99,3760,core_resources,extract_semantics_and_metadata
PKHeX.Core/Resources/text/other/fr/text_Character_fr.txt,0632d6b607cbdc397cc4a2f649711476fa66c485,722,core_resources,extract_semantics_and_metadata
PKHeX.Core/Resources/text/other/fr/text_Forms_fr.txt,b606c7b3bf5b00cdbab909f660ffee1cbe6e8005,3361,core_resources,extract_semantics_and_metadata
PKHeX.Core/Resources/text/other/fr/text_Games_fr.txt,0a0deacd618582602b72e70d9838665c9074c9c5,454,core_resources,extract_semantics_and_metadata
PKHeX.Core/Resources/text/other/fr/text_GroundTile_fr.txt,76d8731098cdf9a12abac4b26d24b4a18f96c9bb,133,core_resources,extract_semantics_and_metadata
PKHeX.Core/Resources/text/other/fr/text_Language_fr.txt,f52ad7fd7443e352ead3c8df83a5e5a45c515d83,167,core_resources,extract_semantics_and_metadata
PKHeX.Core/Resources/text/other/fr/text_Moves_fr.txt,6a54f2c27f029300d565f532d5c47e7fc45762a1,11495,core_resources,extract_semantics_and_metadata
PKHeX.Core/Resources/text/other/fr/text_Natures_fr.txt,d08a857a078fbf03f47c75c22231fe0b7f1a67bb,175,core_resources,extract_semantics_and_metadata
PKHeX.Core/Resources/text/other/fr/text_Pokeblock_fr.txt,3ce37b19ffd7c2edfb2cc5afe2bd490b9cf9481e,1658,core_resources,extract_semantics_and_metadata
PKHeX.Core/Resources/text/other/fr/text_Puff_fr.txt,bdcde2f0891ef733bf0e6ea96ceb649a295d5cb8,627,core_resources,extract_semantics_and_metadata
PKHeX.Core/Resources/text/other/fr/text_Ribbons_fr.txt,3c5595ea3a5ba39b509c48810f1dffe83204526d,5355,core_resources,extract_semantics_and_metadata
PKHeX.Core/Resources/text/other/fr/text_Species_fr.txt,1b4548215ac6809307c4a719a2e08e11338386b1,9678,core_resources,extract_semantics_and_metadata
PKHeX.Core/Resources/text/other/fr/text_SuperTraining_fr.txt,89c2994c97632ab8b8eecf56e19e6c30a7ae85eb,1140,core_resources,extract_semantics_and_metadata
PKHeX.Core/Resources/text/other/fr/text_TrainingBag_fr.txt,3293f5793c0a3069d5211446cec9d07b61e8f3bc,370,core_resources,extract_semantics_and_metadata
PKHeX.Core/Resources/text/other/fr/text_Types_fr.txt,d2aeb8b8fbc88ca511540ae2a1f790095d89b31e,124,core_resources,extract_semantics_and_metadata
PKHeX.Core/Resources/text/other/fr/text_Wallpaper_fr.txt,1f0fd968b6760a5721924c6a5017065b9e459d53,295,core_resources,extract_semantics_and_metadata
PKHeX.Core/Resources/text/other/it/text_Abilities_it.txt,8fa25147419500b881bfd0e47f3ac7438374fe45,3619,core_resources,extract_semantics_and_metadata
PKHeX.Core/Resources/text/other/it/text_Character_it.txt,3d46f5029bb703f815153e76017dca625f631179,639,core_resources,extract_semantics_and_metadata
PKHeX.Core/Resources/text/other/it/text_Forms_it.txt,604d85e05b1b829264d0f60f3a95abadfe3c7ee4,3414,core_resources,extract_semantics_and_metadata
PKHeX.Core/Resources/text/other/it/text_Games_it.txt,ce1fd0707e75c3f4b33df68fc5b4f143f914b38a,446,core_resources,extract_semantics_and_metadata
PKHeX.Core/Resources/text/other/it/text_GroundTile_it.txt,45c861915e4f17d4145d4a97856c2d8735e5e5c3,133,core_resources,extract_semantics_and_metadata
PKHeX.Core/Resources/text/other/it/text_Language_it.txt,f52ad7fd7443e352ead3c8df83a5e5a45c515d83,167,core_resources,extract_semantics_and_metadata
PKHeX.Core/Resources/text/other/it/text_Moves_it.txt,7a473cb21823d870b47e9166b377948e988433cf,11119,core_resources,extract_semantics_and_metadata
PKHeX.Core/Resources/text/other/it/text_Natures_it.txt,a7660559450928460996e61e598c3f665ab03e72,176,core_resources,extract_semantics_and_metadata
PKHeX.Core/Resources/text/other/it/text_Pokeblock_it.txt,b80b5c44f6c2f91426e44638d07ee326386b0e5e,1571,core_resources,extract_semantics_and_metadata
PKHeX.Core/Resources/text/other/it/text_Puff_it.txt,8d7d703e7bb5a0912e7e43ffa8e5ec59f1d8c40b,601,core_resources,extract_semantics_and_metadata
PKHeX.Core/Resources/text/other/it/text_Ribbons_it.txt,a5ffb6dbb4007ee064cc2e21d625846fbb7093aa,5524,core_resources,extract_semantics_and_metadata
PKHeX.Core/Resources/text/other/it/text_Species_it.txt,817e5436b917a8308016673ec9ede7965ab6fdfb,8898,core_resources,extract_semantics_and_metadata
PKHeX.Core/Resources/text/other/it/text_SuperTraining_it.txt,05e561ad4a7253331520ae10e8b33c8d76754064,1236,core_resources,extract_semantics_and_metadata
PKHeX.Core/Resources/text/other/it/text_TrainingBag_it.txt,5adb8ef3f1d9ab18d032fe11711b38013eee2c2b,413,core_resources,extract_semantics_and_metadata
PKHeX.Core/Resources/text/other/it/text_Types_it.txt,309fdc8340682d2d5e8c7071da5d4bdcffd133fb,136,core_resources,extract_semantics_and_metadata
PKHeX.Core/Resources/text/other/it/text_Wallpaper_it.txt,6f21a660bce624c5fb3c22d4c2987b6482efbb56,310,core_resources,extract_semantics_and_metadata
PKHeX.Core/Resources/text/other/ja/text_Abilities_ja.txt,745f6bb4088d72cee4316fc7ac6e92cf3fb2c8c1,5611,core_resources,extract_semantics_and_metadata
PKHeX.Core/Resources/text/other/ja/text_Character_ja.txt,212f7629b6a1e88f74d8e5c222244fbf2edb5714,800,core_resources,extract_semantics_and_metadata
PKHeX.Core/Resources/text/other/ja/text_Forms_ja.txt,91b182274eaa1275fa540c0c37f0d8b3f9392a44,7768,core_resources,extract_semantics_and_metadata
PKHeX.Core/Resources/text/other/ja/text_Games_ja.txt,42ff0421301d6167d3c12bc2c51ce91577e45a95,692,core_resources,extract_semantics_and_metadata
PKHeX.Core/Resources/text/other/ja/text_GroundTile_ja.txt,a07493cb56da20c47d6a6c3009fa8f996bac9707,130,core_resources,extract_semantics_and_metadata
PKHeX.Core/Resources/text/other/ja/text_Language_ja.txt,f52ad7fd7443e352ead3c8df83a5e5a45c515d83,167,core_resources,extract_semantics_and_metadata
PKHeX.Core/Resources/text/other/ja/text_Moves_ja.txt,bbfa15bc7fb0c887c4ca6e5afd3ce02b698873ff,18371,core_resources,extract_semantics_and_metadata
PKHeX.Core/Resources/text/other/ja/text_Natures_ja.txt,85f6ddbd150685f06c8b006ff0dd3ce0b0e85509,333,core_resources,extract_semantics_and_metadata
PKHeX.Core/Resources/text/other/ja/text_Pokeblock_ja.txt,bee9f1a7a8fb4f00c26d825625d893895e49c1e0,2135,core_resources,extract_semantics_and_metadata
PKHeX.Core/Resources/text/other/ja/text_Puff_ja.txt,abc7e21102576e37c05d6953618c58a6f8f553c5,761,core_resources,extract_semantics_and_metadata
PKHeX.Core/Resources/text/other/ja/text_Ribbons_ja.txt,92a22cf936d6e97e3d4038e6ab9766a0feffa7c6,7882,core_resources,extract_semantics_and_metadata
PKHeX.Core/Resources/text/other/ja/text_Species_ja.txt,755bb631c5ee7a9b0403413a20b35b6e8db06323,15398,core_resources,extract_semantics_and_metadata
PKHeX.Core/Resources/text/other/ja/text_SuperTraining_ja.txt,db0aa55d395c29e469782a66a67cffc68135ab29,1718,core_resources,extract_semantics_and_metadata
PKHeX.Core/Resources/text/other/ja/text_TrainingBag_ja.txt,2b41b1570e3bbeb7fe12d850a4ed8f8a99ec9551,561,core_resources,extract_semantics_and_metadata
PKHeX.Core/Resources/text/other/ja/text_Types_ja.txt,402674d130aa44f192fa38ae6e7cffb2618eee4f,192,core_resources,extract_semantics_and_metadata
PKHeX.Core/Resources/text/other/ja/text_Wallpaper_ja.txt,93f117da6166eb08fb274c2aa35fe52818521b05,502,core_resources,extract_semantics_and_metadata
PKHeX.Core/Resources/text/other/ko/text_Abilities_ko.txt,ffd39a4f5b3e9ec78bbc51677b2ec7c75b7056f5,3832,core_resources,extract_semantics_and_metadata
PKHeX.Core/Resources/text/other/ko/text_Character_ko.txt,7a3582a57f56dbb34d941e9686a626c5721b1cfc,687,core_resources,extract_semantics_and_metadata
PKHeX.Core/Resources/text/other/ko/text_Forms_ko.txt,5305e7e380892ab84ef5ce29afa8e1ac92e681b3,5730,core_resources,extract_semantics_and_metadata
PKHeX.Core/Resources/text/other/ko/text_Games_ko.txt,c27c66514cf5afb649291c2041bbce54dee8c39f,541,core_resources,extract_semantics_and_metadata
PKHeX.Core/Resources/text/other/ko/text_GroundTile_ko.txt,f3369875e7fe3b9da371034361e9910403d93c90,120,core_resources,extract_semantics_and_metadata
PKHeX.Core/Resources/text/other/ko/text_Language_ko.txt,f52ad7fd7443e352ead3c8df83a5e5a45c515d83,167,core_resources,extract_semantics_and_metadata
PKHeX.Core/Resources/text/other/ko/text_Moves_ko.txt,64d393b78d6fb6018b02cb89a94353305a6bb24f,12987,core_resources,extract_semantics_and_metadata
PKHeX.Core/Resources/text/other/ko/text_Natures_ko.txt,e8f18f4308c422fefc9bdb2b877ba4207d8b7531,210,core_resources,extract_semantics_and_metadata
PKHeX.Core/Resources/text/other/ko/text_Pokeblock_ko.txt,a56c74ebb6c954f6c8e1ed9eef7f0b20483a2f83,1970,core_resources,extract_semantics_and_metadata
PKHeX.Core/Resources/text/other/ko/text_Puff_ko.txt,f0cae4cde38396fe74e6f1df1fc4c3ecf5c850a6,647,core_resources,extract_semantics_and_metadata
PKHeX.Core/Resources/text/other/ko/text_Ribbons_ko.txt,185246a0af7f7b5eefa780b4c80df2ddd7539d9d,6123,core_resources,extract_semantics_and_metadata
PKHeX.Core/Resources/text/other/ko/text_Species_ko.txt,d28d38cf1fd9dc605c39b01849153ec6edc0b6f5,11459,core_resources,extract_semantics_and_metadata
PKHeX.Core/Resources/text/other/ko/text_SuperTraining_ko.txt,eece96ef55b12724c8543d4ce6a00c46b8573aa5,1145,core_resources,extract_semantics_and_metadata
PKHeX.Core/Resources/text/other/ko/text_TrainingBag_ko.txt,18b36014547d73e6740489738c7ba9eb58265f83,333,core_resources,extract_semantics_and_metadata
PKHeX.Core/Resources/text/other/ko/text_Types_ko.txt,5f631f74f091d0f858ed787361f666ceda464df1,132,core_resources,extract_semantics_and_metadata
PKHeX.Core/Resources/text/other/ko/text_Wallpaper_ko.txt,8a536da3bf5ce449e8c46837d0ec0fee7cbb0115,300,core_resources,extract_semantics_and_metadata
PKHeX.Core/Resources/text/other/zh-Hans/text_Abilities_zh-Hans.txt,3f625e5b1c6278ae0630f14fcf82f2034b73f9bd,3199,core_resources,extract_semantics_and_metadata
PKHeX.Core/Resources/text/other/zh-Hans/text_Character_zh-Hans.txt,16c0f030acc93056fe0375d6035f603f795d2732,572,core_resources,extract_semantics_and_metadata
PKHeX.Core/Resources/text/other/zh-Hans/text_Forms_zh-Hans.txt,f5918cd37cfb895af71d6030a2d0978b57d22dad,5779,core_resources,extract_semantics_and_metadata
PKHeX.Core/Resources/text/other/zh-Hans/text_Games_zh-Hans.txt,4302950b6f0d6cc08564905854608901b1d562af,421,core_resources,extract_semantics_and_metadata
PKHeX.Core/Resources/text/other/zh-Hans/text_GroundTile_zh-Hans.txt,a6461d34b2dfd157e0319e883d4d67850b5b4136,149,core_resources,extract_semantics_and_metadata
PKHeX.Core/Resources/text/other/zh-Hans/text_Language_zh-Hans.txt,f52ad7fd7443e352ead3c8df83a5e5a45c515d83,167,core_resources,extract_semantics_and_metadata
PKHeX.Core/Resources/text/other/zh-Hans/text_Moves_zh-Hans.txt,dcde3c68403b42bebdba8be0135ec189b2731b57,10217,core_resources,extract_semantics_and_metadata
PKHeX.Core/Resources/text/other/zh-Hans/text_Natures_zh-Hans.txt,10008f160ae3e4c2449b606f61f0f18f8289d6f9,180,core_resources,extract_semantics_and_metadata
PKHeX.Core/Resources/text/other/zh-Hans/text_Pokeblock_zh-Hans.txt,8f783413bdfbe6eb8ac06a0827364f860b6a30c7,1538,core_resources,extract_semantics_and_metadata
PKHeX.Core/Resources/text/other/zh-Hans/text_Puff_zh-Hans.txt,0dc4a9af0d1fbb64eb31dc832410526e727e00b5,572,core_resources,extract_semantics_and_metadata
PKHeX.Core/Resources/text/other/zh-Hans/text_Ribbons_zh-Hans.txt,755758aa4f30d042ed738ba5ae6e7453b778f436,5777,core_resources,extract_semantics_and_metadata
PKHeX.Core/Resources/text/other/zh-Hans/text_Species_zh-Hans.txt,f415f09d2a50a5904081ddb869772d1024ac3f94,11162,core_resources,extract_semantics_and_metadata
PKHeX.Core/Resources/text/other/zh-Hans/text_SuperTraining_zh-Hans.txt,7bbea9f67490041d9356729e52f5b35635219fb0,1011,core_resources,extract_semantics_and_metadata
PKHeX.Core/Resources/text/other/zh-Hans/text_TrainingBag_zh-Hans.txt,df7d67207d0bccc98362df2171aae0a23fe27b66,357,core_resources,extract_semantics_and_metadata
PKHeX.Core/Resources/text/other/zh-Hans/text_Types_zh-Hans.txt,a429b2fdd0a8459444316af25ee8e652c09f4688,105,core_resources,extract_semantics_and_metadata
PKHeX.Core/Resources/text/other/zh-Hans/text_Wallpaper_zh-Hans.txt,758539b694e00d2f2e75b460526354beba81920c,307,core_resources,extract_semantics_and_metadata
PKHeX.Core/Resources/text/other/zh-Hant/text_Abilities_zh-Hant.txt,4de6b5d00723021a868fd3a0393ce0b67b7ad9b4,3199,core_resources,extract_semantics_and_metadata
PKHeX.Core/Resources/text/other/zh-Hant/text_Character_zh-Hant.txt,db8ff40b144a0bdbdf0b30aaefb38bcdfac66ff7,572,core_resources,extract_semantics_and_metadata
PKHeX.Core/Resources/text/other/zh-Hant/text_Forms_zh-Hant.txt,37122fda1e0e46a85e8beb3d52abc038b91e3f58,5879,core_resources,extract_semantics_and_metadata
PKHeX.Core/Resources/text/other/zh-Hant/text_Games_zh-Hant.txt,69d61e36bf32826725bcdb08bb137f0a2471e95c,423,core_resources,extract_semantics_and_metadata
PKHeX.Core/Resources/text/other/zh-Hant/text_GroundTile_zh-Hant.txt,dd317ac8ceb99e16c3f4d236ed1c6efa9af506e3,149,core_resources,extract_semantics_and_metadata
PKHeX.Core/Resources/text/other/zh-Hant/text_Language_zh-Hant.txt,f52ad7fd7443e352ead3c8df83a5e5a45c515d83,167,core_resources,extract_semantics_and_metadata
PKHeX.Core/Resources/text/other/zh-Hant/text_Moves_zh-Hant.txt,8c247ae9168c73abc0248fb7bc449e795bc8d2c8,10184,core_resources,extract_semantics_and_metadata
PKHeX.Core/Resources/text/other/zh-Hant/text_Natures_zh-Hant.txt,34b802ae24078a553bd5d5248c6f631fdf4c1c5a,180,core_resources,extract_semantics_and_metadata
PKHeX.Core/Resources/text/other/zh-Hant/text_Pokeblock_zh-Hant.txt,833bce2a05c6318a1b308fc0c153cfee8c1974d3,1475,core_resources,extract_semantics_and_metadata
PKHeX.Core/Resources/text/other/zh-Hant/text_Puff_zh-Hant.txt,1337a588bb437c31ad89b9cd72781c591d44c456,572,core_resources,extract_semantics_and_metadata
PKHeX.Core/Resources/text/other/zh-Hant/text_Ribbons_zh-Hant.txt,95b82271157f21153b1d7e0e33b5f6bdfe33aac0,5777,core_resources,extract_semantics_and_metadata
PKHeX.Core/Resources/text/other/zh-Hant/text_Species_zh-Hant.txt,c7ba5a0856b93a3a69d8e1be996e721ab41f10ad,11156,core_resources,extract_semantics_and_metadata
PKHeX.Core/Resources/text/other/zh-Hant/text_SuperTraining_zh-Hant.txt,578e24a3e14dc31437ac7d629540f21217364378,1011,core_resources,extract_semantics_and_metadata
PKHeX.Core/Resources/text/other/zh-Hant/text_TrainingBag_zh-Hant.txt,c8c18de97c5f6f822248b2f853ac25d3f1fc15ed,357,core_resources,extract_semantics_and_metadata
PKHeX.Core/Resources/text/other/zh-Hant/text_Types_zh-Hant.txt,9e0658f6edf7c5964f1868b7f64e0a4eb476b309,105,core_resources,extract_semantics_and_metadata
PKHeX.Core/Resources/text/other/zh-Hant/text_Wallpaper_zh-Hant.txt,314723ccebb218c16f13e044db1a021c60aba9ad,307,core_resources,extract_semantics_and_metadata
PKHeX.Core/Resources/text/program/MessageStrings_de.txt,2b251c878b08f549d89babf26dc2bd32032e2d70,19271,core_resources,extract_semantics_and_metadata
PKHeX.Core/Resources/text/program/MessageStrings_en.txt,173e92e8301158e8b93a2fd990419e397fa9355b,16753,core_resources,extract_semantics_and_metadata
PKHeX.Core/Resources/text/program/MessageStrings_es-419.txt,b0ce6cf011ed5384597ef7f15ae96696cd1b2f94,19812,core_resources,extract_semantics_and_metadata
PKHeX.Core/Resources/text/program/MessageStrings_es.txt,05246a4467647ad269891e7f563024ce116b529e,19822,core_resources,extract_semantics_and_metadata
PKHeX.Core/Resources/text/program/MessageStrings_fr.txt,556d1648f4b6be8a06e27941a175ab9d4f6ba3cf,20065,core_resources,extract_semantics_and_metadata
PKHeX.Core/Resources/text/program/MessageStrings_it.txt,0956128b21b4411062629e2c9171b48ba5706ab4,19316,core_resources,extract_semantics_and_metadata
PKHeX.Core/Resources/text/program/MessageStrings_ja.txt,4a057c0af3f611700a5f7e832ce4fbbaf18b26af,23711,core_resources,extract_semantics_and_metadata
PKHeX.Core/Resources/text/program/MessageStrings_ko.txt,e9e76da942edfd46467c2416677b44861fc23ca2,21949,core_resources,extract_semantics_and_metadata
PKHeX.Core/Resources/text/program/MessageStrings_zh-Hans.txt,49abe97424560268202847599330b66d26b33e17,16608,core_resources,extract_semantics_and_metadata
PKHeX.Core/Resources/text/program/MessageStrings_zh-Hant.txt,feeba05f516db955c85eada979724c0e03f0ac0b,17259,core_resources,extract_semantics_and_metadata
PKHeX.Core/Resources/text/script/gen2/const_c_en.txt,44f1b4b3c56b917b3736ed6b29964a1f9d08a754,6453,core_resources,extract_semantics_and_metadata
PKHeX.Core/Resources/text/script/gen2/const_c_es-419.txt,385ff2e5ea86bee7261a908b775250266e6aed30,8402,core_resources,extract_semantics_and_metadata
PKHeX.Core/Resources/text/script/gen2/const_c_es.txt,450048e253d7fcc26b2dff9cd220cecb7b0d28cf,8400,core_resources,extract_semantics_and_metadata
PKHeX.Core/Resources/text/script/gen2/const_c_fr.txt,d8290440721a5add5dc5f1ae77acde6e087fe4f9,7358,core_resources,extract_semantics_and_metadata
PKHeX.Core/Resources/text/script/gen2/const_c_ja.txt,66131a103d5399f6d94531161998f12ce7b8afca,8742,core_resources,extract_semantics_and_metadata
PKHeX.Core/Resources/text/script/gen2/const_c_zh-Hans.txt,71233bcb4d306fb9741dcd9d73ac7d8e93e3137e,6952,core_resources,extract_semantics_and_metadata
PKHeX.Core/Resources/text/script/gen2/const_c_zh-Hant.txt,1958d738f576039bf5bc14950f0e039ed4825849,6952,core_resources,extract_semantics_and_metadata
PKHeX.Core/Resources/text/script/gen2/const_gs_en.txt,db64c482b2dcc6f98479e3a76e69b0cafeec0c4f,2964,core_resources,extract_semantics_and_metadata
PKHeX.Core/Resources/text/script/gen2/const_gs_es-419.txt,1b9a8862a6b5dda2294a671d68598c577360b675,3592,core_resources,extract_semantics_and_metadata
PKHeX.Core/Resources/text/script/gen2/const_gs_es.txt,607254ed278f023eb8177a0eb72e18bc84dd68d6,3596,core_resources,extract_semantics_and_metadata
PKHeX.Core/Resources/text/script/gen2/const_gs_fr.txt,76fa1379fbca6c08bdfd8d14978601f8d9e833b1,3477,core_resources,extract_semantics_and_metadata
PKHeX.Core/Resources/text/script/gen2/const_gs_ja.txt,21f128e1fa9efeadcbf130afaa3137dfd05c6a86,3932,core_resources,extract_semantics_and_metadata
PKHeX.Core/Resources/text/script/gen2/const_gs_ko.txt,2b0c05cdeb32a49211318a8d12ccfef1af67c954,3281,core_resources,extract_semantics_and_metadata
PKHeX.Core/Resources/text/script/gen2/const_gs_zh-Hans.txt,2943f7e28bb6f6d1653580fa97821b484b87bb3c,2934,core_resources,extract_semantics_and_metadata
PKHeX.Core/Resources/text/script/gen2/const_gs_zh-Hant.txt,cdad6ec1fb7d944d1c5935d33627f4d958a17989,2934,core_resources,extract_semantics_and_metadata
PKHeX.Core/Resources/text/script/gen2/flags_c_en.txt,8fa0fcf9750988581b6c1fcc5514ea9417eba285,5192,core_resources,extract_semantics_and_metadata
PKHeX.Core/Resources/text/script/gen2/flags_c_es-419.txt,d7a3375dd0721078907a55facf2a0d02648b7bb4,5740,core_resources,extract_semantics_and_metadata
PKHeX.Core/Resources/text/script/gen2/flags_c_es.txt,15aa6965d41aa9fb9d9d0ee896b126c33915264a,5739,core_resources,extract_semantics_and_metadata
PKHeX.Core/Resources/text/script/gen2/flags_c_fr.txt,97812cd25624c798e518fe7b3695dd43c1c44c57,6234,core_resources,extract_semantics_and_metadata
PKHeX.Core/Resources/text/script/gen2/flags_c_ja.txt,430ef3d4b38ac308e519b40b7782fb69696e394d,8417,core_resources,extract_semantics_and_metadata
PKHeX.Core/Resources/text/script/gen2/flags_c_zh-Hans.txt,a849cdfa22dc2fd3f21d9f4d3df86e3510e1df15,6693,core_resources,extract_semantics_and_metadata
PKHeX.Core/Resources/text/script/gen2/flags_c_zh-Hant.txt,c2ca96119cd7043d299c48170693d65fef393314,6693,core_resources,extract_semantics_and_metadata
PKHeX.Core/Resources/text/script/gen2/flags_gs_en.txt,ecd3942671c47556067ec4eb47e6077a76abc584,4895,core_resources,extract_semantics_and_metadata
PKHeX.Core/Resources/text/script/gen2/flags_gs_es-419.txt,f793f2b7c9bb5a3b81eb98a3aebc8cc2a81ac173,5846,core_resources,extract_semantics_and_metadata
PKHeX.Core/Resources/text/script/gen2/flags_gs_es.txt,1107701dfedc8aa96aeddbd8f2b319e44f0acbcb,5834,core_resources,extract_semantics_and_metadata
PKHeX.Core/Resources/text/script/gen2/flags_gs_fr.txt,e832aba827767157c60c6e5fd15a1efed1f745fa,6009,core_resources,extract_semantics_and_metadata
PKHeX.Core/Resources/text/script/gen2/flags_gs_ja.txt,10cc0005c14c8fc277d6139c95589010cb9e8bcb,7984,core_resources,extract_semantics_and_metadata
PKHeX.Core/Resources/text/script/gen2/flags_gs_ko.txt,d8fd8fa1615b7d02718c305cfda31125d96da589,6958,core_resources,extract_semantics_and_metadata
PKHeX.Core/Resources/text/script/gen2/flags_gs_zh-Hans.txt,4ed59ba6328409d958d145add4e213b693777c59,6376,core_resources,extract_semantics_and_metadata
PKHeX.Core/Resources/text/script/gen2/flags_gs_zh-Hant.txt,058c5fd2a94aefd9b1c05aeab37681096774f69a,6376,core_resources,extract_semantics_and_metadata
PKHeX.Core/Resources/text/script/gen3/const_e_en.txt,8d5fdc0aae90bb59567a786a037744c061f79ccc,1882,core_resources,extract_semantics_and_metadata
PKHeX.Core/Resources/text/script/gen3/const_e_es-419.txt,a505b360042ea3cfa3ef53d7e4fedd1d94138a4a,2100,core_resources,extract_semantics_and_metadata
PKHeX.Core/Resources/text/script/gen3/const_e_es.txt,b67349af612ca7916333df2cf0c61e203284a6fb,2102,core_resources,extract_semantics_and_metadata
PKHeX.Core/Resources/text/script/gen3/const_e_fr.txt,3c003221331cb4443b888d23d98923b68a4bcc44,2265,core_resources,extract_semantics_and_metadata
PKHeX.Core/Resources/text/script/gen3/const_e_ja.txt,e36ae324d42cb6813c75f3334c83698a70e47119,2390,core_resources,extract_semantics_and_metadata
PKHeX.Core/Resources/text/script/gen3/const_e_zh-Hans.txt,0c65be8423db55ff0929ebcff917174b9747c781,2042,core_resources,extract_semantics_and_metadata
PKHeX.Core/Resources/text/script/gen3/const_frlg_en.txt,0207848cca01cb0ae613dbaad0c3ec58fb663753,2094,core_resources,extract_semantics_and_metadata
PKHeX.Core/Resources/text/script/gen3/const_frlg_es-419.txt,be029a9bfafe407910a5090b1f845801d4520857,2284,core_resources,extract_semantics_and_metadata
PKHeX.Core/Resources/text/script/gen3/const_frlg_es.txt,be029a9bfafe407910a5090b1f845801d4520857,2284,core_resources,extract_semantics_and_metadata
PKHeX.Core/Resources/text/script/gen3/const_frlg_fr.txt,09a0f825cb15796e7fbdd3434b59e0a8eacfea23,2255,core_resources,extract_semantics_and_metadata
PKHeX.Core/Resources/text/script/gen3/const_frlg_ja.txt,81e628f1d101f783c42f2d2ba9cbc7af1a87a7d8,3054,core_resources,extract_semantics_and_metadata
PKHeX.Core/Resources/text/script/gen3/const_frlg_zh-Hans.txt,8e936ae1aa26f9190e1da44570704457dd87a75d,2171,core_resources,extract_semantics_and_metadata
PKHeX.Core/Resources/text/script/gen3/const_rs_en.txt,964d18ac74b2463d283cf6f4806e7bfda79454b1,1021,core_resources,extract_semantics_and_metadata
PKHeX.Core/Resources/text/script/gen3/const_rs_es-419.txt,7c9e1d7f95ebcdfa3c969df5f5feded200a7c5d0,1175,core_resources,extract_semantics_and_metadata
PKHeX.Core/Resources/text/script/gen3/const_rs_es.txt,3af2fa7439a086e6646f285fd78eb328d269df8b,1176,core_resources,extract_semantics_and_metadata
PKHeX.Core/Resources/text/script/gen3/const_rs_fr.txt,c27ce9cf65150a4fee21346190cc6153dba5772e,1228,core_resources,extract_semantics_and_metadata
PKHeX.Core/Resources/text/script/gen3/const_rs_ja.txt,e7d5cfece1990ef10a3c86c987350f8544f51718,1172,core_resources,extract_semantics_and_metadata
PKHeX.Core/Resources/text/script/gen3/const_rs_zh-Hans.txt,fc42dea861452cdfeed490cd230aa7d69f86e9fe,1100,core_resources,extract_semantics_and_metadata
PKHeX.Core/Resources/text/script/gen3/flags_e_en.txt,56436711d338ba4e411e8ed340a3ce195e460404,73818,core_resources,extract_semantics_and_metadata
PKHeX.Core/Resources/text/script/gen3/flags_e_es-419.txt,6b8505bed455362006cdfa0f299db35264c81ba0,74386,core_resources,extract_semantics_and_metadata
PKHeX.Core/Resources/text/script/gen3/flags_e_es.txt,61b0020ce8bb7e34389b4e48c65fa00c83521397,74402,core_resources,extract_semantics_and_metadata
PKHeX.Core/Resources/text/script/gen3/flags_e_fr.txt,eb6ff7a57e4c08d12f018b230aa42b7bc5b510d1,84242,core_resources,extract_semantics_and_metadata
PKHeX.Core/Resources/text/script/gen3/flags_e_ja.txt,0bbeb24911f4746a5fa1eb777e67e1f0f33b4e28,107178,core_resources,extract_semantics_and_metadata
PKHeX.Core/Resources/text/script/gen3/flags_e_zh-Hans.txt,00bf8b3310f4fb4babf68a3832dee6cd06b08e97,73843,core_resources,extract_semantics_and_metadata
PKHeX.Core/Resources/text/script/gen3/flags_e_zh-Hant.txt,c7336484da56d41726599c3a71040529d506cc4a,73795,core_resources,extract_semantics_and_metadata
PKHeX.Core/Resources/text/script/gen3/flags_frlg_en.txt,c4cf5531514313b9e3e1b7be9fef345081214250,67284,core_resources,extract_semantics_and_metadata
PKHeX.Core/Resources/text/script/gen3/flags_frlg_es-419.txt,8c3b53d3166856f8262d5d280a2f7d7075a412e8,67922,core_resources,extract_semantics_and_metadata
PKHeX.Core/Resources/text/script/gen3/flags_frlg_es.txt,9e1eeb29a801f9713ed761722f632602a0d03f9a,67915,core_resources,extract_semantics_and_metadata
PKHeX.Core/Resources/text/script/gen3/flags_frlg_fr.txt,9f30d851deb59f66ed12dda3d9ef38705e79dac7,76082,core_resources,extract_semantics_and_metadata
PKHeX.Core/Resources/text/script/gen3/flags_frlg_ja.txt,7b139ed791aed671533fc8610e4a642d831f8efd,97171,core_resources,extract_semantics_and_metadata
PKHeX.Core/Resources/text/script/gen3/flags_frlg_zh-Hans.txt,094d3528d1801daaed3d1e3c42879551084fdc2a,75127,core_resources,extract_semantics_and_metadata
PKHeX.Core/Resources/text/script/gen3/flags_frlg_zh-Hant.txt,bb7227e97a20204ee1394ebdab1e6cccd61267fa,67211,core_resources,extract_semantics_and_metadata
PKHeX.Core/Resources/text/script/gen3/flags_rs_en.txt,c859744b724803b952f6c135bd910ba7e7bfd5ce,14804,core_resources,extract_semantics_and_metadata
PKHeX.Core/Resources/text/script/gen3/flags_rs_es-419.txt,e1aab59be6debbd0fd89930800d8bb54cc353901,15367,core_resources,extract_semantics_and_metadata
PKHeX.Core/Resources/text/script/gen3/flags_rs_es.txt,8397012388ad40b768a45955d52cacdfb3fe1f23,15365,core_resources,extract_semantics_and_metadata
PKHeX.Core/Resources/text/script/gen3/flags_rs_fr.txt,21dacf51009f7ed68203f5793b2f8dc75502aeaf,21134,core_resources,extract_semantics_and_metadata
PKHeX.Core/Resources/text/script/gen3/flags_rs_ja.txt,3c84d9920e1391722a2667062ad5d050fc95b4a2,28318,core_resources,extract_semantics_and_metadata
PKHeX.Core/Resources/text/script/gen3/flags_rs_zh-Hans.txt,795238bf589e5a93cbd989b02221d5126ab1b933,16458,core_resources,extract_semantics_and_metadata
PKHeX.Core/Resources/text/script/gen3/flags_rs_zh-Hant.txt,9195a1641f80031747267979411ff328e8d35675,16454,core_resources,extract_semantics_and_metadata
PKHeX.Core/Resources/text/script/gen4/const_dp_en.txt,e63a5ef0e510509d46e63c7738d9ea26f978524a,1235,core_resources,extract_semantics_and_metadata
PKHeX.Core/Resources/text/script/gen4/const_dp_es-419.txt,f726ae4ed19b9465de4859ef03b45a63add59264,1320,core_resources,extract_semantics_and_metadata
PKHeX.Core/Resources/text/script/gen4/const_dp_es.txt,f726ae4ed19b9465de4859ef03b45a63add59264,1320,core_resources,extract_semantics_and_metadata
PKHeX.Core/Resources/text/script/gen4/const_dp_fr.txt,75510f010d9c5cada58432155877a32e4d0a0768,1396,core_resources,extract_semantics_and_metadata
PKHeX.Core/Resources/text/script/gen4/const_dp_ja.txt,e41a7b27dff2e9d939de1ff38eebe21ed3abdc84,1453,core_resources,extract_semantics_and_metadata
PKHeX.Core/Resources/text/script/gen4/const_dp_ko.txt,38dfc9e62f95464f0797007dcbce2145535ad1a5,1535,core_resources,extract_semantics_and_metadata
PKHeX.Core/Resources/text/script/gen4/const_dp_zh-Hans.txt,48a26a3abe0a782a681471622b43fedad3cbe37b,1229,core_resources,extract_semantics_and_metadata
PKHeX.Core/Resources/text/script/gen4/const_dp_zh-Hant.txt,fa48595bb4f75e9a468906b7a292d26bae40a446,1231,core_resources,extract_semantics_and_metadata
PKHeX.Core/Resources/text/script/gen4/const_hgss_en.txt,b960049bcf89b5bdbb9a91e392cfc8e9975e3967,2275,core_resources,extract_semantics_and_metadata
PKHeX.Core/Resources/text/script/gen4/const_hgss_es-419.txt,6910e04adbe9e6b03fba8118b36f879c09b1eb57,2480,core_resources,extract_semantics_and_metadata
PKHeX.Core/Resources/text/script/gen4/const_hgss_es.txt,6910e04adbe9e6b03fba8118b36f879c09b1eb57,2480,core_resources,extract_semantics_and_metadata
PKHeX.Core/Resources/text/script/gen4/const_hgss_fr.txt,44576fd181235e34ebbadab6622b10ce49d1e82e,2684,core_resources,extract_semantics_and_metadata
PKHeX.Core/Resources/text/script/gen4/const_hgss_ja.txt,4ec19855d45667900398038f95b5c5e8f0bb5d89,3195,core_resources,extract_semantics_and_metadata
PKHeX.Core/Resources/text/script/gen4/const_hgss_ko.txt,222a2924d16cd197ee328532111d1f835d929b39,2954,core_resources,extract_semantics_and_metadata
PKHeX.Core/Resources/text/script/gen4/const_hgss_zh-Hans.txt,bbf56cc993d75abaabc82fbf8aec7c90ad1b33c8,2332,core_resources,extract_semantics_and_metadata
PKHeX.Core/Resources/text/script/gen4/const_hgss_zh-Hant.txt,1f1789c2a47921f0a07674c3c0e2bdf5b24e8233,2355,core_resources,extract_semantics_and_metadata
PKHeX.Core/Resources/text/script/gen4/const_pt_en.txt,58dba34a022a8f3bff0a7f6ca1688fae7f86fccc,2233,core_resources,extract_semantics_and_metadata
PKHeX.Core/Resources/text/script/gen4/const_pt_es-419.txt,654cd2dc5bf9c3c20f622e34727362db9d80e903,2455,core_resources,extract_semantics_and_metadata
PKHeX.Core/Resources/text/script/gen4/const_pt_es.txt,654cd2dc5bf9c3c20f622e34727362db9d80e903,2455,core_resources,extract_semantics_and_metadata
PKHeX.Core/Resources/text/script/gen4/const_pt_fr.txt,d476db1affedc8b7b9b8c0df359b3814b091a31d,2516,core_resources,extract_semantics_and_metadata
PKHeX.Core/Resources/text/script/gen4/const_pt_ja.txt,a7746cb64b9a667eaa43752b189923ed808e05cc,2645,core_resources,extract_semantics_and_metadata
PKHeX.Core/Resources/text/script/gen4/const_pt_ko.txt,dd7e7af68063c81a1ebd0d1a1fcb3a38cb5728f4,2694,core_resources,extract_semantics_and_metadata
PKHeX.Core/Resources/text/script/gen4/const_pt_zh-Hans.txt,31f27c67a416504c4e241e1b7c2e3bad3087d8ab,2247,core_resources,extract_semantics_and_metadata
PKHeX.Core/Resources/text/script/gen4/const_pt_zh-Hant.txt,9a0238b7ed60b8df7f9be45b1446ff34b5cbc504,2263,core_resources,extract_semantics_and_metadata
PKHeX.Core/Resources/text/script/gen4/flags_dp_en.txt,071f372c110e85761a632a498619d60bf6729c39,9162,core_resources,extract_semantics_and_metadata
PKHeX.Core/Resources/text/script/gen4/flags_dp_es-419.txt,7d15c1a8012a801e3c0b7e1210addae19ea2ef85,10199,core_resources,extract_semantics_and_metadata
PKHeX.Core/Resources/text/script/gen4/flags_dp_es.txt,bdf50e7d88a6f6fd36832c9621c949cf12c07e16,10197,core_resources,extract_semantics_and_metadata
PKHeX.Core/Resources/text/script/gen4/flags_dp_fr.txt,432f3c56900e4887df1065691870c4fa4fe561e8,13202,core_resources,extract_semantics_and_metadata
PKHeX.Core/Resources/text/script/gen4/flags_dp_ja.txt,06eba8d3f316c5c0b8f903cca7a8085d6defb3fe,14587,core_resources,extract_semantics_and_metadata
PKHeX.Core/Resources/text/script/gen4/flags_dp_ko.txt,c66116df3a0a145077439b124de63abf35f6f4f5,9673,core_resources,extract_semantics_and_metadata
PKHeX.Core/Resources/text/script/gen4/flags_dp_zh-Hans.txt,39793c6b1fdf7f6c941041bf6326484b64c1683d,9986,core_resources,extract_semantics_and_metadata
PKHeX.Core/Resources/text/script/gen4/flags_dp_zh-Hant.txt,9a9584b7c34bf160bc36a9b3eb842a159317c2c5,10026,core_resources,extract_semantics_and_metadata
PKHeX.Core/Resources/text/script/gen4/flags_hgss_en.txt,f09e987c0e79fb17aab78c48c09cd9d2ba22df95,8576,core_resources,extract_semantics_and_metadata
PKHeX.Core/Resources/text/script/gen4/flags_hgss_es-419.txt,24b9d0f716257c60c73b3066fc08be8e302e2be9,9701,core_resources,extract_semantics_and_metadata
PKHeX.Core/Resources/text/script/gen4/flags_hgss_es.txt,22c65234e244e3714f08f4b4d11954abb97807b6,9690,core_resources,extract_semantics_and_metadata
PKHeX.Core/Resources/text/script/gen4/flags_hgss_fr.txt,345cf7364b3a0ef1f8b0dbd799ff21e474fff28e,12649,core_resources,extract_semantics_and_metadata
PKHeX.Core/Resources/text/script/gen4/flags_hgss_ja.txt,63ffe04b4ff684b31253a14792e23b339675bc59,13383,core_resources,extract_semantics_and_metadata
PKHeX.Core/Resources/text/script/gen4/flags_hgss_ko.txt,c7e4d8bec44e7ff2a4cf14c84832ba3371c06ed7,9010,core_resources,extract_semantics_and_metadata
PKHeX.Core/Resources/text/script/gen4/flags_hgss_zh-Hans.txt,68f216493c9b605b9fc6286ef59d116ce362cf56,9637,core_resources,extract_semantics_and_metadata
PKHeX.Core/Resources/text/script/gen4/flags_hgss_zh-Hant.txt,ecda96f511a879778ca9982a3041e9e1d96a0cf5,9651,core_resources,extract_semantics_and_metadata
PKHeX.Core/Resources/text/script/gen4/flags_pt_en.txt,95657f6ddd218dc134019da7530888ab3cfb2f64,11174,core_resources,extract_semantics_and_metadata
PKHeX.Core/Resources/text/script/gen4/flags_pt_es-419.txt,c396f8d48cdee0cd1223b88fd57bfa9c89e6c599,12330,core_resources,extract_semantics_and_metadata
PKHeX.Core/Resources/text/script/gen4/flags_pt_es.txt,43456007cb418207c59c996cadc2a406c1b0fa81,12328,core_resources,extract_semantics_and_metadata
PKHeX.Core/Resources/text/script/gen4/flags_pt_fr.txt,68aeb9c4f2a05bf31453508da4faa173a7432b81,15504,core_resources,extract_semantics_and_metadata
PKHeX.Core/Resources/text/script/gen4/flags_pt_ja.txt,77021785a9227e2d18c46e474466f4214e19e0f4,17545,core_resources,extract_semantics_and_metadata
PKHeX.Core/Resources/text/script/gen4/flags_pt_ko.txt,06f13da356a80feb95a1b2d3644c373ce943a534,11674,core_resources,extract_semantics_and_metadata
PKHeX.Core/Resources/text/script/gen4/flags_pt_zh-Hans.txt,820fd1056e8ba71b777d3c71e0b37257fff90472,12002,core_resources,extract_semantics_and_metadata
PKHeX.Core/Resources/text/script/gen4/flags_pt_zh-Hant.txt,1ea4dbd7d844d3e6f7967170dfcc010a7e2aa241,12028,core_resources,extract_semantics_and_metadata
PKHeX.Core/Resources/text/script/gen5/const_b2w2_en.txt,2943aa7e3e3c29c74ef9d0b644ac54adb0917ffc,2302,core_resources,extract_semantics_and_metadata
PKHeX.Core/Resources/text/script/gen5/const_b2w2_es-419.txt,68727d9e4151921df310fd7c7328bc3257367e21,2572,core_resources,extract_semantics_and_metadata
PKHeX.Core/Resources/text/script/gen5/const_b2w2_es.txt,6ee6e6c206aa6e72ec4b8fa70ad1121ea7301877,2566,core_resources,extract_semantics_and_metadata
PKHeX.Core/Resources/text/script/gen5/const_b2w2_fr.txt,fe4938f064cf1b9b9aa398bb6cf5e91ab82ec86a,2489,core_resources,extract_semantics_and_metadata
PKHeX.Core/Resources/text/script/gen5/const_b2w2_ja.txt,454250fd5055f954e62ea5d8f028b68eaab41fe5,2878,core_resources,extract_semantics_and_metadata
PKHeX.Core/Resources/text/script/gen5/const_b2w2_ko.txt,5f759804fc3b70e1d413a1d15f6d2f71714e9b61,2890,core_resources,extract_semantics_and_metadata
PKHeX.Core/Resources/text/script/gen5/const_b2w2_zh-Hans.txt,f2bd056f127e08bb1565413d5460af11289dbf5f,2399,core_resources,extract_semantics_and_metadata
PKHeX.Core/Resources/text/script/gen5/const_b2w2_zh-Hant.txt,b9c77136bb363f287af21172737111c43da5207c,2399,core_resources,extract_semantics_and_metadata
PKHeX.Core/Resources/text/script/gen5/const_bw_en.txt,9e05aee3a4c8d95ce8af8426471cad67c68c0514,872,core_resources,extract_semantics_and_metadata
PKHeX.Core/Resources/text/script/gen5/const_bw_es-419.txt,d21d521ad975e070f1702ad96dde6f53a1aaa7b7,1005,core_resources,extract_semantics_and_metadata
PKHeX.Core/Resources/text/script/gen5/const_bw_es.txt,aa261aadfd7f51e6bc830e1aa5e6b7f8bdbf2d0d,1004,core_resources,extract_semantics_and_metadata
PKHeX.Core/Resources/text/script/gen5/const_bw_fr.txt,ae0bac570b08728eb19073c7905103e2e16b49d4,1038,core_resources,extract_semantics_and_metadata
PKHeX.Core/Resources/text/script/gen5/const_bw_ja.txt,acfe5a10f32a9083fa5e544d95f143719d8852fd,1204,core_resources,extract_semantics_and_metadata
PKHeX.Core/Resources/text/script/gen5/const_bw_ko.txt,aaae381abf78e6357f39c2fe902c28a32e5244f8,1064,core_resources,extract_semantics_and_metadata
PKHeX.Core/Resources/text/script/gen5/const_bw_zh-Hans.txt,1cacf6a0575abda5da2d5bd4223af0085f057902,941,core_resources,extract_semantics_and_metadata
PKHeX.Core/Resources/text/script/gen5/const_bw_zh-Hant.txt,d28be6db1abb42176e178fbe0ef66e6b11e77f3e,939,core_resources,extract_semantics_and_metadata
PKHeX.Core/Resources/text/script/gen5/flags_b2w2_en.txt,4eeddcc9d566da84d8443fd7208527a9f4c761f6,2450,core_resources,extract_semantics_and_metadata
PKHeX.Core/Resources/text/script/gen5/flags_b2w2_es-419.txt,1cdd1f3781b5f6d0a93e94f0622bc74007f06856,2731,core_resources,extract_semantics_and_metadata
PKHeX.Core/Resources/text/script/gen5/flags_b2w2_es.txt,e457a1a0f3946461887cc474c589ac79b83015f9,2729,core_resources,extract_semantics_and_metadata
PKHeX.Core/Resources/text/script/gen5/flags_b2w2_fr.txt,cd20b8dd1dd31eaf7adc4d5cdb3c3e474162f76e,2754,core_resources,extract_semantics_and_metadata
PKHeX.Core/Resources/text/script/gen5/flags_b2w2_ja.txt,1368f87a72d09f39ce20b87747bea7058fb6aa0a,3421,core_resources,extract_semantics_and_metadata
PKHeX.Core/Resources/text/script/gen5/flags_b2w2_ko.txt,5c320efa868bfa25d2541c2b5c4cdd989c042832,2890,core_resources,extract_semantics_and_metadata
PKHeX.Core/Resources/text/script/gen5/flags_b2w2_zh-Hans.txt,1639b1ab12fb52652bc3d50783d6a0117e01833a,2646,core_resources,extract_semantics_and_metadata
PKHeX.Core/Resources/text/script/gen5/flags_b2w2_zh-Hant.txt,060a5cbb38992f69799be0c91b7d5ed683e4a5da,2646,core_resources,extract_semantics_and_metadata
PKHeX.Core/Resources/text/script/gen5/flags_bw_en.txt,87cffeced5436bbef05fe4cb0df81e1cc9083e2e,2333,core_resources,extract_semantics_and_metadata
PKHeX.Core/Resources/text/script/gen5/flags_bw_es-419.txt,a779eb92f5985af02bb508f177ffa83c7e27caa7,2451,core_resources,extract_semantics_and_metadata
PKHeX.Core/Resources/text/script/gen5/flags_bw_es.txt,ec5edd85da2a0e21f2e0321519a6bac89780f8c4,2446,core_resources,extract_semantics_and_metadata
PKHeX.Core/Resources/text/script/gen5/flags_bw_fr.txt,e15229af659403bc7712af370087fd3a3befdc94,2447,core_resources,extract_semantics_and_metadata
PKHeX.Core/Resources/text/script/gen5/flags_bw_ja.txt,305f4b5491b8ac66a15a7f5be9622cc976766f2a,3100,core_resources,extract_semantics_and_metadata
PKHeX.Core/Resources/text/script/gen5/flags_bw_ko.txt,6ab5f1c11c3e02bf39c33dc2338c28263512af04,2470,core_resources,extract_semantics_and_metadata
PKHeX.Core/Resources/text/script/gen5/flags_bw_zh-Hans.txt,96853d556d3255072b30c081d1e950eb25803ba8,2179,core_resources,extract_semantics_and_metadata
PKHeX.Core/Resources/text/script/gen5/flags_bw_zh-Hant.txt,dcf7e03cff7ed4b0081aa21080c4a4acc98182b8,2182,core_resources,extract_semantics_and_metadata
PKHeX.Core/Resources/text/script/gen6/const_oras_en.txt,34006a079504d1cba3c3d55e5ade22113be0b408,3348,core_resources,extract_semantics_and_metadata
PKHeX.Core/Resources/text/script/gen6/const_oras_es-419.txt,2fd95d93b4fe4ee9254929968c3dbabb8cb3492c,3790,core_resources,extract_semantics_and_metadata
PKHeX.Core/Resources/text/script/gen6/const_oras_es.txt,60375b5e50a7c9269d4f90cc34d7b2eb20ed13ca,3792,core_resources,extract_semantics_and_metadata
PKHeX.Core/Resources/text/script/gen6/const_oras_fr.txt,92afe95864462fbbc77aa8584b9e427e9258a15c,4188,core_resources,extract_semantics_and_metadata
PKHeX.Core/Resources/text/script/gen6/const_oras_ja.txt,95ff32b99b1c5c60dc6beeb7d6c38704ff8abaa6,4512,core_resources,extract_semantics_and_metadata
PKHeX.Core/Resources/text/script/gen6/const_oras_ko.txt,941a15b400b22681277af3c0921347493be99ebf,4409,core_resources,extract_semantics_and_metadata
PKHeX.Core/Resources/text/script/gen6/const_oras_zh-Hans.txt,7800e4c28bbfd6f04108d019a99360ac50978b39,3427,core_resources,extract_semantics_and_metadata
PKHeX.Core/Resources/text/script/gen6/const_oras_zh-Hant.txt,b7850e1ab1976d718bed962e704056a92abff234,3421,core_resources,extract_semantics_and_metadata
PKHeX.Core/Resources/text/script/gen6/const_xy_en.txt,cee77cc170018854b695ff126335de3ec12e6d03,1447,core_resources,extract_semantics_and_metadata
PKHeX.Core/Resources/text/script/gen6/const_xy_es-419.txt,81b69829ef8ebc553ba1fa062f37812fef5c1d43,1685,core_resources,extract_semantics_and_metadata
PKHeX.Core/Resources/text/script/gen6/const_xy_es.txt,81b69829ef8ebc553ba1fa062f37812fef5c1d43,1685,core_resources,extract_semantics_and_metadata
PKHeX.Core/Resources/text/script/gen6/const_xy_fr.txt,361c424dfaca164467b41f1ea93fdb388b4fd537,1831,core_resources,extract_semantics_and_metadata
PKHeX.Core/Resources/text/script/gen6/const_xy_ja.txt,6570874eef40016aa26383546e7016852d1527a6,2064,core_resources,extract_semantics_and_metadata
PKHeX.Core/Resources/text/script/gen6/const_xy_ko.txt,3ae1bb8f09351d5f75b1edcfffc6c35797df2fec,1997,core_resources,extract_semantics_and_metadata
PKHeX.Core/Resources/text/script/gen6/const_xy_zh-Hans.txt,4f22e097a250f1afbb1b8d3e80664c60282cc624,1697,core_resources,extract_semantics_and_metadata
PKHeX.Core/Resources/text/script/gen6/const_xy_zh-Hant.txt,ddd308fc7ce34ae94be5e34a0ce46765a3957673,1700,core_resources,extract_semantics_and_metadata
PKHeX.Core/Resources/text/script/gen6/flags_oras_en.txt,69d2545ab1f108a11d0a6648ce021144fd597069,23259,core_resources,extract_semantics_and_metadata
PKHeX.Core/Resources/text/script/gen6/flags_oras_es-419.txt,ed390979505985682d0b8c446f1828b9c172a522,25323,core_resources,extract_semantics_and_metadata
PKHeX.Core/Resources/text/script/gen6/flags_oras_es.txt,9d5b2f268cf573f23ce05ed8b679b23027e3db67,25323,core_resources,extract_semantics_and_metadata
PKHeX.Core/Resources/text/script/gen6/flags_oras_fr.txt,2da76b7cf19f56333f0b4a6f3fc48e979b792b94,27133,core_resources,extract_semantics_and_metadata
PKHeX.Core/Resources/text/script/gen6/flags_oras_ja.txt,201a01724c975423f4df7a12cb21d8321ec0fb63,37738,core_resources,extract_semantics_and_metadata
PKHeX.Core/Resources/text/script/gen6/flags_oras_ko.txt,6a05b911b4856b5fa08b85c07a79d37888096229,25259,core_resources,extract_semantics_and_metadata
PKHeX.Core/Resources/text/script/gen6/flags_oras_zh-Hans.txt,b3e7423d4700fea514b3bc3bf914d5264ae9926d,24027,core_resources,extract_semantics_and_metadata
PKHeX.Core/Resources/text/script/gen6/flags_oras_zh-Hant.txt,71d87d51505c9e040d95238dd7c0e1c8ac6d551e,24027,core_resources,extract_semantics_and_metadata
PKHeX.Core/Resources/text/script/gen6/flags_xy_en.txt,86b96ef515462352b538d81acb444a3a128e79da,3208,core_resources,extract_semantics_and_metadata
PKHeX.Core/Resources/text/script/gen6/flags_xy_es-419.txt,782a57d8a3ce81644c600d187022afc51f1e0afb,3659,core_resources,extract_semantics_and_metadata
PKHeX.Core/Resources/text/script/gen6/flags_xy_es.txt,1203eb65db6068c9ffbcef132782d387810d4307,3660,core_resources,extract_semantics_and_metadata
PKHeX.Core/Resources/text/script/gen6/flags_xy_fr.txt,13e88ede70790cc74b2cce367027d0dfd9c590ac,3820,core_resources,extract_semantics_and_metadata
PKHeX.Core/Resources/text/script/gen6/flags_xy_ja.txt,fcfd9936ad958495f164a2d4cefe4529d114e1f5,4859,core_resources,extract_semantics_and_metadata
PKHeX.Core/Resources/text/script/gen6/flags_xy_ko.txt,d130f93b0914abaacea9c36d91cea6af23fe2d49,3929,core_resources,extract_semantics_and_metadata
PKHeX.Core/Resources/text/script/gen6/flags_xy_zh-Hans.txt,494ea476d2d153dcaaadac3f11f04193114ac43c,3743,core_resources,extract_semantics_and_metadata
PKHeX.Core/Resources/text/script/gen6/flags_xy_zh-Hant.txt,6eeea80fe25d4ef3de52b3cd1165ab85d99f684e,3743,core_resources,extract_semantics_and_metadata
PKHeX.Core/Resources/text/script/gen7/const_gg_en.txt,8f134be4157d8b0890eeac7b6ee8645b8911fd1a,510,core_resources,extract_semantics_and_metadata
PKHeX.Core/Resources/text/script/gen7/const_gg_es-419.txt,a2572b48ceaab177e14d69f3a0bb593ec0e0c381,538,core_resources,extract_semantics_and_metadata
PKHeX.Core/Resources/text/script/gen7/const_gg_es.txt,a2572b48ceaab177e14d69f3a0bb593ec0e0c381,538,core_resources,extract_semantics_and_metadata
PKHeX.Core/Resources/text/script/gen7/const_sm_en.txt,0a713353d1ad512ae2576cf4267cbec39243765a,464,core_resources,extract_semantics_and_metadata
PKHeX.Core/Resources/text/script/gen7/const_sm_es-419.txt,6da81591b55e7d9bc4883783ab35a5f641f8b362,472,core_resources,extract_semantics_and_metadata
PKHeX.Core/Resources/text/script/gen7/const_sm_es.txt,6da81591b55e7d9bc4883783ab35a5f641f8b362,472,core_resources,extract_semantics_and_metadata
PKHeX.Core/Resources/text/script/gen7/const_sm_fr.txt,587992fe05edaef9193e4b8ce33088e3b4e867a8,517,core_resources,extract_semantics_and_metadata
PKHeX.Core/Resources/text/script/gen7/const_sm_ja.txt,f2b4655f26f6fa41deda72136399cffa795740cc,478,core_resources,extract_semantics_and_metadata
PKHeX.Core/Resources/text/script/gen7/const_sm_ko.txt,c409a1081f29b7550c9412f3a37c0f36b90a26e5,632,core_resources,extract_semantics_and_metadata
PKHeX.Core/Resources/text/script/gen7/const_sm_zh-Hans.txt,9c29421ed1786b5c44a694da46b0fccef17513f4,496,core_resources,extract_semantics_and_metadata
PKHeX.Core/Resources/text/script/gen7/const_sm_zh-Hant.txt,095a9f5d640700f09f9d6fc9d2e70045c238b637,493,core_resources,extract_semantics_and_metadata
PKHeX.Core/Resources/text/script/gen7/const_usum_en.txt,0f9c4aa71531b1aadd158017cbc38e16596c0452,1523,core_resources,extract_semantics_and_metadata
PKHeX.Core/Resources/text/script/gen7/const_usum_es-419.txt,e49298dc596f8e4db2aa7c186b5f01d6bd0ec6e9,1770,core_resources,extract_semantics_and_metadata
PKHeX.Core/Resources/text/script/gen7/const_usum_es.txt,e49298dc596f8e4db2aa7c186b5f01d6bd0ec6e9,1770,core_resources,extract_semantics_and_metadata
PKHeX.Core/Resources/text/script/gen7/const_usum_fr.txt,7a6936ae4cb88880fd6a383885b741c8988eada7,1642,core_resources,extract_semantics_and_metadata
PKHeX.Core/Resources/text/script/gen7/const_usum_ja.txt,2ca036d8776de05f7e90b6eeb6687969c92a45b4,2023,core_resources,extract_semantics_and_metadata
PKHeX.Core/Resources/text/script/gen7/const_usum_ko.txt,98b784621e6a0495b4926fcc133fe89f49ef8725,1827,core_resources,extract_semantics_and_metadata
PKHeX.Core/Resources/text/script/gen7/const_usum_zh-Hans.txt,3115c8eb8482887d26a54762e9ff328012e3a8b6,1553,core_resources,extract_semantics_and_metadata
PKHeX.Core/Resources/text/script/gen7/const_usum_zh-Hant.txt,45da81495da98cd5e9224c9a9b79a3143eb18c11,1548,core_resources,extract_semantics_and_metadata
PKHeX.Core/Resources/text/script/gen7/flags_gg_en.txt,4140fd6d01a419a6863e9247f20906be80ec43d9,5330,core_resources,extract_semantics_and_metadata
PKHeX.Core/Resources/text/script/gen7/flags_gg_es-419.txt,ff2286198f5c8d248935dc448af6bb74956bb149,5656,core_resources,extract_semantics_and_metadata
PKHeX.Core/Resources/text/script/gen7/flags_gg_es.txt,517d23aea0e5b0d8d31896ba4e8dc90c5ae6ba36,5656,core_resources,extract_semantics_and_metadata
PKHeX.Core/Resources/text/script/gen7/flags_gg_ko.txt,33d5a339d7f79c3fd8a2289ca99174c4afc82ff3,5772,core_resources,extract_semantics_and_metadata
PKHeX.Core/Resources/text/script/gen7/flags_gg_zh-Hans.txt,1a5a3f80ac91362186d5a3a4872f66573ac3294b,5579,core_resources,extract_semantics_and_metadata
PKHeX.Core/Resources/text/script/gen7/flags_gg_zh-Hant.txt,a30c0d63d484db2ef39b04201b97aaab940a7fcd,5584,core_resources,extract_semantics_and_metadata
PKHeX.Core/Resources/text/script/gen7/flags_sm_en.txt,6f42d8b9b6bcd0f717b6ee0a57e75a81c90191af,2275,core_resources,extract_semantics_and_metadata
PKHeX.Core/Resources/text/script/gen7/flags_sm_es-419.txt,818aa15484cb146f2ba8a6eb3c28378b2b61ff41,2602,core_resources,extract_semantics_and_metadata
PKHeX.Core/Resources/text/script/gen7/flags_sm_es.txt,40c1ab2880b09731ca44ba6be7c51a5f34920012,2601,core_resources,extract_semantics_and_metadata
PKHeX.Core/Resources/text/script/gen7/flags_sm_fr.txt,019cc34c2f3c55337b4c2dafe4d40869c9616f74,2635,core_resources,extract_semantics_and_metadata
PKHeX.Core/Resources/text/script/gen7/flags_sm_ja.txt,182976b710346a9035b423e892524c17419c461c,2920,core_resources,extract_semantics_and_metadata
PKHeX.Core/Resources/text/script/gen7/flags_sm_ko.txt,9688eebf0a642401dd5c271de8e5f6d6f2a679f7,2942,core_resources,extract_semantics_and_metadata
PKHeX.Core/Resources/text/script/gen7/flags_sm_zh-Hans.txt,c36298017714f8658eadf573bf088df3aef6963c,2379,core_resources,extract_semantics_and_metadata
PKHeX.Core/Resources/text/script/gen7/flags_sm_zh-Hant.txt,0611b156001c4db0514ec3c67a145733d760de60,2384,core_resources,extract_semantics_and_metadata
PKHeX.Core/Resources/text/script/gen7/flags_usum_en.txt,3f9f23d241d85923727f698bc00e8974da1b0dbd,4471,core_resources,extract_semantics_and_metadata
PKHeX.Core/Resources/text/script/gen7/flags_usum_es-419.txt,183cd63c4d56b1a66f03d4d8f81b138bb3c4e245,5090,core_resources,extract_semantics_and_metadata
PKHeX.Core/Resources/text/script/gen7/flags_usum_es.txt,183cd63c4d56b1a66f03d4d8f81b138bb3c4e245,5090,core_resources,extract_semantics_and_metadata
PKHeX.Core/Resources/text/script/gen7/flags_usum_fr.txt,0e734955267b49ec988f2d7bcf3f8bd25b8c1b07,4994,core_resources,extract_semantics_and_metadata
PKHeX.Core/Resources/text/script/gen7/flags_usum_ja.txt,9c12a6863d2b6e3c22a0117d8b509b7430b2034f,6108,core_resources,extract_semantics_and_metadata
PKHeX.Core/Resources/text/script/gen7/flags_usum_ko.txt,6977bd6674f731e4af3e8ccb356edb161e40a566,5404,core_resources,extract_semantics_and_metadata
PKHeX.Core/Resources/text/script/gen7/flags_usum_zh-Hans.txt,2cf05522527d9b58f0594c3d29ce71e9d0465251,4767,core_resources,extract_semantics_and_metadata
PKHeX.Core/Resources/text/script/gen7/flags_usum_zh-Hant.txt,be8adf1cb169eafbf60ded782d88b10ecbe56d00,4784,core_resources,extract_semantics_and_metadata
PKHeX.Core/Resources/text/script/gen8/flag_bdsp_en.txt,59b59dd5e05de6628b340f798fd87085902766ec,2523,core_resources,extract_semantics_and_metadata
PKHeX.Core/Resources/text/script/gen8/flag_bdsp_es-419.txt,e7bdb21185c5a7568a959fb6b9f80e14221ccf8f,2626,core_resources,extract_semantics_and_metadata
PKHeX.Core/Resources/text/script/gen8/flag_bdsp_es.txt,e7bdb21185c5a7568a959fb6b9f80e14221ccf8f,2626,core_resources,extract_semantics_and_metadata
PKHeX.Core/Resources/text/script/gen8/flag_bdsp_zh-Hans.txt,c2d28533081a64778ca69724dde83c90c6019e7a,3285,core_resources,extract_semantics_and_metadata
PKHeX.Core/Resources/text/script/gen8/flag_bdsp_zh-Hant.txt,6c78a3fe3d895b779d089a9234992a7ff424f944,3018,core_resources,extract_semantics_and_metadata
PKHeX.Core/Resources/text/script/gen8/system_bdsp_en.txt,6540593037da4877773d4a1ce6e772c901173231,937,core_resources,extract_semantics_and_metadata
PKHeX.Core/Resources/text/script/gen8/work_bdsp_en.txt,c8d7ab4caa7dcb388562e2fba3f0a270c95feebe,1534,core_resources,extract_semantics_and_metadata
PKHeX.Core/Resources/text/script/gen8/work_bdsp_es-419.txt,3f9a3a1ed01de7e7ec03d6478b2f6ba362350138,1540,core_resources,extract_semantics_and_metadata
PKHeX.Core/Resources/text/script/gen8/work_bdsp_es.txt,3f9a3a1ed01de7e7ec03d6478b2f6ba362350138,1540,core_resources,extract_semantics_and_metadata
PKHeX.Core/Resources/text/script/gen8/work_bdsp_zh-Hans.txt,0290c5f67009847432976706109e64e3d76d9dfb,1660,core_resources,extract_semantics_and_metadata
PKHeX.Core/Resources/text/script/gen8/work_bdsp_zh-Hant.txt,cb8141cc573ce52dc6196415b8bc5f81c6878fdf,1679,core_resources,extract_semantics_and_metadata
PKHeX.Core/Resources/text/wondercard/text_wondercard7_de.txt,2f4f88da7fdf10458de28ca696adbbf1076cd333,597,core_resources,extract_semantics_and_metadata
PKHeX.Core/Resources/text/wondercard/text_wondercard7_en.txt,ba6f27a891007b7181a595b26e362f53fe8c9be8,464,core_resources,extract_semantics_and_metadata
PKHeX.Core/Resources/text/wondercard/text_wondercard7_es.txt,bf1e810e37773ff9947e0ad2e6c05c1a8ac1e9a1,547,core_resources,extract_semantics_and_metadata
PKHeX.Core/Resources/text/wondercard/text_wondercard7_fr.txt,febb5ff74631a3de701c7cb8d7f009ea6d1f3702,555,core_resources,extract_semantics_and_metadata
PKHeX.Core/Resources/text/wondercard/text_wondercard7_it.txt,c384ad778f8e0f0e82e5393366ec908ebeb6e98c,506,core_resources,extract_semantics_and_metadata
PKHeX.Core/Resources/text/wondercard/text_wondercard7_ja.txt,e098381ad75c2b72acf4411f42f10e2b3acaf0e4,587,core_resources,extract_semantics_and_metadata
PKHeX.Core/Resources/text/wondercard/text_wondercard7_ko.txt,330a49014027d2cc71dba32f4bbdbe367682a69e,492,core_resources,extract_semantics_and_metadata
PKHeX.Core/Resources/text/wondercard/text_wondercard7_zh-Hans.txt,16bcd388cb7375fe0c071a6bb2e6ff822e2240bc,425,core_resources,extract_semantics_and_metadata
PKHeX.Core/Resources/text/wondercard/text_wondercard7_zh-Hant.txt,8e9198b1f9077239b065b0712e9d4f161237466c,426,core_resources,extract_semantics_and_metadata
PKHeX.Core/Resources/text/wondercard/text_wondercard8_de.txt,ae34d223cf162f783d905aec4b8ed29966e115e9,1562,core_resources,extract_semantics_and_metadata
PKHeX.Core/Resources/text/wondercard/text_wondercard8_en.txt,9f4dcbd8fea7d19b80aa1337cdef58403ecc21d5,1284,core_resources,extract_semantics_and_metadata
PKHeX.Core/Resources/text/wondercard/text_wondercard8_es.txt,e57bda3370e7e41ef3bd108e71fd9b0695ccffb7,1524,core_resources,extract_semantics_and_metadata
PKHeX.Core/Resources/text/wondercard/text_wondercard8_fr.txt,e36e8f88b7c67644c3919043542c151f33442b62,1404,core_resources,extract_semantics_and_metadata
PKHeX.Core/Resources/text/wondercard/text_wondercard8_it.txt,3a5ad3882e6ceb8646c28981e5f3d76626a1ba12,1453,core_resources,extract_semantics_and_metadata
PKHeX.Core/Resources/text/wondercard/text_wondercard8_ja.txt,f9b5e1ea0abb369fa64c2ad9120bf016d033dd3d,1717,core_resources,extract_semantics_and_metadata
PKHeX.Core/Resources/text/wondercard/text_wondercard8_ko.txt,e7fd109fe3b0fdab2b35c9ec51777b364c1fc944,1223,core_resources,extract_semantics_and_metadata
PKHeX.Core/Resources/text/wondercard/text_wondercard8_zh-Hans.txt,f57a944c5f88cadfa05940a7739825d0fea110e8,1144,core_resources,extract_semantics_and_metadata
PKHeX.Core/Resources/text/wondercard/text_wondercard8_zh-Hant.txt,01465bac3bed78cf7243103571604230bd6576a1,1188,core_resources,extract_semantics_and_metadata
PKHeX.Core/Resources/text/wondercard/text_wondercard9_de.txt,64fb12d6db6dc939d52361c4ba271bb45b9a7782,893,core_resources,extract_semantics_and_metadata
PKHeX.Core/Resources/text/wondercard/text_wondercard9_en.txt,b8aee52965682b9e4fbe4fa023f6b71a7215217a,793,core_resources,extract_semantics_and_metadata
PKHeX.Core/Resources/text/wondercard/text_wondercard9_es-419.txt,3e19b62d58994b511f6dc20e0993eee9f280e1d8,897,core_resources,extract_semantics_and_metadata
PKHeX.Core/Resources/text/wondercard/text_wondercard9_es.txt,df76d567eeab2d13aac730b368c80a60aa295ecd,897,core_resources,extract_semantics_and_metadata
PKHeX.Core/Resources/text/wondercard/text_wondercard9_fr.txt,7fcc338a6feb333a8fea38ad2be9103629b25fbd,864,core_resources,extract_semantics_and_metadata
PKHeX.Core/Resources/text/wondercard/text_wondercard9_it.txt,07042b265b3b3f39ba566ce2d15b472d9a8ee44f,816,core_resources,extract_semantics_and_metadata
PKHeX.Core/Resources/text/wondercard/text_wondercard9_ja.txt,093cdd7ad14e08a7fc5ae5dced0e16a9b9bf4b51,1093,core_resources,extract_semantics_and_metadata
PKHeX.Core/Resources/text/wondercard/text_wondercard9_ko.txt,f1b70679503a0f4041ecc53a8752e8663ea21e00,841,core_resources,extract_semantics_and_metadata
PKHeX.Core/Resources/text/wondercard/text_wondercard9_zh-Hans.txt,e6e865202113783981e17c0fc7b6f83c816a6471,765,core_resources,extract_semantics_and_metadata
PKHeX.Core/Resources/text/wondercard/text_wondercard9_zh-Hant.txt,13a9fd07688b3910ecfe3973fbc6d91fba106344,780,core_resources,extract_semantics_and_metadata
PKHeX.Core/Ribbons/IRibbonIndex.cs,48d2f9f7d63367dba6d8625e0446ea846ffb6e8c,827,core_ribbons,extract_semantics_and_metadata
PKHeX.Core/Ribbons/IRibbonSetAffixed.cs,671bda78ea436803bdf4f41c239abb3eb95671fe,598,core_ribbons,extract_semantics_and_metadata
PKHeX.Core/Ribbons/IRibbonSetCommon3.cs,ac2b2f8b8e26b1ec859f4f6a1923595be6dc7707,545,core_ribbons,extract_semantics_and_metadata
PKHeX.Core/Ribbons/IRibbonSetCommon4.cs,1c99149492c4d3aefb1b5e6c2cc65c2773c3c0b7,1492,core_ribbons,extract_semantics_and_metadata
PKHeX.Core/Ribbons/IRibbonSetCommon6.cs,5c8e44eeeed5738aa31e0430db6c1d62a314dc2e,1929,core_ribbons,extract_semantics_and_metadata
PKHeX.Core/Ribbons/IRibbonSetCommon7.cs,622accd0a777accd7a83210c388967ffd3d12c48,711,core_ribbons,extract_semantics_and_metadata
PKHeX.Core/Ribbons/IRibbonSetCommon8.cs,86611742ba5cf313c1234c62e7fec5e1dd7537a5,763,core_ribbons,extract_semantics_and_metadata
PKHeX.Core/Ribbons/IRibbonSetCommon9.cs,ddc3c772eefebbd31666dd4679e0da5debe889e3,684,core_ribbons,extract_semantics_and_metadata
PKHeX.Core/Ribbons/IRibbonSetEvent3.cs,4e882b4b2ba892881ec5347139a3f55bab85ff13,907,core_ribbons,extract_semantics_and_metadata
PKHeX.Core/Ribbons/IRibbonSetEvent4.cs,e536f3f3ea81f9b403ab8b51ccf4463d448f2476,1072,core_ribbons,extract_semantics_and_metadata
PKHeX.Core/Ribbons/IRibbonSetMark8.cs,45d020c43e49451424d335a85f0846f39a9d03e9,8625,core_ribbons,extract_semantics_and_metadata
PKHeX.Core/Ribbons/IRibbonSetMark9.cs,1381e5bbca07008b426a7fd83c56466836d1dba3,1074,core_ribbons,extract_semantics_and_metadata
PKHeX.Core/Ribbons/IRibbonSetMemory6.cs,b4558582c2d6f32fa28399bc502f3d32ff56652d,674,core_ribbons,extract_semantics_and_metadata
PKHeX.Core/Ribbons/Past/IRibbonSetOnly3.cs,1807d4ba6c11dc1f2a99e34f8d0028df9abd0dfe,540,core_ribbons,extract_semantics_and_metadata
PKHeX.Core/Ribbons/Past/IRibbonSetUnique3.cs,2faa9ab6fe4903636f1cf699baa17498f44f1fc8,453,core_ribbons,extract_semantics_and_metadata
PKHeX.Core/Ribbons/Past/IRibbonSetUnique4.cs,6dcba106479b83a80268f769dac1309b4f2a135b,2065,core_ribbons,extract_semantics_and_metadata
PKHeX.Core/Ribbons/Past/RibbonIndex3.cs,db33aa8307466b05e93896fd0df1db4f28b97fe1,4826,core_ribbons,extract_semantics_and_metadata
PKHeX.Core/Ribbons/Past/RibbonIndex4.cs,9d94f843fe45d5bd6c78795bd55a465cb9ec79b6,4634,core_ribbons,extract_semantics_and_metadata
PKHeX.Core/Ribbons/RibbonIndex.cs,6d9adfd56d7d797e531723468f3c0547d6b91031,26149,core_ribbons,extract_semantics_and_metadata
PKHeX.Core/Ribbons/RibbonInfo.cs,2ae7785c73a051acfb32c4c0f87c0181bf98c950,2036,core_ribbons,extract_semantics_and_metadata
PKHeX.Core/Saves/Abstractions/IStorageCleanup.cs,a72abe3bf8d0ee2121a17272bdf79e89dbf1720f,341,core_saves,extract_semantics_and_metadata
PKHeX.Core/Saves/Abstractions/ITrainerInfo.cs,1bbfa7f657622e87950ddbcfab3d732c38b8717b,4695,core_saves,extract_semantics_and_metadata
PKHeX.Core/Saves/Abstractions/SimpleTrainerInfo.cs,b8ef4f18e736df79f0bce12100aba1a4bb636442,4197,core_saves,extract_semantics_and_metadata
PKHeX.Core/Saves/Access/ISCBlockArray.cs,ff5ab34f65148c43185d592bfe8fa9028f370c5d,582,core_saves,extract_semantics_and_metadata
PKHeX.Core/Saves/Access/ISaveBlock5B2W2.cs,e4e9c4528c8ebcb71673a9f4f65a6e4eff0e2b31,250,core_saves,extract_semantics_and_metadata
PKHeX.Core/Saves/Access/ISaveBlock5BW.cs,b5fafbe976f7e4952e5e877076c6e8b05cd4bf07,849,core_saves,extract_semantics_and_metadata
PKHeX.Core/Saves/Access/ISaveBlock6AO.cs,27603630b354d3fc7c86436173a686e65560b81f,312,core_saves,extract_semantics_and_metadata
PKHeX.Core/Saves/Access/ISaveBlock6Core.cs,e177cc726a7c7d692400ed7bbf013004f3a7c13b,511,core_saves,extract_semantics_and_metadata
PKHeX.Core/Saves/Access/ISaveBlock6Main.cs,4213764cb4f935ba3d86d158092fddd4101af91d,713,core_saves,extract_semantics_and_metadata
PKHeX.Core/Saves/Access/ISaveBlock6XY.cs,d08ffdf4c375ffe2c5ce04854c1d635e5a6e3990,424,core_saves,extract_semantics_and_metadata
PKHeX.Core/Saves/Access/ISaveBlock7Main.cs,ec09be41798d64602e0dcc4efd424246fba7f55e,965,core_saves,extract_semantics_and_metadata
PKHeX.Core/Saves/Access/ISaveBlock7SM.cs,a2cc00711eaed4f5b95287c1032af94024a3588c,297,core_saves,extract_semantics_and_metadata
PKHeX.Core/Saves/Access/ISaveBlock7USUM.cs,7447d577cf38e48da83fc5b7ba45a57939494824,371,core_saves,extract_semantics_and_metadata
PKHeX.Core/Saves/Access/ISaveBlock7b.cs,c34b0dc76a271b0d004b690e9365120b0ccb2512,660,core_saves,extract_semantics_and_metadata
PKHeX.Core/Saves/Access/ISaveBlock8LA.cs,524999e30bf4bac077585b4f6eefee0353127b2e,503,core_saves,extract_semantics_and_metadata
PKHeX.Core/Saves/Access/ISaveBlock8Main.cs,5e060aef320044fb17f1bdf22c96678cf89b4cc9,706,core_saves,extract_semantics_and_metadata
PKHeX.Core/Saves/Access/ISaveBlock8SWSH.cs,c5c2f5ecb98ba75b86e0e01a306f04c4890780c6,301,core_saves,extract_semantics_and_metadata
PKHeX.Core/Saves/Access/ISaveBlock9Main.cs,8154f25e410791bd0f910677c31bf7af94fadef3,844,core_saves,extract_semantics_and_metadata
PKHeX.Core/Saves/Access/ISaveBlockAccessor.cs,9572c4c445868aabb0e6fcbf048d552f6495a51e,417,core_saves,extract_semantics_and_metadata
PKHeX.Core/Saves/Access/SCBlockAccessor.cs,103d3e92891ead83488d2248a0808f00864f7db8,6729,core_saves,extract_semantics_and_metadata
PKHeX.Core/Saves/Access/SaveBlockAccessor5B2W2.cs,7066d176694d80c53d9d8611ecfe64465fd7a12e,8038,core_saves,extract_semantics_and_metadata
PKHeX.Core/Saves/Access/SaveBlockAccessor5BW.cs,7095cb08a3fe5d5bb358314a5df0354a4871e8f9,7292,core_saves,extract_semantics_and_metadata
PKHeX.Core/Saves/Access/SaveBlockAccessor6AO.cs,3a69a96df8b644f17f486d10cccba409749e06ec,6758,core_saves,extract_semantics_and_metadata
PKHeX.Core/Saves/Access/SaveBlockAccessor6AODemo.cs,e6d9c96122917eeb4bab7e3032ff5dd108fdc99c,2555,core_saves,extract_semantics_and_metadata
PKHeX.Core/Saves/Access/SaveBlockAccessor6XY.cs,3f57ee85bb56027ef4b4bb6f1cd6fbe6bd4090eb,6483,core_saves,extract_semantics_and_metadata
PKHeX.Core/Saves/Access/SaveBlockAccessor7SM.cs,01299bafa88864ff3fd23b03149e139df919d4c7,4573,core_saves,extract_semantics_and_metadata
PKHeX.Core/Saves/Access/SaveBlockAccessor7USUM.cs,f0535b79dc2612a623891f080699b5963df800bf,4802,core_saves,extract_semantics_and_metadata
PKHeX.Core/Saves/Access/SaveBlockAccessor7b.cs,240cab8af559884f854da999cabf46b7f7de3ec1,3094,core_saves,extract_semantics_and_metadata
PKHeX.Core/Saves/Access/SaveBlockAccessor8LA.cs,e912ebab300ed0e2794da900a44f441678196dde,13786,core_saves,extract_semantics_and_metadata
PKHeX.Core/Saves/Access/SaveBlockAccessor8SWSH.cs,e07f0cb4d31d381a2b1506d1361d7c73f41c9860,47848,core_saves,extract_semantics_and_metadata
PKHeX.Core/Saves/Access/SaveBlockAccessor9SV.cs,d15e3c29255feb5f98f8f1befdf420d57c04718c,182109,core_saves,extract_semantics_and_metadata
PKHeX.Core/Saves/Access/SaveBlockAccessor9ZA.cs,dbb44483b2087a7216c1701bb7148a107c350584,11083,core_saves,extract_semantics_and_metadata
PKHeX.Core/Saves/Access/SaveBlockMetadata.cs,35d2931229eccf3550fadddb23d1ab2dda8fd57e,928,core_saves,extract_semantics_and_metadata
PKHeX.Core/Saves/Blocks/BlockInfo.cs,f81518b9f955ca53b36d2172989c2ffb1f10f21b,3271,core_saves,extract_semantics_and_metadata
PKHeX.Core/Saves/Blocks/BlockInfo3DS.cs,0d5028949c08f557c5bc2cc1f03f13e7ae99299e,1976,core_saves,extract_semantics_and_metadata
PKHeX.Core/Saves/Blocks/BlockInfo4.cs,c49e96ca4d97b8a45d4c1c1cb895856584248b1c,2789,core_saves,extract_semantics_and_metadata
PKHeX.Core/Saves/Blocks/BlockInfoNDS.cs,f8587c295e248936a9ba7cf41a4e74d8b51bb7ea,1156,core_saves,extract_semantics_and_metadata
PKHeX.Core/Saves/Blocks/BlockInfoRSBOX.cs,c4b290e685fe0b268037efc729e2ebf698ee914e,1182,core_saves,extract_semantics_and_metadata
PKHeX.Core/Saves/Blocks/Gen3/ISaveBlock3Large.cs,0e9ca51b3f22b0aa91eb6e8ec4366115145a5928,1201,core_saves,extract_semantics_and_metadata
PKHeX.Core/Saves/Blocks/Gen3/ISaveBlock3LargeExpansion.cs,8b851b21ea33fb87c53ead706958560efcee5c4f,461,core_saves,extract_semantics_and_metadata
PKHeX.Core/Saves/Blocks/Gen3/ISaveBlock3LargeHoenn.cs,490a523298a6499c312db425e16abdcbd7a09977,727,core_saves,extract_semantics_and_metadata
PKHeX.Core/Saves/Blocks/Gen3/ISaveBlock3Small.cs,433a643f6b6f3c6fb094e8724a3bf99cb1263d55,1104,core_saves,extract_semantics_and_metadata
PKHeX.Core/Saves/Blocks/Gen3/ISaveBlock3SmallExpansion.cs,718787d2c7c1b99b188f70ae309322cf61e897ca,672,core_saves,extract_semantics_and_metadata
PKHeX.Core/Saves/Blocks/Gen3/ISaveBlock3SmallHoenn.cs,929c0d1f90b70e092b84d74742a45f3314d756f8,375,core_saves,extract_semantics_and_metadata
PKHeX.Core/Saves/Blocks/Gen3/SaveBlock3LargeE.cs,1eb9038569e927434cb41316ce3f5ee53896c3ec,10365,core_saves,extract_semantics_and_metadata
PKHeX.Core/Saves/Blocks/Gen3/SaveBlock3LargeFRLG.cs,f80347e60cfb339a12612f25b84c913ed1eed24b,6153,core_saves,extract_semantics_and_metadata
PKHeX.Core/Saves/Blocks/Gen3/SaveBlock3LargeRS.cs,cbf22bb900e31eedf971231c90fcb06633968512,7436,core_saves,extract_semantics_and_metadata
PKHeX.Core/Saves/Blocks/Gen3/SaveBlock3SmallE.cs,c04d54c855c8190a822091f82f16f64ed894539a,5808,core_saves,extract_semantics_and_metadata
PKHeX.Core/Saves/Blocks/Gen3/SaveBlock3SmallFRLG.cs,52bca70654d7c09b25fa4cf5d7517e1e03221fd7,5482,core_saves,extract_semantics_and_metadata
PKHeX.Core/Saves/Blocks/Gen3/SaveBlock3SmallRS.cs,250627ba341b0caac790be74d21afec0d463d03b,3491,core_saves,extract_semantics_and_metadata
PKHeX.Core/Saves/Blocks/RecordBlock.cs,c8a1019e229972e9491a0fbd9973bbb2b66361b3,611,core_saves,extract_semantics_and_metadata
PKHeX.Core/Saves/Blocks/SaveBlock.cs,4ee7a1280362fe9c0f2bc238d3667e362498251f,627,core_saves,extract_semantics_and_metadata
PKHeX.Core/Saves/Encryption/ColoCrypto.cs,4061c6d988dab6bd7da510c9bba0e2583af69487,6083,core_saves,extract_semantics_and_metadata
PKHeX.Core/Saves/Encryption/GeniusCrypto.cs,65c77b7cffbdaba86b26435b85966171fd0b871c,3719,core_saves,extract_semantics_and_metadata
PKHeX.Core/Saves/Encryption/MemeCrypto/MemeCrypto.cs,d1d6d05ffc2a2ac5ba8883455fea7c5af3887c0d,6113,core_saves,extract_semantics_and_metadata
PKHeX.Core/Saves/Encryption/MemeCrypto/MemeKey.cs,5fc7e21e4b1d87d0199e4b97b104aa4f43f38bf4,20130,core_saves,extract_semantics_and_metadata
PKHeX.Core/Saves/Encryption/MemeCrypto/MemeKeyIndex.cs,3262105ac5e644d73df69097a5a7b21b5865b8a6,639,core_saves,extract_semantics_and_metadata
PKHeX.Core/Saves/Encryption/Providers/IAesCryptographyProvider.cs,ab8522c94cd1fcb089e3b5bd8c48c561129dd4e7,2509,core_saves,extract_semantics_and_metadata
PKHeX.Core/Saves/Encryption/Providers/IMd5Provider.cs,377391f3954b6a17646e7fa786d78657ccd71208,431,core_saves,extract_semantics_and_metadata
PKHeX.Core/Saves/Encryption/Providers/RuntimeCryptographyProvider.cs,2511fc5225a9f8c117bb7a831bad7f33e7ac8fb8,376,core_saves,extract_semantics_and_metadata
PKHeX.Core/Saves/Encryption/SwishCrypto/FnvHash.cs,30e0823a57eb65f4b601d3e37fa7823510afd3b3,2576,core_saves,extract_semantics_and_metadata
PKHeX.Core/Saves/Encryption/SwishCrypto/SCBlock.cs,14286c10d36ef9a2306cab1194e5a9ad2dbcf11e,12175,core_saves,extract_semantics_and_metadata
PKHeX.Core/Saves/Encryption/SwishCrypto/SCBlockCompare.cs,668763faf35863351d71bcc4b7f139b4fb0e0148,5090,core_saves,extract_semantics_and_metadata
PKHeX.Core/Saves/Encryption/SwishCrypto/SCBlockMetadata.cs,df581827dd7946cfb0c62524db58663b4543c1b4,6979,core_saves,extract_semantics_and_metadata
PKHeX.Core/Saves/Encryption/SwishCrypto/SCBlockUtil.cs,cfc3ae4d2166d5d6a5def65e14d8ac70529bae13,6385,core_saves,extract_semantics_and_metadata
PKHeX.Core/Saves/Encryption/SwishCrypto/SCTypeCode.cs,3318130f8c5c5051b69d87b58bbf9095415fa827,5492,core_saves,extract_semantics_and_metadata
PKHeX.Core/Saves/Encryption/SwishCrypto/SCXorShift32.cs,b4a0c056a24863821deeea84936590382b5ebdd0,1454,core_saves,extract_semantics_and_metadata
PKHeX.Core/Saves/Encryption/SwishCrypto/SwishCrypto.cs,a96baa61f2c2891990daed4decfa9e006cf02396,6951,core_saves,extract_semantics_and_metadata
PKHeX.Core/Saves/Encryption/XDCrypto.cs,687a638b69526e0682dfe232b7c284f9ef1b42f3,3050,core_saves,extract_semantics_and_metadata
PKHeX.Core/Saves/MemoryCard/DEntry.cs,52c6902b3511bdf8a819cb954b404c371f9ba84e,3266,core_saves,extract_semantics_and_metadata
PKHeX.Core/Saves/MemoryCard/MemoryCardChecksumStatus.cs,004c5a61be85d9a8b3a01f5c700ffbe368678028,247,core_saves,extract_semantics_and_metadata
PKHeX.Core/Saves/MemoryCard/MemoryCardSaveStatus.cs,1e21986a509034c223d244bb71acd7ed45287535,324,core_saves,extract_semantics_and_metadata
PKHeX.Core/Saves/MemoryCard/SAV3GCMemoryCard.cs,095840f9a2134d79a10da5c5b7741a6a73560064,12602,core_saves,extract_semantics_and_metadata
PKHeX.Core/Saves/SAV1.cs,2e781f3d574ae98f261a1f7551ca4255dc9cbd30,21154,core_saves,extract_semantics_and_metadata
PKHeX.Core/Saves/SAV1Stadium.cs,3dfd006d218734056d495b52bf1a97c15b47fa1f,15341,core_saves,extract_semantics_and_metadata
PKHeX.Core/Saves/SAV1StadiumJ.cs,40363c347e41b107e05eb1e0de5a8fb5c86f8945,5675,core_saves,extract_semantics_and_metadata
PKHeX.Core/Saves/SAV2.cs,5d6e11ccaca0b5c661fd23c54cd23348d773ad8e,27783,core_saves,extract_semantics_and_metadata
PKHeX.Core/Saves/SAV2Stadium.cs,6cac0a25b6efaa0f23c8426db237d1922a3eace6,11863,core_saves,extract_semantics_and_metadata
PKHeX.Core/Saves/SAV3.cs,7f2a5f544939521d14d210f5453eb2ff69671336,29101,core_saves,extract_semantics_and_metadata
PKHeX.Core/Saves/SAV3Colosseum.cs,5be4b0d682434c2f974ae58f5a10ebe3c5bc26fe,13679,core_saves,extract_semantics_and_metadata
PKHeX.Core/Saves/SAV3E.cs,e116a2ff8ceb8c522f840c9384988cf12c217f59,3066,core_saves,extract_semantics_and_metadata
PKHeX.Core/Saves/SAV3FRLG.cs,359551ab6a72f91e128bb012d33d2121641545f0,3066,core_saves,extract_semantics_and_metadata
PKHeX.Core/Saves/SAV3RS.cs,4eecc00ffaf937f73bbf19093526acbdf8c062f6,2268,core_saves,extract_semantics_and_metadata
PKHeX.Core/Saves/SAV3RSBox.cs,de3ba2a44d12f1dee9977c4ea809319a65dc9886,8634,core_saves,extract_semantics_and_metadata
PKHeX.Core/Saves/SAV3XD.cs,a5e01607bdf0e42696730ed548a1130035ed3242,14302,core_saves,extract_semantics_and_metadata
PKHeX.Core/Saves/SAV4.cs,591efd7906f415a517ebc27c15df5dbe9831c872,34273,core_saves,extract_semantics_and_metadata
PKHeX.Core/Saves/SAV4BR.cs,475b9c47c295e7f64a5009cf543ce555c1a4c986,24562,core_saves,extract_semantics_and_metadata
PKHeX.Core/Saves/SAV4DP.cs,26c86edaa77421eb23a36caa00a76b5045023770,5182,core_saves,extract_semantics_and_metadata
PKHeX.Core/Saves/SAV4HGSS.cs,1307dd08d9f0a54b72e6bbf734daeaaadf82c891,13931,core_saves,extract_semantics_and_metadata
PKHeX.Core/Saves/SAV4Pt.cs,9b5e5f7c1223fa1c6ca83ee2dd4487b0e3877751,8113,core_saves,extract_semantics_and_metadata
PKHeX.Core/Saves/SAV4Ranch.cs,5d584cef2b832b77bf2556652cb22465eeafd9b9,10218,core_saves,extract_semantics_and_metadata
PKHeX.Core/Saves/SAV4Sinnoh.cs,c4ed20afd8f74311f4c2b36891df8e99fb8db27b,9225,core_saves,extract_semantics_and_metadata
PKHeX.Core/Saves/SAV5.cs,e272738cf91e195fc19115c922ab9c9cef43977e,15284,core_saves,extract_semantics_and_metadata
PKHeX.Core/Saves/SAV5B2W2.cs,c27e4ec93ae809f69d863a181439a8ef86f43181,6283,core_saves,extract_semantics_and_metadata
PKHeX.Core/Saves/SAV5BW.cs,418e145085c03e978685e181ba7ad7d76bfef730,3214,core_saves,extract_semantics_and_metadata
PKHeX.Core/Saves/SAV6.cs,226fc9aa82a4f472df4170d7b5631d8ba32a0dbc,6719,core_saves,extract_semantics_and_metadata
PKHeX.Core/Saves/SAV6AO.cs,ab8a3baa4d5d8811e8256edb45bde6aa9172dca9,5622,core_saves,extract_semantics_and_metadata
PKHeX.Core/Saves/SAV6AODemo.cs,0dbcb95408050b1e1b37e515d6b3d6dd5e5aca5c,2458,core_saves,extract_semantics_and_metadata
PKHeX.Core/Saves/SAV6XY.cs,3be5c82097f2a506099d835bffc644aaf5fe5925,6717,core_saves,extract_semantics_and_metadata
PKHeX.Core/Saves/SAV7.cs,456eee14d1a8d9187114322697a5058f674633e3,10265,core_saves,extract_semantics_and_metadata
PKHeX.Core/Saves/SAV7SM.cs,bd73573c90b31ddea5b0a926aa845b7b22092979,3138,core_saves,extract_semantics_and_metadata
PKHeX.Core/Saves/SAV7USUM.cs,8daec16723524c170eaab87b67c3a34372d86c3a,3565,core_saves,extract_semantics_and_metadata
PKHeX.Core/Saves/SAV7b.cs,3d8ab5c29dbfe6b5206c27be5712b85fb685ad2b,7618,core_saves,extract_semantics_and_metadata
PKHeX.Core/Saves/SAV8BS.cs,b73adce551eccc832d1aaef9ff312bf2b353b401,16778,core_saves,extract_semantics_and_metadata
PKHeX.Core/Saves/SAV8LA.cs,74e364632251e39408592fa17d00dab8ef2195a4,10858,core_saves,extract_semantics_and_metadata
PKHeX.Core/Saves/SAV8SWSH.cs,f15931e9124c16031634682ac4580e834f9e17a5,13566,core_saves,extract_semantics_and_metadata
PKHeX.Core/Saves/SAV9SV.cs,aa80bbec582b9e400dc4ce1b96d554c0af3888d2,17940,core_saves,extract_semantics_and_metadata
PKHeX.Core/Saves/SAV9ZA.cs,cde13aa03e26c3f469310b4ce2ce0bacb2db01fd,10922,core_saves,extract_semantics_and_metadata
PKHeX.Core/Saves/SAV_BEEF.cs,bde4a9a3a35a0c3db23633dbeffebf60007f095c,1931,core_saves,extract_semantics_and_metadata
PKHeX.Core/Saves/SAV_STADIUM.cs,ad2b6ee18c642027d523f230d6bd5cd70595da8d,4020,core_saves,extract_semantics_and_metadata
PKHeX.Core/Saves/SaveFile.cs,285526fc0ded36187fc7968e25f595321cab74bd,32435,core_saves,extract_semantics_and_metadata
PKHeX.Core/Saves/SaveFileMetadata.cs,75eed6021eb03a708acb267f3a9607c12d38a264,8502,core_saves,extract_semantics_and_metadata
PKHeX.Core/Saves/SaveFileState.cs,1d998ca47729762013673feedebaaddf5ebbc505,497,core_saves,extract_semantics_and_metadata
PKHeX.Core/Saves/Storage/Bank3.cs,b37a0232a0166979bd2179b5737529fbadfc2f33,1370,core_saves,extract_semantics_and_metadata
PKHeX.Core/Saves/Storage/Bank4.cs,5df1ed04740138df8efa02a390bab15780c0225c,1370,core_saves,extract_semantics_and_metadata
PKHeX.Core/Saves/Storage/Bank7.cs,3de5c880c6fa892c50bdf21adbbcec3a3555b448,2638,core_saves,extract_semantics_and_metadata
PKHeX.Core/Saves/Storage/BulkStorage.cs,18962c6951c6cf5a25a78822194bad9ee7361b0a,2798,core_saves,extract_semantics_and_metadata
PKHeX.Core/Saves/Storage/EntityImportSettings.cs,342c211dc5775c0d851948bf4ec55f60bba9303a,821,core_saves,extract_semantics_and_metadata
PKHeX.Core/Saves/Storage/SlotPointerUtil.cs,bec6274b9869d10998f990d95bf6afc4a92f43b2,2924,core_saves,extract_semantics_and_metadata
PKHeX.Core/Saves/Storage/StorageSlotSource.cs,a3be9b231cadaff6569b774da5558dedf8d0c719,2925,core_saves,extract_semantics_and_metadata
PKHeX.Core/Saves/Substructures/Battle Videos/BVRequestUtil.cs,0532b3a01ef0c6a8063f0dfb8bac3ff9c71b61e1,4146,core_saves,extract_semantics_and_metadata
PKHeX.Core/Saves/Substructures/Battle Videos/BattleMode.cs,7ece6c269b8280537e8a4622221dae33a4547689,196,core_saves,extract_semantics_and_metadata
PKHeX.Core/Saves/Substructures/Battle Videos/BattleStyle6.cs,791c078c77c6d5edd969d33be52b3bff2ac3fdd8,116,core_saves,extract_semantics_and_metadata
PKHeX.Core/Saves/Substructures/Battle Videos/BattleVideo.cs,9cf3102ac3ab21a9b72421351332848c4da220bf,1057,core_saves,extract_semantics_and_metadata
PKHeX.Core/Saves/Substructures/Battle Videos/BattleVideo3.cs,579b8c216d110f6b86e12f81532aabe07889c8f0,2748,core_saves,extract_semantics_and_metadata
PKHeX.Core/Saves/Substructures/Battle Videos/BattleVideo4.cs,ecd3e2c125d7e1974c78299bb71637b831c4539c,10908,core_saves,extract_semantics_and_metadata
PKHeX.Core/Saves/Substructures/Battle Videos/BattleVideo5.cs,3a329e93c991b3883cde3e1e53db60dd06611c4c,13675,core_saves,extract_semantics_and_metadata
PKHeX.Core/Saves/Substructures/Battle Videos/BattleVideo6.cs,78f6003f4aa7dff03a18e681b89bee22eb5bdd94,8317,core_saves,extract_semantics_and_metadata
PKHeX.Core/Saves/Substructures/Battle Videos/BattleVideo7.cs,5d00b36ec9348668c37612e48d81d3ef834aa135,4005,core_saves,extract_semantics_and_metadata
PKHeX.Core/Saves/Substructures/Battle Videos/IBattleVideo.cs,74c7e6af98ed108c495fcf447e049e9f9fb882be,83,core_saves,extract_semantics_and_metadata
PKHeX.Core/Saves/Substructures/Battle Videos/MoveTarget.cs,8eeac9a9ba358b23a0530fe9e372088e1c9229e9,286,core_saves,extract_semantics_and_metadata
PKHeX.Core/Saves/Substructures/Battle Videos/RotateDirection.cs,1750a8042b6af773194ccdd85ace5c2769a32aba,89,core_saves,extract_semantics_and_metadata
PKHeX.Core/Saves/Substructures/Battle Videos/TurnActionCode.cs,b5be5d2431690dbf9383d1d2f8f43fa4edff6e0b,586,core_saves,extract_semantics_and_metadata
PKHeX.Core/Saves/Substructures/Battle Videos/TurnStartCode.cs,e0f58f014bb0f34ef5a50f786fec0bca51e6f2be,101,core_saves,extract_semantics_and_metadata
PKHeX.Core/Saves/Substructures/Battle Videos/TurnStartInstruction.cs,3055055f01832d11a53846368aa1428dd5c2ea55,398,core_saves,extract_semantics_and_metadata
PKHeX.Core/Saves/Substructures/Daycare/IDaycareEggState.cs,c751ac5868f1306cb97aae79c00e1b27f01719b1,99,core_saves,extract_semantics_and_metadata
PKHeX.Core/Saves/Substructures/Daycare/IDaycareExperience.cs,b54015d02153c67af6851cdd5da3912f1ddb6735,145,core_saves,extract_semantics_and_metadata
PKHeX.Core/Saves/Substructures/Daycare/IDaycareMulti.cs,61c4e54732a9772a88f59f251791b49ae189d1e9,134,core_saves,extract_semantics_and_metadata
PKHeX.Core/Saves/Substructures/Daycare/IDaycareRandomState.cs,693228757bb7778a2346f77f5e281fb2a363388f,92,core_saves,extract_semantics_and_metadata
PKHeX.Core/Saves/Substructures/Daycare/IDaycareStorage.cs,d1057111fb1a5605f9b3ab9a0d87780b214421a3,349,core_saves,extract_semantics_and_metadata
PKHeX.Core/Saves/Substructures/Gen12/G1OverworldSpawner.cs,68a44b909509ab670257430b4318c7b2ee3e61b3,4893,core_saves,extract_semantics_and_metadata
PKHeX.Core/Saves/Substructures/Gen12/HallOfFameEntity1.cs,d9bbbe9f90605d921d1f9b71b31033fa1b70dc9a,5185,core_saves,extract_semantics_and_metadata
PKHeX.Core/Saves/Substructures/Gen12/SAV1Offsets.cs,ebe0e8b12f801591e53e1fa0cdfbaa616573afd2,2868,core_saves,extract_semantics_and_metadata
PKHeX.Core/Saves/Substructures/Gen12/SAV2Offsets.cs,71ed8d8e7144d0561ead2cfcdab68d931052e997,7340,core_saves,extract_semantics_and_metadata
PKHeX.Core/Saves/Substructures/Gen3/BattleFrontier3/BattleFrontier3.cs,db8728b457a2430e21ce183b89374ed20325a20c,9442,core_saves,extract_semantics_and_metadata
PKHeX.Core/Saves/Substructures/Gen3/BattleFrontier3/BattleFrontierBattleMode3.cs,d65b6734b4b0db73d18323b13ca10079562886c3,130,core_saves,extract_semantics_and_metadata
PKHeX.Core/Saves/Substructures/Gen3/BattleFrontier3/BattleFrontierFacility3.cs,9f7039755ef05ca4f506237a8fbd2f8899e7dc52,171,core_saves,extract_semantics_and_metadata
PKHeX.Core/Saves/Substructures/Gen3/BattleFrontier3/BattleFrontierRecordType3.cs,5e6fdf7d7bd7cd07f52117414eaed36a64edee42,101,core_saves,extract_semantics_and_metadata
PKHeX.Core/Saves/Substructures/Gen3/BattleFrontier3/BattleFrontierStatType3.cs,3b720c544895ff3b16a0f968b829087fbdfe549c,238,core_saves,extract_semantics_and_metadata
PKHeX.Core/Saves/Substructures/Gen3/CXD/ShadowInfoEntryColo.cs,86e9f4eb23676a0fd0701749bf4d139f8c6b794d,725,core_saves,extract_semantics_and_metadata
PKHeX.Core/Saves/Substructures/Gen3/CXD/ShadowInfoEntryXD.cs,0e63d95b0235081e4da295dc5f98308028277a21,2487,core_saves,extract_semantics_and_metadata
PKHeX.Core/Saves/Substructures/Gen3/CXD/ShadowInfoTableXD.cs,c73a3d354ce9e1dcd5e9263bc131e76336695d72,1469,core_saves,extract_semantics_and_metadata
PKHeX.Core/Saves/Substructures/Gen3/Decoration3.cs,bb9d2615e25ee900fae84d76619958d7b877c58e,3102,core_saves,extract_semantics_and_metadata
PKHeX.Core/Saves/Substructures/Gen3/DecorationInventory3.cs,fa245b911f99ee92a0b6cd3373bafea05ec000e3,1118,core_saves,extract_semantics_and_metadata
PKHeX.Core/Saves/Substructures/Gen3/EReaderBerrySettings.cs,2bde19cc4ff7cd81e6a106ca5e7f06f906de9201,3180,core_saves,extract_semantics_and_metadata
PKHeX.Core/Saves/Substructures/Gen3/Events/MysteryEvent3.cs,00c55cf44451f7859a2536c0fc63ac8d5c375358,624,core_saves,extract_semantics_and_metadata
PKHeX.Core/Saves/Substructures/Gen3/Events/MysteryEvent3RS.cs,af35e2a96ca3861555ed4d559b3ef42464103c6b,418,core_saves,extract_semantics_and_metadata
PKHeX.Core/Saves/Substructures/Gen3/Events/WonderCard3.cs,699cb8332c8f62c0cd4a8de45a58cfa5cecb9fb3,2293,core_saves,extract_semantics_and_metadata
PKHeX.Core/Saves/Substructures/Gen3/Events/WonderCard3Extra.cs,2232e580ebd81f9e54e43c6bc9f32c40e311b9a9,934,core_saves,extract_semantics_and_metadata
PKHeX.Core/Saves/Substructures/Gen3/Events/WonderNews3.cs,9c100fc772789fc1c5cf991a549c8f510a7afc4e,1363,core_saves,extract_semantics_and_metadata
PKHeX.Core/Saves/Substructures/Gen3/Gen3MysteryData.cs,611852b173959102d4f3254afd9a179a1f4e898d,3309,core_saves,extract_semantics_and_metadata
PKHeX.Core/Saves/Substructures/Gen3/HallFame3.cs,c29e221354ff041c2d1b63bef808cb41ee04254a,4566,core_saves,extract_semantics_and_metadata
PKHeX.Core/Saves/Substructures/Gen3/Paintings3.cs,61122272284b260e607ca96da14b311a68752944,2670,core_saves,extract_semantics_and_metadata
PKHeX.Core/Saves/Substructures/Gen3/PokeBlock3.cs,4988f6871472341f867e4e6b71625f85f62aca5b,1722,core_saves,extract_semantics_and_metadata
PKHeX.Core/Saves/Substructures/Gen3/PokeBlock3Case.cs,698843ce2cb4b64b37a8000f2332f646e7ad1f1c,981,core_saves,extract_semantics_and_metadata
PKHeX.Core/Saves/Substructures/Gen3/PokeBlock3Color.cs,ed063f30abf7d657f0d7bf7501fd41ce10d61a31,295,core_saves,extract_semantics_and_metadata
PKHeX.Core/Saves/Substructures/Gen3/RTC3.cs,1c50086d52a20abbaee8e24d0667c90578e08204,537,core_saves,extract_semantics_and_metadata
PKHeX.Core/Saves/Substructures/Gen3/Record3.cs,4822fd96839077235d1b02dd844a9aa620ab1f25,6072,core_saves,extract_semantics_and_metadata
PKHeX.Core/Saves/Substructures/Gen3/RecordMixing3Gift.cs,4eb6553ab466e6bffa6d03e0fe75275e5db4f0b3,1133,core_saves,extract_semantics_and_metadata
PKHeX.Core/Saves/Substructures/Gen3/Roamer3.cs,4d0a43cb6a354624f210bd291d0b92810fa6070c,4014,core_saves,extract_semantics_and_metadata
PKHeX.Core/Saves/Substructures/Gen3/SAV3BlockDetection.cs,387ce630b1943cd0ad06e95fbb3eac27782e661b,1524,core_saves,extract_semantics_and_metadata
PKHeX.Core/Saves/Substructures/Gen3/SecretBase3.cs,cd5c3491a8af51b49bbfb842b582d6f39e1df3bf,2988,core_saves,extract_semantics_and_metadata
PKHeX.Core/Saves/Substructures/Gen3/SecretBase3PKM.cs,ea84c478ed92a622b594511b4a00c59a38bec8cf,2445,core_saves,extract_semantics_and_metadata
PKHeX.Core/Saves/Substructures/Gen3/SecretBase3Team.cs,7408fe890a6442b7087bf406f33109a6cebb7f02,2492,core_saves,extract_semantics_and_metadata
PKHeX.Core/Saves/Substructures/Gen3/SecretBaseManager3.cs,7afaaa77978681db2a80c73bf9fdd77eef7c4418,1656,core_saves,extract_semantics_and_metadata
PKHeX.Core/Saves/Substructures/Gen3/StrategyMemo.cs,7207ee61a22e08277d11f1f24cae48e3562fabbf,4173,core_saves,extract_semantics_and_metadata
PKHeX.Core/Saves/Substructures/Gen3/Swarm3.cs,7b17dbfcd125c283170e0f2a84979900a04cc43c,3275,core_saves,extract_semantics_and_metadata
PKHeX.Core/Saves/Substructures/Gen3/TrainerHillMode3E.cs,a186510b7d49cbf28bdf204250784c95a740e92b,129,core_saves,extract_semantics_and_metadata
PKHeX.Core/Saves/Substructures/Gen3/TrendyWord3E.cs,c14b4c5689e20854a5bed915f421e6369697d331,612,core_saves,extract_semantics_and_metadata
PKHeX.Core/Saves/Substructures/Gen4/Accessory4.cs,a007482718b74238572d3d73d298eff91934096b,2894,core_saves,extract_semantics_and_metadata
PKHeX.Core/Saves/Substructures/Gen4/Backdrop4.cs,40730cf51a7a584d1a99d67e5f163fe94caad77f,682,core_saves,extract_semantics_and_metadata
PKHeX.Core/Saves/Substructures/Gen4/BattleFrontierFacility4.cs,b6a0fb194278bea8c583e5bbd1dd24783128cfba,141,core_saves,extract_semantics_and_metadata
PKHeX.Core/Saves/Substructures/Gen4/BattleFrontierPrintStatus4.cs,b3bbe9349d7a7b8b994ef83df5ad0564e658e035,171,core_saves,extract_semantics_and_metadata
PKHeX.Core/Saves/Substructures/Gen4/Chatter4.cs,444935cc404c5d0d585ae8445f1701c9da044bbc,710,core_saves,extract_semantics_and_metadata
PKHeX.Core/Saves/Substructures/Gen4/Dendou4.cs,8d469a55c58b60390cb1f37a84fa4302856b335f,5527,core_saves,extract_semantics_and_metadata
PKHeX.Core/Saves/Substructures/Gen4/Geonet4.cs,6c60008a65b6ff50d815316b167a0dbc8bf90d81,2541,core_saves,extract_semantics_and_metadata
PKHeX.Core/Saves/Substructures/Gen4/Group4.cs,29a9c30b2802ea48c703174ffb358fa0c775650e,1571,core_saves,extract_semantics_and_metadata
PKHeX.Core/Saves/Substructures/Gen4/Hall4.cs,0c975bed12db969d9bbf21126a61bf906a3a5489,2726,core_saves,extract_semantics_and_metadata
PKHeX.Core/Saves/Substructures/Gen4/HoneyTreeUtil.cs,e963c665c6d131225fabc75fa25081b64a1f9d72,5158,core_saves,extract_semantics_and_metadata
PKHeX.Core/Saves/Substructures/Gen4/HoneyTreeValue.cs,6c43c7a1dfe505b04ff9c5acf1054f6b60d317fe,748,core_saves,extract_semantics_and_metadata
PKHeX.Core/Saves/Substructures/Gen4/PBR/BattlePass.cs,2491ebfc1ec1a2836e8679728f419caa41e5db30,14282,core_saves,extract_semantics_and_metadata
PKHeX.Core/Saves/Substructures/Gen4/PBR/BattlePassAccessor.cs,f8b633fd413b6882455dc2a4f068be6946113655,4995,core_saves,extract_semantics_and_metadata
PKHeX.Core/Saves/Substructures/Gen4/PBR/BattlePassLanguage.cs,5f20c8d226f208ce33870a1b7d53df2a8d9db68c,1978,core_saves,extract_semantics_and_metadata
PKHeX.Core/Saves/Substructures/Gen4/PBR/BattlePassType.cs,a3f014f5127f7df2fa9f6aa3505ff88123b391b2,168,core_saves,extract_semantics_and_metadata
PKHeX.Core/Saves/Substructures/Gen4/PBR/GearCategory.cs,d2994413826c45ca588dd3643916c0478e02ee39,207,core_saves,extract_semantics_and_metadata
PKHeX.Core/Saves/Substructures/Gen4/PBR/GearUnlock.cs,ffb2736b2e44551693b76d6fae6293f648bee7e6,5967,core_saves,extract_semantics_and_metadata
PKHeX.Core/Saves/Substructures/Gen4/PBR/ModelBR.cs,944835e24e031d3e6031cad1134da35c9bb8d313,275,core_saves,extract_semantics_and_metadata
PKHeX.Core/Saves/Substructures/Gen4/Poffin4.cs,8ddeac84fc544b49cc770e925774eb43a463be09,2213,core_saves,extract_semantics_and_metadata
PKHeX.Core/Saves/Substructures/Gen4/PoffinCase4.cs,72a47f0b7b7f105a2ee3fab28aa4252c966f92d6,1531,core_saves,extract_semantics_and_metadata
PKHeX.Core/Saves/Substructures/Gen4/PoffinFlavor4.cs,5d64b74f0b04a8c2dd6c428c7318ddb8a0b0e513,585,core_saves,extract_semantics_and_metadata
PKHeX.Core/Saves/Substructures/Gen4/Pokeathlon/Aprijuice4.cs,c9e67010e9f9d9914c692bddfa36c7bb4c40f2c3,1783,core_saves,extract_semantics_and_metadata
PKHeX.Core/Saves/Substructures/Gen4/Pokeathlon/DataCard4.cs,a5bf8cf5fb799544e146d3c1c550979de205cfe7,1569,core_saves,extract_semantics_and_metadata
PKHeX.Core/Saves/Substructures/Gen4/Pokeathlon/Pokeathlon4.cs,691c272626b9d25404611a8b0461bafa885fbcbf,5013,core_saves,extract_semantics_and_metadata
PKHeX.Core/Saves/Substructures/Gen4/Pokeathlon/PokeathlonConnection4.cs,183ea41e79177836da037d1928384592dd03cdbf,721,core_saves,extract_semantics_and_metadata
PKHeX.Core/Saves/Substructures/Gen4/Pokeathlon/PokeathlonCourseRecord4.cs,2e4cbb482614eea43804af05d4f532d0c478ad58,1024,core_saves,extract_semantics_and_metadata
PKHeX.Core/Saves/Substructures/Gen4/Pokeathlon/PokeathlonEvent4.cs,9b4d1fec186c0aa3ea596841fa13107bd3fefb7e,417,core_saves,extract_semantics_and_metadata
PKHeX.Core/Saves/Substructures/Gen4/Pokeathlon/PokeathlonEventData4.cs,5542feaf751d7a6598905acdf1ab33afd2799725,710,core_saves,extract_semantics_and_metadata
PKHeX.Core/Saves/Substructures/Gen4/Pokeathlon/PokeathlonEventRecord4.cs,c19f3f0d1e661f74b6b180a636280a643991d3a4,1179,core_saves,extract_semantics_and_metadata
PKHeX.Core/Saves/Substructures/Gen4/Pokeathlon/PokeathlonEventTrainer4.cs,b3627d0e4b9e18f4ae6ad1fb5e5f3912b12880db,1049,core_saves,extract_semantics_and_metadata
PKHeX.Core/Saves/Substructures/Gen4/Pokeathlon/PokeathlonGlobalCounters4.cs,ba0fc6ca163009a1ca49d5684090eea1f03f40c0,9914,core_saves,extract_semantics_and_metadata
PKHeX.Core/Saves/Substructures/Gen4/Pokeathlon/PokeathlonMedalManager4.cs,2da8d2ce39458f14e84f6efa5197677594a74d56,2131,core_saves,extract_semantics_and_metadata
PKHeX.Core/Saves/Substructures/Gen4/Pokeathlon/PokeathlonParticipant4.cs,0475a159f0eeaf0472ce0aa930545eef6373909f,1637,core_saves,extract_semantics_and_metadata
PKHeX.Core/Saves/Substructures/Gen4/Pokeathlon/PokeathlonStat4.cs,a519d53536be4725c2d3193260b554842f712f5e,205,core_saves,extract_semantics_and_metadata
PKHeX.Core/Saves/Substructures/Gen4/Pokeathlon/SpeciesForm10.cs,c1d0b84f7b35747bdcf5634845c5dc006a330e12,736,core_saves,extract_semantics_and_metadata
PKHeX.Core/Saves/Substructures/Gen4/PokegearNumber.cs,8ae9e5ba53a7c5826a6ef38474a15609180d4223,1051,core_saves,extract_semantics_and_metadata
PKHeX.Core/Saves/Substructures/Gen4/PoketchApp.cs,1d5ce43560fd3fe523fdebaf14a10245f409eaf1,471,core_saves,extract_semantics_and_metadata
PKHeX.Core/Saves/Substructures/Gen4/PoketchColor.cs,b3d746565805f86c3e4c4d20260de908b049e279,176,core_saves,extract_semantics_and_metadata
PKHeX.Core/Saves/Substructures/Gen4/Ranch/RanchLevel.cs,f510185c827e865124c9e3de4880c3d0244738e0,1131,core_saves,extract_semantics_and_metadata
PKHeX.Core/Saves/Substructures/Gen4/Ranch/RanchMii.cs,641b1dbe80a63b07b02b411fa832a6455a3377ee,722,core_saves,extract_semantics_and_metadata
PKHeX.Core/Saves/Substructures/Gen4/Ranch/RanchOwnershipType.cs,c08eb18e214591ab9b3da3ba9990d046b60f2a5d,324,core_saves,extract_semantics_and_metadata
PKHeX.Core/Saves/Substructures/Gen4/Ranch/RanchToy.cs,db854491a54b6b39ef5cce47620a9e859b5c96e3,454,core_saves,extract_semantics_and_metadata
PKHeX.Core/Saves/Substructures/Gen4/Ranch/RanchToyType.cs,efb9800689b4a09271b7f91d6a58c8c5c19a2f81,1253,core_saves,extract_semantics_and_metadata
PKHeX.Core/Saves/Substructures/Gen4/Ranch/RanchTrainerMii.cs,e68cb288b5c11eacbd3ff1ae28ef351ee0f8d888,1131,core_saves,extract_semantics_and_metadata
PKHeX.Core/Saves/Substructures/Gen4/Record4.cs,bd75bfc5e45f4b32ba8a01263d509ad2856ef559,9897,core_saves,extract_semantics_and_metadata
PKHeX.Core/Saves/Substructures/Gen4/Roamer4.cs,1bac059191f855212cbddf98c381117af15978dd,2723,core_saves,extract_semantics_and_metadata
PKHeX.Core/Saves/Substructures/Gen4/SAV4BlockDetection.cs,13c41a36f1e07c10840106c00d52800645e20518,3956,core_saves,extract_semantics_and_metadata
PKHeX.Core/Saves/Substructures/Gen4/Seal4.cs,853110340cf104ff49ca22fbfc2bb4315c2b1182,1617,core_saves,extract_semantics_and_metadata
PKHeX.Core/Saves/Substructures/Gen4/ToughWord4.cs,544a8ed6422851a94ddcb3fa29e1b9054dc756dc,672,core_saves,extract_semantics_and_metadata
PKHeX.Core/Saves/Substructures/Gen4/VillaFurniture4.cs,ec3955869f3e3fce23b323ad7e14c426c2d2d650,413,core_saves,extract_semantics_and_metadata
PKHeX.Core/Saves/Substructures/Gen4/Wallpaper4Pt.cs,9bf26c6b1423bed9590199e2d8f2c5d628f0be36,470,core_saves,extract_semantics_and_metadata
PKHeX.Core/Saves/Substructures/Gen5/AdventureInfo5.cs,130aa1f68e3d1342c478df3604e49b7d11b8e663,4496,core_saves,extract_semantics_and_metadata
PKHeX.Core/Saves/Substructures/Gen5/BattleBox5.cs,eeb850fefa8507f5052bb77c5390cb9e30bfd79b,1120,core_saves,extract_semantics_and_metadata
PKHeX.Core/Saves/Substructures/Gen5/BattleSubway5.cs,3a4aa04c227d05464aabf208866e43334749e666,5152,core_saves,extract_semantics_and_metadata
PKHeX.Core/Saves/Substructures/Gen5/BattleSubwayPlay5.cs,0bf82aee5a6f13382b16b4f7095de1082e9618ec,306,core_saves,extract_semantics_and_metadata
PKHeX.Core/Saves/Substructures/Gen5/BattleTest5.cs,9af17837b594492d706743e49c3c76353670c2e2,2012,core_saves,extract_semantics_and_metadata
PKHeX.Core/Saves/Substructures/Gen5/BoxLayout5.cs,3a2d52a3821894433a6697bfb5e46f8f84424ca5,1437,core_saves,extract_semantics_and_metadata
PKHeX.Core/Saves/Substructures/Gen5/Chatter5.cs,54b1e387bb00bd82090190d28f034508e3740e01,660,core_saves,extract_semantics_and_metadata
PKHeX.Core/Saves/Substructures/Gen5/DateQuad5.cs,031391551826cfa0735a09bc3d2f171e967f50c8,1531,core_saves,extract_semantics_and_metadata
PKHeX.Core/Saves/Substructures/Gen5/Daycare5.cs,f8bcc90b387753d7b7fd358aeb0c563bcd09b2ac,1963,core_saves,extract_semantics_and_metadata
PKHeX.Core/Saves/Substructures/Gen5/Encount5.cs,c36a810284002d0d9996b300daee8a07951a1e07,2030,core_saves,extract_semantics_and_metadata
PKHeX.Core/Saves/Substructures/Gen5/Entralink5.cs,e8b09e33f87baa5e2983c588d5b8d75d496e5fce,1111,core_saves,extract_semantics_and_metadata
PKHeX.Core/Saves/Substructures/Gen5/Entree/EntreeForest.cs,84d090c878f09a3231e93f91a442c0c6c963e8c4,3474,core_saves,extract_semantics_and_metadata
PKHeX.Core/Saves/Substructures/Gen5/Entree/EntreeForestArea.cs,0b75b17d0290b27da05249af86803c0a8b1c8319,382,core_saves,extract_semantics_and_metadata
PKHeX.Core/Saves/Substructures/Gen5/Entree/EntreeSlot.cs,7c21086670b384ad9c3a3d24b399777a8997f725,2741,core_saves,extract_semantics_and_metadata
PKHeX.Core/Saves/Substructures/Gen5/EventWork5.cs,e2cfd1c3521a087eab8e2431c0ada001ad62a2b2,2243,core_saves,extract_semantics_and_metadata
PKHeX.Core/Saves/Substructures/Gen5/FestaBlock5.cs,b2d82a1af69109a416fc34c2a7e703ecb5321512,6901,core_saves,extract_semantics_and_metadata
PKHeX.Core/Saves/Substructures/Gen5/GTS5.cs,aeca69d1621fe8b604df825fb8b40926d4bb4a87,958,core_saves,extract_semantics_and_metadata
PKHeX.Core/Saves/Substructures/Gen5/GlobalLink5.cs,b376f4713fed9a1c218d6151ec3a479003f06cb6,4063,core_saves,extract_semantics_and_metadata
PKHeX.Core/Saves/Substructures/Gen5/Join Avenue/IJoinAvenueEntity5.cs,7223ff05e856ae172a396b543680a9846a209dc7,3467,core_saves,extract_semantics_and_metadata
PKHeX.Core/Saves/Substructures/Gen5/Join Avenue/JoinAvenue5.cs,eee7aa64b45963d20823927fa893975ba3baac7f,2242,core_saves,extract_semantics_and_metadata
PKHeX.Core/Saves/Substructures/Gen5/Join Avenue/JoinAvenueAssistant5.cs,ce8bd4d990b5225c8364d174cb558ec21a8ead80,3554,core_saves,extract_semantics_and_metadata
PKHeX.Core/Saves/Substructures/Gen5/Join Avenue/JoinAvenueCeilingColor5.cs,115c5156674fa9fb13c27b12c28755071aecdda7,133,core_saves,extract_semantics_and_metadata
PKHeX.Core/Saves/Substructures/Gen5/Join Avenue/JoinAvenueDate5.cs,784323eee783037b47f51d508c6869a7af2d2706,1113,core_saves,extract_semantics_and_metadata
PKHeX.Core/Saves/Substructures/Gen5/Join Avenue/JoinAvenueFan5.cs,c504782ea77afa1973c1e5eecb12cfc275d46eb1,4085,core_saves,extract_semantics_and_metadata
PKHeX.Core/Saves/Substructures/Gen5/Join Avenue/JoinAvenueRecordIndex5.cs,17622870e6044dec4059b05f994cfbf48297175e,285,core_saves,extract_semantics_and_metadata
PKHeX.Core/Saves/Substructures/Gen5/Join Avenue/JoinAvenueSettings5.cs,03fa7d960d1e8e6ef338481fa772d103100268f1,4907,core_saves,extract_semantics_and_metadata
PKHeX.Core/Saves/Substructures/Gen5/Join Avenue/JoinAvenueShopType5.cs,95fae29f877bee384a11f82b5c7b35152e94fba2,190,core_saves,extract_semantics_and_metadata
PKHeX.Core/Saves/Substructures/Gen5/Join Avenue/JoinAvenueVisitor5.cs,edb6882c52f8085f13558efe6446d3c5e13e60b6,13482,core_saves,extract_semantics_and_metadata
PKHeX.Core/Saves/Substructures/Gen5/KeySystem5.cs,545c63e20fc0d3dbfcf0a6ca351fa853908a4003,7227,core_saves,extract_semantics_and_metadata
PKHeX.Core/Saves/Substructures/Gen5/Medal5.cs,94ba26f02e5fe7f618eadf6023f260d260830084,2621,core_saves,extract_semantics_and_metadata
PKHeX.Core/Saves/Substructures/Gen5/MedalList5.cs,8dfce612f04b18bf4c46a992ea3a528493875ea8,7283,core_saves,extract_semantics_and_metadata
PKHeX.Core/Saves/Substructures/Gen5/Misc5.cs,ea67725f9f720259ae13ab17befde1a7474981b3,2409,core_saves,extract_semantics_and_metadata
PKHeX.Core/Saves/Substructures/Gen5/Musical5.cs,77f05b941513cea67535667451baeb62f5d9e29b,1347,core_saves,extract_semantics_and_metadata
PKHeX.Core/Saves/Substructures/Gen5/MusicalShow5.cs,c90defe1efcdc79d9921030b68e320761e620708,636,core_saves,extract_semantics_and_metadata
PKHeX.Core/Saves/Substructures/Gen5/MyItem5B2W2.cs,ec2bb01e0aecd89e915ade48494dcf85743500b9,122,core_saves,extract_semantics_and_metadata
PKHeX.Core/Saves/Substructures/Gen5/MyItem5BW.cs,cd472f3d8080414188e88f075664fd9e34bcd387,118,core_saves,extract_semantics_and_metadata
PKHeX.Core/Saves/Substructures/Gen5/MysteryBlock5.cs,9b2e0cebbff2161974fe7b3f213df9f5979b9e41,2917,core_saves,extract_semantics_and_metadata
PKHeX.Core/Saves/Substructures/Gen5/PWTBlock5.cs,920f2037db95b14d308626c7b7cac5e664a8088b,816,core_saves,extract_semantics_and_metadata
PKHeX.Core/Saves/Substructures/Gen5/PWTRecordID.cs,0220103808098b48e92a3014d1e791ca5f8210d6,397,core_saves,extract_semantics_and_metadata
PKHeX.Core/Saves/Substructures/Gen5/PassPower5.cs,929f2e66dc3edee33400ed1fb2cb3651774e911d,1528,core_saves,extract_semantics_and_metadata
PKHeX.Core/Saves/Substructures/Gen5/PlayerData5.cs,877bb6647de34b2e336102df27408cc783a44c60,14308,core_saves,extract_semantics_and_metadata
PKHeX.Core/Saves/Substructures/Gen5/PlayerPosition5.cs,f7858a29362cc57b9a04899670bc251e26cc5cc9,694,core_saves,extract_semantics_and_metadata
PKHeX.Core/Saves/Substructures/Gen5/PokestarMovie5.cs,35664d2455c2ef743a3fe1335d4ffbeacf6d795b,353,core_saves,extract_semantics_and_metadata
PKHeX.Core/Saves/Substructures/Gen5/Record5.cs,d07a7762f6b2d6b2510cad92ff0d0d761ec97b35,2615,core_saves,extract_semantics_and_metadata
PKHeX.Core/Saves/Substructures/Gen5/Roamer5.cs,dafeff67114c50c171310984c4fc500d0d941f82,2898,core_saves,extract_semantics_and_metadata
PKHeX.Core/Saves/Substructures/Gen5/SkinInfo5.cs,f0b99f8857a09a9fc3e9ed25c10d6cb64c0334f2,1336,core_saves,extract_semantics_and_metadata
PKHeX.Core/Saves/Substructures/Gen5/TiledImage/CGearBackground.cs,731f3200bf77915d83c53017e1db82911eaceeba,2414,core_saves,extract_semantics_and_metadata
PKHeX.Core/Saves/Substructures/Gen5/TiledImage/CGearBackgroundB2W2.cs,0296c70730cf149d89991285e8d7246a08e2132b,404,core_saves,extract_semantics_and_metadata
PKHeX.Core/Saves/Substructures/Gen5/TiledImage/CGearBackgroundBW.cs,0cdcffd054af2d69318480479202e521a1cbc1fa,1369,core_saves,extract_semantics_and_metadata
PKHeX.Core/Saves/Substructures/Gen5/TiledImage/Color15Bit.cs,045ad17e527f661b127501d4287a9efe3d7dc874,1977,core_saves,extract_semantics_and_metadata
PKHeX.Core/Saves/Substructures/Gen5/TiledImage/ITiledImage.cs,7b3e2e432c87fe125533da169c04aabe645be06d,1290,core_saves,extract_semantics_and_metadata
PKHeX.Core/Saves/Substructures/Gen5/TiledImage/PaletteColorSet.cs,273d54a3547a4ed25ccadc76958c909ef58dcdfa,1973,core_saves,extract_semantics_and_metadata
PKHeX.Core/Saves/Substructures/Gen5/TiledImage/PaletteTile.cs,2f9e451c406d266daadaf58f576772dde0541153,2124,core_saves,extract_semantics_and_metadata
PKHeX.Core/Saves/Substructures/Gen5/TiledImage/PaletteTileOperations.cs,cf0e44575fe3cfcc0032877980c7f3106403728f,6042,core_saves,extract_semantics_and_metadata
PKHeX.Core/Saves/Substructures/Gen5/TiledImage/PaletteTileRotation.cs,3f046188ef959340afdfcda11df09841adc75d3b,570,core_saves,extract_semantics_and_metadata
PKHeX.Core/Saves/Substructures/Gen5/TiledImage/PaletteTileSelection.cs,3abf941ccfd82f7834dec7d2b60d3ad1f830c0c7,5747,core_saves,extract_semantics_and_metadata
PKHeX.Core/Saves/Substructures/Gen5/TiledImage/PokeDexSkin5.cs,423c88d034b64806024e86245945abc85973b955,1300,core_saves,extract_semantics_and_metadata
PKHeX.Core/Saves/Substructures/Gen5/TiledImage/TiledImageConverter.cs,ef67e29e5692d8d23bfff3e210d632c174aa0ee2,8268,core_saves,extract_semantics_and_metadata
PKHeX.Core/Saves/Substructures/Gen5/TiledImage/TiledImageStat.cs,0f4993965ac17a7e8efc9d70e79c3d7411142c9c,2296,core_saves,extract_semantics_and_metadata
PKHeX.Core/Saves/Substructures/Gen5/UnityTower5.cs,63472272fe3318326feedc6128ec8c301c142124,3604,core_saves,extract_semantics_and_metadata
PKHeX.Core/Saves/Substructures/Gen5/WhiteBlack5.cs,67c6b07ad139a5d30586d5bf79ba0158d57025a7,662,core_saves,extract_semantics_and_metadata
PKHeX.Core/Saves/Substructures/Gen5/WorldTournament5.cs,b398c37d25672eafc8eb6993f8c4761046c74f49,1626,core_saves,extract_semantics_and_metadata
PKHeX.Core/Saves/Substructures/Gen6/BattleBox6.cs,ed689a0ebb3c4b53cabdca77a179d82c21f2c1da,1215,core_saves,extract_semantics_and_metadata
PKHeX.Core/Saves/Substructures/Gen6/BerryField6AO.cs,71ad59e48a9a3207bf08571f861fb78898ec04d1,1912,core_saves,extract_semantics_and_metadata
PKHeX.Core/Saves/Substructures/Gen6/BerryField6XY.cs,90e86b1fc4ef6235cc000e3c2dba418bea796df7,542,core_saves,extract_semantics_and_metadata
PKHeX.Core/Saves/Substructures/Gen6/BoxLayout6.cs,9eb89dc740d51320b4a5c8591d18c25700df6d40,2611,core_saves,extract_semantics_and_metadata
PKHeX.Core/Saves/Substructures/Gen6/ConfigSave6.cs,16f7fa847bc9cb0652b473fc7ce8f0d5b8534efd,3256,core_saves,extract_semantics_and_metadata
PKHeX.Core/Saves/Substructures/Gen6/Contest6.cs,a93e74013657a1bef506f1187135a85a40fba2f3,768,core_saves,extract_semantics_and_metadata
PKHeX.Core/Saves/Substructures/Gen6/Daycare6AO.cs,2e09622bd3191dc782493f4f06cd17c267d846df,2843,core_saves,extract_semantics_and_metadata
PKHeX.Core/Saves/Substructures/Gen6/Encount6.cs,f6fcf25a51506efae59491e8f2411785dee6f5f2,5268,core_saves,extract_semantics_and_metadata
PKHeX.Core/Saves/Substructures/Gen6/EventWork6.cs,a7336219ce12811bed3654717218704c3b7394c3,1120,core_saves,extract_semantics_and_metadata
PKHeX.Core/Saves/Substructures/Gen6/Fashion6XY.cs,77e8e38fa85f1ad4bfc43011b37fe43a8eeaee30,900,core_saves,extract_semantics_and_metadata
PKHeX.Core/Saves/Substructures/Gen6/FieldMoveModelSave6.cs,321f4a6b3b9617d0261c5aeaeb2241bca25323a5,1437,core_saves,extract_semantics_and_metadata
PKHeX.Core/Saves/Substructures/Gen6/GTS6.cs,9041f6062f86f93f4405998e58004789d181b81b,237,core_saves,extract_semantics_and_metadata
PKHeX.Core/Saves/Substructures/Gen6/GameTime6.cs,fcba5a8c9f26d804190f4cce6ae8dc48d9e836fd,975,core_saves,extract_semantics_and_metadata
PKHeX.Core/Saves/Substructures/Gen6/HallFame6Entity.cs,70706acb70853c8b64311936ec9241f0387eef67,4599,core_saves,extract_semantics_and_metadata
PKHeX.Core/Saves/Substructures/Gen6/HallOfFame6.cs,284c4cd55479d7519ed0216049e2b73a9d933660,1734,core_saves,extract_semantics_and_metadata
PKHeX.Core/Saves/Substructures/Gen6/IGymTeamInfo.cs,c843ecb573f7ba0b6bacffe36db754ba0f33cb8c,1196,core_saves,extract_semantics_and_metadata
PKHeX.Core/Saves/Substructures/Gen6/ItemInfo6.cs,8bade7953f78c53cb6154a10c4f4853ac0aa0831,1525,core_saves,extract_semantics_and_metadata
PKHeX.Core/Saves/Substructures/Gen6/LinkBlock6.cs,b6dfdfa72fdf75f364a7e2d49e8cf157d30c26d7,727,core_saves,extract_semantics_and_metadata
PKHeX.Core/Saves/Substructures/Gen6/MaisonBlock.cs,57a66abe13c9788ca75bde034ead4f0c78814248,1052,core_saves,extract_semantics_and_metadata
PKHeX.Core/Saves/Substructures/Gen6/Misc6AO.cs,99c9dfb62dfcc3761d46e265d96130d01eeb02d5,857,core_saves,extract_semantics_and_metadata
PKHeX.Core/Saves/Substructures/Gen6/Misc6XY.cs,d729f766ed8c2822df7a1608926b9754b8333b13,696,core_saves,extract_semantics_and_metadata
PKHeX.Core/Saves/Substructures/Gen6/MyItem6AO.cs,e7e2f6cdfdca11ac37117be2dd053d00dfa4e5ea,233,core_saves,extract_semantics_and_metadata
PKHeX.Core/Saves/Substructures/Gen6/MyItem6XY.cs,794a76b131559976754a778ac7be32ab4270240e,118,core_saves,extract_semantics_and_metadata
PKHeX.Core/Saves/Substructures/Gen6/MyStatus6.cs,bea194071b2a59ef33db55d072a75b32296c99ff,3943,core_saves,extract_semantics_and_metadata
PKHeX.Core/Saves/Substructures/Gen6/MyStatus6XY.cs,11e7adf9e64333b520f69080751fe6d0cf2f4ab4,1061,core_saves,extract_semantics_and_metadata
PKHeX.Core/Saves/Substructures/Gen6/MysteryBlock6.cs,011adf4f7a2cff8e22aa197b786a85678258b96b,2422,core_saves,extract_semantics_and_metadata
PKHeX.Core/Saves/Substructures/Gen6/OPower/OPower6.cs,6b83b49c75e0731695107692b4f4b7cc2aff1701,2670,core_saves,extract_semantics_and_metadata
PKHeX.Core/Saves/Substructures/Gen6/OPower/OPower6BattleType.cs,7053c61861bb2bd87903b742d53dae027434cae7,205,core_saves,extract_semantics_and_metadata
PKHeX.Core/Saves/Substructures/Gen6/OPower/OPower6FieldType.cs,78109622867c025e81aba49d8f2210f69b1a78ee,270,core_saves,extract_semantics_and_metadata
PKHeX.Core/Saves/Substructures/Gen6/OPower/OPower6Type.cs,558c77c2a80c8eda1bbc5a7019286a86a6a84095,2819,core_saves,extract_semantics_and_metadata
PKHeX.Core/Saves/Substructures/Gen6/OPower/OPower6Value.cs,f2c937d5ae07290196334e3c5c4c4e64f85fb2f4,110,core_saves,extract_semantics_and_metadata
PKHeX.Core/Saves/Substructures/Gen6/OPower/OPowerFlagState.cs,a793b4f2e240b4ef26b0c53632a6f92872adc621,96,core_saves,extract_semantics_and_metadata
PKHeX.Core/Saves/Substructures/Gen6/PSS6.cs,ffc4ed82de51de8bb51165acd8f0a888f006d117,3009,core_saves,extract_semantics_and_metadata
PKHeX.Core/Saves/Substructures/Gen6/PlayTime6.cs,55b05f0dde50962401d416859089d92faf07ee9d,2515,core_saves,extract_semantics_and_metadata
PKHeX.Core/Saves/Substructures/Gen6/Puff6.cs,011e5f7e8171c4efd4f753c285f353a8b27721a4,1511,core_saves,extract_semantics_and_metadata
PKHeX.Core/Saves/Substructures/Gen6/RecordBlock6.cs,e06a7d58188b3454e981d890d88e6244fd40b3ed,5507,core_saves,extract_semantics_and_metadata
PKHeX.Core/Saves/Substructures/Gen6/SangoInfoBlock.cs,bbf82f2b389daeb2562aef016107c2248fba6a29,962,core_saves,extract_semantics_and_metadata
PKHeX.Core/Saves/Substructures/Gen6/SecretBase/SecretBase6.cs,836f8b4affb7d37687c042795bd1f4e012a3fb38,7164,core_saves,extract_semantics_and_metadata
PKHeX.Core/Saves/Substructures/Gen6/SecretBase/SecretBase6GoodPlacement.cs,b1be3f93c1aaacba9be1c174939410725fb5e74f,908,core_saves,extract_semantics_and_metadata
PKHeX.Core/Saves/Substructures/Gen6/SecretBase/SecretBase6GoodStock.cs,e566d1cefc93e3924e225055a71ee8a8d0905318,635,core_saves,extract_semantics_and_metadata
PKHeX.Core/Saves/Substructures/Gen6/SecretBase/SecretBase6PKM.cs,7cf80660c998dac7eaeff1e956cd7884853d2e73,4253,core_saves,extract_semantics_and_metadata
PKHeX.Core/Saves/Substructures/Gen6/SecretBase/SecretBase6Rank.cs,8c4e8c79b32dc7aa9d052344a85b675c215c5ebd,139,core_saves,extract_semantics_and_metadata
PKHeX.Core/Saves/Substructures/Gen6/SecretBase6Block.cs,0a0ece2546957ba1305f6ffca0dcb72ed2b036dc,2997,core_saves,extract_semantics_and_metadata
PKHeX.Core/Saves/Substructures/Gen6/Situation6.cs,8708d9102f0b26f2ca7d9429f4642f0a513936a7,1638,core_saves,extract_semantics_and_metadata
PKHeX.Core/Saves/Substructures/Gen6/SubEventLog6.cs,6e6ba195bc345c83da6e6e8a4ade14c6dd66c196,4860,core_saves,extract_semantics_and_metadata
PKHeX.Core/Saves/Substructures/Gen6/SuperTrainBlock.cs,4dbd38f6b0e9c100d2c16ef7c6a4ab1bbfa8a41e,10121,core_saves,extract_semantics_and_metadata
PKHeX.Core/Saves/Substructures/Gen6/TrainerFashion6.cs,b5ca0c8dfddc58cdad87956404ae30bf25ad58a3,19765,core_saves,extract_semantics_and_metadata
PKHeX.Core/Saves/Substructures/Gen6/TrainerSprite6.cs,a069562fe5df5539e67c0eee700c8090c9c1fe28,1699,core_saves,extract_semantics_and_metadata
PKHeX.Core/Saves/Substructures/Gen6/UnionPokemon6.cs,48650a4f88f0dfd87cffc277c61149e33e512224,255,core_saves,extract_semantics_and_metadata
PKHeX.Core/Saves/Substructures/Gen7/BattleAgency7.cs,43e280b22c3873e75fd3e4d006bd5c6f5c228e7e,481,core_saves,extract_semantics_and_metadata
PKHeX.Core/Saves/Substructures/Gen7/BattleTree7.cs,0519d4764ce2dfc3714b823312d7d210b4939e63,3560,core_saves,extract_semantics_and_metadata
PKHeX.Core/Saves/Substructures/Gen7/BoxLayout7.cs,7cba1536ab438cec13e8c3a893defc9ac13d9b24,3842,core_saves,extract_semantics_and_metadata
PKHeX.Core/Saves/Substructures/Gen7/ConfigSave7.cs,bd2cd4b2865c1ce19888b72de06986b33b066e79,2393,core_saves,extract_semantics_and_metadata
PKHeX.Core/Saves/Substructures/Gen7/Daycare7.cs,d6bcc8b2caa37c7d5ebaa8e37cecc18b2ff4c2bc,939,core_saves,extract_semantics_and_metadata
PKHeX.Core/Saves/Substructures/Gen7/EventVarType.cs,655f5cddd556e3a1cde5134a0a4d9842bf42cbe7,629,core_saves,extract_semantics_and_metadata
PKHeX.Core/Saves/Substructures/Gen7/EventWork7.cs,f185c04554c7e7898c7ed1eaa37b0cc70ed1e685,5977,core_saves,extract_semantics_and_metadata
PKHeX.Core/Saves/Substructures/Gen7/FashionBlock7.cs,fc814540607b427e3d40ba91a1559174fc408c79,2394,core_saves,extract_semantics_and_metadata
PKHeX.Core/Saves/Substructures/Gen7/FestaFacility.cs,644392780d4ec9bdaed95deddf2669a61dc0ccd5,2901,core_saves,extract_semantics_and_metadata
PKHeX.Core/Saves/Substructures/Gen7/FieldMenu7.cs,cf721b1d186494c953ca63de32243f33676f6ca0,898,core_saves,extract_semantics_and_metadata
PKHeX.Core/Saves/Substructures/Gen7/FieldMoveModelSave7.cs,4e0cb57e2972e2c5a07fe2d4e31cde7c2394d33f,1213,core_saves,extract_semantics_and_metadata
PKHeX.Core/Saves/Substructures/Gen7/GTS7.cs,7efeef6164b34777a1a20785152a0f9bea396c53,264,core_saves,extract_semantics_and_metadata
PKHeX.Core/Saves/Substructures/Gen7/GameTime7.cs,c5615b85426fffe3023aa4e21875dca53766cfa6,1117,core_saves,extract_semantics_and_metadata
PKHeX.Core/Saves/Substructures/Gen7/JoinFesta7.cs,8e167842fdd68025a2c20d31980d14d74b172c7d,3776,core_saves,extract_semantics_and_metadata
PKHeX.Core/Saves/Substructures/Gen7/LGPE/BelugaBlockIndex.cs,5220ec706f4c506cf9ed3c356328a931329775b5,1175,core_saves,extract_semantics_and_metadata
PKHeX.Core/Saves/Substructures/Gen7/LGPE/CaptureRecords.cs,e71ccf2c817ff270b4474c9fc56ccb4332b84c09,5790,core_saves,extract_semantics_and_metadata
PKHeX.Core/Saves/Substructures/Gen7/LGPE/ConfigSave7b.cs,389942a505c462a5aa0a3a791bb716f796fb52cc,1884,core_saves,extract_semantics_and_metadata
PKHeX.Core/Saves/Substructures/Gen7/LGPE/Coordinates7b.cs,802325ed182449ecd1be23b9bfd726b2b8681a83,1656,core_saves,extract_semantics_and_metadata
PKHeX.Core/Saves/Substructures/Gen7/LGPE/Daycare7b.cs,29c00dc9a6f6be07b6e1182c82a08e4312e81653,250,core_saves,extract_semantics_and_metadata
PKHeX.Core/Saves/Substructures/Gen7/LGPE/EventWork7b.cs,87b71b868b1aea0595682fb7ebb259111e7ea066,7088,core_saves,extract_semantics_and_metadata
PKHeX.Core/Saves/Substructures/Gen7/LGPE/Fashion7b.cs,e744befda654cfc60729c3aaceb66006ec941180,2170,core_saves,extract_semantics_and_metadata
PKHeX.Core/Saves/Substructures/Gen7/LGPE/GP1.cs,70bd45214b03d7ad28f46832e5af2668dd12fbbf,8870,core_saves,extract_semantics_and_metadata
PKHeX.Core/Saves/Substructures/Gen7/LGPE/GoParkStorage.cs,27a2de78f6a077480e9149e7f3b9c4c8000fcf51,1688,core_saves,extract_semantics_and_metadata
PKHeX.Core/Saves/Substructures/Gen7/LGPE/IEventWork.cs,3e6c3b87629e92cc1baaf4ae4b5495b3f8d43c87,951,core_saves,extract_semantics_and_metadata
PKHeX.Core/Saves/Substructures/Gen7/LGPE/Misc7b.cs,3d113930504561d0ebd27632fa25d18195e13923,589,core_saves,extract_semantics_and_metadata
PKHeX.Core/Saves/Substructures/Gen7/LGPE/MyItem7b.cs,ba4c6e0f9d5d9d56088e9bc5947e483e6bbbba66,116,core_saves,extract_semantics_and_metadata
PKHeX.Core/Saves/Substructures/Gen7/LGPE/MyStatus7b.cs,026027b24f734c48f9e3dae356ac3fdcb007b453,4754,core_saves,extract_semantics_and_metadata
PKHeX.Core/Saves/Substructures/Gen7/LGPE/PlayTime7b.cs,a46ba530ac32dcfabbbde13197cf509858e82080,450,core_saves,extract_semantics_and_metadata
PKHeX.Core/Saves/Substructures/Gen7/LGPE/PlayerGeoLocation7b.cs,77f7b2e0e28edf0aa47e4e7f34264180e7dfdd0f,209,core_saves,extract_semantics_and_metadata
PKHeX.Core/Saves/Substructures/Gen7/LGPE/PokeListHeader.cs,196bd2b5ad06db1e013a0ad17b40bd778dd7e7eb,4787,core_saves,extract_semantics_and_metadata
PKHeX.Core/Saves/Substructures/Gen7/LGPE/WB7Records.cs,8971d165414c71e9522c1d64f86284bc14dd8f96,2061,core_saves,extract_semantics_and_metadata
PKHeX.Core/Saves/Substructures/Gen7/LGPE/WR7GiftType.cs,c7c78388dff448dcb92207813ce34faa807f8412,106,core_saves,extract_semantics_and_metadata
PKHeX.Core/Saves/Substructures/Gen7/Misc7.cs,4ff4e975ad4ece4fe8dbaf554497865d2184eca6,2213,core_saves,extract_semantics_and_metadata
PKHeX.Core/Saves/Substructures/Gen7/MyItem7SM.cs,34dbba33c625cab0192ef6ddaa78484c69ab1a7d,118,core_saves,extract_semantics_and_metadata
PKHeX.Core/Saves/Substructures/Gen7/MyItem7USUM.cs,927fa163ffde349eb5dec7ad317308b7ccc8f12a,122,core_saves,extract_semantics_and_metadata
PKHeX.Core/Saves/Substructures/Gen7/MyStatus7.cs,b43c4b316d8751876e9b96633259afca47370f6c,3342,core_saves,extract_semantics_and_metadata
PKHeX.Core/Saves/Substructures/Gen7/MysteryBlock7.cs,4b0636444cdd90240c2b162b392e53a87fce14ec,2012,core_saves,extract_semantics_and_metadata
PKHeX.Core/Saves/Substructures/Gen7/PlayerBattleStyle7.cs,9af2cfc69bb371f1b3c1a660a3da7751b5ce77fa,233,core_saves,extract_semantics_and_metadata
PKHeX.Core/Saves/Substructures/Gen7/PlayerSkinColor7.cs,df7db721155a5bac7b9d47ab77d486e8ab4dcaf5,180,core_saves,extract_semantics_and_metadata
PKHeX.Core/Saves/Substructures/Gen7/PokeFinder7.cs,e50f37e503aef0de42c6ca66cfdfa9652e97afe2,1450,core_saves,extract_semantics_and_metadata
PKHeX.Core/Saves/Substructures/Gen7/QR7.cs,1adbc8c54c64fcd7cb2e1178c2c91d3df3ad762d,3263,core_saves,extract_semantics_and_metadata
PKHeX.Core/Saves/Substructures/Gen7/ResortSave7.cs,2696e3a51b30deacb60ac410fc9423625f05502d,2567,core_saves,extract_semantics_and_metadata
PKHeX.Core/Saves/Substructures/Gen7/SAV7BlockIndex.cs,fb233ddd7c4b41f626aa789016c005c861388dd4,772,core_saves,extract_semantics_and_metadata
PKHeX.Core/Saves/Substructures/Gen7/Situation7.cs,24a894b1fdd4d63e1c022eab95b7e927ea6a7505,2277,core_saves,extract_semantics_and_metadata
PKHeX.Core/Saves/Substructures/Gen7/Stamp7.cs,d4ea8b7379c5d7658f9e3bcc3677eaf492bf0aef,543,core_saves,extract_semantics_and_metadata
PKHeX.Core/Saves/Substructures/Gen7/UnionPokemon7.cs,e8f0a2f9aaeffc59ee77ebb2e172b0973a40c089,577,core_saves,extract_semantics_and_metadata
PKHeX.Core/Saves/Substructures/Gen7/WormholeInfoReader.cs,0b715e103e49ed5a0ed9cd821b3b1050e8fba21b,3687,core_saves,extract_semantics_and_metadata
PKHeX.Core/Saves/Substructures/Gen8/BS/BattleTowerWork8b.cs,3c262dbb75c5fbf071483de010c6152c529111aa,4825,core_saves,extract_semantics_and_metadata
PKHeX.Core/Saves/Substructures/Gen8/BS/BattleTrainerStatus8b.cs,499b7e952ba91220eaeb4dbb8c5c88cb21f9c329,1965,core_saves,extract_semantics_and_metadata
PKHeX.Core/Saves/Substructures/Gen8/BS/BerryTreeGrowSave8b.cs,7c71d4336e466084275056d589d30d4c7c2ee94f,694,core_saves,extract_semantics_and_metadata
PKHeX.Core/Saves/Substructures/Gen8/BS/BoxLayout8b.cs,c588fbb2f71700da1678ea89e6d0a243bac842aa,4463,core_saves,extract_semantics_and_metadata
PKHeX.Core/Saves/Substructures/Gen8/BS/ConfigSave8b.cs,ae3ebb1f8db6ce45d9cf1a21f9dcd225e66ac083,3281,core_saves,extract_semantics_and_metadata
PKHeX.Core/Saves/Substructures/Gen8/BS/Contest8b.cs,635750beaee296ab96b8af9b0536a4097c968be8,701,core_saves,extract_semantics_and_metadata
PKHeX.Core/Saves/Substructures/Gen8/BS/ContestPhotoLanguage8b.cs,2563394848e098a9e608e3330e57a6dc0b04df2a,831,core_saves,extract_semantics_and_metadata
PKHeX.Core/Saves/Substructures/Gen8/BS/Daycare8b.cs,7cb632e87e4e5dee92e912a003ecc9d53592305e,2420,core_saves,extract_semantics_and_metadata
PKHeX.Core/Saves/Substructures/Gen8/BS/EncounterSave8b.cs,cb703c3f6141e0af1d265dde5dbfc2f8763994c8,8417,core_saves,extract_semantics_and_metadata
PKHeX.Core/Saves/Substructures/Gen8/BS/FieldGimmickSave8b.cs,a890c4f614a1ee8e722444dc74bb1654529052d9,667,core_saves,extract_semantics_and_metadata
PKHeX.Core/Saves/Substructures/Gen8/BS/FieldObjectSave8b.cs,1a2918c8c0a388ec103e6e407e4bed662c221f15,3685,core_saves,extract_semantics_and_metadata
PKHeX.Core/Saves/Substructures/Gen8/BS/FlagWork8b.cs,98fa9de0f3a14c3f363cc6468c11f710c28c4adb,4247,core_saves,extract_semantics_and_metadata
PKHeX.Core/Saves/Substructures/Gen8/BS/Gem8Version.cs,191977b0bbed8556d58f249e95651a5a3a593420,1521,core_saves,extract_semantics_and_metadata
PKHeX.Core/Saves/Substructures/Gen8/BS/MenuSelect8b.cs,1737920caf9818dcf029c14f490a44fa51230596,1461,core_saves,extract_semantics_and_metadata
PKHeX.Core/Saves/Substructures/Gen8/BS/MyItem8b.cs,c04ec9ed11818e451168eda948ef8924bbdc192d,2516,core_saves,extract_semantics_and_metadata
PKHeX.Core/Saves/Substructures/Gen8/BS/MyStatus8b.cs,346d5c7d5c29759a2b1a86c95ec7ce0a41df9bdb,4223,core_saves,extract_semantics_and_metadata
PKHeX.Core/Saves/Substructures/Gen8/BS/MysteryBlock8b.cs,b88ce256ae5fd42c292920a4c344253c5c9dcf42,12606,core_saves,extract_semantics_and_metadata
PKHeX.Core/Saves/Substructures/Gen8/BS/Party8b.cs,f0232b79eb2ad30256380df6d8af9c2cc0f437bf,595,core_saves,extract_semantics_and_metadata
PKHeX.Core/Saves/Substructures/Gen8/BS/PlayTime8b.cs,9e798982dcadfb7be3f6445b6342df25e54694c0,404,core_saves,extract_semantics_and_metadata
PKHeX.Core/Saves/Substructures/Gen8/BS/PlayerData8b.cs,7d3410476b9a1940edbae88d18218267462182e9,6098,core_saves,extract_semantics_and_metadata
PKHeX.Core/Saves/Substructures/Gen8/BS/PoffinSaveData8b.cs,4ea694adb1376bbd0d42996e3eed24756e6e44de,3058,core_saves,extract_semantics_and_metadata
PKHeX.Core/Saves/Substructures/Gen8/BS/Poketch8b.cs,2746f72511d42c75b8ff53b8ff60f182c32edb97,1206,core_saves,extract_semantics_and_metadata
PKHeX.Core/Saves/Substructures/Gen8/BS/RandomGroup8b.cs,e46fb50d5514258297cf0e2cb74f9308739de7fe,3643,core_saves,extract_semantics_and_metadata
PKHeX.Core/Saves/Substructures/Gen8/BS/Record8b.cs,74a0153c48eee48f6a929f87559e747b5cb3d06d,4017,core_saves,extract_semantics_and_metadata
PKHeX.Core/Saves/Substructures/Gen8/BS/RecordAddData8b.cs,28e6d322dfbb325fe3fdf9475023caf045f92a16,2645,core_saves,extract_semantics_and_metadata
PKHeX.Core/Saves/Substructures/Gen8/BS/SaveItemShortcut8b.cs,621733f8d82685bd152eaf21c2c5281d0a364c7c,833,core_saves,extract_semantics_and_metadata
PKHeX.Core/Saves/Substructures/Gen8/BS/SealDeco8b.cs,fb2888eefcaff2b511dc41fdb7eea361c65c984c,3542,core_saves,extract_semantics_and_metadata
PKHeX.Core/Saves/Substructures/Gen8/BS/SealList8b.cs,3a3308f4646b1ff91a678733eea5011ee29779c2,881,core_saves,extract_semantics_and_metadata
PKHeX.Core/Saves/Substructures/Gen8/BS/SealSticker8b.cs,7b2bfa0771393d73fa6a8f13217509676b7f9db4,2977,core_saves,extract_semantics_and_metadata
PKHeX.Core/Saves/Substructures/Gen8/BS/SystemData8b.cs,f8c808ad2e2ea67cd0391257d9ecdb59c4ee63ec,3755,core_saves,extract_semantics_and_metadata
PKHeX.Core/Saves/Substructures/Gen8/BS/UgCountRecord8b.cs,916d3cc5a90fba4653b478e23c997cced2c501aa,1384,core_saves,extract_semantics_and_metadata
PKHeX.Core/Saves/Substructures/Gen8/BS/UgItemType.cs,c1fbd93e8ba75ad541210862df4ec38136b6bb3b,111,core_saves,extract_semantics_and_metadata
PKHeX.Core/Saves/Substructures/Gen8/BS/UgItemUtil.cs,139f761d517ae91167fa5e1aa519ce21c2a8fde2,46552,core_saves,extract_semantics_and_metadata
PKHeX.Core/Saves/Substructures/Gen8/BS/UgSaveData8b.cs,cf5f2d89f986118a83197052ee548ec7a2767493,6382,core_saves,extract_semantics_and_metadata
PKHeX.Core/Saves/Substructures/Gen8/BS/UndergroundItem8b.cs,1f23c32c346965cad1f380e47b06066235102605,1305,core_saves,extract_semantics_and_metadata
PKHeX.Core/Saves/Substructures/Gen8/BS/UndergroundItemList8b.cs,4f726c0e577eddc895a54a21c51fb351ca72ffee,920,core_saves,extract_semantics_and_metadata
PKHeX.Core/Saves/Substructures/Gen8/BS/UnionSaveData8b.cs,d8ac5c4334062832bab6c8b283bea9b0244762b6,789,core_saves,extract_semantics_and_metadata
PKHeX.Core/Saves/Substructures/Gen8/BS/Zukan8b.cs,8afb81c107b77d87a7ac6755ac48b386bf1dae6f,18990,core_saves,extract_semantics_and_metadata
PKHeX.Core/Saves/Substructures/Gen8/BS/ZukanSpinda8b.cs,c169f9e479c50b261ad7f7634ecbf3ca30fb1886,1406,core_saves,extract_semantics_and_metadata
PKHeX.Core/Saves/Substructures/Gen8/LA/BlankBlocks8a.cs,5a9c4a075e641ed3c94d74d7b17eb9ef79c42f0d,11948,core_saves,extract_semantics_and_metadata
PKHeX.Core/Saves/Substructures/Gen8/LA/BoxLayout8a.cs,20aeaa100889ee99714737644c1d297312e1a2c7,1201,core_saves,extract_semantics_and_metadata
PKHeX.Core/Saves/Substructures/Gen8/LA/Coordinates8a.cs,04b381f56972ff99d5d173f949a487789091b003,1717,core_saves,extract_semantics_and_metadata
PKHeX.Core/Saves/Substructures/Gen8/LA/MyItem8a.cs,536b004a6fb1774aff6c7e466914de074b73a671,304,core_saves,extract_semantics_and_metadata
PKHeX.Core/Saves/Substructures/Gen8/LA/MyStatus8a.cs,8014cfba304bde8dbf8943a1a2d9a045d82fa712,1787,core_saves,extract_semantics_and_metadata
PKHeX.Core/Saves/Substructures/Gen8/LA/Party8a.cs,d26dd25c9174531172b40fbd286506bbdd485fe2,270,core_saves,extract_semantics_and_metadata
PKHeX.Core/Saves/Substructures/Gen8/LA/PlayerFashion8a.cs,55370afe1e0d2bfe8613a971538d5b78ed91684e,1867,core_saves,extract_semantics_and_metadata
PKHeX.Core/Saves/Substructures/Gen8/LA/Pokedex/PokedexConstants8a.cs,bae000129ecd5e33af4896559b22d5aad770b559,10034,core_saves,extract_semantics_and_metadata
PKHeX.Core/Saves/Substructures/Gen8/LA/Pokedex/PokedexResearchTask8a.cs,f519f758d8e1e1e8597060c4da6466161bb906ec,2391,core_saves,extract_semantics_and_metadata
PKHeX.Core/Saves/Substructures/Gen8/LA/Pokedex/PokedexResearchTaskType8a.cs,b7ca93c8b66db839b0f34cfac783d7206064c14d,3592,core_saves,extract_semantics_and_metadata
PKHeX.Core/Saves/Substructures/Gen8/LA/Pokedex/PokedexSave8a.cs,6e8787858d6c3f5e04e373b5135dba163d7fd773,51116,core_saves,extract_semantics_and_metadata
PKHeX.Core/Saves/Substructures/Gen8/LA/Pokedex/PokedexSaveData.cs,cb1a00b04d28a4628aa590651689842c13ed74fb,5388,core_saves,extract_semantics_and_metadata
PKHeX.Core/Saves/Substructures/Gen8/LA/Pokedex/PokedexSaveGlobalData.cs,9f979529a2621156dc6d72a94ae545a540bb9c71,1118,core_saves,extract_semantics_and_metadata
PKHeX.Core/Saves/Substructures/Gen8/LA/Pokedex/PokedexSaveLocalData.cs,21a29c409f4e552f576fb1d73969bcb6584cc41b,976,core_saves,extract_semantics_and_metadata
PKHeX.Core/Saves/Substructures/Gen8/LA/Pokedex/PokedexSaveResearchEntry.cs,a96e1da17c7c930c3366d86b09ea47e3ff03b366,10639,core_saves,extract_semantics_and_metadata
PKHeX.Core/Saves/Substructures/Gen8/LA/Pokedex/PokedexSaveStatisticsEntry.cs,4532e623ce0bd8a4cdcbab3d7fe10b583e2f95ed,1374,core_saves,extract_semantics_and_metadata
PKHeX.Core/Saves/Substructures/Gen8/LA/Pokedex/PokedexTimeOfDay8a.cs,e74296bf6b6e9342ede1a8499e9b5a2da681b8d5,284,core_saves,extract_semantics_and_metadata
PKHeX.Core/Saves/Substructures/Gen8/LA/Pokedex/PokedexType8a.cs,0c9fec7c2d264684ee22c123a99b96bc89f48f93,287,core_saves,extract_semantics_and_metadata
PKHeX.Core/Saves/Substructures/Gen8/LA/Pokedex/PokedexUpdateInfo8a.cs,a548a24c5214ac293225882c06fac7b6f39b1534,964,core_saves,extract_semantics_and_metadata
PKHeX.Core/Saves/Substructures/Gen8/LA/Spawners/AreaSpawnerSet8a.cs,351185340d4f5f57369d67b97043688cfba7fb06,1625,core_saves,extract_semantics_and_metadata
PKHeX.Core/Saves/Substructures/Gen8/LA/Spawners/MassOutbreakSet8a.cs,2c1821a25d034d8f071ba66ee5c45b17c728d9a0,639,core_saves,extract_semantics_and_metadata
PKHeX.Core/Saves/Substructures/Gen8/LA/Spawners/MassOutbreakSpawner8a.cs,54fe788eb6e70a8d0cda4f7f3c09b8ab1218d821,1812,core_saves,extract_semantics_and_metadata
PKHeX.Core/Saves/Substructures/Gen8/LA/Spawners/MassiveOutbreakArea8a.cs,5bef61f16fd7529282cc53272ab6a0c7ce40e6f5,843,core_saves,extract_semantics_and_metadata
PKHeX.Core/Saves/Substructures/Gen8/LA/Spawners/MassiveOutbreakSet8a.cs,e6319870b78e1364c9816dd10873717f42f6f002,657,core_saves,extract_semantics_and_metadata
PKHeX.Core/Saves/Substructures/Gen8/LA/Spawners/MassiveOutbreakSpawner8a.cs,aef81545c53bdf1bc5c90f536036545a76e719bd,2417,core_saves,extract_semantics_and_metadata
PKHeX.Core/Saves/Substructures/Gen8/LA/Spawners/MassiveOutbreakSpawnerStatus.cs,af61992bb7ea3b5485800b02df95aeb6cc12e39f,247,core_saves,extract_semantics_and_metadata
PKHeX.Core/Saves/Substructures/Gen8/LA/Spawners/Spawner8a.cs,63cd426f8b91b9e793e9c08b2a084afa5d9e704c,2020,core_saves,extract_semantics_and_metadata
PKHeX.Core/Saves/Substructures/Gen8/LA/Spawners/SpawnerEntry8a.cs,5a39201b757bf46efcace2784f0bf9551de2d69c,3869,core_saves,extract_semantics_and_metadata
PKHeX.Core/Saves/Substructures/Gen8/LA/Spawners/SpawnerMeta8a.cs,b09e9d034f53a0ac5886362e1304c76c58ffe322,2993,core_saves,extract_semantics_and_metadata
PKHeX.Core/Saves/Substructures/Gen8/LA/Spawners/SpawnerUtil8a.cs,3f91b44d0dba8e8f831da71315e6035d096916ff,1186,core_saves,extract_semantics_and_metadata
PKHeX.Core/Saves/Substructures/Gen8/SWSH/BlankBlocks8.cs,52a7d7f787cca88971aeef4e5effa016e5cf55bf,20647,core_saves,extract_semantics_and_metadata
PKHeX.Core/Saves/Substructures/Gen8/SWSH/Box8.cs,171ee56a5f07e32465410307575b12ed17d9550f,227,core_saves,extract_semantics_and_metadata
PKHeX.Core/Saves/Substructures/Gen8/SWSH/BoxLayout8.cs,50cb9228625c13691fe96ee2eebc6177023013c8,983,core_saves,extract_semantics_and_metadata
PKHeX.Core/Saves/Substructures/Gen8/SWSH/Coordinates8.cs,eb45809a606ef6ce7cdc3971909434c95d9fceb8,1650,core_saves,extract_semantics_and_metadata
PKHeX.Core/Saves/Substructures/Gen8/SWSH/Daycare8.cs,77a43f740b20d50aeb4303a35d5f82d0745b1ad2,2855,core_saves,extract_semantics_and_metadata
PKHeX.Core/Saves/Substructures/Gen8/SWSH/FashionUnlock8.cs,e03cd10477fcc1e0e03d867fb5d18bb79c8308c1,6576,core_saves,extract_semantics_and_metadata
PKHeX.Core/Saves/Substructures/Gen8/SWSH/FieldMoveModelSave8.cs,7034660ce136a98d737a6c972f4beb54f2e070f1,793,core_saves,extract_semantics_and_metadata
PKHeX.Core/Saves/Substructures/Gen8/SWSH/Fused8.cs,e383ff1e6d8ea8482e5bffd9f7665286cd87a691,1143,core_saves,extract_semantics_and_metadata
PKHeX.Core/Saves/Substructures/Gen8/SWSH/HallOfFameTime8.cs,98a95c0af7505286d4a6a4579180eeef01810ae9,1089,core_saves,extract_semantics_and_metadata
PKHeX.Core/Saves/Substructures/Gen8/SWSH/Misc8.cs,f429040e7921ae70b12893e3c6612f5d868f5a29,675,core_saves,extract_semantics_and_metadata
PKHeX.Core/Saves/Substructures/Gen8/SWSH/MyItem8.cs,e39558239cf33334f40db7373ad3b7f77ee4f19f,106,core_saves,extract_semantics_and_metadata
PKHeX.Core/Saves/Substructures/Gen8/SWSH/MyStatus8.cs,4bf29edc493b1e402d6bf020bb2f549359f01348,6594,core_saves,extract_semantics_and_metadata
PKHeX.Core/Saves/Substructures/Gen8/SWSH/Party8.cs,00f68b944bf6da6ae5125166d7d0a317c817d90d,271,core_saves,extract_semantics_and_metadata
PKHeX.Core/Saves/Substructures/Gen8/SWSH/PlayerSkinColor8.cs,13f608d07b5e7e50833f33ec733763bf9a84215e,2972,core_saves,extract_semantics_and_metadata
PKHeX.Core/Saves/Substructures/Gen8/SWSH/RaidSpawnList8.cs,96fd0fb36b296b109bd8427b96055899860cda40,6093,core_saves,extract_semantics_and_metadata
PKHeX.Core/Saves/Substructures/Gen8/SWSH/Record8.cs,69bb2d252d5672342158023f0e8e7b2ddbeb64e5,1345,core_saves,extract_semantics_and_metadata
PKHeX.Core/Saves/Substructures/Gen8/SWSH/TeamIndexes8.cs,a0b568416375350962026c8594b2deb469ade77c,2426,core_saves,extract_semantics_and_metadata
PKHeX.Core/Saves/Substructures/Gen8/SWSH/TitleScreen8.cs,42f30ed406fd34c16ad99711ba5a9f9bcdff3d48,3498,core_saves,extract_semantics_and_metadata
PKHeX.Core/Saves/Substructures/Gen8/SWSH/TrainerCard8.cs,d62e59d952644e9cf9e0692684ab14dfa35505d5,8793,core_saves,extract_semantics_and_metadata
PKHeX.Core/Saves/Substructures/Gen8/ValueBlocks/MenuOrderOption.cs,2e4bd716fe38c339132738033b6f3810c7b31a04,312,core_saves,extract_semantics_and_metadata
PKHeX.Core/Saves/Substructures/Gen8/ValueBlocks/OptInOption.cs,a98493f77fec0d544b5fb6b0147ed10900071179,86,core_saves,extract_semantics_and_metadata
PKHeX.Core/Saves/Substructures/Gen8/ValueBlocks/OptOutOption.cs,79c49f8016d973163bc859333633338d43826284,87,core_saves,extract_semantics_and_metadata
PKHeX.Core/Saves/Substructures/Gen8/ValueBlocks/TextSpeedOption.cs,a2e85e1c64936fed51036671ae42da69453cc799,151,core_saves,extract_semantics_and_metadata
PKHeX.Core/Saves/Substructures/Gen9/SV/BlankBlocks9.cs,e943ccc8297c9f7ee1e4fdb7e1a75a57c7691bae,193862,core_saves,extract_semantics_and_metadata
PKHeX.Core/Saves/Substructures/Gen9/SV/BlueberryClubRoom9.cs,183050edfb1ff2d1c2f33561dba39a77de72d618,6344,core_saves,extract_semantics_and_metadata
PKHeX.Core/Saves/Substructures/Gen9/SV/BlueberryQuestRecord9.cs,669e80d22b2eb0606a109688f80466665e6aeabe,458,core_saves,extract_semantics_and_metadata
PKHeX.Core/Saves/Substructures/Gen9/SV/Box9.cs,af33974e79b7028d1422108185e764fc4998bea6,301,core_saves,extract_semantics_and_metadata
PKHeX.Core/Saves/Substructures/Gen9/SV/BoxLayout9.cs,e9f66a99e788bd2ec6b70a4b63d04d6ef8028bc5,1235,core_saves,extract_semantics_and_metadata
PKHeX.Core/Saves/Substructures/Gen9/SV/ConfigCamera9.cs,54c40a5d6615bfedcb1046a23d4c12437ccf6cd1,1368,core_saves,extract_semantics_and_metadata
PKHeX.Core/Saves/Substructures/Gen9/SV/ConfigSave9.cs,7f6142ef815625d20fd333a368bcfce8505f115a,3592,core_saves,extract_semantics_and_metadata
PKHeX.Core/Saves/Substructures/Gen9/SV/DXT1.cs,2248e68f08d87482fa317e27a662abc6706e3f10,5101,core_saves,extract_semantics_and_metadata
PKHeX.Core/Saves/Substructures/Gen9/SV/FashionItem9.cs,c56275a884da5af85a78ffb9930a5c8502268a8c,1429,core_saves,extract_semantics_and_metadata
PKHeX.Core/Saves/Substructures/Gen9/SV/FixedSpawnList9.cs,15aa361f2b4987f4d25e402b03391dba85cdeb3b,2816,core_saves,extract_semantics_and_metadata
PKHeX.Core/Saves/Substructures/Gen9/SV/MyItem9.cs,1234d1a1ade35de77e9a896c3768abee21edfff1,3778,core_saves,extract_semantics_and_metadata
PKHeX.Core/Saves/Substructures/Gen9/SV/MyStatus9.cs,2c2b0a626f818fe0f57e9ba597f1844cdc09bc90,1875,core_saves,extract_semantics_and_metadata
PKHeX.Core/Saves/Substructures/Gen9/SV/Party9.cs,539c9bdc31ee3920c7fed084a284954f0fd58a0e,267,core_saves,extract_semantics_and_metadata
PKHeX.Core/Saves/Substructures/Gen9/SV/PlayTime9.cs,3387741ae04f46a42a4c8838ff64ad74ebf02fd3,629,core_saves,extract_semantics_and_metadata
PKHeX.Core/Saves/Substructures/Gen9/SV/PlayerAppearance9.cs,4084f234d4b3eb467196083a51598e4749ac83c2,2115,core_saves,extract_semantics_and_metadata
PKHeX.Core/Saves/Substructures/Gen9/SV/PlayerFashion9.cs,4128afe2698c39d1240f985cb4724e1a399b738d,2158,core_saves,extract_semantics_and_metadata
PKHeX.Core/Saves/Substructures/Gen9/SV/PlayerFashionUnlock9.cs,68f6983c3936de2e4ddce02960235a7c6509ffb7,13847,core_saves,extract_semantics_and_metadata
PKHeX.Core/Saves/Substructures/Gen9/SV/RaidSevenStar9.cs,c1b78601eb7f8ef0eb046692221300be7c3469ac,4378,core_saves,extract_semantics_and_metadata
PKHeX.Core/Saves/Substructures/Gen9/SV/RaidSpawnList9.cs,55a02b9d9889efa0a2c2333ba2ab8c6d238fc723,5209,core_saves,extract_semantics_and_metadata
PKHeX.Core/Saves/Substructures/Gen9/SV/RuntimeLanguage.cs,2316ce7513bcf54cc4f3d9539ab59e0fbf1d6d8c,983,core_saves,extract_semantics_and_metadata
PKHeX.Core/Saves/Substructures/Gen9/SV/ThrowStyle9.cs,42513d4ede1e2ccad6c023b04e98f0f45992e20b,260,core_saves,extract_semantics_and_metadata
PKHeX.Core/Saves/Substructures/Gen9/ZA/BlankBlocks9a.cs,6100348e6ce7f2e3e87495a649cdd15da100a64b,4720,core_saves,extract_semantics_and_metadata
PKHeX.Core/Saves/Substructures/Gen9/ZA/BoxLayout9a.cs,a513c375e363c1167432789dc5829493f10a6b7d,1236,core_saves,extract_semantics_and_metadata
PKHeX.Core/Saves/Substructures/Gen9/ZA/ColorfulScrew9a.cs,b670d862a1fd92b6953552e4d9d6b7abbf40358f,10712,core_saves,extract_semantics_and_metadata
PKHeX.Core/Saves/Substructures/Gen9/ZA/ConfigSave9a.cs,8c19889d64d98952c3134cd7de0128db923c8fd1,2723,core_saves,extract_semantics_and_metadata
PKHeX.Core/Saves/Substructures/Gen9/ZA/Coordinates9a.cs,d268f413fac34233ab864a00d3304a4165700de8,2676,core_saves,extract_semantics_and_metadata
PKHeX.Core/Saves/Substructures/Gen9/ZA/DonutPocket9a.cs,c07bc41ff5afd3eb6db96788f848bda1dc37df5a,31590,core_saves,extract_semantics_and_metadata
PKHeX.Core/Saves/Substructures/Gen9/ZA/EventWorkStorage64.cs,d643a180f06049c74ee79faa47254c2bf44690bf,15255,core_saves,extract_semantics_and_metadata
PKHeX.Core/Saves/Substructures/Gen9/ZA/FashionItem9a.cs,9f1ada281a852caebbadf935a3ff144eb3f77921,2381,core_saves,extract_semantics_and_metadata
PKHeX.Core/Saves/Substructures/Gen9/ZA/HairMakeItem9a.cs,d7f0f72303732a2b9e73a83d22181805e3bc579f,1523,core_saves,extract_semantics_and_metadata
PKHeX.Core/Saves/Substructures/Gen9/ZA/HyperspaceZones9a.cs,a7cd877c747a107b42bd1a2db6d4b3587510a6e5,4736,core_saves,extract_semantics_and_metadata
PKHeX.Core/Saves/Substructures/Gen9/ZA/IEventValueStorage.cs,6566d4c7db914863f67c6d9bd29fcdd7112f1267,3855,core_saves,extract_semantics_and_metadata
PKHeX.Core/Saves/Substructures/Gen9/ZA/InfiniteRoyale9a.cs,c323578616de192daadcd8e128d7e3a980a09dce,945,core_saves,extract_semantics_and_metadata
PKHeX.Core/Saves/Substructures/Gen9/ZA/MableStatus9a.cs,ce690c8cf1e17f96f216ccffdf4c1e63ddef4c2c,835,core_saves,extract_semantics_and_metadata
PKHeX.Core/Saves/Substructures/Gen9/ZA/MyItem9a.cs,65afee1cb4f3ad932b00e8ada0deabbbff69030f,3782,core_saves,extract_semantics_and_metadata
PKHeX.Core/Saves/Substructures/Gen9/ZA/MyStatus9a.cs,43dc117a4fe789c9febfda9d8bee8bc057feeca7,1854,core_saves,extract_semantics_and_metadata
PKHeX.Core/Saves/Substructures/Gen9/ZA/Party9a.cs,6594cfe895b2e50b09d4ff7754934ed6818ab228,1949,core_saves,extract_semantics_and_metadata
PKHeX.Core/Saves/Substructures/Gen9/ZA/PlayTime9a.cs,b346724b0a88824bb08dd014a431bc3e1e246908,4960,core_saves,extract_semantics_and_metadata
PKHeX.Core/Saves/Substructures/Gen9/ZA/PlayerAppearence9a.cs,8e6d295ca08acb8fc3a1a9892f62895bfefcbeed,2751,core_saves,extract_semantics_and_metadata
PKHeX.Core/Saves/Substructures/Gen9/ZA/PlayerFashion9a.cs,1ad39e365f604b66f4fbfd46664797a67bdc2942,4022,core_saves,extract_semantics_and_metadata
PKHeX.Core/Saves/Substructures/Gen9/ZA/PokeDexEntry9a.cs,1c6000e10489ebe134ecd812ed7b883dda5cc1c8,7318,core_saves,extract_semantics_and_metadata
PKHeX.Core/Saves/Substructures/Gen9/ZA/TechnicalMachine9a.cs,cf9bc9b0b3189cb15d769efef24b3a93fc774e41,5133,core_saves,extract_semantics_and_metadata
PKHeX.Core/Saves/Substructures/Gen9/ZA/Zukan9a.cs,15b84b14d579d7624ae7e97efcee5839aa77e983,11587,core_saves,extract_semantics_and_metadata
PKHeX.Core/Saves/Substructures/IEventFlagArray.cs,bd66c0a4f821a9e184e42a4e49886b0c911249a9,2062,core_saves,extract_semantics_and_metadata
PKHeX.Core/Saves/Substructures/IMultiplayerSprite.cs,6b69c3901830c9bf33994dbd45632b3b528558af,115,core_saves,extract_semantics_and_metadata
PKHeX.Core/Saves/Substructures/ITrainerStatRecord.cs,1a39c6aad5ea591dd286f2fc7c5db91c26a7faca,324,core_saves,extract_semantics_and_metadata
PKHeX.Core/Saves/Substructures/Inventory/IItemFavorite.cs,a691ac70f6185864a85e296e2629ed932cb5224d,186,core_saves,extract_semantics_and_metadata
PKHeX.Core/Saves/Substructures/Inventory/IItemFreeSpace.cs,421bad77f541357d6c4ecbe79e6722a56a0933b3,212,core_saves,extract_semantics_and_metadata
PKHeX.Core/Saves/Substructures/Inventory/IItemFreeSpaceIndex.cs,d925acb9ae9b336324122f18eb7250780e14c15e,220,core_saves,extract_semantics_and_metadata
PKHeX.Core/Saves/Substructures/Inventory/IItemNewFlag.cs,409a88fe0b78b3e067864f524bb61a281b285c74,716,core_saves,extract_semantics_and_metadata
PKHeX.Core/Saves/Substructures/Inventory/InventoryType.cs,96d99472e0d996ce1e9c051695ba1333745a9f50,444,core_saves,extract_semantics_and_metadata
PKHeX.Core/Saves/Substructures/Inventory/Item/InventoryItem.cs,b61465bc9f26a7907feca7514ba5aa6d67c52dbe,852,core_saves,extract_semantics_and_metadata
PKHeX.Core/Saves/Substructures/Inventory/Item/InventoryItem7.cs,13364fe82c721478d8793c1c39d653d001b80f47,1197,core_saves,extract_semantics_and_metadata
PKHeX.Core/Saves/Substructures/Inventory/Item/InventoryItem7b.cs,2d4a903b3aa5ff009f09c8525a39b37a35959683,1620,core_saves,extract_semantics_and_metadata
PKHeX.Core/Saves/Substructures/Inventory/Item/InventoryItem8.cs,1aa5d17a228f24ca32c25b7a4a35d776dda49339,1769,core_saves,extract_semantics_and_metadata
PKHeX.Core/Saves/Substructures/Inventory/Item/InventoryItem8a.cs,445d54d1e523980c73b388d661b9e526aa81f986,930,core_saves,extract_semantics_and_metadata
PKHeX.Core/Saves/Substructures/Inventory/Item/InventoryItem8b.cs,5363e84f6b4c34710cdf1e8487717b1acd2e6508,2268,core_saves,extract_semantics_and_metadata
PKHeX.Core/Saves/Substructures/Inventory/Item/InventoryItem9.cs,b729b94e01b7b883a968f4840342bdc735cdef77,3235,core_saves,extract_semantics_and_metadata
PKHeX.Core/Saves/Substructures/Inventory/Item/InventoryItem9a.cs,029dfa2000ea6b00a9e9de91cdf46aea5cea6565,4277,core_saves,extract_semantics_and_metadata
PKHeX.Core/Saves/Substructures/Inventory/MyItem.cs,e843fd8edee8a17bcdae7c9da4f11a113e257e37,132,core_saves,extract_semantics_and_metadata
PKHeX.Core/Saves/Substructures/Inventory/Pouch/InventoryPouch.cs,d83b31f4ed5ad256eab0c4c17c5ed9f382ac44fa,9226,core_saves,extract_semantics_and_metadata
PKHeX.Core/Saves/Substructures/Inventory/Pouch/InventoryPouch3.cs,a3ffbc3e08d163507c869b7382069e4f38726d95,1543,core_saves,extract_semantics_and_metadata
PKHeX.Core/Saves/Substructures/Inventory/Pouch/InventoryPouch3GC.cs,f9a108908fb598305bf4093dc868e2bc83904a58,1441,core_saves,extract_semantics_and_metadata
PKHeX.Core/Saves/Substructures/Inventory/Pouch/InventoryPouch4.cs,3221dd171139f54b87b3cf537d7898e4db239b1e,1575,core_saves,extract_semantics_and_metadata
PKHeX.Core/Saves/Substructures/Inventory/Pouch/InventoryPouch7.cs,3de2b0793c861f3d9777d649fdf24e33f7236530,1582,core_saves,extract_semantics_and_metadata
PKHeX.Core/Saves/Substructures/Inventory/Pouch/InventoryPouch7b.cs,c7168262813e0895f92f9ecfdbc5f5d6538a3d0a,1682,core_saves,extract_semantics_and_metadata
PKHeX.Core/Saves/Substructures/Inventory/Pouch/InventoryPouch8.cs,f030489da8028b59aa04fbfd165398f7cd85b71a,1721,core_saves,extract_semantics_and_metadata
PKHeX.Core/Saves/Substructures/Inventory/Pouch/InventoryPouch8a.cs,47edf6788d70dcaf1343692145903d1a1ce71719,1125,core_saves,extract_semantics_and_metadata
PKHeX.Core/Saves/Substructures/Inventory/Pouch/InventoryPouch8b.cs,7866599967cc11f63aced7def1183bee9564af7b,3081,core_saves,extract_semantics_and_metadata
PKHeX.Core/Saves/Substructures/Inventory/Pouch/InventoryPouch9.cs,d2be4900e881a741c6f968e2300dabaef13c1fcb,3600,core_saves,extract_semantics_and_metadata
PKHeX.Core/Saves/Substructures/Inventory/Pouch/InventoryPouch9a.cs,f3ee0fa717ab6482aaeeb2d9b3877f5ef38e68f3,4530,core_saves,extract_semantics_and_metadata
PKHeX.Core/Saves/Substructures/Inventory/Pouch/InventoryPouchGB.cs,4818299856cfc2095393337890ef3473d8811aaf,3095,core_saves,extract_semantics_and_metadata
PKHeX.Core/Saves/Substructures/Mail/Mail2.cs,03ec169d6e9f3517afa2dc4699de7491739a66d5,10135,core_saves,extract_semantics_and_metadata
PKHeX.Core/Saves/Substructures/Mail/Mail3.cs,87daa03b4220eafb96f9739cc656fcbc0de989a8,2833,core_saves,extract_semantics_and_metadata
PKHeX.Core/Saves/Substructures/Mail/Mail4.cs,cce067e5f56a56bc4fbe2393334f11f6ddf55656,2815,core_saves,extract_semantics_and_metadata
PKHeX.Core/Saves/Substructures/Mail/Mail5.cs,2c256c65d572a8675cc6679b4666fbc5a5ae6ad2,2718,core_saves,extract_semantics_and_metadata
PKHeX.Core/Saves/Substructures/Mail/MailDetail.cs,61e87564ed96714892106016add323e8411a9616,1280,core_saves,extract_semantics_and_metadata
PKHeX.Core/Saves/Substructures/Misc/IBoxDetailName.cs,6b0256645d275abf25cac7fc4703231bc75aca15,1644,core_saves,extract_semantics_and_metadata
PKHeX.Core/Saves/Substructures/Misc/IBoxDetailWallpaper.cs,9f796f76fa641e2dcadc0c3107e508121c7ca8a1,1377,core_saves,extract_semantics_and_metadata
PKHeX.Core/Saves/Substructures/Misc/IChatter.cs,2534afa0c48a49cdd9c80b113d2a96a2b3aee70f,304,core_saves,extract_semantics_and_metadata
PKHeX.Core/Saves/Substructures/Misc/IGameSync.cs,32923baf5101f5effb2fb05bd15657498a3840f6,219,core_saves,extract_semantics_and_metadata
PKHeX.Core/Saves/Substructures/Misc/IGeonet.cs,1f076d05cddaf8f05ffc790f196ff4a5b83b18ce,2246,core_saves,extract_semantics_and_metadata
PKHeX.Core/Saves/Substructures/Misc/IPokeGroup.cs,9abc3424948f3f065646cf6e1ba2cc1ca43915ac,132,core_saves,extract_semantics_and_metadata
PKHeX.Core/Saves/Substructures/Misc/IRecordStatStorage.cs,c1a0b533f531d559edccbaae065fad3a97153147,536,core_saves,extract_semantics_and_metadata
PKHeX.Core/Saves/Substructures/Misc/ISaveFileRevision.cs,8241f75ff4b2fe3de4ffde19021b41d930d8e010,463,core_saves,extract_semantics_and_metadata
PKHeX.Core/Saves/Substructures/Misc/ISecureValueStorage.cs,378f4d5901e3e973b7986c07742f337a8e3caac5,509,core_saves,extract_semantics_and_metadata
PKHeX.Core/Saves/Substructures/Misc/ITeamIndexSet.cs,189f668bd075fee0c961d97811df5cefe2977ad7,230,core_saves,extract_semantics_and_metadata
PKHeX.Core/Saves/Substructures/Misc/SlotGroup.cs,1724d0f4a4cebfbcefe488c252fffda518745c8a,108,core_saves,extract_semantics_and_metadata
PKHeX.Core/Saves/Substructures/MysteryGift/IMysteryGiftFlags.cs,94304419301863fcf088b0494f77df819f465bcd,245,core_saves,extract_semantics_and_metadata
PKHeX.Core/Saves/Substructures/MysteryGift/IMysteryGiftStorage.cs,603d39e1ca3065c3deb2deb6278a3030bbf3dba9,292,core_saves,extract_semantics_and_metadata
PKHeX.Core/Saves/Substructures/MysteryGift/IMysteryGiftStorageProvider.cs,44813529e278d5dbcfa368ed46d91d62730e9bfd,312,core_saves,extract_semantics_and_metadata
PKHeX.Core/Saves/Substructures/PokeDex/Gen9/DexBlockMode9.cs,1e1a4d00010e8f178034dfd57ca295c18c3eb81f,79,core_saves,extract_semantics_and_metadata
PKHeX.Core/Saves/Substructures/PokeDex/Gen9/PokeDexEntry9Kitakami.cs,ed53846c9a28edb86dcbc79a4005efca958e63c4,8264,core_saves,extract_semantics_and_metadata
PKHeX.Core/Saves/Substructures/PokeDex/Gen9/PokeDexEntry9Paldea.cs,0d35e0d2fa2b647d91130cd3231cb5cf308a6f4a,5289,core_saves,extract_semantics_and_metadata
PKHeX.Core/Saves/Substructures/PokeDex/Gen9/Zukan9.cs,56ac08f5ef97cc7323a1f5060bcc4674c90f4580,5832,core_saves,extract_semantics_and_metadata
PKHeX.Core/Saves/Substructures/PokeDex/Gen9/Zukan9Kitakami.cs,441be3310fe185c66a266280ece8b03bc8b81269,7696,core_saves,extract_semantics_and_metadata
PKHeX.Core/Saves/Substructures/PokeDex/Gen9/Zukan9Paldea.cs,2bd3ace73b090efe22acfbecb6473ef910f8be05,8816,core_saves,extract_semantics_and_metadata
PKHeX.Core/Saves/Substructures/PokeDex/Zukan.cs,efc24864612dd601ff43aeb3b765fd399c19639c,10123,core_saves,extract_semantics_and_metadata
PKHeX.Core/Saves/Substructures/PokeDex/Zukan4.cs,f28c021484407f897b6cc2af8dd2f60544a67724,17313,core_saves,extract_semantics_and_metadata
PKHeX.Core/Saves/Substructures/PokeDex/Zukan5.cs,d394fdfc52dd51d30a0d05d08914cf0da5bfa533,16360,core_saves,extract_semantics_and_metadata
PKHeX.Core/Saves/Substructures/PokeDex/Zukan6.cs,bab8c050bc3b2c66eaaea14fe791ef5e4f5df13d,22037,core_saves,extract_semantics_and_metadata
PKHeX.Core/Saves/Substructures/PokeDex/Zukan7.cs,2df39e53526313cf45609f40cfb1b19cd3a29125,11234,core_saves,extract_semantics_and_metadata
PKHeX.Core/Saves/Substructures/PokeDex/Zukan7b.cs,0cc1ce7a191a2c1efbc4ab5542f09f789844fa68,7605,core_saves,extract_semantics_and_metadata
PKHeX.Core/Saves/Substructures/PokeDex/Zukan8.cs,6396d761fee79ad1a54f8f068bc4949ad1c3204c,24488,core_saves,extract_semantics_and_metadata
PKHeX.Core/Saves/Substructures/Records.cs,86877a27999527f3d030b8f7c01aa26bbb081071,22240,core_saves,extract_semantics_and_metadata
PKHeX.Core/Saves/Substructures/Rentals/IRentalTeam.cs,f5369e377bb807fa3705c7382f9806232cb2cdf7,767,core_saves,extract_semantics_and_metadata
PKHeX.Core/Saves/Substructures/Rentals/RentalTeam8.cs,4864e719a42918be44f92877e069b779950f44af,4092,core_saves,extract_semantics_and_metadata
PKHeX.Core/Saves/Substructures/Rentals/RentalTeam9.cs,72f30abcf5cbb3386003f75e77df7907acb6aa98,4627,core_saves,extract_semantics_and_metadata
PKHeX.Core/Saves/Substructures/Rentals/RentalTeamSet9.cs,a92f7fc88423cd43554910ab22b8c59015c1f407,1260,core_saves,extract_semantics_and_metadata
PKHeX.Core/Saves/Substructures/Time/Epoch0000DateTime.cs,ed7bde9aee8554582140c92e53628ada85670573,1289,core_saves,extract_semantics_and_metadata
PKHeX.Core/Saves/Substructures/Time/Epoch1900DateTimeValue.cs,9de52c10f32b0261fa5800612f959b0e34279507,1898,core_saves,extract_semantics_and_metadata
PKHeX.Core/Saves/Substructures/Time/Epoch1900DateValue.cs,b117659d41a55f7ddc5285cfebd69a3fb6403fef,1875,core_saves,extract_semantics_and_metadata
PKHeX.Core/Saves/Substructures/Time/Epoch1970Value.cs,1359cc2641e8eeef23395e83aadb4b9c6f3f327a,1061,core_saves,extract_semantics_and_metadata
PKHeX.Core/Saves/Substructures/Time/EpochDateTime.cs,85f4f46eabaa5ad533f1da466fab13132f28bd0d,1209,core_saves,extract_semantics_and_metadata
PKHeX.Core/Saves/Util/BinaryExportSetting.cs,e5669644b276edd9db70c41c5676508fdcffc6fb,966,core_saves,extract_semantics_and_metadata
PKHeX.Core/Saves/Util/BlankSaveFile.cs,14b9d71bfbb774086eb93967894545070fc0852e,5732,core_saves,extract_semantics_and_metadata
PKHeX.Core/Saves/Util/BoxUtil.cs,77640f314feac410c266577aab7378653cd95a67,11359,core_saves,extract_semantics_and_metadata
PKHeX.Core/Saves/Util/Checksums.cs,e5dc042e1cd8c0ae96d8cb158a7d2ff7cf70b4f4,11182,core_saves,extract_semantics_and_metadata
PKHeX.Core/Saves/Util/Detection/SaveFileType.cs,d64fb556b7ac7686cc48077c12f8c1f020b057d9,3382,core_saves,extract_semantics_and_metadata
PKHeX.Core/Saves/Util/Detection/SaveTypeInfo.cs,2762d0a6476993f3aff99a518a450184829617e5,801,core_saves,extract_semantics_and_metadata
PKHeX.Core/Saves/Util/DexFormUtil.cs,03c3edd7ce52ab1218afebc297af7b726698e1a5,4787,core_saves,extract_semantics_and_metadata
PKHeX.Core/Saves/Util/IGCSaveFile.cs,9ec6a78685225a6079c73de47a857fcb0179fa40,1025,core_saves,extract_semantics_and_metadata
PKHeX.Core/Saves/Util/ILangDeviantSave.cs,4ddeff32368f063f2704637a34200df6365757ad,484,core_saves,extract_semantics_and_metadata
PKHeX.Core/Saves/Util/Recognition/ISaveHandler.cs,37149b596939940fd11875c8ad88adf35f022afa,2404,core_saves,extract_semantics_and_metadata
PKHeX.Core/Saves/Util/Recognition/SaveHandlerARDS.cs,d727f5d8ecb2b6a8045fd716e0016debd8f3d5b7,743,core_saves,extract_semantics_and_metadata
PKHeX.Core/Saves/Util/Recognition/SaveHandlerDeSmuME.cs,fa4c81c5fbc87c33e4ae60b9afd031044d2b421a,847,core_saves,extract_semantics_and_metadata
PKHeX.Core/Saves/Util/Recognition/SaveHandlerFooterRTC.cs,27bb912f3bd5177fffd40631ad4cbc9f3d0dc2ea,1390,core_saves,extract_semantics_and_metadata
PKHeX.Core/Saves/Util/Recognition/SaveHandlerGCI.cs,d5fbc581b4f63aa972714cc4893abb7d0a6368d0,3152,core_saves,extract_semantics_and_metadata
PKHeX.Core/Saves/Util/Recognition/SaveHandlerNSO.cs,1561edda863faa26778921d8d41247f1a37b369a,5577,core_saves,extract_semantics_and_metadata
PKHeX.Core/Saves/Util/Recognition/SaveHandlerSplitResult.cs,4a5a3a2bb91ecf75617bf20af24d7fe8f306d810,991,core_saves,extract_semantics_and_metadata
PKHeX.Core/Saves/Util/Recognition/ZipReader.cs,5db1afb018d1ec13eedc2d667632494ca843b5b0,6662,core_saves,extract_semantics_and_metadata
PKHeX.Core/Saves/Util/SaveExtensions.cs,0f186e338e5e9f9ba5ae41d30a6b35f83bce09ba,9173,core_saves,extract_semantics_and_metadata
PKHeX.Core/Saves/Util/SaveFinder.cs,7d43bac36a40bbd801e6a68249deb337b35b6530,11106,core_saves,extract_semantics_and_metadata
PKHeX.Core/Saves/Util/SaveLanguage.cs,0f4fa0e247c471c7064de23977b5c53aa5bf98b5,14903,core_saves,extract_semantics_and_metadata
PKHeX.Core/Saves/Util/SaveUtil.cs,bc56a9012a664e88d49a6398fc406c184f318010,35235,core_saves,extract_semantics_and_metadata
PKHeX.Core/Saves/Util/StadiumUtil.cs,98fa74e158639539f8654024020552c01c6d4f67,3124,core_saves,extract_semantics_and_metadata
PKHeX.Core/Saves/Util/StorageUtil.cs,cad784d9d3358f3d5c2a876e87f94567b35a819d,3452,core_saves,extract_semantics_and_metadata
PKHeX.Core/Util/BinaryCodedDecimal.cs,7eb16934624010928d63e9c92ef59058d1b4a17d,2076,core_other,extract_semantics_and_metadata
PKHeX.Core/Util/ComboItemUtil.cs,aab9809f988504ddcc35a7a72d006695b849d06e,5658,core_other,extract_semantics_and_metadata
PKHeX.Core/Util/DateUtil.cs,b3378fd756bb2f7c09f4a74486eab2527835765b,4694,core_other,extract_semantics_and_metadata
PKHeX.Core/Util/EmbeddedResourceCache.cs,a623b34109079652526cf3d65b051970a0c038cb,3404,core_other,extract_semantics_and_metadata
PKHeX.Core/Util/FileUtil.cs,d3a9769e701ce8b614c3578118998ffd72603c29,14607,core_other,extract_semantics_and_metadata
PKHeX.Core/Util/FlagUtil.cs,1cb4f640b0fdf025e9889644d4b71d8cc5a899ba,4698,core_other,extract_semantics_and_metadata
PKHeX.Core/Util/Localization/LocalizationStorage.cs,c5ad077a3314f6de3b7e24772e7bc774b8ce5b98,1497,core_other,extract_semantics_and_metadata
PKHeX.Core/Util/Localization/LocalizationUtil.cs,e6e099d1face3ff05aa058f3392297b0c1c257f9,4775,core_other,extract_semantics_and_metadata
PKHeX.Core/Util/Localization/LocalizeUtil.cs,81e6bde40d977925766bc4754b4111420ed3e1b9,751,core_other,extract_semantics_and_metadata
PKHeX.Core/Util/Localization/LocalizedDescriptionAttribute.cs,d48e7da6171f76c9ccdfe3f7fa497554ab1828de,639,core_other,extract_semantics_and_metadata
PKHeX.Core/Util/MessageStrings.cs,4f85276175263235e317ea016b35911033eadcaa,29514,core_other,extract_semantics_and_metadata
PKHeX.Core/Util/NetUtil.cs,7408b44c25ac0d634ddce8584ee3f5eaf7770266,2001,core_other,extract_semantics_and_metadata
PKHeX.Core/Util/PathUtil.cs,d4a92844d788fdf1340ef499742da971dceac3c1,1970,core_other,extract_semantics_and_metadata
PKHeX.Core/Util/RandUtil.cs,84e1165f96a5583571072e2c340ee4de905090f7,1262,core_other,extract_semantics_and_metadata
PKHeX.Core/Util/ReflectUtil.cs,42e015a8aec28f2f66ccc324c0b0f2156d7da0ed,9487,core_other,extract_semantics_and_metadata
PKHeX.Core/Util/ResourceUtil.cs,ad8901a61570be17d349b467fcb87d9ace0fe1a7,4134,core_other,extract_semantics_and_metadata
PKHeX.Core/Util/StringUtil.cs,8380a64b4bdcda2d6fd1bdb1ca26ff4877331362,3787,core_other,extract_semantics_and_metadata
PKHeX.Core/Util/UpdateUtil.cs,84797561720628e8ae638c101e26d7e93b2a8804,1236,core_other,extract_semantics_and_metadata
PKHeX.Core/Util/Util.cs,13cb33e98eb8b8f1c2ee2b9e91ce42f57e278e26,6347,core_other,extract_semantics_and_metadata
PKHeX.Core/Util/ValueTypeTypeConverter.cs,f64c62dcf955c85894ed56710150f0c6e80e70e4,4108,core_other,extract_semantics_and_metadata
