domain,context,path,git_blob_sha,size,status
eggmove,ao,PKHeX.Core/Resources/byte/eggmove/eggmove_ao.pkl,40bb42edb4de44c7e13ba16550bc5ed8b27cd314,7658,binary_decode_pending
eggmove,bdsp,PKHeX.Core/Resources/byte/eggmove/eggmove_bdsp.pkl,9953e03f898ee991c63009dc29b78a41f3f79c7e,4866,binary_decode_pending
eggmove,bw,PKHeX.Core/Resources/byte/eggmove/eggmove_bw.pkl,f3844e7334b794c66ff3751f887d4fe6aebcb11b,6826,binary_decode_pending
eggmove,c,PKHeX.Core/Resources/byte/eggmove/eggmove_c.pkl,aa323e42bc8e9a5746a34ffe1fbbc9c45aada3fc,1460,binary_decode_pending
eggmove,,PKHeX.Core/Resources/byte/eggmove/eggmove_dppt.pkl,0c4d525186b69490ba282668c7bc1947b430590b,4348,binary_decode_pending
eggmove,gs,PKHeX.Core/Resources/byte/eggmove/eggmove_gs.pkl,c658243e40dac1c6e6f060ec6a132a255b3aa482,1442,binary_decode_pending
eggmove,hgss,PKHeX.Core/Resources/byte/eggmove/eggmove_hgss.pkl,34f8bd74d3ce946f12a79455083942630d18305b,4618,binary_decode_pending
eggmove,rs,PKHeX.Core/Resources/byte/eggmove/eggmove_rs.pkl,055cb731723eb8e249b3cf44f51fa917e3f50de0,2696,binary_decode_pending
eggmove,sm,PKHeX.Core/Resources/byte/eggmove/eggmove_sm.pkl,6622abf82e51c401678bb1d5f948fa07e89818e4,8708,binary_decode_pending
eggmove,sv,PKHeX.Core/Resources/byte/eggmove/eggmove_sv.pkl,61945fdf4091a3cb5b1047963ed7899d7e9bb2ef,6248,binary_decode_pending
eggmove,swsh,PKHeX.Core/Resources/byte/eggmove/eggmove_swsh.pkl,2fec7871e38dd2aa0840305010a03d3b60e4a59f,5262,binary_decode_pending
eggmove,uu,PKHeX.Core/Resources/byte/eggmove/eggmove_uu.pkl,639c7b3c52c92924bb3a62b75db2b9f35577bed9,9006,binary_decode_pending
eggmove,xy,PKHeX.Core/Resources/byte/eggmove/eggmove_xy.pkl,35a7dbfceef9f187de8d9cd8d01f8a471cf91603,7652,binary_decode_pending
encounter_logic,,PKHeX.Core/Legality/Encounters/Data/EncounterEvent.cs,71966154824c0da3da99625ec1b2f8506d4aafb3,9385,indexed
encounter_logic,,PKHeX.Core/Legality/Encounters/Data/EncounterUtil.cs,ed8c5159b41d3097be9fb2b87217835d03435960,10255,indexed
encounter_logic,gen1,PKHeX.Core/Legality/Encounters/Data/Gen1/Encounters1.cs,5fa7aa974130bdc097059fe08ee149fce30c7714,6057,indexed
encounter_logic,gen1,PKHeX.Core/Legality/Encounters/Data/Gen1/Encounters1GBEra.cs,2b3c4a3db400dfc0094009c1364756c0d295230a,587,indexed
encounter_logic,gen1,PKHeX.Core/Legality/Encounters/Data/Gen1/Encounters1VC.cs,2858f6451c349fc400eaa932f539368db684d4d1,152,indexed
encounter_logic,gen2,PKHeX.Core/Legality/Encounters/Data/Gen2/Encounters2.cs,1737bf92381a9205a701c59b6344cc59f3982922,9141,indexed
encounter_logic,gen2,PKHeX.Core/Legality/Encounters/Data/Gen2/Encounters2GBEra.cs,08e40cc1a0501ed6e9c7b5d41b778adedb4fbafe,587,indexed
encounter_logic,gen3,PKHeX.Core/Legality/Encounters/Data/Gen3/Encounters3Colo.cs,f047b01071a59a9c9377131652a81fcc337ea2b5,14602,indexed
encounter_logic,gen3,PKHeX.Core/Legality/Encounters/Data/Gen3/Encounters3ColoShadow.cs,3e4f909e9e05f5fdb6ad1703c28d5bd44d8d34ad,2744,indexed
encounter_logic,gen3,PKHeX.Core/Legality/Encounters/Data/Gen3/Encounters3ColoTeams.cs,32761af05f40d54dc97f2cc79124309c20217b7b,820,indexed
encounter_logic,gen3,PKHeX.Core/Legality/Encounters/Data/Gen3/Encounters3FRLG.cs,8540c782134f05f799dd764e9dc73e53fb9033b5,7988,indexed
encounter_logic,gen3,PKHeX.Core/Legality/Encounters/Data/Gen3/Encounters3RSE.cs,682124df2560573a347309ba581cfc06a04f111a,8371,indexed
encounter_logic,gen3,PKHeX.Core/Legality/Encounters/Data/Gen3/Encounters3XD.cs,9f6c746f1b6b2d4e1bc01af0775587357d545fcc,16152,indexed
encounter_logic,gen3,PKHeX.Core/Legality/Encounters/Data/Gen3/Encounters3XDShadow.cs,b7ae1a6a383611ba00162b1dd70348d0db1a085d,37827,indexed
encounter_logic,gen3,PKHeX.Core/Legality/Encounters/Data/Gen3/Encounters3XDTeams.cs,03b10e5d1c53ef90da76436f645b191032d5fcf5,5800,indexed
encounter_logic,gen3,PKHeX.Core/Legality/Encounters/Data/Gen3/EncountersWC3.cs,3486461f957bf56557cdc166618415d03fd16bce,38280,indexed
encounter_logic,gen4,PKHeX.Core/Legality/Encounters/Data/Gen4/Encounters4DPPt.cs,2f5ea84bf8c08dbdbbce59f1f1cb76917166a7c6,12379,indexed
encounter_logic,gen4,PKHeX.Core/Legality/Encounters/Data/Gen4/Encounters4HGSS.cs,c70459685ae60a62c12da33ccf1f5b5d8d5593b6,11789,indexed
encounter_logic,gen5,PKHeX.Core/Legality/Encounters/Data/Gen5/Encounters5B2W2.cs,9876a9cd700f2fcc337be05741029d1fc88c30f2,17480,indexed
encounter_logic,gen5,PKHeX.Core/Legality/Encounters/Data/Gen5/Encounters5BW.cs,9ab0abd941e189261cab2ee302c3a7fd98da5a8b,11864,indexed
encounter_logic,gen5,PKHeX.Core/Legality/Encounters/Data/Gen5/Encounters5DR.cs,5087e71556a9f151c37a549b5728f2287ee3a98c,9111,indexed
encounter_logic,gen6,PKHeX.Core/Legality/Encounters/Data/Gen6/Encounters6AO.cs,b59214398c756be172107dc09cdff9bf9684ff9c,11045,indexed
encounter_logic,gen6,PKHeX.Core/Legality/Encounters/Data/Gen6/Encounters6XY.cs,147d623de132e7210bf8449c40825cd70cb75da0,7386,indexed
encounter_logic,gen7,PKHeX.Core/Legality/Encounters/Data/Gen7/Encounters7GG.cs,b9d582956f5c5df7c7288b29ec23a37324f43377,7635,indexed
encounter_logic,gen7,PKHeX.Core/Legality/Encounters/Data/Gen7/Encounters7SM.cs,5a76093dc98a94cd2e10b5b525ead08adf26846a,12700,indexed
encounter_logic,gen7,PKHeX.Core/Legality/Encounters/Data/Gen7/Encounters7USUM.cs,62e2ec55bf47770f6b5f94f107cec9c712656405,24560,indexed
encounter_logic,gen8,PKHeX.Core/Legality/Encounters/Data/Gen8/Encounters8.cs,b01b60a9d35fb865f3191b923dcec65935cd74ea,100557,indexed
encounter_logic,gen8,PKHeX.Core/Legality/Encounters/Data/Gen8/Encounters8a.cs,f529d39504bac8f4b54dd47fb8f3dd96af7a1661,9072,indexed
encounter_logic,gen8,PKHeX.Core/Legality/Encounters/Data/Gen8/Encounters8b.cs,2b9ed426ff66cfb696d79514bef1b62b5324d824,8425,indexed
encounter_logic,gen8,PKHeX.Core/Legality/Encounters/Data/Gen8/Encounters8Nest.cs,073e76bca4673ce35de2fcdc103d3fe16a757f5f,25402,indexed
encounter_logic,gen9,PKHeX.Core/Legality/Encounters/Data/Gen9/Encounters9.cs,cffc03bf667b8a97ff27645241340e76139c933f,27259,indexed
encounter_logic,gen9,PKHeX.Core/Legality/Encounters/Data/Gen9/Encounters9a.cs,406ed82bfd6c8aba2ba9e1c9859f2e1f41e12669,12201,indexed
encounter_logic,,PKHeX.Core/Legality/Encounters/Data/Live/DistributionWindow.cs,0b9c6a56b8834e77b5ea1eb6bd42fe0b32ae49f6,2169,indexed
encounter_logic,,PKHeX.Core/Legality/Encounters/Data/Live/EncounterServerDate.cs,939aa30dcabb76a5ff1f3d2d8f9c9bbb5a015513,15343,indexed
encounter_logic,,PKHeX.Core/Legality/Encounters/Data/Live/EncounterServerDateCheck.cs,a8367a3a0e8bc5b54d374272de4eaf27e47db6f2,413,indexed
encounter_logic,,PKHeX.Core/Legality/Encounters/Data/Live/EncountersGO.cs,2c57891790241f18d257169e12fdaed73dc474cb,1753,indexed
encounter_logic,,PKHeX.Core/Legality/Encounters/Data/Live/IEncounterServerDate.cs,7b2f6a94c4968dcbce942c4cd033ce683f96175f,358,indexed
encounter_logic,,PKHeX.Core/Legality/Encounters/Generator/ByGeneration/EncounterGenerator1.cs,2f0d188c09432283bce4bc4e4c01de4ce7aaab13,1478,indexed
encounter_logic,,PKHeX.Core/Legality/Encounters/Generator/ByGeneration/EncounterGenerator2.cs,d079209b5ce3f9ef104c2aca7a4ca542360bd05b,3042,indexed
encounter_logic,,PKHeX.Core/Legality/Encounters/Generator/ByGeneration/EncounterGenerator3.cs,11f95cae89e174c0a22c46581ec3704d7618936d,6518,indexed
encounter_logic,,PKHeX.Core/Legality/Encounters/Generator/ByGeneration/EncounterGenerator3GC.cs,f4fdb103fa8a0f43abee88657d6ba01d7d65f30d,3525,indexed
encounter_logic,,PKHeX.Core/Legality/Encounters/Generator/ByGeneration/EncounterGenerator4.cs,ac0bed015c02e718d0ef6214b84ca3d9c6e98adc,7013,indexed
encounter_logic,,PKHeX.Core/Legality/Encounters/Generator/ByGeneration/EncounterGenerator5.cs,b70f8e999d5ff85b715ee77c07f583430d1b70da,3274,indexed
encounter_logic,,PKHeX.Core/Legality/Encounters/Generator/ByGeneration/EncounterGenerator6.cs,934209930c4fee1d4eabb2f0d70a20987f455aba,3901,indexed
encounter_logic,,PKHeX.Core/Legality/Encounters/Generator/ByGeneration/EncounterGenerator7.cs,cda4d7c6606430a72f269062f3c7900320bfa3b4,5423,indexed
encounter_logic,,PKHeX.Core/Legality/Encounters/Generator/ByGeneration/EncounterGenerator7GG.cs,42b4912c2a756692ff2d5b85784a5e99f9241177,900,indexed
encounter_logic,,PKHeX.Core/Legality/Encounters/Generator/ByGeneration/EncounterGenerator7GO.cs,77e539fc0f77cb19b6cd84c128ebb179e596700f,753,indexed
encounter_logic,,PKHeX.Core/Legality/Encounters/Generator/ByGeneration/EncounterGenerator8.cs,95ee1bc54c924d5dcbcae1e3fd2cd5391e967526,3301,indexed
encounter_logic,,PKHeX.Core/Legality/Encounters/Generator/ByGeneration/EncounterGenerator8a.cs,4db0c8ed2a5d20b1e502e7ba8735a0fd791f1211,749,indexed
encounter_logic,,PKHeX.Core/Legality/Encounters/Generator/ByGeneration/EncounterGenerator8b.cs,3a0becf07dfef78a4acddb9812716da521b03542,3484,indexed
encounter_logic,,PKHeX.Core/Legality/Encounters/Generator/ByGeneration/EncounterGenerator8GO.cs,340f13f2621c98dc85d71f7abb428ff64afacbb3,753,indexed
encounter_logic,,PKHeX.Core/Legality/Encounters/Generator/ByGeneration/EncounterGenerator9.cs,b89277f11f4f1d65d03e6e075c13090e02976082,3953,indexed
encounter_logic,,PKHeX.Core/Legality/Encounters/Generator/ByGeneration/EncounterGenerator9a.cs,0491e02ff60d955010c9a2c472e1924f04faae0e,749,indexed
encounter_logic,,PKHeX.Core/Legality/Encounters/Generator/ByGeneration/EncounterStateUtil.cs,0dac8dad21064ad9feee438cb0f81aa8c86684e5,1385,indexed
encounter_logic,,PKHeX.Core/Legality/Encounters/Generator/ByGeneration/Lump/EncounterGenerator12.cs,7da7e3d7cc6db90da9e772c762979fd2893014c5,4957,indexed
encounter_logic,,PKHeX.Core/Legality/Encounters/Generator/ByGeneration/Lump/EncounterGenerator7X.cs,c923d076460f2272b3c7bcac3578f81dc838984f,1355,indexed
encounter_logic,,PKHeX.Core/Legality/Encounters/Generator/ByGeneration/Lump/EncounterGenerator8X.cs,f3839ca17b5790fad79642c0faa85234b0bf9cd4,2269,indexed
encounter_logic,,PKHeX.Core/Legality/Encounters/Generator/ByGeneration/Lump/EncounterGenerator9X.cs,f6ac3d798ab08f46766ee85a1d0ebd61116ae6ae,1435,indexed
encounter_logic,,PKHeX.Core/Legality/Encounters/Generator/ByGeneration/Lump/EncounterGeneratorDummy.cs,09e4d8da8bc6985f280240121cbe6281401593ff,563,indexed
encounter_logic,,PKHeX.Core/Legality/Encounters/Generator/ByGeneration/Lump/EncounterGeneratorGO.cs,c7791e2a507b0f7212210b94c74a578cdbf4d36c,1147,indexed
encounter_logic,,PKHeX.Core/Legality/Encounters/Generator/ByGeneration/Lump/IEncounterGenerator.cs,456228bd128301cd7cd26599ec754d622d2baf11,495,indexed
encounter_logic,,PKHeX.Core/Legality/Encounters/Generator/EncounterCriteria.cs,ebc2b2769d92e1c6e5aafabd6b655df51f2c7513,25355,indexed
encounter_logic,,PKHeX.Core/Legality/Encounters/Generator/EncounterFinder.cs,23d46642e99d655b1540ef3ff96027a4290f486a,9343,indexed
encounter_logic,,PKHeX.Core/Legality/Encounters/Generator/EncounterGenerator.cs,7de46ca700a92ee76d4dedb7a0497b665643a033,3223,indexed
encounter_logic,,PKHeX.Core/Legality/Encounters/Generator/EncounterMutation.cs,a19651bdc539254ae2df53264ecb25b13b4a52b0,3274,indexed
encounter_logic,,PKHeX.Core/Legality/Encounters/Generator/Moveset/EncounterMovesetGenerator.cs,4022821c5bd89723b553cf17f1f0220671bed0c1,21080,indexed
encounter_logic,,PKHeX.Core/Legality/Encounters/Generator/Moveset/EncounterTypeGroup.cs,fdda3f0500c3b7ea3af29f9b16fc0c51e753425a,715,indexed
encounter_logic,,PKHeX.Core/Legality/Encounters/Generator/PeekEnumerator.cs,621aee743c127e5ef62a62367cb44fe3e449c587,2601,indexed
encounter_logic,,PKHeX.Core/Legality/Encounters/Generator/Possible/EncounterPossible1.cs,b27fc80edcbbb1580ea419b5f7d099bd0d7b618a,8646,indexed
encounter_logic,,PKHeX.Core/Legality/Encounters/Generator/Possible/EncounterPossible2.cs,17159b8b42da13a7e055a6333bd80f826f4d5e4c,8741,indexed
encounter_logic,,PKHeX.Core/Legality/Encounters/Generator/Possible/EncounterPossible3.cs,08f32cdb7232203eee4c5dd2f4ed0904117a25b9,11745,indexed
encounter_logic,,PKHeX.Core/Legality/Encounters/Generator/Possible/EncounterPossible3GC.cs,b61d01c9fe9a84a11acb05f40a59f3823b3bfd84,4965,indexed
encounter_logic,,PKHeX.Core/Legality/Encounters/Generator/Possible/EncounterPossible4.cs,f4aba06ed8a1c1ccb87fd42425b87ab1550e297a,10500,indexed
encounter_logic,,PKHeX.Core/Legality/Encounters/Generator/Possible/EncounterPossible5.cs,c9a6dd385658bf808766ee356fb2e112fbb5b902,11551,indexed
encounter_logic,,PKHeX.Core/Legality/Encounters/Generator/Possible/EncounterPossible6.cs,12a6bf788672a7ec4496a76543789ec5179ada34,9487,indexed
encounter_logic,,PKHeX.Core/Legality/Encounters/Generator/Possible/EncounterPossible7.cs,67f3aac83c1eb1d895d333696f3d6430ed102ffb,9653,indexed
encounter_logic,,PKHeX.Core/Legality/Encounters/Generator/Possible/EncounterPossible7GG.cs,0798b4bc7b9caa0b9ffede6cf70fb2472dbbf213,6770,indexed
encounter_logic,,PKHeX.Core/Legality/Encounters/Generator/Possible/EncounterPossible7GO.cs,036214ce0f02fa40b2de1b0bf6e1ad110219019f,2583,indexed
encounter_logic,,PKHeX.Core/Legality/Encounters/Generator/Possible/EncounterPossible8.cs,701ec9369cace7dbdf827d8c05c96e032ee17825,9217,indexed
encounter_logic,,PKHeX.Core/Legality/Encounters/Generator/Possible/EncounterPossible8a.cs,1573787750f73dc2f50acee8338993ba60bf3c01,3906,indexed
encounter_logic,,PKHeX.Core/Legality/Encounters/Generator/Possible/EncounterPossible8b.cs,131d9d8fa3b2fe3fa03128c4aa45043e8f9f28b8,6336,indexed
encounter_logic,,PKHeX.Core/Legality/Encounters/Generator/Possible/EncounterPossible8GO.cs,96af701fb8f71c51f753192da764c4b4be0cce42,2556,indexed
encounter_logic,,PKHeX.Core/Legality/Encounters/Generator/Possible/EncounterPossible9.cs,6d90e4d5937ae020f4c2637b2e0db8b3677b56e9,7521,indexed
encounter_logic,,PKHeX.Core/Legality/Encounters/Generator/Possible/EncounterPossible9a.cs,28728d0f1642041d0638a865da53aa21181254ad,5194,indexed
encounter_logic,,PKHeX.Core/Legality/Encounters/Generator/Search/Dirtied/EncounterEnumerator8bSWSH.cs,6e1ba05e73891df4e03eb4884ddf4893c291853c,8893,indexed
encounter_logic,,PKHeX.Core/Legality/Encounters/Generator/Search/Dirtied/EncounterEnumerator9SWSH.cs,e20f7022e310b86c92ab7884be19693090eef542,9596,indexed
encounter_logic,,PKHeX.Core/Legality/Encounters/Generator/Search/EncounterEnumerator1.cs,f34936ce66196a4c41b42c52ee275ec5945f41b8,8273,indexed
encounter_logic,,PKHeX.Core/Legality/Encounters/Generator/Search/EncounterEnumerator2.cs,dbe8fda64eb513f33892c97c7b0946a5634a79b7,10633,indexed
encounter_logic,,PKHeX.Core/Legality/Encounters/Generator/Search/EncounterEnumerator3.cs,e8e4e2adb783379e96d5a847b9483d7774d3079a,13231,indexed
encounter_logic,,PKHeX.Core/Legality/Encounters/Generator/Search/EncounterEnumerator3GC.cs,2d1a0ba9c21fbcbc14afe02967997f7c2734c449,6077,indexed
encounter_logic,,PKHeX.Core/Legality/Encounters/Generator/Search/EncounterEnumerator4.cs,45a2d4ee2931e992d9e59b0abe2847007445cb0d,12442,indexed
encounter_logic,,PKHeX.Core/Legality/Encounters/Generator/Search/EncounterEnumerator5.cs,dcf07da352aeb74e4883d6a44f2ef268266905f6,13142,indexed
encounter_logic,,PKHeX.Core/Legality/Encounters/Generator/Search/EncounterEnumerator6.cs,a8a8129d5921a797f812835f8505fc05761d3c19,11053,indexed
encounter_logic,,PKHeX.Core/Legality/Encounters/Generator/Search/EncounterEnumerator7.cs,2006836f697612eb8021d2a93a9b116af740d5a8,11007,indexed
encounter_logic,,PKHeX.Core/Legality/Encounters/Generator/Search/EncounterEnumerator7GG.cs,cfcf219e84fae97b349d1a61eb6f8c4257f410a4,7880,indexed
encounter_logic,,PKHeX.Core/Legality/Encounters/Generator/Search/EncounterEnumerator7GO.cs,ad83820e710a2823b878fedf4eae995286d6aecd,3803,indexed
encounter_logic,,PKHeX.Core/Legality/Encounters/Generator/Search/EncounterEnumerator8.cs,068610a4fc7bf98badf514a5edecc36ced5deae9,11158,indexed
encounter_logic,,PKHeX.Core/Legality/Encounters/Generator/Search/EncounterEnumerator8a.cs,b3bb230e5c93d9e5f558d05968134dfa315c88bb,5580,indexed
encounter_logic,,PKHeX.Core/Legality/Encounters/Generator/Search/EncounterEnumerator8b.cs,e51b1e2cc418eea53144519150b1d2431092e1f0,8834,indexed
encounter_logic,,PKHeX.Core/Legality/Encounters/Generator/Search/EncounterEnumerator8GO.cs,2c43e14274b419d5bf6180768f71142ce88da620,5875,indexed
encounter_logic,,PKHeX.Core/Legality/Encounters/Generator/Search/EncounterEnumerator9.cs,d259379d27bd996a9ee7f9f1579b61f4e13c76df,9475,indexed
encounter_logic,,PKHeX.Core/Legality/Encounters/Generator/Search/EncounterEnumerator9a.cs,31a6bf4e9796bbfebad0822aba81662c43232551,7137,indexed
encounter_logic,,PKHeX.Core/Legality/Encounters/Generator/Search/MatchedEncounter.cs,a22c577ec61a75cc5ee2f52e043eaa99d2b06011,182,indexed
encounter_logic,,PKHeX.Core/Legality/Encounters/Information/EncounterDate.cs,b9af56e00ab0ea519d180078c84d6e91bdc4d255,2344,indexed
encounter_logic,,PKHeX.Core/Legality/Encounters/Information/EncounterLearn.cs,11c43df2ecfd7946c670578a0e62b3f360289167,5602,indexed
encounter_logic,,PKHeX.Core/Legality/Encounters/Information/EncounterSuggestion.cs,f5a1e6c1657e28e1b7ea78cc255ba11bb8b110a9,10374,indexed
encounter_logic,,PKHeX.Core/Legality/Encounters/Information/EncounterSuggestionData.cs,a387eff583e9a91c2ec54ab31d85491662d29394,1450,indexed
encounter_logic,,PKHeX.Core/Legality/Encounters/Information/EncounterSummary.cs,0ebe01879715150b1886ccc4244789d66c92b965,1761,indexed
encounter_logic,,PKHeX.Core/Legality/Encounters/Information/EncounterText.cs,9e02b737e046b20193e4096f08d6fd1c685be3c6,3460,indexed
encounter_logic,,PKHeX.Core/Legality/Encounters/Templates/Enums/AbilityPermission.cs,8e0896fab501a99ccd0cca3e88784cc5d03fe144,1887,indexed
encounter_logic,,PKHeX.Core/Legality/Encounters/Templates/Enums/EncounterMatchRating.cs,2f94c87fddd7c9de41974ac290b33e335cfc25d2,765,indexed
encounter_logic,,PKHeX.Core/Legality/Encounters/Templates/Enums/HiddenAbilityPermission.cs,eeb07e2edebe3b21b22b5b532ec34d33c99aa99b,1055,indexed
encounter_logic,,PKHeX.Core/Legality/Encounters/Templates/Enums/Shiny.cs,c58526ee3e2202b86d2392614824d6b4ac90bf00,2238,indexed
encounter_logic,gen1,PKHeX.Core/Legality/Encounters/Templates/Gen1/EncounterArea1.cs,ad0db6b7a6cdd232ec67698798dc7d6956431e4f,1676,indexed
encounter_logic,gen1,PKHeX.Core/Legality/Encounters/Templates/Gen1/EncounterGift1.cs,7940727f8ba6d360651fa7af4f0907095e8b973e,10640,indexed
encounter_logic,gen1,PKHeX.Core/Legality/Encounters/Templates/Gen1/EncounterSlot1.cs,8d214601b6762bbe3fee2a40a66b6fd14f77ef1b,2988,indexed
encounter_logic,gen1,PKHeX.Core/Legality/Encounters/Templates/Gen1/EncounterStatic1.cs,5fd72e6fe3c5b4ed0e160a546f2dd8113b3ba9c0,4039,indexed
encounter_logic,gen1,PKHeX.Core/Legality/Encounters/Templates/Gen1/EncounterTrade1.cs,ac6f9acab8d5495c8886c796b588f56f1d1c427a,7634,indexed
encounter_logic,gen2,PKHeX.Core/Legality/Encounters/Templates/Gen2/EncounterArea2.cs,922c7588ab69c5b270859b07e26542357abd5294,2841,indexed
encounter_logic,gen2,PKHeX.Core/Legality/Encounters/Templates/Gen2/EncounterEgg2.cs,1561678d9dbfbe7276d6bcfee8d8412a69c93390,2579,indexed
encounter_logic,gen2,PKHeX.Core/Legality/Encounters/Templates/Gen2/EncounterGift2.cs,a1eb1fd92de89964963f9d430ad07991e2a75844,10842,indexed
encounter_logic,gen2,PKHeX.Core/Legality/Encounters/Templates/Gen2/EncounterSlot2.cs,b9971d819fa136b44c0ac20d91772683d37c8fa3,5397,indexed
encounter_logic,gen2,PKHeX.Core/Legality/Encounters/Templates/Gen2/EncounterStatic2.cs,0364a7e90b8b3f1b8d3142b396486781736ce207,10448,indexed
encounter_logic,gen2,PKHeX.Core/Legality/Encounters/Templates/Gen2/EncounterTime.cs,82d311a96a13327dc1cc81ba47be000fa3a31662,834,indexed
encounter_logic,gen2,PKHeX.Core/Legality/Encounters/Templates/Gen2/EncounterTrade2.cs,57bb42b3f39d77fffc769e2b73051c06ae2651e0,10114,indexed
encounter_logic,gen3,PKHeX.Core/Legality/Encounters/Templates/Gen3/Colo/EncounterGift3Colo.cs,a26301f6fc25df374539d51b63703c6de0d7551c,5868,indexed
encounter_logic,gen3,PKHeX.Core/Legality/Encounters/Templates/Gen3/Colo/EncounterShadow3Colo.cs,5969ef61d2c7dd35ba1fb89344dd937197436649,6743,indexed
encounter_logic,gen3,PKHeX.Core/Legality/Encounters/Templates/Gen3/Colo/EncounterStarter3Colo.cs,bbd72b3f52954e91bd91607b6dc3cb35aaba9d3c,5034,indexed
encounter_logic,gen3,PKHeX.Core/Legality/Encounters/Templates/Gen3/Colo/IShadow3.cs,f0dcf290abb6acadbf3a5739d8276a4687e8adba,316,indexed
encounter_logic,gen3,PKHeX.Core/Legality/Encounters/Templates/Gen3/EncounterArea3.cs,b5b7a84f9955e2d356f3b440dcd8ceaddd8ce547,4831,indexed
encounter_logic,gen3,PKHeX.Core/Legality/Encounters/Templates/Gen3/EncounterEgg3.cs,4edc396e5d21ba6413a6d999aad7c107d80e7ad9,5204,indexed
encounter_logic,gen3,PKHeX.Core/Legality/Encounters/Templates/Gen3/EncounterSlot3.cs,5a8979903fd25ad162fd0cac7021029760fa9524,5744,indexed
encounter_logic,gen3,PKHeX.Core/Legality/Encounters/Templates/Gen3/EncounterSlot3Swarm.cs,2ceb6127b7e37164da744d316ce9c449122516d0,569,indexed
encounter_logic,gen3,PKHeX.Core/Legality/Encounters/Templates/Gen3/EncounterStatic3.cs,84bd027b179454b400025e55fd279fddc55c419e,11589,indexed
encounter_logic,gen3,PKHeX.Core/Legality/Encounters/Templates/Gen3/EncounterTrade3.cs,ca975cbb503811987e180c8e65d9aa99f5ae2a6a,7085,indexed
encounter_logic,gen3,PKHeX.Core/Legality/Encounters/Templates/Gen3/Gifts/Distribution3JPN.cs,ecb4a66fadbb85dad0fdb76ba01ecddb4178ae92,3068,indexed
encounter_logic,gen3,PKHeX.Core/Legality/Encounters/Templates/Gen3/Gifts/Distribution3NY.cs,1d9313d4d1614251b59a11458368d433d3b19a5d,2188,indexed
encounter_logic,gen3,PKHeX.Core/Legality/Encounters/Templates/Gen3/Gifts/EncounterGift3.cs,6a5a3bc2f4bf75b6b1734502cdb22a0783dc055c,20512,indexed
encounter_logic,gen3,PKHeX.Core/Legality/Encounters/Templates/Gen3/Gifts/EncounterGift3JPN.cs,0850c9c2c6515dadf03448e6496178df4200ec6b,6226,indexed
encounter_logic,gen3,PKHeX.Core/Legality/Encounters/Templates/Gen3/Gifts/EncounterGift3NY.cs,856c16b60fb6b668b5ed18103b41beadf982ca4d,6676,indexed
encounter_logic,gen3,PKHeX.Core/Legality/Encounters/Templates/Gen3/XD/EncounterArea3XD.cs,2abffd8b639a1c40b344b51d47cd5dcd0e9a8799,887,indexed
encounter_logic,gen3,PKHeX.Core/Legality/Encounters/Templates/Gen3/XD/EncounterShadow3XD.cs,24311a46033739cd90d9de33dc3d57b2233f8e59,5247,indexed
encounter_logic,gen3,PKHeX.Core/Legality/Encounters/Templates/Gen3/XD/EncounterSlot3XD.cs,63fba209cdca68ae8ba6361ec525cf424bb157ac,3119,indexed
encounter_logic,gen3,PKHeX.Core/Legality/Encounters/Templates/Gen3/XD/EncounterStatic3XD.cs,44b4cda4da0b955f52f51fa4e777cce96fd76866,5127,indexed
encounter_logic,gen3,PKHeX.Core/Legality/Encounters/Templates/Gen3/XD/EncounterTrade3XD.cs,21516fcf567a64f3e71322b40cf5555376ddbb7e,6584,indexed
encounter_logic,gen4,PKHeX.Core/Legality/Encounters/Templates/Gen4/EncounterArea4.cs,7a4fb53f0a005e65848d0fb44ac16b21fb521116,6731,indexed
encounter_logic,gen4,PKHeX.Core/Legality/Encounters/Templates/Gen4/EncounterEgg4.cs,31ed617384cb98af5cd246c58309889e82f8abc1,5070,indexed
encounter_logic,gen4,PKHeX.Core/Legality/Encounters/Templates/Gen4/EncounterSlot4.cs,ea32dd8102f136df05559f39dd3e6cec7ca5a0c4,7870,indexed
encounter_logic,gen4,PKHeX.Core/Legality/Encounters/Templates/Gen4/EncounterStatic4.cs,c6d7604bf98af64c1189817e7998eaa4e27eb47a,15161,indexed
encounter_logic,gen4,PKHeX.Core/Legality/Encounters/Templates/Gen4/EncounterStatic4Pokewalker.cs,9798f6bf78d3863b10243741b9ad06add1f9e86d,7330,indexed
encounter_logic,gen4,PKHeX.Core/Legality/Encounters/Templates/Gen4/EncounterTrade4PID.cs,74d780903169009b7bbb4c797aabfe65273087e1,11309,indexed
encounter_logic,gen4,PKHeX.Core/Legality/Encounters/Templates/Gen4/EncounterTrade4RanchGift.cs,f4ed05ea2fd16d6ea14db358671f664fc24e4f00,6961,indexed
encounter_logic,gen4,PKHeX.Core/Legality/Encounters/Templates/Gen4/GroundTileAllowed.cs,0e18a70ecec25e598bedf6c940730f48f3afc77b,2400,indexed
encounter_logic,gen4,PKHeX.Core/Legality/Encounters/Templates/Gen4/IGroundTypeTile.cs,78124b8eb6dc13903d88d3b1e6a050d472ef6cf4,776,indexed
encounter_logic,gen4,PKHeX.Core/Legality/Encounters/Templates/Gen4/PokewalkerCourse4.cs,c233f1dcff898b3238f62879cff2cd80988e1d2a,979,indexed
encounter_logic,gen5,PKHeX.Core/Legality/Encounters/Templates/Gen5/DreamWorldEntry.cs,b071404337b4638d4d1cb0b5874a5bededf89e85,1814,indexed
encounter_logic,gen5,PKHeX.Core/Legality/Encounters/Templates/Gen5/EncounterArea5.cs,f8200434bdac5e187904b1723e1319098b8a63fd,1966,indexed
encounter_logic,gen5,PKHeX.Core/Legality/Encounters/Templates/Gen5/EncounterEgg5.cs,704e6ea78a027b652f7348e9063d0f216baa0d75,4382,indexed
encounter_logic,gen5,PKHeX.Core/Legality/Encounters/Templates/Gen5/EncounterSlot5.cs,0c745640f99af761dff8413b85c45c9bb58342cb,5099,indexed
encounter_logic,gen5,PKHeX.Core/Legality/Encounters/Templates/Gen5/EncounterStatic5.cs,b70a2a5534ed56f509702385c844715ac0a3d937,5984,indexed
encounter_logic,gen5,PKHeX.Core/Legality/Encounters/Templates/Gen5/EncounterStatic5Entree.cs,e2630496be7c0454f75541f7d857f078aa6ad4bc,3919,indexed
encounter_logic,gen5,PKHeX.Core/Legality/Encounters/Templates/Gen5/EncounterStatic5N.cs,c5c02ea85a73d63d5b754505007c4d70fbacbe5a,4487,indexed
encounter_logic,gen5,PKHeX.Core/Legality/Encounters/Templates/Gen5/EncounterStatic5Radar.cs,df9851571d528a90789006444273e1079adc0429,3449,indexed
encounter_logic,gen5,PKHeX.Core/Legality/Encounters/Templates/Gen5/EncounterTrade5B2W2.cs,5f4b3d7e95ef5856f9f432e0a901f48e92c1002e,5862,indexed
encounter_logic,gen5,PKHeX.Core/Legality/Encounters/Templates/Gen5/EncounterTrade5BW.cs,563d1c5c6b5f2f2211f069b6a9ab2b415b3d479f,5584,indexed
encounter_logic,gen5,PKHeX.Core/Legality/Encounters/Templates/Gen5/GlobalLinkPromotion.cs,6944e7bd970c9285b24956693daf6030d03bd35e,3753,indexed
encounter_logic,gen6,PKHeX.Core/Legality/Encounters/Templates/Gen6/EncounterArea6AO.cs,07a20301bad91d158f9acca244fad165c9d5fa5a,1848,indexed
encounter_logic,gen6,PKHeX.Core/Legality/Encounters/Templates/Gen6/EncounterArea6XY.cs,8263a5aae36b55c85eb18abf06b173e6c38b98e0,4496,indexed
encounter_logic,gen6,PKHeX.Core/Legality/Encounters/Templates/Gen6/EncounterEgg6.cs,8f6660e78f8e7f7340a01abf656e4ff92d34ebbe,3727,indexed
encounter_logic,gen6,PKHeX.Core/Legality/Encounters/Templates/Gen6/EncounterSlot6AO.cs,f1764263e7fb463f04ce0990cdecef0b0e1cdf45,6624,indexed
encounter_logic,gen6,PKHeX.Core/Legality/Encounters/Templates/Gen6/EncounterSlot6XY.cs,e0b9f43f688abfd08f3b9da265772c301bdb655f,5553,indexed
encounter_logic,gen6,PKHeX.Core/Legality/Encounters/Templates/Gen6/EncounterStatic6.cs,f6e3619afd65ae9e97d8137d7b88cdf0704e8676,7041,indexed
encounter_logic,gen6,PKHeX.Core/Legality/Encounters/Templates/Gen6/EncounterTrade6.cs,d6172b3a3138cb4fe3305c5462745d6e8bb0e27c,6427,indexed
encounter_logic,gen7,PKHeX.Core/Legality/Encounters/Templates/Gen7/EncounterArea7.cs,72fa89ed78d327f8f516b6068747bfc0a19627df,1893,indexed
encounter_logic,gen7,PKHeX.Core/Legality/Encounters/Templates/Gen7/EncounterEgg7.cs,926d5787c78cdf2a93f202e555ca714e5c3da3d3,3615,indexed
encounter_logic,gen7,PKHeX.Core/Legality/Encounters/Templates/Gen7/EncounterSlot7.cs,4485d4c23627e83a7065507c8413c8eeb3455692,5363,indexed
encounter_logic,gen7,PKHeX.Core/Legality/Encounters/Templates/Gen7/EncounterStatic7.cs,d3fa43be04566eb66cba979bc0cbf918cf0fe9dc,7242,indexed
encounter_logic,gen7,PKHeX.Core/Legality/Encounters/Templates/Gen7/EncounterTrade7.cs,842b54af779f752a44f746cf148484916800ffe5,6212,indexed
encounter_logic,gen7,PKHeX.Core/Legality/Encounters/Templates/Gen7/EncounterTransfer7.cs,30e786d21b571aba04402932526b594c33c1833a,2672,indexed
encounter_logic,gen7,PKHeX.Core/Legality/Encounters/Templates/Gen7b/EncounterArea7b.cs,a6d2a27a1128eb5187a0683fdb95bb3e36152469,2124,indexed
encounter_logic,gen7,PKHeX.Core/Legality/Encounters/Templates/Gen7b/EncounterSlot7b.cs,f82968a43d736763f3959fddf9be65ad4936b478,3610,indexed
encounter_logic,gen7,PKHeX.Core/Legality/Encounters/Templates/Gen7b/EncounterStatic7b.cs,dd3323b8ed1df04946c1838674818aaf648837d6,4033,indexed
encounter_logic,gen7,PKHeX.Core/Legality/Encounters/Templates/Gen7b/EncounterTrade7b.cs,6c4df8b3448794cde6a6f4da180b6ead8831b5b5,4635,indexed
encounter_logic,gen8,PKHeX.Core/Legality/Encounters/Templates/Gen8/AreaWeather8.cs,9bfa2bfb08b4ebc81efcaecf11c3b6ee8dac2461,2131,indexed
encounter_logic,gen8,PKHeX.Core/Legality/Encounters/Templates/Gen8/Crossover8.cs,7bb46a778ef9fa122910473cc0d8dfb52ef95196,380,indexed
encounter_logic,gen8,PKHeX.Core/Legality/Encounters/Templates/Gen8/EncounterArea8.cs,91c449d34ffd398cba43b2f09dec730225301226,13042,indexed
encounter_logic,gen8,PKHeX.Core/Legality/Encounters/Templates/Gen8/EncounterEgg8.cs,af2ba09b8fd04802c0011984408d36d76da2d61d,3305,indexed
encounter_logic,gen8,PKHeX.Core/Legality/Encounters/Templates/Gen8/EncounterSlot8.cs,f5f1dde9764701c27471293fe85bc17ac2aa8f28,8055,indexed
encounter_logic,gen8,PKHeX.Core/Legality/Encounters/Templates/Gen8/EncounterStatic8.cs,54d05b85e6effa32639cae2a65d6ee0afadfd441,8103,indexed
encounter_logic,gen8,PKHeX.Core/Legality/Encounters/Templates/Gen8/EncounterStatic8N.cs,62e6a73ce43ec060215659d5651b7cf307bf8d67,7009,indexed
encounter_logic,gen8,PKHeX.Core/Legality/Encounters/Templates/Gen8/EncounterStatic8NC.cs,ddb6072f43661844758e39f2bdf2bb4f51485e0b,1291,indexed
encounter_logic,gen8,PKHeX.Core/Legality/Encounters/Templates/Gen8/EncounterStatic8ND.cs,4f384a525baee73b5142cdf7c8ddc5008b4d9412,3563,indexed
encounter_logic,gen8,PKHeX.Core/Legality/Encounters/Templates/Gen8/EncounterStatic8Nest.cs,85c64a958c4a24cb8bc659e54f07f90448639fe9,11011,indexed
encounter_logic,gen8,PKHeX.Core/Legality/Encounters/Templates/Gen8/EncounterStatic8U.cs,fd217886f7ca79d701242affc11f2d1f7ed55ff1,4506,indexed
encounter_logic,gen8,PKHeX.Core/Legality/Encounters/Templates/Gen8/EncounterTrade8.cs,9262290e8fa500abb6dd8be2090bf08a981fff1c,8048,indexed
encounter_logic,gen8,PKHeX.Core/Legality/Encounters/Templates/Gen8/IOverworldCorrelation8.cs,16f81085b585c37a226386d11137617276eb672a,281,indexed
encounter_logic,gen8,PKHeX.Core/Legality/Encounters/Templates/Gen8/ISeedCorrelation64.cs,6f80bc71c1a47415bf7076f32c33623352000900,311,indexed
encounter_logic,gen8,PKHeX.Core/Legality/Encounters/Templates/Gen8/OverworldCorrelation8Requirement.cs,78a41027176faa5049ef63564ae5526819e847e9,120,indexed
encounter_logic,gen8,PKHeX.Core/Legality/Encounters/Templates/Gen8/SlotType8.cs,db9fbd297e99805d2b188c117c7618ef5490c577,1096,indexed
encounter_logic,gen8,PKHeX.Core/Legality/Encounters/Templates/Gen8a/EncounterArea8a.cs,c3964eb55e988c34c41ce4a371233e0c48ecd94f,2130,indexed
encounter_logic,gen8,PKHeX.Core/Legality/Encounters/Templates/Gen8a/EncounterSlot8a.cs,1aa09af52ce225f499ed7f7162a21f7db558af08,10613,indexed
encounter_logic,gen8,PKHeX.Core/Legality/Encounters/Templates/Gen8a/EncounterStatic8a.cs,9429150d2d1c8f2b41057f874ef344fadecbb3c9,11676,indexed
encounter_logic,gen8,PKHeX.Core/Legality/Encounters/Templates/Gen8a/EncounterStatic8aCorrelation.cs,5867c3f6fcdbed522d8f266c019a9b9cfdb402e2,101,indexed
encounter_logic,gen8,PKHeX.Core/Legality/Encounters/Templates/Gen8a/IMasteryInitialMoveShop8.cs,ececbda89710eea1f9085b902b176c9466900096,882,indexed
encounter_logic,gen8,PKHeX.Core/Legality/Encounters/Templates/Gen8b/EncounterArea8b.cs,c023303c88ec36e9fca4e3627640478a5e46191d,4518,indexed
encounter_logic,gen8,PKHeX.Core/Legality/Encounters/Templates/Gen8b/EncounterEgg8b.cs,067b6f66daaa874e58c911bd28efbaf0a8f7ca64,11806,indexed
encounter_logic,gen8,PKHeX.Core/Legality/Encounters/Templates/Gen8b/EncounterSlot8b.cs,a3b045a767f4a1baf6e78f0a4b6e660d8783a187,7878,indexed
encounter_logic,gen8,PKHeX.Core/Legality/Encounters/Templates/Gen8b/EncounterStatic8b.cs,0963c61132c2f2476ee9dc39b6aa0652f86f1314,7583,indexed
encounter_logic,gen8,PKHeX.Core/Legality/Encounters/Templates/Gen8b/EncounterTrade8b.cs,3f7301a0f5d3775346a670663875b63f1c62c52b,9988,indexed
encounter_logic,gen8,PKHeX.Core/Legality/Encounters/Templates/Gen8b/IStaticCorrelation8b.cs,161a6168a12a4e35b4235be716d4c418abe5f297,274,indexed
encounter_logic,gen8,PKHeX.Core/Legality/Encounters/Templates/Gen8b/StaticCorrelation8bRequirement.cs,2d5498e9e7b0e21d6b6aa9fdf7c263ca2f8b018e,118,indexed
encounter_logic,gen9,PKHeX.Core/Legality/Encounters/Templates/Gen9/AreaWeather9.cs,9d340b1a8da8177587b61b06b91c28a7e6ac0616,1229,indexed
encounter_logic,gen9,PKHeX.Core/Legality/Encounters/Templates/Gen9/EncounterArea9.cs,d677d73424032e8279ad356a206b7f261da4cbf2,1865,indexed
encounter_logic,gen9,PKHeX.Core/Legality/Encounters/Templates/Gen9/EncounterDist9.cs,376cf28d1ae06db7ef8a45badcc4122563729026,15606,indexed
encounter_logic,gen9,PKHeX.Core/Legality/Encounters/Templates/Gen9/EncounterEgg9.cs,b22ff96c54d64ff47ea07ca5a27a23c8ae14bef1,3483,indexed
encounter_logic,gen9,PKHeX.Core/Legality/Encounters/Templates/Gen9/EncounterFixed9.cs,5949112090a3f58759aa4e9e9a9a025783b5b81b,9120,indexed
encounter_logic,gen9,PKHeX.Core/Legality/Encounters/Templates/Gen9/EncounterMight9.cs,1d355d70ad663aab809edc70fbad0e580fe19915,16249,indexed
encounter_logic,gen9,PKHeX.Core/Legality/Encounters/Templates/Gen9/EncounterOutbreak9.cs,80074fc364fe98bfe72a27411290e9a209b3e193,9069,indexed
encounter_logic,gen9,PKHeX.Core/Legality/Encounters/Templates/Gen9/EncounterSlot9.cs,9ad2572124599b9ad61624c14fab9074be487f2a,7191,indexed
encounter_logic,gen9,PKHeX.Core/Legality/Encounters/Templates/Gen9/EncounterStatic9.cs,ba149561cb12e949074164a2b926f904f98092ed,10930,indexed
encounter_logic,gen9,PKHeX.Core/Legality/Encounters/Templates/Gen9/EncounterTera9.cs,d291365ec3ae5a22832a316cf169804d06871c04,12232,indexed
encounter_logic,gen9,PKHeX.Core/Legality/Encounters/Templates/Gen9/EncounterTrade9.cs,f9488e67a7868be729f5393cdf1a11937b24d1b5,9146,indexed
encounter_logic,gen9,PKHeX.Core/Legality/Encounters/Templates/Gen9/IGemType.cs,f37ffb27bff74d054879760801d8f19f5c3ce0aa,1460,indexed
encounter_logic,gen9,PKHeX.Core/Legality/Encounters/Templates/Gen9/ITeraRaid9.cs,5f7345d39aa2c415ec1dfe4e14c08be048f96f53,1155,indexed
encounter_logic,gen9,PKHeX.Core/Legality/Encounters/Templates/Gen9/SizePower9a.cs,e51bcc91f5ecf88b2a6100fb3619dbd8d0e2d1e4,1971,indexed
encounter_logic,gen9,PKHeX.Core/Legality/Encounters/Templates/Gen9/SizeType9.cs,aff8e79524ba74423f788d0ef389e90c5d6a4524,2571,indexed
encounter_logic,gen9,PKHeX.Core/Legality/Encounters/Templates/Gen9a/EncounterArea9a.cs,fc77f1293bd56e77e3f5f062f2e8fe12e999aa29,1721,indexed
encounter_logic,gen9,PKHeX.Core/Legality/Encounters/Templates/Gen9a/EncounterGift9a.cs,55270d5e83f01c24442e51618419ea1133a74213,13997,indexed
encounter_logic,gen9,PKHeX.Core/Legality/Encounters/Templates/Gen9a/EncounterSlot9a.cs,84db3187bba329ee307757bc61af6e1abfc1f05d,7269,indexed
encounter_logic,gen9,PKHeX.Core/Legality/Encounters/Templates/Gen9a/EncounterStatic9a.cs,37d59ee74c3acb88c9f3a5e7a6ce4ee7decc95f1,9109,indexed
encounter_logic,gen9,PKHeX.Core/Legality/Encounters/Templates/Gen9a/EncounterTrade9a.cs,9f989a1a92e05f7361c7284242feea3818d286b8,8074,indexed
encounter_logic,gen9,PKHeX.Core/Legality/Encounters/Templates/Gen9a/GenerateParam9a.cs,da58f62bd4989bce32fdd8fb94576b1772503f1f,766,indexed
encounter_logic,gen9,PKHeX.Core/Legality/Encounters/Templates/Gen9a/IEncounter9a.cs,ae83e77e89dc430b57a36c71deb08b05cb8970cb,645,indexed
encounter_logic,gen9,PKHeX.Core/Legality/Encounters/Templates/Gen9a/LumioseCorrelation.cs,684b2c6eefd43a334b233c8c480c26e50f0c031c,931,indexed
encounter_logic,gen9,PKHeX.Core/Legality/Encounters/Templates/Gen9a/LumioseRNG.cs,be7f9574bd830708ffa5a46c4c4856766430e222,15296,indexed
encounter_logic,gen9,PKHeX.Core/Legality/Encounters/Templates/Gen9a/LumioseSolver.cs,9d44da953a267ca4fd918285b5aea28adc9b2cd9,9946,indexed
encounter_logic,gen9,PKHeX.Core/Legality/Encounters/Templates/Gen9a/SlotType9a.cs,12786b0f31e71be2a77761e868322a154e0958d0,309,indexed
encounter_logic,,PKHeX.Core/Legality/Encounters/Templates/GO/EncounterArea7g.cs,8774ae2a6b501fb9ea4ddef5bae3e1845bd27310,2190,indexed
encounter_logic,,PKHeX.Core/Legality/Encounters/Templates/GO/EncounterArea8g.cs,cb4018d1c8dd94ef36adf7d73c4165198f6b9233,2222,indexed
encounter_logic,,PKHeX.Core/Legality/Encounters/Templates/GO/EncounterSlot7GO.cs,6c8331509ffed8ecc8cb881051f4265118a7178d,5988,indexed
encounter_logic,,PKHeX.Core/Legality/Encounters/Templates/GO/EncounterSlot8GO.cs,b3d644ac4e044a709f5299fbb26545373bd6b13a,13493,indexed
encounter_logic,,PKHeX.Core/Legality/Encounters/Templates/GO/IPogoDateRange.cs,c59e4c381eb65c8211dc87ef1eebb7b394d3f5cc,2090,indexed
encounter_logic,,PKHeX.Core/Legality/Encounters/Templates/GO/IPogoSlot.cs,539e7a8d6faf83d3fc5e920767bf30c0d42bedf9,1698,indexed
encounter_logic,,PKHeX.Core/Legality/Encounters/Templates/GO/PogoType.cs,4eb26f7ca785a36405bf5462af83463a51088648,12364,indexed
encounter_logic,,PKHeX.Core/Legality/Encounters/Templates/Interfaces/IEncounterable.cs,b93979b88bd1037aa3a64f6c6413e16942de9dda,558,indexed
encounter_logic,,PKHeX.Core/Legality/Encounters/Templates/Interfaces/IEncounterArea.cs,4257f6d5cda312e3ac477aa96172238cadcdcb99,482,indexed
encounter_logic,,PKHeX.Core/Legality/Encounters/Templates/Interfaces/IEncounterConvertible.cs,b14e7f7d28084830fb6b57378813fd0607a60cbe,1765,indexed
encounter_logic,,PKHeX.Core/Legality/Encounters/Templates/Interfaces/IEncounterEgg.cs,a72b742f751154b8c08dd70793087e215770a360,211,indexed
encounter_logic,,PKHeX.Core/Legality/Encounters/Templates/Interfaces/IEncounterInfo.cs,08347848996e33a0807f999b3c25d8f30a513407,322,indexed
encounter_logic,,PKHeX.Core/Legality/Encounters/Templates/Interfaces/IEncounterMatch.cs,45841a5699e3c1c9f49d929527ecb421a3a7184c,1939,indexed
encounter_logic,,PKHeX.Core/Legality/Encounters/Templates/Interfaces/IEncounterTemplate.cs,5e6fb993b5529683ea7391f3b1f64bb3af763c86,992,indexed
encounter_logic,,PKHeX.Core/Legality/Encounters/Templates/Interfaces/ILocation.cs,025d543a25ef422a988cc93d15e3bb0182e1b087,986,indexed
encounter_logic,,PKHeX.Core/Legality/Encounters/Templates/Interfaces/ITrashUnderlaySpecies.cs,c50e0f3211c21bfd5e0e478887e26bb0a51141c3,107,indexed
encounter_logic,,PKHeX.Core/Legality/Encounters/Templates/Interfaces/Properties/IEncounterFormRandom.cs,36304ec6f02a577f882de26183a4ae5612d93c72,319,indexed
encounter_logic,,PKHeX.Core/Legality/Encounters/Templates/Interfaces/Properties/IEncounterSlot34.cs,97a30e0d8537561fb6c329da6591c9bbae086562,511,indexed
encounter_logic,,PKHeX.Core/Legality/Encounters/Templates/Interfaces/Properties/IFixedAbilityNumber.cs,be027c8b621f28d5625af38fba7396f4e9d830cf,323,indexed
encounter_logic,,PKHeX.Core/Legality/Encounters/Templates/Interfaces/Properties/IFixedBall.cs,758541c933fe804d149a35fe53e0854a6b0e7b8d,404,indexed
encounter_logic,,PKHeX.Core/Legality/Encounters/Templates/Interfaces/Properties/IFixedGender.cs,f6adbf0a7369a22665e9b7e3c749f9d46112f081,514,indexed
encounter_logic,,PKHeX.Core/Legality/Encounters/Templates/Interfaces/Properties/IFixedIVSet.cs,f9160c6ed290da11cb53d96a903bf892c32d0509,454,indexed
encounter_logic,,PKHeX.Core/Legality/Encounters/Templates/Interfaces/Properties/IFixedNature.cs,1ddbc759f6b742cc39b62e58ac625a3826a9f55c,408,indexed
encounter_logic,,PKHeX.Core/Legality/Encounters/Templates/Interfaces/Properties/IFixedNickname.cs,1b66ad936c80c8058b14e359a5b7298f109385fa,957,indexed
encounter_logic,,PKHeX.Core/Legality/Encounters/Templates/Interfaces/Properties/IFixedTrainer.cs,7f8f94aec8b44262b76ed819a5198ecbe288c18e,725,indexed
encounter_logic,,PKHeX.Core/Legality/Encounters/Templates/Interfaces/Properties/IFlawlessIVCount.cs,a375206aa2becb4c2a43152006ce4e59e3215014,280,indexed
encounter_logic,,PKHeX.Core/Legality/Encounters/Templates/Interfaces/Properties/IFlawlessIVCountConditional.cs,efcb16932b3cd531862f9ef284738718b431ed2a,383,indexed
encounter_logic,,PKHeX.Core/Legality/Encounters/Templates/Interfaces/Properties/IHatchCycle.cs,932375ee1e9955ef0838764da1b43316f2470cac,387,indexed
encounter_logic,,PKHeX.Core/Legality/Encounters/Templates/Interfaces/Properties/ILevelRange.cs,6996f60f5552f429958c86df51b12c768274a0ce,3264,indexed
encounter_logic,,PKHeX.Core/Legality/Encounters/Templates/Interfaces/Properties/IMetLevel.cs,ae7ee8e129f2fc31e72134da1b42eb873df0eace,323,indexed
encounter_logic,,PKHeX.Core/Legality/Encounters/Templates/Interfaces/Properties/IMoveset.cs,1907e34aa02a3a3d5fef253820523f5bda7ab4b0,326,indexed
encounter_logic,,PKHeX.Core/Legality/Encounters/Templates/Interfaces/Properties/IRandomCorrelation.cs,b232d7e057ec0534bed6bd46c406d35fdd2966a8,1505,indexed
encounter_logic,,PKHeX.Core/Legality/Encounters/Templates/Interfaces/Properties/IRelearn.cs,8db779816ff767b649789e8e65fa22d4e3915bc3,279,indexed
encounter_logic,,PKHeX.Core/Legality/Encounters/Templates/Interfaces/Properties/IRestrictVersion.cs,5b61f742e6f4dc9c295401ee889a8836cd03b9a1,115,indexed
encounter_logic,,PKHeX.Core/Legality/Encounters/Templates/Interfaces/Properties/IShinyPotential.cs,bb771fd5714cba058c19b5089f746dd66989c34d,236,indexed
encounter_logic,,PKHeX.Core/Legality/Encounters/Templates/Interfaces/Properties/ISingleMoveBonus.cs,b6b6db94bad6b68fcd3a5bc7b72a461a8c9e51bc,400,indexed
encounter_logic,,PKHeX.Core/Legality/Encounters/Templates/Interfaces/RNG/IGenerateSeed32.cs,06638439535e071f7b9a39e3d60466aa04817709,421,indexed
encounter_logic,,PKHeX.Core/Legality/Encounters/Templates/Interfaces/RNG/IGenerateSeed64.cs,505af6b18fd44099a4368ac7b60a524b9445e983,439,indexed
encounter_logic,,PKHeX.Core/Legality/Encounters/Templates/Interfaces/RNG/IMagnetStatic.cs,2be323c3dcf8c2d78afaa66856e38c9d025d9ef6,2529,indexed
encounter_logic,,PKHeX.Core/Legality/Encounters/Templates/Interfaces/RNG/INumberedSlot.cs,98b89a0fe325af07516281ce969303e8c1a55ae8,444,indexed
encounter_logic,,PKHeX.Core/Legality/Encounters/Templates/Shared/EncounterInvalid.cs,f2e5ff9b759c4138412e172cc40a9b64b40dde31,1534,indexed
encounter_logic,,PKHeX.Core/Legality/Encounters/Templates/Shared/IndividualValueSet.cs,be16eda60e4992fec33a15bac31eff1c0ee2215f,2306,indexed
encounter_logic,,PKHeX.Core/Legality/Encounters/Templates/Shared/Moveset.cs,fe3a57acb32419612c953318f7e72d31580d1eaf,6881,indexed
encounter_logic,,PKHeX.Core/Legality/Encounters/Verifiers/EggHatchLocation3.cs,2bfbbdfc5c78290017a5b8efbf5d70ea83bd3ac5,3294,indexed
encounter_logic,,PKHeX.Core/Legality/Encounters/Verifiers/EggHatchLocation4.cs,429e4f1dc1b8e0834a55b49868ad270a883e2174,2920,indexed
encounter_logic,,PKHeX.Core/Legality/Encounters/Verifiers/EggHatchLocation5.cs,2d1a622f081cc5d5ea92b2967d6324c92ea64c4d,2916,indexed
encounter_logic,,PKHeX.Core/Legality/Encounters/Verifiers/EggHatchLocation6.cs,245a6515f87c9f82ef4963a85b49f320c8c25d70,1082,indexed
encounter_logic,,PKHeX.Core/Legality/Encounters/Verifiers/EggHatchLocation7.cs,5264b428916b4501e4ff69edae2e2e0b70fb50a7,2155,indexed
encounter_logic,,PKHeX.Core/Legality/Encounters/Verifiers/EggHatchLocation8.cs,4cc18e9cb3d70c6f5f3a05d0d6cec9662cf5c9bd,1160,indexed
encounter_logic,,PKHeX.Core/Legality/Encounters/Verifiers/EggHatchLocation8b.cs,cbe73974d58a1ec9970b7a4514ff7f8c1c49d5ec,4668,indexed
encounter_logic,,PKHeX.Core/Legality/Encounters/Verifiers/EggHatchLocation9.cs,7b6f2e9c1a401b520cdfd350df17fe507f5e4ba1,1929,indexed
encounter_logic,,PKHeX.Core/Legality/Encounters/Verifiers/EncounterVerifier.cs,909de812b2fc72c59e361ebc76efd7c31139e920,15288,indexed
encounter_logic,,PKHeX.Core/Legality/Encounters/Verifiers/EvolutionVerifier.cs,cbc55b986285e5654dff93a22b7cb5928ae12f36,2401,indexed
encounter_logic,,PKHeX.Core/Legality/Encounters/Verifiers/MysteryGiftRestriction.cs,e875b6925311bd08335d482a269892822fd8bcd9,2231,indexed
encounter_logic,,PKHeX.Core/Legality/Encounters/Verifiers/MysteryGiftVerifier.cs,79f7b134eab5ba8a17929b762b231f0d4ffe1d55,4179,indexed
encounter_wild,,PKHeX.Core/Resources/legality/wild/encounter_go_home.pkl,1c307f7d52771c699d6fb8d8be90f0b79446c262,189952,binary_decode_pending
encounter_wild,,PKHeX.Core/Resources/legality/wild/encounter_go_lgpe.pkl,46ef46d4b7b2143f2b3e7c77a0108b2d7c5ff99e,37264,binary_decode_pending
encounter_wild,gen1,PKHeX.Core/Resources/legality/wild/Gen1/encounter_blue_jp.pkl,7005b9061b154c9dabde1f344e4ac724c929f25f,1112,binary_decode_pending
encounter_wild,gen1,PKHeX.Core/Resources/legality/wild/Gen1/encounter_blue.pkl,c8c9dc04c739947fc8373c1811568c2e0937596e,3292,binary_decode_pending
encounter_wild,gen1,PKHeX.Core/Resources/legality/wild/Gen1/encounter_red.pkl,4bc98e3c78aa4ce834063d1921ea0d8dc978fe87,3292,binary_decode_pending
encounter_wild,gen1,PKHeX.Core/Resources/legality/wild/Gen1/encounter_yellow.pkl,215258fe39945d92921e89d82af3a34e040f8bed,3636,binary_decode_pending
encounter_wild,gen2,PKHeX.Core/Resources/legality/wild/Gen2/encounter_crystal.pkl,d5b282b48bc6fa2f59a092616b62f6e6053b7ff2,20052,binary_decode_pending
encounter_wild,gen2,PKHeX.Core/Resources/legality/wild/Gen2/encounter_gold.pkl,7d5e47d4163f6d238b76e0d1d023796985553092,19876,binary_decode_pending
encounter_wild,gen2,PKHeX.Core/Resources/legality/wild/Gen2/encounter_silver.pkl,ce02a41cf0ef57348abfaa6d794d9a7258ec07ff,19876,binary_decode_pending
encounter_wild,gen3,PKHeX.Core/Resources/legality/wild/Gen3/encounter_e.pkl,ed753412dd87b7fd0b9aa171b8e72af75c2c4668,16316,binary_decode_pending
encounter_wild,gen3,PKHeX.Core/Resources/legality/wild/Gen3/encounter_fr.pkl,4cdcc5879a6c291f4c9970ebb06f3abf887b3929,20816,binary_decode_pending
encounter_wild,gen3,PKHeX.Core/Resources/legality/wild/Gen3/encounter_lg.pkl,1af9178035785189ead98b6a9c22a15db5c6fffd,20816,binary_decode_pending
encounter_wild,gen3,PKHeX.Core/Resources/legality/wild/Gen3/encounter_pcny.pkl,40d3c5b21a49e5c20f3bbe8b07d8c81562bfd3f4,600,binary_decode_pending
encounter_wild,gen3,PKHeX.Core/Resources/legality/wild/Gen3/encounter_r.pkl,6bbae1b17cf3cc484e6bf5d12ae116fb4970a1ac,15172,binary_decode_pending
encounter_wild,gen3,PKHeX.Core/Resources/legality/wild/Gen3/encounter_rse_swarm.pkl,106c04b2a4c176e4ab2e4e53120882656b086af8,188,binary_decode_pending
encounter_wild,gen3,PKHeX.Core/Resources/legality/wild/Gen3/encounter_s.pkl,1b35a789d86b4c3da37b7308e4c26b15d6fc600b,15300,binary_decode_pending
encounter_wild,gen4,PKHeX.Core/Resources/legality/wild/Gen4/encounter_d.pkl,3543613c17cb280372c63288a53fee41a7891e1b,33900,binary_decode_pending
encounter_wild,gen4,PKHeX.Core/Resources/legality/wild/Gen4/encounter_hg.pkl,0693b7e4f58282f63194ee80dfbbf0692b3be607,80324,binary_decode_pending
encounter_wild,gen4,PKHeX.Core/Resources/legality/wild/Gen4/encounter_p.pkl,de58f83f918158dd327fe87c98993fb809faf458,33660,binary_decode_pending
encounter_wild,gen4,PKHeX.Core/Resources/legality/wild/Gen4/encounter_pt.pkl,5d24e33cc79a77f29de0baf6847478ada854c60e,32592,binary_decode_pending
encounter_wild,gen4,PKHeX.Core/Resources/legality/wild/Gen4/encounter_ss.pkl,3521b4275f2ff0630b0155af91a83bdded9c7a09,79932,binary_decode_pending
encounter_wild,gen4,PKHeX.Core/Resources/legality/wild/Gen4/encounter_walker4.pkl,3ec2bade672a1995f58d96a62c46fa911d2a5113,1944,binary_decode_pending
encounter_wild,gen5,PKHeX.Core/Resources/legality/wild/Gen5/encounter_b.pkl,9f3904cbc2c8dab3468d7def9fe652594b0e2b28,14744,binary_decode_pending
encounter_wild,gen5,PKHeX.Core/Resources/legality/wild/Gen5/encounter_b2.pkl,2bef684e34fae017ab65752a93f2c41405b2f95e,20812,binary_decode_pending
encounter_wild,gen5,PKHeX.Core/Resources/legality/wild/Gen5/encounter_w.pkl,3f16c8b5a576d8a1396c9f9415f85d07b8b2c33e,14896,binary_decode_pending
encounter_wild,gen5,PKHeX.Core/Resources/legality/wild/Gen5/encounter_w2.pkl,cff71f0463b07ba63cd640db5b6cac700fa5064c,20784,binary_decode_pending
encounter_wild,gen6,PKHeX.Core/Resources/legality/wild/Gen6/encounter_as.pkl,ba26e0162491ba7907bdc0ee9d815cbef26fcc0d,28196,binary_decode_pending
encounter_wild,gen6,PKHeX.Core/Resources/legality/wild/Gen6/encounter_or.pkl,be4e833233089da9852a89850858c9290287122e,28196,binary_decode_pending
encounter_wild,gen6,PKHeX.Core/Resources/legality/wild/Gen6/encounter_x.pkl,54a62250826e31e068bb8d57d5f2bace444c2a43,17476,binary_decode_pending
encounter_wild,gen6,PKHeX.Core/Resources/legality/wild/Gen6/encounter_y.pkl,2fafe7fbbf0d70e0e902899fb76859eb8ea9a226,17476,binary_decode_pending
encounter_wild,gen7,PKHeX.Core/Resources/legality/wild/Gen7/encounter_ge.pkl,1100bf54b859a2e0555087194708ceac27348130,3040,binary_decode_pending
encounter_wild,gen7,PKHeX.Core/Resources/legality/wild/Gen7/encounter_gp.pkl,f3b8995289a4c7b8b365c5d8b7b9f599fd55304e,3040,binary_decode_pending
encounter_wild,gen7,PKHeX.Core/Resources/legality/wild/Gen7/encounter_mn.pkl,a174a8666a6b268f8f92280420e8455ba9d16346,6136,binary_decode_pending
encounter_wild,gen7,PKHeX.Core/Resources/legality/wild/Gen7/encounter_sn.pkl,cc1c936b91bc223bc6430c7e12dec461868c689d,6120,binary_decode_pending
encounter_wild,gen7,PKHeX.Core/Resources/legality/wild/Gen7/encounter_um.pkl,606f6ddd73dc5fcb6d749cad94afc8e1c2c89c31,7696,binary_decode_pending
encounter_wild,gen7,PKHeX.Core/Resources/legality/wild/Gen7/encounter_us.pkl,9379b0fbf53fd8560a4961075380d7746d1ea061,7688,binary_decode_pending
encounter_wild,gen8,PKHeX.Core/Resources/legality/wild/Gen8/encounter_bd_underground.pkl,a3e67576a9fafba57a9b3f50b779572d546c14a4,94124,binary_decode_pending
encounter_wild,gen8,PKHeX.Core/Resources/legality/wild/Gen8/encounter_bd.pkl,25f2c8cf7bc3ab93bce8612bfa6176ff36cb76e9,26784,binary_decode_pending
encounter_wild,gen8,PKHeX.Core/Resources/legality/wild/Gen8/encounter_la.pkl,1ddcd7340389d96ccc8374b740156b5b03ccfa73,86760,binary_decode_pending
encounter_wild,gen8,PKHeX.Core/Resources/legality/wild/Gen8/encounter_sh_dist.pkl,d3bead9dd7797cf1578b1a415a8a5ee7a69af255,18864,binary_decode_pending
encounter_wild,gen8,PKHeX.Core/Resources/legality/wild/Gen8/encounter_sh_hidden.pkl,f6f9ab82fc18bcc2d1f953f594c5224cf3506547,4696,binary_decode_pending
encounter_wild,gen8,PKHeX.Core/Resources/legality/wild/Gen8/encounter_sh_nest.pkl,5464521288f52e8896b03c81ac285d2491a3f7f6,21510,binary_decode_pending
encounter_wild,gen8,PKHeX.Core/Resources/legality/wild/Gen8/encounter_sh_symbol.pkl,2b0a19055a2c08b195b6febf0dd4ec02ec97323d,6508,binary_decode_pending
encounter_wild,gen8,PKHeX.Core/Resources/legality/wild/Gen8/encounter_sp_underground.pkl,66329667bba95d59942ba06c0f87aee2d1cae790,97184,binary_decode_pending
encounter_wild,gen8,PKHeX.Core/Resources/legality/wild/Gen8/encounter_sp.pkl,66cb1fc24f8eacc57e4937986e8e155a52085989,26780,binary_decode_pending
encounter_wild,gen8,PKHeX.Core/Resources/legality/wild/Gen8/encounter_sw_dist.pkl,0930b24650067c1a04c4e615c01b9fa96319ae72,18736,binary_decode_pending
encounter_wild,gen8,PKHeX.Core/Resources/legality/wild/Gen8/encounter_sw_hidden.pkl,e62bfd1785a6774346e950f262f5df409172147c,4720,binary_decode_pending
encounter_wild,gen8,PKHeX.Core/Resources/legality/wild/Gen8/encounter_sw_nest.pkl,fbd5a0beb755c17af2250886eba282b87d2ee1d9,21560,binary_decode_pending
encounter_wild,gen8,PKHeX.Core/Resources/legality/wild/Gen8/encounter_sw_symbol.pkl,66d2c4cfcd5a96c66d63f7a2db6952233417a215,6476,binary_decode_pending
encounter_wild,gen8,PKHeX.Core/Resources/legality/wild/Gen8/encounter_swsh_underground.pkl,4026654b95032f01c058e5300240befe6c5268fe,3822,binary_decode_pending
encounter_wild,gen9,PKHeX.Core/Resources/legality/wild/Gen9/encounter_dist_paldea.pkl,68ad05c1a03c820a1020a8d89edbf4fa75d64cde,10788,binary_decode_pending
encounter_wild,gen9,PKHeX.Core/Resources/legality/wild/Gen9/encounter_fixed_paldea.pkl,9f214001a457710ae4b36990013ba401f97c7587,19540,binary_decode_pending
encounter_wild,gen9,PKHeX.Core/Resources/legality/wild/Gen9/encounter_gem_blueberry.pkl,523514c844aabe536e68306b048e3c6568e0748b,2712,binary_decode_pending
encounter_wild,gen9,PKHeX.Core/Resources/legality/wild/Gen9/encounter_gem_kitakami.pkl,6958317e9095dbc28db41fcceeeae8bbd0ed7ee4,3192,binary_decode_pending
encounter_wild,gen9,PKHeX.Core/Resources/legality/wild/Gen9/encounter_gem_paldea.pkl,9a56a82e031decf696b735fb2cf046aff3be2a47,10896,binary_decode_pending
encounter_wild,gen9,PKHeX.Core/Resources/legality/wild/Gen9/encounter_hyperspace_za.pkl,06ff1f35a863f6bed5aa2ba8c53a6dff9f6ab244,9996,binary_decode_pending
encounter_wild,gen9,PKHeX.Core/Resources/legality/wild/Gen9/encounter_might_paldea.pkl,b5a2af66531aec4626c723020dac0584cbcb75b1,3472,binary_decode_pending
encounter_wild,gen9,PKHeX.Core/Resources/legality/wild/Gen9/encounter_outbreak_paldea.pkl,3b35ed0aa6cc745ba4630fe8fb07957b1234e010,353808,binary_decode_pending
encounter_wild,gen9,PKHeX.Core/Resources/legality/wild/Gen9/encounter_wild_paldea.pkl,2ce6091563fa5a5d8d2bf1549da76b5f3167d73e,218096,binary_decode_pending
encounter_wild,gen9,PKHeX.Core/Resources/legality/wild/Gen9/encounter_za.pkl,60949ce26a6803037118258ac615ff1a5da2338e,9568,binary_decode_pending
evolution,,PKHeX.Core/Resources/byte/evolve/evos_bs.pkl,5e1c8a19a08c6c9b648448d24ba52d5676f0e52b,3150,binary_decode_pending
evolution,,PKHeX.Core/Resources/byte/evolve/evos_g1.pkl,911f6921b384914bb48ec45f13ed504bfe709913,886,binary_decode_pending
evolution,,PKHeX.Core/Resources/byte/evolve/evos_g2.pkl,e48ede88fc77a59a1cbd59986dfafa6804da4d06,1486,binary_decode_pending
evolution,,PKHeX.Core/Resources/byte/evolve/evos_g3.pkl,a7de8f8b2679f77bc1abc6d9b867b390d387ac44,2252,binary_decode_pending
evolution,,PKHeX.Core/Resources/byte/evolve/evos_g4.pkl,6eff81f1221b49dd366cc5b26bda5028c3132a52,2962,binary_decode_pending
evolution,,PKHeX.Core/Resources/byte/evolve/evos_g5.pkl,7cf50d733ba9a5479501fca4c35d632b39eefe80,3874,binary_decode_pending
evolution,,PKHeX.Core/Resources/byte/evolve/evos_g6.pkl,265b50cc68476980d72abf969a41d659f6413fc8,4570,binary_decode_pending
evolution,gg,PKHeX.Core/Resources/byte/evolve/evos_gg.pkl,c625df66c955a2af36cdc54cb14351ca52f349ff,5054,binary_decode_pending
evolution,la,PKHeX.Core/Resources/byte/evolve/evos_la.pkl,c6784f7fe68a1982a8e27d394732c4f6ccf5f08d,3726,binary_decode_pending
evolution,,PKHeX.Core/Resources/byte/evolve/evos_ss.pkl,87f73d6e85e7ff0dc801f54372c5415a013d64a5,5118,binary_decode_pending
evolution,sv,PKHeX.Core/Resources/byte/evolve/evos_sv.pkl,7204ea3608ad9416b582ed2bc7bccd07fca40980,6342,binary_decode_pending
evolution,uu,PKHeX.Core/Resources/byte/evolve/evos_uu.pkl,1b021d079b5c1c97035b536809bfae421d508f63,5238,binary_decode_pending
evolution,za,PKHeX.Core/Resources/byte/evolve/evos_za.pkl,d4e67c135de0c6067ca2fa39f566faf7dee6ffdd,4832,binary_decode_pending
evolution_logic,,PKHeX.Core/Legality/Evolutions/EncounterOrigin.cs,fe545a96ca61197eab5b71c33181351984ae239e,3532,indexed
evolution_logic,,PKHeX.Core/Legality/Evolutions/EvolutionChain.cs,efa157183fef40d72e800aacb711f2d3ea3ff6eb,7007,indexed
evolution_logic,,PKHeX.Core/Legality/Evolutions/EvolutionGroup/EvolutionGroup1.cs,3114ec27894ce01da5f0529597f318c7f6769a36,3102,indexed
evolution_logic,,PKHeX.Core/Legality/Evolutions/EvolutionGroup/EvolutionGroup2.cs,2504e4f0c662fddc25fe711d5f3af637a8b25de2,3110,indexed
evolution_logic,,PKHeX.Core/Legality/Evolutions/EvolutionGroup/EvolutionGroup3.cs,8576b80064f2856f4659b0d611300fcdf27cb011,2974,indexed
evolution_logic,,PKHeX.Core/Legality/Evolutions/EvolutionGroup/EvolutionGroup4.cs,9462ee90f9d2a3c75d49ee5cf4fa7271af343f1b,3301,indexed
evolution_logic,,PKHeX.Core/Legality/Evolutions/EvolutionGroup/EvolutionGroup5.cs,b125aaf835be1861fca1b0686805b493356e299c,2792,indexed
evolution_logic,,PKHeX.Core/Legality/Evolutions/EvolutionGroup/EvolutionGroup6.cs,ad5bff4049255ec2adaf049e57f1dd9d72d1b196,2981,indexed
evolution_logic,,PKHeX.Core/Legality/Evolutions/EvolutionGroup/EvolutionGroup7.cs,7d2a44963141da598643deba78ab2eb483ea2d6f,3965,indexed
evolution_logic,,PKHeX.Core/Legality/Evolutions/EvolutionGroup/EvolutionGroup7b.cs,ff1cf59d0c5e2650c8591fff602eb31a1d333fde,2622,indexed
evolution_logic,,PKHeX.Core/Legality/Evolutions/EvolutionGroup/EvolutionGroupHOME.cs,2406783d42d031bb196126f45df4ffd6f9cc25cc,13714,indexed
evolution_logic,,PKHeX.Core/Legality/Evolutions/EvolutionGroup/EvolutionGroupHOME2.cs,1f51ed1b4062d006368a22b0e2a1795c641bcf57,8472,indexed
evolution_logic,,PKHeX.Core/Legality/Evolutions/EvolutionGroup/EvolutionGroupUtil.cs,6a5935aa92c94c3b591458def8aa4381af51d72d,993,indexed
evolution_logic,,PKHeX.Core/Legality/Evolutions/EvolutionGroup/EvolutionOrigin.cs,18307f66ceb731f7316264f774422ae61134805f,1790,indexed
evolution_logic,,PKHeX.Core/Legality/Evolutions/EvolutionGroup/EvolutionUtil.cs,698d863fc22ffbfb4af5e7f80b41e9d226bb6552,7373,indexed
evolution_logic,,PKHeX.Core/Legality/Evolutions/EvolutionGroup/IEvolutionGroup.cs,6ff7243406f3ca7f98a88541ddc1e30f794d229c,2577,indexed
evolution_logic,,PKHeX.Core/Legality/Evolutions/EvolutionHistory.cs,9f676e0da4dd88d0f44426484b5b8447ba4abd6d,6387,indexed
evolution_logic,,PKHeX.Core/Legality/Evolutions/EvolutionRuleTweak.cs,bca25842827f8d89d883e1d78f15a79dd0fe5133,730,indexed
evolution_logic,,PKHeX.Core/Legality/Evolutions/EvolutionSet.cs,d304de2832f9d8e8a3bb2a21a22a0eef30a683b8,1840,indexed
evolution_logic,,PKHeX.Core/Legality/Evolutions/EvolutionTree.cs,bf21dae7fe6e2a3231bb0b569c7bd8e96b723294,3870,indexed
evolution_logic,,PKHeX.Core/Legality/Evolutions/Forward/EvolutionForwardPersonal.cs,81e0570e208e604ccb64637eedf49f62f4e87f73,3801,indexed
evolution_logic,,PKHeX.Core/Legality/Evolutions/Forward/EvolutionForwardSpecies.cs,b16dcf568007c1730a989517da0057daf851a0e1,3104,indexed
evolution_logic,,PKHeX.Core/Legality/Evolutions/Forward/IEvolutionForward.cs,d8e52835dba5cd27fd1e756533099a478fb08601,3080,indexed
evolution_logic,,PKHeX.Core/Legality/Evolutions/IEvolutionNetwork.cs,f2879bfdad09ad49d4f2bfc377d0d4a47857f324,2792,indexed
evolution_logic,,PKHeX.Core/Legality/Evolutions/Methods/EvoCriteria.cs,829c5055c920c61c60e5311bc070e0d2f2c037b9,1379,indexed
evolution_logic,,PKHeX.Core/Legality/Evolutions/Methods/EvolutionCheckResult.cs,13ef40e9ac5e25473ddbddb026e4b51a24011392,191,indexed
evolution_logic,,PKHeX.Core/Legality/Evolutions/Methods/EvolutionMethod.cs,92fb1b2745374b6d9617fb246a90b6ed6c15b338,4851,indexed
evolution_logic,,PKHeX.Core/Legality/Evolutions/Methods/EvolutionType.cs,3e8ac3149f92c2b3f4b9ece4a3dc3d416a52108a,5888,indexed
evolution_logic,,PKHeX.Core/Legality/Evolutions/Reversal/EvolutionLink.cs,c5719b7c8d104cdba4b77e2c1b3ba3c9724b8328,466,indexed
evolution_logic,,PKHeX.Core/Legality/Evolutions/Reversal/EvolutionNode.cs,89ad719248e563ead28bb22f1a8a96cbc212c6fa,945,indexed
evolution_logic,,PKHeX.Core/Legality/Evolutions/Reversal/EvolutionReversal.cs,fb09601277b0ab6b3fbe3e75a5f02d0f62c48e31,6325,indexed
evolution_logic,,PKHeX.Core/Legality/Evolutions/Reversal/EvolutionReverseLookup.cs,7e9102adafb2f938704e2960adccee04561f5c4f,2871,indexed
evolution_logic,,PKHeX.Core/Legality/Evolutions/Reversal/EvolutionReversePersonal.cs,31e465b0b076854ccd863b9785592dea4ce1e7a2,2840,indexed
evolution_logic,,PKHeX.Core/Legality/Evolutions/Reversal/EvolutionReverseSpecies.cs,c57c0b9cfac5690b90fbb8ca72915bcb58e762c9,2738,indexed
evolution_logic,,PKHeX.Core/Legality/Evolutions/Reversal/IEvolutionLookup.cs,0f297cfd2f5775d29198ceb7db8dcf86f87bbfee,913,indexed
evolution_logic,,PKHeX.Core/Legality/Evolutions/Reversal/IEvolutionReverse.cs,27c807a4eed4ace926d670838e4922b6804fe602,2511,indexed
general_strings,,PKHeX.Core/Resources/text/other/de/text_Abilities_de.txt,a3ca0aa86c1391f8255831d10773d29fb0d2cb6b,3665,partially_normalized
general_strings,,PKHeX.Core/Resources/text/other/de/text_Character_de.txt,ec10879e34e1210218607cdabf4d481c88597d1d,651,partially_normalized
general_strings,,PKHeX.Core/Resources/text/other/de/text_Forms_de.txt,9658eaa0cb4cd5cb54ec3bc0db42b95c1f3d7d3b,3309,partially_normalized
general_strings,,PKHeX.Core/Resources/text/other/de/text_Games_de.txt,a422d8a657dd7582f51cda4ca30d53712610c1de,449,partially_normalized
general_strings,,PKHeX.Core/Resources/text/other/de/text_GroundTile_de.txt,be510a7744b5717fa11b72347b61f740504b8d9c,121,partially_normalized
general_strings,,PKHeX.Core/Resources/text/other/de/text_Language_de.txt,f52ad7fd7443e352ead3c8df83a5e5a45c515d83,167,partially_normalized
general_strings,,PKHeX.Core/Resources/text/other/de/text_Moves_de.txt,dcd3c85024ef6db1b436b61a52986df9fe686f64,11175,partially_normalized
general_strings,,PKHeX.Core/Resources/text/other/de/text_Natures_de.txt,790bbbea3d45d0f0473919d520b3b83b6cfce925,155,partially_normalized
general_strings,,PKHeX.Core/Resources/text/other/de/text_Pokeblock_de.txt,4e2e548b725878419ec3237d4d218c9aebc6d3b9,1730,partially_normalized
general_strings,,PKHeX.Core/Resources/text/other/de/text_Puff_de.txt,6a538b4bc48953695e4bfc2c87dcd344e42c69f5,532,partially_normalized
general_strings,,PKHeX.Core/Resources/text/other/de/text_Ribbons_de.txt,7bdfbf87aa99d39cbf301dc53ba521e3f52e8d02,5272,partially_normalized
general_strings,,PKHeX.Core/Resources/text/other/de/text_Species_de.txt,42c57c0a1a3c85e168b5a18d1fee097a6c17e81c,8897,partially_normalized
general_strings,,PKHeX.Core/Resources/text/other/de/text_SuperTraining_de.txt,1672c2be7e0fae6fcc897c4f5b94fbccdecd5f52,1289,partially_normalized
general_strings,,PKHeX.Core/Resources/text/other/de/text_TrainingBag_de.txt,d64a4665b7f2516447788cfa9f6cdd8f6f2fe43a,354,partially_normalized
general_strings,,PKHeX.Core/Resources/text/other/de/text_Types_de.txt,4d1d8e85f902cc9023e0651916e03fda4a63188d,122,partially_normalized
general_strings,,PKHeX.Core/Resources/text/other/de/text_Wallpaper_de.txt,1d9c4f7bd94e47929cffaf16847a754226ee38c8,362,partially_normalized
general_strings,,PKHeX.Core/Resources/text/other/en/text_Abilities_en.txt,67c446f3ad7498757b8372ae296156286d679abc,3450,partially_normalized
general_strings,,PKHeX.Core/Resources/text/other/en/text_Character_en.txt,dbc5a34def4bdaeb6ecd431acdcb286bdf9a6d47,719,partially_normalized
general_strings,,PKHeX.Core/Resources/text/other/en/text_Forms_en.txt,6bcf213108ee164a732012ef23c255f8ff0e60ee,3136,partially_normalized
general_strings,,PKHeX.Core/Resources/text/other/en/text_Games_en.txt,3053b34f0ce0b179a9ae6c9b2fa8dd3f5181df47,414,partially_normalized
general_strings,,PKHeX.Core/Resources/text/other/en/text_GroundTile_en.txt,58e76b3134a2f177e892cd0f14d0d64df70482e4,114,partially_normalized
general_strings,,PKHeX.Core/Resources/text/other/en/text_Language_en.txt,d648751934d3282e0141c9656b067bba206cc457,164,partially_normalized
general_strings,,PKHeX.Core/Resources/text/other/en/text_Moves_en.txt,17422ea5baa2cc2f600d5c7a18edaba132cf11e5,10599,partially_normalized
general_strings,,PKHeX.Core/Resources/text/other/en/text_Natures_en.txt,94a4f4b196dbc4325521931fc964f098f6fc9083,161,partially_normalized
general_strings,,PKHeX.Core/Resources/text/other/en/text_Pokeblock_en.txt,5de05b875ce379cf448bb5f25b8f53a85379204d,1522,partially_normalized
general_strings,,PKHeX.Core/Resources/text/other/en/text_Puff_en.txt,7371757442c9bc5d6f16f9424297d140d1f94c68,598,partially_normalized
general_strings,,PKHeX.Core/Resources/text/other/en/text_Ribbons_en.txt,4abaa44102bc53f80d781cfc049ff7c034beeb34,4857,partially_normalized
general_strings,,PKHeX.Core/Resources/text/other/en/text_Species_en.txt,5813bf8ce718554d868b6b103a9520f808795ddb,8903,partially_normalized
general_strings,,PKHeX.Core/Resources/text/other/en/text_SuperTraining_en.txt,70248dd25a40e896e2d869ad86e8d58c82c4b07b,1221,partially_normalized
general_strings,,PKHeX.Core/Resources/text/other/en/text_TrainingBag_en.txt,4b291eb93e790f1bd64d6fb764c9e6bca7840f6d,335,partially_normalized
general_strings,,PKHeX.Core/Resources/text/other/en/text_Types_en.txt,10327719505e27f3cd5cfd345ea83bb3764f6de7,121,partially_normalized
general_strings,,PKHeX.Core/Resources/text/other/en/text_Wallpaper_en.txt,69132267486d7d058222e8bdd1b76736fb1c8ea0,276,partially_normalized
general_strings,,PKHeX.Core/Resources/text/other/es-419/text_Abilities_es-419.txt,bd0490e841dd1c572dfcd8985491df2b36017e1c,3783,partially_normalized
general_strings,,PKHeX.Core/Resources/text/other/es-419/text_Character_es-419.txt,7dd5d34e166782bbadc206f8b43fa03897b12478,733,partially_normalized
general_strings,,PKHeX.Core/Resources/text/other/es-419/text_Forms_es-419.txt,7bc8f3567b8f1d9f37dbdcd880b7576e3b7b2e97,3327,partially_normalized
general_strings,,PKHeX.Core/Resources/text/other/es-419/text_Games_es-419.txt,123ea066625b861fb5f8508003b33c3d760c471e,440,partially_normalized
general_strings,,PKHeX.Core/Resources/text/other/es-419/text_GroundTile_es-419.txt,49d92374a1d697c40f679e1e858d67dab4bba200,134,partially_normalized
general_strings,,PKHeX.Core/Resources/text/other/es-419/text_Language_es-419.txt,d648751934d3282e0141c9656b067bba206cc457,164,partially_normalized
general_strings,,PKHeX.Core/Resources/text/other/es-419/text_Moves_es-419.txt,c95968a4343d69e001e6d048cac0f596f5008d0c,11943,partially_normalized
general_strings,,PKHeX.Core/Resources/text/other/es-419/text_Natures_es-419.txt,a870c19111b0e78eedb4c680a683402ba6ab9d8c,193,partially_normalized
general_strings,,PKHeX.Core/Resources/text/other/es-419/text_Pokeblock_es-419.txt,f5b98750749741f98f3be5f3616cd375e8ea2121,1668,partially_normalized
general_strings,,PKHeX.Core/Resources/text/other/es-419/text_Puff_es-419.txt,49211ca561c519cd22cc3d4a813d3deaeb5fe002,573,partially_normalized
general_strings,,PKHeX.Core/Resources/text/other/es-419/text_Ribbons_es-419.txt,f460cfb1f7f96484896086cf0c331957cddc7cf6,5346,partially_normalized
general_strings,,PKHeX.Core/Resources/text/other/es-419/text_Species_es-419.txt,54d06f4baa2bee66e7be4d04849896a6eb52e830,8883,partially_normalized
general_strings,,PKHeX.Core/Resources/text/other/es-419/text_SuperTraining_es-419.txt,77d96d9959b1b7c7c9f1944a9ee7c86e01be5292,1321,partially_normalized
general_strings,,PKHeX.Core/Resources/text/other/es-419/text_TrainingBag_es-419.txt,6408b426b561337b6261d3cd2615417db1bb8242,384,partially_normalized
general_strings,,PKHeX.Core/Resources/text/other/es-419/text_Types_es-419.txt,bd6f76df7cb62af83c5afa8bb14d203b0fe1952e,137,partially_normalized
general_strings,,PKHeX.Core/Resources/text/other/es-419/text_Wallpaper_es-419.txt,a4a70686d837e472b33fa87c2e77b7b8702f00ce,305,partially_normalized
general_strings,,PKHeX.Core/Resources/text/other/es/text_Abilities_es.txt,44a63809a546a1bc8ae2ee717cf777f981ba61dd,3715,partially_normalized
general_strings,,PKHeX.Core/Resources/text/other/es/text_Character_es.txt,f0d27534c4acc2c45825cdceabe9d5eb8b8b413f,721,partially_normalized
general_strings,,PKHeX.Core/Resources/text/other/es/text_Forms_es.txt,733e6c774893aa66ef54896363c6876d58a19788,3320,partially_normalized
general_strings,,PKHeX.Core/Resources/text/other/es/text_Games_es.txt,123ea066625b861fb5f8508003b33c3d760c471e,440,partially_normalized
general_strings,,PKHeX.Core/Resources/text/other/es/text_GroundTile_es.txt,49d92374a1d697c40f679e1e858d67dab4bba200,134,partially_normalized
general_strings,,PKHeX.Core/Resources/text/other/es/text_Language_es.txt,f52ad7fd7443e352ead3c8df83a5e5a45c515d83,167,partially_normalized
general_strings,,PKHeX.Core/Resources/text/other/es/text_Moves_es.txt,8c63b2917e2297c3df7aa3647d8341998e8bb681,11504,partially_normalized
general_strings,,PKHeX.Core/Resources/text/other/es/text_Natures_es.txt,94cf69252098f5b420919693eca62ffe32ff62ca,176,partially_normalized
general_strings,,PKHeX.Core/Resources/text/other/es/text_Pokeblock_es.txt,f5b98750749741f98f3be5f3616cd375e8ea2121,1668,partially_normalized
general_strings,,PKHeX.Core/Resources/text/other/es/text_Puff_es.txt,49211ca561c519cd22cc3d4a813d3deaeb5fe002,573,partially_normalized
general_strings,,PKHeX.Core/Resources/text/other/es/text_Ribbons_es.txt,cae922d182c529a44d5e2c3e347203d5887068bf,5334,partially_normalized
general_strings,,PKHeX.Core/Resources/text/other/es/text_Species_es.txt,54d06f4baa2bee66e7be4d04849896a6eb52e830,8883,partially_normalized
general_strings,,PKHeX.Core/Resources/text/other/es/text_SuperTraining_es.txt,77d96d9959b1b7c7c9f1944a9ee7c86e01be5292,1321,partially_normalized
general_strings,,PKHeX.Core/Resources/text/other/es/text_TrainingBag_es.txt,6408b426b561337b6261d3cd2615417db1bb8242,384,partially_normalized
general_strings,,PKHeX.Core/Resources/text/other/es/text_Types_es.txt,0b9cb021ff5cf470583d8675a4aa4c3fa4dbce18,135,partially_normalized
general_strings,,PKHeX.Core/Resources/text/other/es/text_Wallpaper_es.txt,a4a70686d837e472b33fa87c2e77b7b8702f00ce,305,partially_normalized
general_strings,fr,PKHeX.Core/Resources/text/other/fr/text_Abilities_fr.txt,353d63adf3d3e5f7f79046599f0e922de0efbf99,3760,partially_normalized
general_strings,fr,PKHeX.Core/Resources/text/other/fr/text_Character_fr.txt,0632d6b607cbdc397cc4a2f649711476fa66c485,722,partially_normalized
general_strings,fr,PKHeX.Core/Resources/text/other/fr/text_Forms_fr.txt,b606c7b3bf5b00cdbab909f660ffee1cbe6e8005,3361,partially_normalized
general_strings,fr,PKHeX.Core/Resources/text/other/fr/text_Games_fr.txt,0a0deacd618582602b72e70d9838665c9074c9c5,454,partially_normalized
general_strings,fr,PKHeX.Core/Resources/text/other/fr/text_GroundTile_fr.txt,76d8731098cdf9a12abac4b26d24b4a18f96c9bb,133,partially_normalized
general_strings,fr,PKHeX.Core/Resources/text/other/fr/text_Language_fr.txt,f52ad7fd7443e352ead3c8df83a5e5a45c515d83,167,partially_normalized
general_strings,fr,PKHeX.Core/Resources/text/other/fr/text_Moves_fr.txt,6a54f2c27f029300d565f532d5c47e7fc45762a1,11495,partially_normalized
general_strings,fr,PKHeX.Core/Resources/text/other/fr/text_Natures_fr.txt,d08a857a078fbf03f47c75c22231fe0b7f1a67bb,175,partially_normalized
general_strings,fr,PKHeX.Core/Resources/text/other/fr/text_Pokeblock_fr.txt,3ce37b19ffd7c2edfb2cc5afe2bd490b9cf9481e,1658,partially_normalized
general_strings,fr,PKHeX.Core/Resources/text/other/fr/text_Puff_fr.txt,bdcde2f0891ef733bf0e6ea96ceb649a295d5cb8,627,partially_normalized
general_strings,fr,PKHeX.Core/Resources/text/other/fr/text_Ribbons_fr.txt,3c5595ea3a5ba39b509c48810f1dffe83204526d,5355,partially_normalized
general_strings,fr,PKHeX.Core/Resources/text/other/fr/text_Species_fr.txt,1b4548215ac6809307c4a719a2e08e11338386b1,9678,partially_normalized
general_strings,fr,PKHeX.Core/Resources/text/other/fr/text_SuperTraining_fr.txt,89c2994c97632ab8b8eecf56e19e6c30a7ae85eb,1140,partially_normalized
general_strings,fr,PKHeX.Core/Resources/text/other/fr/text_TrainingBag_fr.txt,3293f5793c0a3069d5211446cec9d07b61e8f3bc,370,partially_normalized
general_strings,fr,PKHeX.Core/Resources/text/other/fr/text_Types_fr.txt,d2aeb8b8fbc88ca511540ae2a1f790095d89b31e,124,partially_normalized
general_strings,fr,PKHeX.Core/Resources/text/other/fr/text_Wallpaper_fr.txt,1f0fd968b6760a5721924c6a5017065b9e459d53,295,partially_normalized
general_strings,,PKHeX.Core/Resources/text/other/it/text_Abilities_it.txt,8fa25147419500b881bfd0e47f3ac7438374fe45,3619,partially_normalized
general_strings,,PKHeX.Core/Resources/text/other/it/text_Character_it.txt,3d46f5029bb703f815153e76017dca625f631179,639,partially_normalized
general_strings,,PKHeX.Core/Resources/text/other/it/text_Forms_it.txt,604d85e05b1b829264d0f60f3a95abadfe3c7ee4,3414,partially_normalized
general_strings,,PKHeX.Core/Resources/text/other/it/text_Games_it.txt,ce1fd0707e75c3f4b33df68fc5b4f143f914b38a,446,partially_normalized
general_strings,,PKHeX.Core/Resources/text/other/it/text_GroundTile_it.txt,45c861915e4f17d4145d4a97856c2d8735e5e5c3,133,partially_normalized
general_strings,,PKHeX.Core/Resources/text/other/it/text_Language_it.txt,f52ad7fd7443e352ead3c8df83a5e5a45c515d83,167,partially_normalized
general_strings,,PKHeX.Core/Resources/text/other/it/text_Moves_it.txt,7a473cb21823d870b47e9166b377948e988433cf,11119,partially_normalized
general_strings,,PKHeX.Core/Resources/text/other/it/text_Natures_it.txt,a7660559450928460996e61e598c3f665ab03e72,176,partially_normalized
general_strings,,PKHeX.Core/Resources/text/other/it/text_Pokeblock_it.txt,b80b5c44f6c2f91426e44638d07ee326386b0e5e,1571,partially_normalized
general_strings,,PKHeX.Core/Resources/text/other/it/text_Puff_it.txt,8d7d703e7bb5a0912e7e43ffa8e5ec59f1d8c40b,601,partially_normalized
general_strings,,PKHeX.Core/Resources/text/other/it/text_Ribbons_it.txt,a5ffb6dbb4007ee064cc2e21d625846fbb7093aa,5524,partially_normalized
general_strings,,PKHeX.Core/Resources/text/other/it/text_Species_it.txt,817e5436b917a8308016673ec9ede7965ab6fdfb,8898,partially_normalized
general_strings,,PKHeX.Core/Resources/text/other/it/text_SuperTraining_it.txt,05e561ad4a7253331520ae10e8b33c8d76754064,1236,partially_normalized
general_strings,,PKHeX.Core/Resources/text/other/it/text_TrainingBag_it.txt,5adb8ef3f1d9ab18d032fe11711b38013eee2c2b,413,partially_normalized
general_strings,,PKHeX.Core/Resources/text/other/it/text_Types_it.txt,309fdc8340682d2d5e8c7071da5d4bdcffd133fb,136,partially_normalized
general_strings,,PKHeX.Core/Resources/text/other/it/text_Wallpaper_it.txt,6f21a660bce624c5fb3c22d4c2987b6482efbb56,310,partially_normalized
general_strings,,PKHeX.Core/Resources/text/other/ja/text_Abilities_ja.txt,745f6bb4088d72cee4316fc7ac6e92cf3fb2c8c1,5611,partially_normalized
general_strings,,PKHeX.Core/Resources/text/other/ja/text_Character_ja.txt,212f7629b6a1e88f74d8e5c222244fbf2edb5714,800,partially_normalized
general_strings,,PKHeX.Core/Resources/text/other/ja/text_Forms_ja.txt,91b182274eaa1275fa540c0c37f0d8b3f9392a44,7768,partially_normalized
general_strings,,PKHeX.Core/Resources/text/other/ja/text_Games_ja.txt,42ff0421301d6167d3c12bc2c51ce91577e45a95,692,partially_normalized
general_strings,,PKHeX.Core/Resources/text/other/ja/text_GroundTile_ja.txt,a07493cb56da20c47d6a6c3009fa8f996bac9707,130,partially_normalized
general_strings,,PKHeX.Core/Resources/text/other/ja/text_Language_ja.txt,f52ad7fd7443e352ead3c8df83a5e5a45c515d83,167,partially_normalized
general_strings,,PKHeX.Core/Resources/text/other/ja/text_Moves_ja.txt,bbfa15bc7fb0c887c4ca6e5afd3ce02b698873ff,18371,partially_normalized
general_strings,,PKHeX.Core/Resources/text/other/ja/text_Natures_ja.txt,85f6ddbd150685f06c8b006ff0dd3ce0b0e85509,333,partially_normalized
general_strings,,PKHeX.Core/Resources/text/other/ja/text_Pokeblock_ja.txt,bee9f1a7a8fb4f00c26d825625d893895e49c1e0,2135,partially_normalized
general_strings,,PKHeX.Core/Resources/text/other/ja/text_Puff_ja.txt,abc7e21102576e37c05d6953618c58a6f8f553c5,761,partially_normalized
general_strings,,PKHeX.Core/Resources/text/other/ja/text_Ribbons_ja.txt,92a22cf936d6e97e3d4038e6ab9766a0feffa7c6,7882,partially_normalized
general_strings,,PKHeX.Core/Resources/text/other/ja/text_Species_ja.txt,755bb631c5ee7a9b0403413a20b35b6e8db06323,15398,partially_normalized
general_strings,,PKHeX.Core/Resources/text/other/ja/text_SuperTraining_ja.txt,db0aa55d395c29e469782a66a67cffc68135ab29,1718,partially_normalized
general_strings,,PKHeX.Core/Resources/text/other/ja/text_TrainingBag_ja.txt,2b41b1570e3bbeb7fe12d850a4ed8f8a99ec9551,561,partially_normalized
general_strings,,PKHeX.Core/Resources/text/other/ja/text_Types_ja.txt,402674d130aa44f192fa38ae6e7cffb2618eee4f,192,partially_normalized
general_strings,,PKHeX.Core/Resources/text/other/ja/text_Wallpaper_ja.txt,93f117da6166eb08fb274c2aa35fe52818521b05,502,partially_normalized
general_strings,,PKHeX.Core/Resources/text/other/ko/text_Abilities_ko.txt,ffd39a4f5b3e9ec78bbc51677b2ec7c75b7056f5,3832,partially_normalized
general_strings,,PKHeX.Core/Resources/text/other/ko/text_Character_ko.txt,7a3582a57f56dbb34d941e9686a626c5721b1cfc,687,partially_normalized
general_strings,,PKHeX.Core/Resources/text/other/ko/text_Forms_ko.txt,5305e7e380892ab84ef5ce29afa8e1ac92e681b3,5730,partially_normalized
general_strings,,PKHeX.Core/Resources/text/other/ko/text_Games_ko.txt,c27c66514cf5afb649291c2041bbce54dee8c39f,541,partially_normalized
general_strings,,PKHeX.Core/Resources/text/other/ko/text_GroundTile_ko.txt,f3369875e7fe3b9da371034361e9910403d93c90,120,partially_normalized
general_strings,,PKHeX.Core/Resources/text/other/ko/text_Language_ko.txt,f52ad7fd7443e352ead3c8df83a5e5a45c515d83,167,partially_normalized
general_strings,,PKHeX.Core/Resources/text/other/ko/text_Moves_ko.txt,64d393b78d6fb6018b02cb89a94353305a6bb24f,12987,partially_normalized
general_strings,,PKHeX.Core/Resources/text/other/ko/text_Natures_ko.txt,e8f18f4308c422fefc9bdb2b877ba4207d8b7531,210,partially_normalized
general_strings,,PKHeX.Core/Resources/text/other/ko/text_Pokeblock_ko.txt,a56c74ebb6c954f6c8e1ed9eef7f0b20483a2f83,1970,partially_normalized
general_strings,,PKHeX.Core/Resources/text/other/ko/text_Puff_ko.txt,f0cae4cde38396fe74e6f1df1fc4c3ecf5c850a6,647,partially_normalized
general_strings,,PKHeX.Core/Resources/text/other/ko/text_Ribbons_ko.txt,185246a0af7f7b5eefa780b4c80df2ddd7539d9d,6123,partially_normalized
general_strings,,PKHeX.Core/Resources/text/other/ko/text_Species_ko.txt,d28d38cf1fd9dc605c39b01849153ec6edc0b6f5,11459,partially_normalized
general_strings,,PKHeX.Core/Resources/text/other/ko/text_SuperTraining_ko.txt,eece96ef55b12724c8543d4ce6a00c46b8573aa5,1145,partially_normalized
general_strings,,PKHeX.Core/Resources/text/other/ko/text_TrainingBag_ko.txt,18b36014547d73e6740489738c7ba9eb58265f83,333,partially_normalized
general_strings,,PKHeX.Core/Resources/text/other/ko/text_Types_ko.txt,5f631f74f091d0f858ed787361f666ceda464df1,132,partially_normalized
general_strings,,PKHeX.Core/Resources/text/other/ko/text_Wallpaper_ko.txt,8a536da3bf5ce449e8c46837d0ec0fee7cbb0115,300,partially_normalized
general_strings,,PKHeX.Core/Resources/text/other/zh-Hans/text_Abilities_zh-Hans.txt,3f625e5b1c6278ae0630f14fcf82f2034b73f9bd,3199,partially_normalized
general_strings,,PKHeX.Core/Resources/text/other/zh-Hans/text_Character_zh-Hans.txt,16c0f030acc93056fe0375d6035f603f795d2732,572,partially_normalized
general_strings,,PKHeX.Core/Resources/text/other/zh-Hans/text_Forms_zh-Hans.txt,f5918cd37cfb895af71d6030a2d0978b57d22dad,5779,partially_normalized
general_strings,,PKHeX.Core/Resources/text/other/zh-Hans/text_Games_zh-Hans.txt,4302950b6f0d6cc08564905854608901b1d562af,421,partially_normalized
general_strings,,PKHeX.Core/Resources/text/other/zh-Hans/text_GroundTile_zh-Hans.txt,a6461d34b2dfd157e0319e883d4d67850b5b4136,149,partially_normalized
general_strings,,PKHeX.Core/Resources/text/other/zh-Hans/text_Language_zh-Hans.txt,f52ad7fd7443e352ead3c8df83a5e5a45c515d83,167,partially_normalized
general_strings,,PKHeX.Core/Resources/text/other/zh-Hans/text_Moves_zh-Hans.txt,dcde3c68403b42bebdba8be0135ec189b2731b57,10217,partially_normalized
general_strings,,PKHeX.Core/Resources/text/other/zh-Hans/text_Natures_zh-Hans.txt,10008f160ae3e4c2449b606f61f0f18f8289d6f9,180,partially_normalized
general_strings,,PKHeX.Core/Resources/text/other/zh-Hans/text_Pokeblock_zh-Hans.txt,8f783413bdfbe6eb8ac06a0827364f860b6a30c7,1538,partially_normalized
general_strings,,PKHeX.Core/Resources/text/other/zh-Hans/text_Puff_zh-Hans.txt,0dc4a9af0d1fbb64eb31dc832410526e727e00b5,572,partially_normalized
general_strings,,PKHeX.Core/Resources/text/other/zh-Hans/text_Ribbons_zh-Hans.txt,755758aa4f30d042ed738ba5ae6e7453b778f436,5777,partially_normalized
general_strings,,PKHeX.Core/Resources/text/other/zh-Hans/text_Species_zh-Hans.txt,f415f09d2a50a5904081ddb869772d1024ac3f94,11162,partially_normalized
general_strings,,PKHeX.Core/Resources/text/other/zh-Hans/text_SuperTraining_zh-Hans.txt,7bbea9f67490041d9356729e52f5b35635219fb0,1011,partially_normalized
general_strings,,PKHeX.Core/Resources/text/other/zh-Hans/text_TrainingBag_zh-Hans.txt,df7d67207d0bccc98362df2171aae0a23fe27b66,357,partially_normalized
general_strings,,PKHeX.Core/Resources/text/other/zh-Hans/text_Types_zh-Hans.txt,a429b2fdd0a8459444316af25ee8e652c09f4688,105,partially_normalized
general_strings,,PKHeX.Core/Resources/text/other/zh-Hans/text_Wallpaper_zh-Hans.txt,758539b694e00d2f2e75b460526354beba81920c,307,partially_normalized
general_strings,,PKHeX.Core/Resources/text/other/zh-Hant/text_Abilities_zh-Hant.txt,4de6b5d00723021a868fd3a0393ce0b67b7ad9b4,3199,partially_normalized
general_strings,,PKHeX.Core/Resources/text/other/zh-Hant/text_Character_zh-Hant.txt,db8ff40b144a0bdbdf0b30aaefb38bcdfac66ff7,572,partially_normalized
general_strings,,PKHeX.Core/Resources/text/other/zh-Hant/text_Forms_zh-Hant.txt,37122fda1e0e46a85e8beb3d52abc038b91e3f58,5879,partially_normalized
general_strings,,PKHeX.Core/Resources/text/other/zh-Hant/text_Games_zh-Hant.txt,69d61e36bf32826725bcdb08bb137f0a2471e95c,423,partially_normalized
general_strings,,PKHeX.Core/Resources/text/other/zh-Hant/text_GroundTile_zh-Hant.txt,dd317ac8ceb99e16c3f4d236ed1c6efa9af506e3,149,partially_normalized
general_strings,,PKHeX.Core/Resources/text/other/zh-Hant/text_Language_zh-Hant.txt,f52ad7fd7443e352ead3c8df83a5e5a45c515d83,167,partially_normalized
general_strings,,PKHeX.Core/Resources/text/other/zh-Hant/text_Moves_zh-Hant.txt,8c247ae9168c73abc0248fb7bc449e795bc8d2c8,10184,partially_normalized
general_strings,,PKHeX.Core/Resources/text/other/zh-Hant/text_Natures_zh-Hant.txt,34b802ae24078a553bd5d5248c6f631fdf4c1c5a,180,partially_normalized
general_strings,,PKHeX.Core/Resources/text/other/zh-Hant/text_Pokeblock_zh-Hant.txt,833bce2a05c6318a1b308fc0c153cfee8c1974d3,1475,partially_normalized
general_strings,,PKHeX.Core/Resources/text/other/zh-Hant/text_Puff_zh-Hant.txt,1337a588bb437c31ad89b9cd72781c591d44c456,572,partially_normalized
general_strings,,PKHeX.Core/Resources/text/other/zh-Hant/text_Ribbons_zh-Hant.txt,95b82271157f21153b1d7e0e33b5f6bdfe33aac0,5777,partially_normalized
general_strings,,PKHeX.Core/Resources/text/other/zh-Hant/text_Species_zh-Hant.txt,c7ba5a0856b93a3a69d8e1be996e721ab41f10ad,11156,partially_normalized
general_strings,,PKHeX.Core/Resources/text/other/zh-Hant/text_SuperTraining_zh-Hant.txt,578e24a3e14dc31437ac7d629540f21217364378,1011,partially_normalized
general_strings,,PKHeX.Core/Resources/text/other/zh-Hant/text_TrainingBag_zh-Hant.txt,c8c18de97c5f6f822248b2f853ac25d3f1fc15ed,357,partially_normalized
general_strings,,PKHeX.Core/Resources/text/other/zh-Hant/text_Types_zh-Hant.txt,9e0658f6edf7c5964f1868b7f64e0a4eb476b309,105,partially_normalized
general_strings,,PKHeX.Core/Resources/text/other/zh-Hant/text_Wallpaper_zh-Hant.txt,314723ccebb218c16f13e044db1a021c60aba9ad,307,partially_normalized
item_logic,,PKHeX.Core/Items/Bags/PlayerBag.cs,7620fc54fc74d76a9b4b3cca0b91eaad693fe357,3243,indexed
item_logic,,PKHeX.Core/Items/Bags/PlayerBag1.cs,0ae6b38af8d358082173528b5908c8018e896f2e,1215,indexed
item_logic,,PKHeX.Core/Items/Bags/PlayerBag2.cs,40fdafad1b6ca1a5bb26e568b23c44470e4da438,1411,indexed
item_logic,,PKHeX.Core/Items/Bags/PlayerBag3Colosseum.cs,fb59b37de06ee8c901d327966841b58069c23b41,1143,indexed
item_logic,,PKHeX.Core/Items/Bags/PlayerBag3E.cs,33d0142680b106851cc6686d1ca9cf6d4df813c9,2117,indexed
item_logic,,PKHeX.Core/Items/Bags/PlayerBag3FRLG.cs,9e95bdb0142abc691b4e8c526fa251847d78629d,1723,indexed
item_logic,,PKHeX.Core/Items/Bags/PlayerBag3RS.cs,caea7c81f3e80b34fd5950698012bba0f2abc95e,1251,indexed
item_logic,,PKHeX.Core/Items/Bags/PlayerBag3XD.cs,d0c61af1b84c5dbd430a24fa7a03f92868cfce0e,1130,indexed
item_logic,,PKHeX.Core/Items/Bags/PlayerBag4DP.cs,3d82958d86d912fb065df445618cb2b7d4885b82,1359,indexed
item_logic,,PKHeX.Core/Items/Bags/PlayerBag4HGSS.cs,e8b6ae8185a6257e2cfd33ce149b6225117725df,1379,indexed
item_logic,,PKHeX.Core/Items/Bags/PlayerBag4Pt.cs,e47caa99680eeb15b5f99cdb55079745f1408e8c,1359,indexed
item_logic,,PKHeX.Core/Items/Bags/PlayerBag5B2W2.cs,d28b30514ecdf531f9a56b22d7bca1caf834d2fd,1125,indexed
item_logic,,PKHeX.Core/Items/Bags/PlayerBag5BW.cs,3a1ef666011974e0da030574ec40337c9996330c,1099,indexed
item_logic,,PKHeX.Core/Items/Bags/PlayerBag6AO.cs,5c2fede0dc890d13cc7e5c7e25739fd9cf937c12,1496,indexed
item_logic,,PKHeX.Core/Items/Bags/PlayerBag6XY.cs,caf8dc1410585b90660b0244fa1b7cb6b134b9fd,1099,indexed
item_logic,,PKHeX.Core/Items/Bags/PlayerBag7b.cs,1b9195952b80e0a8db6e741a03c70c7aaff6ab47,1621,indexed
item_logic,,PKHeX.Core/Items/Bags/PlayerBag7SM.cs,7a1ab03efac1e7201810890cfa9660ff64fe87e9,1607,indexed
item_logic,,PKHeX.Core/Items/Bags/PlayerBag7USUM.cs,badfc29d7fb8b02f84d14d12a8d6e1e73e42a747,1687,indexed
item_logic,,PKHeX.Core/Items/Bags/PlayerBag8.cs,9805760c5b3956f214746bcadf01aecb16dd5d8c,1564,indexed
item_logic,,PKHeX.Core/Items/Bags/PlayerBag8a.cs,cbeeab783ab5102f59506dd90dc6fa77d97b7c74,3625,indexed
item_logic,,PKHeX.Core/Items/Bags/PlayerBag8b.cs,1a073d0a689fc36d252ffc6c4937c7773b782ab0,1329,indexed
item_logic,,PKHeX.Core/Items/Bags/PlayerBag9.cs,54d001850c71c124cdddcb62f1e4d00d8bdc9b0c,2208,indexed
item_logic,,PKHeX.Core/Items/Bags/PlayerBag9a.cs,5c86c52b3c77b233c67ebb7be4f5d2814a4b828b,2502,indexed
item_logic,,PKHeX.Core/Items/HeldItemLumpImage.cs,069f3b18876dbe0a4240834d931f30fe6da9ff8e,1742,indexed
item_logic,,PKHeX.Core/Items/IItemStorage.cs,7f9ed42fcede16ac4fdd9f2643d8af3a3a476936,1056,indexed
item_logic,,PKHeX.Core/Items/ItemStorage1.cs,d6e991f2e2e52f19c05b370ed4064310091ddbcf,1147,indexed
item_logic,,PKHeX.Core/Items/ItemStorage2.cs,7f078f69858da6b84e89c11e0e742a4ff2167608,3248,indexed
item_logic,,PKHeX.Core/Items/ItemStorage3Colo.cs,f64a42ad7b0ca81839832d0bf2e92fdde9ae0d19,1959,indexed
item_logic,,PKHeX.Core/Items/ItemStorage3E.cs,d43aa97529e89729cb6575429975ea3c97a003f0,1187,indexed
item_logic,,PKHeX.Core/Items/ItemStorage3FRLG.cs,114d05929a9e2e3ecf0d9ea772f3b6d5d48c159b,3074,indexed
item_logic,,PKHeX.Core/Items/ItemStorage3RS.cs,06fe2304cc7e07ec14a9053bcff5e3887c0eab65,3228,indexed
item_logic,,PKHeX.Core/Items/ItemStorage3XD.cs,9956452fb6d7e7fe17e226c708207fd26767af00,2641,indexed
item_logic,,PKHeX.Core/Items/ItemStorage4.cs,c7e01ff071a950ec02ebb1a5d291e49d56ee3507,4774,indexed
item_logic,,PKHeX.Core/Items/ItemStorage4DP.cs,a0442ba1ee8a4a4935bca8b13e8126548a5945b1,1024,indexed
item_logic,,PKHeX.Core/Items/ItemStorage4HGSS.cs,243f4e378de26b8716ef824402be71c270c74075,1531,indexed
item_logic,,PKHeX.Core/Items/ItemStorage4Pt.cs,b01af17fb41e01d108c893c0e141e5ef8b1b9a12,1337,indexed
item_logic,,PKHeX.Core/Items/ItemStorage5.cs,1d7700b17ade1cecd758be3db4c151fbc866347b,3989,indexed
item_logic,,PKHeX.Core/Items/ItemStorage5B2W2.cs,427db77421087a150d8e872c54983b29c23cac00,991,indexed
item_logic,,PKHeX.Core/Items/ItemStorage5BW.cs,4f5b40394422a093b2ff48ebc641375a3332b487,945,indexed
item_logic,,PKHeX.Core/Items/ItemStorage6AO.cs,05c554c20705355cf7e6591020de3099218caed3,4525,indexed
item_logic,,PKHeX.Core/Items/ItemStorage6XY.cs,b281b346c56df94ae6102b39fd74f5e3f0e1de84,5575,indexed
item_logic,,PKHeX.Core/Items/ItemStorage7GG.cs,138eb5495fe56146be6d478175bcc7601484e671,3985,indexed
item_logic,,PKHeX.Core/Items/ItemStorage7SM.cs,a29f7ed31ce6bf3026766739a849af7b1051cfe2,7866,indexed
item_logic,,PKHeX.Core/Items/ItemStorage7USUM.cs,7f2df82650571b1617a1461bb01beaa8c3dc094e,2884,indexed
item_logic,,PKHeX.Core/Items/ItemStorage8BDSP.cs,5d9efaa8cb656c855d6c601b347e53b872726bf2,6576,indexed
item_logic,,PKHeX.Core/Items/ItemStorage8LA.cs,20806b6635cd6cd4b164bc04da5a954c8af55c0e,3114,indexed
item_logic,,PKHeX.Core/Items/ItemStorage8SWSH.cs,194d2987ffcf34fb4063498775ffc839fab1e603,9898,indexed
item_logic,,PKHeX.Core/Items/ItemStorage9SV.cs,a4cc6e464f5f301f5554de5871e8ccff2642f72b,11974,indexed
item_logic,,PKHeX.Core/Items/ItemStorage9ZA.cs,af112dc706a331ffe26c3766b20c4146c298c214,11555,indexed
item_strings,,PKHeX.Core/Resources/text/items/gen1/text_ItemsG1_de.txt,bce002a2fd0bf59e4bbff6312da21d90dd3ec20c,1273,partially_normalized
item_strings,,PKHeX.Core/Resources/text/items/gen1/text_ItemsG1_en.txt,11753da3d53dfc006269d407adb3d6993f320079,2530,partially_normalized
item_strings,,PKHeX.Core/Resources/text/items/gen1/text_ItemsG1_es-419.txt,f9f16814ce80a53e318decd12068c23560f432fc,2754,partially_normalized
item_strings,,PKHeX.Core/Resources/text/items/gen1/text_ItemsG1_es.txt,f9f16814ce80a53e318decd12068c23560f432fc,2754,partially_normalized
item_strings,fr,PKHeX.Core/Resources/text/items/gen1/text_ItemsG1_fr.txt,e75af440cf11ed15e4ae2982a839fc419f678610,1348,partially_normalized
item_strings,,PKHeX.Core/Resources/text/items/gen1/text_ItemsG1_it.txt,9cd4f3247d7910a799dabf693e3526d1ae289c5a,1389,partially_normalized
item_strings,,PKHeX.Core/Resources/text/items/gen1/text_ItemsG1_ja.txt,bf598eeabd8f61394efaa0e2ce989af80a1d775d,4101,partially_normalized
item_strings,,PKHeX.Core/Resources/text/items/gen1/text_ItemsG1_ko.txt,88631cfdde596bc58595eacab79455d2b83bfa55,1561,partially_normalized
item_strings,,PKHeX.Core/Resources/text/items/gen1/text_ItemsG1_zh-Hans.txt,295812f76ba85c7b2ffa2dc7f05bdb9337306e2c,2482,partially_normalized
item_strings,,PKHeX.Core/Resources/text/items/gen1/text_ItemsG1_zh-Hant.txt,77c4701f4a66f5a52987d4d7ab972b64c6867659,2030,partially_normalized
item_strings,,PKHeX.Core/Resources/text/items/gen2/text_ItemsG2_de.txt,8482455300f5fe3a5f164139c7969c36e093a6c8,2577,partially_normalized
item_strings,,PKHeX.Core/Resources/text/items/gen2/text_ItemsG2_en.txt,c78641c8f9755d6bf4cbf768390f735028d3781c,2541,partially_normalized
item_strings,,PKHeX.Core/Resources/text/items/gen2/text_ItemsG2_es-419.txt,8c78d6e010bd70dc42cacd80aec406391177803e,2764,partially_normalized
item_strings,,PKHeX.Core/Resources/text/items/gen2/text_ItemsG2_es.txt,8c78d6e010bd70dc42cacd80aec406391177803e,2764,partially_normalized
item_strings,fr,PKHeX.Core/Resources/text/items/gen2/text_ItemsG2_fr.txt,a176a6ce72a0efc742810aa1709637eeee403d7b,2674,partially_normalized
item_strings,,PKHeX.Core/Resources/text/items/gen2/text_ItemsG2_it.txt,5cfc5954b58d9c646ca117214871aa569b29173b,2718,partially_normalized
item_strings,,PKHeX.Core/Resources/text/items/gen2/text_ItemsG2_ja.txt,e4d737fcd804f677716017b72dd06748b93ae261,5475,partially_normalized
item_strings,,PKHeX.Core/Resources/text/items/gen2/text_ItemsG2_ko.txt,bc3771cf95fae5938ad9b5014bd32d3482b460a9,3689,partially_normalized
item_strings,,PKHeX.Core/Resources/text/items/gen2/text_ItemsG2_zh-Hans.txt,d60bab0b56964e89d81c5d32c9120ce90c192dde,3848,partially_normalized
item_strings,,PKHeX.Core/Resources/text/items/gen2/text_ItemsG2_zh-Hant.txt,a52b5b3a50d0d940fc2b0ed2db592967dc53a5ea,3844,partially_normalized
item_strings,,PKHeX.Core/Resources/text/items/gen3/text_ItemsG3_de.txt,4115c281e4059eba305ab211e97daded0c8ce06d,3331,partially_normalized
item_strings,,PKHeX.Core/Resources/text/items/gen3/text_ItemsG3_en.txt,99af648635e7dd1d74f70c629ac98718fb4cc05e,6636,partially_normalized
item_strings,,PKHeX.Core/Resources/text/items/gen3/text_ItemsG3_es-419.txt,47356a5cf3c28f4c158c6f0aed0f6959ae0de2cb,7096,partially_normalized
item_strings,,PKHeX.Core/Resources/text/items/gen3/text_ItemsG3_es.txt,47356a5cf3c28f4c158c6f0aed0f6959ae0de2cb,7096,partially_normalized
item_strings,fr,PKHeX.Core/Resources/text/items/gen3/text_ItemsG3_fr.txt,b904597375fced198f650a80eb197bcaefb6ca84,3760,partially_normalized
item_strings,,PKHeX.Core/Resources/text/items/gen3/text_ItemsG3_it.txt,876c5cbcbe45e34bd407294dff4a46efbac9bf47,3729,partially_normalized
item_strings,,PKHeX.Core/Resources/text/items/gen3/text_ItemsG3_ja.txt,102a8ad5182b81b9975834a716d3e72a34c79787,7381,partially_normalized
item_strings,,PKHeX.Core/Resources/text/items/gen3/text_ItemsG3_ko.txt,581ca43eaa920ba0c9fb6e193aa9d9c831988d01,5151,partially_normalized
item_strings,,PKHeX.Core/Resources/text/items/gen3/text_ItemsG3_zh-Hans.txt,11d77cdfdfe4a9b273f66a823ed47c02f1856f53,4618,partially_normalized
item_strings,,PKHeX.Core/Resources/text/items/gen3/text_ItemsG3_zh-Hant.txt,352bb936b8a88a7ac7c6943e25844d016b5669cd,3858,partially_normalized
item_strings,,PKHeX.Core/Resources/text/items/gen3/text_ItemsG3Colosseum_de.txt,fa1aa1911c0c00a173458d9c0f69e1378d567ebc,549,partially_normalized
item_strings,,PKHeX.Core/Resources/text/items/gen3/text_ItemsG3Colosseum_en.txt,5d963881153d2000c07a7daf578eb003cc945529,1038,partially_normalized
item_strings,,PKHeX.Core/Resources/text/items/gen3/text_ItemsG3Colosseum_es-419.txt,8263649a05ec0c6edfac4b54b7572801e6ee2b4f,559,partially_normalized
item_strings,,PKHeX.Core/Resources/text/items/gen3/text_ItemsG3Colosseum_es.txt,8263649a05ec0c6edfac4b54b7572801e6ee2b4f,559,partially_normalized
item_strings,fr,PKHeX.Core/Resources/text/items/gen3/text_ItemsG3Colosseum_fr.txt,7f596a1e6f77bb15b919866d9aefe25ffce39c96,663,partially_normalized
item_strings,,PKHeX.Core/Resources/text/items/gen3/text_ItemsG3Colosseum_it.txt,5ac581074ee6a4f90e99967f9f7efaa2c0638a20,582,partially_normalized
item_strings,,PKHeX.Core/Resources/text/items/gen3/text_ItemsG3Colosseum_ja.txt,48d90fc239ef0bf6a7bc4686765e1657858d646b,764,partially_normalized
item_strings,,PKHeX.Core/Resources/text/items/gen3/text_ItemsG3Colosseum_zh-Hans.txt,306e387a1e8dc88d23fbe5fa3f759383ac27c318,669,partially_normalized
item_strings,,PKHeX.Core/Resources/text/items/gen3/text_ItemsG3Colosseum_zh-Hant.txt,04cfda873b1a501160fe5aa8d3373d6e99696916,512,partially_normalized
item_strings,,PKHeX.Core/Resources/text/items/gen3/text_ItemsG3XD_de.txt,381e632261a7811e79e287c6ba20f7fb3b1e8628,1073,partially_normalized
item_strings,,PKHeX.Core/Resources/text/items/gen3/text_ItemsG3XD_en.txt,572dd9004154fee4484d5777e65d69c7abeb6f06,2328,partially_normalized
item_strings,,PKHeX.Core/Resources/text/items/gen3/text_ItemsG3XD_es-419.txt,a5a1aa845356c9e8a47f9624c4c8cd56eef7cfcd,1594,partially_normalized
item_strings,,PKHeX.Core/Resources/text/items/gen3/text_ItemsG3XD_es.txt,a5a1aa845356c9e8a47f9624c4c8cd56eef7cfcd,1594,partially_normalized
item_strings,fr,PKHeX.Core/Resources/text/items/gen3/text_ItemsG3XD_fr.txt,9f9a023540a13256a0af08b8ae2ffd4c6687f246,1109,partially_normalized
item_strings,,PKHeX.Core/Resources/text/items/gen3/text_ItemsG3XD_it.txt,ba4b5704d3039aedc123a6505db5a2861827d82b,1094,partially_normalized
item_strings,,PKHeX.Core/Resources/text/items/gen3/text_ItemsG3XD_ja.txt,6c1c08238d89417603c70f30b86634294616c330,1712,partially_normalized
item_strings,,PKHeX.Core/Resources/text/items/gen3/text_ItemsG3XD_zh-Hans.txt,3dd7ba819a697cec1336bfac3196ff1aa7a38384,1599,partially_normalized
item_strings,,PKHeX.Core/Resources/text/items/gen3/text_ItemsG3XD_zh-Hant.txt,51df6fb6904fbe13031df3737c8be075c2fde333,1194,partially_normalized
item_strings,,PKHeX.Core/Resources/text/items/gen4/text_Mail4_de.txt,ff549195873990c0c0c9fd2b2236a3bcdf88f320,139,partially_normalized
item_strings,,PKHeX.Core/Resources/text/items/gen4/text_Mail4_en.txt,cba16d1555a65ca2b100d60b0879a23fcd0b7459,134,partially_normalized
item_strings,,PKHeX.Core/Resources/text/items/gen4/text_Mail4_es-419.txt,5bfb22264954c593af7d0622416fa03e817ca51f,154,partially_normalized
item_strings,,PKHeX.Core/Resources/text/items/gen4/text_Mail4_es.txt,5bfb22264954c593af7d0622416fa03e817ca51f,154,partially_normalized
item_strings,fr,PKHeX.Core/Resources/text/items/gen4/text_Mail4_fr.txt,4d24c106c559e3cea84d3a0c78d0811df487992c,153,partially_normalized
item_strings,,PKHeX.Core/Resources/text/items/gen4/text_Mail4_it.txt,f1eb4174f643f65a96a4bac82ab00d03b9e7ac30,146,partially_normalized
item_strings,,PKHeX.Core/Resources/text/items/gen4/text_Mail4_ja.txt,9265650b579638f531a4567e0f807768d31b7f98,257,partially_normalized
item_strings,,PKHeX.Core/Resources/text/items/gen4/text_Mail4_ko.txt,8c00b3c1fbc792e63ed4f01a18e5b76b929ce24a,185,partially_normalized
item_strings,,PKHeX.Core/Resources/text/items/gen4/text_Mail4_zh-Hans.txt,15dfcbff1ae278e841c69300a4a59b817eef3bc6,158,partially_normalized
item_strings,,PKHeX.Core/Resources/text/items/gen4/text_Mail4_zh-Hant.txt,8630f7ac65d1d67214f3e3239076e31ba26e7af0,158,partially_normalized
item_strings,,PKHeX.Core/Resources/text/items/text_Items_de.txt,712577b47251e53381423c5c505f9d89ad0e40fc,30763,partially_normalized
item_strings,,PKHeX.Core/Resources/text/items/text_Items_en.txt,7b721ddc55b9ea7522a2c2be1c81b2c380b306e3,29859,partially_normalized
item_strings,,PKHeX.Core/Resources/text/items/text_Items_es-419.txt,ae2552a0b6b63279581500ec7f0540b6236124a0,33244,partially_normalized
item_strings,,PKHeX.Core/Resources/text/items/text_Items_es.txt,40bdf30afc1e4ca60565f54c73fc0d87b3e63f37,33022,partially_normalized
item_strings,fr,PKHeX.Core/Resources/text/items/text_Items_fr.txt,2ec40c1dccce03cb4cf588499a371f241c6908d8,33192,partially_normalized
item_strings,,PKHeX.Core/Resources/text/items/text_Items_it.txt,6440325906c93f33374330bde2cf11e22bfa4067,32981,partially_normalized
item_strings,,PKHeX.Core/Resources/text/items/text_Items_ja.txt,51cab8aa633f8c9ffeec0f3884aa4eacec8e3913,54055,partially_normalized
item_strings,,PKHeX.Core/Resources/text/items/text_Items_ko.txt,419b4ee7febcb831aed8361c68e09aadcdcd1235,39689,partially_normalized
item_strings,,PKHeX.Core/Resources/text/items/text_Items_zh-Hans.txt,17e1ed49484df98940993a5eb48aef1d6a5364b8,39127,partially_normalized
item_strings,,PKHeX.Core/Resources/text/items/text_Items_zh-Hant.txt,8bdb7234e5c457c281845f16df81add8eb0f4a6b,39109,partially_normalized
learnset_logic,,PKHeX.Core/Legality/Learnset/Learnset.cs,9cded072eb55c09b5c1c60fad88aeafb6aaefa8e,8599,indexed
learnset_logic,,PKHeX.Core/Legality/Learnset/LearnsetReader.cs,b8cc18764b09ea8765359823974361b422904d29,1407,indexed
learnset_logic,,PKHeX.Core/Legality/Learnset/LearnsetStadium.cs,640de32036a723c269d2c9140e7eb928927ab70e,6767,indexed
learnset_logic,,PKHeX.Core/Legality/Learnset/MoveSource.cs,d5e0186c57a70e0cfbf964f2a6895fb61bcc8110,1234,indexed
learnset_logic,,PKHeX.Core/Legality/LearnSource/Group/ILearnGroup.cs,7406a14b5ae604b940f9d219b81303380a0c9864,1099,indexed
learnset_logic,,PKHeX.Core/Legality/LearnSource/Group/LearnGroup1.cs,4752a9ead331745c83c0483d25ca4bb355867f18,9159,indexed
learnset_logic,,PKHeX.Core/Legality/LearnSource/Group/LearnGroup2.cs,46abc4e2f758affa1c452e3bc2b145ce8b0998f4,8302,indexed
learnset_logic,,PKHeX.Core/Legality/LearnSource/Group/LearnGroup3.cs,a7d5c0b6892825bccb116eaf44408176052c93b6,9402,indexed
learnset_logic,,PKHeX.Core/Legality/LearnSource/Group/LearnGroup4.cs,9c6d0ce6e2bbf1187454e7ab0adef552222c3e99,7057,indexed
learnset_logic,,PKHeX.Core/Legality/LearnSource/Group/LearnGroup5.cs,14e6a60b6b2d68b2eaa8c015f0bec65c315c4e84,5608,indexed
learnset_logic,,PKHeX.Core/Legality/LearnSource/Group/LearnGroup6.cs,55a424b9d898915317cf224102e48f1146530585,9219,indexed
learnset_logic,,PKHeX.Core/Legality/LearnSource/Group/LearnGroup7.cs,a7bd9626b2386812d6e87618c06eb817c67509fc,8475,indexed
learnset_logic,,PKHeX.Core/Legality/LearnSource/Group/LearnGroup7b.cs,dcaf9811a41e092adc9e44d86ce3902962763c44,2346,indexed
learnset_logic,,PKHeX.Core/Legality/LearnSource/Group/LearnGroup8.cs,2eed4275c6c28f1d8e75b3cd3d39bd19a039f16b,7862,indexed
learnset_logic,,PKHeX.Core/Legality/LearnSource/Group/LearnGroup8a.cs,aae1b745ec5d6e6d0a9542fd75f3f9cc0fb523d8,3681,indexed
learnset_logic,,PKHeX.Core/Legality/LearnSource/Group/LearnGroup8b.cs,55ee16b4081f370cdaf5cf3e94d7ecd0927902cb,5442,indexed
learnset_logic,,PKHeX.Core/Legality/LearnSource/Group/LearnGroup9.cs,8f5bc6c68e3abee60a7777db39a7aa8dd7814502,6376,indexed
learnset_logic,,PKHeX.Core/Legality/LearnSource/Group/LearnGroup9a.cs,141551a3d26ee2d593dee7d3ca27e9a6ad4ec57e,4605,indexed
learnset_logic,,PKHeX.Core/Legality/LearnSource/Group/LearnGroupHOME.cs,d2c35072d226fa4eb5143a906e71cc91caa3e99a,19527,indexed
learnset_logic,,PKHeX.Core/Legality/LearnSource/Group/LearnGroupUtil.cs,856443ac5516c920232987d0a370ba85d16cc076,1370,indexed
learnset_logic,,PKHeX.Core/Legality/LearnSource/LearnEnvironment.cs,887d6a947d08f33e6cd2b2cb56a71115695e5deb,3026,indexed
learnset_logic,,PKHeX.Core/Legality/LearnSource/LearnMethod.cs,62b35737c8ca55d46875373f7aab8f2d4c71947d,3615,indexed
learnset_logic,,PKHeX.Core/Legality/LearnSource/MoveLearnInfo.cs,e5b2854dd82b194d87ae555b1056754db1678113,1222,indexed
learnset_logic,,PKHeX.Core/Legality/LearnSource/MoveResult.cs,70df9f1bec53dece47d99e90aa9c341648fd0806,4157,indexed
learnset_logic,,PKHeX.Core/Legality/LearnSource/Sources/IHomeSource.cs,f1ad1f43c58df8fecaa5b96d11f7a61403452a15,1310,indexed
learnset_logic,,PKHeX.Core/Legality/LearnSource/Sources/LearnSource1RB.cs,e4708f0fb5141e64cdfb072f5836c4825273e2fb,3752,indexed
learnset_logic,,PKHeX.Core/Legality/LearnSource/Sources/LearnSource1YW.cs,c14de6f780b7b415efc69342f9be538d5b05f074,3749,indexed
learnset_logic,,PKHeX.Core/Legality/LearnSource/Sources/LearnSource2C.cs,af45435e459e6e79a2a7f8f4880d262c688b4069,4455,indexed
learnset_logic,,PKHeX.Core/Legality/LearnSource/Sources/LearnSource2GS.cs,0327224c40b45fcb135a79bf37c5ca9eaf29927d,4734,indexed
learnset_logic,,PKHeX.Core/Legality/LearnSource/Sources/LearnSource2Stadium.cs,da89a0a926eeb83f60d27e12301a3f692ddc4e87,2715,indexed
learnset_logic,,PKHeX.Core/Legality/LearnSource/Sources/LearnSource3E.cs,47437ded29e09d29cd4187e54ca98415c2eb633d,5628,indexed
learnset_logic,,PKHeX.Core/Legality/LearnSource/Sources/LearnSource3FR.cs,701bf7be3e0c6d47d34aaf0038acc4b40dadd79f,4891,indexed
learnset_logic,,PKHeX.Core/Legality/LearnSource/Sources/LearnSource3LG.cs,b6a3706267590552111e8193ec51c1eade933146,4889,indexed
learnset_logic,,PKHeX.Core/Legality/LearnSource/Sources/LearnSource3RS.cs,59b6cdfb10c7dd97b4d83c7955fb1b51649b6e94,6611,indexed
learnset_logic,,PKHeX.Core/Legality/LearnSource/Sources/LearnSource4DP.cs,80a422dfe16e8e2b820a69f8b05cc26ba03bc084,4735,indexed
learnset_logic,,PKHeX.Core/Legality/LearnSource/Sources/LearnSource4HGSS.cs,81c24afb47699225e2a68a30916148e8f91841e7,6385,indexed
learnset_logic,,PKHeX.Core/Legality/LearnSource/Sources/LearnSource4Pt.cs,ea4bf1dfe8e462dac664ae6ae29340f9dc63781e,5847,indexed
learnset_logic,,PKHeX.Core/Legality/LearnSource/Sources/LearnSource5B2W2.cs,ba95efbc672623f7ce31ecf5b7fae311f2276a65,5180,indexed
learnset_logic,,PKHeX.Core/Legality/LearnSource/Sources/LearnSource5BW.cs,b3dac859fcde1871fe51f4407d8e1f39f6980f1b,5287,indexed
learnset_logic,,PKHeX.Core/Legality/LearnSource/Sources/LearnSource6AO.cs,44b8bb153cf8a73bb8a19f88beae65e590d21ce4,5848,indexed
learnset_logic,,PKHeX.Core/Legality/LearnSource/Sources/LearnSource6XY.cs,5a854f8fc8f6a7c2659a865d3a9a5544561bef8e,5464,indexed
learnset_logic,,PKHeX.Core/Legality/LearnSource/Sources/LearnSource7GG.cs,4e67f17eaac0cef85fdbd25df55b936415b7c461,4864,indexed
learnset_logic,,PKHeX.Core/Legality/LearnSource/Sources/LearnSource7SM.cs,e119eeb9758ae0a64e66f7cca7d7c7785c236f3a,6227,indexed
learnset_logic,,PKHeX.Core/Legality/LearnSource/Sources/LearnSource7USUM.cs,e8d6bea8845f83cf1d1d174466e70e01089bb98b,6500,indexed
learnset_logic,,PKHeX.Core/Legality/LearnSource/Sources/LearnSource8BDSP.cs,9b22ca607467d589ccfebfe682a2bab9219515cd,5932,indexed
learnset_logic,,PKHeX.Core/Legality/LearnSource/Sources/LearnSource8PLA.cs,5d3a55088360b38b94d6936cadb868dcc5f21502,4630,indexed
learnset_logic,,PKHeX.Core/Legality/LearnSource/Sources/LearnSource8SWSH.cs,1ac834e4048d074485cd9e59189fa72bd844ef52,7808,indexed
learnset_logic,,PKHeX.Core/Legality/LearnSource/Sources/LearnSource9SV.cs,c042a652987f2d2774d18772a486e912b48bc3f0,8421,indexed
learnset_logic,,PKHeX.Core/Legality/LearnSource/Sources/LearnSource9ZA.cs,a8b0ff394f00d3ab8ba3c26271fdfff84ee759d8,3914,indexed
learnset_logic,,PKHeX.Core/Legality/LearnSource/Sources/Shared/IEggSource.cs,81cb99cc44118f5444216cbb2cc709c84353f1f8,760,indexed
learnset_logic,,PKHeX.Core/Legality/LearnSource/Sources/Shared/ILearnSource.cs,abddc8e9622a8140d93499c745c9f32991e66a07,3797,indexed
learnset_logic,,PKHeX.Core/Legality/LearnSource/Sources/Shared/IReminderSource.cs,a1a076611b78bd7840293d7ac6f2bcdf0b84603e,809,indexed
learnset_logic,,PKHeX.Core/Legality/LearnSource/Sources/Shared/LearnOption.cs,9e860f76039e9f692e8c7fa67bca64c67ea49ec0,1757,indexed
learnset_logic,,PKHeX.Core/Legality/LearnSource/Sources/Shared/LearnSource3.cs,6803c90d850aba7010efe0f44d3a3444bcf1d2db,247,indexed
learnset_logic,,PKHeX.Core/Legality/LearnSource/Sources/Shared/LearnSource4.cs,ba272bd65a36dd77b502313e5c8f458dbd3f1348,222,indexed
learnset_logic,,PKHeX.Core/Legality/LearnSource/Sources/Shared/LearnSource5.cs,5ae2c5f68a1c8d323e30680f1230b36d66774316,220,indexed
learnset_logic,,PKHeX.Core/Legality/LearnSource/Sources/Shared/MoveTutor.cs,aa111404835e17f5038d83af61d6047557420f49,539,indexed
learnset_logic,,PKHeX.Core/Legality/LearnSource/Verify/LearnPossible.cs,781117252f2501242136cfc964739c66aff38421,3180,indexed
learnset_logic,,PKHeX.Core/Legality/LearnSource/Verify/LearnVerifier.cs,42fac202ef85d040d1075529ef87919ce3d334cd,5150,indexed
learnset_logic,,PKHeX.Core/Legality/LearnSource/Verify/LearnVerifierEgg.cs,53b6840ff00bf5c68d3eedcc5865ead09794361b,3392,indexed
learnset_logic,,PKHeX.Core/Legality/LearnSource/Verify/LearnVerifierHistory.cs,e522961c1e35d95b11f557fc8ad84317ca4939c4,5285,indexed
learnset_logic,,PKHeX.Core/Legality/LearnSource/Verify/LearnVerifierRelearn.cs,80f266d754670448f05993189e3ed9f0a141900c,4713,indexed
legality_resource,,PKHeX.Core/Resources/legality/gen1/text_traderby_de.txt,66453a5d7c5be6c59a40096cbf955ab9feb7deb3,90,indexed
legality_resource,,PKHeX.Core/Resources/legality/gen1/text_traderby_en.txt,ffd457b439d87dfc8f7b0643e7321a8f8d6dc8b1,98,indexed
legality_resource,,PKHeX.Core/Resources/legality/gen1/text_traderby_es.txt,e04bc358941a4a136eacb83fecff8bce9bae19f2,97,indexed
legality_resource,fr,PKHeX.Core/Resources/legality/gen1/text_traderby_fr.txt,e666e1e0a8cf899e4d4bc9f7246cb09e86e5798d,125,indexed
legality_resource,,PKHeX.Core/Resources/legality/gen1/text_traderby_it.txt,7bdd8cac705ab2033adf331e0db72e061734bbc5,102,indexed
legality_resource,,PKHeX.Core/Resources/legality/gen1/text_traderby_ja.txt,b045fe90b39b8fde1171c4851ebcbe416c307470,301,indexed
legality_resource,,PKHeX.Core/Resources/legality/gen2/text_tradegsc_de.txt,972964df0121f4d1ca1c12beb7527ada7bc40ec2,138,indexed
legality_resource,,PKHeX.Core/Resources/legality/gen2/text_tradegsc_en.txt,f9070f591b36cfe94644c2828a192758dcad8f73,126,indexed
legality_resource,,PKHeX.Core/Resources/legality/gen2/text_tradegsc_es.txt,690c4ee8f8cd9d808b9cfe59b9debad0be020490,127,indexed
legality_resource,fr,PKHeX.Core/Resources/legality/gen2/text_tradegsc_fr.txt,268be5d6dbca227f69b7ccedd666bdae8034e43c,142,indexed
legality_resource,,PKHeX.Core/Resources/legality/gen2/text_tradegsc_it.txt,7dc8db0f2d92781fca974a895e301045a6d9266c,122,indexed
legality_resource,,PKHeX.Core/Resources/legality/gen2/text_tradegsc_ja.txt,e60391335afac1371b1c4901758ad04fb0362b9d,243,indexed
legality_resource,,PKHeX.Core/Resources/legality/gen2/text_tradegsc_ko.txt,36e8d61f2d072cc7504a8d730db83db311abede9,141,indexed
legality_resource,,PKHeX.Core/Resources/legality/gen3/text_tradefrlg_de.txt,5d6991f3822c8aa9f35a15c33e03b198b0e19b0d,184,indexed
legality_resource,,PKHeX.Core/Resources/legality/gen3/text_tradefrlg_en.txt,ec9dca89e084946af345ceeb523515b36e7bccc1,163,indexed
legality_resource,,PKHeX.Core/Resources/legality/gen3/text_tradefrlg_es.txt,38a29d25204db0ac1fc4389bcb602700a84f9d33,176,indexed
legality_resource,fr,PKHeX.Core/Resources/legality/gen3/text_tradefrlg_fr.txt,725e7213526749e2d628068a59d58989eccbeff2,172,indexed
legality_resource,,PKHeX.Core/Resources/legality/gen3/text_tradefrlg_it.txt,71f68a675189429f0384f829722fcf6af21cd811,161,indexed
legality_resource,,PKHeX.Core/Resources/legality/gen3/text_tradefrlg_ja.txt,71cac780ef06e2d10b75fd1c1f277c35bf5217c9,314,indexed
legality_resource,,PKHeX.Core/Resources/legality/gen3/text_traderse_de.txt,4f3a49fb403d9ad6396bc08e9f582c51faf1bb10,103,indexed
legality_resource,,PKHeX.Core/Resources/legality/gen3/text_traderse_en.txt,242555a0c5870998af8e1364d51a1b6b2ea232ff,91,indexed
legality_resource,,PKHeX.Core/Resources/legality/gen3/text_traderse_es.txt,d7ca76cfd5487e221bdd28256eebc49a1a17bf8e,91,indexed
legality_resource,fr,PKHeX.Core/Resources/legality/gen3/text_traderse_fr.txt,8f7a7328bf5999ce30a2d180fe452a0ab986a267,86,indexed
legality_resource,,PKHeX.Core/Resources/legality/gen3/text_traderse_it.txt,36e448be11c9f80f96a5dc51e26db622c1869ac7,91,indexed
legality_resource,,PKHeX.Core/Resources/legality/gen3/text_traderse_ja.txt,59f0a6ff7d9a3df83ee48385e9c9809a590ec7f7,172,indexed
legality_resource,,PKHeX.Core/Resources/legality/gen4/text_tradedppt_de.txt,84c07bc0c06df37798adb52937a601fddc559b47,54,indexed
legality_resource,,PKHeX.Core/Resources/legality/gen4/text_tradedppt_en.txt,68bfa4d6c1a6cd3c8fbaeea9fb6d11c5a4b16475,56,indexed
legality_resource,,PKHeX.Core/Resources/legality/gen4/text_tradedppt_es.txt,4d916aa007967f4024839b6ce941fafe0db3bf6b,55,indexed
legality_resource,fr,PKHeX.Core/Resources/legality/gen4/text_tradedppt_fr.txt,de3eece932ebbcdc29b0ca521aeaaa76d0dd5507,58,indexed
legality_resource,,PKHeX.Core/Resources/legality/gen4/text_tradedppt_it.txt,c5aa2cfed9d2526156e7bf98a0e9a262513f83fb,57,indexed
legality_resource,,PKHeX.Core/Resources/legality/gen4/text_tradedppt_ja.txt,755e137b849fdcfb30a8dff0e1852ae269e3a23e,116,indexed
legality_resource,,PKHeX.Core/Resources/legality/gen4/text_tradedppt_ko.txt,5dfd8f9b984bf230646556cbd2ed899f68923ad5,80,indexed
legality_resource,,PKHeX.Core/Resources/legality/gen4/text_tradehgss_de.txt,69e72a7c7b7ebfa34c633ec7c7667240286e6ade,165,indexed
legality_resource,,PKHeX.Core/Resources/legality/gen4/text_tradehgss_en.txt,616de2d7a753a74dad33238bce18118ae0613ff8,158,indexed
legality_resource,,PKHeX.Core/Resources/legality/gen4/text_tradehgss_es.txt,8cef4976f95caa4c00b18af665191ad2fea2db4f,180,indexed
legality_resource,fr,PKHeX.Core/Resources/legality/gen4/text_tradehgss_fr.txt,d17d85cced0d45cf9d31e62c2febec80db9f0d0a,179,indexed
legality_resource,,PKHeX.Core/Resources/legality/gen4/text_tradehgss_it.txt,0091d930bd445c0ac104bc2d56bfebcda6a7a28e,171,indexed
legality_resource,,PKHeX.Core/Resources/legality/gen4/text_tradehgss_ja.txt,3b6c618fe76253d15981611a111ae2e0035434b5,253,indexed
legality_resource,,PKHeX.Core/Resources/legality/gen4/text_tradehgss_ko.txt,797fcc3116f166bfc5b6379516e25f87377c72d1,184,indexed
legality_resource,,PKHeX.Core/Resources/legality/gen5/text_tradeb2w2_de.txt,4cf80de3135cf360f9d82584a71962f6b22f400a,101,indexed
legality_resource,,PKHeX.Core/Resources/legality/gen5/text_tradeb2w2_en.txt,230db9d2821cba1565495639387b08c33608d433,104,indexed
legality_resource,,PKHeX.Core/Resources/legality/gen5/text_tradeb2w2_es.txt,f3b2f1457e1a2164cbde53089d73125275c241ae,106,indexed
legality_resource,fr,PKHeX.Core/Resources/legality/gen5/text_tradeb2w2_fr.txt,9c4c3ec8ac4964c44be45ee4457871b6b19ca93f,111,indexed
legality_resource,,PKHeX.Core/Resources/legality/gen5/text_tradeb2w2_it.txt,42272bc7a4c69c2c0b6bbbc60c3764a5d0f45b9e,102,indexed
legality_resource,,PKHeX.Core/Resources/legality/gen5/text_tradeb2w2_ja.txt,c0364ea2e7bfce2ae7cc3916fef8a583fb7f6a59,172,indexed
legality_resource,,PKHeX.Core/Resources/legality/gen5/text_tradeb2w2_ko.txt,6e79bb659893e90d612a6834d4cb69fd111a443f,130,indexed
legality_resource,,PKHeX.Core/Resources/legality/gen5/text_tradebw_de.txt,786850ed09dd84a4c32c8064215910379c38b667,101,indexed
legality_resource,,PKHeX.Core/Resources/legality/gen5/text_tradebw_en.txt,312b1ad8cbd68eab630931405aa095da38aca101,90,indexed
legality_resource,,PKHeX.Core/Resources/legality/gen5/text_tradebw_es.txt,bc90b77c898c156cd4b42960cae838403f6e20c8,100,indexed
legality_resource,fr,PKHeX.Core/Resources/legality/gen5/text_tradebw_fr.txt,db4b4a3efac44a0a0647de7121920ade7f3d2c6b,123,indexed
legality_resource,,PKHeX.Core/Resources/legality/gen5/text_tradebw_it.txt,a494cd6212a47e3c7ac1881c535a9323f458b968,94,indexed
legality_resource,,PKHeX.Core/Resources/legality/gen5/text_tradebw_ja.txt,a47ccfbda64f440d2266a56ea01b641b483ca7d8,151,indexed
legality_resource,,PKHeX.Core/Resources/legality/gen5/text_tradebw_ko.txt,ebd57d605eae58ca69a0391891a02997e5d297de,112,indexed
legality_resource,,PKHeX.Core/Resources/legality/gen6/text_tradeao_de.txt,3a43d5c6f534f2357c3ee963dc33d73cbcbcbd04,44,indexed
legality_resource,,PKHeX.Core/Resources/legality/gen6/text_tradeao_en.txt,9de236844cc7304cc7f4c4479582f2eed6eedb8f,42,indexed
legality_resource,,PKHeX.Core/Resources/legality/gen6/text_tradeao_es.txt,14d3a0deb0c1cf986d8e32d4380f68e12aeab31d,42,indexed
legality_resource,fr,PKHeX.Core/Resources/legality/gen6/text_tradeao_fr.txt,f20ffb9eb6625de60f791c885907a5764ab8ab91,49,indexed
legality_resource,,PKHeX.Core/Resources/legality/gen6/text_tradeao_it.txt,03d4f54d4dbb0ffc35b3bd58d2dff5381b87e18d,42,indexed
legality_resource,,PKHeX.Core/Resources/legality/gen6/text_tradeao_ja.txt,c0bc4e619068097bfdb454f89ea506473bf52db1,83,indexed
legality_resource,,PKHeX.Core/Resources/legality/gen6/text_tradeao_ko.txt,b5885e9234431fb1414d9c34a7b4f336603b2f0c,62,indexed
legality_resource,,PKHeX.Core/Resources/legality/gen6/text_tradeao_zh-Hans.txt,4182487744cd2b3abffbfbaecf3ecdcd63cdb096,50,indexed
legality_resource,,PKHeX.Core/Resources/legality/gen6/text_tradexy_de.txt,71b8bd11c2008e0e0be36389ce44c6ab26c83009,139,indexed
legality_resource,,PKHeX.Core/Resources/legality/gen6/text_tradexy_en.txt,af347773c77fe071fcb63f362cba7878dde15701,142,indexed
legality_resource,,PKHeX.Core/Resources/legality/gen6/text_tradexy_es.txt,f70cf40cb2a927d6ccf6f7e0c69b08b8d9c41e2b,151,indexed
legality_resource,fr,PKHeX.Core/Resources/legality/gen6/text_tradexy_fr.txt,373eb6d8d70cc4e4b33f48bccad555e9aecb5bbb,154,indexed
legality_resource,,PKHeX.Core/Resources/legality/gen6/text_tradexy_it.txt,3c42386ff32cc023bc94f77f1a959039c5ca1ea6,132,indexed
legality_resource,,PKHeX.Core/Resources/legality/gen6/text_tradexy_ja.txt,1c010e28267878042c10cb5ea50d8032387ed7b7,188,indexed
legality_resource,,PKHeX.Core/Resources/legality/gen6/text_tradexy_ko.txt,92a08c1dca93a6a30389536ad02eca2a9b73c932,146,indexed
legality_resource,,PKHeX.Core/Resources/legality/gen6/text_tradexy_zh-Hans.txt,30a7cb53fa18fdaf0720593c0adc992de20cf914,143,indexed
legality_resource,,PKHeX.Core/Resources/legality/gen7/text_tradesm_de.txt,78e67da48ec007750ddf2135a2b0fcb0e40f5c11,99,indexed
legality_resource,,PKHeX.Core/Resources/legality/gen7/text_tradesm_en.txt,12041a5d284de489188a11b94a4d6b275dcaa527,90,indexed
legality_resource,,PKHeX.Core/Resources/legality/gen7/text_tradesm_es.txt,726fb2df34acf2bf685e40849ba8c8c1cd57d79a,81,indexed
legality_resource,fr,PKHeX.Core/Resources/legality/gen7/text_tradesm_fr.txt,88ce70a471e245abb7f4254e1b98e91bb7c0c8fd,115,indexed
legality_resource,,PKHeX.Core/Resources/legality/gen7/text_tradesm_it.txt,2096966786845a39187fa1a9da1454e4281b1d84,94,indexed
legality_resource,,PKHeX.Core/Resources/legality/gen7/text_tradesm_ja.txt,b4b719de7a18e38a81689a85f371fdf4e4633f5a,163,indexed
legality_resource,,PKHeX.Core/Resources/legality/gen7/text_tradesm_ko.txt,0559bd71efeb3339cf167d4d58a3e92bef831bad,139,indexed
legality_resource,,PKHeX.Core/Resources/legality/gen7/text_tradesm_zh-Hans.txt,743111c31c5582d528f5747a2569dbac6409beea,220,indexed
legality_resource,,PKHeX.Core/Resources/legality/gen7/text_tradesm_zh-Hant.txt,743111c31c5582d528f5747a2569dbac6409beea,220,indexed
legality_resource,,PKHeX.Core/Resources/legality/gen7/text_tradeusum_de.txt,35231e5e035199fab1d1b5f581a358f70c66c849,99,indexed
legality_resource,,PKHeX.Core/Resources/legality/gen7/text_tradeusum_en.txt,bf86564ccd1f6c823689ae0babc3206cdff399a1,86,indexed
legality_resource,,PKHeX.Core/Resources/legality/gen7/text_tradeusum_es.txt,37ccf85fb9eb8084c642d3c66e28e44528cc2d08,93,indexed
legality_resource,fr,PKHeX.Core/Resources/legality/gen7/text_tradeusum_fr.txt,b02682c9503fc8ea2a811d7afda2f27831fb791d,117,indexed
legality_resource,,PKHeX.Core/Resources/legality/gen7/text_tradeusum_it.txt,e357a418ef79e692264822853f724d08d95d618c,95,indexed
legality_resource,,PKHeX.Core/Resources/legality/gen7/text_tradeusum_ja.txt,97fa0b8c2e19aabab80b57914062fdaa7e84feb8,157,indexed
legality_resource,,PKHeX.Core/Resources/legality/gen7/text_tradeusum_ko.txt,deb91b065ec799244e0f94cdc445392f41804c6e,115,indexed
legality_resource,,PKHeX.Core/Resources/legality/gen7/text_tradeusum_zh-Hans.txt,56b7b99988287d2b37afd4e956428e65294bb39b,202,indexed
legality_resource,,PKHeX.Core/Resources/legality/gen7/text_tradeusum_zh-Hant.txt,56b7b99988287d2b37afd4e956428e65294bb39b,202,indexed
legality_resource,,PKHeX.Core/Resources/legality/gen8/text_tradebdsp_de.txt,14275038ec147ffbd632777e9ebc29c966509bb9,58,indexed
legality_resource,,PKHeX.Core/Resources/legality/gen8/text_tradebdsp_en.txt,e2c064624c5d0df1a877e021bddc55d04d31e290,53,indexed
legality_resource,,PKHeX.Core/Resources/legality/gen8/text_tradebdsp_es.txt,4d916aa007967f4024839b6ce941fafe0db3bf6b,55,indexed
legality_resource,fr,PKHeX.Core/Resources/legality/gen8/text_tradebdsp_fr.txt,de3eece932ebbcdc29b0ca521aeaaa76d0dd5507,58,indexed
legality_resource,,PKHeX.Core/Resources/legality/gen8/text_tradebdsp_it.txt,32ad3bda9e6a59ba1573585013325dde01404b3e,57,indexed
legality_resource,,PKHeX.Core/Resources/legality/gen8/text_tradebdsp_ja.txt,72892c2105a7354f3c4c5bf797b54c1d9b16cae4,115,indexed
legality_resource,,PKHeX.Core/Resources/legality/gen8/text_tradebdsp_ko.txt,9c492a12f236dd472ce4f4ec2790537c0effe131,69,indexed
legality_resource,,PKHeX.Core/Resources/legality/gen8/text_tradebdsp_zh-Hans.txt,7e795c9ca366f21e86bdceddc0448f730f9990b4,69,indexed
legality_resource,,PKHeX.Core/Resources/legality/gen8/text_tradebdsp_zh-Hant.txt,899a4e488c17829cdd1309fd89fb6392093e3678,63,indexed
legality_resource,,PKHeX.Core/Resources/legality/gen8/text_tradeswsh_de.txt,b6f7c26fa616f8ea4558692839a7204995cb50fb,169,indexed
legality_resource,,PKHeX.Core/Resources/legality/gen8/text_tradeswsh_en.txt,5420fcff1268b3f92d589432bfb5855dd70430ab,145,indexed
legality_resource,,PKHeX.Core/Resources/legality/gen8/text_tradeswsh_es.txt,3cbca4ad660fc8052234d9beadb129399df4dd51,174,indexed
legality_resource,fr,PKHeX.Core/Resources/legality/gen8/text_tradeswsh_fr.txt,26c23f1f0b5d97d36e17cec8ce942d9f8b73b7e1,193,indexed
legality_resource,,PKHeX.Core/Resources/legality/gen8/text_tradeswsh_it.txt,2bfcd80cae59af0feba333259ee83595dd181f84,183,indexed
legality_resource,,PKHeX.Core/Resources/legality/gen8/text_tradeswsh_ja.txt,ce609ea6ddb536ea26f9872734bb40167ac0db85,273,indexed
legality_resource,,PKHeX.Core/Resources/legality/gen8/text_tradeswsh_ko.txt,7d4cf0e999b1a92e069cffd2d40baaf18f4fc183,201,indexed
legality_resource,,PKHeX.Core/Resources/legality/gen8/text_tradeswsh_zh-Hans.txt,2b140bb6a99b4ce94684b8e54f89e47e6d20fd59,183,indexed
legality_resource,,PKHeX.Core/Resources/legality/gen8/text_tradeswsh_zh-Hant.txt,1056a53a98fc73f01d505ce86d5f3b198592b192,190,indexed
legality_resource,,PKHeX.Core/Resources/legality/gen9/text_tradesv_de.txt,f858be279fc67072d840752ba968c6cfd9536105,262,indexed
legality_resource,,PKHeX.Core/Resources/legality/gen9/text_tradesv_en.txt,6479e29b8e7783347809bbbbea57e690e6cff686,278,indexed
legality_resource,,PKHeX.Core/Resources/legality/gen9/text_tradesv_es.txt,c732f5ac84d82de8fa57fe7cd7f03417fac7bfa1,267,indexed
legality_resource,fr,PKHeX.Core/Resources/legality/gen9/text_tradesv_fr.txt,944a25ce1937abbacaa9a6980be0aae2b77516b0,274,indexed
legality_resource,,PKHeX.Core/Resources/legality/gen9/text_tradesv_it.txt,75dd862a2e372dbb4696ad3fa7673d301c8b84c9,270,indexed
legality_resource,,PKHeX.Core/Resources/legality/gen9/text_tradesv_ja.txt,9f8444b203859ba6a19466ef72898102f19e13be,431,indexed
legality_resource,,PKHeX.Core/Resources/legality/gen9/text_tradesv_ko.txt,4d009cb4fd98562327f9ee4c5693f782d8a3f954,326,indexed
legality_resource,,PKHeX.Core/Resources/legality/gen9/text_tradesv_zh-Hans.txt,8a81b54da03c750e3b06fff62971e65678f98f77,311,indexed
legality_resource,,PKHeX.Core/Resources/legality/gen9/text_tradesv_zh-Hant.txt,45bd1c2806ed3fe52a0698a7c66f9b3f58d6f729,311,indexed
legality_resource,,PKHeX.Core/Resources/legality/gen9a/text_tradeza_de.txt,5e6909fcae9c0aff6b48dcda7cc4b76a2ab5cfd1,73,indexed
legality_resource,,PKHeX.Core/Resources/legality/gen9a/text_tradeza_en.txt,fdb8711c1da65f591627427f8e543511899f43e1,67,indexed
legality_resource,,PKHeX.Core/Resources/legality/gen9a/text_tradeza_es-419.txt,61e8ded9f7cdda50e3c9eb82136c8c131ba31810,80,indexed
legality_resource,,PKHeX.Core/Resources/legality/gen9a/text_tradeza_es.txt,3438794d759ee4b2f69f721023a72e398886215d,80,indexed
legality_resource,fr,PKHeX.Core/Resources/legality/gen9a/text_tradeza_fr.txt,6cfb36da2ea60223460a47cb2d8362881393e057,73,indexed
legality_resource,,PKHeX.Core/Resources/legality/gen9a/text_tradeza_it.txt,5fe20aa8bc42f7f7c41a0b3f8c6c64ddb224183a,75,indexed
legality_resource,,PKHeX.Core/Resources/legality/gen9a/text_tradeza_ja.txt,7500c0c1900e5e8c929f7b2425529b33a548db06,123,indexed
legality_resource,,PKHeX.Core/Resources/legality/gen9a/text_tradeza_ko.txt,8ea1d2922998cf57182cf0e425f608fa4a898c35,99,indexed
legality_resource,,PKHeX.Core/Resources/legality/gen9a/text_tradeza_zh-Hans.txt,623a252f53293a6f2e6649feac95a36b110a4fc1,81,indexed
legality_resource,,PKHeX.Core/Resources/legality/gen9a/text_tradeza_zh-Hant.txt,61b8ae280eb66446f53488532b7a1ebdcb3f6d64,81,indexed
legality_resource,la,PKHeX.Core/Resources/legality/misc/mastery_la.pkl,8cf04ffd92a348d929b14f28849aa77ffcc76fbb,9479,indexed
legality_resource,za,PKHeX.Core/Resources/legality/misc/plus_za.pkl,d273d64bda0c65c2d6806c1ad500791b5e476c03,27312,indexed
levelup,ao,PKHeX.Core/Resources/byte/levelup/lvlmove_ao.pkl,1e19224930786684a58dfd4dd00f35fd52cef703,41264,binary_decode_pending
levelup,b2w2,PKHeX.Core/Resources/byte/levelup/lvlmove_b2w2.pkl,3ea676a35cd452c379de35a470564f48fde556fc,31403,binary_decode_pending
levelup,bdsp,PKHeX.Core/Resources/byte/levelup/lvlmove_bdsp.pkl,4ee89e023e115b5d1d394187d8518fe3c7ca643a,26278,binary_decode_pending
levelup,bw,PKHeX.Core/Resources/byte/levelup/lvlmove_bw.pkl,d5d5479ec8958e2d1b9ca878b1905be2713f0757,30469,binary_decode_pending
levelup,c,PKHeX.Core/Resources/byte/levelup/lvlmove_c.pkl,fad1fe3af2d53a19f8d77f06c1ee3b08fbbbc33c,7155,binary_decode_pending
levelup,dp,PKHeX.Core/Resources/byte/levelup/lvlmove_dp.pkl,fda24f3a38f805ac75e9036d33c91911283dc36f,20799,binary_decode_pending
levelup,e,PKHeX.Core/Resources/byte/levelup/lvlmove_e.pkl,15c95b7cd2874d04cccdcbef0aae7af9071e79ce,12624,binary_decode_pending
levelup,fr,PKHeX.Core/Resources/byte/levelup/lvlmove_fr.pkl,34c27df4660c877abc352f0f7f7c42fc87f9f606,12816,binary_decode_pending
levelup,gg,PKHeX.Core/Resources/byte/levelup/lvlmove_gg.pkl,4fe8513d72c3cb9975c88df76a12a5cf7e03998e,8740,binary_decode_pending
levelup,gs,PKHeX.Core/Resources/byte/levelup/lvlmove_gs.pkl,bb6aeeb10ad9fd81dd1354d2250fe8ea5050cf86,7131,binary_decode_pending
levelup,hgss,PKHeX.Core/Resources/byte/levelup/lvlmove_hgss.pkl,4d660b4b1054b248d767353128792a6dab027a54,21314,binary_decode_pending
levelup,la,PKHeX.Core/Resources/byte/levelup/lvlmove_la.pkl,eefe34ceccfa343aa3e2d9085677bc46668f8632,9479,binary_decode_pending
levelup,lg,PKHeX.Core/Resources/byte/levelup/lvlmove_lg.pkl,85980615072a7c922c30e635fdecfdc7ee875f51,12822,binary_decode_pending
levelup,pt,PKHeX.Core/Resources/byte/levelup/lvlmove_pt.pkl,d71bab0b6eb67264751da0654af02a5daa8c3f63,21281,binary_decode_pending
levelup,rb,PKHeX.Core/Resources/byte/levelup/lvlmove_rb.pkl,90549e962e2fab5975029ac0ab50e8c0fb888b0a,2494,binary_decode_pending
levelup,rs,PKHeX.Core/Resources/byte/levelup/lvlmove_rs.pkl,6570a1c3f8c14dc5b9a725ef7a8ab4f2fe9d4057,12624,binary_decode_pending
levelup,sm,PKHeX.Core/Resources/byte/levelup/lvlmove_sm.pkl,58d9a19fabb6084b4ea2ab019bdddcc37ced5125,49262,binary_decode_pending
levelup,sv,PKHeX.Core/Resources/byte/levelup/lvlmove_sv.pkl,09ee4f4b47dfae2c2d79f7dd909408c7c7e601a7,63433,binary_decode_pending
levelup,swsh,PKHeX.Core/Resources/byte/levelup/lvlmove_swsh.pkl,4ce3c5828754510922fd84b15f0a776dcef4d1e6,39140,binary_decode_pending
levelup,uu,PKHeX.Core/Resources/byte/levelup/lvlmove_uu.pkl,17079be1276791d2a690065f1b1efe26fff57aac,50114,binary_decode_pending
levelup,xy,PKHeX.Core/Resources/byte/levelup/lvlmove_xy.pkl,0c76609976d29c3187a6c50e6dba6090c39baabd,39197,binary_decode_pending
levelup,y,PKHeX.Core/Resources/byte/levelup/lvlmove_y.pkl,abc585fbfabed2b0391755e955c1d1c5cb5d6c45,2575,binary_decode_pending
levelup,za,PKHeX.Core/Resources/byte/levelup/lvlmove_za.pkl,8f3c0619afb5b35f03486795069c37f4839245cd,27312,binary_decode_pending
levelup,,PKHeX.Core/Resources/byte/levelup/reminder_stad2.pkl,0553dd13191cdcb18cb20b430ff6ccf1d2fba9ff,11798,binary_decode_pending
localization,,PKHeX.Core/Resources/localize/battle/battle_de.json,3a629ffb3d9036465d1e003d6a2889264f49f470,1108,indexed
localization,,PKHeX.Core/Resources/localize/battle/battle_en.json,8b82e8499cde0df3c746eef6cf2b7ce723056a33,1124,indexed
localization,,PKHeX.Core/Resources/localize/battle/battle_es-419.json,5ff02daf2d0e1e7c07346dae026eae581a64f93b,1093,indexed
localization,,PKHeX.Core/Resources/localize/battle/battle_es.json,7f20443c8d4c587c61b4ac7d0be53bc8401b7953,1092,indexed
localization,fr,PKHeX.Core/Resources/localize/battle/battle_fr.json,e8d06926a7ef11e7e4ced99f6078883456f0ac93,1097,indexed
localization,,PKHeX.Core/Resources/localize/battle/battle_it.json,54c247c2f707ea04bb04e56daeb0d5936ca19171,1097,indexed
localization,,PKHeX.Core/Resources/localize/battle/battle_ja.json,7039c8658ef0bbc210ac5fc0a8c4bc0d6998df83,1159,indexed
localization,,PKHeX.Core/Resources/localize/battle/battle_ko.json,d9335097cc4f93020f5748ab0ea8e10b777864ca,1132,indexed
localization,,PKHeX.Core/Resources/localize/battle/battle_zh-hans.json,771ce2d3e2f77dc91f87cc0ac5b2d60b24f9c0be,1124,indexed
localization,,PKHeX.Core/Resources/localize/battle/battle_zh-hant.json,941dcac531507a52f15478243c37f54ac7613311,1127,indexed
localization,,PKHeX.Core/Resources/localize/battle/setparse_de.json,b5779a489d6f82eed095c9b645f3ef94681d2b98,1278,indexed
localization,,PKHeX.Core/Resources/localize/battle/setparse_en.json,b5779a489d6f82eed095c9b645f3ef94681d2b98,1278,indexed
localization,,PKHeX.Core/Resources/localize/battle/setparse_es-419.json,b5779a489d6f82eed095c9b645f3ef94681d2b98,1278,indexed
localization,,PKHeX.Core/Resources/localize/battle/setparse_es.json,b5779a489d6f82eed095c9b645f3ef94681d2b98,1278,indexed
localization,fr,PKHeX.Core/Resources/localize/battle/setparse_fr.json,93dffea311faf435a0ec898e2111ab2799099277,1412,indexed
localization,,PKHeX.Core/Resources/localize/battle/setparse_it.json,b5779a489d6f82eed095c9b645f3ef94681d2b98,1278,indexed
localization,,PKHeX.Core/Resources/localize/battle/setparse_ja.json,b5779a489d6f82eed095c9b645f3ef94681d2b98,1278,indexed
localization,,PKHeX.Core/Resources/localize/battle/setparse_ko.json,b5779a489d6f82eed095c9b645f3ef94681d2b98,1278,indexed
localization,,PKHeX.Core/Resources/localize/battle/setparse_zh-hans.json,1f38474183e7239c458c169de815954a5fc35d29,1260,indexed
localization,,PKHeX.Core/Resources/localize/battle/setparse_zh-hant.json,b5779a489d6f82eed095c9b645f3ef94681d2b98,1278,indexed
localization,,PKHeX.Core/Resources/localize/encounter/encounter_de.json,55d69c405a1db18ca2d753d9fdfffc15308a9c84,431,indexed
localization,,PKHeX.Core/Resources/localize/encounter/encounter_en.json,94cf5f6b57c0f4a9af7c71e36e9f9e06510ca8ed,432,indexed
localization,,PKHeX.Core/Resources/localize/encounter/encounter_es-419.json,bd2a549ddd9d6cec56a93e256fe88bd9805898c2,463,indexed
localization,,PKHeX.Core/Resources/localize/encounter/encounter_es.json,bd2a549ddd9d6cec56a93e256fe88bd9805898c2,463,indexed
localization,fr,PKHeX.Core/Resources/localize/encounter/encounter_fr.json,4e08a9c35619ab5b68f697dbf4b09a0aa04ec0b3,459,indexed
localization,,PKHeX.Core/Resources/localize/encounter/encounter_it.json,994d32ea0ee88467b131cb827262aadde4f4e505,457,indexed
localization,,PKHeX.Core/Resources/localize/encounter/encounter_ja.json,c8ad408c969d0f6942789226dbbf6b1a5a6a5ca5,480,indexed
localization,,PKHeX.Core/Resources/localize/encounter/encounter_ko.json,8aab8f424e1ab1286271061be338e0d1976998b7,448,indexed
localization,,PKHeX.Core/Resources/localize/encounter/encounter_zh-hans.json,ada470a757cb54619ea5332edb98bb225a43d52f,440,indexed
localization,,PKHeX.Core/Resources/localize/encounter/encounter_zh-hant.json,04b0b2386637bf1f6ea9933a08c54ecb20167f6d,439,indexed
localization,,PKHeX.Core/Resources/localize/general/general_de.json,effe00d602ab732da41173c28fe70728c64c82a8,304,indexed
localization,,PKHeX.Core/Resources/localize/general/general_en.json,e71b7e46c6a74fc2049f992aeec745e6adf971b1,277,indexed
localization,,PKHeX.Core/Resources/localize/general/general_es-419.json,840752ecb9692ee667abf46e827969cff0b4a24f,291,indexed
localization,,PKHeX.Core/Resources/localize/general/general_es.json,840752ecb9692ee667abf46e827969cff0b4a24f,291,indexed
localization,fr,PKHeX.Core/Resources/localize/general/general_fr.json,40d0cfbaf308bedda9cd71c605de761d87f37fd9,291,indexed
localization,,PKHeX.Core/Resources/localize/general/general_it.json,3fdc6795e64ae8379a876fefb408bd05a12e1433,297,indexed
localization,,PKHeX.Core/Resources/localize/general/general_ja.json,32b95353a7591f6e478daed58f7a56dc90adf197,277,indexed
localization,,PKHeX.Core/Resources/localize/general/general_ko.json,317ccf98dc572b140489232623122dc3bb2f075d,285,indexed
localization,,PKHeX.Core/Resources/localize/general/general_zh-hans.json,cb60e7afe01f6fd8b6be4448b17c5d83eefd089e,253,indexed
localization,,PKHeX.Core/Resources/localize/general/general_zh-hant.json,f96b76a02021bd3ce6981dc0ed1fc809195b56fc,253,indexed
localization,,PKHeX.Core/Resources/localize/legality/legality_de.json,ff8dccfd9b8496196058198c75da124cb4f7c40c,31247,indexed
localization,,PKHeX.Core/Resources/localize/legality/legality_en.json,36afb7378dd3ae40c4586d6f7fc15217e34503cd,26873,indexed
localization,,PKHeX.Core/Resources/localize/legality/legality_es-419.json,f14eae6b1b87856b3d72850cb1ca934e9fd1212f,31722,indexed
localization,,PKHeX.Core/Resources/localize/legality/legality_es.json,81008e19da1ce3fa939301c3df9846a2f29bb744,31680,indexed
localization,fr,PKHeX.Core/Resources/localize/legality/legality_fr.json,bdac19febbd81a12533bdad20ace8af708d297eb,32696,indexed
localization,,PKHeX.Core/Resources/localize/legality/legality_it.json,ee251f6f36989e83f6daae52fd177feb044a892f,31511,indexed
localization,,PKHeX.Core/Resources/localize/legality/legality_ja.json,d6887d49ba66a865479bfbe84a48f2cd37c7ddfc,33423,indexed
localization,,PKHeX.Core/Resources/localize/legality/legality_ko.json,336c62fc59480cd41d29590a74618cd24754b5dc,35394,indexed
localization,,PKHeX.Core/Resources/localize/legality/legality_zh-hans.json,ac2b82c62fb9ac431ac7baa2298b5a7bd59a23b4,26518,indexed
localization,,PKHeX.Core/Resources/localize/legality/legality_zh-hant.json,3ddf77ac052bb0eae6846fa9208ddd572bf28e41,27884,indexed
localization,,PKHeX.Core/Resources/localize/movesource/movesource_de.json,93d7e4c808f20532062f610ce31581e0d20ad9c5,921,indexed
localization,,PKHeX.Core/Resources/localize/movesource/movesource_en.json,000b7c93b85938df214847a05410d5a6a2dae057,819,indexed
localization,,PKHeX.Core/Resources/localize/movesource/movesource_es-419.json,cf08d4a8e6de2cc61cb20c8189b249c982f810d7,972,indexed
localization,,PKHeX.Core/Resources/localize/movesource/movesource_es.json,cf08d4a8e6de2cc61cb20c8189b249c982f810d7,972,indexed
localization,fr,PKHeX.Core/Resources/localize/movesource/movesource_fr.json,9f28a67d6deac906b5fb6e30651fc3c8ccddb201,957,indexed
localization,,PKHeX.Core/Resources/localize/movesource/movesource_it.json,78ed22277668c04dbb64215f8cae139509ba2aac,905,indexed
localization,,PKHeX.Core/Resources/localize/movesource/movesource_ja.json,4b9797a6240c0be86d06a945c56ae9f2f2bd34b4,836,indexed
localization,,PKHeX.Core/Resources/localize/movesource/movesource_ko.json,5d09d8c6df78824ebb929c657c100758ba000c71,931,indexed
localization,,PKHeX.Core/Resources/localize/movesource/movesource_zh-hans.json,fee1a6e6f3767a625a180bab48e6cab07abb9df2,912,indexed
localization,,PKHeX.Core/Resources/localize/movesource/movesource_zh-hant.json,a6524317a4c72e7366e0d2a6e3c3c13e68b24e62,912,indexed
locations,,PKHeX.Core/Resources/text/locations/gen2/text_gsc_00000_de.txt,99405ee1b97b1a25eb4ddd0db6cd0f6edb2f5bd5,1093,indexed
locations,,PKHeX.Core/Resources/text/locations/gen2/text_gsc_00000_en.txt,cb5bf9fd184a3d614509035153e6c6b77b1c1b5f,1100,indexed
locations,,PKHeX.Core/Resources/text/locations/gen2/text_gsc_00000_es-419.txt,56566f7fc7da86cbab25dc8914e95fb05cf5c2e9,1093,indexed
locations,,PKHeX.Core/Resources/text/locations/gen2/text_gsc_00000_es.txt,56566f7fc7da86cbab25dc8914e95fb05cf5c2e9,1093,indexed
locations,fr,PKHeX.Core/Resources/text/locations/gen2/text_gsc_00000_fr.txt,4f85373ea2b8fa6efe69266f2e911a5303d0876f,1068,indexed
locations,,PKHeX.Core/Resources/text/locations/gen2/text_gsc_00000_it.txt,8363aed5081ff6e24ba53714fde01007815ff759,1238,indexed
locations,,PKHeX.Core/Resources/text/locations/gen2/text_gsc_00000_ja.txt,8df755a55636474be0e0472af774c5832bf6d368,2155,indexed
locations,,PKHeX.Core/Resources/text/locations/gen2/text_gsc_00000_ko.txt,40cd1a2897509650bd655868f54633568a3a8f3f,1331,indexed
locations,,PKHeX.Core/Resources/text/locations/gen2/text_gsc_00000_zh-Hans.txt,af3e3ee5141bbfed1ae667517471ccc9225de227,1146,indexed
locations,,PKHeX.Core/Resources/text/locations/gen2/text_gsc_00000_zh-Hant.txt,98498a1366bf4c22668066cca9586a4b8ba7383f,1137,indexed
locations,,PKHeX.Core/Resources/text/locations/gen3/text_cxd_00000_de.txt,3f640964667c17b3b2872bbc21adf08d8078c54a,5610,indexed
locations,,PKHeX.Core/Resources/text/locations/gen3/text_cxd_00000_en.txt,1fa60748f6dc13755e4c44b6ebbd2be2eaacd4dc,5866,indexed
locations,,PKHeX.Core/Resources/text/locations/gen3/text_cxd_00000_es-419.txt,32c7c43cc73fd8dca697023f241f99881291a895,6330,indexed
locations,,PKHeX.Core/Resources/text/locations/gen3/text_cxd_00000_es.txt,32c7c43cc73fd8dca697023f241f99881291a895,6330,indexed
locations,fr,PKHeX.Core/Resources/text/locations/gen3/text_cxd_00000_fr.txt,9046e8565ae7b196171a22c41f6ce61c10f757b1,6034,indexed
locations,,PKHeX.Core/Resources/text/locations/gen3/text_cxd_00000_it.txt,71aab999e7ba090004f353989cb28ab88c813684,6264,indexed
locations,,PKHeX.Core/Resources/text/locations/gen3/text_cxd_00000_ja.txt,f2f96467cc6be3b47a739a8552e0579d125a780f,8954,indexed
locations,,PKHeX.Core/Resources/text/locations/gen3/text_cxd_00000_zh-Hans.txt,c8f409e99607404cb23b913059ed3fd0a9d08039,6514,indexed
locations,,PKHeX.Core/Resources/text/locations/gen3/text_cxd_00000_zh-Hant.txt,3068b5d612a5e68c65a434c9a263ab54f543f96d,6538,indexed
locations,,PKHeX.Core/Resources/text/locations/gen3/text_rsefrlg_00000_de.txt,02f3bf99ee2e448cf91aada0283a654280b73eb2,3033,indexed
locations,,PKHeX.Core/Resources/text/locations/gen3/text_rsefrlg_00000_en.txt,5caa5c829c2d3ddb6587cb6775971364c60cdaf4,3043,indexed
locations,,PKHeX.Core/Resources/text/locations/gen3/text_rsefrlg_00000_es-419.txt,33fc4b93bdacfe65ceaea199ba458226dfb1b61c,3072,indexed
locations,,PKHeX.Core/Resources/text/locations/gen3/text_rsefrlg_00000_es.txt,33fc4b93bdacfe65ceaea199ba458226dfb1b61c,3072,indexed
locations,fr,PKHeX.Core/Resources/text/locations/gen3/text_rsefrlg_00000_fr.txt,b0e3587175c522846c99a260bab9944caaedd5cf,3000,indexed
locations,,PKHeX.Core/Resources/text/locations/gen3/text_rsefrlg_00000_it.txt,e3fcf89c42fa85b243ea9f6070d19a980a4db100,3275,indexed
locations,,PKHeX.Core/Resources/text/locations/gen3/text_rsefrlg_00000_ja.txt,bc0652e0b0faf937b06c293e957e90d7a225bd2a,5413,indexed
locations,,PKHeX.Core/Resources/text/locations/gen3/text_rsefrlg_00000_ko.txt,743054e92d3d7544c4eb33d9859872d69ddfa01e,3441,indexed
locations,,PKHeX.Core/Resources/text/locations/gen3/text_rsefrlg_00000_zh-Hans.txt,06e61124c6b32c7dc4d9398a5b42b738d9d2748a,3174,indexed
locations,,PKHeX.Core/Resources/text/locations/gen3/text_rsefrlg_00000_zh-Hant.txt,28d24e027676971ed524e95a76f95084f9f360eb,3164,indexed
locations,hgss,PKHeX.Core/Resources/text/locations/gen4/text_hgss_00000_de.txt,789374c76afa476b935ad7ec3b787c6a5cc25d83,2790,indexed
locations,hgss,PKHeX.Core/Resources/text/locations/gen4/text_hgss_00000_en.txt,e36a3eeecc88a770f506080638caf131e83ab0f3,2878,indexed
locations,hgss,PKHeX.Core/Resources/text/locations/gen4/text_hgss_00000_es-419.txt,500657cb114b64f5a6f9546d1bd6ba65c81fb1d1,2873,indexed
locations,hgss,PKHeX.Core/Resources/text/locations/gen4/text_hgss_00000_es.txt,500657cb114b64f5a6f9546d1bd6ba65c81fb1d1,2873,indexed
locations,hgss,PKHeX.Core/Resources/text/locations/gen4/text_hgss_00000_fr.txt,abb21eecb9a30c5837bccd7f9904d2293c34042c,2846,indexed
locations,hgss,PKHeX.Core/Resources/text/locations/gen4/text_hgss_00000_it.txt,97e150e05d260d55912dfdc5c4165eb0c5084f76,3060,indexed
locations,hgss,PKHeX.Core/Resources/text/locations/gen4/text_hgss_00000_ja.txt,7c4f4443aaec14048c348438e0d57d9d4be010b0,5347,indexed
locations,hgss,PKHeX.Core/Resources/text/locations/gen4/text_hgss_00000_ko.txt,2b3d4eef067c82c14cbaa86ac4f714bd83fdd017,3356,indexed
locations,hgss,PKHeX.Core/Resources/text/locations/gen4/text_hgss_00000_zh-Hans.txt,14333bfc858b0f505d7880efb85441a8985880ea,2922,indexed
locations,hgss,PKHeX.Core/Resources/text/locations/gen4/text_hgss_00000_zh-Hant.txt,3eb592dee7f990dbf3176770608d2df5d296cd9c,2922,indexed
locations,hgss,PKHeX.Core/Resources/text/locations/gen4/text_hgss_02000_de.txt,ec118baee574776f350140861ebc1e3396e75876,152,indexed
locations,hgss,PKHeX.Core/Resources/text/locations/gen4/text_hgss_02000_en.txt,9e7f4e75e22f47084630a8fd6b72a92e8797a1bb,149,indexed
locations,hgss,PKHeX.Core/Resources/text/locations/gen4/text_hgss_02000_es-419.txt,1c056129542068836d9ea7b565f42f774fd26157,154,indexed
locations,hgss,PKHeX.Core/Resources/text/locations/gen4/text_hgss_02000_es.txt,1c056129542068836d9ea7b565f42f774fd26157,154,indexed
locations,hgss,PKHeX.Core/Resources/text/locations/gen4/text_hgss_02000_fr.txt,b40155027ed8874b4e079330eb75cca14373b83c,156,indexed
locations,hgss,PKHeX.Core/Resources/text/locations/gen4/text_hgss_02000_it.txt,9e8a997bc6303e4f6d3f5c4b5982333255f3f119,169,indexed
locations,hgss,PKHeX.Core/Resources/text/locations/gen4/text_hgss_02000_ja.txt,a118cb37e9f7b986f0934152c6710dab288fd86f,320,indexed
locations,hgss,PKHeX.Core/Resources/text/locations/gen4/text_hgss_02000_ko.txt,dcae99b951c12bcab8b735359ccd30a79b98ea39,214,indexed
locations,hgss,PKHeX.Core/Resources/text/locations/gen4/text_hgss_02000_zh-Hans.txt,65b25454d7799bb9157b6600426b09c079f8df5e,189,indexed
locations,hgss,PKHeX.Core/Resources/text/locations/gen4/text_hgss_02000_zh-Hant.txt,70b30980d55b564c71738d0aed1e2d37dfe534a4,192,indexed
locations,hgss,PKHeX.Core/Resources/text/locations/gen4/text_hgss_03000_de.txt,13efb00406fd0fc7cd0a1a7add68f5cde8777806,1166,indexed
locations,hgss,PKHeX.Core/Resources/text/locations/gen4/text_hgss_03000_en.txt,c7bd399bb7c18f6e5a0c1cc5e0245003c6826eee,1190,indexed
locations,hgss,PKHeX.Core/Resources/text/locations/gen4/text_hgss_03000_es-419.txt,c95e6c95e422603f8c258372a7a5f9373fc3ff74,1165,indexed
locations,hgss,PKHeX.Core/Resources/text/locations/gen4/text_hgss_03000_es.txt,c95e6c95e422603f8c258372a7a5f9373fc3ff74,1165,indexed
locations,hgss,PKHeX.Core/Resources/text/locations/gen4/text_hgss_03000_fr.txt,af0f8b536a59e94cca05e985be2b756fb95b78cc,1217,indexed
locations,hgss,PKHeX.Core/Resources/text/locations/gen4/text_hgss_03000_it.txt,ed75c0b6a583cd80914f8fe56e35edb00181d120,1178,indexed
locations,hgss,PKHeX.Core/Resources/text/locations/gen4/text_hgss_03000_ja.txt,11fe97e3b84aff3b7e2f21e6b12264ea47d95239,2083,indexed
locations,hgss,PKHeX.Core/Resources/text/locations/gen4/text_hgss_03000_ko.txt,5007a5d4232c1c7923674752d5ffe3652f1f977c,1380,indexed
locations,hgss,PKHeX.Core/Resources/text/locations/gen4/text_hgss_03000_zh-Hans.txt,36f6658860be83c8630f15348abb2e5ef81dbb3d,1215,indexed
locations,hgss,PKHeX.Core/Resources/text/locations/gen4/text_hgss_03000_zh-Hant.txt,daf1b0d834feb3ec03680c9125fb8a05b098e10a,1215,indexed
locations,,PKHeX.Core/Resources/text/locations/gen5/text_bw2_00000_de.txt,da399f4cf1657372b148645532ca97f766bad7e7,2011,indexed
locations,,PKHeX.Core/Resources/text/locations/gen5/text_bw2_00000_en.txt,42e6fa8b8ce335e93a8255113aaef4a6816a697b,2069,indexed
locations,,PKHeX.Core/Resources/text/locations/gen5/text_bw2_00000_es-419.txt,41d1a24dfb4ad75c76d6162c41c4210489f1948d,2203,indexed
locations,,PKHeX.Core/Resources/text/locations/gen5/text_bw2_00000_es.txt,5fd35f55da3bad58cb614c074bd223fce5d85ce8,2143,indexed
locations,fr,PKHeX.Core/Resources/text/locations/gen5/text_bw2_00000_fr.txt,b56004d27e04e7aff93b27b3fd6c350361c63e17,2120,indexed
locations,,PKHeX.Core/Resources/text/locations/gen5/text_bw2_00000_it.txt,ade04f2260dca282fa782cd2dabda8463030fbc8,2247,indexed
locations,,PKHeX.Core/Resources/text/locations/gen5/text_bw2_00000_ja.txt,01ed86ec02e0f2bbe336b840c6a8901c272b53fb,3559,indexed
locations,,PKHeX.Core/Resources/text/locations/gen5/text_bw2_00000_ko.txt,9d44cb1dcfbe6048472ffb969ba0c1a939a7fc2b,2313,indexed
locations,,PKHeX.Core/Resources/text/locations/gen5/text_bw2_00000_zh-Hans.txt,fa061089328eeb6d212752f709d2de6e67c4032b,1931,indexed
locations,,PKHeX.Core/Resources/text/locations/gen5/text_bw2_00000_zh-Hant.txt,e1b86dbb65ccdf856352088e0f5004996a73189e,1944,indexed
locations,,PKHeX.Core/Resources/text/locations/gen5/text_bw2_30000_de.txt,e48be6b73e3d13ede42d63455184b75027173e62,285,indexed
locations,,PKHeX.Core/Resources/text/locations/gen5/text_bw2_30000_en.txt,6529c49fd7e8fe858e86f95ed8bab70a819af36c,280,indexed
locations,,PKHeX.Core/Resources/text/locations/gen5/text_bw2_30000_es-419.txt,e91b1776ba887428333ad0204d62f93422a1c756,294,indexed
locations,,PKHeX.Core/Resources/text/locations/gen5/text_bw2_30000_es.txt,b76e2a350defa3d017e3b0f86e092522515bc558,277,indexed
locations,fr,PKHeX.Core/Resources/text/locations/gen5/text_bw2_30000_fr.txt,79263f1e430c54f04313997e112cc0d8b3cc7c4d,279,indexed
locations,,PKHeX.Core/Resources/text/locations/gen5/text_bw2_30000_it.txt,1d3c85cb7ddfaa4678bda01d534f0bd5efedd0d0,286,indexed
locations,,PKHeX.Core/Resources/text/locations/gen5/text_bw2_30000_ja.txt,b713be81d270a2e5a050621d4cee206e0b4be27f,405,indexed
locations,,PKHeX.Core/Resources/text/locations/gen5/text_bw2_30000_ko.txt,141bfaaeb20c6d22f6c88cc300c08b628da64fb4,318,indexed
locations,,PKHeX.Core/Resources/text/locations/gen5/text_bw2_30000_zh-Hans.txt,bab9eaed6d98303a42414a9648c3f69970e455c2,191,indexed
locations,,PKHeX.Core/Resources/text/locations/gen5/text_bw2_30000_zh-Hant.txt,25027407ecff7a24b4aea30a5e9285963ab4b839,197,indexed
locations,,PKHeX.Core/Resources/text/locations/gen5/text_bw2_40000_de.txt,718db906a0d3c65aa1d59c78872dbcc969fb8cba,1452,indexed
locations,,PKHeX.Core/Resources/text/locations/gen5/text_bw2_40000_en.txt,0c4522b1636714308b0263bfc96ab656c0bb3742,1429,indexed
locations,,PKHeX.Core/Resources/text/locations/gen5/text_bw2_40000_es-419.txt,aeb2a22bebf035ed3c7644f782525f172f34bba9,1935,indexed
locations,,PKHeX.Core/Resources/text/locations/gen5/text_bw2_40000_es.txt,015ca52c4622708744fe55bb76c78b9f95324af1,1727,indexed
locations,fr,PKHeX.Core/Resources/text/locations/gen5/text_bw2_40000_fr.txt,be485da227e11bb88cfc1a88a18aec8c14b38e4a,1548,indexed
locations,,PKHeX.Core/Resources/text/locations/gen5/text_bw2_40000_it.txt,de64ef52131248722a0b6b29183c33878eb1a0da,1601,indexed
locations,,PKHeX.Core/Resources/text/locations/gen5/text_bw2_40000_ja.txt,368dadbcf2767c1857325c9ffcae7196f666ad05,2562,indexed
locations,,PKHeX.Core/Resources/text/locations/gen5/text_bw2_40000_ko.txt,607cc3d1af5ceaa7e98ab83944d158fdb1ba7767,1553,indexed
locations,,PKHeX.Core/Resources/text/locations/gen5/text_bw2_40000_zh-Hans.txt,a6007daa00e3277e83b6d762622efa8555eda002,1453,indexed
locations,,PKHeX.Core/Resources/text/locations/gen5/text_bw2_40000_zh-Hant.txt,23ec5f971a79fb4bfa67fb8f50655cdc73522a38,1453,indexed
locations,,PKHeX.Core/Resources/text/locations/gen5/text_bw2_60000_de.txt,4d12ea0da7fd3aa68ed1e0581c8a828c7dd282e3,46,indexed
locations,,PKHeX.Core/Resources/text/locations/gen5/text_bw2_60000_en.txt,a3b8a44df28280105496ca72811380676e50565e,41,indexed
locations,,PKHeX.Core/Resources/text/locations/gen5/text_bw2_60000_es-419.txt,647c074e31d24405162a5b02383b29fefc567cca,47,indexed
locations,,PKHeX.Core/Resources/text/locations/gen5/text_bw2_60000_es.txt,69fee86ecc64e413a5196e135c8b48811579e3b2,49,indexed
locations,fr,PKHeX.Core/Resources/text/locations/gen5/text_bw2_60000_fr.txt,bdb93551c7864b4acb5198ca698a214945bb9e35,53,indexed
locations,,PKHeX.Core/Resources/text/locations/gen5/text_bw2_60000_it.txt,3066bcab9f9c053d9a05eb81b0fa6f4a9eb1286a,46,indexed
locations,,PKHeX.Core/Resources/text/locations/gen5/text_bw2_60000_ja.txt,9bd024ae2d6299d906b2681d461d145a96c369d4,120,indexed
locations,,PKHeX.Core/Resources/text/locations/gen5/text_bw2_60000_ko.txt,acc8cc2476340266f7e14aeb0abd67436611c11d,53,indexed
locations,,PKHeX.Core/Resources/text/locations/gen5/text_bw2_60000_zh-Hans.txt,476e1f5d3950eb384049ff869dea0adfaf53c5f3,45,indexed
locations,,PKHeX.Core/Resources/text/locations/gen5/text_bw2_60000_zh-Hant.txt,997258cf51528c011759591a2351442ac8b449c3,45,indexed
locations,xy,PKHeX.Core/Resources/text/locations/gen6/text_xy_00000_de.txt,3521732a7a255c863589f9cc366190f0b16213ec,2703,indexed
locations,xy,PKHeX.Core/Resources/text/locations/gen6/text_xy_00000_en.txt,8d2dd6f9425556b15817d35b7d3098965259dfef,2795,indexed
locations,xy,PKHeX.Core/Resources/text/locations/gen6/text_xy_00000_es-419.txt,d2ed870f329a3c01a354ce8bb6c38bb1927bf95c,2918,indexed
locations,xy,PKHeX.Core/Resources/text/locations/gen6/text_xy_00000_es.txt,4a3901587bedeee1d75395cfd09c00b5654c545a,2871,indexed
locations,xy,PKHeX.Core/Resources/text/locations/gen6/text_xy_00000_fr.txt,77c2219c526e31429b3d50a7038c08299fd72ceb,2926,indexed
locations,xy,PKHeX.Core/Resources/text/locations/gen6/text_xy_00000_it.txt,8abfadad1840f558d061b8dba20b69e74437b2a3,2974,indexed
locations,xy,PKHeX.Core/Resources/text/locations/gen6/text_xy_00000_ja.txt,7add6d2cac70592e59ba4711067f280291694967,4731,indexed
locations,xy,PKHeX.Core/Resources/text/locations/gen6/text_xy_00000_ko.txt,f1f2eb176c15ddb3b6c0e73a3bb6f7317becb8a1,3138,indexed
locations,xy,PKHeX.Core/Resources/text/locations/gen6/text_xy_00000_zh-Hans.txt,3aa91f0b9d0fde19dee5f4c989e3927a8d6509e9,2957,indexed
locations,xy,PKHeX.Core/Resources/text/locations/gen6/text_xy_00000_zh-Hant.txt,01a6a53ca27a62c607ec01b0e1b579042842a361,2958,indexed
locations,xy,PKHeX.Core/Resources/text/locations/gen6/text_xy_30000_de.txt,f1ae217bde590ce191350cdfef11248ef6123cad,163,indexed
locations,xy,PKHeX.Core/Resources/text/locations/gen6/text_xy_30000_en.txt,7d2fe1ec64e04c95440e896f9c57f26c473771c6,169,indexed
locations,xy,PKHeX.Core/Resources/text/locations/gen6/text_xy_30000_es-419.txt,8db0545d85ecd1441c36d6b44f7d94a3284cec68,140,indexed
locations,xy,PKHeX.Core/Resources/text/locations/gen6/text_xy_30000_es.txt,962a0d7d7aefbcc8ebe0803be0b5835b04577850,135,indexed
locations,xy,PKHeX.Core/Resources/text/locations/gen6/text_xy_30000_fr.txt,be6beb741facc2a596fb4d86c3b8ec0c8a9f5184,122,indexed
locations,xy,PKHeX.Core/Resources/text/locations/gen6/text_xy_30000_it.txt,6bdf33b9319781749957743e4b98c3ae9fc1a644,108,indexed
locations,xy,PKHeX.Core/Resources/text/locations/gen6/text_xy_30000_ja.txt,237c3fb590caa07fca6e3728dc0a6eb30019a780,260,indexed
locations,xy,PKHeX.Core/Resources/text/locations/gen6/text_xy_30000_ko.txt,1b6e06328902530863bffac679b124c8333d328e,169,indexed
locations,xy,PKHeX.Core/Resources/text/locations/gen6/text_xy_30000_zh-Hans.txt,7c309c0d5a011b140b47e773ca519ce9e9bc18ec,170,indexed
locations,xy,PKHeX.Core/Resources/text/locations/gen6/text_xy_30000_zh-Hant.txt,82174be1ba20368080503f1eb725722faa063a8a,170,indexed
locations,xy,PKHeX.Core/Resources/text/locations/gen6/text_xy_40000_de.txt,a0029491b1d7ae43af653638e21f7f77571b5905,1058,indexed
locations,xy,PKHeX.Core/Resources/text/locations/gen6/text_xy_40000_en.txt,13c63108a6f733108d5edc83922b2c68c30dbf33,1047,indexed
locations,xy,PKHeX.Core/Resources/text/locations/gen6/text_xy_40000_es-419.txt,2dabf3e2da56a2eddb0065e7e12c74691927f836,1344,indexed
locations,xy,PKHeX.Core/Resources/text/locations/gen6/text_xy_40000_es.txt,1c91e6e6353864b711549259c0f458cb55e9602b,1649,indexed
locations,xy,PKHeX.Core/Resources/text/locations/gen6/text_xy_40000_fr.txt,3ec710771760b146bd8b18ca9bc9597d56f652e2,1461,indexed
locations,xy,PKHeX.Core/Resources/text/locations/gen6/text_xy_40000_it.txt,e2fc8c50709689c62e64759f7adef7a8956d1439,1308,indexed
locations,xy,PKHeX.Core/Resources/text/locations/gen6/text_xy_40000_ja.txt,ceb86e90ea378384e3e2e919bff1facabff490bf,1744,indexed
locations,xy,PKHeX.Core/Resources/text/locations/gen6/text_xy_40000_ko.txt,6123b2b8596235be7aca3c762d5fd437606435a2,1068,indexed
locations,xy,PKHeX.Core/Resources/text/locations/gen6/text_xy_40000_zh-Hans.txt,859b2fcc3997782ab2074c8df018e46bb771477d,987,indexed
locations,xy,PKHeX.Core/Resources/text/locations/gen6/text_xy_40000_zh-Hant.txt,189e70ee521592f7481711e867c6e601ef83e0fc,987,indexed
locations,xy,PKHeX.Core/Resources/text/locations/gen6/text_xy_60000_de.txt,1eaf44d3457c738186c68d53e17dfa361156de4c,69,indexed
locations,xy,PKHeX.Core/Resources/text/locations/gen6/text_xy_60000_en.txt,b87330aacec74b3b13f169c9ffb5a3b7ae2f88f8,76,indexed
locations,xy,PKHeX.Core/Resources/text/locations/gen6/text_xy_60000_es-419.txt,40a6f52e0b356e4da9f067e442c55900f507110e,74,indexed
locations,xy,PKHeX.Core/Resources/text/locations/gen6/text_xy_60000_es.txt,75d353bc0d0b0138fdc2b661bd52e6666af4929b,77,indexed
locations,xy,PKHeX.Core/Resources/text/locations/gen6/text_xy_60000_fr.txt,122db057bc4efb3d0cd1a68f6952fe8ed1017921,94,indexed
locations,xy,PKHeX.Core/Resources/text/locations/gen6/text_xy_60000_it.txt,d83542947fa16456ca7e34d7c13a8068c273a237,70,indexed
locations,xy,PKHeX.Core/Resources/text/locations/gen6/text_xy_60000_ja.txt,5ed22cfeeaeeddc456c7a5bf7f1c8f098f14ffae,100,indexed
locations,xy,PKHeX.Core/Resources/text/locations/gen6/text_xy_60000_ko.txt,3d8ba460246bce8256e18065aa8c9c214dd9d2a5,69,indexed
locations,xy,PKHeX.Core/Resources/text/locations/gen6/text_xy_60000_zh-Hans.txt,c735f34bad7dd0ff1f0f2c7c98417a08e63efc92,55,indexed
locations,xy,PKHeX.Core/Resources/text/locations/gen6/text_xy_60000_zh-Hant.txt,045ebcee42064a00cc34f43b225fa38e412c36d4,55,indexed
locations,gg,PKHeX.Core/Resources/text/locations/gen7/text_gg_00000_de.txt,9127d2c7ac9c7249bd689231fb9da4f36d597030,646,indexed
locations,gg,PKHeX.Core/Resources/text/locations/gen7/text_gg_00000_en.txt,fcc53b900833a3ccbe8b9a1e2015b4732e083da5,626,indexed
locations,gg,PKHeX.Core/Resources/text/locations/gen7/text_gg_00000_es-419.txt,283832f1341c4027b0bc8ef9869e170e98a4c9bb,607,indexed
locations,gg,PKHeX.Core/Resources/text/locations/gen7/text_gg_00000_es.txt,6324cbec44db8ff555963982bec813217523aa1b,588,indexed
locations,gg,PKHeX.Core/Resources/text/locations/gen7/text_gg_00000_fr.txt,30b5bf9c418204e212cb79f7712da2da74723b12,631,indexed
locations,gg,PKHeX.Core/Resources/text/locations/gen7/text_gg_00000_it.txt,bf1113c12775a79825ad2c62f0a806e8a5ab5c3e,683,indexed
locations,gg,PKHeX.Core/Resources/text/locations/gen7/text_gg_00000_ja.txt,dacd93ec3693a758ea048a118d878dd5606dd45c,1167,indexed
locations,gg,PKHeX.Core/Resources/text/locations/gen7/text_gg_00000_ko.txt,9a35e01875c726d78ec72426cb257b511274fe36,730,indexed
locations,gg,PKHeX.Core/Resources/text/locations/gen7/text_gg_00000_zh-Hans.txt,53cfc1252dd7cd5ac70ebe4735ce6c9ff68555e8,684,indexed
locations,gg,PKHeX.Core/Resources/text/locations/gen7/text_gg_00000_zh-Hant.txt,cd9f27840793b34e9d239a65bf2404f106e53203,684,indexed
locations,gg,PKHeX.Core/Resources/text/locations/gen7/text_gg_40000_de.txt,81f2987d3075960d415d427440e9111e3ffbd6e8,1185,indexed
locations,gg,PKHeX.Core/Resources/text/locations/gen7/text_gg_40000_en.txt,83cc623cbca664df581579f74e649ff45230a34d,1167,indexed
locations,gg,PKHeX.Core/Resources/text/locations/gen7/text_gg_40000_es-419.txt,1034997b480b9a04cce4b97740842e9f286a026f,1276,indexed
locations,gg,PKHeX.Core/Resources/text/locations/gen7/text_gg_40000_es.txt,8aab2198058b7b10a4f67f8215a3263b899acfc9,1261,indexed
locations,gg,PKHeX.Core/Resources/text/locations/gen7/text_gg_40000_fr.txt,bd497b0e4066004f1bd7e6011144ca7065e69efa,1267,indexed
locations,gg,PKHeX.Core/Resources/text/locations/gen7/text_gg_40000_it.txt,61379b373c0ed85cbbaf92075201863323fec54a,1142,indexed
locations,gg,PKHeX.Core/Resources/text/locations/gen7/text_gg_40000_ja.txt,ca8ab5ecc3377688138040163f9c0c6e2190d12a,1761,indexed
locations,gg,PKHeX.Core/Resources/text/locations/gen7/text_gg_40000_ko.txt,ef6eca686153e8608ef4155dfcdba31b7aa5be78,1080,indexed
locations,gg,PKHeX.Core/Resources/text/locations/gen7/text_gg_40000_zh-Hans.txt,ae90b8c1323c4c71de1842702c1894ad8803e211,1008,indexed
locations,gg,PKHeX.Core/Resources/text/locations/gen7/text_gg_40000_zh-Hant.txt,cea93084d5fa0c2f0fefd880669fb0ad1f99de11,1008,indexed
locations,sm,PKHeX.Core/Resources/text/locations/gen7/text_sm_00000_de.txt,dbbd5349c24248a4ac050907af22f9b93bfb0e37,1974,indexed
locations,sm,PKHeX.Core/Resources/text/locations/gen7/text_sm_00000_en.txt,ebd819077b3c5bcd95593ed52b95fa4e45bf53e5,1853,indexed
locations,sm,PKHeX.Core/Resources/text/locations/gen7/text_sm_00000_es-419.txt,fa67b65152c53051711b239a8c12427a642b4473,1976,indexed
locations,sm,PKHeX.Core/Resources/text/locations/gen7/text_sm_00000_es.txt,5657d220c0ce8b31597f3595371a2f73fc4c1df6,1965,indexed
locations,sm,PKHeX.Core/Resources/text/locations/gen7/text_sm_00000_fr.txt,3b0b13c4c08153a10428cbca2423ec9847fbcf85,1976,indexed
locations,sm,PKHeX.Core/Resources/text/locations/gen7/text_sm_00000_it.txt,df726899c99bf0adc843de4fa6e986cb7c0e180d,1996,indexed
locations,sm,PKHeX.Core/Resources/text/locations/gen7/text_sm_00000_ja.txt,baffab08e3fdeeacf21189260956f217cc3941c1,3113,indexed
locations,sm,PKHeX.Core/Resources/text/locations/gen7/text_sm_00000_ko.txt,a3061d57ec3ec3faf753004529398929070ac7b1,2188,indexed
locations,sm,PKHeX.Core/Resources/text/locations/gen7/text_sm_00000_zh-Hans.txt,682f88393ef641d73c7a9048bff824f03a47190b,1946,indexed
locations,sm,PKHeX.Core/Resources/text/locations/gen7/text_sm_00000_zh-Hant.txt,631bb174853c2b528fa9a6c7e6853a1ae962b586,1946,indexed
locations,sm,PKHeX.Core/Resources/text/locations/gen7/text_sm_30000_de.txt,a6a580eb31473c5f861eebddaca38bc42cfbd915,241,indexed
locations,sm,PKHeX.Core/Resources/text/locations/gen7/text_sm_30000_en.txt,07fbe1608c5126f8aefc8d01092a4b36e2afc6b3,270,indexed
locations,sm,PKHeX.Core/Resources/text/locations/gen7/text_sm_30000_es-419.txt,fe5eb6f6768e3204fdbb53b8d48b8281aa07a5bb,189,indexed
locations,sm,PKHeX.Core/Resources/text/locations/gen7/text_sm_30000_es.txt,c1fbcdfa08525f965de997f5d0cd77f98aa1a206,197,indexed
locations,sm,PKHeX.Core/Resources/text/locations/gen7/text_sm_30000_fr.txt,0e1cc6a94090291d09199b6c158a2974503546b3,171,indexed
locations,sm,PKHeX.Core/Resources/text/locations/gen7/text_sm_30000_it.txt,c4504399891b6b940aacccc6d341444a32cbf7ef,157,indexed
locations,sm,PKHeX.Core/Resources/text/locations/gen7/text_sm_30000_ja.txt,f1c80103e3e2654490349f8112a55b33b855de79,379,indexed
locations,sm,PKHeX.Core/Resources/text/locations/gen7/text_sm_30000_ko.txt,b115ec37c0fcd4e353a0eab39dfdcbf4efb4b1cc,252,indexed
locations,sm,PKHeX.Core/Resources/text/locations/gen7/text_sm_30000_zh-Hans.txt,2bb9ad0d7f78a76f30856000f402e77df032dbda,253,indexed
locations,sm,PKHeX.Core/Resources/text/locations/gen7/text_sm_30000_zh-Hant.txt,121c61883e9b00a6929d827f7af6bcafb084621f,250,indexed
locations,sm,PKHeX.Core/Resources/text/locations/gen7/text_sm_40000_de.txt,2eb755de60ca8042aee435c715782cd47d8e5e98,1450,indexed
locations,sm,PKHeX.Core/Resources/text/locations/gen7/text_sm_40000_en.txt,90b279ab52483804d3fede41178b504a34f40a1a,1435,indexed
locations,sm,PKHeX.Core/Resources/text/locations/gen7/text_sm_40000_es-419.txt,9afab055ae6234ff2329461afcb0bab65dbd7764,1551,indexed
locations,sm,PKHeX.Core/Resources/text/locations/gen7/text_sm_40000_es.txt,0a408ca0c1daa0e7f13d1f7ec531b3ab1c64d0ab,1533,indexed
locations,sm,PKHeX.Core/Resources/text/locations/gen7/text_sm_40000_fr.txt,dc645a1c16deb8dd448f18decb3b28c67bc28c27,1537,indexed
locations,sm,PKHeX.Core/Resources/text/locations/gen7/text_sm_40000_it.txt,682ba6e1d3a57ebcd0fc6263e4ecac73eed61578,1412,indexed
locations,sm,PKHeX.Core/Resources/text/locations/gen7/text_sm_40000_ja.txt,5d717b2a41c96e47747ec7638ecde8e05e93ea93,1990,indexed
locations,sm,PKHeX.Core/Resources/text/locations/gen7/text_sm_40000_ko.txt,e6c881089ccc5f0cfb8192bfa4a0d04faf9e124f,1246,indexed
locations,sm,PKHeX.Core/Resources/text/locations/gen7/text_sm_40000_zh-Hans.txt,e28b5d55b8b1e9854b3123d73d12d7a99f7d3ad9,1582,indexed
locations,sm,PKHeX.Core/Resources/text/locations/gen7/text_sm_40000_zh-Hant.txt,f4fdc057f02933d7944b12b336df62882c900fd5,1590,indexed
locations,sm,PKHeX.Core/Resources/text/locations/gen7/text_sm_60000_de.txt,6d82d023f0c8aa0dc337947840ed53c72b981ad3,67,indexed
locations,sm,PKHeX.Core/Resources/text/locations/gen7/text_sm_60000_en.txt,b009f6bb32c6261de39b9938d1a080af68b9e178,72,indexed
locations,sm,PKHeX.Core/Resources/text/locations/gen7/text_sm_60000_es-419.txt,cea5aefee294bc884e6d8c453f5d26d931cd0f73,68,indexed
locations,sm,PKHeX.Core/Resources/text/locations/gen7/text_sm_60000_es.txt,cea5aefee294bc884e6d8c453f5d26d931cd0f73,68,indexed
locations,sm,PKHeX.Core/Resources/text/locations/gen7/text_sm_60000_fr.txt,5b994fdfaefe9b8ffd63585ac7115d2395501067,92,indexed
locations,sm,PKHeX.Core/Resources/text/locations/gen7/text_sm_60000_it.txt,c9a0e46e353aca5e50c75d7eaa04e3cab1c8ec53,66,indexed
locations,sm,PKHeX.Core/Resources/text/locations/gen7/text_sm_60000_ja.txt,9e89927dec06b64567a444cc40c25b592ae29eb7,100,indexed
locations,sm,PKHeX.Core/Resources/text/locations/gen7/text_sm_60000_ko.txt,5fe763eba7512ad8220c6c1109eb4fbd40141af8,66,indexed
locations,sm,PKHeX.Core/Resources/text/locations/gen7/text_sm_60000_zh-Hans.txt,7e76786093fc94577eb6a91fd7fc38c269033950,49,indexed
locations,sm,PKHeX.Core/Resources/text/locations/gen7/text_sm_60000_zh-Hant.txt,bc87f55dc80409168a3ea9321fe5c0865a73be35,49,indexed
locations,swsh,PKHeX.Core/Resources/text/locations/gen8/text_swsh_00000_de.txt,b06b46bb77f0e71acc7200d75934abb216fc525c,2513,indexed
locations,swsh,PKHeX.Core/Resources/text/locations/gen8/text_swsh_00000_en.txt,439d75d7b4a7a9e212c5402fae77167cb40c5e6d,2415,indexed
locations,swsh,PKHeX.Core/Resources/text/locations/gen8/text_swsh_00000_es-419.txt,45c5f8dc3f8cc793331240b1086f0bd98fa0639c,2857,indexed
locations,swsh,PKHeX.Core/Resources/text/locations/gen8/text_swsh_00000_es.txt,d21409452176e1c967fadaee8ce66975cf82d2b3,2868,indexed
locations,swsh,PKHeX.Core/Resources/text/locations/gen8/text_swsh_00000_fr.txt,37bb219f812e1b70dd50074519c3922b3cd3770d,2643,indexed
locations,swsh,PKHeX.Core/Resources/text/locations/gen8/text_swsh_00000_it.txt,29c7dd1f882e7cc230806c496263ccd0d619567b,2790,indexed
locations,swsh,PKHeX.Core/Resources/text/locations/gen8/text_swsh_00000_ja.txt,209195afc0993a260cb1cfc49a9c6ea35d56308f,4069,indexed
locations,swsh,PKHeX.Core/Resources/text/locations/gen8/text_swsh_00000_ko.txt,28fff03300b5907177806a8f450b61ad1d1634ad,2815,indexed
locations,swsh,PKHeX.Core/Resources/text/locations/gen8/text_swsh_00000_zh-Hans.txt,cb4cd7a666b9d742604421b3ac6eec93fb7243bf,2257,indexed
locations,swsh,PKHeX.Core/Resources/text/locations/gen8/text_swsh_00000_zh-Hant.txt,8bdd8071b3358f3e2130f2ab040c1691f4d16e94,2257,indexed
locations,swsh,PKHeX.Core/Resources/text/locations/gen8/text_swsh_30000_de.txt,11c8723683bfdbe68881cf963e4558b6c562d854,268,indexed
locations,swsh,PKHeX.Core/Resources/text/locations/gen8/text_swsh_30000_en.txt,e1f479dc43f72d663430d2c2c4931784ba584a37,301,indexed
locations,swsh,PKHeX.Core/Resources/text/locations/gen8/text_swsh_30000_es-419.txt,6bc994cc3aa386cca17b005bd825fdfabc590852,209,indexed
locations,swsh,PKHeX.Core/Resources/text/locations/gen8/text_swsh_30000_es.txt,ed477dfb273bdf1d5d6f800cc813caa604876280,217,indexed
locations,swsh,PKHeX.Core/Resources/text/locations/gen8/text_swsh_30000_fr.txt,aba6a9659f4a88b739739225451ce49498a006af,201,indexed
locations,swsh,PKHeX.Core/Resources/text/locations/gen8/text_swsh_30000_it.txt,37e1d2ae806476d7d949840cacd853f7bfef4b85,177,indexed
locations,swsh,PKHeX.Core/Resources/text/locations/gen8/text_swsh_30000_ja.txt,7c1f6bbf39ead951b62e2412014f464eb30f1a60,415,indexed
locations,swsh,PKHeX.Core/Resources/text/locations/gen8/text_swsh_30000_ko.txt,07dbf306470dad9dff72800436cfafd92ed46c42,279,indexed
locations,swsh,PKHeX.Core/Resources/text/locations/gen8/text_swsh_30000_zh-Hans.txt,93f9cd71da2a8e16494deb9ff0847d962e71b70e,280,indexed
locations,swsh,PKHeX.Core/Resources/text/locations/gen8/text_swsh_30000_zh-Hant.txt,a5f267889dd325359bd64c99857a238b155d63e8,277,indexed
locations,swsh,PKHeX.Core/Resources/text/locations/gen8/text_swsh_40000_de.txt,4b38c7ab7d710c30eef21884bc4131428a5cafca,1452,indexed
locations,swsh,PKHeX.Core/Resources/text/locations/gen8/text_swsh_40000_en.txt,6963343c252ba7c3541f418645017f660fc9ed99,1459,indexed
locations,swsh,PKHeX.Core/Resources/text/locations/gen8/text_swsh_40000_es-419.txt,d76d5612f48507590d4379755f0b361029c137d6,1547,indexed
locations,swsh,PKHeX.Core/Resources/text/locations/gen8/text_swsh_40000_es.txt,0890425f9e60f5175eb71e8dd2c6a129c94d6de1,1529,indexed
locations,swsh,PKHeX.Core/Resources/text/locations/gen8/text_swsh_40000_fr.txt,e6d002c2e44bdf43adf446ddd272aee05d7b0e57,1535,indexed
locations,swsh,PKHeX.Core/Resources/text/locations/gen8/text_swsh_40000_it.txt,8b55a658a2d1d16aa2af60037cf94b4cee5dc691,1410,indexed
locations,swsh,PKHeX.Core/Resources/text/locations/gen8/text_swsh_40000_ja.txt,c64ba2425d094bf496e37669365a75dc5ba82667,2029,indexed
locations,swsh,PKHeX.Core/Resources/text/locations/gen8/text_swsh_40000_ko.txt,9f0defc597a5a01bd942d145959330a9b803bd02,1348,indexed
locations,swsh,PKHeX.Core/Resources/text/locations/gen8/text_swsh_40000_zh-Hans.txt,b828050ea87cd8863132d432ee82c6c62c2d8dc0,1676,indexed
locations,swsh,PKHeX.Core/Resources/text/locations/gen8/text_swsh_40000_zh-Hant.txt,23b2ec9ace5e60f64d46066dbbdfd83379676655,1684,indexed
locations,swsh,PKHeX.Core/Resources/text/locations/gen8/text_swsh_60000_de.txt,6d82d023f0c8aa0dc337947840ed53c72b981ad3,67,indexed
locations,swsh,PKHeX.Core/Resources/text/locations/gen8/text_swsh_60000_en.txt,ebc1954ad9126d7ac4e7c2832591cdb628d0b502,73,indexed
locations,swsh,PKHeX.Core/Resources/text/locations/gen8/text_swsh_60000_es-419.txt,cea5aefee294bc884e6d8c453f5d26d931cd0f73,68,indexed
locations,swsh,PKHeX.Core/Resources/text/locations/gen8/text_swsh_60000_es.txt,cea5aefee294bc884e6d8c453f5d26d931cd0f73,68,indexed
locations,swsh,PKHeX.Core/Resources/text/locations/gen8/text_swsh_60000_fr.txt,5b994fdfaefe9b8ffd63585ac7115d2395501067,92,indexed
locations,swsh,PKHeX.Core/Resources/text/locations/gen8/text_swsh_60000_it.txt,c9a0e46e353aca5e50c75d7eaa04e3cab1c8ec53,66,indexed
locations,swsh,PKHeX.Core/Resources/text/locations/gen8/text_swsh_60000_ja.txt,9e89927dec06b64567a444cc40c25b592ae29eb7,100,indexed
locations,swsh,PKHeX.Core/Resources/text/locations/gen8/text_swsh_60000_ko.txt,5fe763eba7512ad8220c6c1109eb4fbd40141af8,66,indexed
locations,swsh,PKHeX.Core/Resources/text/locations/gen8/text_swsh_60000_zh-Hans.txt,7e76786093fc94577eb6a91fd7fc38c269033950,49,indexed
locations,swsh,PKHeX.Core/Resources/text/locations/gen8/text_swsh_60000_zh-Hant.txt,bc87f55dc80409168a3ea9321fe5c0865a73be35,49,indexed
locations,la,PKHeX.Core/Resources/text/locations/gen8a/text_la_00000_de.txt,0874353a90345e574c13f82f29bec6daadedf0fb,2221,indexed
locations,la,PKHeX.Core/Resources/text/locations/gen8a/text_la_00000_en.txt,79c3b52eae802049bf3e8f20408f95a013d58579,2182,indexed
locations,la,PKHeX.Core/Resources/text/locations/gen8a/text_la_00000_es-419.txt,2f2946cb3fd82e98ae6cd8609499600aa3338da6,2390,indexed
locations,la,PKHeX.Core/Resources/text/locations/gen8a/text_la_00000_es.txt,4d6fc9e10255c79386d9adfcbc8e5ad472e5fd1f,2331,indexed
locations,la,PKHeX.Core/Resources/text/locations/gen8a/text_la_00000_fr.txt,7e9a0ab64defa5dff531a4d9cd4e0cc7df0ce6f6,2507,indexed
locations,la,PKHeX.Core/Resources/text/locations/gen8a/text_la_00000_it.txt,70092ffc43e6667ccbc16760c4b217a7c381a426,2468,indexed
locations,la,PKHeX.Core/Resources/text/locations/gen8a/text_la_00000_ja.txt,fa10ac9b13a6e1ff9e261382662fa7d49ddfc197,3316,indexed
locations,la,PKHeX.Core/Resources/text/locations/gen8a/text_la_00000_ko.txt,8163ac3b5d42140d9028687c9ba322bbb0dfeb7b,2280,indexed
locations,la,PKHeX.Core/Resources/text/locations/gen8a/text_la_00000_zh-Hans.txt,0d7307a405cceac31e01369c5f6131178b66d0d6,1808,indexed
locations,la,PKHeX.Core/Resources/text/locations/gen8a/text_la_00000_zh-Hant.txt,c352a3142d9f88a936cb4cc97cc85f60036d1224,1808,indexed
locations,la,PKHeX.Core/Resources/text/locations/gen8a/text_la_30000_de.txt,f9b855b2f4e40b7c8fb3b5cdc20fc9caf5fa479e,308,indexed
locations,la,PKHeX.Core/Resources/text/locations/gen8a/text_la_30000_en.txt,b01ad43bf5968bb4b2a80f2b6fc355cf4d413d03,353,indexed
locations,la,PKHeX.Core/Resources/text/locations/gen8a/text_la_30000_es-419.txt,b9dc2bcab18af65067fc63774a6d5e386c531ef7,228,indexed
locations,la,PKHeX.Core/Resources/text/locations/gen8a/text_la_30000_es.txt,7f702538681d2ba957cdb8e47508f727a0253d6b,236,indexed
locations,la,PKHeX.Core/Resources/text/locations/gen8a/text_la_30000_fr.txt,9094d84b9580b0f427950cd73ce472f0487faded,220,indexed
locations,la,PKHeX.Core/Resources/text/locations/gen8a/text_la_30000_it.txt,fd54348aebcaefb08c69e94726256200129e5bc5,196,indexed
locations,la,PKHeX.Core/Resources/text/locations/gen8a/text_la_30000_ja.txt,457ee848643dc6bceddb1ad4d1b7e2a4bd313334,475,indexed
locations,la,PKHeX.Core/Resources/text/locations/gen8a/text_la_30000_ko.txt,647214ca342b33b48cd7f7eb23d138c773fe796a,324,indexed
locations,la,PKHeX.Core/Resources/text/locations/gen8a/text_la_30000_zh-Hans.txt,355b7ac4b532fdcf3d3dba78a73eb28d23208f53,322,indexed
locations,la,PKHeX.Core/Resources/text/locations/gen8a/text_la_30000_zh-Hant.txt,93b7888bac3a6b11a4ef085760accfa1cf64cd27,319,indexed
locations,la,PKHeX.Core/Resources/text/locations/gen8a/text_la_40000_de.txt,c6fc4a40558555d5b7620db62da2a78fccc987a0,1250,indexed
locations,la,PKHeX.Core/Resources/text/locations/gen8a/text_la_40000_en.txt,edf6378f8a58edba29b7776cc6f1fa660c0d6d06,1257,indexed
locations,la,PKHeX.Core/Resources/text/locations/gen8a/text_la_40000_es-419.txt,6ef2b5251e5f6149bf794c688e7d7cbddb3404d2,1345,indexed
locations,la,PKHeX.Core/Resources/text/locations/gen8a/text_la_40000_es.txt,6e0cb118da612236520fd07fe43eaaf522735fe0,1327,indexed
locations,la,PKHeX.Core/Resources/text/locations/gen8a/text_la_40000_fr.txt,76609309aa846f5592adf1a7fed2aa04dae86fcd,1375,indexed
locations,la,PKHeX.Core/Resources/text/locations/gen8a/text_la_40000_it.txt,fba11758f351df3003108188bd2a57213a5201d5,1208,indexed
locations,la,PKHeX.Core/Resources/text/locations/gen8a/text_la_40000_ja.txt,5d510c4d19fc4e6793fb08a23991f9ec31ee05d2,1827,indexed
locations,la,PKHeX.Core/Resources/text/locations/gen8a/text_la_40000_ko.txt,942988ddad989bea1da5cdedaa684cab91ebc1a9,1146,indexed
locations,la,PKHeX.Core/Resources/text/locations/gen8a/text_la_40000_zh-Hans.txt,80f5320646a4d9613432d9bf3ad8686083898157,1474,indexed
locations,la,PKHeX.Core/Resources/text/locations/gen8a/text_la_40000_zh-Hant.txt,7137df4f52642ef144c2d775989895807be269e4,1482,indexed
locations,la,PKHeX.Core/Resources/text/locations/gen8a/text_la_60000_de.txt,6d82d023f0c8aa0dc337947840ed53c72b981ad3,67,indexed
locations,la,PKHeX.Core/Resources/text/locations/gen8a/text_la_60000_en.txt,ebc1954ad9126d7ac4e7c2832591cdb628d0b502,73,indexed
locations,la,PKHeX.Core/Resources/text/locations/gen8a/text_la_60000_es-419.txt,cea5aefee294bc884e6d8c453f5d26d931cd0f73,68,indexed
locations,la,PKHeX.Core/Resources/text/locations/gen8a/text_la_60000_es.txt,cea5aefee294bc884e6d8c453f5d26d931cd0f73,68,indexed
locations,la,PKHeX.Core/Resources/text/locations/gen8a/text_la_60000_fr.txt,5b994fdfaefe9b8ffd63585ac7115d2395501067,92,indexed
locations,la,PKHeX.Core/Resources/text/locations/gen8a/text_la_60000_it.txt,c9a0e46e353aca5e50c75d7eaa04e3cab1c8ec53,66,indexed
locations,la,PKHeX.Core/Resources/text/locations/gen8a/text_la_60000_ja.txt,9e89927dec06b64567a444cc40c25b592ae29eb7,100,indexed
locations,la,PKHeX.Core/Resources/text/locations/gen8a/text_la_60000_ko.txt,38cc06a9b4c7342892d78053fd2c711c537ba5a1,67,indexed
locations,la,PKHeX.Core/Resources/text/locations/gen8a/text_la_60000_zh-Hans.txt,7e76786093fc94577eb6a91fd7fc38c269033950,49,indexed
locations,la,PKHeX.Core/Resources/text/locations/gen8a/text_la_60000_zh-Hant.txt,bc87f55dc80409168a3ea9321fe5c0865a73be35,49,indexed
locations,bdsp,PKHeX.Core/Resources/text/locations/gen8b/text_bdsp_00000_de.txt,c3594f9c728c72b74e08e010a9f61a6b7a4005dc,10675,indexed
locations,bdsp,PKHeX.Core/Resources/text/locations/gen8b/text_bdsp_00000_en.txt,72a2e5a1a87682e7a1f86f612b17ba083040bc8f,11372,indexed
locations,bdsp,PKHeX.Core/Resources/text/locations/gen8b/text_bdsp_00000_es-419.txt,6b20362ea67075d8ed14e8a330cff32474a8e31e,12246,indexed
locations,bdsp,PKHeX.Core/Resources/text/locations/gen8b/text_bdsp_00000_es.txt,6b20362ea67075d8ed14e8a330cff32474a8e31e,12246,indexed
locations,bdsp,PKHeX.Core/Resources/text/locations/gen8b/text_bdsp_00000_fr.txt,655039efb1f9f9d96c17e173982d1e2008ebef47,12227,indexed
locations,bdsp,PKHeX.Core/Resources/text/locations/gen8b/text_bdsp_00000_it.txt,3bcad3ccb8df524b2ddfc6fd646186cbc47b1c13,12328,indexed
locations,bdsp,PKHeX.Core/Resources/text/locations/gen8b/text_bdsp_00000_ja.txt,a7486056b9881738f9e319d2b17be0607766fc10,18118,indexed
locations,bdsp,PKHeX.Core/Resources/text/locations/gen8b/text_bdsp_00000_ko.txt,c9e1d62b39154ea9a4979560a21346e1bfd3233b,11917,indexed
locations,bdsp,PKHeX.Core/Resources/text/locations/gen8b/text_bdsp_00000_zh-Hans.txt,3b6e4c0e668a46ebc04913d3b142ce7c4288244b,10702,indexed
locations,bdsp,PKHeX.Core/Resources/text/locations/gen8b/text_bdsp_00000_zh-Hant.txt,bc756fb03b8c4406bae5b6f29c282da7598f96f6,10702,indexed
locations,bdsp,PKHeX.Core/Resources/text/locations/gen8b/text_bdsp_30000_de.txt,e503ddbbe5bb6f588886272db5e0706614ef4cf3,297,indexed
locations,bdsp,PKHeX.Core/Resources/text/locations/gen8b/text_bdsp_30000_en.txt,38bc5247584acad89eb407b496e999080bff4f97,338,indexed
locations,bdsp,PKHeX.Core/Resources/text/locations/gen8b/text_bdsp_30000_es-419.txt,b6caf97d161bf2b069ac32db81e3bec968ca76ce,232,indexed
locations,bdsp,PKHeX.Core/Resources/text/locations/gen8b/text_bdsp_30000_es.txt,b6caf97d161bf2b069ac32db81e3bec968ca76ce,232,indexed
locations,bdsp,PKHeX.Core/Resources/text/locations/gen8b/text_bdsp_30000_fr.txt,ad3e02a2d9303fa81d594a337c7c32199777061e,216,indexed
locations,bdsp,PKHeX.Core/Resources/text/locations/gen8b/text_bdsp_30000_it.txt,b32df5c99a9107e89f047e831b2edd4d6e16d94c,192,indexed
locations,bdsp,PKHeX.Core/Resources/text/locations/gen8b/text_bdsp_30000_ja.txt,0e36b02d1f62dc3b8dcbef5efc0109ba305244ae,458,indexed
locations,bdsp,PKHeX.Core/Resources/text/locations/gen8b/text_bdsp_30000_ko.txt,5ee7d2448cb8e92179648bc653360da4df4c5294,310,indexed
locations,bdsp,PKHeX.Core/Resources/text/locations/gen8b/text_bdsp_30000_zh-Hans.txt,54ff682ee7439de87eb3e1a2fb91ff50f08a3e4a,311,indexed
locations,bdsp,PKHeX.Core/Resources/text/locations/gen8b/text_bdsp_30000_zh-Hant.txt,d0a3b62f3bb69152d8a29274a000b4396c695246,308,indexed
locations,bdsp,PKHeX.Core/Resources/text/locations/gen8b/text_bdsp_40000_de.txt,005bf779bd7a2be873e7929daa6256dc43aeb58f,1204,indexed
locations,bdsp,PKHeX.Core/Resources/text/locations/gen8b/text_bdsp_40000_en.txt,f924bce88ec890aa9f2d1d1ba28e9cc26e73a3cf,1211,indexed
locations,bdsp,PKHeX.Core/Resources/text/locations/gen8b/text_bdsp_40000_es-419.txt,76924a9fa1405fb3877b8845927b483dabce4765,1281,indexed
locations,bdsp,PKHeX.Core/Resources/text/locations/gen8b/text_bdsp_40000_es.txt,76924a9fa1405fb3877b8845927b483dabce4765,1281,indexed
locations,bdsp,PKHeX.Core/Resources/text/locations/gen8b/text_bdsp_40000_fr.txt,d337a33cb4ea9538b51c38390b372babe92c7706,1328,indexed
locations,bdsp,PKHeX.Core/Resources/text/locations/gen8b/text_bdsp_40000_it.txt,931b461ac14ade7f5c8a0dfc5bb746996f38c20f,1162,indexed
locations,bdsp,PKHeX.Core/Resources/text/locations/gen8b/text_bdsp_40000_ja.txt,e01db0443ec546af67d0158b5be98ea439eafa83,1781,indexed
locations,bdsp,PKHeX.Core/Resources/text/locations/gen8b/text_bdsp_40000_ko.txt,2439599b50d8dbe9579c13c6bf66f0a934f03a1c,1100,indexed
locations,bdsp,PKHeX.Core/Resources/text/locations/gen8b/text_bdsp_40000_zh-Hans.txt,80a89feb9844ab2715676e70796e248828b9eacb,1428,indexed
locations,bdsp,PKHeX.Core/Resources/text/locations/gen8b/text_bdsp_40000_zh-Hant.txt,1a4050e8c8ad1a4096917f02906eaac7a9a200be,1436,indexed
locations,bdsp,PKHeX.Core/Resources/text/locations/gen8b/text_bdsp_60000_de.txt,6f62cb6c8bffcdcbfff7bacf416113165cb8848c,112,indexed
locations,bdsp,PKHeX.Core/Resources/text/locations/gen8b/text_bdsp_60000_en.txt,5202de1e5ab5d4a2f72b352a3cd7999d8ec1374b,126,indexed
locations,bdsp,PKHeX.Core/Resources/text/locations/gen8b/text_bdsp_60000_es-419.txt,319e1110d71b11f0fd03efc597cb562770b3c3f2,122,indexed
locations,bdsp,PKHeX.Core/Resources/text/locations/gen8b/text_bdsp_60000_es.txt,319e1110d71b11f0fd03efc597cb562770b3c3f2,122,indexed
locations,bdsp,PKHeX.Core/Resources/text/locations/gen8b/text_bdsp_60000_fr.txt,3f28b1a7eb997d023a2063027282f59fc9dc5ef5,129,indexed
locations,bdsp,PKHeX.Core/Resources/text/locations/gen8b/text_bdsp_60000_it.txt,214279867dc43f593f551846206f7cdf03b52fb7,123,indexed
locations,bdsp,PKHeX.Core/Resources/text/locations/gen8b/text_bdsp_60000_ja.txt,75473d24a7cca1bd24b673473c85d099251b7008,182,indexed
locations,bdsp,PKHeX.Core/Resources/text/locations/gen8b/text_bdsp_60000_ko.txt,d95b154bde0de5e0e7a7695876b83c09a90c1762,133,indexed
locations,bdsp,PKHeX.Core/Resources/text/locations/gen8b/text_bdsp_60000_zh-Hans.txt,9afe12116081be4681e3d290cd4296d351467657,110,indexed
locations,bdsp,PKHeX.Core/Resources/text/locations/gen8b/text_bdsp_60000_zh-Hant.txt,c9ea5f0123b45cb6527a7dc0aac039c42e458b9d,110,indexed
locations,sv,PKHeX.Core/Resources/text/locations/gen9/text_sv_00000_de.txt,a54034681687279fe77d83310b31fd54f0c6757f,1922,indexed
locations,sv,PKHeX.Core/Resources/text/locations/gen9/text_sv_00000_en.txt,cf1ced511a09b4a903fe14d73601b0f9702c27a1,2055,indexed
locations,sv,PKHeX.Core/Resources/text/locations/gen9/text_sv_00000_es-419.txt,a6c4b619f00bd1ea60b20ef6aac78a80010dc09f,2032,indexed
locations,sv,PKHeX.Core/Resources/text/locations/gen9/text_sv_00000_es.txt,bac83414d8c51e9d27c83c93a04320d483e10f2c,2033,indexed
locations,sv,PKHeX.Core/Resources/text/locations/gen9/text_sv_00000_fr.txt,3d0709b10ee77c87a51fa65e415add293b383b9b,2016,indexed
locations,sv,PKHeX.Core/Resources/text/locations/gen9/text_sv_00000_it.txt,291f3c458c0b0deb86151cb5e472a3ced87e92ca,1931,indexed
locations,sv,PKHeX.Core/Resources/text/locations/gen9/text_sv_00000_ja.txt,a6998874c0110985494e54fe92b8b115c1691412,2433,indexed
locations,sv,PKHeX.Core/Resources/text/locations/gen9/text_sv_00000_ko.txt,1d7b0198533dbd2a04451ef0d49ee8dd8a9e81bc,2157,indexed
locations,sv,PKHeX.Core/Resources/text/locations/gen9/text_sv_00000_zh-Hans.txt,80fc1d78ee92506bda007c5e51e9a5dd08375e1e,1614,indexed
locations,sv,PKHeX.Core/Resources/text/locations/gen9/text_sv_00000_zh-Hant.txt,0e88256dbd52d9f86e5cc6aad0593113d3093c6a,1614,indexed
locations,sv,PKHeX.Core/Resources/text/locations/gen9/text_sv_30000_de.txt,00e7f342da383c843edcf9b767a4313569abb40e,332,indexed
locations,sv,PKHeX.Core/Resources/text/locations/gen9/text_sv_30000_en.txt,9b1eb847850897908d6a344968bff0f475b21c1e,379,indexed
locations,sv,PKHeX.Core/Resources/text/locations/gen9/text_sv_30000_es-419.txt,6f924d3757f38799da9d0b77e74a2219beddd641,253,indexed
locations,sv,PKHeX.Core/Resources/text/locations/gen9/text_sv_30000_es.txt,89ae68635a67846f4ade1c377778d5de818f531f,261,indexed
locations,sv,PKHeX.Core/Resources/text/locations/gen9/text_sv_30000_fr.txt,55c29344cdcc0d09df0d3410db92d151edd98ba1,250,indexed
locations,sv,PKHeX.Core/Resources/text/locations/gen9/text_sv_30000_it.txt,4dfebe6dd46a5a4b22287ae3b6b9a79ba613e46f,327,indexed
locations,sv,PKHeX.Core/Resources/text/locations/gen9/text_sv_30000_ja.txt,eee11d0574a2ba28ee6465fead52ce9c0d59c5b6,435,indexed
locations,sv,PKHeX.Core/Resources/text/locations/gen9/text_sv_30000_ko.txt,24a3be55428393e1828153e0a0f3ff5e6d7a2c6e,347,indexed
locations,sv,PKHeX.Core/Resources/text/locations/gen9/text_sv_30000_zh-Hans.txt,0646e44b6001917f7aec48f30949693cbd28457b,342,indexed
locations,sv,PKHeX.Core/Resources/text/locations/gen9/text_sv_30000_zh-Hant.txt,ec73d6f1e47b3a4e31d8e856f59bdfdc95782cf6,342,indexed
locations,sv,PKHeX.Core/Resources/text/locations/gen9/text_sv_40000_de.txt,dcda52bbaf1b3a0d1197a87bf3b6891736a22a43,1262,indexed
locations,sv,PKHeX.Core/Resources/text/locations/gen9/text_sv_40000_en.txt,f1efefcbf51abc793d427d6a39d61331dba28082,1269,indexed
locations,sv,PKHeX.Core/Resources/text/locations/gen9/text_sv_40000_es-419.txt,8badcc3c8164976260f20eef78ac8ed5c96dfefc,1357,indexed
locations,sv,PKHeX.Core/Resources/text/locations/gen9/text_sv_40000_es.txt,8badcc3c8164976260f20eef78ac8ed5c96dfefc,1357,indexed
locations,sv,PKHeX.Core/Resources/text/locations/gen9/text_sv_40000_fr.txt,04188b0f9dea5ae7e50c7fa53f1eb05a8eadaaa3,1386,indexed
locations,sv,PKHeX.Core/Resources/text/locations/gen9/text_sv_40000_it.txt,4e8b27a18f3700bb1c15d5f4d77d61a8fe3af0f8,1385,indexed
locations,sv,PKHeX.Core/Resources/text/locations/gen9/text_sv_40000_ja.txt,7736f5d8ee47dbbc4345fbbc3fdad92a28c1e5d6,1779,indexed
locations,sv,PKHeX.Core/Resources/text/locations/gen9/text_sv_40000_ko.txt,7d4a713aa84feca284203309bf28660f5ba54520,1158,indexed
locations,sv,PKHeX.Core/Resources/text/locations/gen9/text_sv_40000_zh-Hans.txt,2b4da155a2e82164382e9abe080ef02e4deecdc2,1486,indexed
locations,sv,PKHeX.Core/Resources/text/locations/gen9/text_sv_40000_zh-Hant.txt,0d3776e2988521b75bceff1109c8a34ccd24d76b,1486,indexed
locations,sv,PKHeX.Core/Resources/text/locations/gen9/text_sv_60000_de.txt,0e60878878fd39f3cbaf9cb9598f051393150cb0,71,indexed
locations,sv,PKHeX.Core/Resources/text/locations/gen9/text_sv_60000_en.txt,1baa36b8b3db59ca4e306ecf5e1cd7d59af60b28,84,indexed
locations,sv,PKHeX.Core/Resources/text/locations/gen9/text_sv_60000_es-419.txt,41f2351f3803eab8c3049bdfb643f7ab3bc658fb,74,indexed
locations,sv,PKHeX.Core/Resources/text/locations/gen9/text_sv_60000_es.txt,41f2351f3803eab8c3049bdfb643f7ab3bc658fb,74,indexed
locations,sv,PKHeX.Core/Resources/text/locations/gen9/text_sv_60000_fr.txt,456b1ab64938b44c630e1516b8fa10b9838a3492,97,indexed
locations,sv,PKHeX.Core/Resources/text/locations/gen9/text_sv_60000_it.txt,411e7c53c3fc575be5862f9b0f14d2ecb3f464bf,107,indexed
locations,sv,PKHeX.Core/Resources/text/locations/gen9/text_sv_60000_ja.txt,8941aea63f342f63a0ae4a041ee766c61d42fc4d,104,indexed
locations,sv,PKHeX.Core/Resources/text/locations/gen9/text_sv_60000_ko.txt,4c28dbad0afec5949aaf5c7f81aaa9a058cd07de,77,indexed
locations,sv,PKHeX.Core/Resources/text/locations/gen9/text_sv_60000_zh-Hans.txt,f9480bd25fd277b1506ee4fd5078933ff6908884,59,indexed
locations,sv,PKHeX.Core/Resources/text/locations/gen9/text_sv_60000_zh-Hant.txt,d819a2f1e50224047f641317bb597d9fc519303f,59,indexed
locations,za,PKHeX.Core/Resources/text/locations/gen9a/text_za_00000_de.txt,da7b2800bdbbb98312b52c82334e7ccfc2ec40dd,3743,indexed
locations,za,PKHeX.Core/Resources/text/locations/gen9a/text_za_00000_en.txt,412fddbcb8fb3e222d2c11e52e203011ba5e9192,3829,indexed
locations,za,PKHeX.Core/Resources/text/locations/gen9a/text_za_00000_es-419.txt,ff801046a4e2a5fba268ef0eb122105b149a969b,4648,indexed
locations,za,PKHeX.Core/Resources/text/locations/gen9a/text_za_00000_es.txt,612c8bc45918d0814cbd370b3402c58b39fc5807,4546,indexed
locations,za,PKHeX.Core/Resources/text/locations/gen9a/text_za_00000_fr.txt,d749c54e157ab17f8497b2136b582a9bc8cbc505,4957,indexed
locations,za,PKHeX.Core/Resources/text/locations/gen9a/text_za_00000_it.txt,99ea97527e07a423aa2358ff7cd8e41359b1aeae,5198,indexed
locations,za,PKHeX.Core/Resources/text/locations/gen9a/text_za_00000_ja.txt,6a4c7f536ba0bc757f64417c9541c00b56643f8d,5982,indexed
locations,za,PKHeX.Core/Resources/text/locations/gen9a/text_za_00000_ko.txt,62ccb6f3e7f0fd06191ab9e08eec21e06fabd8d6,4496,indexed
locations,za,PKHeX.Core/Resources/text/locations/gen9a/text_za_00000_zh-Hans.txt,c66d3a72ae7507b81558ce5c88803ecfcdb6262b,4241,indexed
locations,za,PKHeX.Core/Resources/text/locations/gen9a/text_za_00000_zh-Hant.txt,f3dc37ad6d8b9343361ec06bcc7df71136473923,4250,indexed
locations,za,PKHeX.Core/Resources/text/locations/gen9a/text_za_30000_de.txt,89ebb7afbc440190e1983f68d0505d333f9f8866,505,indexed
locations,za,PKHeX.Core/Resources/text/locations/gen9a/text_za_30000_en.txt,e9d8a3766311d7dd1410d320c708afee56fff607,569,indexed
locations,za,PKHeX.Core/Resources/text/locations/gen9a/text_za_30000_es-419.txt,c06f76a7510cac4c068322e537d496c310a24cca,452,indexed
locations,za,PKHeX.Core/Resources/text/locations/gen9a/text_za_30000_es.txt,88f07834c3e681690d499631dd2e7c7e66c65d52,466,indexed
locations,za,PKHeX.Core/Resources/text/locations/gen9a/text_za_30000_fr.txt,a3b69e828cd7f55f4156b485b225ab0ef3cc42ed,461,indexed
locations,za,PKHeX.Core/Resources/text/locations/gen9a/text_za_30000_it.txt,c92541c9f79db7f93edc499a6d528de041b63a5c,428,indexed
locations,za,PKHeX.Core/Resources/text/locations/gen9a/text_za_30000_ja.txt,c9ff9a77b827300ab908c59ec0c779e77cd07040,678,indexed
locations,za,PKHeX.Core/Resources/text/locations/gen9a/text_za_30000_ko.txt,94ec31779286fc8df680db6e759f0652e45a4cf2,549,indexed
locations,za,PKHeX.Core/Resources/text/locations/gen9a/text_za_30000_zh-Hans.txt,3c1b2d92d362a9b6a817129f3b59e8208f4c3e26,533,indexed
locations,za,PKHeX.Core/Resources/text/locations/gen9a/text_za_30000_zh-Hant.txt,1d47eef647eeba533c4145a7eb1e5cf1848aea17,533,indexed
locations,za,PKHeX.Core/Resources/text/locations/gen9a/text_za_40000_de.txt,3a5cd9921bb6c27d43c32762df2beddbf001bcd2,1066,indexed
locations,za,PKHeX.Core/Resources/text/locations/gen9a/text_za_40000_en.txt,519738d0a6dfd946ec288f65694cb21e714caa81,1078,indexed
locations,za,PKHeX.Core/Resources/text/locations/gen9a/text_za_40000_es-419.txt,a2e1194ca7edd23edfa66bd6046d9e8a6868baa6,1722,indexed
locations,za,PKHeX.Core/Resources/text/locations/gen9a/text_za_40000_es.txt,281a23f480dab5829fb58fd09a9887d9b567ed41,1152,indexed
locations,za,PKHeX.Core/Resources/text/locations/gen9a/text_za_40000_fr.txt,1c357dec4bfbaceb470d32bac801b8bec2383d02,1175,indexed
locations,za,PKHeX.Core/Resources/text/locations/gen9a/text_za_40000_it.txt,380663bf66b6c3e4fd87f05adb34737d0738d0a5,1004,indexed
locations,za,PKHeX.Core/Resources/text/locations/gen9a/text_za_40000_ja.txt,6b1c1b2f2e643adc76aa18bb52b0e26ffb6f65e1,1518,indexed
locations,za,PKHeX.Core/Resources/text/locations/gen9a/text_za_40000_ko.txt,2ab673f0317122be0c1ad5c2ce7b6f3fa375d27d,979,indexed
locations,za,PKHeX.Core/Resources/text/locations/gen9a/text_za_40000_zh-Hans.txt,ac3cced47d81d5843fde25ccd475f44b8841aad0,1249,indexed
locations,za,PKHeX.Core/Resources/text/locations/gen9a/text_za_40000_zh-Hant.txt,099d16bc19b445d67de52ec4f441175463517c1e,1249,indexed
locations,za,PKHeX.Core/Resources/text/locations/gen9a/text_za_60000_de.txt,a66b2c9da58dcd3236099b12c4382d1bf312c62f,81,indexed
locations,za,PKHeX.Core/Resources/text/locations/gen9a/text_za_60000_en.txt,a15b5dd282666924c6d31e0203867dc83b328a64,92,indexed
locations,za,PKHeX.Core/Resources/text/locations/gen9a/text_za_60000_es-419.txt,bd5610b155eb0f6b45e30e3541191c572862a8f7,85,indexed
locations,za,PKHeX.Core/Resources/text/locations/gen9a/text_za_60000_es.txt,bd5610b155eb0f6b45e30e3541191c572862a8f7,85,indexed
locations,za,PKHeX.Core/Resources/text/locations/gen9a/text_za_60000_fr.txt,9c44b9f64069db52de7ec20488e78769d14f9c8f,100,indexed
locations,za,PKHeX.Core/Resources/text/locations/gen9a/text_za_60000_it.txt,486456cb65eb4109f327604b3ffd35be47827a2e,77,indexed
locations,za,PKHeX.Core/Resources/text/locations/gen9a/text_za_60000_ja.txt,73e48b6a6b1dae113ab12b7914292c413504d203,113,indexed
locations,za,PKHeX.Core/Resources/text/locations/gen9a/text_za_60000_ko.txt,2aedee3e9f8fa9d33e4c0d415569c304eb443d81,80,indexed
locations,za,PKHeX.Core/Resources/text/locations/gen9a/text_za_60000_zh-Hans.txt,d155c41a4c0ac2810bb319a67bc1cf50d50fa8b4,62,indexed
locations,za,PKHeX.Core/Resources/text/locations/gen9a/text_za_60000_zh-Hant.txt,c47f66a439dccc86d4a368a61208f26083fdd198,62,indexed
move_logic,,PKHeX.Core/Moves/MoveInfo.cs,29a9d5278f04c3229e57a3f9395a757b8d5d1077,9055,indexed
move_logic,,PKHeX.Core/Moves/MoveInfo1.cs,a86794fd4e42713f59ac7c9dc1519702d0f1c583,1750,indexed
move_logic,,PKHeX.Core/Moves/MoveInfo2.cs,6880b3f866b960bc47aa4c361f76a26728c7729b,1331,indexed
move_logic,,PKHeX.Core/Moves/MoveInfo3.cs,f3a645b885bce2db1bf612b186f605c6f5008e8b,1783,indexed
move_logic,,PKHeX.Core/Moves/MoveInfo4.cs,c083c22979167df5d0d83f81ed3c6337dd8daafa,2283,indexed
move_logic,,PKHeX.Core/Moves/MoveInfo5.cs,2c60ff1426f51b9739c3d45d78413fff647db6ff,5206,indexed
move_logic,,PKHeX.Core/Moves/MoveInfo6.cs,1fe46fa879ff99484bf58fefaf38e42edf02879c,2963,indexed
move_logic,,PKHeX.Core/Moves/MoveInfo7.cs,47fcfe32f9bdb570dc5b3bb8f9f940757110b8ba,3431,indexed
move_logic,,PKHeX.Core/Moves/MoveInfo7b.cs,57a5f9228867658f5c8d92044ac57dd7270f4806,5106,indexed
move_logic,,PKHeX.Core/Moves/MoveInfo8.cs,41fb20a5957c60c63ef477c92e595b3773856567,5003,indexed
move_logic,,PKHeX.Core/Moves/MoveInfo8a.cs,3d2dcf6feb31b0b30ab09c14eaade0832307d1da,5185,indexed
move_logic,,PKHeX.Core/Moves/MoveInfo8b.cs,c929b3edb45f9422b3867709113d7a8cd7d666ad,1379,indexed
move_logic,,PKHeX.Core/Moves/MoveInfo9.cs,4435d1c565b865cca7d0af644751606ae5ba83fd,9556,indexed
move_logic,,PKHeX.Core/Moves/MoveInfo9a.cs,69922a8e756d65f1b786c37391798b2148ed0c88,9608,indexed
move_logic,,PKHeX.Core/Moves/MoveInfoGO.cs,75c550026a3cbe07cfbca2daa81671df65560919,3687,indexed
move_logic,,PKHeX.Core/Moves/VirtualConsolePP.cs,a998eb3b0a46234ca30940728837b61cc9ea3fe3,11620,indexed
mystery_gift_db,,PKHeX.Core/Resources/legality/mgdb/event1.pkl,63a7976a6c6a7b5922c2d7aedec46ffcda148c9c,88,binary_decode_pending
mystery_gift_db,,PKHeX.Core/Resources/legality/mgdb/event2.pkl,6cf1058cbf6dfec4872327317a869c6db87d6c66,1884,binary_decode_pending
mystery_gift_db,,PKHeX.Core/Resources/legality/mgdb/pgf.pkl,25a202503ee215c0c26bd93f7420dad7f7c7d5d5,145345,binary_decode_pending
mystery_gift_db,,PKHeX.Core/Resources/legality/mgdb/wa8.pkl,798d31136fa86ec64891e70fb39e87a4760a6904,13528,binary_decode_pending
mystery_gift_db,,PKHeX.Core/Resources/legality/mgdb/wa9.pkl,3963d104fdc35918c5bad6de8cad108ab09837a1,12104,binary_decode_pending
mystery_gift_db,,PKHeX.Core/Resources/legality/mgdb/wb7full.pkl,3b2b2a20edb6a2f1e8f1c555cdc8226b5cb3b4c7,12544,binary_decode_pending
mystery_gift_db,,PKHeX.Core/Resources/legality/mgdb/wb8.pkl,7b398d382c41b037fc5bfb41df845656d7ef2064,13176,binary_decode_pending
mystery_gift_db,,PKHeX.Core/Resources/legality/mgdb/wc4.pkl,a263c381a949b0355d18aeb2120ac989e901cff2,505040,binary_decode_pending
mystery_gift_db,,PKHeX.Core/Resources/legality/mgdb/wc6.pkl,18ed09e67d01ce465065e60054b7f93b30c3b7be,109824,binary_decode_pending
mystery_gift_db,,PKHeX.Core/Resources/legality/mgdb/wc6full.pkl,5debb58015d9ba7bd7101357fa485c42772d9adc,330848,binary_decode_pending
mystery_gift_db,,PKHeX.Core/Resources/legality/mgdb/wc7.pkl,8846313eccea80e86ee47a2d15bc214409c514ef,35904,binary_decode_pending
mystery_gift_db,,PKHeX.Core/Resources/legality/mgdb/wc7full.pkl,f2efedd3fd841a70496891eb92400797b8990744,627984,binary_decode_pending
mystery_gift_db,,PKHeX.Core/Resources/legality/mgdb/wc8.pkl,b87ab3684a41fd151992fd3af1cb8e625aa363cd,683280,binary_decode_pending
mystery_gift_db,,PKHeX.Core/Resources/legality/mgdb/wc9.pkl,15dfa402282a83e1e9d3cccb80ced2a1551c44e1,162336,binary_decode_pending
mystery_gift_format,,PKHeX.Core/MysteryGifts/DataMysteryGift.cs,6de5e42b5dce2b5849eb658245ea6ef4ea5208fc,898,indexed
mystery_gift_format,,PKHeX.Core/MysteryGifts/MysteryGift.cs,81685f69cd7b1ec2cbf745c5d207d0a676f4e9fd,11604,indexed
mystery_gift_format,,PKHeX.Core/MysteryGifts/MysteryUtil.cs,e6881863610cba4e47cd2a0c255232b28631db6c,10994,indexed
mystery_gift_format,,PKHeX.Core/MysteryGifts/PCD.cs,afed6fb6e206e127d6d681e360a2ce85ec9da8ba,9301,indexed
mystery_gift_format,,PKHeX.Core/MysteryGifts/PGF.cs,540a8f78c9a25053a294b4c92ae605ff925d4e30,20849,indexed
mystery_gift_format,,PKHeX.Core/MysteryGifts/PGT.cs,5828553381ede8cdb0332e48ddc51248139f2287,20793,indexed
mystery_gift_format,,PKHeX.Core/MysteryGifts/PL6.cs,269c3c5353513ff1e3d35758f3a3ae0c617345d4,14042,indexed
mystery_gift_format,,PKHeX.Core/MysteryGifts/ShinyType6.cs,a7717d5521a195a3a20b0f0af4fb6e7fc33f3bfa,618,indexed
mystery_gift_format,,PKHeX.Core/MysteryGifts/ShinyType8.cs,e9f3af8676402084718e06744c41ffc98235d013,735,indexed
mystery_gift_format,,PKHeX.Core/MysteryGifts/WA8.cs,4e3fa6143fadcee997efab9be0dd2378b47dbb97,40439,indexed
mystery_gift_format,,PKHeX.Core/MysteryGifts/WA9.cs,1f3ce0ceb2d322e98841dc37191aa9d0f94d4f36,43946,indexed
mystery_gift_format,,PKHeX.Core/MysteryGifts/WB7.cs,c857e9adfe83ca247f26b933a3cd9f7dd4e228bb,27020,indexed
mystery_gift_format,,PKHeX.Core/MysteryGifts/WB8.cs,0b0aea4f2bfa0a4b182d0118b89708b67ab866f0,41591,indexed
mystery_gift_format,,PKHeX.Core/MysteryGifts/WC5Full.cs,c10c677e39595acfbabd47978d403bc2fd2f5b2c,1435,indexed
mystery_gift_format,,PKHeX.Core/MysteryGifts/WC6.cs,254c8567843a8e1492936f632d0c4adf26104ade,26154,indexed
mystery_gift_format,,PKHeX.Core/MysteryGifts/WC6Full.cs,37b34fde6bd9f4e4d5d863aa2f8755ab07726272,1894,indexed
mystery_gift_format,,PKHeX.Core/MysteryGifts/WC7.cs,fe876e558d1e2e68c2a0db6ef0a45a2fc3eb3f1a,27241,indexed
mystery_gift_format,,PKHeX.Core/MysteryGifts/WC7Full.cs,eecdf2efda713e5e6cdef0daab25c8ef507edfe3,1894,indexed
mystery_gift_format,,PKHeX.Core/MysteryGifts/WC8.cs,5c9181178a8507089d35aca345fdc0fcc1bb3d43,43450,indexed
mystery_gift_format,,PKHeX.Core/MysteryGifts/WC9.cs,dc40639d617de0f74b0e254550bbe6142105a810,46243,indexed
mystery_gift_format,,PKHeX.Core/MysteryGifts/WR7.cs,2dbd30fc77d1cfd6e3e5592b98829ff8493ae643,6278,indexed
personal,,PKHeX.Core/Resources/byte/personal/hmtm_g3.pkl,76a435faa24a00a1b256d539238c2d153cc4595c,4652,binary_decode_pending
personal,ao,PKHeX.Core/Resources/byte/personal/personal_ao,5263c9cbeb92bd15f4d1b8a691e5391eb91aac7a,66080,binary_decode_pending
personal,b2w2,PKHeX.Core/Resources/byte/personal/personal_b2w2,9236ad139126af222e915650dbda70d6df897399,53884,binary_decode_pending
personal,bdsp,PKHeX.Core/Resources/byte/personal/personal_bdsp,25e7ec955631e1378f5bebdb520f1bd0da59f14e,38080,binary_decode_pending
personal,bw,PKHeX.Core/Resources/byte/personal/personal_bw,de1a0654e8540a5c7e5c8b5e6448db50bb6d8c55,40080,binary_decode_pending
personal,c,PKHeX.Core/Resources/byte/personal/personal_c,a4c5debd2f2156d6a87df160232d780f5ef569c8,8064,binary_decode_pending
personal,dp,PKHeX.Core/Resources/byte/personal/personal_dp,786fa05a9770af017736490e1b68de8d492e5a50,22044,binary_decode_pending
personal,e,PKHeX.Core/Resources/byte/personal/personal_e,102fbfdd76ce94fe28efcbd8735fb7175ca36ffd,10836,binary_decode_pending
personal,fr,PKHeX.Core/Resources/byte/personal/personal_fr,b27f7f8c1902695e97a5a48835266b1c7c7d1ef1,10836,binary_decode_pending
personal,gg,PKHeX.Core/Resources/byte/personal/personal_gg,1a7fa16b2d2c5fcb876202e25a63336fe2932d38,82320,binary_decode_pending
personal,gs,PKHeX.Core/Resources/byte/personal/personal_gs,05130b80bd5e223b6cf75993482d10c16f8a033d,8064,binary_decode_pending
personal,hgss,PKHeX.Core/Resources/byte/personal/personal_hgss,25f70175542096ce5f3c6214146d794b314716bc,22352,binary_decode_pending
personal,la,PKHeX.Core/Resources/byte/personal/personal_la,5ece060de236b87fb73e0131b32765bc3d3924a8,224576,binary_decode_pending
personal,lg,PKHeX.Core/Resources/byte/personal/personal_lg,8b7b3a39091e25bd6ee53d901bd28e9ffe77bbe5,10836,binary_decode_pending
personal,pt,PKHeX.Core/Resources/byte/personal/personal_pt,6915c641371adeeae278119a5340c72302133687,22352,binary_decode_pending
personal,rb,PKHeX.Core/Resources/byte/personal/personal_rb,a9b10fb9a1123a1dcb7eb839c7c2fd715a4aa735,4256,binary_decode_pending
personal,rs,PKHeX.Core/Resources/byte/personal/personal_rs,caffa70afc672d60afdc8d30eaa7c14f569521aa,10836,binary_decode_pending
personal,sm,PKHeX.Core/Resources/byte/personal/personal_sm,a5b7a73fa01445ec7c95d8656e2fd37f2b277dc8,80724,binary_decode_pending
personal,sv,PKHeX.Core/Resources/byte/personal/personal_sv,a44a6621a093e0e82944a7cc0c08f1408bc7a6dd,113920,binary_decode_pending
personal,swsh,PKHeX.Core/Resources/byte/personal/personal_swsh,36ce653dc5693252b9a301e77d48b387f8f1de68,209792,binary_decode_pending
personal,uu,PKHeX.Core/Resources/byte/personal/personal_uu,3803c5242a0e021f18ec8219ec78faab3a16de82,81984,binary_decode_pending
personal,xy,PKHeX.Core/Resources/byte/personal/personal_xy,defb7168d5bfa4be68ef0ed800e0eb0ce4846ce9,51136,binary_decode_pending
personal,y,PKHeX.Core/Resources/byte/personal/personal_y,cc0b17be429d80587b472a725c4dde1fa454a38c,4256,binary_decode_pending
personal,za,PKHeX.Core/Resources/byte/personal/personal_za,022653cf69cc732a73f5200087ff167599200ef5,115600,binary_decode_pending
personal,sv,PKHeX.Core/Resources/byte/personal/reminder_sv.pkl,09a926b2e5e6c3408a200bd704399ae03a2b7e7b,3482,binary_decode_pending
personal,za,PKHeX.Core/Resources/byte/personal/reminder_za.pkl,09a926b2e5e6c3408a200bd704399ae03a2b7e7b,3482,binary_decode_pending
personal,,PKHeX.Core/Resources/byte/personal/tutors_g3.pkl,258da131016ae210842ad131a94aed204d89de66,3104,binary_decode_pending
personal,,PKHeX.Core/Resources/byte/personal/tutors_g4.pkl,d18a9bb95e35ece27b40aeaa481b3c873a9d0a4c,6104,binary_decode_pending
pkm_format,,PKHeX.Core/PKM/BK4.cs,b4f52edbfcb371a44ad58e1a79db4513b68b10dc,28939,schema_extract_pending
pkm_format,,PKHeX.Core/PKM/CK3.cs,4505e6f71aa9c4b02f6f87e73517f4c5294a2b65,19378,schema_extract_pending
pkm_format,,PKHeX.Core/PKM/PA8.cs,e61b74aa534709aa19b6f6be043e9ca62e6d3927,50325,schema_extract_pending
pkm_format,,PKHeX.Core/PKM/PA9.cs,84b3b83dfbddf1a1cafc7cd862c59e48950d0863,46888,schema_extract_pending
pkm_format,,PKHeX.Core/PKM/PB7.cs,f78d437cfdfe640de5f8dabc935270eedadfeb58,40858,schema_extract_pending
pkm_format,,PKHeX.Core/PKM/PB8.cs,92805df3c83d6c7f8dbd028f3908279cc878090c,5128,schema_extract_pending
pkm_format,,PKHeX.Core/PKM/PK1.cs,a4b692ae7045afb9d11ea3a3b6e25b94c0c4de8b,14177,schema_extract_pending
pkm_format,,PKHeX.Core/PKM/PK2.cs,4fb92a0d00f48b84e3293746436acbd621150f6b,14807,schema_extract_pending
pkm_format,,PKHeX.Core/PKM/PK3.cs,460bc93c34fabcf8bf6980b169d656c08b6efa15,23376,schema_extract_pending
pkm_format,,PKHeX.Core/PKM/PK4.cs,e49f0629e2071f4d59c8285abfc849775742f853,31567,schema_extract_pending
pkm_format,,PKHeX.Core/PKM/PK5.cs,e099c58bcb41e978998168adc783d3240f9a985b,41386,schema_extract_pending
pkm_format,,PKHeX.Core/PKM/PK6.cs,f78ca1f144ad0d220a7c09199fc0a8251772ac0d,36252,schema_extract_pending
pkm_format,,PKHeX.Core/PKM/PK7.cs,5d7456161d7d5f9ec5eff2a5b5e42c23ca07e798,40479,schema_extract_pending
pkm_format,,PKHeX.Core/PKM/PK8.cs,3e3e05db5903cf50a4a045af820166f80b09d5a7,5154,schema_extract_pending
pkm_format,,PKHeX.Core/PKM/PK9.cs,3435e5213da93ee5e230fe47881b3609eddd4819,46147,schema_extract_pending
pkm_format,,PKHeX.Core/PKM/RK4.cs,bbcecb23198dd029684e9352a8d113c73a34be72,29037,schema_extract_pending
pkm_format,,PKHeX.Core/PKM/SK2.cs,8445a9eeaa4b4e1679e32e7378ce06e1e4384065,11119,schema_extract_pending
pkm_format,,PKHeX.Core/PKM/XK3.cs,1a51cb25dff4362df2b0a70f42d9d179e0b3e2c3,19821,schema_extract_pending
save_format,,PKHeX.Core/Saves/SAV_BEEF.cs,bde4a9a3a35a0c3db23633dbeffebf60007f095c,1931,schema_extract_pending
save_format,,PKHeX.Core/Saves/SAV_STADIUM.cs,ad2b6ee18c642027d523f230d6bd5cd70595da8d,4020,schema_extract_pending
save_format,,PKHeX.Core/Saves/SAV1.cs,2e781f3d574ae98f261a1f7551ca4255dc9cbd30,21154,schema_extract_pending
save_format,,PKHeX.Core/Saves/SAV1Stadium.cs,3dfd006d218734056d495b52bf1a97c15b47fa1f,15341,schema_extract_pending
save_format,,PKHeX.Core/Saves/SAV1StadiumJ.cs,40363c347e41b107e05eb1e0de5a8fb5c86f8945,5675,schema_extract_pending
save_format,,PKHeX.Core/Saves/SAV2.cs,5d6e11ccaca0b5c661fd23c54cd23348d773ad8e,27783,schema_extract_pending
save_format,,PKHeX.Core/Saves/SAV2Stadium.cs,6cac0a25b6efaa0f23c8426db237d1922a3eace6,11863,schema_extract_pending
save_format,,PKHeX.Core/Saves/SAV3.cs,7f2a5f544939521d14d210f5453eb2ff69671336,29101,schema_extract_pending
save_format,,PKHeX.Core/Saves/SAV3Colosseum.cs,5be4b0d682434c2f974ae58f5a10ebe3c5bc26fe,13679,schema_extract_pending
save_format,,PKHeX.Core/Saves/SAV3E.cs,e116a2ff8ceb8c522f840c9384988cf12c217f59,3066,schema_extract_pending
save_format,,PKHeX.Core/Saves/SAV3FRLG.cs,359551ab6a72f91e128bb012d33d2121641545f0,3066,schema_extract_pending
save_format,,PKHeX.Core/Saves/SAV3RS.cs,4eecc00ffaf937f73bbf19093526acbdf8c062f6,2268,schema_extract_pending
save_format,,PKHeX.Core/Saves/SAV3RSBox.cs,de3ba2a44d12f1dee9977c4ea809319a65dc9886,8634,schema_extract_pending
save_format,,PKHeX.Core/Saves/SAV3XD.cs,a5e01607bdf0e42696730ed548a1130035ed3242,14302,schema_extract_pending
save_format,,PKHeX.Core/Saves/SAV4.cs,591efd7906f415a517ebc27c15df5dbe9831c872,34273,schema_extract_pending
save_format,,PKHeX.Core/Saves/SAV4BR.cs,475b9c47c295e7f64a5009cf543ce555c1a4c986,24562,schema_extract_pending
save_format,,PKHeX.Core/Saves/SAV4DP.cs,26c86edaa77421eb23a36caa00a76b5045023770,5182,schema_extract_pending
save_format,,PKHeX.Core/Saves/SAV4HGSS.cs,1307dd08d9f0a54b72e6bbf734daeaaadf82c891,13931,schema_extract_pending
save_format,,PKHeX.Core/Saves/SAV4Pt.cs,9b5e5f7c1223fa1c6ca83ee2dd4487b0e3877751,8113,schema_extract_pending
save_format,,PKHeX.Core/Saves/SAV4Ranch.cs,5d584cef2b832b77bf2556652cb22465eeafd9b9,10218,schema_extract_pending
save_format,,PKHeX.Core/Saves/SAV4Sinnoh.cs,c4ed20afd8f74311f4c2b36891df8e99fb8db27b,9225,schema_extract_pending
save_format,,PKHeX.Core/Saves/SAV5.cs,e272738cf91e195fc19115c922ab9c9cef43977e,15284,schema_extract_pending
save_format,,PKHeX.Core/Saves/SAV5B2W2.cs,c27e4ec93ae809f69d863a181439a8ef86f43181,6283,schema_extract_pending
save_format,,PKHeX.Core/Saves/SAV5BW.cs,418e145085c03e978685e181ba7ad7d76bfef730,3214,schema_extract_pending
save_format,,PKHeX.Core/Saves/SAV6.cs,226fc9aa82a4f472df4170d7b5631d8ba32a0dbc,6719,schema_extract_pending
save_format,,PKHeX.Core/Saves/SAV6AO.cs,ab8a3baa4d5d8811e8256edb45bde6aa9172dca9,5622,schema_extract_pending
save_format,,PKHeX.Core/Saves/SAV6AODemo.cs,0dbcb95408050b1e1b37e515d6b3d6dd5e5aca5c,2458,schema_extract_pending
save_format,,PKHeX.Core/Saves/SAV6XY.cs,3be5c82097f2a506099d835bffc644aaf5fe5925,6717,schema_extract_pending
save_format,,PKHeX.Core/Saves/SAV7.cs,456eee14d1a8d9187114322697a5058f674633e3,10265,schema_extract_pending
save_format,,PKHeX.Core/Saves/SAV7b.cs,3d8ab5c29dbfe6b5206c27be5712b85fb685ad2b,7618,schema_extract_pending
save_format,,PKHeX.Core/Saves/SAV7SM.cs,bd73573c90b31ddea5b0a926aa845b7b22092979,3138,schema_extract_pending
save_format,,PKHeX.Core/Saves/SAV7USUM.cs,8daec16723524c170eaab87b67c3a34372d86c3a,3565,schema_extract_pending
save_format,,PKHeX.Core/Saves/SAV8BS.cs,b73adce551eccc832d1aaef9ff312bf2b353b401,16778,schema_extract_pending
save_format,,PKHeX.Core/Saves/SAV8LA.cs,74e364632251e39408592fa17d00dab8ef2195a4,10858,schema_extract_pending
save_format,,PKHeX.Core/Saves/SAV8SWSH.cs,f15931e9124c16031634682ac4580e834f9e17a5,13566,schema_extract_pending
save_format,,PKHeX.Core/Saves/SAV9SV.cs,aa80bbec582b9e400dc4ce1b96d554c0af3888d2,17940,schema_extract_pending
save_format,,PKHeX.Core/Saves/SAV9ZA.cs,cde13aa03e26c3f469310b4ce2ce0bacb2db01fd,10922,schema_extract_pending
save_format,,PKHeX.Core/Saves/SaveFile.cs,285526fc0ded36187fc7968e25f595321cab74bd,32435,schema_extract_pending
save_format,,PKHeX.Core/Saves/SaveFileMetadata.cs,75eed6021eb03a708acb267f3a9607c12d38a264,8502,schema_extract_pending
save_format,,PKHeX.Core/Saves/SaveFileState.cs,1d998ca47729762013673feedebaaddf5ebbc505,497,schema_extract_pending
