species_num,species,species_ja,species_ko,full_name,form_name,form_index,form_index_basis,introduced_gen,state_kind,battle_only,cosmetic,type1,type2,hp,atk,def,spe,spa,spd,abilities,required_item,required_move,required_ability,required_tera_type,changes_from,battle_only_from,nonstandard,source,notes,form_argument,form_argument_basis,verification_status
3,Venusaur,フシギバナ,이상해꽃,Venusaur,Base,0,showdown_formeOrder,1,base_form,no,no,Grass,Poison,80,82,83,80,100,100,Overgrow|Chlorophyll,,,,,,,,PokemonShowdown@2ddfa0476f8207e12e204b1c69f7c7683b17633c;PKHeX@8ad201e80244f630ab5a46922ab72fb79c5ad4f4,,,,reference_order_only
3,Venusaur,フシギバナ,이상해꽃,Venusaur-Gmax,Gmax,,not_persistent_form_id_gigantamax,8,battle_transformation,no,no,Grass,Poison,80,82,83,80,100,100,Overgrow|Chlorophyll,,,,,Venusaur,,,PokemonShowdown@2ddfa0476f8207e12e204b1c69f7c7683b17633c;PKHeX@8ad201e80244f630ab5a46922ab72fb79c5ad4f4,,,,semantic_verified_not_persistent
3,Venusaur,フシギバナ,이상해꽃,Venusaur-Mega,Mega,1,showdown_formeOrder,6,battle_transformation,no,no,Grass,Poison,80,100,123,80,122,120,Thick Fat,Venusaurite,,,,,,,PokemonShowdown@2ddfa0476f8207e12e204b1c69f7c7683b17633c;PKHeX@8ad201e80244f630ab5a46922ab72fb79c5ad4f4,,,,reference_order_only
6,Charizard,リザードン,리자몽,Charizard,Base,0,showdown_formeOrder,1,base_form,no,no,Fire,Flying,78,84,78,100,109,85,Blaze|Solar Power,,,,,,,,PokemonShowdown@2ddfa0476f8207e12e204b1c69f7c7683b17633c;PKHeX@8ad201e80244f630ab5a46922ab72fb79c5ad4f4,,,,reference_order_only
6,Charizard,リザードン,리자몽,Charizard-Gmax,Gmax,,not_persistent_form_id_gigantamax,8,battle_transformation,no,no,Fire,Flying,78,84,78,100,109,85,Blaze|Solar Power,,,,,Charizard,,,PokemonShowdown@2ddfa0476f8207e12e204b1c69f7c7683b17633c;PKHeX@8ad201e80244f630ab5a46922ab72fb79c5ad4f4,,,,semantic_verified_not_persistent
6,Charizard,リザードン,리자몽,Charizard-Mega-X,Mega-X,1,showdown_formeOrder,6,battle_transformation,no,no,Fire,Dragon,78,130,111,100,130,85,Tough Claws,Charizardite X,,,,,,,PokemonShowdown@2ddfa0476f8207e12e204b1c69f7c7683b17633c;PKHeX@8ad201e80244f630ab5a46922ab72fb79c5ad4f4,,,,reference_order_only
6,Charizard,リザードン,리자몽,Charizard-Mega-Y,Mega-Y,2,showdown_formeOrder,6,battle_transformation,no,no,Fire,Flying,78,104,78,100,159,115,Drought,Charizardite Y,,,,,,,PokemonShowdown@2ddfa0476f8207e12e204b1c69f7c7683b17633c;PKHeX@8ad201e80244f630ab5a46922ab72fb79c5ad4f4,,,,reference_order_only
9,Blastoise,カメックス,거북왕,Blastoise,Base,0,showdown_formeOrder,1,base_form,no,no,Water,,79,83,100,78,85,105,Torrent|Rain Dish,,,,,,,,PokemonShowdown@2ddfa0476f8207e12e204b1c69f7c7683b17633c;PKHeX@8ad201e80244f630ab5a46922ab72fb79c5ad4f4,,,,reference_order_only
9,Blastoise,カメックス,거북왕,Blastoise-Gmax,Gmax,,not_persistent_form_id_gigantamax,8,battle_transformation,no,no,Water,,79,83,100,78,85,105,Torrent|Rain Dish,,,,,Blastoise,,,PokemonShowdown@2ddfa0476f8207e12e204b1c69f7c7683b17633c;PKHeX@8ad201e80244f630ab5a46922ab72fb79c5ad4f4,,,,semantic_verified_not_persistent
9,Blastoise,カメックス,거북왕,Blastoise-Mega,Mega,1,showdown_formeOrder,6,battle_transformation,no,no,Water,,79,103,120,78,135,115,Mega Launcher,Blastoisinite,,,,,,,PokemonShowdown@2ddfa0476f8207e12e204b1c69f7c7683b17633c;PKHeX@8ad201e80244f630ab5a46922ab72fb79c5ad4f4,,,,reference_order_only
12,Butterfree,バタフリー,버터플,Butterfree,Base,0,base_default,1,base_form,no,no,Bug,Flying,60,45,50,70,90,80,Compound Eyes|Tinted Lens,,,,,,,,PokemonShowdown@2ddfa0476f8207e12e204b1c69f7c7683b17633c;PKHeX@8ad201e80244f630ab5a46922ab72fb79c5ad4f4,,,,base_identity
12,Butterfree,バタフリー,버터플,Butterfree-Gmax,Gmax,,not_persistent_form_id_gigantamax,8,battle_transformation,no,no,Bug,Flying,60,45,50,70,90,80,Compound Eyes|Tinted Lens,,,,,Butterfree,,,PokemonShowdown@2ddfa0476f8207e12e204b1c69f7c7683b17633c;PKHeX@8ad201e80244f630ab5a46922ab72fb79c5ad4f4,,,,semantic_verified_not_persistent
15,Beedrill,スピアー,독침붕,Beedrill,Base,0,showdown_formeOrder,1,base_form,no,no,Bug,Poison,65,90,40,75,45,80,Swarm|Sniper,,,,,,,,PokemonShowdown@2ddfa0476f8207e12e204b1c69f7c7683b17633c;PKHeX@8ad201e80244f630ab5a46922ab72fb79c5ad4f4,,,,reference_order_only
15,Beedrill,スピアー,독침붕,Beedrill-Mega,Mega,1,showdown_formeOrder,6,battle_transformation,no,no,Bug,Poison,65,150,40,145,15,80,Adaptability,Beedrillite,,,,,,,PokemonShowdown@2ddfa0476f8207e12e204b1c69f7c7683b17633c;PKHeX@8ad201e80244f630ab5a46922ab72fb79c5ad4f4,,,,reference_order_only
18,Pidgeot,ピジョット,피죤투,Pidgeot,Base,0,showdown_formeOrder,1,base_form,no,no,Normal,Flying,83,80,75,101,70,70,Keen Eye|Tangled Feet|Big Pecks,,,,,,,,PokemonShowdown@2ddfa0476f8207e12e204b1c69f7c7683b17633c;PKHeX@8ad201e80244f630ab5a46922ab72fb79c5ad4f4,,,,reference_order_only
18,Pidgeot,ピジョット,피죤투,Pidgeot-Mega,Mega,1,showdown_formeOrder,6,battle_transformation,no,no,Normal,Flying,83,80,80,121,135,80,No Guard,Pidgeotite,,,,,,,PokemonShowdown@2ddfa0476f8207e12e204b1c69f7c7683b17633c;PKHeX@8ad201e80244f630ab5a46922ab72fb79c5ad4f4,,,,reference_order_only
19,Rattata,コラッタ,꼬렛,Rattata,Base,0,showdown_formeOrder,1,base_form,no,no,Normal,,30,56,35,72,25,35,Run Away|Guts|Hustle,,,,,,,,PokemonShowdown@2ddfa0476f8207e12e204b1c69f7c7683b17633c;PKHeX@8ad201e80244f630ab5a46922ab72fb79c5ad4f4,,,,reference_order_only
19,Rattata,コラッタ,꼬렛,Rattata-Alola,Alola,1,showdown_formeOrder,7,persistent_identity,no,no,Dark,Normal,30,56,35,72,25,35,Gluttony|Hustle|Thick Fat,,,,,,,,PokemonShowdown@2ddfa0476f8207e12e204b1c69f7c7683b17633c;PKHeX@8ad201e80244f630ab5a46922ab72fb79c5ad4f4,,,,reference_order_only
20,Raticate,ラッタ,레트라,Raticate,Base,0,showdown_formeOrder,1,base_form,no,no,Normal,,55,81,60,97,50,70,Run Away|Guts|Hustle,,,,,,,,PokemonShowdown@2ddfa0476f8207e12e204b1c69f7c7683b17633c;PKHeX@8ad201e80244f630ab5a46922ab72fb79c5ad4f4,,,,reference_order_only
20,Raticate,ラッタ,레트라,Raticate-Alola,Alola,1,showdown_formeOrder,7,persistent_identity,no,no,Dark,Normal,75,71,70,77,40,80,Gluttony|Hustle|Thick Fat,,,,,,,,PokemonShowdown@2ddfa0476f8207e12e204b1c69f7c7683b17633c;PKHeX@8ad201e80244f630ab5a46922ab72fb79c5ad4f4,,,,reference_order_only
20,Raticate,ラッタ,레트라,Raticate-Alola-Totem,Alola-Totem,2,showdown_formeOrder,7,hidden_internal_form,no,no,Dark,Normal,75,71,70,77,40,80,Thick Fat,,,,,,,,PokemonShowdown@2ddfa0476f8207e12e204b1c69f7c7683b17633c;PKHeX@8ad201e80244f630ab5a46922ab72fb79c5ad4f4,,,,reference_order_only
25,Pikachu,ピカチュウ,피카츄,Pikachu,Base,0,showdown_formeOrder,1,base_form,no,no,Electric,,35,55,40,90,50,50,Static|Lightning Rod,,,,,,,,PokemonShowdown@2ddfa0476f8207e12e204b1c69f7c7683b17633c;PKHeX@8ad201e80244f630ab5a46922ab72fb79c5ad4f4,,,,reference_order_only
25,Pikachu,ピカチュウ,피카츄,Pikachu-Gmax,Gmax,,not_persistent_form_id_gigantamax,8,battle_transformation,no,no,Electric,,35,55,40,90,50,50,Static|Lightning Rod,,,,,Pikachu,,,PokemonShowdown@2ddfa0476f8207e12e204b1c69f7c7683b17633c;PKHeX@8ad201e80244f630ab5a46922ab72fb79c5ad4f4,,,,semantic_verified_not_persistent
25,Pikachu,ピカチュウ,피카츄,Pikachu-Original,Original,1,showdown_formeOrder,7,persistent_identity,no,no,Electric,,35,55,40,90,50,50,Static|Lightning Rod,,,,,,,,PokemonShowdown@2ddfa0476f8207e12e204b1c69f7c7683b17633c;PKHeX@8ad201e80244f630ab5a46922ab72fb79c5ad4f4,,,,reference_order_only
25,Pikachu,ピカチュウ,피카츄,Pikachu-Hoenn,Hoenn,2,showdown_formeOrder,7,persistent_identity,no,no,Electric,,35,55,40,90,50,50,Static|Lightning Rod,,,,,,,,PokemonShowdown@2ddfa0476f8207e12e204b1c69f7c7683b17633c;PKHeX@8ad201e80244f630ab5a46922ab72fb79c5ad4f4,,,,reference_order_only
25,Pikachu,ピカチュウ,피카츄,Pikachu-Sinnoh,Sinnoh,3,showdown_formeOrder,7,persistent_identity,no,no,Electric,,35,55,40,90,50,50,Static|Lightning Rod,,,,,,,,PokemonShowdown@2ddfa0476f8207e12e204b1c69f7c7683b17633c;PKHeX@8ad201e80244f630ab5a46922ab72fb79c5ad4f4,,,,reference_order_only
25,Pikachu,ピカチュウ,피카츄,Pikachu-Unova,Unova,4,showdown_formeOrder,7,persistent_identity,no,no,Electric,,35,55,40,90,50,50,Static|Lightning Rod,,,,,,,,PokemonShowdown@2ddfa0476f8207e12e204b1c69f7c7683b17633c;PKHeX@8ad201e80244f630ab5a46922ab72fb79c5ad4f4,,,,reference_order_only
25,Pikachu,ピカチュウ,피카츄,Pikachu-Kalos,Kalos,5,showdown_formeOrder,7,persistent_identity,no,no,Electric,,35,55,40,90,50,50,Static|Lightning Rod,,,,,,,,PokemonShowdown@2ddfa0476f8207e12e204b1c69f7c7683b17633c;PKHeX@8ad201e80244f630ab5a46922ab72fb79c5ad4f4,,,,reference_order_only
25,Pikachu,ピカチュウ,피카츄,Pikachu-Alola,Alola,6,showdown_formeOrder,7,persistent_identity,no,no,Electric,,35,55,40,90,50,50,Static|Lightning Rod,,,,,,,,PokemonShowdown@2ddfa0476f8207e12e204b1c69f7c7683b17633c;PKHeX@8ad201e80244f630ab5a46922ab72fb79c5ad4f4,,,,reference_order_only
25,Pikachu,ピカチュウ,피카츄,Pikachu-Partner,Partner,7,showdown_formeOrder,7,persistent_identity,no,no,Electric,,35,55,40,90,50,50,Static|Lightning Rod,,,,,,,,PokemonShowdown@2ddfa0476f8207e12e204b1c69f7c7683b17633c;PKHeX@8ad201e80244f630ab5a46922ab72fb79c5ad4f4,,,,reference_order_only
25,Pikachu,ピカチュウ,피카츄,Pikachu-Starter,Starter,8,showdown_formeOrder,1,persistent_identity,no,no,Electric,,45,80,50,120,75,60,Static|Lightning Rod,,,,,,,,PokemonShowdown@2ddfa0476f8207e12e204b1c69f7c7683b17633c;PKHeX@8ad201e80244f630ab5a46922ab72fb79c5ad4f4,,,,reference_order_only
25,Pikachu,ピカチュウ,피카츄,Pikachu-World,World,9,showdown_formeOrder,8,persistent_identity,no,no,Electric,,35,55,40,90,50,50,Static|Lightning Rod,,,,,,,,PokemonShowdown@2ddfa0476f8207e12e204b1c69f7c7683b17633c;PKHeX@8ad201e80244f630ab5a46922ab72fb79c5ad4f4,,,,reference_order_only
25,Pikachu,ピカチュウ,피카츄,Pikachu-Rock-Star,Rock-Star,10,showdown_formeOrder,6,persistent_identity,no,no,Electric,,35,55,40,90,50,50,Lightning Rod,,,,,Pikachu-Cosplay,,,PokemonShowdown@2ddfa0476f8207e12e204b1c69f7c7683b17633c;PKHeX@8ad201e80244f630ab5a46922ab72fb79c5ad4f4,,,,reference_order_only
25,Pikachu,ピカチュウ,피카츄,Pikachu-Belle,Belle,11,showdown_formeOrder,6,persistent_identity,no,no,Electric,,35,55,40,90,50,50,Lightning Rod,,,,,Pikachu-Cosplay,,,PokemonShowdown@2ddfa0476f8207e12e204b1c69f7c7683b17633c;PKHeX@8ad201e80244f630ab5a46922ab72fb79c5ad4f4,,,,reference_order_only
25,Pikachu,ピカチュウ,피카츄,Pikachu-Pop-Star,Pop-Star,12,showdown_formeOrder,6,persistent_identity,no,no,Electric,,35,55,40,90,50,50,Lightning Rod,,,,,Pikachu-Cosplay,,,PokemonShowdown@2ddfa0476f8207e12e204b1c69f7c7683b17633c;PKHeX@8ad201e80244f630ab5a46922ab72fb79c5ad4f4,,,,reference_order_only
25,Pikachu,ピカチュウ,피카츄,Pikachu-PhD,PhD,13,showdown_formeOrder,6,persistent_identity,no,no,Electric,,35,55,40,90,50,50,Lightning Rod,,,,,Pikachu-Cosplay,,,PokemonShowdown@2ddfa0476f8207e12e204b1c69f7c7683b17633c;PKHeX@8ad201e80244f630ab5a46922ab72fb79c5ad4f4,,,,reference_order_only
25,Pikachu,ピカチュウ,피카츄,Pikachu-Libre,Libre,14,showdown_formeOrder,6,persistent_identity,no,no,Electric,,35,55,40,90,50,50,Lightning Rod,,,,,Pikachu-Cosplay,,,PokemonShowdown@2ddfa0476f8207e12e204b1c69f7c7683b17633c;PKHeX@8ad201e80244f630ab5a46922ab72fb79c5ad4f4,,,,reference_order_only
25,Pikachu,ピカチュウ,피카츄,Pikachu-Cosplay,Cosplay,15,showdown_formeOrder,6,persistent_identity,no,no,Electric,,35,55,40,90,50,50,Lightning Rod,,,,,,,,PokemonShowdown@2ddfa0476f8207e12e204b1c69f7c7683b17633c;PKHeX@8ad201e80244f630ab5a46922ab72fb79c5ad4f4,,,,reference_order_only
26,Raichu,ライチュウ,라이츄,Raichu,Base,0,showdown_formeOrder,1,base_form,no,no,Electric,,60,90,55,110,90,80,Static|Lightning Rod,,,,,,,,PokemonShowdown@2ddfa0476f8207e12e204b1c69f7c7683b17633c;PKHeX@8ad201e80244f630ab5a46922ab72fb79c5ad4f4,,,,reference_order_only
26,Raichu,ライチュウ,라이츄,Raichu-Alola,Alola,1,showdown_formeOrder,7,persistent_identity,no,no,Electric,Psychic,60,85,50,110,95,85,Surge Surfer,,,,,,,,PokemonShowdown@2ddfa0476f8207e12e204b1c69f7c7683b17633c;PKHeX@8ad201e80244f630ab5a46922ab72fb79c5ad4f4,,,,reference_order_only
26,Raichu,ライチュウ,라이츄,Raichu-Mega-X,Mega-X,2,showdown_formeOrder,9,battle_transformation,no,no,Electric,,60,135,95,110,90,95,Electric Surge,Raichunite X,,,,,,,PokemonShowdown@2ddfa0476f8207e12e204b1c69f7c7683b17633c;PKHeX@8ad201e80244f630ab5a46922ab72fb79c5ad4f4,,,,reference_order_only
26,Raichu,ライチュウ,라이츄,Raichu-Mega-Y,Mega-Y,3,showdown_formeOrder,9,battle_transformation,no,no,Electric,,60,100,55,130,160,80,No Guard,Raichunite Y,,,,,,,PokemonShowdown@2ddfa0476f8207e12e204b1c69f7c7683b17633c;PKHeX@8ad201e80244f630ab5a46922ab72fb79c5ad4f4,,,,reference_order_only
27,Sandshrew,サンド,모래두지,Sandshrew,Base,0,showdown_formeOrder,1,base_form,no,no,Ground,,50,75,85,40,20,30,Sand Veil|Sand Rush,,,,,,,,PokemonShowdown@2ddfa0476f8207e12e204b1c69f7c7683b17633c;PKHeX@8ad201e80244f630ab5a46922ab72fb79c5ad4f4,,,,reference_order_only
27,Sandshrew,サンド,모래두지,Sandshrew-Alola,Alola,1,showdown_formeOrder,7,persistent_identity,no,no,Ice,Steel,50,75,90,40,10,35,Snow Cloak|Slush Rush,,,,,,,,PokemonShowdown@2ddfa0476f8207e12e204b1c69f7c7683b17633c;PKHeX@8ad201e80244f630ab5a46922ab72fb79c5ad4f4,,,,reference_order_only
28,Sandslash,サンドパン,고지,Sandslash,Base,0,showdown_formeOrder,1,base_form,no,no,Ground,,75,100,110,65,45,55,Sand Veil|Sand Rush,,,,,,,,PokemonShowdown@2ddfa0476f8207e12e204b1c69f7c7683b17633c;PKHeX@8ad201e80244f630ab5a46922ab72fb79c5ad4f4,,,,reference_order_only
28,Sandslash,サンドパン,고지,Sandslash-Alola,Alola,1,showdown_formeOrder,7,persistent_identity,no,no,Ice,Steel,75,100,120,65,25,65,Snow Cloak|Slush Rush,,,,,,,,PokemonShowdown@2ddfa0476f8207e12e204b1c69f7c7683b17633c;PKHeX@8ad201e80244f630ab5a46922ab72fb79c5ad4f4,,,,reference_order_only
36,Clefable,ピクシー,픽시,Clefable,Base,0,showdown_formeOrder,1,base_form,no,no,Fairy,,95,70,73,60,95,90,Cute Charm|Magic Guard|Unaware,,,,,,,,PokemonShowdown@2ddfa0476f8207e12e204b1c69f7c7683b17633c;PKHeX@8ad201e80244f630ab5a46922ab72fb79c5ad4f4,,,,reference_order_only
36,Clefable,ピクシー,픽시,Clefable-Mega,Mega,1,showdown_formeOrder,9,battle_transformation,no,no,Fairy,Flying,95,80,93,70,135,110,Magic Bounce,Clefablite,,,,,,,PokemonShowdown@2ddfa0476f8207e12e204b1c69f7c7683b17633c;PKHeX@8ad201e80244f630ab5a46922ab72fb79c5ad4f4,,,,reference_order_only
37,Vulpix,ロコン,식스테일,Vulpix,Base,0,showdown_formeOrder,1,base_form,no,no,Fire,,38,41,40,65,50,65,Flash Fire|Drought,,,,,,,,PokemonShowdown@2ddfa0476f8207e12e204b1c69f7c7683b17633c;PKHeX@8ad201e80244f630ab5a46922ab72fb79c5ad4f4,,,,reference_order_only
37,Vulpix,ロコン,식스테일,Vulpix-Alola,Alola,1,showdown_formeOrder,7,persistent_identity,no,no,Ice,,38,41,40,65,50,65,Snow Cloak|Snow Warning,,,,,,,,PokemonShowdown@2ddfa0476f8207e12e204b1c69f7c7683b17633c;PKHeX@8ad201e80244f630ab5a46922ab72fb79c5ad4f4,,,,reference_order_only
38,Ninetales,キュウコン,나인테일,Ninetales,Base,0,showdown_formeOrder,1,base_form,no,no,Fire,,73,76,75,100,81,100,Flash Fire|Drought,,,,,,,,PokemonShowdown@2ddfa0476f8207e12e204b1c69f7c7683b17633c;PKHeX@8ad201e80244f630ab5a46922ab72fb79c5ad4f4,,,,reference_order_only
38,Ninetales,キュウコン,나인테일,Ninetales-Alola,Alola,1,showdown_formeOrder,7,persistent_identity,no,no,Ice,Fairy,73,67,75,109,81,100,Snow Cloak|Snow Warning,,,,,,,,PokemonShowdown@2ddfa0476f8207e12e204b1c69f7c7683b17633c;PKHeX@8ad201e80244f630ab5a46922ab72fb79c5ad4f4,,,,reference_order_only
50,Diglett,ディグダ,디그다,Diglett,Base,0,showdown_formeOrder,1,base_form,no,no,Ground,,10,55,25,95,35,45,Sand Veil|Arena Trap|Sand Force,,,,,,,,PokemonShowdown@2ddfa0476f8207e12e204b1c69f7c7683b17633c;PKHeX@8ad201e80244f630ab5a46922ab72fb79c5ad4f4,,,,reference_order_only
50,Diglett,ディグダ,디그다,Diglett-Alola,Alola,1,showdown_formeOrder,7,persistent_identity,no,no,Ground,Steel,10,55,30,90,35,45,Sand Veil|Tangling Hair|Sand Force,,,,,,,,PokemonShowdown@2ddfa0476f8207e12e204b1c69f7c7683b17633c;PKHeX@8ad201e80244f630ab5a46922ab72fb79c5ad4f4,,,,reference_order_only
51,Dugtrio,ダグトリオ,닥트리오,Dugtrio,Base,0,showdown_formeOrder,1,base_form,no,no,Ground,,35,100,50,120,50,70,Sand Veil|Arena Trap|Sand Force,,,,,,,,PokemonShowdown@2ddfa0476f8207e12e204b1c69f7c7683b17633c;PKHeX@8ad201e80244f630ab5a46922ab72fb79c5ad4f4,,,,reference_order_only
51,Dugtrio,ダグトリオ,닥트리오,Dugtrio-Alola,Alola,1,showdown_formeOrder,7,persistent_identity,no,no,Ground,Steel,35,100,60,110,50,70,Sand Veil|Tangling Hair|Sand Force,,,,,,,,PokemonShowdown@2ddfa0476f8207e12e204b1c69f7c7683b17633c;PKHeX@8ad201e80244f630ab5a46922ab72fb79c5ad4f4,,,,reference_order_only
52,Meowth,ニャース,나옹,Meowth,Base,0,showdown_formeOrder,1,base_form,no,no,Normal,,40,45,35,90,40,40,Pickup|Technician|Unnerve,,,,,,,,PokemonShowdown@2ddfa0476f8207e12e204b1c69f7c7683b17633c;PKHeX@8ad201e80244f630ab5a46922ab72fb79c5ad4f4,,,,reference_order_only
52,Meowth,ニャース,나옹,Meowth-Gmax,Gmax,,not_persistent_form_id_gigantamax,8,battle_transformation,no,no,Normal,,40,45,35,90,40,40,Pickup|Technician|Unnerve,,,,,Meowth,,,PokemonShowdown@2ddfa0476f8207e12e204b1c69f7c7683b17633c;PKHeX@8ad201e80244f630ab5a46922ab72fb79c5ad4f4,,,,semantic_verified_not_persistent
52,Meowth,ニャース,나옹,Meowth-Alola,Alola,1,showdown_formeOrder,7,persistent_identity,no,no,Dark,,40,35,35,90,50,40,Pickup|Technician|Rattled,,,,,,,,PokemonShowdown@2ddfa0476f8207e12e204b1c69f7c7683b17633c;PKHeX@8ad201e80244f630ab5a46922ab72fb79c5ad4f4,,,,reference_order_only
52,Meowth,ニャース,나옹,Meowth-Galar,Galar,2,showdown_formeOrder,8,persistent_identity,no,no,Steel,,50,65,55,40,40,40,Pickup|Tough Claws|Unnerve,,,,,,,,PokemonShowdown@2ddfa0476f8207e12e204b1c69f7c7683b17633c;PKHeX@8ad201e80244f630ab5a46922ab72fb79c5ad4f4,,,,reference_order_only
53,Persian,ペルシアン,페르시온,Persian,Base,0,showdown_formeOrder,1,base_form,no,no,Normal,,65,70,60,115,65,65,Limber|Technician|Unnerve,,,,,,,,PokemonShowdown@2ddfa0476f8207e12e204b1c69f7c7683b17633c;PKHeX@8ad201e80244f630ab5a46922ab72fb79c5ad4f4,,,,reference_order_only
53,Persian,ペルシアン,페르시온,Persian-Alola,Alola,1,showdown_formeOrder,7,persistent_identity,no,no,Dark,,65,60,60,115,75,65,Fur Coat|Technician|Rattled,,,,,,,,PokemonShowdown@2ddfa0476f8207e12e204b1c69f7c7683b17633c;PKHeX@8ad201e80244f630ab5a46922ab72fb79c5ad4f4,,,,reference_order_only
58,Growlithe,ガーディ,가디,Growlithe,Base,0,showdown_formeOrder,1,base_form,no,no,Fire,,55,70,45,60,70,50,Intimidate|Flash Fire|Justified,,,,,,,,PokemonShowdown@2ddfa0476f8207e12e204b1c69f7c7683b17633c;PKHeX@8ad201e80244f630ab5a46922ab72fb79c5ad4f4,,,,reference_order_only
58,Growlithe,ガーディ,가디,Growlithe-Hisui,Hisui,1,showdown_formeOrder,8,persistent_identity,no,no,Fire,Rock,60,75,45,55,65,50,Intimidate|Flash Fire|Rock Head,,,,,,,,PokemonShowdown@2ddfa0476f8207e12e204b1c69f7c7683b17633c;PKHeX@8ad201e80244f630ab5a46922ab72fb79c5ad4f4,,,,reference_order_only
59,Arcanine,ウインディ,윈디,Arcanine,Base,0,showdown_formeOrder,1,base_form,no,no,Fire,,90,110,80,95,100,80,Intimidate|Flash Fire|Justified,,,,,,,,PokemonShowdown@2ddfa0476f8207e12e204b1c69f7c7683b17633c;PKHeX@8ad201e80244f630ab5a46922ab72fb79c5ad4f4,,,,reference_order_only
59,Arcanine,ウインディ,윈디,Arcanine-Hisui,Hisui,1,showdown_formeOrder,8,persistent_identity,no,no,Fire,Rock,95,115,80,90,95,80,Intimidate|Flash Fire|Rock Head,,,,,,,,PokemonShowdown@2ddfa0476f8207e12e204b1c69f7c7683b17633c;PKHeX@8ad201e80244f630ab5a46922ab72fb79c5ad4f4,,,,reference_order_only
59,Arcanine,ウインディ,윈디,Arcanine-Hisui-Lord,Hisuian-Lord,2,PKHeX_FormInfo_IsLordForm,8,scripted_boss_internal_form,no,no,Fire,Rock,95,115,80,90,95,80,Intimidate|Flash Fire|Rock Head,,,,,,,,PokemonShowdown@2ddfa0476f8207e12e204b1c69f7c7683b17633c;PKHeX@8ad201e80244f630ab5a46922ab72fb79c5ad4f4,Pokémon Legends: Arceus Lord/Lady form; not a normal player-owned form.,,,reference_verified
65,Alakazam,フーディン,후딘,Alakazam,Base,0,showdown_formeOrder,1,base_form,no,no,Psychic,,55,50,45,120,135,95,Synchronize|Inner Focus|Magic Guard,,,,,,,,PokemonShowdown@2ddfa0476f8207e12e204b1c69f7c7683b17633c;PKHeX@8ad201e80244f630ab5a46922ab72fb79c5ad4f4,,,,reference_order_only
65,Alakazam,フーディン,후딘,Alakazam-Mega,Mega,1,showdown_formeOrder,6,battle_transformation,no,no,Psychic,,55,50,65,150,175,105,Trace,Alakazite,,,,,,,PokemonShowdown@2ddfa0476f8207e12e204b1c69f7c7683b17633c;PKHeX@8ad201e80244f630ab5a46922ab72fb79c5ad4f4,,,,reference_order_only
68,Machamp,カイリキー,괴력몬,Machamp,Base,0,base_default,1,base_form,no,no,Fighting,,90,130,80,55,65,85,Guts|No Guard|Steadfast,,,,,,,,PokemonShowdown@2ddfa0476f8207e12e204b1c69f7c7683b17633c;PKHeX@8ad201e80244f630ab5a46922ab72fb79c5ad4f4,,,,base_identity
68,Machamp,カイリキー,괴력몬,Machamp-Gmax,Gmax,,not_persistent_form_id_gigantamax,8,battle_transformation,no,no,Fighting,,90,130,80,55,65,85,Guts|No Guard|Steadfast,,,,,Machamp,,,PokemonShowdown@2ddfa0476f8207e12e204b1c69f7c7683b17633c;PKHeX@8ad201e80244f630ab5a46922ab72fb79c5ad4f4,,,,semantic_verified_not_persistent
71,Victreebel,ウツボット,우츠보트,Victreebel,Base,0,showdown_formeOrder,1,base_form,no,no,Grass,Poison,80,105,65,70,100,70,Chlorophyll|Gluttony,,,,,,,,PokemonShowdown@2ddfa0476f8207e12e204b1c69f7c7683b17633c;PKHeX@8ad201e80244f630ab5a46922ab72fb79c5ad4f4,,,,reference_order_only
71,Victreebel,ウツボット,우츠보트,Victreebel-Mega,Mega,1,showdown_formeOrder,9,battle_transformation,no,no,Grass,Poison,80,125,85,70,135,95,Innards Out,Victreebelite,,,,,,,PokemonShowdown@2ddfa0476f8207e12e204b1c69f7c7683b17633c;PKHeX@8ad201e80244f630ab5a46922ab72fb79c5ad4f4,,,,reference_order_only
74,Geodude,イシツブテ,꼬마돌,Geodude,Base,0,showdown_formeOrder,1,base_form,no,no,Rock,Ground,40,80,100,20,30,30,Rock Head|Sturdy|Sand Veil,,,,,,,,PokemonShowdown@2ddfa0476f8207e12e204b1c69f7c7683b17633c;PKHeX@8ad201e80244f630ab5a46922ab72fb79c5ad4f4,,,,reference_order_only
74,Geodude,イシツブテ,꼬마돌,Geodude-Alola,Alola,1,showdown_formeOrder,7,persistent_identity,no,no,Rock,Electric,40,80,100,20,30,30,Magnet Pull|Sturdy|Galvanize,,,,,,,,PokemonShowdown@2ddfa0476f8207e12e204b1c69f7c7683b17633c;PKHeX@8ad201e80244f630ab5a46922ab72fb79c5ad4f4,,,,reference_order_only
75,Graveler,ゴローン,데구리,Graveler,Base,0,showdown_formeOrder,1,base_form,no,no,Rock,Ground,55,95,115,35,45,45,Rock Head|Sturdy|Sand Veil,,,,,,,,PokemonShowdown@2ddfa0476f8207e12e204b1c69f7c7683b17633c;PKHeX@8ad201e80244f630ab5a46922ab72fb79c5ad4f4,,,,reference_order_only
75,Graveler,ゴローン,데구리,Graveler-Alola,Alola,1,showdown_formeOrder,7,persistent_identity,no,no,Rock,Electric,55,95,115,35,45,45,Magnet Pull|Sturdy|Galvanize,,,,,,,,PokemonShowdown@2ddfa0476f8207e12e204b1c69f7c7683b17633c;PKHeX@8ad201e80244f630ab5a46922ab72fb79c5ad4f4,,,,reference_order_only
76,Golem,ゴローニャ,딱구리,Golem,Base,0,showdown_formeOrder,1,base_form,no,no,Rock,Ground,80,120,130,45,55,65,Rock Head|Sturdy|Sand Veil,,,,,,,,PokemonShowdown@2ddfa0476f8207e12e204b1c69f7c7683b17633c;PKHeX@8ad201e80244f630ab5a46922ab72fb79c5ad4f4,,,,reference_order_only
76,Golem,ゴローニャ,딱구리,Golem-Alola,Alola,1,showdown_formeOrder,7,persistent_identity,no,no,Rock,Electric,80,120,130,45,55,65,Magnet Pull|Sturdy|Galvanize,,,,,,,,PokemonShowdown@2ddfa0476f8207e12e204b1c69f7c7683b17633c;PKHeX@8ad201e80244f630ab5a46922ab72fb79c5ad4f4,,,,reference_order_only
77,Ponyta,ポニータ,포니타,Ponyta,Base,0,showdown_formeOrder,1,base_form,no,no,Fire,,50,85,55,90,65,65,Run Away|Flash Fire|Flame Body,,,,,,,,PokemonShowdown@2ddfa0476f8207e12e204b1c69f7c7683b17633c;PKHeX@8ad201e80244f630ab5a46922ab72fb79c5ad4f4,,,,reference_order_only
77,Ponyta,ポニータ,포니타,Ponyta-Galar,Galar,1,showdown_formeOrder,8,persistent_identity,no,no,Psychic,,50,85,55,90,65,65,Run Away|Pastel Veil|Anticipation,,,,,,,,PokemonShowdown@2ddfa0476f8207e12e204b1c69f7c7683b17633c;PKHeX@8ad201e80244f630ab5a46922ab72fb79c5ad4f4,,,,reference_order_only
78,Rapidash,ギャロップ,날쌩마,Rapidash,Base,0,showdown_formeOrder,1,base_form,no,no,Fire,,65,100,70,105,80,80,Run Away|Flash Fire|Flame Body,,,,,,,,PokemonShowdown@2ddfa0476f8207e12e204b1c69f7c7683b17633c;PKHeX@8ad201e80244f630ab5a46922ab72fb79c5ad4f4,,,,reference_order_only
78,Rapidash,ギャロップ,날쌩마,Rapidash-Galar,Galar,1,showdown_formeOrder,8,persistent_identity,no,no,Psychic,Fairy,65,100,70,105,80,80,Run Away|Pastel Veil|Anticipation,,,,,,,,PokemonShowdown@2ddfa0476f8207e12e204b1c69f7c7683b17633c;PKHeX@8ad201e80244f630ab5a46922ab72fb79c5ad4f4,,,,reference_order_only
79,Slowpoke,ヤドン,야돈,Slowpoke,Base,0,showdown_formeOrder,1,base_form,no,no,Water,Psychic,90,65,65,15,40,40,Oblivious|Own Tempo|Regenerator,,,,,,,,PokemonShowdown@2ddfa0476f8207e12e204b1c69f7c7683b17633c;PKHeX@8ad201e80244f630ab5a46922ab72fb79c5ad4f4,,,,reference_order_only
79,Slowpoke,ヤドン,야돈,Slowpoke-Galar,Galar,1,showdown_formeOrder,8,persistent_identity,no,no,Psychic,,90,65,65,15,40,40,Gluttony|Own Tempo|Regenerator,,,,,,,,PokemonShowdown@2ddfa0476f8207e12e204b1c69f7c7683b17633c;PKHeX@8ad201e80244f630ab5a46922ab72fb79c5ad4f4,,,,reference_order_only
80,Slowbro,ヤドラン,야도란,Slowbro,Base,0,showdown_formeOrder,1,base_form,no,no,Water,Psychic,95,75,110,30,100,80,Oblivious|Own Tempo|Regenerator,,,,,,,,PokemonShowdown@2ddfa0476f8207e12e204b1c69f7c7683b17633c;PKHeX@8ad201e80244f630ab5a46922ab72fb79c5ad4f4,,,,reference_order_only
80,Slowbro,ヤドラン,야도란,Slowbro-Mega,Mega,1,showdown_formeOrder,6,battle_transformation,no,no,Water,Psychic,95,75,180,30,130,80,Shell Armor,Slowbronite,,,,,,,PokemonShowdown@2ddfa0476f8207e12e204b1c69f7c7683b17633c;PKHeX@8ad201e80244f630ab5a46922ab72fb79c5ad4f4,,,,reference_order_only
80,Slowbro,ヤドラン,야도란,Slowbro-Galar,Galar,2,showdown_formeOrder,8,persistent_identity,no,no,Poison,Psychic,95,100,95,30,100,70,Quick Draw|Own Tempo|Regenerator,,,,,,,,PokemonShowdown@2ddfa0476f8207e12e204b1c69f7c7683b17633c;PKHeX@8ad201e80244f630ab5a46922ab72fb79c5ad4f4,,,,reference_order_only
83,Farfetch\u2019d,カモネギ,파오리,Farfetch\u2019d,Base,0,showdown_formeOrder,1,base_form,no,no,Normal,Flying,52,90,55,60,58,62,Keen Eye|Inner Focus|Defiant,,,,,,,,PokemonShowdown@2ddfa0476f8207e12e204b1c69f7c7683b17633c;PKHeX@8ad201e80244f630ab5a46922ab72fb79c5ad4f4,,,,reference_order_only
83,Farfetch\u2019d,カモネギ,파오리,Farfetch\u2019d-Galar,Galar,1,showdown_formeOrder,8,persistent_identity,no,no,Fighting,,52,95,55,55,58,62,Steadfast|Scrappy,,,,,,,,PokemonShowdown@2ddfa0476f8207e12e204b1c69f7c7683b17633c;PKHeX@8ad201e80244f630ab5a46922ab72fb79c5ad4f4,,,,reference_order_only
88,Grimer,ベトベター,질퍽이,Grimer,Base,0,showdown_formeOrder,1,base_form,no,no,Poison,,80,80,50,25,40,50,Stench|Sticky Hold|Poison Touch,,,,,,,,PokemonShowdown@2ddfa0476f8207e12e204b1c69f7c7683b17633c;PKHeX@8ad201e80244f630ab5a46922ab72fb79c5ad4f4,,,,reference_order_only
88,Grimer,ベトベター,질퍽이,Grimer-Alola,Alola,1,showdown_formeOrder,7,persistent_identity,no,no,Poison,Dark,80,80,50,25,40,50,Poison Touch|Gluttony|Power of Alchemy,,,,,,,,PokemonShowdown@2ddfa0476f8207e12e204b1c69f7c7683b17633c;PKHeX@8ad201e80244f630ab5a46922ab72fb79c5ad4f4,,,,reference_order_only
89,Muk,ベトベトン,질뻐기,Muk,Base,0,showdown_formeOrder,1,base_form,no,no,Poison,,105,105,75,50,65,100,Stench|Sticky Hold|Poison Touch,,,,,,,,PokemonShowdown@2ddfa0476f8207e12e204b1c69f7c7683b17633c;PKHeX@8ad201e80244f630ab5a46922ab72fb79c5ad4f4,,,,reference_order_only
89,Muk,ベトベトン,질뻐기,Muk-Alola,Alola,1,showdown_formeOrder,7,persistent_identity,no,no,Poison,Dark,105,105,75,50,65,100,Poison Touch|Gluttony|Power of Alchemy,,,,,,,,PokemonShowdown@2ddfa0476f8207e12e204b1c69f7c7683b17633c;PKHeX@8ad201e80244f630ab5a46922ab72fb79c5ad4f4,,,,reference_order_only
94,Gengar,ゲンガー,팬텀,Gengar,Base,0,showdown_formeOrder,1,base_form,no,no,Ghost,Poison,60,65,60,110,130,75,Cursed Body,,,,,,,,PokemonShowdown@2ddfa0476f8207e12e204b1c69f7c7683b17633c;PKHeX@8ad201e80244f630ab5a46922ab72fb79c5ad4f4,,,,reference_order_only
94,Gengar,ゲンガー,팬텀,Gengar-Gmax,Gmax,,not_persistent_form_id_gigantamax,8,battle_transformation,no,no,Ghost,Poison,60,65,60,110,130,75,Cursed Body,,,,,Gengar,,,PokemonShowdown@2ddfa0476f8207e12e204b1c69f7c7683b17633c;PKHeX@8ad201e80244f630ab5a46922ab72fb79c5ad4f4,,,,semantic_verified_not_persistent
94,Gengar,ゲンガー,팬텀,Gengar-Mega,Mega,1,showdown_formeOrder,6,battle_transformation,no,no,Ghost,Poison,60,65,80,130,170,95,Shadow Tag,Gengarite,,,,,,,PokemonShowdown@2ddfa0476f8207e12e204b1c69f7c7683b17633c;PKHeX@8ad201e80244f630ab5a46922ab72fb79c5ad4f4,,,,reference_order_only
99,Kingler,キングラー,킹크랩,Kingler,Base,0,base_default,1,base_form,no,no,Water,,55,130,115,75,50,50,Hyper Cutter|Shell Armor|Sheer Force,,,,,,,,PokemonShowdown@2ddfa0476f8207e12e204b1c69f7c7683b17633c;PKHeX@8ad201e80244f630ab5a46922ab72fb79c5ad4f4,,,,base_identity
99,Kingler,キングラー,킹크랩,Kingler-Gmax,Gmax,,not_persistent_form_id_gigantamax,8,battle_transformation,no,no,Water,,55,130,115,75,50,50,Hyper Cutter|Shell Armor|Sheer Force,,,,,Kingler,,,PokemonShowdown@2ddfa0476f8207e12e204b1c69f7c7683b17633c;PKHeX@8ad201e80244f630ab5a46922ab72fb79c5ad4f4,,,,semantic_verified_not_persistent
100,Voltorb,ビリリダマ,찌리리공,Voltorb,Base,0,showdown_formeOrder,1,base_form,no,no,Electric,,40,30,50,100,55,55,Soundproof|Static|Aftermath,,,,,,,,PokemonShowdown@2ddfa0476f8207e12e204b1c69f7c7683b17633c;PKHeX@8ad201e80244f630ab5a46922ab72fb79c5ad4f4,,,,reference_order_only
100,Voltorb,ビリリダマ,찌리리공,Voltorb-Hisui,Hisui,1,showdown_formeOrder,8,persistent_identity,no,no,Electric,Grass,40,30,50,100,55,55,Soundproof|Static|Aftermath,,,,,,,,PokemonShowdown@2ddfa0476f8207e12e204b1c69f7c7683b17633c;PKHeX@8ad201e80244f630ab5a46922ab72fb79c5ad4f4,,,,reference_order_only
101,Electrode,マルマイン,붐볼,Electrode,Base,0,showdown_formeOrder,1,base_form,no,no,Electric,,60,50,70,150,80,80,Soundproof|Static|Aftermath,,,,,,,,PokemonShowdown@2ddfa0476f8207e12e204b1c69f7c7683b17633c;PKHeX@8ad201e80244f630ab5a46922ab72fb79c5ad4f4,,,,reference_order_only
101,Electrode,マルマイン,붐볼,Electrode-Hisui,Hisui,1,showdown_formeOrder,8,persistent_identity,no,no,Electric,Grass,60,50,70,150,80,80,Soundproof|Static|Aftermath,,,,,,,,PokemonShowdown@2ddfa0476f8207e12e204b1c69f7c7683b17633c;PKHeX@8ad201e80244f630ab5a46922ab72fb79c5ad4f4,,,,reference_order_only
101,Electrode,マルマイン,붐볼,Electrode-Hisui-Lord,Hisuian-Lord,2,PKHeX_FormInfo_IsLordForm,8,scripted_boss_internal_form,no,no,Electric,Grass,60,50,70,150,80,80,Soundproof|Static|Aftermath,,,,,,,,PokemonShowdown@2ddfa0476f8207e12e204b1c69f7c7683b17633c;PKHeX@8ad201e80244f630ab5a46922ab72fb79c5ad4f4,Pokémon Legends: Arceus Lord/Lady form; not a normal player-owned form.,,,reference_verified
103,Exeggutor,ナッシー,나시,Exeggutor,Base,0,showdown_formeOrder,1,base_form,no,no,Grass,Psychic,95,95,85,55,125,75,Chlorophyll|Harvest,,,,,,,,PokemonShowdown@2ddfa0476f8207e12e204b1c69f7c7683b17633c;PKHeX@8ad201e80244f630ab5a46922ab72fb79c5ad4f4,,,,reference_order_only
103,Exeggutor,ナッシー,나시,Exeggutor-Alola,Alola,1,showdown_formeOrder,7,persistent_identity,no,no,Grass,Dragon,95,105,85,45,125,75,Frisk|Harvest,,,,,,,,PokemonShowdown@2ddfa0476f8207e12e204b1c69f7c7683b17633c;PKHeX@8ad201e80244f630ab5a46922ab72fb79c5ad4f4,,,,reference_order_only
105,Marowak,ガラガラ,텅구리,Marowak,Base,0,showdown_formeOrder,1,base_form,no,no,Ground,,60,80,110,45,50,80,Rock Head|Lightning Rod|Battle Armor,,,,,,,,PokemonShowdown@2ddfa0476f8207e12e204b1c69f7c7683b17633c;PKHeX@8ad201e80244f630ab5a46922ab72fb79c5ad4f4,,,,reference_order_only
105,Marowak,ガラガラ,텅구리,Marowak-Alola,Alola,1,showdown_formeOrder,7,persistent_identity,no,no,Fire,Ghost,60,80,110,45,50,80,Cursed Body|Lightning Rod|Rock Head,,,,,,,,PokemonShowdown@2ddfa0476f8207e12e204b1c69f7c7683b17633c;PKHeX@8ad201e80244f630ab5a46922ab72fb79c5ad4f4,,,,reference_order_only
105,Marowak,ガラガラ,텅구리,Marowak-Alola-Totem,Alola-Totem,2,showdown_formeOrder,7,hidden_internal_form,no,no,Fire,Ghost,60,80,110,45,50,80,Rock Head,,,,,,,,PokemonShowdown@2ddfa0476f8207e12e204b1c69f7c7683b17633c;PKHeX@8ad201e80244f630ab5a46922ab72fb79c5ad4f4,,,,reference_order_only
110,Weezing,マタドガス,또도가스,Weezing,Base,0,showdown_formeOrder,1,base_form,no,no,Poison,,65,90,120,60,85,70,Levitate|Neutralizing Gas|Stench,,,,,,,,PokemonShowdown@2ddfa0476f8207e12e204b1c69f7c7683b17633c;PKHeX@8ad201e80244f630ab5a46922ab72fb79c5ad4f4,,,,reference_order_only
110,Weezing,マタドガス,또도가스,Weezing-Galar,Galar,1,showdown_formeOrder,8,persistent_identity,no,no,Poison,Fairy,65,90,120,60,85,70,Levitate|Neutralizing Gas|Misty Surge,,,,,,,,PokemonShowdown@2ddfa0476f8207e12e204b1c69f7c7683b17633c;PKHeX@8ad201e80244f630ab5a46922ab72fb79c5ad4f4,,,,reference_order_only
115,Kangaskhan,ガルーラ,캥카,Kangaskhan,Base,0,showdown_formeOrder,1,base_form,no,no,Normal,,105,95,80,90,40,80,Early Bird|Scrappy|Inner Focus,,,,,,,,PokemonShowdown@2ddfa0476f8207e12e204b1c69f7c7683b17633c;PKHeX@8ad201e80244f630ab5a46922ab72fb79c5ad4f4,,,,reference_order_only
115,Kangaskhan,ガルーラ,캥카,Kangaskhan-Mega,Mega,1,showdown_formeOrder,6,battle_transformation,no,no,Normal,,105,125,100,100,60,100,Parental Bond,Kangaskhanite,,,,,,,PokemonShowdown@2ddfa0476f8207e12e204b1c69f7c7683b17633c;PKHeX@8ad201e80244f630ab5a46922ab72fb79c5ad4f4,,,,reference_order_only
121,Starmie,スターミー,아쿠스타,Starmie,Base,0,showdown_formeOrder,1,base_form,no,no,Water,Psychic,60,75,85,115,100,85,Illuminate|Natural Cure|Analytic,,,,,,,,PokemonShowdown@2ddfa0476f8207e12e204b1c69f7c7683b17633c;PKHeX@8ad201e80244f630ab5a46922ab72fb79c5ad4f4,,,,reference_order_only
121,Starmie,スターミー,아쿠스타,Starmie-Mega,Mega,1,showdown_formeOrder,9,battle_transformation,no,no,Water,Psychic,60,100,105,120,130,105,Huge Power,Starminite,,,,,,,PokemonShowdown@2ddfa0476f8207e12e204b1c69f7c7683b17633c;PKHeX@8ad201e80244f630ab5a46922ab72fb79c5ad4f4,,,,reference_order_only
122,Mr. Mime,バリヤード,마임맨,Mr. Mime,Base,0,showdown_formeOrder,1,base_form,no,no,Psychic,Fairy,40,45,65,90,100,120,Soundproof|Filter|Technician,,,,,,,,PokemonShowdown@2ddfa0476f8207e12e204b1c69f7c7683b17633c;PKHeX@8ad201e80244f630ab5a46922ab72fb79c5ad4f4,,,,reference_order_only
122,Mr. Mime,バリヤード,마임맨,Mr. Mime-Galar,Galar,1,showdown_formeOrder,8,persistent_identity,no,no,Ice,Psychic,50,65,65,100,90,90,Vital Spirit|Screen Cleaner|Ice Body,,,,,,,,PokemonShowdown@2ddfa0476f8207e12e204b1c69f7c7683b17633c;PKHeX@8ad201e80244f630ab5a46922ab72fb79c5ad4f4,,,,reference_order_only
127,Pinsir,カイロス,쁘사이저,Pinsir,Base,0,showdown_formeOrder,1,base_form,no,no,Bug,,65,125,100,85,55,70,Hyper Cutter|Mold Breaker|Moxie,,,,,,,,PokemonShowdown@2ddfa0476f8207e12e204b1c69f7c7683b17633c;PKHeX@8ad201e80244f630ab5a46922ab72fb79c5ad4f4,,,,reference_order_only
127,Pinsir,カイロス,쁘사이저,Pinsir-Mega,Mega,1,showdown_formeOrder,6,battle_transformation,no,no,Bug,Flying,65,155,120,105,65,90,Aerilate,Pinsirite,,,,,,,PokemonShowdown@2ddfa0476f8207e12e204b1c69f7c7683b17633c;PKHeX@8ad201e80244f630ab5a46922ab72fb79c5ad4f4,,,,reference_order_only
128,Tauros,ケンタロス,켄타로스,Tauros,Base,0,showdown_formeOrder,1,base_form,no,no,Normal,,75,100,95,110,40,70,Intimidate|Anger Point|Sheer Force,,,,,,,,PokemonShowdown@2ddfa0476f8207e12e204b1c69f7c7683b17633c;PKHeX@8ad201e80244f630ab5a46922ab72fb79c5ad4f4,,,,reference_order_only
128,Tauros,ケンタロス,켄타로스,Tauros-Paldea-Combat,Paldea-Combat,1,showdown_formeOrder,9,persistent_identity,no,no,Fighting,,75,110,105,100,30,70,Intimidate|Anger Point|Cud Chew,,,,,,,,PokemonShowdown@2ddfa0476f8207e12e204b1c69f7c7683b17633c;PKHeX@8ad201e80244f630ab5a46922ab72fb79c5ad4f4,,,,reference_order_only
128,Tauros,ケンタロス,켄타로스,Tauros-Paldea-Blaze,Paldea-Blaze,2,showdown_formeOrder,9,persistent_identity,no,no,Fighting,Fire,75,110,105,100,30,70,Intimidate|Anger Point|Cud Chew,,,,,,,,PokemonShowdown@2ddfa0476f8207e12e204b1c69f7c7683b17633c;PKHeX@8ad201e80244f630ab5a46922ab72fb79c5ad4f4,,,,reference_order_only
128,Tauros,ケンタロス,켄타로스,Tauros-Paldea-Aqua,Paldea-Aqua,3,showdown_formeOrder,9,persistent_identity,no,no,Fighting,Water,75,110,105,100,30,70,Intimidate|Anger Point|Cud Chew,,,,,,,,PokemonShowdown@2ddfa0476f8207e12e204b1c69f7c7683b17633c;PKHeX@8ad201e80244f630ab5a46922ab72fb79c5ad4f4,,,,reference_order_only
130,Gyarados,ギャラドス,갸라도스,Gyarados,Base,0,showdown_formeOrder,1,base_form,no,no,Water,Flying,95,125,79,81,60,100,Intimidate|Moxie,,,,,,,,PokemonShowdown@2ddfa0476f8207e12e204b1c69f7c7683b17633c;PKHeX@8ad201e80244f630ab5a46922ab72fb79c5ad4f4,,,,reference_order_only
130,Gyarados,ギャラドス,갸라도스,Gyarados-Mega,Mega,1,showdown_formeOrder,6,battle_transformation,no,no,Water,Dark,95,155,109,81,70,130,Mold Breaker,Gyaradosite,,,,,,,PokemonShowdown@2ddfa0476f8207e12e204b1c69f7c7683b17633c;PKHeX@8ad201e80244f630ab5a46922ab72fb79c5ad4f4,,,,reference_order_only
131,Lapras,ラプラス,라프라스,Lapras,Base,0,base_default,1,base_form,no,no,Water,Ice,130,85,80,60,85,95,Water Absorb|Shell Armor|Hydration,,,,,,,,PokemonShowdown@2ddfa0476f8207e12e204b1c69f7c7683b17633c;PKHeX@8ad201e80244f630ab5a46922ab72fb79c5ad4f4,,,,base_identity
131,Lapras,ラプラス,라프라스,Lapras-Gmax,Gmax,,not_persistent_form_id_gigantamax,8,battle_transformation,no,no,Water,Ice,130,85,80,60,85,95,Water Absorb|Shell Armor|Hydration,,,,,Lapras,,,PokemonShowdown@2ddfa0476f8207e12e204b1c69f7c7683b17633c;PKHeX@8ad201e80244f630ab5a46922ab72fb79c5ad4f4,,,,semantic_verified_not_persistent
133,Eevee,イーブイ,이브이,Eevee,Base,0,showdown_formeOrder,1,base_form,no,no,Normal,,55,55,50,55,45,65,Run Away|Adaptability|Anticipation,,,,,,,,PokemonShowdown@2ddfa0476f8207e12e204b1c69f7c7683b17633c;PKHeX@8ad201e80244f630ab5a46922ab72fb79c5ad4f4,,,,reference_order_only
133,Eevee,イーブイ,이브이,Eevee-Gmax,Gmax,,not_persistent_form_id_gigantamax,8,battle_transformation,no,no,Normal,,55,55,50,55,45,65,Run Away|Adaptability|Anticipation,,,,,Eevee,,,PokemonShowdown@2ddfa0476f8207e12e204b1c69f7c7683b17633c;PKHeX@8ad201e80244f630ab5a46922ab72fb79c5ad4f4,,,,semantic_verified_not_persistent
133,Eevee,イーブイ,이브이,Eevee-Starter,Starter,1,showdown_formeOrder,1,persistent_identity,no,no,Normal,,65,75,70,75,65,85,Run Away|Adaptability|Anticipation,,,,,,,,PokemonShowdown@2ddfa0476f8207e12e204b1c69f7c7683b17633c;PKHeX@8ad201e80244f630ab5a46922ab72fb79c5ad4f4,,,,reference_order_only
142,Aerodactyl,プテラ,프테라,Aerodactyl,Base,0,showdown_formeOrder,1,base_form,no,no,Rock,Flying,80,105,65,130,60,75,Rock Head|Pressure|Unnerve,,,,,,,,PokemonShowdown@2ddfa0476f8207e12e204b1c69f7c7683b17633c;PKHeX@8ad201e80244f630ab5a46922ab72fb79c5ad4f4,,,,reference_order_only
142,Aerodactyl,プテラ,프테라,Aerodactyl-Mega,Mega,1,showdown_formeOrder,6,battle_transformation,no,no,Rock,Flying,80,135,85,150,70,95,Tough Claws,Aerodactylite,,,,,,,PokemonShowdown@2ddfa0476f8207e12e204b1c69f7c7683b17633c;PKHeX@8ad201e80244f630ab5a46922ab72fb79c5ad4f4,,,,reference_order_only
143,Snorlax,カビゴン,잠만보,Snorlax,Base,0,base_default,1,base_form,no,no,Normal,,160,110,65,30,65,110,Immunity|Thick Fat|Gluttony,,,,,,,,PokemonShowdown@2ddfa0476f8207e12e204b1c69f7c7683b17633c;PKHeX@8ad201e80244f630ab5a46922ab72fb79c5ad4f4,,,,base_identity
143,Snorlax,カビゴン,잠만보,Snorlax-Gmax,Gmax,,not_persistent_form_id_gigantamax,8,battle_transformation,no,no,Normal,,160,110,65,30,65,110,Immunity|Thick Fat|Gluttony,,,,,Snorlax,,,PokemonShowdown@2ddfa0476f8207e12e204b1c69f7c7683b17633c;PKHeX@8ad201e80244f630ab5a46922ab72fb79c5ad4f4,,,,semantic_verified_not_persistent
144,Articuno,フリーザー,프리져,Articuno,Base,0,showdown_formeOrder,1,base_form,no,no,Ice,Flying,90,85,100,85,95,125,Pressure|Snow Cloak,,,,,,,,PokemonShowdown@2ddfa0476f8207e12e204b1c69f7c7683b17633c;PKHeX@8ad201e80244f630ab5a46922ab72fb79c5ad4f4,,,,reference_order_only
144,Articuno,フリーザー,프리져,Articuno-Galar,Galar,1,showdown_formeOrder,8,persistent_identity,no,no,Psychic,Flying,90,85,85,95,125,100,Competitive,,,,,,,,PokemonShowdown@2ddfa0476f8207e12e204b1c69f7c7683b17633c;PKHeX@8ad201e80244f630ab5a46922ab72fb79c5ad4f4,,,,reference_order_only
145,Zapdos,サンダー,썬더,Zapdos,Base,0,showdown_formeOrder,1,base_form,no,no,Electric,Flying,90,90,85,100,125,90,Pressure|Static,,,,,,,,PokemonShowdown@2ddfa0476f8207e12e204b1c69f7c7683b17633c;PKHeX@8ad201e80244f630ab5a46922ab72fb79c5ad4f4,,,,reference_order_only
145,Zapdos,サンダー,썬더,Zapdos-Galar,Galar,1,showdown_formeOrder,8,persistent_identity,no,no,Fighting,Flying,90,125,90,100,85,90,Defiant,,,,,,,,PokemonShowdown@2ddfa0476f8207e12e204b1c69f7c7683b17633c;PKHeX@8ad201e80244f630ab5a46922ab72fb79c5ad4f4,,,,reference_order_only
146,Moltres,ファイヤー,파이어,Moltres,Base,0,showdown_formeOrder,1,base_form,no,no,Fire,Flying,90,100,90,90,125,85,Pressure|Flame Body,,,,,,,,PokemonShowdown@2ddfa0476f8207e12e204b1c69f7c7683b17633c;PKHeX@8ad201e80244f630ab5a46922ab72fb79c5ad4f4,,,,reference_order_only
146,Moltres,ファイヤー,파이어,Moltres-Galar,Galar,1,showdown_formeOrder,8,persistent_identity,no,no,Dark,Flying,90,85,90,90,100,125,Berserk,,,,,,,,PokemonShowdown@2ddfa0476f8207e12e204b1c69f7c7683b17633c;PKHeX@8ad201e80244f630ab5a46922ab72fb79c5ad4f4,,,,reference_order_only
149,Dragonite,カイリュー,망나뇽,Dragonite,Base,0,showdown_formeOrder,1,base_form,no,no,Dragon,Flying,91,134,95,80,100,100,Inner Focus|Multiscale,,,,,,,,PokemonShowdown@2ddfa0476f8207e12e204b1c69f7c7683b17633c;PKHeX@8ad201e80244f630ab5a46922ab72fb79c5ad4f4,,,,reference_order_only
149,Dragonite,カイリュー,망나뇽,Dragonite-Mega,Mega,1,showdown_formeOrder,9,battle_transformation,no,no,Dragon,Flying,91,124,115,100,145,125,Multiscale,Dragoninite,,,,,,,PokemonShowdown@2ddfa0476f8207e12e204b1c69f7c7683b17633c;PKHeX@8ad201e80244f630ab5a46922ab72fb79c5ad4f4,,,,reference_order_only
150,Mewtwo,ミュウツー,뮤츠,Mewtwo,Base,0,showdown_formeOrder,1,base_form,no,no,Psychic,,106,110,90,130,154,90,Pressure|Unnerve,,,,,,,,PokemonShowdown@2ddfa0476f8207e12e204b1c69f7c7683b17633c;PKHeX@8ad201e80244f630ab5a46922ab72fb79c5ad4f4,,,,reference_order_only
150,Mewtwo,ミュウツー,뮤츠,Mewtwo-Mega-X,Mega-X,1,showdown_formeOrder,6,battle_transformation,no,no,Psychic,Fighting,106,190,100,130,154,100,Steadfast,Mewtwonite X,,,,,,,PokemonShowdown@2ddfa0476f8207e12e204b1c69f7c7683b17633c;PKHeX@8ad201e80244f630ab5a46922ab72fb79c5ad4f4,,,,reference_order_only
150,Mewtwo,ミュウツー,뮤츠,Mewtwo-Mega-Y,Mega-Y,2,showdown_formeOrder,6,battle_transformation,no,no,Psychic,,106,150,70,140,194,120,Insomnia,Mewtwonite Y,,,,,,,PokemonShowdown@2ddfa0476f8207e12e204b1c69f7c7683b17633c;PKHeX@8ad201e80244f630ab5a46922ab72fb79c5ad4f4,,,,reference_order_only
154,Meganium,メガニウム,메가니움,Meganium,Base,0,showdown_formeOrder,2,base_form,no,no,Grass,,80,82,100,80,83,100,Overgrow|Leaf Guard,,,,,,,,PokemonShowdown@2ddfa0476f8207e12e204b1c69f7c7683b17633c;PKHeX@8ad201e80244f630ab5a46922ab72fb79c5ad4f4,,,,reference_order_only
154,Meganium,メガニウム,메가니움,Meganium-Mega,Mega,1,showdown_formeOrder,9,battle_transformation,no,no,Grass,Fairy,80,92,115,80,143,115,Mega Sol,Meganiumite,,,,,,,PokemonShowdown@2ddfa0476f8207e12e204b1c69f7c7683b17633c;PKHeX@8ad201e80244f630ab5a46922ab72fb79c5ad4f4,,,,reference_order_only
157,Typhlosion,バクフーン,블레이범,Typhlosion,Base,0,showdown_formeOrder,2,base_form,no,no,Fire,,78,84,78,100,109,85,Blaze|Flash Fire,,,,,,,,PokemonShowdown@2ddfa0476f8207e12e204b1c69f7c7683b17633c;PKHeX@8ad201e80244f630ab5a46922ab72fb79c5ad4f4,,,,reference_order_only
157,Typhlosion,バクフーン,블레이범,Typhlosion-Hisui,Hisui,1,showdown_formeOrder,8,persistent_identity,no,no,Fire,Ghost,73,84,78,95,119,85,Blaze|Frisk,,,,,,,,PokemonShowdown@2ddfa0476f8207e12e204b1c69f7c7683b17633c;PKHeX@8ad201e80244f630ab5a46922ab72fb79c5ad4f4,,,,reference_order_only
160,Feraligatr,オーダイル,장크로다일,Feraligatr,Base,0,showdown_formeOrder,2,base_form,no,no,Water,,85,105,100,78,79,83,Torrent|Sheer Force,,,,,,,,PokemonShowdown@2ddfa0476f8207e12e204b1c69f7c7683b17633c;PKHeX@8ad201e80244f630ab5a46922ab72fb79c5ad4f4,,,,reference_order_only
160,Feraligatr,オーダイル,장크로다일,Feraligatr-Mega,Mega,1,showdown_formeOrder,9,battle_transformation,no,no,Water,Dragon,85,160,125,78,89,93,Dragonize,Feraligite,,,,,,,PokemonShowdown@2ddfa0476f8207e12e204b1c69f7c7683b17633c;PKHeX@8ad201e80244f630ab5a46922ab72fb79c5ad4f4,,,,reference_order_only
172,Pichu,ピチュー,피츄,Pichu,Base,0,showdown_formeOrder,2,base_form,no,no,Electric,,20,40,15,60,35,35,Static|Lightning Rod,,,,,,,,PokemonShowdown@2ddfa0476f8207e12e204b1c69f7c7683b17633c;PKHeX@8ad201e80244f630ab5a46922ab72fb79c5ad4f4,,,,reference_order_only
172,Pichu,ピチュー,피츄,Pichu-Spiky-eared,Spiky-eared,1,showdown_formeOrder,4,persistent_identity,no,no,Electric,,20,40,15,60,35,35,Static,,,,,,,,PokemonShowdown@2ddfa0476f8207e12e204b1c69f7c7683b17633c;PKHeX@8ad201e80244f630ab5a46922ab72fb79c5ad4f4,,,,reference_order_only
181,Ampharos,デンリュウ,전룡,Ampharos,Base,0,showdown_formeOrder,2,base_form,no,no,Electric,,90,75,85,55,115,90,Static|Plus,,,,,,,,PokemonShowdown@2ddfa0476f8207e12e204b1c69f7c7683b17633c;PKHeX@8ad201e80244f630ab5a46922ab72fb79c5ad4f4,,,,reference_order_only
181,Ampharos,デンリュウ,전룡,Ampharos-Mega,Mega,1,showdown_formeOrder,6,battle_transformation,no,no,Electric,Dragon,90,95,105,45,165,110,Mold Breaker,Ampharosite,,,,,,,PokemonShowdown@2ddfa0476f8207e12e204b1c69f7c7683b17633c;PKHeX@8ad201e80244f630ab5a46922ab72fb79c5ad4f4,,,,reference_order_only
194,Wooper,ウパー,우파,Wooper,Base,0,showdown_formeOrder,2,base_form,no,no,Water,Ground,55,45,45,15,25,25,Damp|Water Absorb|Unaware,,,,,,,,PokemonShowdown@2ddfa0476f8207e12e204b1c69f7c7683b17633c;PKHeX@8ad201e80244f630ab5a46922ab72fb79c5ad4f4,,,,reference_order_only
194,Wooper,ウパー,우파,Wooper-Paldea,Paldea,1,showdown_formeOrder,9,persistent_identity,no,no,Poison,Ground,55,45,45,15,25,25,Poison Point|Water Absorb|Unaware,,,,,,,,PokemonShowdown@2ddfa0476f8207e12e204b1c69f7c7683b17633c;PKHeX@8ad201e80244f630ab5a46922ab72fb79c5ad4f4,,,,reference_order_only
199,Slowking,ヤドキング,야도킹,Slowking,Base,0,showdown_formeOrder,2,base_form,no,no,Water,Psychic,95,75,80,30,100,110,Oblivious|Own Tempo|Regenerator,,,,,,,,PokemonShowdown@2ddfa0476f8207e12e204b1c69f7c7683b17633c;PKHeX@8ad201e80244f630ab5a46922ab72fb79c5ad4f4,,,,reference_order_only
199,Slowking,ヤドキング,야도킹,Slowking-Galar,Galar,1,showdown_formeOrder,8,persistent_identity,no,no,Poison,Psychic,95,65,80,30,110,110,Curious Medicine|Own Tempo|Regenerator,,,,,,,,PokemonShowdown@2ddfa0476f8207e12e204b1c69f7c7683b17633c;PKHeX@8ad201e80244f630ab5a46922ab72fb79c5ad4f4,,,,reference_order_only
201,Unown,アンノーン,안농,Unown,A,0,showdown_formeOrder,2,base_form,no,no,Psychic,,48,72,48,48,72,48,Levitate,,,,,,,,PokemonShowdown@2ddfa0476f8207e12e204b1c69f7c7683b17633c;PKHeX@8ad201e80244f630ab5a46922ab72fb79c5ad4f4,,,,reference_order_only
201,Unown,アンノーン,안농,Unown-B,B,1,showdown_formeOrder,2,cosmetic_identity,no,yes,Psychic,,48,72,48,48,72,48,Levitate,,,,,,,,PokemonShowdown@2ddfa0476f8207e12e204b1c69f7c7683b17633c;PKHeX@8ad201e80244f630ab5a46922ab72fb79c5ad4f4,"Referenced by Showdown base-form list; no standalone block, parameters inherited from base.",,,reference_order_only
201,Unown,アンノーン,안농,Unown-C,C,2,showdown_formeOrder,2,cosmetic_identity,no,yes,Psychic,,48,72,48,48,72,48,Levitate,,,,,,,,PokemonShowdown@2ddfa0476f8207e12e204b1c69f7c7683b17633c;PKHeX@8ad201e80244f630ab5a46922ab72fb79c5ad4f4,"Referenced by Showdown base-form list; no standalone block, parameters inherited from base.",,,reference_order_only
201,Unown,アンノーン,안농,Unown-D,D,3,showdown_formeOrder,2,cosmetic_identity,no,yes,Psychic,,48,72,48,48,72,48,Levitate,,,,,,,,PokemonShowdown@2ddfa0476f8207e12e204b1c69f7c7683b17633c;PKHeX@8ad201e80244f630ab5a46922ab72fb79c5ad4f4,"Referenced by Showdown base-form list; no standalone block, parameters inherited from base.",,,reference_order_only
201,Unown,アンノーン,안농,Unown-E,E,4,showdown_formeOrder,2,cosmetic_identity,no,yes,Psychic,,48,72,48,48,72,48,Levitate,,,,,,,,PokemonShowdown@2ddfa0476f8207e12e204b1c69f7c7683b17633c;PKHeX@8ad201e80244f630ab5a46922ab72fb79c5ad4f4,"Referenced by Showdown base-form list; no standalone block, parameters inherited from base.",,,reference_order_only
201,Unown,アンノーン,안농,Unown-F,F,5,showdown_formeOrder,2,cosmetic_identity,no,yes,Psychic,,48,72,48,48,72,48,Levitate,,,,,,,,PokemonShowdown@2ddfa0476f8207e12e204b1c69f7c7683b17633c;PKHeX@8ad201e80244f630ab5a46922ab72fb79c5ad4f4,"Referenced by Showdown base-form list; no standalone block, parameters inherited from base.",,,reference_order_only
201,Unown,アンノーン,안농,Unown-G,G,6,showdown_formeOrder,2,cosmetic_identity,no,yes,Psychic,,48,72,48,48,72,48,Levitate,,,,,,,,PokemonShowdown@2ddfa0476f8207e12e204b1c69f7c7683b17633c;PKHeX@8ad201e80244f630ab5a46922ab72fb79c5ad4f4,"Referenced by Showdown base-form list; no standalone block, parameters inherited from base.",,,reference_order_only
201,Unown,アンノーン,안농,Unown-H,H,7,showdown_formeOrder,2,cosmetic_identity,no,yes,Psychic,,48,72,48,48,72,48,Levitate,,,,,,,,PokemonShowdown@2ddfa0476f8207e12e204b1c69f7c7683b17633c;PKHeX@8ad201e80244f630ab5a46922ab72fb79c5ad4f4,"Referenced by Showdown base-form list; no standalone block, parameters inherited from base.",,,reference_order_only
201,Unown,アンノーン,안농,Unown-I,I,8,showdown_formeOrder,2,cosmetic_identity,no,yes,Psychic,,48,72,48,48,72,48,Levitate,,,,,,,,PokemonShowdown@2ddfa0476f8207e12e204b1c69f7c7683b17633c;PKHeX@8ad201e80244f630ab5a46922ab72fb79c5ad4f4,"Referenced by Showdown base-form list; no standalone block, parameters inherited from base.",,,reference_order_only
201,Unown,アンノーン,안농,Unown-J,J,9,showdown_formeOrder,2,cosmetic_identity,no,yes,Psychic,,48,72,48,48,72,48,Levitate,,,,,,,,PokemonShowdown@2ddfa0476f8207e12e204b1c69f7c7683b17633c;PKHeX@8ad201e80244f630ab5a46922ab72fb79c5ad4f4,"Referenced by Showdown base-form list; no standalone block, parameters inherited from base.",,,reference_order_only
201,Unown,アンノーン,안농,Unown-K,K,10,showdown_formeOrder,2,cosmetic_identity,no,yes,Psychic,,48,72,48,48,72,48,Levitate,,,,,,,,PokemonShowdown@2ddfa0476f8207e12e204b1c69f7c7683b17633c;PKHeX@8ad201e80244f630ab5a46922ab72fb79c5ad4f4,"Referenced by Showdown base-form list; no standalone block, parameters inherited from base.",,,reference_order_only
201,Unown,アンノーン,안농,Unown-L,L,11,showdown_formeOrder,2,cosmetic_identity,no,yes,Psychic,,48,72,48,48,72,48,Levitate,,,,,,,,PokemonShowdown@2ddfa0476f8207e12e204b1c69f7c7683b17633c;PKHeX@8ad201e80244f630ab5a46922ab72fb79c5ad4f4,"Referenced by Showdown base-form list; no standalone block, parameters inherited from base.",,,reference_order_only
201,Unown,アンノーン,안농,Unown-M,M,12,showdown_formeOrder,2,cosmetic_identity,no,yes,Psychic,,48,72,48,48,72,48,Levitate,,,,,,,,PokemonShowdown@2ddfa0476f8207e12e204b1c69f7c7683b17633c;PKHeX@8ad201e80244f630ab5a46922ab72fb79c5ad4f4,"Referenced by Showdown base-form list; no standalone block, parameters inherited from base.",,,reference_order_only
201,Unown,アンノーン,안농,Unown-N,N,13,showdown_formeOrder,2,cosmetic_identity,no,yes,Psychic,,48,72,48,48,72,48,Levitate,,,,,,,,PokemonShowdown@2ddfa0476f8207e12e204b1c69f7c7683b17633c;PKHeX@8ad201e80244f630ab5a46922ab72fb79c5ad4f4,"Referenced by Showdown base-form list; no standalone block, parameters inherited from base.",,,reference_order_only
201,Unown,アンノーン,안농,Unown-O,O,14,showdown_formeOrder,2,cosmetic_identity,no,yes,Psychic,,48,72,48,48,72,48,Levitate,,,,,,,,PokemonShowdown@2ddfa0476f8207e12e204b1c69f7c7683b17633c;PKHeX@8ad201e80244f630ab5a46922ab72fb79c5ad4f4,"Referenced by Showdown base-form list; no standalone block, parameters inherited from base.",,,reference_order_only
201,Unown,アンノーン,안농,Unown-P,P,15,showdown_formeOrder,2,cosmetic_identity,no,yes,Psychic,,48,72,48,48,72,48,Levitate,,,,,,,,PokemonShowdown@2ddfa0476f8207e12e204b1c69f7c7683b17633c;PKHeX@8ad201e80244f630ab5a46922ab72fb79c5ad4f4,"Referenced by Showdown base-form list; no standalone block, parameters inherited from base.",,,reference_order_only
201,Unown,アンノーン,안농,Unown-Q,Q,16,showdown_formeOrder,2,cosmetic_identity,no,yes,Psychic,,48,72,48,48,72,48,Levitate,,,,,,,,PokemonShowdown@2ddfa0476f8207e12e204b1c69f7c7683b17633c;PKHeX@8ad201e80244f630ab5a46922ab72fb79c5ad4f4,"Referenced by Showdown base-form list; no standalone block, parameters inherited from base.",,,reference_order_only
201,Unown,アンノーン,안농,Unown-R,R,17,showdown_formeOrder,2,cosmetic_identity,no,yes,Psychic,,48,72,48,48,72,48,Levitate,,,,,,,,PokemonShowdown@2ddfa0476f8207e12e204b1c69f7c7683b17633c;PKHeX@8ad201e80244f630ab5a46922ab72fb79c5ad4f4,"Referenced by Showdown base-form list; no standalone block, parameters inherited from base.",,,reference_order_only
201,Unown,アンノーン,안농,Unown-S,S,18,showdown_formeOrder,2,cosmetic_identity,no,yes,Psychic,,48,72,48,48,72,48,Levitate,,,,,,,,PokemonShowdown@2ddfa0476f8207e12e204b1c69f7c7683b17633c;PKHeX@8ad201e80244f630ab5a46922ab72fb79c5ad4f4,"Referenced by Showdown base-form list; no standalone block, parameters inherited from base.",,,reference_order_only
201,Unown,アンノーン,안농,Unown-T,T,19,showdown_formeOrder,2,cosmetic_identity,no,yes,Psychic,,48,72,48,48,72,48,Levitate,,,,,,,,PokemonShowdown@2ddfa0476f8207e12e204b1c69f7c7683b17633c;PKHeX@8ad201e80244f630ab5a46922ab72fb79c5ad4f4,"Referenced by Showdown base-form list; no standalone block, parameters inherited from base.",,,reference_order_only
201,Unown,アンノーン,안농,Unown-U,U,20,showdown_formeOrder,2,cosmetic_identity,no,yes,Psychic,,48,72,48,48,72,48,Levitate,,,,,,,,PokemonShowdown@2ddfa0476f8207e12e204b1c69f7c7683b17633c;PKHeX@8ad201e80244f630ab5a46922ab72fb79c5ad4f4,"Referenced by Showdown base-form list; no standalone block, parameters inherited from base.",,,reference_order_only
201,Unown,アンノーン,안농,Unown-V,V,21,showdown_formeOrder,2,cosmetic_identity,no,yes,Psychic,,48,72,48,48,72,48,Levitate,,,,,,,,PokemonShowdown@2ddfa0476f8207e12e204b1c69f7c7683b17633c;PKHeX@8ad201e80244f630ab5a46922ab72fb79c5ad4f4,"Referenced by Showdown base-form list; no standalone block, parameters inherited from base.",,,reference_order_only
201,Unown,アンノーン,안농,Unown-W,W,22,showdown_formeOrder,2,cosmetic_identity,no,yes,Psychic,,48,72,48,48,72,48,Levitate,,,,,,,,PokemonShowdown@2ddfa0476f8207e12e204b1c69f7c7683b17633c;PKHeX@8ad201e80244f630ab5a46922ab72fb79c5ad4f4,"Referenced by Showdown base-form list; no standalone block, parameters inherited from base.",,,reference_order_only
201,Unown,アンノーン,안농,Unown-X,X,23,showdown_formeOrder,2,cosmetic_identity,no,yes,Psychic,,48,72,48,48,72,48,Levitate,,,,,,,,PokemonShowdown@2ddfa0476f8207e12e204b1c69f7c7683b17633c;PKHeX@8ad201e80244f630ab5a46922ab72fb79c5ad4f4,"Referenced by Showdown base-form list; no standalone block, parameters inherited from base.",,,reference_order_only
201,Unown,アンノーン,안농,Unown-Y,Y,24,showdown_formeOrder,2,cosmetic_identity,no,yes,Psychic,,48,72,48,48,72,48,Levitate,,,,,,,,PokemonShowdown@2ddfa0476f8207e12e204b1c69f7c7683b17633c;PKHeX@8ad201e80244f630ab5a46922ab72fb79c5ad4f4,"Referenced by Showdown base-form list; no standalone block, parameters inherited from base.",,,reference_order_only
201,Unown,アンノーン,안농,Unown-Z,Z,25,showdown_formeOrder,2,cosmetic_identity,no,yes,Psychic,,48,72,48,48,72,48,Levitate,,,,,,,,PokemonShowdown@2ddfa0476f8207e12e204b1c69f7c7683b17633c;PKHeX@8ad201e80244f630ab5a46922ab72fb79c5ad4f4,"Referenced by Showdown base-form list; no standalone block, parameters inherited from base.",,,reference_order_only
201,Unown,アンノーン,안농,Unown-Exclamation,Exclamation,26,showdown_formeOrder,2,cosmetic_identity,no,yes,Psychic,,48,72,48,48,72,48,Levitate,,,,,,,,PokemonShowdown@2ddfa0476f8207e12e204b1c69f7c7683b17633c;PKHeX@8ad201e80244f630ab5a46922ab72fb79c5ad4f4,"Referenced by Showdown base-form list; no standalone block, parameters inherited from base.",,,reference_order_only
201,Unown,アンノーン,안농,Unown-Question,Question,27,showdown_formeOrder,2,cosmetic_identity,no,yes,Psychic,,48,72,48,48,72,48,Levitate,,,,,,,,PokemonShowdown@2ddfa0476f8207e12e204b1c69f7c7683b17633c;PKHeX@8ad201e80244f630ab5a46922ab72fb79c5ad4f4,"Referenced by Showdown base-form list; no standalone block, parameters inherited from base.",,,reference_order_only
208,Steelix,ハガネール,강철톤,Steelix,Base,0,showdown_formeOrder,2,base_form,no,no,Steel,Ground,75,85,200,30,55,65,Rock Head|Sturdy|Sheer Force,,,,,,,,PokemonShowdown@2ddfa0476f8207e12e204b1c69f7c7683b17633c;PKHeX@8ad201e80244f630ab5a46922ab72fb79c5ad4f4,,,,reference_order_only
208,Steelix,ハガネール,강철톤,Steelix-Mega,Mega,1,showdown_formeOrder,6,battle_transformation,no,no,Steel,Ground,75,125,230,30,55,95,Sand Force,Steelixite,,,,,,,PokemonShowdown@2ddfa0476f8207e12e204b1c69f7c7683b17633c;PKHeX@8ad201e80244f630ab5a46922ab72fb79c5ad4f4,,,,reference_order_only
211,Qwilfish,ハリーセン,침바루,Qwilfish,Base,0,showdown_formeOrder,2,base_form,no,no,Water,Poison,65,95,85,85,55,55,Poison Point|Swift Swim|Intimidate,,,,,,,,PokemonShowdown@2ddfa0476f8207e12e204b1c69f7c7683b17633c;PKHeX@8ad201e80244f630ab5a46922ab72fb79c5ad4f4,,,,reference_order_only
211,Qwilfish,ハリーセン,침바루,Qwilfish-Hisui,Hisui,1,showdown_formeOrder,8,persistent_identity,no,no,Dark,Poison,65,95,85,85,55,55,Poison Point|Swift Swim|Intimidate,,,,,,,,PokemonShowdown@2ddfa0476f8207e12e204b1c69f7c7683b17633c;PKHeX@8ad201e80244f630ab5a46922ab72fb79c5ad4f4,,,,reference_order_only
212,Scizor,ハッサム,핫삼,Scizor,Base,0,showdown_formeOrder,2,base_form,no,no,Bug,Steel,70,130,100,65,55,80,Swarm|Technician|Light Metal,,,,,,,,PokemonShowdown@2ddfa0476f8207e12e204b1c69f7c7683b17633c;PKHeX@8ad201e80244f630ab5a46922ab72fb79c5ad4f4,,,,reference_order_only
212,Scizor,ハッサム,핫삼,Scizor-Mega,Mega,1,showdown_formeOrder,6,battle_transformation,no,no,Bug,Steel,70,150,140,75,65,100,Technician,Scizorite,,,,,,,PokemonShowdown@2ddfa0476f8207e12e204b1c69f7c7683b17633c;PKHeX@8ad201e80244f630ab5a46922ab72fb79c5ad4f4,,,,reference_order_only
214,Heracross,ヘラクロス,헤라크로스,Heracross,Base,0,showdown_formeOrder,2,base_form,no,no,Bug,Fighting,80,125,75,85,40,95,Swarm|Guts|Moxie,,,,,,,,PokemonShowdown@2ddfa0476f8207e12e204b1c69f7c7683b17633c;PKHeX@8ad201e80244f630ab5a46922ab72fb79c5ad4f4,,,,reference_order_only
214,Heracross,ヘラクロス,헤라크로스,Heracross-Mega,Mega,1,showdown_formeOrder,6,battle_transformation,no,no,Bug,Fighting,80,185,115,75,40,105,Skill Link,Heracronite,,,,,,,PokemonShowdown@2ddfa0476f8207e12e204b1c69f7c7683b17633c;PKHeX@8ad201e80244f630ab5a46922ab72fb79c5ad4f4,,,,reference_order_only
215,Sneasel,ニューラ,포푸니,Sneasel,Base,0,showdown_formeOrder,2,base_form,no,no,Dark,Ice,55,95,55,115,35,75,Inner Focus|Keen Eye|Pickpocket,,,,,,,,PokemonShowdown@2ddfa0476f8207e12e204b1c69f7c7683b17633c;PKHeX@8ad201e80244f630ab5a46922ab72fb79c5ad4f4,,,,reference_order_only
215,Sneasel,ニューラ,포푸니,Sneasel-Hisui,Hisui,1,showdown_formeOrder,8,persistent_identity,no,no,Fighting,Poison,55,95,55,115,35,75,Inner Focus|Keen Eye|Pickpocket,,,,,,,,PokemonShowdown@2ddfa0476f8207e12e204b1c69f7c7683b17633c;PKHeX@8ad201e80244f630ab5a46922ab72fb79c5ad4f4,,,,reference_order_only
222,Corsola,サニーゴ,코산호,Corsola,Base,0,showdown_formeOrder,2,base_form,no,no,Water,Rock,65,55,95,35,65,95,Hustle|Natural Cure|Regenerator,,,,,,,,PokemonShowdown@2ddfa0476f8207e12e204b1c69f7c7683b17633c;PKHeX@8ad201e80244f630ab5a46922ab72fb79c5ad4f4,,,,reference_order_only
222,Corsola,サニーゴ,코산호,Corsola-Galar,Galar,1,showdown_formeOrder,8,persistent_identity,no,no,Ghost,,60,55,100,30,65,100,Weak Armor|Cursed Body,,,,,,,,PokemonShowdown@2ddfa0476f8207e12e204b1c69f7c7683b17633c;PKHeX@8ad201e80244f630ab5a46922ab72fb79c5ad4f4,,,,reference_order_only
227,Skarmory,エアームド,무장조,Skarmory,Base,0,showdown_formeOrder,2,base_form,no,no,Steel,Flying,65,80,140,70,40,70,Keen Eye|Sturdy|Weak Armor,,,,,,,,PokemonShowdown@2ddfa0476f8207e12e204b1c69f7c7683b17633c;PKHeX@8ad201e80244f630ab5a46922ab72fb79c5ad4f4,,,,reference_order_only
227,Skarmory,エアームド,무장조,Skarmory-Mega,Mega,1,showdown_formeOrder,9,battle_transformation,no,no,Steel,Flying,65,140,110,110,40,100,Stalwart,Skarmorite,,,,,,,PokemonShowdown@2ddfa0476f8207e12e204b1c69f7c7683b17633c;PKHeX@8ad201e80244f630ab5a46922ab72fb79c5ad4f4,,,,reference_order_only
229,Houndoom,ヘルガー,헬가,Houndoom,Base,0,showdown_formeOrder,2,base_form,no,no,Dark,Fire,75,90,50,95,110,80,Early Bird|Flash Fire|Unnerve,,,,,,,,PokemonShowdown@2ddfa0476f8207e12e204b1c69f7c7683b17633c;PKHeX@8ad201e80244f630ab5a46922ab72fb79c5ad4f4,,,,reference_order_only
229,Houndoom,ヘルガー,헬가,Houndoom-Mega,Mega,1,showdown_formeOrder,6,battle_transformation,no,no,Dark,Fire,75,90,90,115,140,90,Solar Power,Houndoominite,,,,,,,PokemonShowdown@2ddfa0476f8207e12e204b1c69f7c7683b17633c;PKHeX@8ad201e80244f630ab5a46922ab72fb79c5ad4f4,,,,reference_order_only
248,Tyranitar,バンギラス,마기라스,Tyranitar,Base,0,showdown_formeOrder,2,base_form,no,no,Rock,Dark,100,134,110,61,95,100,Sand Stream|Unnerve,,,,,,,,PokemonShowdown@2ddfa0476f8207e12e204b1c69f7c7683b17633c;PKHeX@8ad201e80244f630ab5a46922ab72fb79c5ad4f4,,,,reference_order_only
248,Tyranitar,バンギラス,마기라스,Tyranitar-Mega,Mega,1,showdown_formeOrder,6,battle_transformation,no,no,Rock,Dark,100,164,150,71,95,120,Sand Stream,Tyranitarite,,,,,,,PokemonShowdown@2ddfa0476f8207e12e204b1c69f7c7683b17633c;PKHeX@8ad201e80244f630ab5a46922ab72fb79c5ad4f4,,,,reference_order_only
254,Sceptile,ジュカイン,나무킹,Sceptile,Base,0,showdown_formeOrder,3,base_form,no,no,Grass,,70,85,65,120,105,85,Overgrow|Unburden,,,,,,,,PokemonShowdown@2ddfa0476f8207e12e204b1c69f7c7683b17633c;PKHeX@8ad201e80244f630ab5a46922ab72fb79c5ad4f4,,,,reference_order_only
254,Sceptile,ジュカイン,나무킹,Sceptile-Mega,Mega,1,showdown_formeOrder,6,battle_transformation,no,no,Grass,Dragon,70,110,75,145,145,85,Lightning Rod,Sceptilite,,,,,,,PokemonShowdown@2ddfa0476f8207e12e204b1c69f7c7683b17633c;PKHeX@8ad201e80244f630ab5a46922ab72fb79c5ad4f4,,,,reference_order_only
257,Blaziken,バシャーモ,번치코,Blaziken,Base,0,showdown_formeOrder,3,base_form,no,no,Fire,Fighting,80,120,70,80,110,70,Blaze|Speed Boost,,,,,,,,PokemonShowdown@2ddfa0476f8207e12e204b1c69f7c7683b17633c;PKHeX@8ad201e80244f630ab5a46922ab72fb79c5ad4f4,,,,reference_order_only
257,Blaziken,バシャーモ,번치코,Blaziken-Mega,Mega,1,showdown_formeOrder,6,battle_transformation,no,no,Fire,Fighting,80,160,80,100,130,80,Speed Boost,Blazikenite,,,,,,,PokemonShowdown@2ddfa0476f8207e12e204b1c69f7c7683b17633c;PKHeX@8ad201e80244f630ab5a46922ab72fb79c5ad4f4,,,,reference_order_only
260,Swampert,ラグラージ,대짱이,Swampert,Base,0,showdown_formeOrder,3,base_form,no,no,Water,Ground,100,110,90,60,85,90,Torrent|Damp,,,,,,,,PokemonShowdown@2ddfa0476f8207e12e204b1c69f7c7683b17633c;PKHeX@8ad201e80244f630ab5a46922ab72fb79c5ad4f4,,,,reference_order_only
260,Swampert,ラグラージ,대짱이,Swampert-Mega,Mega,1,showdown_formeOrder,6,battle_transformation,no,no,Water,Ground,100,150,110,70,95,110,Swift Swim,Swampertite,,,,,,,PokemonShowdown@2ddfa0476f8207e12e204b1c69f7c7683b17633c;PKHeX@8ad201e80244f630ab5a46922ab72fb79c5ad4f4,,,,reference_order_only
263,Zigzagoon,ジグザグマ,지그제구리,Zigzagoon,Base,0,showdown_formeOrder,3,base_form,no,no,Normal,,38,30,41,60,30,41,Pickup|Gluttony|Quick Feet,,,,,,,,PokemonShowdown@2ddfa0476f8207e12e204b1c69f7c7683b17633c;PKHeX@8ad201e80244f630ab5a46922ab72fb79c5ad4f4,,,,reference_order_only
263,Zigzagoon,ジグザグマ,지그제구리,Zigzagoon-Galar,Galar,1,showdown_formeOrder,8,persistent_identity,no,no,Dark,Normal,38,30,41,60,30,41,Pickup|Gluttony|Quick Feet,,,,,,,,PokemonShowdown@2ddfa0476f8207e12e204b1c69f7c7683b17633c;PKHeX@8ad201e80244f630ab5a46922ab72fb79c5ad4f4,,,,reference_order_only
264,Linoone,マッスグマ,직구리,Linoone,Base,0,showdown_formeOrder,3,base_form,no,no,Normal,,78,70,61,100,50,61,Pickup|Gluttony|Quick Feet,,,,,,,,PokemonShowdown@2ddfa0476f8207e12e204b1c69f7c7683b17633c;PKHeX@8ad201e80244f630ab5a46922ab72fb79c5ad4f4,,,,reference_order_only
264,Linoone,マッスグマ,직구리,Linoone-Galar,Galar,1,showdown_formeOrder,8,persistent_identity,no,no,Dark,Normal,78,70,61,100,50,61,Pickup|Gluttony|Quick Feet,,,,,,,,PokemonShowdown@2ddfa0476f8207e12e204b1c69f7c7683b17633c;PKHeX@8ad201e80244f630ab5a46922ab72fb79c5ad4f4,,,,reference_order_only
282,Gardevoir,サーナイト,가디안,Gardevoir,Base,0,showdown_formeOrder,3,base_form,no,no,Psychic,Fairy,68,65,65,80,125,115,Synchronize|Trace|Telepathy,,,,,,,,PokemonShowdown@2ddfa0476f8207e12e204b1c69f7c7683b17633c;PKHeX@8ad201e80244f630ab5a46922ab72fb79c5ad4f4,,,,reference_order_only
282,Gardevoir,サーナイト,가디안,Gardevoir-Mega,Mega,1,showdown_formeOrder,6,battle_transformation,no,no,Psychic,Fairy,68,85,65,100,165,135,Pixilate,Gardevoirite,,,,,,,PokemonShowdown@2ddfa0476f8207e12e204b1c69f7c7683b17633c;PKHeX@8ad201e80244f630ab5a46922ab72fb79c5ad4f4,,,,reference_order_only
302,Sableye,ヤミラミ,깜까미,Sableye,Base,0,showdown_formeOrder,3,base_form,no,no,Dark,Ghost,50,75,75,50,65,65,Keen Eye|Stall|Prankster,,,,,,,,PokemonShowdown@2ddfa0476f8207e12e204b1c69f7c7683b17633c;PKHeX@8ad201e80244f630ab5a46922ab72fb79c5ad4f4,,,,reference_order_only
302,Sableye,ヤミラミ,깜까미,Sableye-Mega,Mega,1,showdown_formeOrder,6,battle_transformation,no,no,Dark,Ghost,50,85,125,20,85,115,Magic Bounce,Sablenite,,,,,,,PokemonShowdown@2ddfa0476f8207e12e204b1c69f7c7683b17633c;PKHeX@8ad201e80244f630ab5a46922ab72fb79c5ad4f4,,,,reference_order_only
303,Mawile,クチート,입치트,Mawile,Base,0,showdown_formeOrder,3,base_form,no,no,Steel,Fairy,50,85,85,50,55,55,Hyper Cutter|Intimidate|Sheer Force,,,,,,,,PokemonShowdown@2ddfa0476f8207e12e204b1c69f7c7683b17633c;PKHeX@8ad201e80244f630ab5a46922ab72fb79c5ad4f4,,,,reference_order_only
303,Mawile,クチート,입치트,Mawile-Mega,Mega,1,showdown_formeOrder,6,battle_transformation,no,no,Steel,Fairy,50,105,125,50,55,95,Huge Power,Mawilite,,,,,,,PokemonShowdown@2ddfa0476f8207e12e204b1c69f7c7683b17633c;PKHeX@8ad201e80244f630ab5a46922ab72fb79c5ad4f4,,,,reference_order_only
306,Aggron,ボスゴドラ,보스로라,Aggron,Base,0,showdown_formeOrder,3,base_form,no,no,Steel,Rock,70,110,180,50,60,60,Sturdy|Rock Head|Heavy Metal,,,,,,,,PokemonShowdown@2ddfa0476f8207e12e204b1c69f7c7683b17633c;PKHeX@8ad201e80244f630ab5a46922ab72fb79c5ad4f4,,,,reference_order_only
306,Aggron,ボスゴドラ,보스로라,Aggron-Mega,Mega,1,showdown_formeOrder,6,battle_transformation,no,no,Steel,,70,140,230,50,60,80,Filter,Aggronite,,,,,,,PokemonShowdown@2ddfa0476f8207e12e204b1c69f7c7683b17633c;PKHeX@8ad201e80244f630ab5a46922ab72fb79c5ad4f4,,,,reference_order_only
308,Medicham,チャーレム,요가램,Medicham,Base,0,showdown_formeOrder,3,base_form,no,no,Fighting,Psychic,60,60,75,80,60,75,Pure Power|Telepathy,,,,,,,,PokemonShowdown@2ddfa0476f8207e12e204b1c69f7c7683b17633c;PKHeX@8ad201e80244f630ab5a46922ab72fb79c5ad4f4,,,,reference_order_only
308,Medicham,チャーレム,요가램,Medicham-Mega,Mega,1,showdown_formeOrder,6,battle_transformation,no,no,Fighting,Psychic,60,100,85,100,80,85,Pure Power,Medichamite,,,,,,,PokemonShowdown@2ddfa0476f8207e12e204b1c69f7c7683b17633c;PKHeX@8ad201e80244f630ab5a46922ab72fb79c5ad4f4,,,,reference_order_only
310,Manectric,ライボルト,썬더볼트,Manectric,Base,0,showdown_formeOrder,3,base_form,no,no,Electric,,70,75,60,105,105,60,Static|Lightning Rod|Minus,,,,,,,,PokemonShowdown@2ddfa0476f8207e12e204b1c69f7c7683b17633c;PKHeX@8ad201e80244f630ab5a46922ab72fb79c5ad4f4,,,,reference_order_only
310,Manectric,ライボルト,썬더볼트,Manectric-Mega,Mega,1,showdown_formeOrder,6,battle_transformation,no,no,Electric,,70,75,80,135,135,80,Intimidate,Manectite,,,,,,,PokemonShowdown@2ddfa0476f8207e12e204b1c69f7c7683b17633c;PKHeX@8ad201e80244f630ab5a46922ab72fb79c5ad4f4,,,,reference_order_only
319,Sharpedo,サメハダー,샤크니아,Sharpedo,Base,0,showdown_formeOrder,3,base_form,no,no,Water,Dark,70,120,40,95,95,40,Rough Skin|Speed Boost,,,,,,,,PokemonShowdown@2ddfa0476f8207e12e204b1c69f7c7683b17633c;PKHeX@8ad201e80244f630ab5a46922ab72fb79c5ad4f4,,,,reference_order_only
319,Sharpedo,サメハダー,샤크니아,Sharpedo-Mega,Mega,1,showdown_formeOrder,6,battle_transformation,no,no,Water,Dark,70,140,70,105,110,65,Strong Jaw,Sharpedonite,,,,,,,PokemonShowdown@2ddfa0476f8207e12e204b1c69f7c7683b17633c;PKHeX@8ad201e80244f630ab5a46922ab72fb79c5ad4f4,,,,reference_order_only
323,Camerupt,バクーダ,폭타,Camerupt,Base,0,showdown_formeOrder,3,base_form,no,no,Fire,Ground,70,100,70,40,105,75,Magma Armor|Solid Rock|Anger Point,,,,,,,,PokemonShowdown@2ddfa0476f8207e12e204b1c69f7c7683b17633c;PKHeX@8ad201e80244f630ab5a46922ab72fb79c5ad4f4,,,,reference_order_only
323,Camerupt,バクーダ,폭타,Camerupt-Mega,Mega,1,showdown_formeOrder,6,battle_transformation,no,no,Fire,Ground,70,120,100,20,145,105,Sheer Force,Cameruptite,,,,,,,PokemonShowdown@2ddfa0476f8207e12e204b1c69f7c7683b17633c;PKHeX@8ad201e80244f630ab5a46922ab72fb79c5ad4f4,,,,reference_order_only
327,Spinda,パッチール,얼루기,Spinda-PID-Spots,Procedural spots,,not_discrete,3,procedural_appearance,no,no,Normal,,60,60,60,60,60,60,Own Tempo|Tangled Feet|Contrary,,,,,,,,PokemonShowdown@2ddfa0476f8207e12e204b1c69f7c7683b17633c;PKHeX@8ad201e80244f630ab5a46922ab72fb79c5ad4f4,Personality-derived spot positions; not a finite discrete form ID.,,,not_discrete
334,Altaria,チルタリス,파비코리,Altaria,Base,0,showdown_formeOrder,3,base_form,no,no,Dragon,Flying,75,70,90,80,70,105,Natural Cure|Cloud Nine,,,,,,,,PokemonShowdown@2ddfa0476f8207e12e204b1c69f7c7683b17633c;PKHeX@8ad201e80244f630ab5a46922ab72fb79c5ad4f4,,,,reference_order_only
334,Altaria,チルタリス,파비코리,Altaria-Mega,Mega,1,showdown_formeOrder,6,battle_transformation,no,no,Dragon,Fairy,75,110,110,80,110,105,Pixilate,Altarianite,,,,,,,PokemonShowdown@2ddfa0476f8207e12e204b1c69f7c7683b17633c;PKHeX@8ad201e80244f630ab5a46922ab72fb79c5ad4f4,,,,reference_order_only
351,Castform,ポワルン,캐스퐁,Castform,Base,0,showdown_formeOrder,3,base_form,no,no,Normal,,70,70,70,70,70,70,Forecast,,,,,,,,PokemonShowdown@2ddfa0476f8207e12e204b1c69f7c7683b17633c;PKHeX@8ad201e80244f630ab5a46922ab72fb79c5ad4f4,,,,reference_order_only
351,Castform,ポワルン,캐스퐁,Castform-Sunny,Sunny,1,showdown_formeOrder,3,battle_only_form,yes,no,Fire,,70,70,70,70,70,70,Forecast,,,Forecast,,,Castform,,PokemonShowdown@2ddfa0476f8207e12e204b1c69f7c7683b17633c;PKHeX@8ad201e80244f630ab5a46922ab72fb79c5ad4f4,,,,reference_order_only
351,Castform,ポワルン,캐스퐁,Castform-Rainy,Rainy,2,showdown_formeOrder,3,battle_only_form,yes,no,Water,,70,70,70,70,70,70,Forecast,,,Forecast,,,Castform,,PokemonShowdown@2ddfa0476f8207e12e204b1c69f7c7683b17633c;PKHeX@8ad201e80244f630ab5a46922ab72fb79c5ad4f4,,,,reference_order_only
351,Castform,ポワルン,캐스퐁,Castform-Snowy,Snowy,3,showdown_formeOrder,3,battle_only_form,yes,no,Ice,,70,70,70,70,70,70,Forecast,,,Forecast,,,Castform,,PokemonShowdown@2ddfa0476f8207e12e204b1c69f7c7683b17633c;PKHeX@8ad201e80244f630ab5a46922ab72fb79c5ad4f4,,,,reference_order_only
354,Banette,ジュペッタ,다크펫,Banette,Base,0,showdown_formeOrder,3,base_form,no,no,Ghost,,64,115,65,65,83,63,Insomnia|Frisk|Cursed Body,,,,,,,,PokemonShowdown@2ddfa0476f8207e12e204b1c69f7c7683b17633c;PKHeX@8ad201e80244f630ab5a46922ab72fb79c5ad4f4,,,,reference_order_only
354,Banette,ジュペッタ,다크펫,Banette-Mega,Mega,1,showdown_formeOrder,6,battle_transformation,no,no,Ghost,,64,165,75,75,93,83,Prankster,Banettite,,,,,,,PokemonShowdown@2ddfa0476f8207e12e204b1c69f7c7683b17633c;PKHeX@8ad201e80244f630ab5a46922ab72fb79c5ad4f4,,,,reference_order_only
358,Chimecho,チリーン,치렁,Chimecho,Base,0,showdown_formeOrder,3,base_form,no,no,Psychic,,75,50,80,65,95,90,Levitate,,,,,,,,PokemonShowdown@2ddfa0476f8207e12e204b1c69f7c7683b17633c;PKHeX@8ad201e80244f630ab5a46922ab72fb79c5ad4f4,,,,reference_order_only
358,Chimecho,チリーン,치렁,Chimecho-Mega,Mega,1,showdown_formeOrder,9,battle_transformation,no,no,Psychic,Steel,75,50,110,65,135,120,Levitate,Chimechite,,,,,,,PokemonShowdown@2ddfa0476f8207e12e204b1c69f7c7683b17633c;PKHeX@8ad201e80244f630ab5a46922ab72fb79c5ad4f4,,,,reference_order_only
359,Absol,アブソル,앱솔,Absol,Base,0,showdown_formeOrder,3,base_form,no,no,Dark,,65,130,60,75,75,60,Pressure|Super Luck|Justified,,,,,,,,PokemonShowdown@2ddfa0476f8207e12e204b1c69f7c7683b17633c;PKHeX@8ad201e80244f630ab5a46922ab72fb79c5ad4f4,,,,reference_order_only
359,Absol,アブソル,앱솔,Absol-Mega,Mega,1,showdown_formeOrder,6,battle_transformation,no,no,Dark,,65,150,60,115,115,60,Magic Bounce,Absolite,,,,,,,PokemonShowdown@2ddfa0476f8207e12e204b1c69f7c7683b17633c;PKHeX@8ad201e80244f630ab5a46922ab72fb79c5ad4f4,,,,reference_order_only
359,Absol,アブソル,앱솔,Absol-Mega-Z,Mega-Z,2,showdown_formeOrder,9,battle_transformation,no,no,Dark,Ghost,65,154,60,151,75,60,Sharpness,Absolite Z,,,,,,,PokemonShowdown@2ddfa0476f8207e12e204b1c69f7c7683b17633c;PKHeX@8ad201e80244f630ab5a46922ab72fb79c5ad4f4,,,,reference_order_only
362,Glalie,オニゴーリ,얼음귀신,Glalie,Base,0,showdown_formeOrder,3,base_form,no,no,Ice,,80,80,80,80,80,80,Inner Focus|Ice Body|Moody,,,,,,,,PokemonShowdown@2ddfa0476f8207e12e204b1c69f7c7683b17633c;PKHeX@8ad201e80244f630ab5a46922ab72fb79c5ad4f4,,,,reference_order_only
362,Glalie,オニゴーリ,얼음귀신,Glalie-Mega,Mega,1,showdown_formeOrder,6,battle_transformation,no,no,Ice,,80,120,80,100,120,80,Refrigerate,Glalitite,,,,,,,PokemonShowdown@2ddfa0476f8207e12e204b1c69f7c7683b17633c;PKHeX@8ad201e80244f630ab5a46922ab72fb79c5ad4f4,,,,reference_order_only
373,Salamence,ボーマンダ,보만다,Salamence,Base,0,showdown_formeOrder,3,base_form,no,no,Dragon,Flying,95,135,80,100,110,80,Intimidate|Moxie,,,,,,,,PokemonShowdown@2ddfa0476f8207e12e204b1c69f7c7683b17633c;PKHeX@8ad201e80244f630ab5a46922ab72fb79c5ad4f4,,,,reference_order_only
373,Salamence,ボーマンダ,보만다,Salamence-Mega,Mega,1,showdown_formeOrder,6,battle_transformation,no,no,Dragon,Flying,95,145,130,120,120,90,Aerilate,Salamencite,,,,,,,PokemonShowdown@2ddfa0476f8207e12e204b1c69f7c7683b17633c;PKHeX@8ad201e80244f630ab5a46922ab72fb79c5ad4f4,,,,reference_order_only
376,Metagross,メタグロス,메타그로스,Metagross,Base,0,showdown_formeOrder,3,base_form,no,no,Steel,Psychic,80,135,130,70,95,90,Clear Body|Light Metal,,,,,,,,PokemonShowdown@2ddfa0476f8207e12e204b1c69f7c7683b17633c;PKHeX@8ad201e80244f630ab5a46922ab72fb79c5ad4f4,,,,reference_order_only
376,Metagross,メタグロス,메타그로스,Metagross-Mega,Mega,1,showdown_formeOrder,6,battle_transformation,no,no,Steel,Psychic,80,145,150,110,105,110,Tough Claws,Metagrossite,,,,,,,PokemonShowdown@2ddfa0476f8207e12e204b1c69f7c7683b17633c;PKHeX@8ad201e80244f630ab5a46922ab72fb79c5ad4f4,,,,reference_order_only
380,Latias,ラティアス,라티아스,Latias,Base,0,showdown_formeOrder,3,base_form,no,no,Dragon,Psychic,80,80,90,110,110,130,Levitate,,,,,,,,PokemonShowdown@2ddfa0476f8207e12e204b1c69f7c7683b17633c;PKHeX@8ad201e80244f630ab5a46922ab72fb79c5ad4f4,,,,reference_order_only
380,Latias,ラティアス,라티아스,Latias-Mega,Mega,1,showdown_formeOrder,6,battle_transformation,no,no,Dragon,Psychic,80,100,120,110,140,150,Levitate,Latiasite,,,,,,,PokemonShowdown@2ddfa0476f8207e12e204b1c69f7c7683b17633c;PKHeX@8ad201e80244f630ab5a46922ab72fb79c5ad4f4,,,,reference_order_only
381,Latios,ラティオス,라티오스,Latios,Base,0,showdown_formeOrder,3,base_form,no,no,Dragon,Psychic,80,90,80,110,130,110,Levitate,,,,,,,,PokemonShowdown@2ddfa0476f8207e12e204b1c69f7c7683b17633c;PKHeX@8ad201e80244f630ab5a46922ab72fb79c5ad4f4,,,,reference_order_only
381,Latios,ラティオス,라티오스,Latios-Mega,Mega,1,showdown_formeOrder,6,battle_transformation,no,no,Dragon,Psychic,80,130,100,110,160,120,Levitate,Latiosite,,,,,,,PokemonShowdown@2ddfa0476f8207e12e204b1c69f7c7683b17633c;PKHeX@8ad201e80244f630ab5a46922ab72fb79c5ad4f4,,,,reference_order_only
382,Kyogre,カイオーガ,가이오가,Kyogre,Base,0,showdown_formeOrder,3,base_form,no,no,Water,,100,100,90,90,150,140,Drizzle,,,,,,,,PokemonShowdown@2ddfa0476f8207e12e204b1c69f7c7683b17633c;PKHeX@8ad201e80244f630ab5a46922ab72fb79c5ad4f4,,,,reference_order_only
382,Kyogre,カイオーガ,가이오가,Kyogre-Primal,Primal,1,showdown_formeOrder,6,battle_transformation,no,no,Water,,100,150,90,90,180,160,Primordial Sea,Blue Orb,,,,,,,PokemonShowdown@2ddfa0476f8207e12e204b1c69f7c7683b17633c;PKHeX@8ad201e80244f630ab5a46922ab72fb79c5ad4f4,,,,reference_order_only
383,Groudon,グラードン,그란돈,Groudon,Base,0,showdown_formeOrder,3,base_form,no,no,Ground,,100,150,140,90,100,90,Drought,,,,,,,,PokemonShowdown@2ddfa0476f8207e12e204b1c69f7c7683b17633c;PKHeX@8ad201e80244f630ab5a46922ab72fb79c5ad4f4,,,,reference_order_only
383,Groudon,グラードン,그란돈,Groudon-Primal,Primal,1,showdown_formeOrder,6,battle_transformation,no,no,Ground,Fire,100,180,160,90,150,90,Desolate Land,Red Orb,,,,,,,PokemonShowdown@2ddfa0476f8207e12e204b1c69f7c7683b17633c;PKHeX@8ad201e80244f630ab5a46922ab72fb79c5ad4f4,,,,reference_order_only
384,Rayquaza,レックウザ,레쿠쟈,Rayquaza,Base,0,showdown_formeOrder,3,base_form,no,no,Dragon,Flying,105,150,90,95,150,90,Air Lock,,,,,,,,PokemonShowdown@2ddfa0476f8207e12e204b1c69f7c7683b17633c;PKHeX@8ad201e80244f630ab5a46922ab72fb79c5ad4f4,,,,reference_order_only
384,Rayquaza,レックウザ,레쿠쟈,Rayquaza-Mega,Mega,1,showdown_formeOrder,6,battle_transformation,no,no,Dragon,Flying,105,180,100,115,180,100,Delta Stream,,Dragon Ascent,,,,,,PokemonShowdown@2ddfa0476f8207e12e204b1c69f7c7683b17633c;PKHeX@8ad201e80244f630ab5a46922ab72fb79c5ad4f4,,,,reference_order_only
386,Deoxys,デオキシス,테오키스,Deoxys,Normal,0,showdown_formeOrder,3,base_form,no,no,Psychic,,50,150,50,150,150,50,Pressure,,,,,,,,PokemonShowdown@2ddfa0476f8207e12e204b1c69f7c7683b17633c;PKHeX@8ad201e80244f630ab5a46922ab72fb79c5ad4f4,,,,reference_order_only
386,Deoxys,デオキシス,테오키스,Deoxys-Attack,Attack,1,showdown_formeOrder,3,persistent_identity,no,no,Psychic,,50,180,20,150,180,20,Pressure,,,,,Deoxys,,,PokemonShowdown@2ddfa0476f8207e12e204b1c69f7c7683b17633c;PKHeX@8ad201e80244f630ab5a46922ab72fb79c5ad4f4,,,,reference_order_only
386,Deoxys,デオキシス,테오키스,Deoxys-Defense,Defense,2,showdown_formeOrder,3,persistent_identity,no,no,Psychic,,50,70,160,90,70,160,Pressure,,,,,Deoxys,,,PokemonShowdown@2ddfa0476f8207e12e204b1c69f7c7683b17633c;PKHeX@8ad201e80244f630ab5a46922ab72fb79c5ad4f4,,,,reference_order_only
386,Deoxys,デオキシス,테오키스,Deoxys-Speed,Speed,3,showdown_formeOrder,3,persistent_identity,no,no,Psychic,,50,95,90,180,95,90,Pressure,,,,,Deoxys,,,PokemonShowdown@2ddfa0476f8207e12e204b1c69f7c7683b17633c;PKHeX@8ad201e80244f630ab5a46922ab72fb79c5ad4f4,,,,reference_order_only
398,Staraptor,ムクホーク,찌르호크,Staraptor,Base,0,showdown_formeOrder,4,base_form,no,no,Normal,Flying,85,120,70,100,50,60,Intimidate|Reckless,,,,,,,,PokemonShowdown@2ddfa0476f8207e12e204b1c69f7c7683b17633c;PKHeX@8ad201e80244f630ab5a46922ab72fb79c5ad4f4,,,,reference_order_only
398,Staraptor,ムクホーク,찌르호크,Staraptor-Mega,Mega,1,showdown_formeOrder,9,battle_transformation,no,no,Fighting,Flying,85,140,100,110,60,90,Contrary,Staraptite,,,,,,,PokemonShowdown@2ddfa0476f8207e12e204b1c69f7c7683b17633c;PKHeX@8ad201e80244f630ab5a46922ab72fb79c5ad4f4,,,,reference_order_only
412,Burmy,ミノムッチ,도롱충이,Burmy,Plant,0,showdown_formeOrder,4,base_form,no,no,Bug,,40,29,45,36,29,45,Shed Skin|Overcoat,,,,,,,,PokemonShowdown@2ddfa0476f8207e12e204b1c69f7c7683b17633c;PKHeX@8ad201e80244f630ab5a46922ab72fb79c5ad4f4,,,,reference_order_only
412,Burmy,ミノムッチ,도롱충이,Burmy-Sandy,Sandy,1,showdown_formeOrder,4,cosmetic_identity,no,yes,Bug,,40,29,45,36,29,45,Shed Skin|Overcoat,,,,,,,,PokemonShowdown@2ddfa0476f8207e12e204b1c69f7c7683b17633c;PKHeX@8ad201e80244f630ab5a46922ab72fb79c5ad4f4,,,,reference_order_only
412,Burmy,ミノムッチ,도롱충이,Burmy-Trash,Trash,2,showdown_formeOrder,4,cosmetic_identity,no,yes,Bug,,40,29,45,36,29,45,Shed Skin|Overcoat,,,,,,,,PokemonShowdown@2ddfa0476f8207e12e204b1c69f7c7683b17633c;PKHeX@8ad201e80244f630ab5a46922ab72fb79c5ad4f4,,,,reference_order_only
413,Wormadam,ミノマダム,도롱마담,Wormadam,Plant,0,showdown_formeOrder,4,base_form,no,no,Bug,Grass,60,59,85,36,79,105,Anticipation|Overcoat,,,,,,,,PokemonShowdown@2ddfa0476f8207e12e204b1c69f7c7683b17633c;PKHeX@8ad201e80244f630ab5a46922ab72fb79c5ad4f4,,,,reference_order_only
413,Wormadam,ミノマダム,도롱마담,Wormadam-Sandy,Sandy,1,showdown_formeOrder,4,persistent_identity,no,no,Bug,Ground,60,79,105,36,59,85,Anticipation|Overcoat,,,,,,,,PokemonShowdown@2ddfa0476f8207e12e204b1c69f7c7683b17633c;PKHeX@8ad201e80244f630ab5a46922ab72fb79c5ad4f4,,,,reference_order_only
413,Wormadam,ミノマダム,도롱마담,Wormadam-Trash,Trash,2,showdown_formeOrder,4,persistent_identity,no,no,Bug,Steel,60,69,95,36,69,95,Anticipation|Overcoat,,,,,,,,PokemonShowdown@2ddfa0476f8207e12e204b1c69f7c7683b17633c;PKHeX@8ad201e80244f630ab5a46922ab72fb79c5ad4f4,,,,reference_order_only
414,Mothim,ガーメイル,나메일,Mothim-Plant-Internal,Plant,0,PKHeX_FormInfo_out_of_bounds,4,hidden_persistent_form_value,no,no,Bug,Flying,70,94,50,66,94,50,Swarm|Tinted Lens,,,,,,,,PokemonShowdown@2ddfa0476f8207e12e204b1c69f7c7683b17633c;PKHeX@8ad201e80244f630ab5a46922ab72fb79c5ad4f4,Burmy cloak form value is retained on male evolution; Mothim appearance/personal data is shared.,,,reference_verified
414,Mothim,ガーメイル,나메일,Mothim-Sandy-Internal,Sandy,1,PKHeX_FormInfo_out_of_bounds,4,hidden_persistent_form_value,no,no,Bug,Flying,70,94,50,66,94,50,Swarm|Tinted Lens,,,,,,,,PokemonShowdown@2ddfa0476f8207e12e204b1c69f7c7683b17633c;PKHeX@8ad201e80244f630ab5a46922ab72fb79c5ad4f4,Burmy cloak form value is retained on male evolution; Mothim appearance/personal data is shared.,,,reference_verified
414,Mothim,ガーメイル,나메일,Mothim-Trash-Internal,Trash,2,PKHeX_FormInfo_out_of_bounds,4,hidden_persistent_form_value,no,no,Bug,Flying,70,94,50,66,94,50,Swarm|Tinted Lens,,,,,,,,PokemonShowdown@2ddfa0476f8207e12e204b1c69f7c7683b17633c;PKHeX@8ad201e80244f630ab5a46922ab72fb79c5ad4f4,Burmy cloak form value is retained on male evolution; Mothim appearance/personal data is shared.,,,reference_verified
421,Cherrim,チェリム,체리꼬,Cherrim,Overcast,0,showdown_formeOrder,4,base_form,no,no,Grass,,70,60,70,85,87,78,Flower Gift,,,,,,,,PokemonShowdown@2ddfa0476f8207e12e204b1c69f7c7683b17633c;PKHeX@8ad201e80244f630ab5a46922ab72fb79c5ad4f4,,,,reference_order_only
421,Cherrim,チェリム,체리꼬,Cherrim-Sunshine,Sunshine,1,showdown_formeOrder,4,battle_only_form,yes,no,Grass,,70,60,70,85,87,78,Flower Gift,,,Flower Gift,,,Cherrim,,PokemonShowdown@2ddfa0476f8207e12e204b1c69f7c7683b17633c;PKHeX@8ad201e80244f630ab5a46922ab72fb79c5ad4f4,,,,reference_order_only
422,Shellos,カラナクシ,깝질무,Shellos,West,0,showdown_formeOrder,4,base_form,no,no,Water,,76,48,48,34,57,62,Sticky Hold|Storm Drain|Sand Force,,,,,,,,PokemonShowdown@2ddfa0476f8207e12e204b1c69f7c7683b17633c;PKHeX@8ad201e80244f630ab5a46922ab72fb79c5ad4f4,,,,reference_order_only
422,Shellos,カラナクシ,깝질무,Shellos-East,East,1,showdown_formeOrder,4,cosmetic_identity,no,yes,Water,,76,48,48,34,57,62,Sticky Hold|Storm Drain|Sand Force,,,,,,,,PokemonShowdown@2ddfa0476f8207e12e204b1c69f7c7683b17633c;PKHeX@8ad201e80244f630ab5a46922ab72fb79c5ad4f4,,,,reference_order_only
423,Gastrodon,トリトドン,트리토돈,Gastrodon,West,0,showdown_formeOrder,4,base_form,no,no,Water,Ground,111,83,68,39,92,82,Sticky Hold|Storm Drain|Sand Force,,,,,,,,PokemonShowdown@2ddfa0476f8207e12e204b1c69f7c7683b17633c;PKHeX@8ad201e80244f630ab5a46922ab72fb79c5ad4f4,,,,reference_order_only
423,Gastrodon,トリトドン,트리토돈,Gastrodon-East,East,1,showdown_formeOrder,4,cosmetic_identity,no,yes,Water,Ground,111,83,68,39,92,82,Sticky Hold|Storm Drain|Sand Force,,,,,,,,PokemonShowdown@2ddfa0476f8207e12e204b1c69f7c7683b17633c;PKHeX@8ad201e80244f630ab5a46922ab72fb79c5ad4f4,,,,reference_order_only
428,Lopunny,ミミロップ,이어롭,Lopunny,Base,0,showdown_formeOrder,4,base_form,no,no,Normal,,65,76,84,105,54,96,Cute Charm|Klutz|Limber,,,,,,,,PokemonShowdown@2ddfa0476f8207e12e204b1c69f7c7683b17633c;PKHeX@8ad201e80244f630ab5a46922ab72fb79c5ad4f4,,,,reference_order_only
428,Lopunny,ミミロップ,이어롭,Lopunny-Mega,Mega,1,showdown_formeOrder,6,battle_transformation,no,no,Normal,Fighting,65,136,94,135,54,96,Scrappy,Lopunnite,,,,,,,PokemonShowdown@2ddfa0476f8207e12e204b1c69f7c7683b17633c;PKHeX@8ad201e80244f630ab5a46922ab72fb79c5ad4f4,,,,reference_order_only
445,Garchomp,ガブリアス,한카리아스,Garchomp,Base,0,showdown_formeOrder,4,base_form,no,no,Dragon,Ground,108,130,95,102,80,85,Sand Veil|Rough Skin,,,,,,,,PokemonShowdown@2ddfa0476f8207e12e204b1c69f7c7683b17633c;PKHeX@8ad201e80244f630ab5a46922ab72fb79c5ad4f4,,,,reference_order_only
445,Garchomp,ガブリアス,한카리아스,Garchomp-Mega,Mega,1,showdown_formeOrder,6,battle_transformation,no,no,Dragon,Ground,108,170,115,92,120,95,Sand Force,Garchompite,,,,,,,PokemonShowdown@2ddfa0476f8207e12e204b1c69f7c7683b17633c;PKHeX@8ad201e80244f630ab5a46922ab72fb79c5ad4f4,,,,reference_order_only
445,Garchomp,ガブリアス,한카리아스,Garchomp-Mega-Z,Mega-Z,2,showdown_formeOrder,9,battle_transformation,no,no,Dragon,,108,130,85,151,141,85,Levitate,Garchompite Z,,,,,,,PokemonShowdown@2ddfa0476f8207e12e204b1c69f7c7683b17633c;PKHeX@8ad201e80244f630ab5a46922ab72fb79c5ad4f4,,,,reference_order_only
448,Lucario,ルカリオ,루카리오,Lucario,Base,0,showdown_formeOrder,4,base_form,no,no,Fighting,Steel,70,110,70,90,115,70,Steadfast|Inner Focus|Justified,,,,,,,,PokemonShowdown@2ddfa0476f8207e12e204b1c69f7c7683b17633c;PKHeX@8ad201e80244f630ab5a46922ab72fb79c5ad4f4,,,,reference_order_only
448,Lucario,ルカリオ,루카리오,Lucario-Mega,Mega,1,showdown_formeOrder,6,battle_transformation,no,no,Fighting,Steel,70,145,88,112,140,70,Adaptability,Lucarionite,,,,,,,PokemonShowdown@2ddfa0476f8207e12e204b1c69f7c7683b17633c;PKHeX@8ad201e80244f630ab5a46922ab72fb79c5ad4f4,,,,reference_order_only
448,Lucario,ルカリオ,루카리오,Lucario-Mega-Z,Mega-Z,2,showdown_formeOrder,9,battle_transformation,no,no,Fighting,Steel,70,100,70,151,164,70,Aura Guard,Lucarionite Z,,,,,,,PokemonShowdown@2ddfa0476f8207e12e204b1c69f7c7683b17633c;PKHeX@8ad201e80244f630ab5a46922ab72fb79c5ad4f4,,,,reference_order_only
460,Abomasnow,ユキノオー,눈설왕,Abomasnow,Base,0,showdown_formeOrder,4,base_form,no,no,Grass,Ice,90,92,75,60,92,85,Snow Warning|Soundproof,,,,,,,,PokemonShowdown@2ddfa0476f8207e12e204b1c69f7c7683b17633c;PKHeX@8ad201e80244f630ab5a46922ab72fb79c5ad4f4,,,,reference_order_only
460,Abomasnow,ユキノオー,눈설왕,Abomasnow-Mega,Mega,1,showdown_formeOrder,6,battle_transformation,no,no,Grass,Ice,90,132,105,30,132,105,Snow Warning,Abomasite,,,,,,,PokemonShowdown@2ddfa0476f8207e12e204b1c69f7c7683b17633c;PKHeX@8ad201e80244f630ab5a46922ab72fb79c5ad4f4,,,,reference_order_only
475,Gallade,エルレイド,엘레이드,Gallade,Base,0,showdown_formeOrder,4,base_form,no,no,Psychic,Fighting,68,125,65,80,65,115,Steadfast|Sharpness|Justified,,,,,,,,PokemonShowdown@2ddfa0476f8207e12e204b1c69f7c7683b17633c;PKHeX@8ad201e80244f630ab5a46922ab72fb79c5ad4f4,,,,reference_order_only
475,Gallade,エルレイド,엘레이드,Gallade-Mega,Mega,1,showdown_formeOrder,6,battle_transformation,no,no,Psychic,Fighting,68,165,95,110,65,115,Inner Focus,Galladite,,,,,,,PokemonShowdown@2ddfa0476f8207e12e204b1c69f7c7683b17633c;PKHeX@8ad201e80244f630ab5a46922ab72fb79c5ad4f4,,,,reference_order_only
478,Froslass,ユキメノコ,눈여아,Froslass,Base,0,showdown_formeOrder,4,base_form,no,no,Ice,Ghost,70,80,70,110,80,70,Snow Cloak|Cursed Body,,,,,,,,PokemonShowdown@2ddfa0476f8207e12e204b1c69f7c7683b17633c;PKHeX@8ad201e80244f630ab5a46922ab72fb79c5ad4f4,,,,reference_order_only
478,Froslass,ユキメノコ,눈여아,Froslass-Mega,Mega,1,showdown_formeOrder,9,battle_transformation,no,no,Ice,Ghost,70,80,70,120,140,100,Snow Warning,Froslassite,,,,,,,PokemonShowdown@2ddfa0476f8207e12e204b1c69f7c7683b17633c;PKHeX@8ad201e80244f630ab5a46922ab72fb79c5ad4f4,,,,reference_order_only
479,Rotom,ロトム,로토무,Rotom,Base,0,showdown_formeOrder,4,base_form,no,no,Electric,Ghost,50,50,77,91,95,77,Levitate,,,,,,,,PokemonShowdown@2ddfa0476f8207e12e204b1c69f7c7683b17633c;PKHeX@8ad201e80244f630ab5a46922ab72fb79c5ad4f4,,,,reference_order_only
479,Rotom,ロトム,로토무,Rotom-Heat,Heat,1,showdown_formeOrder,4,persistent_identity,no,no,Electric,Fire,50,65,107,86,105,107,Levitate,,,,,Rotom,,,PokemonShowdown@2ddfa0476f8207e12e204b1c69f7c7683b17633c;PKHeX@8ad201e80244f630ab5a46922ab72fb79c5ad4f4,,,,reference_order_only
479,Rotom,ロトム,로토무,Rotom-Wash,Wash,2,showdown_formeOrder,4,persistent_identity,no,no,Electric,Water,50,65,107,86,105,107,Levitate,,,,,Rotom,,,PokemonShowdown@2ddfa0476f8207e12e204b1c69f7c7683b17633c;PKHeX@8ad201e80244f630ab5a46922ab72fb79c5ad4f4,,,,reference_order_only
479,Rotom,ロトム,로토무,Rotom-Frost,Frost,3,showdown_formeOrder,4,persistent_identity,no,no,Electric,Ice,50,65,107,86,105,107,Levitate,,,,,Rotom,,,PokemonShowdown@2ddfa0476f8207e12e204b1c69f7c7683b17633c;PKHeX@8ad201e80244f630ab5a46922ab72fb79c5ad4f4,,,,reference_order_only
479,Rotom,ロトム,로토무,Rotom-Fan,Fan,4,showdown_formeOrder,4,persistent_identity,no,no,Electric,Flying,50,65,107,86,105,107,Levitate,,,,,Rotom,,,PokemonShowdown@2ddfa0476f8207e12e204b1c69f7c7683b17633c;PKHeX@8ad201e80244f630ab5a46922ab72fb79c5ad4f4,,,,reference_order_only
479,Rotom,ロトム,로토무,Rotom-Mow,Mow,5,showdown_formeOrder,4,persistent_identity,no,no,Electric,Grass,50,65,107,86,105,107,Levitate,,,,,Rotom,,,PokemonShowdown@2ddfa0476f8207e12e204b1c69f7c7683b17633c;PKHeX@8ad201e80244f630ab5a46922ab72fb79c5ad4f4,,,,reference_order_only
483,Dialga,ディアルガ,디아루가,Dialga,Base,0,showdown_formeOrder,4,base_form,no,no,Steel,Dragon,100,120,120,90,150,100,Pressure|Telepathy,,,,,,,,PokemonShowdown@2ddfa0476f8207e12e204b1c69f7c7683b17633c;PKHeX@8ad201e80244f630ab5a46922ab72fb79c5ad4f4,,,,reference_order_only
483,Dialga,ディアルガ,디아루가,Dialga-Origin,Origin,1,showdown_formeOrder,8,held_item_derived,no,no,Steel,Dragon,100,100,120,90,150,120,Pressure|Telepathy,Adamant Crystal,,,,Dialga,,,PokemonShowdown@2ddfa0476f8207e12e204b1c69f7c7683b17633c;PKHeX@8ad201e80244f630ab5a46922ab72fb79c5ad4f4,,,,reference_order_only
484,Palkia,パルキア,펄기아,Palkia,Base,0,showdown_formeOrder,4,base_form,no,no,Water,Dragon,90,120,100,100,150,120,Pressure|Telepathy,,,,,,,,PokemonShowdown@2ddfa0476f8207e12e204b1c69f7c7683b17633c;PKHeX@8ad201e80244f630ab5a46922ab72fb79c5ad4f4,,,,reference_order_only
484,Palkia,パルキア,펄기아,Palkia-Origin,Origin,1,showdown_formeOrder,8,held_item_derived,no,no,Water,Dragon,90,100,100,120,150,120,Pressure|Telepathy,Lustrous Globe,,,,Palkia,,,PokemonShowdown@2ddfa0476f8207e12e204b1c69f7c7683b17633c;PKHeX@8ad201e80244f630ab5a46922ab72fb79c5ad4f4,,,,reference_order_only
485,Heatran,ヒードラン,히드런,Heatran,Base,0,showdown_formeOrder,4,base_form,no,no,Fire,Steel,91,90,106,77,130,106,Flash Fire|Flame Body,,,,,,,,PokemonShowdown@2ddfa0476f8207e12e204b1c69f7c7683b17633c;PKHeX@8ad201e80244f630ab5a46922ab72fb79c5ad4f4,,,,reference_order_only
485,Heatran,ヒードラン,히드런,Heatran-Mega,Mega,1,showdown_formeOrder,9,battle_transformation,no,no,Fire,Steel,91,120,106,67,175,141,Flash Fire|Flame Body,Heatranite,,,,,,,PokemonShowdown@2ddfa0476f8207e12e204b1c69f7c7683b17633c;PKHeX@8ad201e80244f630ab5a46922ab72fb79c5ad4f4,,,,reference_order_only
487,Giratina,ギラティナ,기라티나,Giratina,Altered,0,showdown_formeOrder,4,base_form,no,no,Ghost,Dragon,150,100,120,90,100,120,Pressure|Telepathy,,,,,,,,PokemonShowdown@2ddfa0476f8207e12e204b1c69f7c7683b17633c;PKHeX@8ad201e80244f630ab5a46922ab72fb79c5ad4f4,,,,reference_order_only
487,Giratina,ギラティナ,기라티나,Giratina-Origin,Origin,1,showdown_formeOrder,4,held_item_derived,no,no,Ghost,Dragon,150,120,100,90,120,100,Levitate,Griseous Core,,,,Giratina,,,PokemonShowdown@2ddfa0476f8207e12e204b1c69f7c7683b17633c;PKHeX@8ad201e80244f630ab5a46922ab72fb79c5ad4f4,,,,reference_order_only
491,Darkrai,ダークライ,다크라이,Darkrai,Base,0,showdown_formeOrder,4,base_form,no,no,Dark,,70,90,90,125,135,90,Bad Dreams,,,,,,,,PokemonShowdown@2ddfa0476f8207e12e204b1c69f7c7683b17633c;PKHeX@8ad201e80244f630ab5a46922ab72fb79c5ad4f4,,,,reference_order_only
491,Darkrai,ダークライ,다크라이,Darkrai-Mega,Mega,1,showdown_formeOrder,9,battle_transformation,no,no,Dark,,70,120,130,85,165,130,Bad Dreams,Darkranite,,,,,,,PokemonShowdown@2ddfa0476f8207e12e204b1c69f7c7683b17633c;PKHeX@8ad201e80244f630ab5a46922ab72fb79c5ad4f4,,,,reference_order_only
492,Shaymin,シェイミ,쉐이미,Shaymin,Land,0,showdown_formeOrder,4,base_form,no,no,Grass,,100,100,100,100,100,100,Natural Cure,,,,,,,,PokemonShowdown@2ddfa0476f8207e12e204b1c69f7c7683b17633c;PKHeX@8ad201e80244f630ab5a46922ab72fb79c5ad4f4,,,,reference_order_only
492,Shaymin,シェイミ,쉐이미,Shaymin-Sky,Sky,1,showdown_formeOrder,4,persistent_identity,no,no,Grass,Flying,100,103,75,127,120,75,Serene Grace,,,,,Shaymin,,,PokemonShowdown@2ddfa0476f8207e12e204b1c69f7c7683b17633c;PKHeX@8ad201e80244f630ab5a46922ab72fb79c5ad4f4,,,,reference_order_only
493,Arceus,アルセウス,아르세우스,Arceus,Normal,0,showdown_formeOrder,4,base_form,no,no,Normal,,120,120,120,120,120,120,Multitype,,,,,,,,PokemonShowdown@2ddfa0476f8207e12e204b1c69f7c7683b17633c;PKHeX@8ad201e80244f630ab5a46922ab72fb79c5ad4f4,,,,reference_order_only
493,Arceus,アルセウス,아르세우스,Arceus-Fighting,Fighting,1,showdown_formeOrder,4,held_item_derived,no,no,Fighting,,120,120,120,120,120,120,Multitype,Fist Plate|Fightinium Z,,,,Arceus,,,PokemonShowdown@2ddfa0476f8207e12e204b1c69f7c7683b17633c;PKHeX@8ad201e80244f630ab5a46922ab72fb79c5ad4f4,,,,reference_order_only
493,Arceus,アルセウス,아르세우스,Arceus-Flying,Flying,2,showdown_formeOrder,4,held_item_derived,no,no,Flying,,120,120,120,120,120,120,Multitype,Sky Plate|Flyinium Z,,,,Arceus,,,PokemonShowdown@2ddfa0476f8207e12e204b1c69f7c7683b17633c;PKHeX@8ad201e80244f630ab5a46922ab72fb79c5ad4f4,,,,reference_order_only
493,Arceus,アルセウス,아르세우스,Arceus-Poison,Poison,3,showdown_formeOrder,4,held_item_derived,no,no,Poison,,120,120,120,120,120,120,Multitype,Toxic Plate|Poisonium Z,,,,Arceus,,,PokemonShowdown@2ddfa0476f8207e12e204b1c69f7c7683b17633c;PKHeX@8ad201e80244f630ab5a46922ab72fb79c5ad4f4,,,,reference_order_only
493,Arceus,アルセウス,아르세우스,Arceus-Ground,Ground,4,showdown_formeOrder,4,held_item_derived,no,no,Ground,,120,120,120,120,120,120,Multitype,Earth Plate|Groundium Z,,,,Arceus,,,PokemonShowdown@2ddfa0476f8207e12e204b1c69f7c7683b17633c;PKHeX@8ad201e80244f630ab5a46922ab72fb79c5ad4f4,,,,reference_order_only
493,Arceus,アルセウス,아르세우스,Arceus-Rock,Rock,5,showdown_formeOrder,4,held_item_derived,no,no,Rock,,120,120,120,120,120,120,Multitype,Stone Plate|Rockium Z,,,,Arceus,,,PokemonShowdown@2ddfa0476f8207e12e204b1c69f7c7683b17633c;PKHeX@8ad201e80244f630ab5a46922ab72fb79c5ad4f4,,,,reference_order_only
493,Arceus,アルセウス,아르세우스,Arceus-Bug,Bug,6,showdown_formeOrder,4,held_item_derived,no,no,Bug,,120,120,120,120,120,120,Multitype,Insect Plate|Buginium Z,,,,Arceus,,,PokemonShowdown@2ddfa0476f8207e12e204b1c69f7c7683b17633c;PKHeX@8ad201e80244f630ab5a46922ab72fb79c5ad4f4,,,,reference_order_only
493,Arceus,アルセウス,아르세우스,Arceus-Ghost,Ghost,7,showdown_formeOrder,4,held_item_derived,no,no,Ghost,,120,120,120,120,120,120,Multitype,Spooky Plate|Ghostium Z,,,,Arceus,,,PokemonShowdown@2ddfa0476f8207e12e204b1c69f7c7683b17633c;PKHeX@8ad201e80244f630ab5a46922ab72fb79c5ad4f4,,,,reference_order_only
493,Arceus,アルセウス,아르세우스,Arceus-Steel,Steel,8,showdown_formeOrder,4,held_item_derived,no,no,Steel,,120,120,120,120,120,120,Multitype,Iron Plate|Steelium Z,,,,Arceus,,,PokemonShowdown@2ddfa0476f8207e12e204b1c69f7c7683b17633c;PKHeX@8ad201e80244f630ab5a46922ab72fb79c5ad4f4,,,,reference_order_only
493,Arceus,アルセウス,아르세우스,Arceus-???-Gen4-Internal,???,9,PKHeX_FormConverter_Gen4,4,data_only_unused_form,no,no,Normal,,120,120,120,120,120,120,Multitype,,,,,,,,PokemonShowdown@2ddfa0476f8207e12e204b1c69f7c7683b17633c;PKHeX@8ad201e80244f630ab5a46922ab72fb79c5ad4f4,Generation IV internal Mystery/??? type slot; not a normally obtainable Plate form.,,,reference_verified
493,Arceus,アルセウス,아르세우스,Arceus-Fire,Fire,9,showdown_formeOrder,4,held_item_derived,no,no,Fire,,120,120,120,120,120,120,Multitype,Flame Plate|Firium Z,,,,Arceus,,,PokemonShowdown@2ddfa0476f8207e12e204b1c69f7c7683b17633c;PKHeX@8ad201e80244f630ab5a46922ab72fb79c5ad4f4,,,,reference_order_only
493,Arceus,アルセウス,아르세우스,Arceus-Water,Water,10,showdown_formeOrder,4,held_item_derived,no,no,Water,,120,120,120,120,120,120,Multitype,Splash Plate|Waterium Z,,,,Arceus,,,PokemonShowdown@2ddfa0476f8207e12e204b1c69f7c7683b17633c;PKHeX@8ad201e80244f630ab5a46922ab72fb79c5ad4f4,,,,reference_order_only
493,Arceus,アルセウス,아르세우스,Arceus-Grass,Grass,11,showdown_formeOrder,4,held_item_derived,no,no,Grass,,120,120,120,120,120,120,Multitype,Meadow Plate|Grassium Z,,,,Arceus,,,PokemonShowdown@2ddfa0476f8207e12e204b1c69f7c7683b17633c;PKHeX@8ad201e80244f630ab5a46922ab72fb79c5ad4f4,,,,reference_order_only
493,Arceus,アルセウス,아르세우스,Arceus-Electric,Electric,12,showdown_formeOrder,4,held_item_derived,no,no,Electric,,120,120,120,120,120,120,Multitype,Zap Plate|Electrium Z,,,,Arceus,,,PokemonShowdown@2ddfa0476f8207e12e204b1c69f7c7683b17633c;PKHeX@8ad201e80244f630ab5a46922ab72fb79c5ad4f4,,,,reference_order_only
493,Arceus,アルセウス,아르세우스,Arceus-Psychic,Psychic,13,showdown_formeOrder,4,held_item_derived,no,no,Psychic,,120,120,120,120,120,120,Multitype,Mind Plate|Psychium Z,,,,Arceus,,,PokemonShowdown@2ddfa0476f8207e12e204b1c69f7c7683b17633c;PKHeX@8ad201e80244f630ab5a46922ab72fb79c5ad4f4,,,,reference_order_only
493,Arceus,アルセウス,아르세우스,Arceus-Ice,Ice,14,showdown_formeOrder,4,held_item_derived,no,no,Ice,,120,120,120,120,120,120,Multitype,Icicle Plate|Icium Z,,,,Arceus,,,PokemonShowdown@2ddfa0476f8207e12e204b1c69f7c7683b17633c;PKHeX@8ad201e80244f630ab5a46922ab72fb79c5ad4f4,,,,reference_order_only
493,Arceus,アルセウス,아르세우스,Arceus-Dragon,Dragon,15,showdown_formeOrder,4,held_item_derived,no,no,Dragon,,120,120,120,120,120,120,Multitype,Draco Plate|Dragonium Z,,,,Arceus,,,PokemonShowdown@2ddfa0476f8207e12e204b1c69f7c7683b17633c;PKHeX@8ad201e80244f630ab5a46922ab72fb79c5ad4f4,,,,reference_order_only
493,Arceus,アルセウス,아르세우스,Arceus-Dark,Dark,16,showdown_formeOrder,4,held_item_derived,no,no,Dark,,120,120,120,120,120,120,Multitype,Dread Plate|Darkinium Z,,,,Arceus,,,PokemonShowdown@2ddfa0476f8207e12e204b1c69f7c7683b17633c;PKHeX@8ad201e80244f630ab5a46922ab72fb79c5ad4f4,,,,reference_order_only
493,Arceus,アルセウス,아르세우스,Arceus-Fairy,Fairy,17,showdown_formeOrder,6,held_item_derived,no,no,Fairy,,120,120,120,120,120,120,Multitype,Pixie Plate|Fairium Z,,,,Arceus,,,PokemonShowdown@2ddfa0476f8207e12e204b1c69f7c7683b17633c;PKHeX@8ad201e80244f630ab5a46922ab72fb79c5ad4f4,,,,reference_order_only
500,Emboar,エンブオー,염무왕,Emboar,Base,0,showdown_formeOrder,5,base_form,no,no,Fire,Fighting,110,123,65,65,100,65,Blaze|Reckless,,,,,,,,PokemonShowdown@2ddfa0476f8207e12e204b1c69f7c7683b17633c;PKHeX@8ad201e80244f630ab5a46922ab72fb79c5ad4f4,,,,reference_order_only
500,Emboar,エンブオー,염무왕,Emboar-Mega,Mega,1,showdown_formeOrder,9,battle_transformation,no,no,Fire,Fighting,110,148,75,75,110,110,Mold Breaker,Emboarite,,,,,,,PokemonShowdown@2ddfa0476f8207e12e204b1c69f7c7683b17633c;PKHeX@8ad201e80244f630ab5a46922ab72fb79c5ad4f4,,,,reference_order_only
503,Samurott,ダイケンキ,대검귀,Samurott,Base,0,showdown_formeOrder,5,base_form,no,no,Water,,95,100,85,70,108,70,Torrent|Shell Armor,,,,,,,,PokemonShowdown@2ddfa0476f8207e12e204b1c69f7c7683b17633c;PKHeX@8ad201e80244f630ab5a46922ab72fb79c5ad4f4,,,,reference_order_only
503,Samurott,ダイケンキ,대검귀,Samurott-Hisui,Hisui,1,showdown_formeOrder,8,persistent_identity,no,no,Water,Dark,90,108,80,85,100,65,Torrent|Sharpness,,,,,,,,PokemonShowdown@2ddfa0476f8207e12e204b1c69f7c7683b17633c;PKHeX@8ad201e80244f630ab5a46922ab72fb79c5ad4f4,,,,reference_order_only
530,Excadrill,ドリュウズ,몰드류,Excadrill,Base,0,showdown_formeOrder,5,base_form,no,no,Ground,Steel,110,135,60,88,50,65,Sand Rush|Sand Force|Mold Breaker,,,,,,,,PokemonShowdown@2ddfa0476f8207e12e204b1c69f7c7683b17633c;PKHeX@8ad201e80244f630ab5a46922ab72fb79c5ad4f4,,,,reference_order_only
530,Excadrill,ドリュウズ,몰드류,Excadrill-Mega,Mega,1,showdown_formeOrder,9,battle_transformation,no,no,Ground,Steel,110,165,100,103,65,65,Piercing Drill,Excadrite,,,,,,,PokemonShowdown@2ddfa0476f8207e12e204b1c69f7c7683b17633c;PKHeX@8ad201e80244f630ab5a46922ab72fb79c5ad4f4,,,,reference_order_only
531,Audino,タブンネ,다부니,Audino,Base,0,showdown_formeOrder,5,base_form,no,no,Normal,,103,60,86,50,60,86,Healer|Regenerator|Klutz,,,,,,,,PokemonShowdown@2ddfa0476f8207e12e204b1c69f7c7683b17633c;PKHeX@8ad201e80244f630ab5a46922ab72fb79c5ad4f4,,,,reference_order_only
531,Audino,タブンネ,다부니,Audino-Mega,Mega,1,showdown_formeOrder,6,battle_transformation,no,no,Normal,Fairy,103,60,126,50,80,126,Healer,Audinite,,,,,,,PokemonShowdown@2ddfa0476f8207e12e204b1c69f7c7683b17633c;PKHeX@8ad201e80244f630ab5a46922ab72fb79c5ad4f4,,,,reference_order_only
545,Scolipede,ペンドラー,펜드라,Scolipede,Base,0,showdown_formeOrder,5,base_form,no,no,Bug,Poison,60,100,89,112,55,69,Poison Point|Swarm|Speed Boost,,,,,,,,PokemonShowdown@2ddfa0476f8207e12e204b1c69f7c7683b17633c;PKHeX@8ad201e80244f630ab5a46922ab72fb79c5ad4f4,,,,reference_order_only
545,Scolipede,ペンドラー,펜드라,Scolipede-Mega,Mega,1,showdown_formeOrder,9,battle_transformation,no,no,Bug,Poison,60,140,149,62,75,99,Shell Armor,Scolipite,,,,,,,PokemonShowdown@2ddfa0476f8207e12e204b1c69f7c7683b17633c;PKHeX@8ad201e80244f630ab5a46922ab72fb79c5ad4f4,,,,reference_order_only
549,Lilligant,ドレディア,드레디어,Lilligant,Base,0,showdown_formeOrder,5,base_form,no,no,Grass,,70,60,75,90,110,75,Chlorophyll|Own Tempo|Leaf Guard,,,,,,,,PokemonShowdown@2ddfa0476f8207e12e204b1c69f7c7683b17633c;PKHeX@8ad201e80244f630ab5a46922ab72fb79c5ad4f4,,,,reference_order_only
549,Lilligant,ドレディア,드레디어,Lilligant-Hisui,Hisui,1,showdown_formeOrder,8,persistent_identity,no,no,Grass,Fighting,70,105,75,105,50,75,Chlorophyll|Hustle|Leaf Guard,,,,,,,,PokemonShowdown@2ddfa0476f8207e12e204b1c69f7c7683b17633c;PKHeX@8ad201e80244f630ab5a46922ab72fb79c5ad4f4,,,,reference_order_only
549,Lilligant,ドレディア,드레디어,Lilligant-Hisui-Lady,Hisuian-Lady,2,PKHeX_FormInfo_IsLordForm,8,scripted_boss_internal_form,no,no,Grass,Fighting,70,105,75,105,50,75,Chlorophyll|Hustle|Leaf Guard,,,,,,,,PokemonShowdown@2ddfa0476f8207e12e204b1c69f7c7683b17633c;PKHeX@8ad201e80244f630ab5a46922ab72fb79c5ad4f4,Pokémon Legends: Arceus Lord/Lady form; not a normal player-owned form.,,,reference_verified
550,Basculin,バスラオ,배쓰나이,Basculin,Red-Striped,0,showdown_formeOrder,5,base_form,no,no,Water,,70,92,65,98,80,55,Reckless|Adaptability|Mold Breaker,,,,,,,,PokemonShowdown@2ddfa0476f8207e12e204b1c69f7c7683b17633c;PKHeX@8ad201e80244f630ab5a46922ab72fb79c5ad4f4,,,,reference_order_only
550,Basculin,バスラオ,배쓰나이,Basculin-Blue-Striped,Blue-Striped,1,showdown_formeOrder,5,persistent_identity,no,no,Water,,70,92,65,98,80,55,Rock Head|Adaptability|Mold Breaker,,,,,,,,PokemonShowdown@2ddfa0476f8207e12e204b1c69f7c7683b17633c;PKHeX@8ad201e80244f630ab5a46922ab72fb79c5ad4f4,,,,reference_order_only
550,Basculin,バスラオ,배쓰나이,Basculin-White-Striped,White-Striped,2,showdown_formeOrder,8,persistent_identity,no,no,Water,,70,92,65,98,80,55,Rattled|Adaptability|Mold Breaker,,,,,,,,PokemonShowdown@2ddfa0476f8207e12e204b1c69f7c7683b17633c;PKHeX@8ad201e80244f630ab5a46922ab72fb79c5ad4f4,,,,reference_order_only
554,Darumaka,ダルマッカ,달막화,Darumaka,Base,0,showdown_formeOrder,5,base_form,no,no,Fire,,70,90,45,50,15,45,Hustle|Inner Focus,,,,,,,,PokemonShowdown@2ddfa0476f8207e12e204b1c69f7c7683b17633c;PKHeX@8ad201e80244f630ab5a46922ab72fb79c5ad4f4,,,,reference_order_only
554,Darumaka,ダルマッカ,달막화,Darumaka-Galar,Galar,1,showdown_formeOrder,8,persistent_identity,no,no,Ice,,70,90,45,50,15,45,Hustle|Inner Focus,,,,,,,,PokemonShowdown@2ddfa0476f8207e12e204b1c69f7c7683b17633c;PKHeX@8ad201e80244f630ab5a46922ab72fb79c5ad4f4,,,,reference_order_only
555,Darmanitan,ヒヒダルマ,불비달마,Darmanitan,Standard,0,showdown_formeOrder,5,base_form,no,no,Fire,,105,140,55,95,30,55,Sheer Force|Zen Mode,,,,,,,,PokemonShowdown@2ddfa0476f8207e12e204b1c69f7c7683b17633c;PKHeX@8ad201e80244f630ab5a46922ab72fb79c5ad4f4,,,,reference_order_only
555,Darmanitan,ヒヒダルマ,불비달마,Darmanitan-Zen,Zen,1,showdown_formeOrder,5,battle_only_form,yes,no,Fire,Psychic,105,30,105,55,140,105,Zen Mode,,,Zen Mode,,,Darmanitan,,PokemonShowdown@2ddfa0476f8207e12e204b1c69f7c7683b17633c;PKHeX@8ad201e80244f630ab5a46922ab72fb79c5ad4f4,,,,reference_order_only
555,Darmanitan,ヒヒダルマ,불비달마,Darmanitan-Galar,Galar,2,showdown_formeOrder,8,persistent_identity,no,no,Ice,,105,140,55,95,30,55,Gorilla Tactics|Zen Mode,,,,,,,,PokemonShowdown@2ddfa0476f8207e12e204b1c69f7c7683b17633c;PKHeX@8ad201e80244f630ab5a46922ab72fb79c5ad4f4,,,,reference_order_only
555,Darmanitan,ヒヒダルマ,불비달마,Darmanitan-Galar-Zen,Galar-Zen,3,showdown_formeOrder,8,battle_only_form,yes,no,Ice,Fire,105,160,55,135,30,55,Zen Mode,,,Zen Mode,,,Darmanitan-Galar,,PokemonShowdown@2ddfa0476f8207e12e204b1c69f7c7683b17633c;PKHeX@8ad201e80244f630ab5a46922ab72fb79c5ad4f4,,,,reference_order_only
560,Scrafty,ズルズキン,곤율거니,Scrafty,Base,0,showdown_formeOrder,5,base_form,no,no,Dark,Fighting,65,90,115,58,45,115,Shed Skin|Moxie|Intimidate,,,,,,,,PokemonShowdown@2ddfa0476f8207e12e204b1c69f7c7683b17633c;PKHeX@8ad201e80244f630ab5a46922ab72fb79c5ad4f4,,,,reference_order_only
560,Scrafty,ズルズキン,곤율거니,Scrafty-Mega,Mega,1,showdown_formeOrder,9,battle_transformation,no,no,Dark,Fighting,65,130,135,68,55,135,Intimidate,Scraftinite,,,,,,,PokemonShowdown@2ddfa0476f8207e12e204b1c69f7c7683b17633c;PKHeX@8ad201e80244f630ab5a46922ab72fb79c5ad4f4,,,,reference_order_only
562,Yamask,デスマス,데스마스,Yamask,Base,0,showdown_formeOrder,5,base_form,no,no,Ghost,,38,30,85,30,55,65,Mummy,,,,,,,,PokemonShowdown@2ddfa0476f8207e12e204b1c69f7c7683b17633c;PKHeX@8ad201e80244f630ab5a46922ab72fb79c5ad4f4,,,,reference_order_only
562,Yamask,デスマス,데스마스,Yamask-Galar,Galar,1,showdown_formeOrder,8,persistent_identity,no,no,Ground,Ghost,38,55,85,30,30,65,Wandering Spirit,,,,,,,,PokemonShowdown@2ddfa0476f8207e12e204b1c69f7c7683b17633c;PKHeX@8ad201e80244f630ab5a46922ab72fb79c5ad4f4,,,,reference_order_only
569,Garbodor,ダストダス,더스트나,Garbodor,Base,0,base_default,5,base_form,no,no,Poison,,80,95,82,75,60,82,Stench|Weak Armor|Aftermath,,,,,,,,PokemonShowdown@2ddfa0476f8207e12e204b1c69f7c7683b17633c;PKHeX@8ad201e80244f630ab5a46922ab72fb79c5ad4f4,,,,base_identity
569,Garbodor,ダストダス,더스트나,Garbodor-Gmax,Gmax,,not_persistent_form_id_gigantamax,8,battle_transformation,no,no,Poison,,80,95,82,75,60,82,Stench|Weak Armor|Aftermath,,,,,Garbodor,,,PokemonShowdown@2ddfa0476f8207e12e204b1c69f7c7683b17633c;PKHeX@8ad201e80244f630ab5a46922ab72fb79c5ad4f4,,,,semantic_verified_not_persistent
570,Zorua,ゾロア,조로아,Zorua,Base,0,showdown_formeOrder,5,base_form,no,no,Dark,,40,65,40,65,80,40,Illusion,,,,,,,,PokemonShowdown@2ddfa0476f8207e12e204b1c69f7c7683b17633c;PKHeX@8ad201e80244f630ab5a46922ab72fb79c5ad4f4,,,,reference_order_only
570,Zorua,ゾロア,조로아,Zorua-Hisui,Hisui,1,showdown_formeOrder,8,persistent_identity,no,no,Normal,Ghost,35,60,40,70,85,40,Illusion,,,,,,,,PokemonShowdown@2ddfa0476f8207e12e204b1c69f7c7683b17633c;PKHeX@8ad201e80244f630ab5a46922ab72fb79c5ad4f4,,,,reference_order_only
571,Zoroark,ゾロアーク,조로아크,Zoroark,Base,0,showdown_formeOrder,5,base_form,no,no,Dark,,60,105,60,105,120,60,Illusion,,,,,,,,PokemonShowdown@2ddfa0476f8207e12e204b1c69f7c7683b17633c;PKHeX@8ad201e80244f630ab5a46922ab72fb79c5ad4f4,,,,reference_order_only
571,Zoroark,ゾロアーク,조로아크,Zoroark-Hisui,Hisui,1,showdown_formeOrder,8,persistent_identity,no,no,Normal,Ghost,55,100,60,110,125,60,Illusion,,,,,,,,PokemonShowdown@2ddfa0476f8207e12e204b1c69f7c7683b17633c;PKHeX@8ad201e80244f630ab5a46922ab72fb79c5ad4f4,,,,reference_order_only
585,Deerling,シキジカ,사철록,Deerling,Spring,0,showdown_formeOrder,5,base_form,no,no,Normal,Grass,60,60,50,75,40,50,Chlorophyll|Sap Sipper|Serene Grace,,,,,,,,PokemonShowdown@2ddfa0476f8207e12e204b1c69f7c7683b17633c;PKHeX@8ad201e80244f630ab5a46922ab72fb79c5ad4f4,,,,reference_order_only
585,Deerling,シキジカ,사철록,Deerling-Summer,Summer,1,showdown_formeOrder,5,cosmetic_identity,no,yes,Normal,Grass,60,60,50,75,40,50,Chlorophyll|Sap Sipper|Serene Grace,,,,,,,,PokemonShowdown@2ddfa0476f8207e12e204b1c69f7c7683b17633c;PKHeX@8ad201e80244f630ab5a46922ab72fb79c5ad4f4,,,,reference_order_only
585,Deerling,シキジカ,사철록,Deerling-Autumn,Autumn,2,showdown_formeOrder,5,cosmetic_identity,no,yes,Normal,Grass,60,60,50,75,40,50,Chlorophyll|Sap Sipper|Serene Grace,,,,,,,,PokemonShowdown@2ddfa0476f8207e12e204b1c69f7c7683b17633c;PKHeX@8ad201e80244f630ab5a46922ab72fb79c5ad4f4,,,,reference_order_only
585,Deerling,シキジカ,사철록,Deerling-Winter,Winter,3,showdown_formeOrder,5,cosmetic_identity,no,yes,Normal,Grass,60,60,50,75,40,50,Chlorophyll|Sap Sipper|Serene Grace,,,,,,,,PokemonShowdown@2ddfa0476f8207e12e204b1c69f7c7683b17633c;PKHeX@8ad201e80244f630ab5a46922ab72fb79c5ad4f4,,,,reference_order_only
586,Sawsbuck,メブキジカ,바라철록,Sawsbuck,Spring,0,showdown_formeOrder,5,base_form,no,no,Normal,Grass,80,100,70,95,60,70,Chlorophyll|Sap Sipper|Serene Grace,,,,,,,,PokemonShowdown@2ddfa0476f8207e12e204b1c69f7c7683b17633c;PKHeX@8ad201e80244f630ab5a46922ab72fb79c5ad4f4,,,,reference_order_only
586,Sawsbuck,メブキジカ,바라철록,Sawsbuck-Summer,Summer,1,showdown_formeOrder,5,cosmetic_identity,no,yes,Normal,Grass,80,100,70,95,60,70,Chlorophyll|Sap Sipper|Serene Grace,,,,,,,,PokemonShowdown@2ddfa0476f8207e12e204b1c69f7c7683b17633c;PKHeX@8ad201e80244f630ab5a46922ab72fb79c5ad4f4,"Referenced by Showdown base-form list; no standalone block, parameters inherited from base.",,,reference_order_only
586,Sawsbuck,メブキジカ,바라철록,Sawsbuck-Autumn,Autumn,2,showdown_formeOrder,5,cosmetic_identity,no,yes,Normal,Grass,80,100,70,95,60,70,Chlorophyll|Sap Sipper|Serene Grace,,,,,,,,PokemonShowdown@2ddfa0476f8207e12e204b1c69f7c7683b17633c;PKHeX@8ad201e80244f630ab5a46922ab72fb79c5ad4f4,"Referenced by Showdown base-form list; no standalone block, parameters inherited from base.",,,reference_order_only
586,Sawsbuck,メブキジカ,바라철록,Sawsbuck-Winter,Winter,3,showdown_formeOrder,5,cosmetic_identity,no,yes,Normal,Grass,80,100,70,95,60,70,Chlorophyll|Sap Sipper|Serene Grace,,,,,,,,PokemonShowdown@2ddfa0476f8207e12e204b1c69f7c7683b17633c;PKHeX@8ad201e80244f630ab5a46922ab72fb79c5ad4f4,"Referenced by Showdown base-form list; no standalone block, parameters inherited from base.",,,reference_order_only
604,Eelektross,シビルドン,저리더프,Eelektross,Base,0,showdown_formeOrder,5,base_form,no,no,Electric,,85,115,80,50,105,80,Levitate,,,,,,,,PokemonShowdown@2ddfa0476f8207e12e204b1c69f7c7683b17633c;PKHeX@8ad201e80244f630ab5a46922ab72fb79c5ad4f4,,,,reference_order_only
604,Eelektross,シビルドン,저리더프,Eelektross-Mega,Mega,1,showdown_formeOrder,9,battle_transformation,no,no,Electric,,85,145,80,80,135,90,Eelevate,Eelektrossite,,,,,,,PokemonShowdown@2ddfa0476f8207e12e204b1c69f7c7683b17633c;PKHeX@8ad201e80244f630ab5a46922ab72fb79c5ad4f4,,,,reference_order_only
609,Chandelure,シャンデラ,샹델라,Chandelure,Base,0,showdown_formeOrder,5,base_form,no,no,Ghost,Fire,60,55,90,80,145,90,Flash Fire|Flame Body|Infiltrator,,,,,,,,PokemonShowdown@2ddfa0476f8207e12e204b1c69f7c7683b17633c;PKHeX@8ad201e80244f630ab5a46922ab72fb79c5ad4f4,,,,reference_order_only
609,Chandelure,シャンデラ,샹델라,Chandelure-Mega,Mega,1,showdown_formeOrder,9,battle_transformation,no,no,Ghost,Fire,60,75,110,90,175,110,Infiltrator,Chandelurite,,,,,,,PokemonShowdown@2ddfa0476f8207e12e204b1c69f7c7683b17633c;PKHeX@8ad201e80244f630ab5a46922ab72fb79c5ad4f4,,,,reference_order_only
618,Stunfisk,マッギョ,메더,Stunfisk,Base,0,showdown_formeOrder,5,base_form,no,no,Ground,Electric,109,66,84,32,81,99,Static|Limber|Sand Veil,,,,,,,,PokemonShowdown@2ddfa0476f8207e12e204b1c69f7c7683b17633c;PKHeX@8ad201e80244f630ab5a46922ab72fb79c5ad4f4,,,,reference_order_only
618,Stunfisk,マッギョ,메더,Stunfisk-Galar,Galar,1,showdown_formeOrder,8,persistent_identity,no,no,Ground,Steel,109,81,99,32,66,84,Mimicry,,,,,,,,PokemonShowdown@2ddfa0476f8207e12e204b1c69f7c7683b17633c;PKHeX@8ad201e80244f630ab5a46922ab72fb79c5ad4f4,,,,reference_order_only
623,Golurk,ゴルーグ,골루그,Golurk,Base,0,showdown_formeOrder,5,base_form,no,no,Ground,Ghost,89,124,80,55,55,80,Iron Fist|Klutz|No Guard,,,,,,,,PokemonShowdown@2ddfa0476f8207e12e204b1c69f7c7683b17633c;PKHeX@8ad201e80244f630ab5a46922ab72fb79c5ad4f4,,,,reference_order_only
623,Golurk,ゴルーグ,골루그,Golurk-Mega,Mega,1,showdown_formeOrder,9,battle_transformation,no,no,Ground,Ghost,89,159,105,55,70,105,Unseen Fist,Golurkite,,,,,,,PokemonShowdown@2ddfa0476f8207e12e204b1c69f7c7683b17633c;PKHeX@8ad201e80244f630ab5a46922ab72fb79c5ad4f4,,,,reference_order_only
628,Braviary,ウォーグル,워글,Braviary,Base,0,showdown_formeOrder,5,base_form,no,no,Normal,Flying,100,123,75,80,57,75,Keen Eye|Sheer Force|Defiant,,,,,,,,PokemonShowdown@2ddfa0476f8207e12e204b1c69f7c7683b17633c;PKHeX@8ad201e80244f630ab5a46922ab72fb79c5ad4f4,,,,reference_order_only
628,Braviary,ウォーグル,워글,Braviary-Hisui,Hisui,1,showdown_formeOrder,8,persistent_identity,no,no,Psychic,Flying,110,83,70,65,112,70,Keen Eye|Sheer Force|Tinted Lens,,,,,,,,PokemonShowdown@2ddfa0476f8207e12e204b1c69f7c7683b17633c;PKHeX@8ad201e80244f630ab5a46922ab72fb79c5ad4f4,,,,reference_order_only
641,Tornadus,トルネロス,토네로스,Tornadus,Incarnate,0,showdown_formeOrder,5,base_form,no,no,Flying,,79,115,70,111,125,80,Prankster|Defiant,,,,,,,,PokemonShowdown@2ddfa0476f8207e12e204b1c69f7c7683b17633c;PKHeX@8ad201e80244f630ab5a46922ab72fb79c5ad4f4,,,,reference_order_only
641,Tornadus,トルネロス,토네로스,Tornadus-Therian,Therian,1,showdown_formeOrder,5,persistent_identity,no,no,Flying,,79,100,80,121,110,90,Regenerator,,,,,Tornadus,,,PokemonShowdown@2ddfa0476f8207e12e204b1c69f7c7683b17633c;PKHeX@8ad201e80244f630ab5a46922ab72fb79c5ad4f4,,,,reference_order_only
642,Thundurus,ボルトロス,볼트로스,Thundurus,Incarnate,0,showdown_formeOrder,5,base_form,no,no,Electric,Flying,79,115,70,111,125,80,Prankster|Defiant,,,,,,,,PokemonShowdown@2ddfa0476f8207e12e204b1c69f7c7683b17633c;PKHeX@8ad201e80244f630ab5a46922ab72fb79c5ad4f4,,,,reference_order_only
642,Thundurus,ボルトロス,볼트로스,Thundurus-Therian,Therian,1,showdown_formeOrder,5,persistent_identity,no,no,Electric,Flying,79,105,70,101,145,80,Volt Absorb,,,,,Thundurus,,,PokemonShowdown@2ddfa0476f8207e12e204b1c69f7c7683b17633c;PKHeX@8ad201e80244f630ab5a46922ab72fb79c5ad4f4,,,,reference_order_only
645,Landorus,ランドロス,랜드로스,Landorus,Incarnate,0,showdown_formeOrder,5,base_form,no,no,Ground,Flying,89,125,90,101,115,80,Sand Force|Sheer Force,,,,,,,,PokemonShowdown@2ddfa0476f8207e12e204b1c69f7c7683b17633c;PKHeX@8ad201e80244f630ab5a46922ab72fb79c5ad4f4,,,,reference_order_only
645,Landorus,ランドロス,랜드로스,Landorus-Therian,Therian,1,showdown_formeOrder,5,persistent_identity,no,no,Ground,Flying,89,145,90,91,105,80,Intimidate,,,,,Landorus,,,PokemonShowdown@2ddfa0476f8207e12e204b1c69f7c7683b17633c;PKHeX@8ad201e80244f630ab5a46922ab72fb79c5ad4f4,,,,reference_order_only
646,Kyurem,キュレム,큐레무,Kyurem,Base,0,showdown_formeOrder,5,base_form,no,no,Dragon,Ice,125,130,90,95,130,90,Pressure,,,,,,,,PokemonShowdown@2ddfa0476f8207e12e204b1c69f7c7683b17633c;PKHeX@8ad201e80244f630ab5a46922ab72fb79c5ad4f4,,,,reference_order_only
646,Kyurem,キュレム,큐레무,Kyurem-White,White,1,showdown_formeOrder,5,persistent_identity,no,no,Dragon,Ice,125,120,90,95,170,100,Turboblaze,,,,,Kyurem,,,PokemonShowdown@2ddfa0476f8207e12e204b1c69f7c7683b17633c;PKHeX@8ad201e80244f630ab5a46922ab72fb79c5ad4f4,,,,reference_order_only
646,Kyurem,キュレム,큐레무,Kyurem-Black,Black,2,showdown_formeOrder,5,persistent_identity,no,no,Dragon,Ice,125,170,100,95,120,90,Teravolt,,,,,Kyurem,,,PokemonShowdown@2ddfa0476f8207e12e204b1c69f7c7683b17633c;PKHeX@8ad201e80244f630ab5a46922ab72fb79c5ad4f4,,,,reference_order_only
647,Keldeo,ケルディオ,케르디오,Keldeo,Ordinary,0,showdown_formeOrder,5,base_form,no,no,Water,Fighting,91,72,90,108,129,90,Justified,,,,,,,,PokemonShowdown@2ddfa0476f8207e12e204b1c69f7c7683b17633c;PKHeX@8ad201e80244f630ab5a46922ab72fb79c5ad4f4,,,,reference_order_only
647,Keldeo,ケルディオ,케르디오,Keldeo-Resolute,Resolute,1,showdown_formeOrder,5,move_derived,no,no,Water,Fighting,91,72,90,108,129,90,Justified,,Secret Sword,,,Keldeo,,,PokemonShowdown@2ddfa0476f8207e12e204b1c69f7c7683b17633c;PKHeX@8ad201e80244f630ab5a46922ab72fb79c5ad4f4,,,,reference_order_only
648,Meloetta,メロエッタ,메로엣타,Meloetta,Aria,0,showdown_formeOrder,5,base_form,no,no,Normal,Psychic,100,77,77,90,128,128,Serene Grace,,,,,,,,PokemonShowdown@2ddfa0476f8207e12e204b1c69f7c7683b17633c;PKHeX@8ad201e80244f630ab5a46922ab72fb79c5ad4f4,,,,reference_order_only
648,Meloetta,メロエッタ,메로엣타,Meloetta-Pirouette,Pirouette,1,showdown_formeOrder,5,battle_only_form,yes,no,Normal,Fighting,100,128,90,128,77,77,Serene Grace,,Relic Song,,,,Meloetta,,PokemonShowdown@2ddfa0476f8207e12e204b1c69f7c7683b17633c;PKHeX@8ad201e80244f630ab5a46922ab72fb79c5ad4f4,,,,reference_order_only
649,Genesect,ゲノセクト,게노세크트,Genesect,Base,0,showdown_formeOrder,5,base_form,no,no,Bug,Steel,71,120,95,99,120,95,Download,,,,,,,,PokemonShowdown@2ddfa0476f8207e12e204b1c69f7c7683b17633c;PKHeX@8ad201e80244f630ab5a46922ab72fb79c5ad4f4,,,,reference_order_only
649,Genesect,ゲノセクト,게노세크트,Genesect-Douse,Douse,1,showdown_formeOrder,5,held_item_derived,no,no,Bug,Steel,71,120,95,99,120,95,Download,Douse Drive,,,,Genesect,,,PokemonShowdown@2ddfa0476f8207e12e204b1c69f7c7683b17633c;PKHeX@8ad201e80244f630ab5a46922ab72fb79c5ad4f4,,,,reference_order_only
649,Genesect,ゲノセクト,게노세크트,Genesect-Shock,Shock,2,showdown_formeOrder,5,held_item_derived,no,no,Bug,Steel,71,120,95,99,120,95,Download,Shock Drive,,,,Genesect,,,PokemonShowdown@2ddfa0476f8207e12e204b1c69f7c7683b17633c;PKHeX@8ad201e80244f630ab5a46922ab72fb79c5ad4f4,,,,reference_order_only
649,Genesect,ゲノセクト,게노세크트,Genesect-Burn,Burn,3,showdown_formeOrder,5,held_item_derived,no,no,Bug,Steel,71,120,95,99,120,95,Download,Burn Drive,,,,Genesect,,,PokemonShowdown@2ddfa0476f8207e12e204b1c69f7c7683b17633c;PKHeX@8ad201e80244f630ab5a46922ab72fb79c5ad4f4,,,,reference_order_only
649,Genesect,ゲノセクト,게노세크트,Genesect-Chill,Chill,4,showdown_formeOrder,5,held_item_derived,no,no,Bug,Steel,71,120,95,99,120,95,Download,Chill Drive,,,,Genesect,,,PokemonShowdown@2ddfa0476f8207e12e204b1c69f7c7683b17633c;PKHeX@8ad201e80244f630ab5a46922ab72fb79c5ad4f4,,,,reference_order_only
652,Chesnaught,ブリガロン,브리가론,Chesnaught,Base,0,showdown_formeOrder,6,base_form,no,no,Grass,Fighting,88,107,122,64,74,75,Overgrow|Bulletproof,,,,,,,,PokemonShowdown@2ddfa0476f8207e12e204b1c69f7c7683b17633c;PKHeX@8ad201e80244f630ab5a46922ab72fb79c5ad4f4,,,,reference_order_only
652,Chesnaught,ブリガロン,브리가론,Chesnaught-Mega,Mega,1,showdown_formeOrder,9,battle_transformation,no,no,Grass,Fighting,88,137,172,44,74,115,Bulletproof,Chesnaughtite,,,,,,,PokemonShowdown@2ddfa0476f8207e12e204b1c69f7c7683b17633c;PKHeX@8ad201e80244f630ab5a46922ab72fb79c5ad4f4,,,,reference_order_only
655,Delphox,マフォクシー,마폭시,Delphox,Base,0,showdown_formeOrder,6,base_form,no,no,Fire,Psychic,75,69,72,104,114,100,Blaze|Magician,,,,,,,,PokemonShowdown@2ddfa0476f8207e12e204b1c69f7c7683b17633c;PKHeX@8ad201e80244f630ab5a46922ab72fb79c5ad4f4,,,,reference_order_only
655,Delphox,マフォクシー,마폭시,Delphox-Mega,Mega,1,showdown_formeOrder,9,battle_transformation,no,no,Fire,Psychic,75,69,72,134,159,125,Levitate,Delphoxite,,,,,,,PokemonShowdown@2ddfa0476f8207e12e204b1c69f7c7683b17633c;PKHeX@8ad201e80244f630ab5a46922ab72fb79c5ad4f4,,,,reference_order_only
658,Greninja,ゲッコウガ,개굴닌자,Greninja,Base,0,showdown_formeOrder,6,base_form,no,no,Water,Dark,72,95,67,122,103,71,Torrent|Protean|Battle Bond,,,,,,,,PokemonShowdown@2ddfa0476f8207e12e204b1c69f7c7683b17633c;PKHeX@8ad201e80244f630ab5a46922ab72fb79c5ad4f4,,,,reference_order_only
658,Greninja,ゲッコウガ,개굴닌자,Greninja-Bond,Bond,1,showdown_formeOrder,7,persistent_identity,no,no,Water,Dark,72,95,67,122,103,71,Battle Bond,,,,,,,,PokemonShowdown@2ddfa0476f8207e12e204b1c69f7c7683b17633c;PKHeX@8ad201e80244f630ab5a46922ab72fb79c5ad4f4,,,,reference_order_only
658,Greninja,ゲッコウガ,개굴닌자,Greninja-Ash,Ash,2,showdown_formeOrder,7,battle_only_form,yes,no,Water,Dark,72,145,67,132,153,71,Battle Bond,,,Battle Bond,,,Greninja-Bond,,PokemonShowdown@2ddfa0476f8207e12e204b1c69f7c7683b17633c;PKHeX@8ad201e80244f630ab5a46922ab72fb79c5ad4f4,,,,reference_order_only
658,Greninja,ゲッコウガ,개굴닌자,Greninja-Mega,Mega,3,showdown_formeOrder,9,battle_transformation,no,no,Water,Dark,72,125,77,142,133,81,Protean,Greninjite,,,,,,,PokemonShowdown@2ddfa0476f8207e12e204b1c69f7c7683b17633c;PKHeX@8ad201e80244f630ab5a46922ab72fb79c5ad4f4,,,,reference_order_only
664,Scatterbug,コフキムシ,분이벌레,Scatterbug-Icy Snow-Internal,Icy Snow,0,PKHeX_Vivillon3DS_MaxWildFormID,6,hidden_persistent_form_value,no,no,Bug,,38,35,40,35,27,25,Shield Dust|Compound Eyes|Friend Guard,,,,,,,,PokemonShowdown@2ddfa0476f8207e12e204b1c69f7c7683b17633c;PKHeX@8ad201e80244f630ab5a46922ab72fb79c5ad4f4,Hidden form value carried toward Vivillon pattern; pre-evolution appearance does not visibly change.,,,reference_verified
664,Scatterbug,コフキムシ,분이벌레,Scatterbug-Polar-Internal,Polar,1,PKHeX_Vivillon3DS_MaxWildFormID,6,hidden_persistent_form_value,no,no,Bug,,38,35,40,35,27,25,Shield Dust|Compound Eyes|Friend Guard,,,,,,,,PokemonShowdown@2ddfa0476f8207e12e204b1c69f7c7683b17633c;PKHeX@8ad201e80244f630ab5a46922ab72fb79c5ad4f4,Hidden form value carried toward Vivillon pattern; pre-evolution appearance does not visibly change.,,,reference_verified
664,Scatterbug,コフキムシ,분이벌레,Scatterbug-Tundra-Internal,Tundra,2,PKHeX_Vivillon3DS_MaxWildFormID,6,hidden_persistent_form_value,no,no,Bug,,38,35,40,35,27,25,Shield Dust|Compound Eyes|Friend Guard,,,,,,,,PokemonShowdown@2ddfa0476f8207e12e204b1c69f7c7683b17633c;PKHeX@8ad201e80244f630ab5a46922ab72fb79c5ad4f4,Hidden form value carried toward Vivillon pattern; pre-evolution appearance does not visibly change.,,,reference_verified
664,Scatterbug,コフキムシ,분이벌레,Scatterbug-Continental-Internal,Continental,3,PKHeX_Vivillon3DS_MaxWildFormID,6,hidden_persistent_form_value,no,no,Bug,,38,35,40,35,27,25,Shield Dust|Compound Eyes|Friend Guard,,,,,,,,PokemonShowdown@2ddfa0476f8207e12e204b1c69f7c7683b17633c;PKHeX@8ad201e80244f630ab5a46922ab72fb79c5ad4f4,Hidden form value carried toward Vivillon pattern; pre-evolution appearance does not visibly change.,,,reference_verified
664,Scatterbug,コフキムシ,분이벌레,Scatterbug-Garden-Internal,Garden,4,PKHeX_Vivillon3DS_MaxWildFormID,6,hidden_persistent_form_value,no,no,Bug,,38,35,40,35,27,25,Shield Dust|Compound Eyes|Friend Guard,,,,,,,,PokemonShowdown@2ddfa0476f8207e12e204b1c69f7c7683b17633c;PKHeX@8ad201e80244f630ab5a46922ab72fb79c5ad4f4,Hidden form value carried toward Vivillon pattern; pre-evolution appearance does not visibly change.,,,reference_verified
664,Scatterbug,コフキムシ,분이벌레,Scatterbug-Elegant-Internal,Elegant,5,PKHeX_Vivillon3DS_MaxWildFormID,6,hidden_persistent_form_value,no,no,Bug,,38,35,40,35,27,25,Shield Dust|Compound Eyes|Friend Guard,,,,,,,,PokemonShowdown@2ddfa0476f8207e12e204b1c69f7c7683b17633c;PKHeX@8ad201e80244f630ab5a46922ab72fb79c5ad4f4,Hidden form value carried toward Vivillon pattern; pre-evolution appearance does not visibly change.,,,reference_verified
664,Scatterbug,コフキムシ,분이벌레,Scatterbug-Meadow-Internal,Meadow,6,PKHeX_Vivillon3DS_MaxWildFormID,6,hidden_persistent_form_value,no,no,Bug,,38,35,40,35,27,25,Shield Dust|Compound Eyes|Friend Guard,,,,,,,,PokemonShowdown@2ddfa0476f8207e12e204b1c69f7c7683b17633c;PKHeX@8ad201e80244f630ab5a46922ab72fb79c5ad4f4,Hidden form value carried toward Vivillon pattern; pre-evolution appearance does not visibly change.,,,reference_verified
664,Scatterbug,コフキムシ,분이벌레,Scatterbug-Modern-Internal,Modern,7,PKHeX_Vivillon3DS_MaxWildFormID,6,hidden_persistent_form_value,no,no,Bug,,38,35,40,35,27,25,Shield Dust|Compound Eyes|Friend Guard,,,,,,,,PokemonShowdown@2ddfa0476f8207e12e204b1c69f7c7683b17633c;PKHeX@8ad201e80244f630ab5a46922ab72fb79c5ad4f4,Hidden form value carried toward Vivillon pattern; pre-evolution appearance does not visibly change.,,,reference_verified
664,Scatterbug,コフキムシ,분이벌레,Scatterbug-Marine-Internal,Marine,8,PKHeX_Vivillon3DS_MaxWildFormID,6,hidden_persistent_form_value,no,no,Bug,,38,35,40,35,27,25,Shield Dust|Compound Eyes|Friend Guard,,,,,,,,PokemonShowdown@2ddfa0476f8207e12e204b1c69f7c7683b17633c;PKHeX@8ad201e80244f630ab5a46922ab72fb79c5ad4f4,Hidden form value carried toward Vivillon pattern; pre-evolution appearance does not visibly change.,,,reference_verified
664,Scatterbug,コフキムシ,분이벌레,Scatterbug-Archipelago-Internal,Archipelago,9,PKHeX_Vivillon3DS_MaxWildFormID,6,hidden_persistent_form_value,no,no,Bug,,38,35,40,35,27,25,Shield Dust|Compound Eyes|Friend Guard,,,,,,,,PokemonShowdown@2ddfa0476f8207e12e204b1c69f7c7683b17633c;PKHeX@8ad201e80244f630ab5a46922ab72fb79c5ad4f4,Hidden form value carried toward Vivillon pattern; pre-evolution appearance does not visibly change.,,,reference_verified
664,Scatterbug,コフキムシ,분이벌레,Scatterbug-High Plains-Internal,High Plains,10,PKHeX_Vivillon3DS_MaxWildFormID,6,hidden_persistent_form_value,no,no,Bug,,38,35,40,35,27,25,Shield Dust|Compound Eyes|Friend Guard,,,,,,,,PokemonShowdown@2ddfa0476f8207e12e204b1c69f7c7683b17633c;PKHeX@8ad201e80244f630ab5a46922ab72fb79c5ad4f4,Hidden form value carried toward Vivillon pattern; pre-evolution appearance does not visibly change.,,,reference_verified
664,Scatterbug,コフキムシ,분이벌레,Scatterbug-Sandstorm-Internal,Sandstorm,11,PKHeX_Vivillon3DS_MaxWildFormID,6,hidden_persistent_form_value,no,no,Bug,,38,35,40,35,27,25,Shield Dust|Compound Eyes|Friend Guard,,,,,,,,PokemonShowdown@2ddfa0476f8207e12e204b1c69f7c7683b17633c;PKHeX@8ad201e80244f630ab5a46922ab72fb79c5ad4f4,Hidden form value carried toward Vivillon pattern; pre-evolution appearance does not visibly change.,,,reference_verified
664,Scatterbug,コフキムシ,분이벌레,Scatterbug-River-Internal,River,12,PKHeX_Vivillon3DS_MaxWildFormID,6,hidden_persistent_form_value,no,no,Bug,,38,35,40,35,27,25,Shield Dust|Compound Eyes|Friend Guard,,,,,,,,PokemonShowdown@2ddfa0476f8207e12e204b1c69f7c7683b17633c;PKHeX@8ad201e80244f630ab5a46922ab72fb79c5ad4f4,Hidden form value carried toward Vivillon pattern; pre-evolution appearance does not visibly change.,,,reference_verified
664,Scatterbug,コフキムシ,분이벌레,Scatterbug-Monsoon-Internal,Monsoon,13,PKHeX_Vivillon3DS_MaxWildFormID,6,hidden_persistent_form_value,no,no,Bug,,38,35,40,35,27,25,Shield Dust|Compound Eyes|Friend Guard,,,,,,,,PokemonShowdown@2ddfa0476f8207e12e204b1c69f7c7683b17633c;PKHeX@8ad201e80244f630ab5a46922ab72fb79c5ad4f4,Hidden form value carried toward Vivillon pattern; pre-evolution appearance does not visibly change.,,,reference_verified
664,Scatterbug,コフキムシ,분이벌레,Scatterbug-Savanna-Internal,Savanna,14,PKHeX_Vivillon3DS_MaxWildFormID,6,hidden_persistent_form_value,no,no,Bug,,38,35,40,35,27,25,Shield Dust|Compound Eyes|Friend Guard,,,,,,,,PokemonShowdown@2ddfa0476f8207e12e204b1c69f7c7683b17633c;PKHeX@8ad201e80244f630ab5a46922ab72fb79c5ad4f4,Hidden form value carried toward Vivillon pattern; pre-evolution appearance does not visibly change.,,,reference_verified
664,Scatterbug,コフキムシ,분이벌레,Scatterbug-Sun-Internal,Sun,15,PKHeX_Vivillon3DS_MaxWildFormID,6,hidden_persistent_form_value,no,no,Bug,,38,35,40,35,27,25,Shield Dust|Compound Eyes|Friend Guard,,,,,,,,PokemonShowdown@2ddfa0476f8207e12e204b1c69f7c7683b17633c;PKHeX@8ad201e80244f630ab5a46922ab72fb79c5ad4f4,Hidden form value carried toward Vivillon pattern; pre-evolution appearance does not visibly change.,,,reference_verified
664,Scatterbug,コフキムシ,분이벌레,Scatterbug-Ocean-Internal,Ocean,16,PKHeX_Vivillon3DS_MaxWildFormID,6,hidden_persistent_form_value,no,no,Bug,,38,35,40,35,27,25,Shield Dust|Compound Eyes|Friend Guard,,,,,,,,PokemonShowdown@2ddfa0476f8207e12e204b1c69f7c7683b17633c;PKHeX@8ad201e80244f630ab5a46922ab72fb79c5ad4f4,Hidden form value carried toward Vivillon pattern; pre-evolution appearance does not visibly change.,,,reference_verified
664,Scatterbug,コフキムシ,분이벌레,Scatterbug-Jungle-Internal,Jungle,17,PKHeX_Vivillon3DS_MaxWildFormID,6,hidden_persistent_form_value,no,no,Bug,,38,35,40,35,27,25,Shield Dust|Compound Eyes|Friend Guard,,,,,,,,PokemonShowdown@2ddfa0476f8207e12e204b1c69f7c7683b17633c;PKHeX@8ad201e80244f630ab5a46922ab72fb79c5ad4f4,Hidden form value carried toward Vivillon pattern; pre-evolution appearance does not visibly change.,,,reference_verified
665,Spewpa,コフーライ,분떠도리,Spewpa-Icy Snow-Internal,Icy Snow,0,PKHeX_Vivillon3DS_MaxWildFormID,6,hidden_persistent_form_value,no,no,Bug,,45,22,60,29,27,30,Shed Skin|Friend Guard,,,,,,,,PokemonShowdown@2ddfa0476f8207e12e204b1c69f7c7683b17633c;PKHeX@8ad201e80244f630ab5a46922ab72fb79c5ad4f4,Hidden form value carried toward Vivillon pattern; pre-evolution appearance does not visibly change.,,,reference_verified
665,Spewpa,コフーライ,분떠도리,Spewpa-Polar-Internal,Polar,1,PKHeX_Vivillon3DS_MaxWildFormID,6,hidden_persistent_form_value,no,no,Bug,,45,22,60,29,27,30,Shed Skin|Friend Guard,,,,,,,,PokemonShowdown@2ddfa0476f8207e12e204b1c69f7c7683b17633c;PKHeX@8ad201e80244f630ab5a46922ab72fb79c5ad4f4,Hidden form value carried toward Vivillon pattern; pre-evolution appearance does not visibly change.,,,reference_verified
665,Spewpa,コフーライ,분떠도리,Spewpa-Tundra-Internal,Tundra,2,PKHeX_Vivillon3DS_MaxWildFormID,6,hidden_persistent_form_value,no,no,Bug,,45,22,60,29,27,30,Shed Skin|Friend Guard,,,,,,,,PokemonShowdown@2ddfa0476f8207e12e204b1c69f7c7683b17633c;PKHeX@8ad201e80244f630ab5a46922ab72fb79c5ad4f4,Hidden form value carried toward Vivillon pattern; pre-evolution appearance does not visibly change.,,,reference_verified
665,Spewpa,コフーライ,분떠도리,Spewpa-Continental-Internal,Continental,3,PKHeX_Vivillon3DS_MaxWildFormID,6,hidden_persistent_form_value,no,no,Bug,,45,22,60,29,27,30,Shed Skin|Friend Guard,,,,,,,,PokemonShowdown@2ddfa0476f8207e12e204b1c69f7c7683b17633c;PKHeX@8ad201e80244f630ab5a46922ab72fb79c5ad4f4,Hidden form value carried toward Vivillon pattern; pre-evolution appearance does not visibly change.,,,reference_verified
665,Spewpa,コフーライ,분떠도리,Spewpa-Garden-Internal,Garden,4,PKHeX_Vivillon3DS_MaxWildFormID,6,hidden_persistent_form_value,no,no,Bug,,45,22,60,29,27,30,Shed Skin|Friend Guard,,,,,,,,PokemonShowdown@2ddfa0476f8207e12e204b1c69f7c7683b17633c;PKHeX@8ad201e80244f630ab5a46922ab72fb79c5ad4f4,Hidden form value carried toward Vivillon pattern; pre-evolution appearance does not visibly change.,,,reference_verified
665,Spewpa,コフーライ,분떠도리,Spewpa-Elegant-Internal,Elegant,5,PKHeX_Vivillon3DS_MaxWildFormID,6,hidden_persistent_form_value,no,no,Bug,,45,22,60,29,27,30,Shed Skin|Friend Guard,,,,,,,,PokemonShowdown@2ddfa0476f8207e12e204b1c69f7c7683b17633c;PKHeX@8ad201e80244f630ab5a46922ab72fb79c5ad4f4,Hidden form value carried toward Vivillon pattern; pre-evolution appearance does not visibly change.,,,reference_verified
665,Spewpa,コフーライ,분떠도리,Spewpa-Meadow-Internal,Meadow,6,PKHeX_Vivillon3DS_MaxWildFormID,6,hidden_persistent_form_value,no,no,Bug,,45,22,60,29,27,30,Shed Skin|Friend Guard,,,,,,,,PokemonShowdown@2ddfa0476f8207e12e204b1c69f7c7683b17633c;PKHeX@8ad201e80244f630ab5a46922ab72fb79c5ad4f4,Hidden form value carried toward Vivillon pattern; pre-evolution appearance does not visibly change.,,,reference_verified
665,Spewpa,コフーライ,분떠도리,Spewpa-Modern-Internal,Modern,7,PKHeX_Vivillon3DS_MaxWildFormID,6,hidden_persistent_form_value,no,no,Bug,,45,22,60,29,27,30,Shed Skin|Friend Guard,,,,,,,,PokemonShowdown@2ddfa0476f8207e12e204b1c69f7c7683b17633c;PKHeX@8ad201e80244f630ab5a46922ab72fb79c5ad4f4,Hidden form value carried toward Vivillon pattern; pre-evolution appearance does not visibly change.,,,reference_verified
665,Spewpa,コフーライ,분떠도리,Spewpa-Marine-Internal,Marine,8,PKHeX_Vivillon3DS_MaxWildFormID,6,hidden_persistent_form_value,no,no,Bug,,45,22,60,29,27,30,Shed Skin|Friend Guard,,,,,,,,PokemonShowdown@2ddfa0476f8207e12e204b1c69f7c7683b17633c;PKHeX@8ad201e80244f630ab5a46922ab72fb79c5ad4f4,Hidden form value carried toward Vivillon pattern; pre-evolution appearance does not visibly change.,,,reference_verified
665,Spewpa,コフーライ,분떠도리,Spewpa-Archipelago-Internal,Archipelago,9,PKHeX_Vivillon3DS_MaxWildFormID,6,hidden_persistent_form_value,no,no,Bug,,45,22,60,29,27,30,Shed Skin|Friend Guard,,,,,,,,PokemonShowdown@2ddfa0476f8207e12e204b1c69f7c7683b17633c;PKHeX@8ad201e80244f630ab5a46922ab72fb79c5ad4f4,Hidden form value carried toward Vivillon pattern; pre-evolution appearance does not visibly change.,,,reference_verified
665,Spewpa,コフーライ,분떠도리,Spewpa-High Plains-Internal,High Plains,10,PKHeX_Vivillon3DS_MaxWildFormID,6,hidden_persistent_form_value,no,no,Bug,,45,22,60,29,27,30,Shed Skin|Friend Guard,,,,,,,,PokemonShowdown@2ddfa0476f8207e12e204b1c69f7c7683b17633c;PKHeX@8ad201e80244f630ab5a46922ab72fb79c5ad4f4,Hidden form value carried toward Vivillon pattern; pre-evolution appearance does not visibly change.,,,reference_verified
665,Spewpa,コフーライ,분떠도리,Spewpa-Sandstorm-Internal,Sandstorm,11,PKHeX_Vivillon3DS_MaxWildFormID,6,hidden_persistent_form_value,no,no,Bug,,45,22,60,29,27,30,Shed Skin|Friend Guard,,,,,,,,PokemonShowdown@2ddfa0476f8207e12e204b1c69f7c7683b17633c;PKHeX@8ad201e80244f630ab5a46922ab72fb79c5ad4f4,Hidden form value carried toward Vivillon pattern; pre-evolution appearance does not visibly change.,,,reference_verified
665,Spewpa,コフーライ,분떠도리,Spewpa-River-Internal,River,12,PKHeX_Vivillon3DS_MaxWildFormID,6,hidden_persistent_form_value,no,no,Bug,,45,22,60,29,27,30,Shed Skin|Friend Guard,,,,,,,,PokemonShowdown@2ddfa0476f8207e12e204b1c69f7c7683b17633c;PKHeX@8ad201e80244f630ab5a46922ab72fb79c5ad4f4,Hidden form value carried toward Vivillon pattern; pre-evolution appearance does not visibly change.,,,reference_verified
665,Spewpa,コフーライ,분떠도리,Spewpa-Monsoon-Internal,Monsoon,13,PKHeX_Vivillon3DS_MaxWildFormID,6,hidden_persistent_form_value,no,no,Bug,,45,22,60,29,27,30,Shed Skin|Friend Guard,,,,,,,,PokemonShowdown@2ddfa0476f8207e12e204b1c69f7c7683b17633c;PKHeX@8ad201e80244f630ab5a46922ab72fb79c5ad4f4,Hidden form value carried toward Vivillon pattern; pre-evolution appearance does not visibly change.,,,reference_verified
665,Spewpa,コフーライ,분떠도리,Spewpa-Savanna-Internal,Savanna,14,PKHeX_Vivillon3DS_MaxWildFormID,6,hidden_persistent_form_value,no,no,Bug,,45,22,60,29,27,30,Shed Skin|Friend Guard,,,,,,,,PokemonShowdown@2ddfa0476f8207e12e204b1c69f7c7683b17633c;PKHeX@8ad201e80244f630ab5a46922ab72fb79c5ad4f4,Hidden form value carried toward Vivillon pattern; pre-evolution appearance does not visibly change.,,,reference_verified
665,Spewpa,コフーライ,분떠도리,Spewpa-Sun-Internal,Sun,15,PKHeX_Vivillon3DS_MaxWildFormID,6,hidden_persistent_form_value,no,no,Bug,,45,22,60,29,27,30,Shed Skin|Friend Guard,,,,,,,,PokemonShowdown@2ddfa0476f8207e12e204b1c69f7c7683b17633c;PKHeX@8ad201e80244f630ab5a46922ab72fb79c5ad4f4,Hidden form value carried toward Vivillon pattern; pre-evolution appearance does not visibly change.,,,reference_verified
665,Spewpa,コフーライ,분떠도리,Spewpa-Ocean-Internal,Ocean,16,PKHeX_Vivillon3DS_MaxWildFormID,6,hidden_persistent_form_value,no,no,Bug,,45,22,60,29,27,30,Shed Skin|Friend Guard,,,,,,,,PokemonShowdown@2ddfa0476f8207e12e204b1c69f7c7683b17633c;PKHeX@8ad201e80244f630ab5a46922ab72fb79c5ad4f4,Hidden form value carried toward Vivillon pattern; pre-evolution appearance does not visibly change.,,,reference_verified
665,Spewpa,コフーライ,분떠도리,Spewpa-Jungle-Internal,Jungle,17,PKHeX_Vivillon3DS_MaxWildFormID,6,hidden_persistent_form_value,no,no,Bug,,45,22,60,29,27,30,Shed Skin|Friend Guard,,,,,,,,PokemonShowdown@2ddfa0476f8207e12e204b1c69f7c7683b17633c;PKHeX@8ad201e80244f630ab5a46922ab72fb79c5ad4f4,Hidden form value carried toward Vivillon pattern; pre-evolution appearance does not visibly change.,,,reference_verified
666,Vivillon,ビビヨン,비비용,Vivillon-Icy Snow,Icy Snow,0,showdown_formeOrder,6,cosmetic_identity,no,yes,Bug,Flying,80,52,50,89,90,50,Shield Dust|Compound Eyes|Friend Guard,,,,,,,,PokemonShowdown@2ddfa0476f8207e12e204b1c69f7c7683b17633c;PKHeX@8ad201e80244f630ab5a46922ab72fb79c5ad4f4,,,,reference_order_only
666,Vivillon,ビビヨン,비비용,Vivillon-Polar,Polar,1,showdown_formeOrder,6,cosmetic_identity,no,yes,Bug,Flying,80,52,50,89,90,50,Shield Dust|Compound Eyes|Friend Guard,,,,,,,,PokemonShowdown@2ddfa0476f8207e12e204b1c69f7c7683b17633c;PKHeX@8ad201e80244f630ab5a46922ab72fb79c5ad4f4,,,,reference_order_only
666,Vivillon,ビビヨン,비비용,Vivillon-Tundra,Tundra,2,showdown_formeOrder,6,cosmetic_identity,no,yes,Bug,Flying,80,52,50,89,90,50,Shield Dust|Compound Eyes|Friend Guard,,,,,,,,PokemonShowdown@2ddfa0476f8207e12e204b1c69f7c7683b17633c;PKHeX@8ad201e80244f630ab5a46922ab72fb79c5ad4f4,,,,reference_order_only
666,Vivillon,ビビヨン,비비용,Vivillon-Continental,Continental,3,showdown_formeOrder,6,cosmetic_identity,no,yes,Bug,Flying,80,52,50,89,90,50,Shield Dust|Compound Eyes|Friend Guard,,,,,,,,PokemonShowdown@2ddfa0476f8207e12e204b1c69f7c7683b17633c;PKHeX@8ad201e80244f630ab5a46922ab72fb79c5ad4f4,,,,reference_order_only
666,Vivillon,ビビヨン,비비용,Vivillon-Garden,Garden,4,showdown_formeOrder,6,cosmetic_identity,no,yes,Bug,Flying,80,52,50,89,90,50,Shield Dust|Compound Eyes|Friend Guard,,,,,,,,PokemonShowdown@2ddfa0476f8207e12e204b1c69f7c7683b17633c;PKHeX@8ad201e80244f630ab5a46922ab72fb79c5ad4f4,,,,reference_order_only
666,Vivillon,ビビヨン,비비용,Vivillon-Elegant,Elegant,5,showdown_formeOrder,6,cosmetic_identity,no,yes,Bug,Flying,80,52,50,89,90,50,Shield Dust|Compound Eyes|Friend Guard,,,,,,,,PokemonShowdown@2ddfa0476f8207e12e204b1c69f7c7683b17633c;PKHeX@8ad201e80244f630ab5a46922ab72fb79c5ad4f4,,,,reference_order_only
666,Vivillon,ビビヨン,비비용,Vivillon,Meadow,6,showdown_formeOrder,6,base_form,no,no,Bug,Flying,80,52,50,89,90,50,Shield Dust|Compound Eyes|Friend Guard,,,,,,,,PokemonShowdown@2ddfa0476f8207e12e204b1c69f7c7683b17633c;PKHeX@8ad201e80244f630ab5a46922ab72fb79c5ad4f4,,,,reference_order_only
666,Vivillon,ビビヨン,비비용,Vivillon-Modern,Modern,7,showdown_formeOrder,6,cosmetic_identity,no,yes,Bug,Flying,80,52,50,89,90,50,Shield Dust|Compound Eyes|Friend Guard,,,,,,,,PokemonShowdown@2ddfa0476f8207e12e204b1c69f7c7683b17633c;PKHeX@8ad201e80244f630ab5a46922ab72fb79c5ad4f4,,,,reference_order_only
666,Vivillon,ビビヨン,비비용,Vivillon-Marine,Marine,8,showdown_formeOrder,6,cosmetic_identity,no,yes,Bug,Flying,80,52,50,89,90,50,Shield Dust|Compound Eyes|Friend Guard,,,,,,,,PokemonShowdown@2ddfa0476f8207e12e204b1c69f7c7683b17633c;PKHeX@8ad201e80244f630ab5a46922ab72fb79c5ad4f4,,,,reference_order_only
666,Vivillon,ビビヨン,비비용,Vivillon-Archipelago,Archipelago,9,showdown_formeOrder,6,cosmetic_identity,no,yes,Bug,Flying,80,52,50,89,90,50,Shield Dust|Compound Eyes|Friend Guard,,,,,,,,PokemonShowdown@2ddfa0476f8207e12e204b1c69f7c7683b17633c;PKHeX@8ad201e80244f630ab5a46922ab72fb79c5ad4f4,,,,reference_order_only
666,Vivillon,ビビヨン,비비용,Vivillon-High Plains,High Plains,10,showdown_formeOrder,6,cosmetic_identity,no,yes,Bug,Flying,80,52,50,89,90,50,Shield Dust|Compound Eyes|Friend Guard,,,,,,,,PokemonShowdown@2ddfa0476f8207e12e204b1c69f7c7683b17633c;PKHeX@8ad201e80244f630ab5a46922ab72fb79c5ad4f4,,,,reference_order_only
666,Vivillon,ビビヨン,비비용,Vivillon-Sandstorm,Sandstorm,11,showdown_formeOrder,6,cosmetic_identity,no,yes,Bug,Flying,80,52,50,89,90,50,Shield Dust|Compound Eyes|Friend Guard,,,,,,,,PokemonShowdown@2ddfa0476f8207e12e204b1c69f7c7683b17633c;PKHeX@8ad201e80244f630ab5a46922ab72fb79c5ad4f4,,,,reference_order_only
666,Vivillon,ビビヨン,비비용,Vivillon-River,River,12,showdown_formeOrder,6,cosmetic_identity,no,yes,Bug,Flying,80,52,50,89,90,50,Shield Dust|Compound Eyes|Friend Guard,,,,,,,,PokemonShowdown@2ddfa0476f8207e12e204b1c69f7c7683b17633c;PKHeX@8ad201e80244f630ab5a46922ab72fb79c5ad4f4,,,,reference_order_only
666,Vivillon,ビビヨン,비비용,Vivillon-Monsoon,Monsoon,13,showdown_formeOrder,6,cosmetic_identity,no,yes,Bug,Flying,80,52,50,89,90,50,Shield Dust|Compound Eyes|Friend Guard,,,,,,,,PokemonShowdown@2ddfa0476f8207e12e204b1c69f7c7683b17633c;PKHeX@8ad201e80244f630ab5a46922ab72fb79c5ad4f4,,,,reference_order_only
666,Vivillon,ビビヨン,비비용,Vivillon-Savanna,Savanna,14,showdown_formeOrder,6,cosmetic_identity,no,yes,Bug,Flying,80,52,50,89,90,50,Shield Dust|Compound Eyes|Friend Guard,,,,,,,,PokemonShowdown@2ddfa0476f8207e12e204b1c69f7c7683b17633c;PKHeX@8ad201e80244f630ab5a46922ab72fb79c5ad4f4,,,,reference_order_only
666,Vivillon,ビビヨン,비비용,Vivillon-Sun,Sun,15,showdown_formeOrder,6,cosmetic_identity,no,yes,Bug,Flying,80,52,50,89,90,50,Shield Dust|Compound Eyes|Friend Guard,,,,,,,,PokemonShowdown@2ddfa0476f8207e12e204b1c69f7c7683b17633c;PKHeX@8ad201e80244f630ab5a46922ab72fb79c5ad4f4,,,,reference_order_only
666,Vivillon,ビビヨン,비비용,Vivillon-Ocean,Ocean,16,showdown_formeOrder,6,cosmetic_identity,no,yes,Bug,Flying,80,52,50,89,90,50,Shield Dust|Compound Eyes|Friend Guard,,,,,,,,PokemonShowdown@2ddfa0476f8207e12e204b1c69f7c7683b17633c;PKHeX@8ad201e80244f630ab5a46922ab72fb79c5ad4f4,,,,reference_order_only
666,Vivillon,ビビヨン,비비용,Vivillon-Jungle,Jungle,17,showdown_formeOrder,6,cosmetic_identity,no,yes,Bug,Flying,80,52,50,89,90,50,Shield Dust|Compound Eyes|Friend Guard,,,,,,,,PokemonShowdown@2ddfa0476f8207e12e204b1c69f7c7683b17633c;PKHeX@8ad201e80244f630ab5a46922ab72fb79c5ad4f4,,,,reference_order_only
666,Vivillon,ビビヨン,비비용,Vivillon-Fancy,Fancy,18,showdown_formeOrder,6,persistent_identity,no,no,Bug,Flying,80,52,50,89,90,50,Shield Dust|Compound Eyes|Friend Guard,,,,,,,,PokemonShowdown@2ddfa0476f8207e12e204b1c69f7c7683b17633c;PKHeX@8ad201e80244f630ab5a46922ab72fb79c5ad4f4,,,,reference_order_only
666,Vivillon,ビビヨン,비비용,Vivillon-Pokeball,Pokeball,19,showdown_formeOrder,6,persistent_identity,no,no,Bug,Flying,80,52,50,89,90,50,Shield Dust|Compound Eyes|Friend Guard,,,,,,,,PokemonShowdown@2ddfa0476f8207e12e204b1c69f7c7683b17633c;PKHeX@8ad201e80244f630ab5a46922ab72fb79c5ad4f4,,,,reference_order_only
668,Pyroar,カエンジシ,화염레오,Pyroar,Base,0,showdown_formeOrder,6,base_form,no,no,Fire,Normal,86,68,72,106,109,66,Rivalry|Unnerve|Moxie,,,,,,,,PokemonShowdown@2ddfa0476f8207e12e204b1c69f7c7683b17633c;PKHeX@8ad201e80244f630ab5a46922ab72fb79c5ad4f4,,,,reference_order_only
668,Pyroar,カエンジシ,화염레오,Pyroar-Mega,Mega,1,showdown_formeOrder,9,battle_transformation,no,no,Fire,Normal,86,88,92,126,129,86,Fire Mane,Pyroarite,,,,,,,PokemonShowdown@2ddfa0476f8207e12e204b1c69f7c7683b17633c;PKHeX@8ad201e80244f630ab5a46922ab72fb79c5ad4f4,,,,reference_order_only
669,Flabe\u0301be\u0301,フラベベ,플라베베,Flabe\u0301be\u0301,Red,0,showdown_formeOrder,6,base_form,no,no,Fairy,,44,38,39,42,61,79,Flower Veil|Symbiosis,,,,,,,,PokemonShowdown@2ddfa0476f8207e12e204b1c69f7c7683b17633c;PKHeX@8ad201e80244f630ab5a46922ab72fb79c5ad4f4,,,,reference_order_only
669,Flabe\u0301be\u0301,フラベベ,플라베베,Flabe\u0301be\u0301-Yellow,Yellow,1,showdown_formeOrder,6,cosmetic_identity,no,yes,Fairy,,44,38,39,42,61,79,Flower Veil|Symbiosis,,,,,,,,PokemonShowdown@2ddfa0476f8207e12e204b1c69f7c7683b17633c;PKHeX@8ad201e80244f630ab5a46922ab72fb79c5ad4f4,"Referenced by Showdown base-form list; no standalone block, parameters inherited from base.",,,reference_order_only
669,Flabe\u0301be\u0301,フラベベ,플라베베,Flabe\u0301be\u0301-Orange,Orange,2,showdown_formeOrder,6,cosmetic_identity,no,yes,Fairy,,44,38,39,42,61,79,Flower Veil|Symbiosis,,,,,,,,PokemonShowdown@2ddfa0476f8207e12e204b1c69f7c7683b17633c;PKHeX@8ad201e80244f630ab5a46922ab72fb79c5ad4f4,"Referenced by Showdown base-form list; no standalone block, parameters inherited from base.",,,reference_order_only
669,Flabe\u0301be\u0301,フラベベ,플라베베,Flabe\u0301be\u0301-Blue,Blue,3,showdown_formeOrder,6,cosmetic_identity,no,yes,Fairy,,44,38,39,42,61,79,Flower Veil|Symbiosis,,,,,,,,PokemonShowdown@2ddfa0476f8207e12e204b1c69f7c7683b17633c;PKHeX@8ad201e80244f630ab5a46922ab72fb79c5ad4f4,"Referenced by Showdown base-form list; no standalone block, parameters inherited from base.",,,reference_order_only
669,Flabe\u0301be\u0301,フラベベ,플라베베,Flabe\u0301be\u0301-White,White,4,showdown_formeOrder,6,cosmetic_identity,no,yes,Fairy,,44,38,39,42,61,79,Flower Veil|Symbiosis,,,,,,,,PokemonShowdown@2ddfa0476f8207e12e204b1c69f7c7683b17633c;PKHeX@8ad201e80244f630ab5a46922ab72fb79c5ad4f4,"Referenced by Showdown base-form list; no standalone block, parameters inherited from base.",,,reference_order_only
670,Floette,フラエッテ,플라엣테,Floette,Red,0,showdown_formeOrder,6,base_form,no,no,Fairy,,54,45,47,52,75,98,Flower Veil|Symbiosis,,,,,,,,PokemonShowdown@2ddfa0476f8207e12e204b1c69f7c7683b17633c;PKHeX@8ad201e80244f630ab5a46922ab72fb79c5ad4f4,,,,reference_order_only
670,Floette,フラエッテ,플라엣테,Floette-Yellow,Yellow,1,showdown_formeOrder,6,cosmetic_identity,no,yes,Fairy,,54,45,47,52,75,98,Flower Veil|Symbiosis,,,,,,,,PokemonShowdown@2ddfa0476f8207e12e204b1c69f7c7683b17633c;PKHeX@8ad201e80244f630ab5a46922ab72fb79c5ad4f4,"Referenced by Showdown base-form list; no standalone block, parameters inherited from base.",,,reference_order_only
670,Floette,フラエッテ,플라엣테,Floette-Orange,Orange,2,showdown_formeOrder,6,cosmetic_identity,no,yes,Fairy,,54,45,47,52,75,98,Flower Veil|Symbiosis,,,,,,,,PokemonShowdown@2ddfa0476f8207e12e204b1c69f7c7683b17633c;PKHeX@8ad201e80244f630ab5a46922ab72fb79c5ad4f4,"Referenced by Showdown base-form list; no standalone block, parameters inherited from base.",,,reference_order_only
670,Floette,フラエッテ,플라엣테,Floette-Blue,Blue,3,showdown_formeOrder,6,cosmetic_identity,no,yes,Fairy,,54,45,47,52,75,98,Flower Veil|Symbiosis,,,,,,,,PokemonShowdown@2ddfa0476f8207e12e204b1c69f7c7683b17633c;PKHeX@8ad201e80244f630ab5a46922ab72fb79c5ad4f4,"Referenced by Showdown base-form list; no standalone block, parameters inherited from base.",,,reference_order_only
670,Floette,フラエッテ,플라엣테,Floette-White,White,4,showdown_formeOrder,6,cosmetic_identity,no,yes,Fairy,,54,45,47,52,75,98,Flower Veil|Symbiosis,,,,,,,,PokemonShowdown@2ddfa0476f8207e12e204b1c69f7c7683b17633c;PKHeX@8ad201e80244f630ab5a46922ab72fb79c5ad4f4,"Referenced by Showdown base-form list; no standalone block, parameters inherited from base.",,,reference_order_only
670,Floette,フラエッテ,플라엣테,Floette-Eternal,Eternal,5,showdown_formeOrder,6,persistent_identity,no,no,Fairy,,74,65,67,92,125,128,Flower Veil|Symbiosis,,,,,,,,PokemonShowdown@2ddfa0476f8207e12e204b1c69f7c7683b17633c;PKHeX@8ad201e80244f630ab5a46922ab72fb79c5ad4f4,,,,reference_order_only
670,Floette,フラエッテ,플라엣테,Floette-Mega,Mega,6,showdown_formeOrder,9,battle_transformation,yes,no,Fairy,,74,85,87,102,155,148,Fairy Aura,Floettite,,,,,Floette-Eternal,,PokemonShowdown@2ddfa0476f8207e12e204b1c69f7c7683b17633c;PKHeX@8ad201e80244f630ab5a46922ab72fb79c5ad4f4,,,,reference_order_only
671,Florges,フラージェス,플라제스,Florges,Red,0,showdown_formeOrder,6,base_form,no,no,Fairy,,78,65,68,75,112,154,Flower Veil|Symbiosis,,,,,,,,PokemonShowdown@2ddfa0476f8207e12e204b1c69f7c7683b17633c;PKHeX@8ad201e80244f630ab5a46922ab72fb79c5ad4f4,,,,reference_order_only
671,Florges,フラージェス,플라제스,Florges-Yellow,Yellow,1,showdown_formeOrder,6,cosmetic_identity,no,yes,Fairy,,78,65,68,75,112,154,Flower Veil|Symbiosis,,,,,,,,PokemonShowdown@2ddfa0476f8207e12e204b1c69f7c7683b17633c;PKHeX@8ad201e80244f630ab5a46922ab72fb79c5ad4f4,"Referenced by Showdown base-form list; no standalone block, parameters inherited from base.",,,reference_order_only
671,Florges,フラージェス,플라제스,Florges-Orange,Orange,2,showdown_formeOrder,6,cosmetic_identity,no,yes,Fairy,,78,65,68,75,112,154,Flower Veil|Symbiosis,,,,,,,,PokemonShowdown@2ddfa0476f8207e12e204b1c69f7c7683b17633c;PKHeX@8ad201e80244f630ab5a46922ab72fb79c5ad4f4,"Referenced by Showdown base-form list; no standalone block, parameters inherited from base.",,,reference_order_only
671,Florges,フラージェス,플라제스,Florges-Blue,Blue,3,showdown_formeOrder,6,cosmetic_identity,no,yes,Fairy,,78,65,68,75,112,154,Flower Veil|Symbiosis,,,,,,,,PokemonShowdown@2ddfa0476f8207e12e204b1c69f7c7683b17633c;PKHeX@8ad201e80244f630ab5a46922ab72fb79c5ad4f4,"Referenced by Showdown base-form list; no standalone block, parameters inherited from base.",,,reference_order_only
671,Florges,フラージェス,플라제스,Florges-White,White,4,showdown_formeOrder,6,cosmetic_identity,no,yes,Fairy,,78,65,68,75,112,154,Flower Veil|Symbiosis,,,,,,,,PokemonShowdown@2ddfa0476f8207e12e204b1c69f7c7683b17633c;PKHeX@8ad201e80244f630ab5a46922ab72fb79c5ad4f4,"Referenced by Showdown base-form list; no standalone block, parameters inherited from base.",,,reference_order_only
676,Furfrou,トリミアン,트리미앙,Furfrou,Natural,0,showdown_formeOrder,6,base_form,no,no,Normal,,75,80,60,102,65,90,Fur Coat,,,,,,,,PokemonShowdown@2ddfa0476f8207e12e204b1c69f7c7683b17633c;PKHeX@8ad201e80244f630ab5a46922ab72fb79c5ad4f4,,,,reference_order_only
676,Furfrou,トリミアン,트리미앙,Furfrou-Heart,Heart,1,showdown_formeOrder,6,cosmetic_identity,no,yes,Normal,,75,80,60,102,65,90,Fur Coat,,,,,,,,PokemonShowdown@2ddfa0476f8207e12e204b1c69f7c7683b17633c;PKHeX@8ad201e80244f630ab5a46922ab72fb79c5ad4f4,"Referenced by Showdown base-form list; no standalone block, parameters inherited from base.",,,reference_order_only
676,Furfrou,トリミアン,트리미앙,Furfrou-Star,Star,2,showdown_formeOrder,6,cosmetic_identity,no,yes,Normal,,75,80,60,102,65,90,Fur Coat,,,,,,,,PokemonShowdown@2ddfa0476f8207e12e204b1c69f7c7683b17633c;PKHeX@8ad201e80244f630ab5a46922ab72fb79c5ad4f4,"Referenced by Showdown base-form list; no standalone block, parameters inherited from base.",,,reference_order_only
676,Furfrou,トリミアン,트리미앙,Furfrou-Diamond,Diamond,3,showdown_formeOrder,6,cosmetic_identity,no,yes,Normal,,75,80,60,102,65,90,Fur Coat,,,,,,,,PokemonShowdown@2ddfa0476f8207e12e204b1c69f7c7683b17633c;PKHeX@8ad201e80244f630ab5a46922ab72fb79c5ad4f4,"Referenced by Showdown base-form list; no standalone block, parameters inherited from base.",,,reference_order_only
676,Furfrou,トリミアン,트리미앙,Furfrou-Debutante,Debutante,4,showdown_formeOrder,6,cosmetic_identity,no,yes,Normal,,75,80,60,102,65,90,Fur Coat,,,,,,,,PokemonShowdown@2ddfa0476f8207e12e204b1c69f7c7683b17633c;PKHeX@8ad201e80244f630ab5a46922ab72fb79c5ad4f4,"Referenced by Showdown base-form list; no standalone block, parameters inherited from base.",,,reference_order_only
676,Furfrou,トリミアン,트리미앙,Furfrou-Matron,Matron,5,showdown_formeOrder,6,cosmetic_identity,no,yes,Normal,,75,80,60,102,65,90,Fur Coat,,,,,,,,PokemonShowdown@2ddfa0476f8207e12e204b1c69f7c7683b17633c;PKHeX@8ad201e80244f630ab5a46922ab72fb79c5ad4f4,"Referenced by Showdown base-form list; no standalone block, parameters inherited from base.",,,reference_order_only
676,Furfrou,トリミアン,트리미앙,Furfrou-Dandy,Dandy,6,showdown_formeOrder,6,cosmetic_identity,no,yes,Normal,,75,80,60,102,65,90,Fur Coat,,,,,,,,PokemonShowdown@2ddfa0476f8207e12e204b1c69f7c7683b17633c;PKHeX@8ad201e80244f630ab5a46922ab72fb79c5ad4f4,"Referenced by Showdown base-form list; no standalone block, parameters inherited from base.",,,reference_order_only
676,Furfrou,トリミアン,트리미앙,Furfrou-La Reine,La Reine,7,showdown_formeOrder,6,cosmetic_identity,no,yes,Normal,,75,80,60,102,65,90,Fur Coat,,,,,,,,PokemonShowdown@2ddfa0476f8207e12e204b1c69f7c7683b17633c;PKHeX@8ad201e80244f630ab5a46922ab72fb79c5ad4f4,"Referenced by Showdown base-form list; no standalone block, parameters inherited from base.",,,reference_order_only
676,Furfrou,トリミアン,트리미앙,Furfrou-Kabuki,Kabuki,8,showdown_formeOrder,6,cosmetic_identity,no,yes,Normal,,75,80,60,102,65,90,Fur Coat,,,,,,,,PokemonShowdown@2ddfa0476f8207e12e204b1c69f7c7683b17633c;PKHeX@8ad201e80244f630ab5a46922ab72fb79c5ad4f4,"Referenced by Showdown base-form list; no standalone block, parameters inherited from base.",,,reference_order_only
676,Furfrou,トリミアン,트리미앙,Furfrou-Pharaoh,Pharaoh,9,showdown_formeOrder,6,cosmetic_identity,no,yes,Normal,,75,80,60,102,65,90,Fur Coat,,,,,,,,PokemonShowdown@2ddfa0476f8207e12e204b1c69f7c7683b17633c;PKHeX@8ad201e80244f630ab5a46922ab72fb79c5ad4f4,"Referenced by Showdown base-form list; no standalone block, parameters inherited from base.",,,reference_order_only
678,Meowstic,ニャオニクス,냐오닉스,Meowstic,M,0,showdown_formeOrder,6,base_form,no,no,Psychic,,74,48,76,104,83,81,Keen Eye|Infiltrator|Prankster,,,,,,,,PokemonShowdown@2ddfa0476f8207e12e204b1c69f7c7683b17633c;PKHeX@8ad201e80244f630ab5a46922ab72fb79c5ad4f4,,,,reference_order_only
678,Meowstic,ニャオニクス,냐오닉스,Meowstic-F,F,1,showdown_formeOrder,6,persistent_identity,no,no,Psychic,,74,48,76,104,83,81,Keen Eye|Infiltrator|Competitive,,,,,,,,PokemonShowdown@2ddfa0476f8207e12e204b1c69f7c7683b17633c;PKHeX@8ad201e80244f630ab5a46922ab72fb79c5ad4f4,,,,reference_order_only
678,Meowstic,ニャオニクス,냐오닉스,Meowstic-M-Mega,M-Mega,2,showdown_formeOrder,9,battle_transformation,yes,no,Psychic,,74,48,76,124,143,101,Trace,Meowsticite,,,,,Meowstic,,PokemonShowdown@2ddfa0476f8207e12e204b1c69f7c7683b17633c;PKHeX@8ad201e80244f630ab5a46922ab72fb79c5ad4f4,,,,reference_order_only
678,Meowstic,ニャオニクス,냐오닉스,Meowstic-F-Mega,F-Mega,3,showdown_formeOrder,9,battle_transformation,yes,no,Psychic,,74,48,76,124,143,101,Trace,Meowsticite,,,,,Meowstic-F,,PokemonShowdown@2ddfa0476f8207e12e204b1c69f7c7683b17633c;PKHeX@8ad201e80244f630ab5a46922ab72fb79c5ad4f4,,,,reference_order_only
681,Aegislash,ギルガルド,킬가르도,Aegislash,Shield,0,showdown_formeOrder,6,base_form,no,no,Steel,Ghost,60,50,140,60,50,140,Stance Change,,,,,,,,PokemonShowdown@2ddfa0476f8207e12e204b1c69f7c7683b17633c;PKHeX@8ad201e80244f630ab5a46922ab72fb79c5ad4f4,,,,reference_order_only
681,Aegislash,ギルガルド,킬가르도,Aegislash-Blade,Blade,1,showdown_formeOrder,6,battle_only_form,yes,no,Steel,Ghost,60,140,50,60,140,50,Stance Change,,,Stance Change,,,Aegislash,,PokemonShowdown@2ddfa0476f8207e12e204b1c69f7c7683b17633c;PKHeX@8ad201e80244f630ab5a46922ab72fb79c5ad4f4,,,,reference_order_only
687,Malamar,カラマネロ,칼라마네로,Malamar,Base,0,showdown_formeOrder,6,base_form,no,no,Dark,Psychic,86,92,88,73,68,75,Contrary|Suction Cups|Infiltrator,,,,,,,,PokemonShowdown@2ddfa0476f8207e12e204b1c69f7c7683b17633c;PKHeX@8ad201e80244f630ab5a46922ab72fb79c5ad4f4,,,,reference_order_only
687,Malamar,カラマネロ,칼라마네로,Malamar-Mega,Mega,1,showdown_formeOrder,9,battle_transformation,no,no,Dark,Psychic,86,102,88,88,98,120,Contrary,Malamarite,,,,,,,PokemonShowdown@2ddfa0476f8207e12e204b1c69f7c7683b17633c;PKHeX@8ad201e80244f630ab5a46922ab72fb79c5ad4f4,,,,reference_order_only
689,Barbaracle,ガメノデス,거북손데스,Barbaracle,Base,0,showdown_formeOrder,6,base_form,no,no,Rock,Water,72,105,115,68,54,86,Tough Claws|Sniper|Pickpocket,,,,,,,,PokemonShowdown@2ddfa0476f8207e12e204b1c69f7c7683b17633c;PKHeX@8ad201e80244f630ab5a46922ab72fb79c5ad4f4,,,,reference_order_only
689,Barbaracle,ガメノデス,거북손데스,Barbaracle-Mega,Mega,1,showdown_formeOrder,9,battle_transformation,no,no,Rock,Fighting,72,140,130,88,64,106,Tough Claws,Barbaracite,,,,,,,PokemonShowdown@2ddfa0476f8207e12e204b1c69f7c7683b17633c;PKHeX@8ad201e80244f630ab5a46922ab72fb79c5ad4f4,,,,reference_order_only
691,Dragalge,ドラミドロ,드래캄,Dragalge,Base,0,showdown_formeOrder,6,base_form,no,no,Poison,Dragon,65,75,90,44,97,123,Poison Point|Poison Touch|Adaptability,,,,,,,,PokemonShowdown@2ddfa0476f8207e12e204b1c69f7c7683b17633c;PKHeX@8ad201e80244f630ab5a46922ab72fb79c5ad4f4,,,,reference_order_only
691,Dragalge,ドラミドロ,드래캄,Dragalge-Mega,Mega,1,showdown_formeOrder,9,battle_transformation,no,no,Poison,Dragon,65,85,105,44,132,163,Regenerator,Dragalgite,,,,,,,PokemonShowdown@2ddfa0476f8207e12e204b1c69f7c7683b17633c;PKHeX@8ad201e80244f630ab5a46922ab72fb79c5ad4f4,,,,reference_order_only
701,Hawlucha,ルチャブル,루차불,Hawlucha,Base,0,showdown_formeOrder,6,base_form,no,no,Fighting,Flying,78,92,75,118,74,63,Limber|Unburden|Mold Breaker,,,,,,,,PokemonShowdown@2ddfa0476f8207e12e204b1c69f7c7683b17633c;PKHeX@8ad201e80244f630ab5a46922ab72fb79c5ad4f4,,,,reference_order_only
701,Hawlucha,ルチャブル,루차불,Hawlucha-Mega,Mega,1,showdown_formeOrder,9,battle_transformation,no,no,Fighting,Flying,78,137,100,118,74,93,No Guard,Hawluchanite,,,,,,,PokemonShowdown@2ddfa0476f8207e12e204b1c69f7c7683b17633c;PKHeX@8ad201e80244f630ab5a46922ab72fb79c5ad4f4,,,,reference_order_only
705,Sliggoo,ヌメイル,미끄네일,Sliggoo,Base,0,showdown_formeOrder,6,base_form,no,no,Dragon,,68,75,53,60,83,113,Sap Sipper|Hydration|Gooey,,,,,,,,PokemonShowdown@2ddfa0476f8207e12e204b1c69f7c7683b17633c;PKHeX@8ad201e80244f630ab5a46922ab72fb79c5ad4f4,,,,reference_order_only
705,Sliggoo,ヌメイル,미끄네일,Sliggoo-Hisui,Hisui,1,showdown_formeOrder,8,persistent_identity,no,no,Steel,Dragon,58,75,83,40,83,113,Sap Sipper|Shell Armor|Gooey,,,,,,,,PokemonShowdown@2ddfa0476f8207e12e204b1c69f7c7683b17633c;PKHeX@8ad201e80244f630ab5a46922ab72fb79c5ad4f4,,,,reference_order_only
706,Goodra,ヌメルゴン,미끄래곤,Goodra,Base,0,showdown_formeOrder,6,base_form,no,no,Dragon,,90,100,70,80,110,150,Sap Sipper|Hydration|Gooey,,,,,,,,PokemonShowdown@2ddfa0476f8207e12e204b1c69f7c7683b17633c;PKHeX@8ad201e80244f630ab5a46922ab72fb79c5ad4f4,,,,reference_order_only
706,Goodra,ヌメルゴン,미끄래곤,Goodra-Hisui,Hisui,1,showdown_formeOrder,8,persistent_identity,no,no,Steel,Dragon,80,100,100,60,110,150,Sap Sipper|Shell Armor|Gooey,,,,,,,,PokemonShowdown@2ddfa0476f8207e12e204b1c69f7c7683b17633c;PKHeX@8ad201e80244f630ab5a46922ab72fb79c5ad4f4,,,,reference_order_only
710,Pumpkaboo,バケッチャ,호바귀,Pumpkaboo,Average,0,showdown_formeOrder,6,base_form,no,no,Ghost,Grass,49,66,70,51,44,55,Pickup|Frisk|Insomnia,,,,,,,,PokemonShowdown@2ddfa0476f8207e12e204b1c69f7c7683b17633c;PKHeX@8ad201e80244f630ab5a46922ab72fb79c5ad4f4,,,,reference_order_only
710,Pumpkaboo,バケッチャ,호바귀,Pumpkaboo-Small,Small,1,showdown_formeOrder,6,persistent_identity,no,no,Ghost,Grass,44,66,70,56,44,55,Pickup|Frisk|Insomnia,,,,,,,,PokemonShowdown@2ddfa0476f8207e12e204b1c69f7c7683b17633c;PKHeX@8ad201e80244f630ab5a46922ab72fb79c5ad4f4,,,,reference_order_only
710,Pumpkaboo,バケッチャ,호바귀,Pumpkaboo-Large,Large,2,showdown_formeOrder,6,persistent_identity,no,no,Ghost,Grass,54,66,70,46,44,55,Pickup|Frisk|Insomnia,,,,,,,,PokemonShowdown@2ddfa0476f8207e12e204b1c69f7c7683b17633c;PKHeX@8ad201e80244f630ab5a46922ab72fb79c5ad4f4,,,,reference_order_only
710,Pumpkaboo,バケッチャ,호바귀,Pumpkaboo-Super,Super,3,showdown_formeOrder,6,persistent_identity,no,no,Ghost,Grass,59,66,70,41,44,55,Pickup|Frisk|Insomnia,,,,,,,,PokemonShowdown@2ddfa0476f8207e12e204b1c69f7c7683b17633c;PKHeX@8ad201e80244f630ab5a46922ab72fb79c5ad4f4,,,,reference_order_only
711,Gourgeist,パンプジン,펌킨인,Gourgeist,Average,0,showdown_formeOrder,6,base_form,no,no,Ghost,Grass,65,90,122,84,58,75,Pickup|Frisk|Insomnia,,,,,,,,PokemonShowdown@2ddfa0476f8207e12e204b1c69f7c7683b17633c;PKHeX@8ad201e80244f630ab5a46922ab72fb79c5ad4f4,,,,reference_order_only
711,Gourgeist,パンプジン,펌킨인,Gourgeist-Small,Small,1,showdown_formeOrder,6,persistent_identity,no,no,Ghost,Grass,55,85,122,99,58,75,Pickup|Frisk|Insomnia,,,,,,,,PokemonShowdown@2ddfa0476f8207e12e204b1c69f7c7683b17633c;PKHeX@8ad201e80244f630ab5a46922ab72fb79c5ad4f4,,,,reference_order_only
711,Gourgeist,パンプジン,펌킨인,Gourgeist-Large,Large,2,showdown_formeOrder,6,persistent_identity,no,no,Ghost,Grass,75,95,122,69,58,75,Pickup|Frisk|Insomnia,,,,,,,,PokemonShowdown@2ddfa0476f8207e12e204b1c69f7c7683b17633c;PKHeX@8ad201e80244f630ab5a46922ab72fb79c5ad4f4,,,,reference_order_only
711,Gourgeist,パンプジン,펌킨인,Gourgeist-Super,Super,3,showdown_formeOrder,6,persistent_identity,no,no,Ghost,Grass,85,100,122,54,58,75,Pickup|Frisk|Insomnia,,,,,,,,PokemonShowdown@2ddfa0476f8207e12e204b1c69f7c7683b17633c;PKHeX@8ad201e80244f630ab5a46922ab72fb79c5ad4f4,,,,reference_order_only
713,Avalugg,クレベース,크레베이스,Avalugg,Base,0,showdown_formeOrder,6,base_form,no,no,Ice,,95,117,184,28,44,46,Own Tempo|Ice Body|Sturdy,,,,,,,,PokemonShowdown@2ddfa0476f8207e12e204b1c69f7c7683b17633c;PKHeX@8ad201e80244f630ab5a46922ab72fb79c5ad4f4,,,,reference_order_only
713,Avalugg,クレベース,크레베이스,Avalugg-Hisui,Hisui,1,showdown_formeOrder,8,persistent_identity,no,no,Ice,Rock,95,127,184,38,34,36,Strong Jaw|Ice Body|Sturdy,,,,,,,,PokemonShowdown@2ddfa0476f8207e12e204b1c69f7c7683b17633c;PKHeX@8ad201e80244f630ab5a46922ab72fb79c5ad4f4,,,,reference_order_only
713,Avalugg,クレベース,크레베이스,Avalugg-Hisui-Lord,Hisuian-Lord,2,PKHeX_FormInfo_IsLordForm,8,scripted_boss_internal_form,no,no,Ice,Rock,95,127,184,38,34,36,Strong Jaw|Ice Body|Sturdy,,,,,,,,PokemonShowdown@2ddfa0476f8207e12e204b1c69f7c7683b17633c;PKHeX@8ad201e80244f630ab5a46922ab72fb79c5ad4f4,Pokémon Legends: Arceus Lord/Lady form; not a normal player-owned form.,,,reference_verified
716,Xerneas,ゼルネアス,제르네아스,Xerneas-Neutral,Neutral,0,showdown_formeOrder,6,persistent_identity,no,no,Fairy,,126,131,95,99,131,98,Fairy Aura,,,,,,,,PokemonShowdown@2ddfa0476f8207e12e204b1c69f7c7683b17633c;PKHeX@8ad201e80244f630ab5a46922ab72fb79c5ad4f4,,,,reference_order_only
716,Xerneas,ゼルネアス,제르네아스,Xerneas,Active,1,showdown_formeOrder,6,base_form,no,no,Fairy,,126,131,95,99,131,98,Fairy Aura,,,,,,,,PokemonShowdown@2ddfa0476f8207e12e204b1c69f7c7683b17633c;PKHeX@8ad201e80244f630ab5a46922ab72fb79c5ad4f4,,,,reference_order_only
718,Zygarde,ジガルデ,지가르데,Zygarde,50%,0,showdown_formeOrder,6,base_form,no,no,Dragon,Ground,108,100,121,95,81,95,Aura Break|Power Construct,,,,,,,,PokemonShowdown@2ddfa0476f8207e12e204b1c69f7c7683b17633c;PKHeX@8ad201e80244f630ab5a46922ab72fb79c5ad4f4,,,,reference_order_only
718,Zygarde,ジガルデ,지가르데,Zygarde-10%,10%,1,showdown_formeOrder,7,persistent_identity,no,no,Dragon,Ground,54,100,71,115,61,85,Aura Break|Power Construct,,,,,Zygarde,,,PokemonShowdown@2ddfa0476f8207e12e204b1c69f7c7683b17633c;PKHeX@8ad201e80244f630ab5a46922ab72fb79c5ad4f4,,,,reference_order_only
718,Zygarde,ジガルデ,지가르데,Zygarde-Complete,Complete,4,showdown_formeOrder,7,ability_derived,no,no,Dragon,Ground,216,100,121,85,91,95,Power Construct,,,Power Construct,,,,,PokemonShowdown@2ddfa0476f8207e12e204b1c69f7c7683b17633c;PKHeX@8ad201e80244f630ab5a46922ab72fb79c5ad4f4,,,,reference_order_only
718,Zygarde,ジガルデ,지가르데,Zygarde-Mega,Mega,5,showdown_formeOrder,9,battle_transformation,no,no,Dragon,Ground,216,70,91,100,216,85,Aura Break,Zygardite,,,,,,,PokemonShowdown@2ddfa0476f8207e12e204b1c69f7c7683b17633c;PKHeX@8ad201e80244f630ab5a46922ab72fb79c5ad4f4,,,,reference_order_only
719,Diancie,ディアンシー,디안시,Diancie,Base,0,showdown_formeOrder,6,base_form,no,no,Rock,Fairy,50,100,150,50,100,150,Clear Body,,,,,,,,PokemonShowdown@2ddfa0476f8207e12e204b1c69f7c7683b17633c;PKHeX@8ad201e80244f630ab5a46922ab72fb79c5ad4f4,,,,reference_order_only
719,Diancie,ディアンシー,디안시,Diancie-Mega,Mega,1,showdown_formeOrder,6,battle_transformation,no,no,Rock,Fairy,50,160,110,110,160,110,Magic Bounce,Diancite,,,,,,,PokemonShowdown@2ddfa0476f8207e12e204b1c69f7c7683b17633c;PKHeX@8ad201e80244f630ab5a46922ab72fb79c5ad4f4,,,,reference_order_only
720,Hoopa,フーパ,후파,Hoopa,Confined,0,showdown_formeOrder,6,base_form,no,no,Psychic,Ghost,80,110,60,70,150,130,Magician,,,,,,,,PokemonShowdown@2ddfa0476f8207e12e204b1c69f7c7683b17633c;PKHeX@8ad201e80244f630ab5a46922ab72fb79c5ad4f4,,,,reference_order_only
720,Hoopa,フーパ,후파,Hoopa-Unbound,Unbound,1,showdown_formeOrder,6,persistent_identity,no,no,Psychic,Dark,80,160,60,80,170,130,Magician,,,,,Hoopa,,,PokemonShowdown@2ddfa0476f8207e12e204b1c69f7c7683b17633c;PKHeX@8ad201e80244f630ab5a46922ab72fb79c5ad4f4,,,,reference_order_only
724,Decidueye,ジュナイパー,모크나이퍼,Decidueye,Base,0,showdown_formeOrder,7,base_form,no,no,Grass,Ghost,78,107,75,70,100,100,Overgrow|Long Reach,,,,,,,,PokemonShowdown@2ddfa0476f8207e12e204b1c69f7c7683b17633c;PKHeX@8ad201e80244f630ab5a46922ab72fb79c5ad4f4,,,,reference_order_only
724,Decidueye,ジュナイパー,모크나이퍼,Decidueye-Hisui,Hisui,1,showdown_formeOrder,8,persistent_identity,no,no,Grass,Fighting,88,112,80,60,95,95,Overgrow|Scrappy,,,,,,,,PokemonShowdown@2ddfa0476f8207e12e204b1c69f7c7683b17633c;PKHeX@8ad201e80244f630ab5a46922ab72fb79c5ad4f4,,,,reference_order_only
735,Gumshoos,デカグース,형사구스,Gumshoos,Base,0,showdown_formeOrder,7,base_form,no,no,Normal,,88,110,60,45,55,60,Stakeout|Strong Jaw|Adaptability,,,,,,,,PokemonShowdown@2ddfa0476f8207e12e204b1c69f7c7683b17633c;PKHeX@8ad201e80244f630ab5a46922ab72fb79c5ad4f4,,,,reference_order_only
735,Gumshoos,デカグース,형사구스,Gumshoos-Totem,Totem,1,showdown_formeOrder,7,hidden_internal_form,no,no,Normal,,88,110,60,45,55,60,Adaptability,,,,,,,,PokemonShowdown@2ddfa0476f8207e12e204b1c69f7c7683b17633c;PKHeX@8ad201e80244f630ab5a46922ab72fb79c5ad4f4,,,,reference_order_only
738,Vikavolt,クワガノン,투구뿌논,Vikavolt,Base,0,showdown_formeOrder,7,base_form,no,no,Bug,Electric,77,70,90,43,145,75,Levitate,,,,,,,,PokemonShowdown@2ddfa0476f8207e12e204b1c69f7c7683b17633c;PKHeX@8ad201e80244f630ab5a46922ab72fb79c5ad4f4,,,,reference_order_only
738,Vikavolt,クワガノン,투구뿌논,Vikavolt-Totem,Totem,1,showdown_formeOrder,7,hidden_internal_form,no,no,Bug,Electric,77,70,90,43,145,75,Levitate,,,,,,,,PokemonShowdown@2ddfa0476f8207e12e204b1c69f7c7683b17633c;PKHeX@8ad201e80244f630ab5a46922ab72fb79c5ad4f4,,,,reference_order_only
740,Crabominable,ケケンカニ,모단단게,Crabominable,Base,0,showdown_formeOrder,7,base_form,no,no,Fighting,Ice,97,132,77,43,62,67,Hyper Cutter|Iron Fist|Anger Point,,,,,,,,PokemonShowdown@2ddfa0476f8207e12e204b1c69f7c7683b17633c;PKHeX@8ad201e80244f630ab5a46922ab72fb79c5ad4f4,,,,reference_order_only
740,Crabominable,ケケンカニ,모단단게,Crabominable-Mega,Mega,1,showdown_formeOrder,9,battle_transformation,no,no,Fighting,Ice,97,157,122,33,62,107,Iron Fist,Crabominite,,,,,,,PokemonShowdown@2ddfa0476f8207e12e204b1c69f7c7683b17633c;PKHeX@8ad201e80244f630ab5a46922ab72fb79c5ad4f4,,,,reference_order_only
741,Oricorio,オドリドリ,춤추새,Oricorio,Baile,0,showdown_formeOrder,7,base_form,no,no,Fire,Flying,75,70,70,93,98,70,Dancer,,,,,,,,PokemonShowdown@2ddfa0476f8207e12e204b1c69f7c7683b17633c;PKHeX@8ad201e80244f630ab5a46922ab72fb79c5ad4f4,,,,reference_order_only
741,Oricorio,オドリドリ,춤추새,Oricorio-Pom-Pom,Pom-Pom,1,showdown_formeOrder,7,persistent_identity,no,no,Electric,Flying,75,70,70,93,98,70,Dancer,,,,,Oricorio,,,PokemonShowdown@2ddfa0476f8207e12e204b1c69f7c7683b17633c;PKHeX@8ad201e80244f630ab5a46922ab72fb79c5ad4f4,,,,reference_order_only
741,Oricorio,オドリドリ,춤추새,Oricorio-Pa'u,Pa'u,2,showdown_formeOrder,7,persistent_identity,no,no,Psychic,Flying,75,70,70,93,98,70,Dancer,,,,,Oricorio,,,PokemonShowdown@2ddfa0476f8207e12e204b1c69f7c7683b17633c;PKHeX@8ad201e80244f630ab5a46922ab72fb79c5ad4f4,,,,reference_order_only
741,Oricorio,オドリドリ,춤추새,Oricorio-Sensu,Sensu,3,showdown_formeOrder,7,persistent_identity,no,no,Ghost,Flying,75,70,70,93,98,70,Dancer,,,,,Oricorio,,,PokemonShowdown@2ddfa0476f8207e12e204b1c69f7c7683b17633c;PKHeX@8ad201e80244f630ab5a46922ab72fb79c5ad4f4,,,,reference_order_only
743,Ribombee,アブリボン,에리본,Ribombee,Base,0,showdown_formeOrder,7,base_form,no,no,Bug,Fairy,60,55,60,124,95,70,Honey Gather|Shield Dust|Sweet Veil,,,,,,,,PokemonShowdown@2ddfa0476f8207e12e204b1c69f7c7683b17633c;PKHeX@8ad201e80244f630ab5a46922ab72fb79c5ad4f4,,,,reference_order_only
743,Ribombee,アブリボン,에리본,Ribombee-Totem,Totem,1,showdown_formeOrder,7,hidden_internal_form,no,no,Bug,Fairy,60,55,60,124,95,70,Sweet Veil,,,,,,,,PokemonShowdown@2ddfa0476f8207e12e204b1c69f7c7683b17633c;PKHeX@8ad201e80244f630ab5a46922ab72fb79c5ad4f4,,,,reference_order_only
744,Rockruff,イワンコ,암멍이,Rockruff,Midday,0,showdown_formeOrder,7,base_form,no,no,Rock,,45,65,40,60,30,40,Keen Eye|Vital Spirit|Steadfast|Own Tempo,,,,,,,,PokemonShowdown@2ddfa0476f8207e12e204b1c69f7c7683b17633c;PKHeX@8ad201e80244f630ab5a46922ab72fb79c5ad4f4,,,,reference_order_only
744,Rockruff,イワンコ,암멍이,Rockruff-Dusk,Dusk,1,showdown_formeOrder,7,persistent_identity,no,no,Rock,,45,65,40,60,30,40,Own Tempo,,,,,,,,PokemonShowdown@2ddfa0476f8207e12e204b1c69f7c7683b17633c;PKHeX@8ad201e80244f630ab5a46922ab72fb79c5ad4f4,,,,reference_order_only
745,Lycanroc,ルガルガン,루가루암,Lycanroc,Midday,0,showdown_formeOrder,7,base_form,no,no,Rock,,75,115,65,112,55,65,Keen Eye|Sand Rush|Steadfast,,,,,,,,PokemonShowdown@2ddfa0476f8207e12e204b1c69f7c7683b17633c;PKHeX@8ad201e80244f630ab5a46922ab72fb79c5ad4f4,,,,reference_order_only
745,Lycanroc,ルガルガン,루가루암,Lycanroc-Midnight,Midnight,1,showdown_formeOrder,7,persistent_identity,no,no,Rock,,85,115,75,82,55,75,Keen Eye|Vital Spirit|No Guard,,,,,,,,PokemonShowdown@2ddfa0476f8207e12e204b1c69f7c7683b17633c;PKHeX@8ad201e80244f630ab5a46922ab72fb79c5ad4f4,,,,reference_order_only
745,Lycanroc,ルガルガン,루가루암,Lycanroc-Dusk,Dusk,2,showdown_formeOrder,7,persistent_identity,no,no,Rock,,75,117,65,110,55,65,Tough Claws,,,,,,,,PokemonShowdown@2ddfa0476f8207e12e204b1c69f7c7683b17633c;PKHeX@8ad201e80244f630ab5a46922ab72fb79c5ad4f4,,,,reference_order_only
746,Wishiwashi,ヨワシ,약어리,Wishiwashi,Solo,0,showdown_formeOrder,7,base_form,no,no,Water,,45,20,20,40,25,25,Schooling,,,,,,,,PokemonShowdown@2ddfa0476f8207e12e204b1c69f7c7683b17633c;PKHeX@8ad201e80244f630ab5a46922ab72fb79c5ad4f4,,,,reference_order_only
746,Wishiwashi,ヨワシ,약어리,Wishiwashi-School,School,1,showdown_formeOrder,7,battle_only_form,yes,no,Water,,45,140,130,30,140,135,Schooling,,,Schooling,,,Wishiwashi,,PokemonShowdown@2ddfa0476f8207e12e204b1c69f7c7683b17633c;PKHeX@8ad201e80244f630ab5a46922ab72fb79c5ad4f4,,,,reference_order_only
752,Araquanid,オニシズクモ,깨비물거미,Araquanid,Base,0,showdown_formeOrder,7,base_form,no,no,Water,Bug,68,70,92,42,50,132,Water Bubble|Water Absorb,,,,,,,,PokemonShowdown@2ddfa0476f8207e12e204b1c69f7c7683b17633c;PKHeX@8ad201e80244f630ab5a46922ab72fb79c5ad4f4,,,,reference_order_only
752,Araquanid,オニシズクモ,깨비물거미,Araquanid-Totem,Totem,1,showdown_formeOrder,7,hidden_internal_form,no,no,Water,Bug,68,70,92,42,50,132,Water Bubble,,,,,,,,PokemonShowdown@2ddfa0476f8207e12e204b1c69f7c7683b17633c;PKHeX@8ad201e80244f630ab5a46922ab72fb79c5ad4f4,,,,reference_order_only
754,Lurantis,ラランテス,라란티스,Lurantis,Base,0,showdown_formeOrder,7,base_form,no,no,Grass,,70,105,90,45,80,90,Leaf Guard|Contrary,,,,,,,,PokemonShowdown@2ddfa0476f8207e12e204b1c69f7c7683b17633c;PKHeX@8ad201e80244f630ab5a46922ab72fb79c5ad4f4,,,,reference_order_only
754,Lurantis,ラランテス,라란티스,Lurantis-Totem,Totem,1,showdown_formeOrder,7,hidden_internal_form,no,no,Grass,,70,105,90,45,80,90,Leaf Guard,,,,,,,,PokemonShowdown@2ddfa0476f8207e12e204b1c69f7c7683b17633c;PKHeX@8ad201e80244f630ab5a46922ab72fb79c5ad4f4,,,,reference_order_only
758,Salazzle,エンニュート,염뉴트,Salazzle,Base,0,showdown_formeOrder,7,base_form,no,no,Poison,Fire,68,64,60,117,111,60,Corrosion|Oblivious,,,,,,,,PokemonShowdown@2ddfa0476f8207e12e204b1c69f7c7683b17633c;PKHeX@8ad201e80244f630ab5a46922ab72fb79c5ad4f4,,,,reference_order_only
758,Salazzle,エンニュート,염뉴트,Salazzle-Totem,Totem,1,showdown_formeOrder,7,hidden_internal_form,no,no,Poison,Fire,68,64,60,117,111,60,Corrosion,,,,,,,,PokemonShowdown@2ddfa0476f8207e12e204b1c69f7c7683b17633c;PKHeX@8ad201e80244f630ab5a46922ab72fb79c5ad4f4,,,,reference_order_only
768,Golisopod,グソクムシャ,갑주무사,Golisopod,Base,0,showdown_formeOrder,7,base_form,no,no,Bug,Water,75,125,140,40,60,90,Emergency Exit,,,,,,,,PokemonShowdown@2ddfa0476f8207e12e204b1c69f7c7683b17633c;PKHeX@8ad201e80244f630ab5a46922ab72fb79c5ad4f4,,,,reference_order_only
768,Golisopod,グソクムシャ,갑주무사,Golisopod-Mega,Mega,1,showdown_formeOrder,9,battle_transformation,no,no,Bug,Steel,75,150,175,40,70,120,Tough Claws,Golisopite,,,,,,,PokemonShowdown@2ddfa0476f8207e12e204b1c69f7c7683b17633c;PKHeX@8ad201e80244f630ab5a46922ab72fb79c5ad4f4,,,,reference_order_only
773,Silvally,シルヴァディ,실버디,Silvally,Normal,0,showdown_formeOrder,7,base_form,no,no,Normal,,95,95,95,95,95,95,RKS System,,,,,,,,PokemonShowdown@2ddfa0476f8207e12e204b1c69f7c7683b17633c;PKHeX@8ad201e80244f630ab5a46922ab72fb79c5ad4f4,,,,reference_order_only
773,Silvally,シルヴァディ,실버디,Silvally-Fighting,Fighting,1,showdown_formeOrder,7,held_item_derived,no,no,Fighting,,95,95,95,95,95,95,RKS System,Fighting Memory,,,,Silvally,,,PokemonShowdown@2ddfa0476f8207e12e204b1c69f7c7683b17633c;PKHeX@8ad201e80244f630ab5a46922ab72fb79c5ad4f4,,,,reference_order_only
773,Silvally,シルヴァディ,실버디,Silvally-Flying,Flying,2,showdown_formeOrder,7,held_item_derived,no,no,Flying,,95,95,95,95,95,95,RKS System,Flying Memory,,,,Silvally,,,PokemonShowdown@2ddfa0476f8207e12e204b1c69f7c7683b17633c;PKHeX@8ad201e80244f630ab5a46922ab72fb79c5ad4f4,,,,reference_order_only
773,Silvally,シルヴァディ,실버디,Silvally-Poison,Poison,3,showdown_formeOrder,7,held_item_derived,no,no,Poison,,95,95,95,95,95,95,RKS System,Poison Memory,,,,Silvally,,,PokemonShowdown@2ddfa0476f8207e12e204b1c69f7c7683b17633c;PKHeX@8ad201e80244f630ab5a46922ab72fb79c5ad4f4,,,,reference_order_only
773,Silvally,シルヴァディ,실버디,Silvally-Ground,Ground,4,showdown_formeOrder,7,held_item_derived,no,no,Ground,,95,95,95,95,95,95,RKS System,Ground Memory,,,,Silvally,,,PokemonShowdown@2ddfa0476f8207e12e204b1c69f7c7683b17633c;PKHeX@8ad201e80244f630ab5a46922ab72fb79c5ad4f4,,,,reference_order_only
773,Silvally,シルヴァディ,실버디,Silvally-Rock,Rock,5,showdown_formeOrder,7,held_item_derived,no,no,Rock,,95,95,95,95,95,95,RKS System,Rock Memory,,,,Silvally,,,PokemonShowdown@2ddfa0476f8207e12e204b1c69f7c7683b17633c;PKHeX@8ad201e80244f630ab5a46922ab72fb79c5ad4f4,,,,reference_order_only
773,Silvally,シルヴァディ,실버디,Silvally-Bug,Bug,6,showdown_formeOrder,7,held_item_derived,no,no,Bug,,95,95,95,95,95,95,RKS System,Bug Memory,,,,Silvally,,,PokemonShowdown@2ddfa0476f8207e12e204b1c69f7c7683b17633c;PKHeX@8ad201e80244f630ab5a46922ab72fb79c5ad4f4,,,,reference_order_only
773,Silvally,シルヴァディ,실버디,Silvally-Ghost,Ghost,7,showdown_formeOrder,7,held_item_derived,no,no,Ghost,,95,95,95,95,95,95,RKS System,Ghost Memory,,,,Silvally,,,PokemonShowdown@2ddfa0476f8207e12e204b1c69f7c7683b17633c;PKHeX@8ad201e80244f630ab5a46922ab72fb79c5ad4f4,,,,reference_order_only
773,Silvally,シルヴァディ,실버디,Silvally-Steel,Steel,8,showdown_formeOrder,7,held_item_derived,no,no,Steel,,95,95,95,95,95,95,RKS System,Steel Memory,,,,Silvally,,,PokemonShowdown@2ddfa0476f8207e12e204b1c69f7c7683b17633c;PKHeX@8ad201e80244f630ab5a46922ab72fb79c5ad4f4,,,,reference_order_only
773,Silvally,シルヴァディ,실버디,Silvally-Fire,Fire,9,showdown_formeOrder,7,held_item_derived,no,no,Fire,,95,95,95,95,95,95,RKS System,Fire Memory,,,,Silvally,,,PokemonShowdown@2ddfa0476f8207e12e204b1c69f7c7683b17633c;PKHeX@8ad201e80244f630ab5a46922ab72fb79c5ad4f4,,,,reference_order_only
773,Silvally,シルヴァディ,실버디,Silvally-Water,Water,10,showdown_formeOrder,7,held_item_derived,no,no,Water,,95,95,95,95,95,95,RKS System,Water Memory,,,,Silvally,,,PokemonShowdown@2ddfa0476f8207e12e204b1c69f7c7683b17633c;PKHeX@8ad201e80244f630ab5a46922ab72fb79c5ad4f4,,,,reference_order_only
773,Silvally,シルヴァディ,실버디,Silvally-Grass,Grass,11,showdown_formeOrder,7,held_item_derived,no,no,Grass,,95,95,95,95,95,95,RKS System,Grass Memory,,,,Silvally,,,PokemonShowdown@2ddfa0476f8207e12e204b1c69f7c7683b17633c;PKHeX@8ad201e80244f630ab5a46922ab72fb79c5ad4f4,,,,reference_order_only
773,Silvally,シルヴァディ,실버디,Silvally-Electric,Electric,12,showdown_formeOrder,7,held_item_derived,no,no,Electric,,95,95,95,95,95,95,RKS System,Electric Memory,,,,Silvally,,,PokemonShowdown@2ddfa0476f8207e12e204b1c69f7c7683b17633c;PKHeX@8ad201e80244f630ab5a46922ab72fb79c5ad4f4,,,,reference_order_only
773,Silvally,シルヴァディ,실버디,Silvally-Psychic,Psychic,13,showdown_formeOrder,7,held_item_derived,no,no,Psychic,,95,95,95,95,95,95,RKS System,Psychic Memory,,,,Silvally,,,PokemonShowdown@2ddfa0476f8207e12e204b1c69f7c7683b17633c;PKHeX@8ad201e80244f630ab5a46922ab72fb79c5ad4f4,,,,reference_order_only
773,Silvally,シルヴァディ,실버디,Silvally-Ice,Ice,14,showdown_formeOrder,7,held_item_derived,no,no,Ice,,95,95,95,95,95,95,RKS System,Ice Memory,,,,Silvally,,,PokemonShowdown@2ddfa0476f8207e12e204b1c69f7c7683b17633c;PKHeX@8ad201e80244f630ab5a46922ab72fb79c5ad4f4,,,,reference_order_only
773,Silvally,シルヴァディ,실버디,Silvally-Dragon,Dragon,15,showdown_formeOrder,7,held_item_derived,no,no,Dragon,,95,95,95,95,95,95,RKS System,Dragon Memory,,,,Silvally,,,PokemonShowdown@2ddfa0476f8207e12e204b1c69f7c7683b17633c;PKHeX@8ad201e80244f630ab5a46922ab72fb79c5ad4f4,,,,reference_order_only
773,Silvally,シルヴァディ,실버디,Silvally-Dark,Dark,16,showdown_formeOrder,7,held_item_derived,no,no,Dark,,95,95,95,95,95,95,RKS System,Dark Memory,,,,Silvally,,,PokemonShowdown@2ddfa0476f8207e12e204b1c69f7c7683b17633c;PKHeX@8ad201e80244f630ab5a46922ab72fb79c5ad4f4,,,,reference_order_only
773,Silvally,シルヴァディ,실버디,Silvally-Fairy,Fairy,17,showdown_formeOrder,7,held_item_derived,no,no,Fairy,,95,95,95,95,95,95,RKS System,Fairy Memory,,,,Silvally,,,PokemonShowdown@2ddfa0476f8207e12e204b1c69f7c7683b17633c;PKHeX@8ad201e80244f630ab5a46922ab72fb79c5ad4f4,,,,reference_order_only
774,Minior,メテノ,메테노,Minior-Meteor,Meteor,0,showdown_formeOrder,7,battle_only_form,yes,no,Rock,Flying,60,60,100,60,60,100,Shields Down,,,Shields Down,,,Minior,,PokemonShowdown@2ddfa0476f8207e12e204b1c69f7c7683b17633c;PKHeX@8ad201e80244f630ab5a46922ab72fb79c5ad4f4,,,,reference_order_only
774,Minior,メテノ,메테노,Minior,Red,7,showdown_formeOrder,7,base_form,no,no,Rock,Flying,60,100,60,120,100,60,Shields Down,,,,,,,,PokemonShowdown@2ddfa0476f8207e12e204b1c69f7c7683b17633c;PKHeX@8ad201e80244f630ab5a46922ab72fb79c5ad4f4,,,,reference_order_only
774,Minior,メテノ,메테노,Minior-Orange,Orange,8,showdown_formeOrder,7,cosmetic_identity,no,yes,Rock,Flying,60,100,60,120,100,60,Shields Down,,,,,,,,PokemonShowdown@2ddfa0476f8207e12e204b1c69f7c7683b17633c;PKHeX@8ad201e80244f630ab5a46922ab72fb79c5ad4f4,,,,reference_order_only
774,Minior,メテノ,메테노,Minior-Yellow,Yellow,9,showdown_formeOrder,7,cosmetic_identity,no,yes,Rock,Flying,60,100,60,120,100,60,Shields Down,,,,,,,,PokemonShowdown@2ddfa0476f8207e12e204b1c69f7c7683b17633c;PKHeX@8ad201e80244f630ab5a46922ab72fb79c5ad4f4,,,,reference_order_only
774,Minior,メテノ,메테노,Minior-Green,Green,10,showdown_formeOrder,7,cosmetic_identity,no,yes,Rock,Flying,60,100,60,120,100,60,Shields Down,,,,,,,,PokemonShowdown@2ddfa0476f8207e12e204b1c69f7c7683b17633c;PKHeX@8ad201e80244f630ab5a46922ab72fb79c5ad4f4,,,,reference_order_only
774,Minior,メテノ,메테노,Minior-Blue,Blue,11,showdown_formeOrder,7,cosmetic_identity,no,yes,Rock,Flying,60,100,60,120,100,60,Shields Down,,,,,,,,PokemonShowdown@2ddfa0476f8207e12e204b1c69f7c7683b17633c;PKHeX@8ad201e80244f630ab5a46922ab72fb79c5ad4f4,,,,reference_order_only
774,Minior,メテノ,메테노,Minior-Indigo,Indigo,12,showdown_formeOrder,7,cosmetic_identity,no,yes,Rock,Flying,60,100,60,120,100,60,Shields Down,,,,,,,,PokemonShowdown@2ddfa0476f8207e12e204b1c69f7c7683b17633c;PKHeX@8ad201e80244f630ab5a46922ab72fb79c5ad4f4,,,,reference_order_only
774,Minior,メテノ,메테노,Minior-Violet,Violet,13,showdown_formeOrder,7,cosmetic_identity,no,yes,Rock,Flying,60,100,60,120,100,60,Shields Down,,,,,,,,PokemonShowdown@2ddfa0476f8207e12e204b1c69f7c7683b17633c;PKHeX@8ad201e80244f630ab5a46922ab72fb79c5ad4f4,,,,reference_order_only
777,Togedemaru,トゲデマル,토게데마루,Togedemaru,Base,0,showdown_formeOrder,7,base_form,no,no,Electric,Steel,65,98,63,96,40,73,Iron Barbs|Lightning Rod|Sturdy,,,,,,,,PokemonShowdown@2ddfa0476f8207e12e204b1c69f7c7683b17633c;PKHeX@8ad201e80244f630ab5a46922ab72fb79c5ad4f4,,,,reference_order_only
777,Togedemaru,トゲデマル,토게데마루,Togedemaru-Totem,Totem,1,showdown_formeOrder,7,hidden_internal_form,no,no,Electric,Steel,65,98,63,96,40,73,Sturdy,,,,,,,,PokemonShowdown@2ddfa0476f8207e12e204b1c69f7c7683b17633c;PKHeX@8ad201e80244f630ab5a46922ab72fb79c5ad4f4,,,,reference_order_only
778,Mimikyu,ミミッキュ,따라큐,Mimikyu,Disguised,0,showdown_formeOrder,7,base_form,no,no,Ghost,Fairy,55,90,80,96,50,105,Disguise,,,,,,,,PokemonShowdown@2ddfa0476f8207e12e204b1c69f7c7683b17633c;PKHeX@8ad201e80244f630ab5a46922ab72fb79c5ad4f4,,,,reference_order_only
778,Mimikyu,ミミッキュ,따라큐,Mimikyu-Busted,Busted,1,showdown_formeOrder,7,battle_only_form,yes,no,Ghost,Fairy,55,90,80,96,50,105,Disguise,,,Disguise,,,Mimikyu,,PokemonShowdown@2ddfa0476f8207e12e204b1c69f7c7683b17633c;PKHeX@8ad201e80244f630ab5a46922ab72fb79c5ad4f4,,,,reference_order_only
778,Mimikyu,ミミッキュ,따라큐,Mimikyu-Totem,Totem,2,showdown_formeOrder,7,hidden_internal_form,no,no,Ghost,Fairy,55,90,80,96,50,105,Disguise,,,,,,,,PokemonShowdown@2ddfa0476f8207e12e204b1c69f7c7683b17633c;PKHeX@8ad201e80244f630ab5a46922ab72fb79c5ad4f4,,,,reference_order_only
778,Mimikyu,ミミッキュ,따라큐,Mimikyu-Busted-Totem,Busted-Totem,3,showdown_formeOrder,7,hidden_internal_form,yes,no,Ghost,Fairy,55,90,80,96,50,105,Disguise,,,Disguise,,,Mimikyu-Totem,,PokemonShowdown@2ddfa0476f8207e12e204b1c69f7c7683b17633c;PKHeX@8ad201e80244f630ab5a46922ab72fb79c5ad4f4,,,,reference_order_only
780,Drampa,ジジーロン,할비롱,Drampa,Base,0,showdown_formeOrder,7,base_form,no,no,Normal,Dragon,78,60,85,36,135,91,Berserk|Sap Sipper|Cloud Nine,,,,,,,,PokemonShowdown@2ddfa0476f8207e12e204b1c69f7c7683b17633c;PKHeX@8ad201e80244f630ab5a46922ab72fb79c5ad4f4,,,,reference_order_only
780,Drampa,ジジーロン,할비롱,Drampa-Mega,Mega,1,showdown_formeOrder,9,battle_transformation,no,no,Normal,Dragon,78,85,110,36,160,116,Berserk,Drampanite,,,,,,,PokemonShowdown@2ddfa0476f8207e12e204b1c69f7c7683b17633c;PKHeX@8ad201e80244f630ab5a46922ab72fb79c5ad4f4,,,,reference_order_only
784,Kommo-o,ジャラランガ,짜랑고우거,Kommo-o,Base,0,showdown_formeOrder,7,base_form,no,no,Dragon,Fighting,75,110,125,85,100,105,Bulletproof|Soundproof|Overcoat,,,,,,,,PokemonShowdown@2ddfa0476f8207e12e204b1c69f7c7683b17633c;PKHeX@8ad201e80244f630ab5a46922ab72fb79c5ad4f4,,,,reference_order_only
784,Kommo-o,ジャラランガ,짜랑고우거,Kommo-o-Totem,Totem,1,showdown_formeOrder,7,hidden_internal_form,no,no,Dragon,Fighting,75,110,125,85,100,105,Overcoat,,,,,,,,PokemonShowdown@2ddfa0476f8207e12e204b1c69f7c7683b17633c;PKHeX@8ad201e80244f630ab5a46922ab72fb79c5ad4f4,,,,reference_order_only
800,Necrozma,ネクロズマ,네크로즈마,Necrozma,Base,0,showdown_formeOrder,7,base_form,no,no,Psychic,,97,107,101,79,127,89,Prism Armor,,,,,,,,PokemonShowdown@2ddfa0476f8207e12e204b1c69f7c7683b17633c;PKHeX@8ad201e80244f630ab5a46922ab72fb79c5ad4f4,,,,reference_order_only
800,Necrozma,ネクロズマ,네크로즈마,Necrozma-Dusk-Mane,Dusk-Mane,1,showdown_formeOrder,7,persistent_identity,no,no,Psychic,Steel,97,157,127,77,113,109,Prism Armor,,,,,Necrozma,,,PokemonShowdown@2ddfa0476f8207e12e204b1c69f7c7683b17633c;PKHeX@8ad201e80244f630ab5a46922ab72fb79c5ad4f4,,,,reference_order_only
800,Necrozma,ネクロズマ,네크로즈마,Necrozma-Dawn-Wings,Dawn-Wings,2,showdown_formeOrder,7,persistent_identity,no,no,Psychic,Ghost,97,113,109,77,157,127,Prism Armor,,,,,Necrozma,,,PokemonShowdown@2ddfa0476f8207e12e204b1c69f7c7683b17633c;PKHeX@8ad201e80244f630ab5a46922ab72fb79c5ad4f4,,,,reference_order_only
800,Necrozma,ネクロズマ,네크로즈마,Necrozma-Ultra,Ultra,3,showdown_formeOrder,7,held_item_derived,no,no,Psychic,Dragon,97,167,97,129,167,97,Neuroforce,Ultranecrozium Z,,,,,,,PokemonShowdown@2ddfa0476f8207e12e204b1c69f7c7683b17633c;PKHeX@8ad201e80244f630ab5a46922ab72fb79c5ad4f4,,,,reference_order_only
801,Magearna,マギアナ,마기아나,Magearna,Base,0,showdown_formeOrder,7,base_form,no,no,Steel,Fairy,80,95,115,65,130,115,Soul-Heart,,,,,,,,PokemonShowdown@2ddfa0476f8207e12e204b1c69f7c7683b17633c;PKHeX@8ad201e80244f630ab5a46922ab72fb79c5ad4f4,,,,reference_order_only
801,Magearna,マギアナ,마기아나,Magearna-Original,Original,1,showdown_formeOrder,7,persistent_identity,no,no,Steel,Fairy,80,95,115,65,130,115,Soul-Heart,,,,,,,,PokemonShowdown@2ddfa0476f8207e12e204b1c69f7c7683b17633c;PKHeX@8ad201e80244f630ab5a46922ab72fb79c5ad4f4,,,,reference_order_only
801,Magearna,マギアナ,마기아나,Magearna-Mega,Mega,2,showdown_formeOrder,9,battle_transformation,no,no,Steel,Fairy,80,125,115,95,170,115,Soul-Heart,Magearnite,,,,,,,PokemonShowdown@2ddfa0476f8207e12e204b1c69f7c7683b17633c;PKHeX@8ad201e80244f630ab5a46922ab72fb79c5ad4f4,,,,reference_order_only
801,Magearna,マギアナ,마기아나,Magearna-Original-Mega,Original-Mega,3,showdown_formeOrder,9,battle_transformation,yes,no,Steel,Fairy,80,125,115,95,170,115,Soul-Heart,Magearnite,,,,,Magearna-Original,,PokemonShowdown@2ddfa0476f8207e12e204b1c69f7c7683b17633c;PKHeX@8ad201e80244f630ab5a46922ab72fb79c5ad4f4,,,,reference_order_only
807,Zeraora,ゼラオラ,제라오라,Zeraora,Base,0,showdown_formeOrder,7,base_form,no,no,Electric,,88,112,75,143,102,80,Volt Absorb,,,,,,,,PokemonShowdown@2ddfa0476f8207e12e204b1c69f7c7683b17633c;PKHeX@8ad201e80244f630ab5a46922ab72fb79c5ad4f4,,,,reference_order_only
807,Zeraora,ゼラオラ,제라오라,Zeraora-Mega,Mega,1,showdown_formeOrder,9,battle_transformation,no,no,Electric,,88,157,75,153,147,80,Volt Absorb,Zeraorite,,,,,,,PokemonShowdown@2ddfa0476f8207e12e204b1c69f7c7683b17633c;PKHeX@8ad201e80244f630ab5a46922ab72fb79c5ad4f4,,,,reference_order_only
809,Melmetal,メルメタル,멜메탈,Melmetal,Base,0,base_default,7,base_form,no,no,Steel,,135,143,143,34,80,65,Iron Fist,,,,,,,,PokemonShowdown@2ddfa0476f8207e12e204b1c69f7c7683b17633c;PKHeX@8ad201e80244f630ab5a46922ab72fb79c5ad4f4,,,,base_identity
809,Melmetal,メルメタル,멜메탈,Melmetal-Gmax,Gmax,,not_persistent_form_id_gigantamax,8,battle_transformation,no,no,Steel,,135,143,143,34,80,65,Iron Fist,,,,,Melmetal,,,PokemonShowdown@2ddfa0476f8207e12e204b1c69f7c7683b17633c;PKHeX@8ad201e80244f630ab5a46922ab72fb79c5ad4f4,,,,semantic_verified_not_persistent
812,Rillaboom,ゴリランダー,고릴타,Rillaboom,Base,0,base_default,8,base_form,no,no,Grass,,100,125,90,85,60,70,Overgrow|Grassy Surge,,,,,,,,PokemonShowdown@2ddfa0476f8207e12e204b1c69f7c7683b17633c;PKHeX@8ad201e80244f630ab5a46922ab72fb79c5ad4f4,,,,base_identity
812,Rillaboom,ゴリランダー,고릴타,Rillaboom-Gmax,Gmax,,not_persistent_form_id_gigantamax,8,battle_transformation,no,no,Grass,,100,125,90,85,60,70,Overgrow|Grassy Surge,,,,,Rillaboom,,,PokemonShowdown@2ddfa0476f8207e12e204b1c69f7c7683b17633c;PKHeX@8ad201e80244f630ab5a46922ab72fb79c5ad4f4,,,,semantic_verified_not_persistent
815,Cinderace,エースバーン,에이스번,Cinderace,Base,0,base_default,8,base_form,no,no,Fire,,80,116,75,119,65,75,Blaze|Libero,,,,,,,,PokemonShowdown@2ddfa0476f8207e12e204b1c69f7c7683b17633c;PKHeX@8ad201e80244f630ab5a46922ab72fb79c5ad4f4,,,,base_identity
815,Cinderace,エースバーン,에이스번,Cinderace-Gmax,Gmax,,not_persistent_form_id_gigantamax,8,battle_transformation,no,no,Fire,,80,116,75,119,65,75,Blaze|Libero,,,,,Cinderace,,,PokemonShowdown@2ddfa0476f8207e12e204b1c69f7c7683b17633c;PKHeX@8ad201e80244f630ab5a46922ab72fb79c5ad4f4,,,,semantic_verified_not_persistent
818,Inteleon,インテレオン,인텔리레온,Inteleon,Base,0,base_default,8,base_form,no,no,Water,,70,85,65,120,125,65,Torrent|Sniper,,,,,,,,PokemonShowdown@2ddfa0476f8207e12e204b1c69f7c7683b17633c;PKHeX@8ad201e80244f630ab5a46922ab72fb79c5ad4f4,,,,base_identity
818,Inteleon,インテレオン,인텔리레온,Inteleon-Gmax,Gmax,,not_persistent_form_id_gigantamax,8,battle_transformation,no,no,Water,,70,85,65,120,125,65,Torrent|Sniper,,,,,Inteleon,,,PokemonShowdown@2ddfa0476f8207e12e204b1c69f7c7683b17633c;PKHeX@8ad201e80244f630ab5a46922ab72fb79c5ad4f4,,,,semantic_verified_not_persistent
823,Corviknight,アーマーガア,아머까오,Corviknight,Base,0,base_default,8,base_form,no,no,Flying,Steel,98,87,105,67,53,85,Pressure|Unnerve|Mirror Armor,,,,,,,,PokemonShowdown@2ddfa0476f8207e12e204b1c69f7c7683b17633c;PKHeX@8ad201e80244f630ab5a46922ab72fb79c5ad4f4,,,,base_identity
823,Corviknight,アーマーガア,아머까오,Corviknight-Gmax,Gmax,,not_persistent_form_id_gigantamax,8,battle_transformation,no,no,Flying,Steel,98,87,105,67,53,85,Pressure|Unnerve|Mirror Armor,,,,,Corviknight,,,PokemonShowdown@2ddfa0476f8207e12e204b1c69f7c7683b17633c;PKHeX@8ad201e80244f630ab5a46922ab72fb79c5ad4f4,,,,semantic_verified_not_persistent
826,Orbeetle,イオルブ,이올브,Orbeetle,Base,0,base_default,8,base_form,no,no,Bug,Psychic,60,45,110,90,80,120,Swarm|Frisk|Telepathy,,,,,,,,PokemonShowdown@2ddfa0476f8207e12e204b1c69f7c7683b17633c;PKHeX@8ad201e80244f630ab5a46922ab72fb79c5ad4f4,,,,base_identity
826,Orbeetle,イオルブ,이올브,Orbeetle-Gmax,Gmax,,not_persistent_form_id_gigantamax,8,battle_transformation,no,no,Bug,Psychic,60,45,110,90,80,120,Swarm|Frisk|Telepathy,,,,,Orbeetle,,,PokemonShowdown@2ddfa0476f8207e12e204b1c69f7c7683b17633c;PKHeX@8ad201e80244f630ab5a46922ab72fb79c5ad4f4,,,,semantic_verified_not_persistent
834,Drednaw,カジリガメ,갈가부기,Drednaw,Base,0,base_default,8,base_form,no,no,Water,Rock,90,115,90,74,48,68,Strong Jaw|Shell Armor|Swift Swim,,,,,,,,PokemonShowdown@2ddfa0476f8207e12e204b1c69f7c7683b17633c;PKHeX@8ad201e80244f630ab5a46922ab72fb79c5ad4f4,,,,base_identity
834,Drednaw,カジリガメ,갈가부기,Drednaw-Gmax,Gmax,,not_persistent_form_id_gigantamax,8,battle_transformation,no,no,Water,Rock,90,115,90,74,48,68,Strong Jaw|Shell Armor|Swift Swim,,,,,Drednaw,,,PokemonShowdown@2ddfa0476f8207e12e204b1c69f7c7683b17633c;PKHeX@8ad201e80244f630ab5a46922ab72fb79c5ad4f4,,,,semantic_verified_not_persistent
839,Coalossal,セキタンザン,석탄산,Coalossal,Base,0,base_default,8,base_form,no,no,Rock,Fire,110,80,120,30,80,90,Steam Engine|Flame Body|Flash Fire,,,,,,,,PokemonShowdown@2ddfa0476f8207e12e204b1c69f7c7683b17633c;PKHeX@8ad201e80244f630ab5a46922ab72fb79c5ad4f4,,,,base_identity
839,Coalossal,セキタンザン,석탄산,Coalossal-Gmax,Gmax,,not_persistent_form_id_gigantamax,8,battle_transformation,no,no,Rock,Fire,110,80,120,30,80,90,Steam Engine|Flame Body|Flash Fire,,,,,Coalossal,,,PokemonShowdown@2ddfa0476f8207e12e204b1c69f7c7683b17633c;PKHeX@8ad201e80244f630ab5a46922ab72fb79c5ad4f4,,,,semantic_verified_not_persistent
841,Flapple,アップリュー,애프룡,Flapple,Base,0,base_default,8,base_form,no,no,Grass,Dragon,70,110,80,70,95,60,Ripen|Gluttony|Hustle,,,,,,,,PokemonShowdown@2ddfa0476f8207e12e204b1c69f7c7683b17633c;PKHeX@8ad201e80244f630ab5a46922ab72fb79c5ad4f4,,,,base_identity
841,Flapple,アップリュー,애프룡,Flapple-Gmax,Gmax,,not_persistent_form_id_gigantamax,8,battle_transformation,no,no,Grass,Dragon,70,110,80,70,95,60,Ripen|Gluttony|Hustle,,,,,Flapple,,,PokemonShowdown@2ddfa0476f8207e12e204b1c69f7c7683b17633c;PKHeX@8ad201e80244f630ab5a46922ab72fb79c5ad4f4,,,,semantic_verified_not_persistent
842,Appletun,タルップル,단지래플,Appletun,Base,0,base_default,8,base_form,no,no,Grass,Dragon,110,85,80,30,100,80,Ripen|Gluttony|Thick Fat,,,,,,,,PokemonShowdown@2ddfa0476f8207e12e204b1c69f7c7683b17633c;PKHeX@8ad201e80244f630ab5a46922ab72fb79c5ad4f4,,,,base_identity
842,Appletun,タルップル,단지래플,Appletun-Gmax,Gmax,,not_persistent_form_id_gigantamax,8,battle_transformation,no,no,Grass,Dragon,110,85,80,30,100,80,Ripen|Gluttony|Thick Fat,,,,,Appletun,,,PokemonShowdown@2ddfa0476f8207e12e204b1c69f7c7683b17633c;PKHeX@8ad201e80244f630ab5a46922ab72fb79c5ad4f4,,,,semantic_verified_not_persistent
844,Sandaconda,サダイジャ,사다이사,Sandaconda,Base,0,base_default,8,base_form,no,no,Ground,,72,107,125,71,65,70,Sand Spit|Shed Skin|Sand Veil,,,,,,,,PokemonShowdown@2ddfa0476f8207e12e204b1c69f7c7683b17633c;PKHeX@8ad201e80244f630ab5a46922ab72fb79c5ad4f4,,,,base_identity
844,Sandaconda,サダイジャ,사다이사,Sandaconda-Gmax,Gmax,,not_persistent_form_id_gigantamax,8,battle_transformation,no,no,Ground,,72,107,125,71,65,70,Sand Spit|Shed Skin|Sand Veil,,,,,Sandaconda,,,PokemonShowdown@2ddfa0476f8207e12e204b1c69f7c7683b17633c;PKHeX@8ad201e80244f630ab5a46922ab72fb79c5ad4f4,,,,semantic_verified_not_persistent
845,Cramorant,ウッウ,윽우지,Cramorant,Base,0,showdown_formeOrder,8,base_form,no,no,Flying,Water,70,85,55,85,85,95,Gulp Missile,,,,,,,,PokemonShowdown@2ddfa0476f8207e12e204b1c69f7c7683b17633c;PKHeX@8ad201e80244f630ab5a46922ab72fb79c5ad4f4,,,,reference_order_only
845,Cramorant,ウッウ,윽우지,Cramorant-Gulping,Gulping,1,showdown_formeOrder,8,battle_only_form,yes,no,Flying,Water,70,85,55,85,85,95,Gulp Missile,,,Gulp Missile,,,Cramorant,,PokemonShowdown@2ddfa0476f8207e12e204b1c69f7c7683b17633c;PKHeX@8ad201e80244f630ab5a46922ab72fb79c5ad4f4,,,,reference_order_only
845,Cramorant,ウッウ,윽우지,Cramorant-Gorging,Gorging,2,showdown_formeOrder,8,battle_only_form,yes,no,Flying,Water,70,85,55,85,85,95,Gulp Missile,,,Gulp Missile,,,Cramorant,,PokemonShowdown@2ddfa0476f8207e12e204b1c69f7c7683b17633c;PKHeX@8ad201e80244f630ab5a46922ab72fb79c5ad4f4,,,,reference_order_only
849,Toxtricity,ストリンダー,스트린더,Toxtricity,Amped,0,showdown_formeOrder,8,base_form,no,no,Electric,Poison,75,98,70,75,114,70,Punk Rock|Plus|Technician,,,,,,,,PokemonShowdown@2ddfa0476f8207e12e204b1c69f7c7683b17633c;PKHeX@8ad201e80244f630ab5a46922ab72fb79c5ad4f4,,,,reference_order_only
849,Toxtricity,ストリンダー,스트린더,Toxtricity-Gmax,Gmax,,not_persistent_form_id_gigantamax,8,battle_transformation,no,no,Electric,Poison,75,98,70,75,114,70,Punk Rock|Plus|Technician,,,,,Toxtricity,,,PokemonShowdown@2ddfa0476f8207e12e204b1c69f7c7683b17633c;PKHeX@8ad201e80244f630ab5a46922ab72fb79c5ad4f4,,,,semantic_verified_not_persistent
849,Toxtricity,ストリンダー,스트린더,Toxtricity-Low-Key-Gmax,Low-Key-Gmax,,not_persistent_form_id_gigantamax,8,battle_transformation,yes,no,Electric,Poison,75,98,70,75,114,70,Punk Rock|Minus|Technician,,,,,Toxtricity-Low-Key,Toxtricity-Low-Key,,PokemonShowdown@2ddfa0476f8207e12e204b1c69f7c7683b17633c;PKHeX@8ad201e80244f630ab5a46922ab72fb79c5ad4f4,,,,semantic_verified_not_persistent
849,Toxtricity,ストリンダー,스트린더,Toxtricity-Low-Key,Low-Key,1,showdown_formeOrder,8,persistent_identity,no,no,Electric,Poison,75,98,70,75,114,70,Punk Rock|Minus|Technician,,,,,,,,PokemonShowdown@2ddfa0476f8207e12e204b1c69f7c7683b17633c;PKHeX@8ad201e80244f630ab5a46922ab72fb79c5ad4f4,,,,reference_order_only
851,Centiskorch,マルヤクデ,다태우지네,Centiskorch,Base,0,base_default,8,base_form,no,no,Fire,Bug,100,115,65,65,90,90,Flash Fire|White Smoke|Flame Body,,,,,,,,PokemonShowdown@2ddfa0476f8207e12e204b1c69f7c7683b17633c;PKHeX@8ad201e80244f630ab5a46922ab72fb79c5ad4f4,,,,base_identity
851,Centiskorch,マルヤクデ,다태우지네,Centiskorch-Gmax,Gmax,,not_persistent_form_id_gigantamax,8,battle_transformation,no,no,Fire,Bug,100,115,65,65,90,90,Flash Fire|White Smoke|Flame Body,,,,,Centiskorch,,,PokemonShowdown@2ddfa0476f8207e12e204b1c69f7c7683b17633c;PKHeX@8ad201e80244f630ab5a46922ab72fb79c5ad4f4,,,,semantic_verified_not_persistent
854,Sinistea,ヤバチャ,데인차,Sinistea,Phony,0,showdown_formeOrder,8,base_form,no,no,Ghost,,40,45,45,50,74,54,Weak Armor|Cursed Body,,,,,,,,PokemonShowdown@2ddfa0476f8207e12e204b1c69f7c7683b17633c;PKHeX@8ad201e80244f630ab5a46922ab72fb79c5ad4f4,,,,reference_order_only
854,Sinistea,ヤバチャ,데인차,Sinistea-Antique,Antique,1,showdown_formeOrder,8,persistent_identity,no,no,Ghost,,40,45,45,50,74,54,Weak Armor|Cursed Body,,,,,,,,PokemonShowdown@2ddfa0476f8207e12e204b1c69f7c7683b17633c;PKHeX@8ad201e80244f630ab5a46922ab72fb79c5ad4f4,,,,reference_order_only
855,Polteageist,ポットデス,포트데스,Polteageist,Phony,0,showdown_formeOrder,8,base_form,no,no,Ghost,,60,65,65,70,134,114,Weak Armor|Cursed Body,,,,,,,,PokemonShowdown@2ddfa0476f8207e12e204b1c69f7c7683b17633c;PKHeX@8ad201e80244f630ab5a46922ab72fb79c5ad4f4,,,,reference_order_only
855,Polteageist,ポットデス,포트데스,Polteageist-Antique,Antique,1,showdown_formeOrder,8,persistent_identity,no,no,Ghost,,60,65,65,70,134,114,Weak Armor|Cursed Body,,,,,,,,PokemonShowdown@2ddfa0476f8207e12e204b1c69f7c7683b17633c;PKHeX@8ad201e80244f630ab5a46922ab72fb79c5ad4f4,,,,reference_order_only
858,Hatterene,ブリムオン,브리무음,Hatterene,Base,0,base_default,8,base_form,no,no,Psychic,Fairy,57,90,95,29,136,103,Healer|Anticipation|Magic Bounce,,,,,,,,PokemonShowdown@2ddfa0476f8207e12e204b1c69f7c7683b17633c;PKHeX@8ad201e80244f630ab5a46922ab72fb79c5ad4f4,,,,base_identity
858,Hatterene,ブリムオン,브리무음,Hatterene-Gmax,Gmax,,not_persistent_form_id_gigantamax,8,battle_transformation,no,no,Psychic,Fairy,57,90,95,29,136,103,Healer|Anticipation|Magic Bounce,,,,,Hatterene,,,PokemonShowdown@2ddfa0476f8207e12e204b1c69f7c7683b17633c;PKHeX@8ad201e80244f630ab5a46922ab72fb79c5ad4f4,,,,semantic_verified_not_persistent
861,Grimmsnarl,オーロンゲ,오롱털,Grimmsnarl,Base,0,base_default,8,base_form,no,no,Dark,Fairy,95,120,65,60,95,75,Prankster|Frisk|Pickpocket,,,,,,,,PokemonShowdown@2ddfa0476f8207e12e204b1c69f7c7683b17633c;PKHeX@8ad201e80244f630ab5a46922ab72fb79c5ad4f4,,,,base_identity
861,Grimmsnarl,オーロンゲ,오롱털,Grimmsnarl-Gmax,Gmax,,not_persistent_form_id_gigantamax,8,battle_transformation,no,no,Dark,Fairy,95,120,65,60,95,75,Prankster|Frisk|Pickpocket,,,,,Grimmsnarl,,,PokemonShowdown@2ddfa0476f8207e12e204b1c69f7c7683b17633c;PKHeX@8ad201e80244f630ab5a46922ab72fb79c5ad4f4,,,,semantic_verified_not_persistent
869,Alcremie,マホイップ,마휘핑,Alcremie,Vanilla-Cream,0,showdown_formeOrder,8,base_form,no,no,Fairy,,65,60,75,64,110,121,Sweet Veil|Aroma Veil,,,,,,,,PokemonShowdown@2ddfa0476f8207e12e204b1c69f7c7683b17633c;PKHeX@8ad201e80244f630ab5a46922ab72fb79c5ad4f4,,,,reference_order_only
869,Alcremie,マホイップ,마휘핑,Alcremie-Gmax,Gmax,,not_persistent_form_id_gigantamax,8,battle_transformation,no,no,Fairy,,65,60,75,64,110,121,Sweet Veil|Aroma Veil,,,,,Alcremie,,,PokemonShowdown@2ddfa0476f8207e12e204b1c69f7c7683b17633c;PKHeX@8ad201e80244f630ab5a46922ab72fb79c5ad4f4,,,,semantic_verified_not_persistent
869,Alcremie,マホイップ,마휘핑,Alcremie-Vanilla-Cream-Berry-Sweet,Vanilla-Cream + Berry Sweet,0,PKHeX_FormConverter_exact,8,multi_parameter_identity,no,no,Fairy,,65,60,75,64,110,121,Sweet Veil|Aroma Veil,,,,,,,,PokemonShowdown@2ddfa0476f8207e12e204b1c69f7c7683b17633c;PKHeX@8ad201e80244f630ab5a46922ab72fb79c5ad4f4,Distinct Alcremie appearance combination: numeric Form selects cream; FormArgument selects Sweet decoration.,1,PKHeX_AlcremieDecoration,reference_verified
869,Alcremie,マホイップ,마휘핑,Alcremie-Vanilla-Cream-Clover-Sweet,Vanilla-Cream + Clover Sweet,0,PKHeX_FormConverter_exact,8,multi_parameter_identity,no,no,Fairy,,65,60,75,64,110,121,Sweet Veil|Aroma Veil,,,,,,,,PokemonShowdown@2ddfa0476f8207e12e204b1c69f7c7683b17633c;PKHeX@8ad201e80244f630ab5a46922ab72fb79c5ad4f4,Distinct Alcremie appearance combination: numeric Form selects cream; FormArgument selects Sweet decoration.,4,PKHeX_AlcremieDecoration,reference_verified
869,Alcremie,マホイップ,마휘핑,Alcremie-Vanilla-Cream-Flower-Sweet,Vanilla-Cream + Flower Sweet,0,PKHeX_FormConverter_exact,8,multi_parameter_identity,no,no,Fairy,,65,60,75,64,110,121,Sweet Veil|Aroma Veil,,,,,,,,PokemonShowdown@2ddfa0476f8207e12e204b1c69f7c7683b17633c;PKHeX@8ad201e80244f630ab5a46922ab72fb79c5ad4f4,Distinct Alcremie appearance combination: numeric Form selects cream; FormArgument selects Sweet decoration.,5,PKHeX_AlcremieDecoration,reference_verified
869,Alcremie,マホイップ,마휘핑,Alcremie-Vanilla-Cream-Love-Sweet,Vanilla-Cream + Love Sweet,0,PKHeX_FormConverter_exact,8,multi_parameter_identity,no,no,Fairy,,65,60,75,64,110,121,Sweet Veil|Aroma Veil,,,,,,,,PokemonShowdown@2ddfa0476f8207e12e204b1c69f7c7683b17633c;PKHeX@8ad201e80244f630ab5a46922ab72fb79c5ad4f4,Distinct Alcremie appearance combination: numeric Form selects cream; FormArgument selects Sweet decoration.,2,PKHeX_AlcremieDecoration,reference_verified
869,Alcremie,マホイップ,마휘핑,Alcremie-Vanilla-Cream-Ribbon-Sweet,Vanilla-Cream + Ribbon Sweet,0,PKHeX_FormConverter_exact,8,multi_parameter_identity,no,no,Fairy,,65,60,75,64,110,121,Sweet Veil|Aroma Veil,,,,,,,,PokemonShowdown@2ddfa0476f8207e12e204b1c69f7c7683b17633c;PKHeX@8ad201e80244f630ab5a46922ab72fb79c5ad4f4,Distinct Alcremie appearance combination: numeric Form selects cream; FormArgument selects Sweet decoration.,6,PKHeX_AlcremieDecoration,reference_verified
869,Alcremie,マホイップ,마휘핑,Alcremie-Vanilla-Cream-Star-Sweet,Vanilla-Cream + Star Sweet,0,PKHeX_FormConverter_exact,8,multi_parameter_identity,no,no,Fairy,,65,60,75,64,110,121,Sweet Veil|Aroma Veil,,,,,,,,PokemonShowdown@2ddfa0476f8207e12e204b1c69f7c7683b17633c;PKHeX@8ad201e80244f630ab5a46922ab72fb79c5ad4f4,Distinct Alcremie appearance combination: numeric Form selects cream; FormArgument selects Sweet decoration.,3,PKHeX_AlcremieDecoration,reference_verified
869,Alcremie,マホイップ,마휘핑,Alcremie-Vanilla-Cream-Strawberry-Sweet,Vanilla-Cream + Strawberry Sweet,0,PKHeX_FormConverter_exact,8,multi_parameter_identity,no,no,Fairy,,65,60,75,64,110,121,Sweet Veil|Aroma Veil,,,,,,,,PokemonShowdown@2ddfa0476f8207e12e204b1c69f7c7683b17633c;PKHeX@8ad201e80244f630ab5a46922ab72fb79c5ad4f4,Distinct Alcremie appearance combination: numeric Form selects cream; FormArgument selects Sweet decoration.,0,PKHeX_AlcremieDecoration,reference_verified
869,Alcremie,マホイップ,마휘핑,Alcremie-Ruby-Cream,Ruby-Cream,1,showdown_formeOrder,8,cosmetic_identity,no,yes,Fairy,,65,60,75,64,110,121,Sweet Veil|Aroma Veil,,,,,,,,PokemonShowdown@2ddfa0476f8207e12e204b1c69f7c7683b17633c;PKHeX@8ad201e80244f630ab5a46922ab72fb79c5ad4f4,,,,reference_order_only
869,Alcremie,マホイップ,마휘핑,Alcremie-Ruby-Cream-Berry-Sweet,Ruby-Cream + Berry Sweet,1,PKHeX_FormConverter_exact,8,multi_parameter_identity,no,no,Fairy,,65,60,75,64,110,121,Sweet Veil|Aroma Veil,,,,,,,,PokemonShowdown@2ddfa0476f8207e12e204b1c69f7c7683b17633c;PKHeX@8ad201e80244f630ab5a46922ab72fb79c5ad4f4,Distinct Alcremie appearance combination: numeric Form selects cream; FormArgument selects Sweet decoration.,1,PKHeX_AlcremieDecoration,reference_verified
869,Alcremie,マホイップ,마휘핑,Alcremie-Ruby-Cream-Clover-Sweet,Ruby-Cream + Clover Sweet,1,PKHeX_FormConverter_exact,8,multi_parameter_identity,no,no,Fairy,,65,60,75,64,110,121,Sweet Veil|Aroma Veil,,,,,,,,PokemonShowdown@2ddfa0476f8207e12e204b1c69f7c7683b17633c;PKHeX@8ad201e80244f630ab5a46922ab72fb79c5ad4f4,Distinct Alcremie appearance combination: numeric Form selects cream; FormArgument selects Sweet decoration.,4,PKHeX_AlcremieDecoration,reference_verified
869,Alcremie,マホイップ,마휘핑,Alcremie-Ruby-Cream-Flower-Sweet,Ruby-Cream + Flower Sweet,1,PKHeX_FormConverter_exact,8,multi_parameter_identity,no,no,Fairy,,65,60,75,64,110,121,Sweet Veil|Aroma Veil,,,,,,,,PokemonShowdown@2ddfa0476f8207e12e204b1c69f7c7683b17633c;PKHeX@8ad201e80244f630ab5a46922ab72fb79c5ad4f4,Distinct Alcremie appearance combination: numeric Form selects cream; FormArgument selects Sweet decoration.,5,PKHeX_AlcremieDecoration,reference_verified
869,Alcremie,マホイップ,마휘핑,Alcremie-Ruby-Cream-Love-Sweet,Ruby-Cream + Love Sweet,1,PKHeX_FormConverter_exact,8,multi_parameter_identity,no,no,Fairy,,65,60,75,64,110,121,Sweet Veil|Aroma Veil,,,,,,,,PokemonShowdown@2ddfa0476f8207e12e204b1c69f7c7683b17633c;PKHeX@8ad201e80244f630ab5a46922ab72fb79c5ad4f4,Distinct Alcremie appearance combination: numeric Form selects cream; FormArgument selects Sweet decoration.,2,PKHeX_AlcremieDecoration,reference_verified
869,Alcremie,マホイップ,마휘핑,Alcremie-Ruby-Cream-Ribbon-Sweet,Ruby-Cream + Ribbon Sweet,1,PKHeX_FormConverter_exact,8,multi_parameter_identity,no,no,Fairy,,65,60,75,64,110,121,Sweet Veil|Aroma Veil,,,,,,,,PokemonShowdown@2ddfa0476f8207e12e204b1c69f7c7683b17633c;PKHeX@8ad201e80244f630ab5a46922ab72fb79c5ad4f4,Distinct Alcremie appearance combination: numeric Form selects cream; FormArgument selects Sweet decoration.,6,PKHeX_AlcremieDecoration,reference_verified
869,Alcremie,マホイップ,마휘핑,Alcremie-Ruby-Cream-Star-Sweet,Ruby-Cream + Star Sweet,1,PKHeX_FormConverter_exact,8,multi_parameter_identity,no,no,Fairy,,65,60,75,64,110,121,Sweet Veil|Aroma Veil,,,,,,,,PokemonShowdown@2ddfa0476f8207e12e204b1c69f7c7683b17633c;PKHeX@8ad201e80244f630ab5a46922ab72fb79c5ad4f4,Distinct Alcremie appearance combination: numeric Form selects cream; FormArgument selects Sweet decoration.,3,PKHeX_AlcremieDecoration,reference_verified
869,Alcremie,マホイップ,마휘핑,Alcremie-Ruby-Cream-Strawberry-Sweet,Ruby-Cream + Strawberry Sweet,1,PKHeX_FormConverter_exact,8,multi_parameter_identity,no,no,Fairy,,65,60,75,64,110,121,Sweet Veil|Aroma Veil,,,,,,,,PokemonShowdown@2ddfa0476f8207e12e204b1c69f7c7683b17633c;PKHeX@8ad201e80244f630ab5a46922ab72fb79c5ad4f4,Distinct Alcremie appearance combination: numeric Form selects cream; FormArgument selects Sweet decoration.,0,PKHeX_AlcremieDecoration,reference_verified
869,Alcremie,マホイップ,마휘핑,Alcremie-Matcha-Cream,Matcha-Cream,2,showdown_formeOrder,8,cosmetic_identity,no,yes,Fairy,,65,60,75,64,110,121,Sweet Veil|Aroma Veil,,,,,,,,PokemonShowdown@2ddfa0476f8207e12e204b1c69f7c7683b17633c;PKHeX@8ad201e80244f630ab5a46922ab72fb79c5ad4f4,,,,reference_order_only
869,Alcremie,マホイップ,마휘핑,Alcremie-Matcha-Cream-Berry-Sweet,Matcha-Cream + Berry Sweet,2,PKHeX_FormConverter_exact,8,multi_parameter_identity,no,no,Fairy,,65,60,75,64,110,121,Sweet Veil|Aroma Veil,,,,,,,,PokemonShowdown@2ddfa0476f8207e12e204b1c69f7c7683b17633c;PKHeX@8ad201e80244f630ab5a46922ab72fb79c5ad4f4,Distinct Alcremie appearance combination: numeric Form selects cream; FormArgument selects Sweet decoration.,1,PKHeX_AlcremieDecoration,reference_verified
869,Alcremie,マホイップ,마휘핑,Alcremie-Matcha-Cream-Clover-Sweet,Matcha-Cream + Clover Sweet,2,PKHeX_FormConverter_exact,8,multi_parameter_identity,no,no,Fairy,,65,60,75,64,110,121,Sweet Veil|Aroma Veil,,,,,,,,PokemonShowdown@2ddfa0476f8207e12e204b1c69f7c7683b17633c;PKHeX@8ad201e80244f630ab5a46922ab72fb79c5ad4f4,Distinct Alcremie appearance combination: numeric Form selects cream; FormArgument selects Sweet decoration.,4,PKHeX_AlcremieDecoration,reference_verified
869,Alcremie,マホイップ,마휘핑,Alcremie-Matcha-Cream-Flower-Sweet,Matcha-Cream + Flower Sweet,2,PKHeX_FormConverter_exact,8,multi_parameter_identity,no,no,Fairy,,65,60,75,64,110,121,Sweet Veil|Aroma Veil,,,,,,,,PokemonShowdown@2ddfa0476f8207e12e204b1c69f7c7683b17633c;PKHeX@8ad201e80244f630ab5a46922ab72fb79c5ad4f4,Distinct Alcremie appearance combination: numeric Form selects cream; FormArgument selects Sweet decoration.,5,PKHeX_AlcremieDecoration,reference_verified
869,Alcremie,マホイップ,마휘핑,Alcremie-Matcha-Cream-Love-Sweet,Matcha-Cream + Love Sweet,2,PKHeX_FormConverter_exact,8,multi_parameter_identity,no,no,Fairy,,65,60,75,64,110,121,Sweet Veil|Aroma Veil,,,,,,,,PokemonShowdown@2ddfa0476f8207e12e204b1c69f7c7683b17633c;PKHeX@8ad201e80244f630ab5a46922ab72fb79c5ad4f4,Distinct Alcremie appearance combination: numeric Form selects cream; FormArgument selects Sweet decoration.,2,PKHeX_AlcremieDecoration,reference_verified
869,Alcremie,マホイップ,마휘핑,Alcremie-Matcha-Cream-Ribbon-Sweet,Matcha-Cream + Ribbon Sweet,2,PKHeX_FormConverter_exact,8,multi_parameter_identity,no,no,Fairy,,65,60,75,64,110,121,Sweet Veil|Aroma Veil,,,,,,,,PokemonShowdown@2ddfa0476f8207e12e204b1c69f7c7683b17633c;PKHeX@8ad201e80244f630ab5a46922ab72fb79c5ad4f4,Distinct Alcremie appearance combination: numeric Form selects cream; FormArgument selects Sweet decoration.,6,PKHeX_AlcremieDecoration,reference_verified
869,Alcremie,マホイップ,마휘핑,Alcremie-Matcha-Cream-Star-Sweet,Matcha-Cream + Star Sweet,2,PKHeX_FormConverter_exact,8,multi_parameter_identity,no,no,Fairy,,65,60,75,64,110,121,Sweet Veil|Aroma Veil,,,,,,,,PokemonShowdown@2ddfa0476f8207e12e204b1c69f7c7683b17633c;PKHeX@8ad201e80244f630ab5a46922ab72fb79c5ad4f4,Distinct Alcremie appearance combination: numeric Form selects cream; FormArgument selects Sweet decoration.,3,PKHeX_AlcremieDecoration,reference_verified
869,Alcremie,マホイップ,마휘핑,Alcremie-Matcha-Cream-Strawberry-Sweet,Matcha-Cream + Strawberry Sweet,2,PKHeX_FormConverter_exact,8,multi_parameter_identity,no,no,Fairy,,65,60,75,64,110,121,Sweet Veil|Aroma Veil,,,,,,,,PokemonShowdown@2ddfa0476f8207e12e204b1c69f7c7683b17633c;PKHeX@8ad201e80244f630ab5a46922ab72fb79c5ad4f4,Distinct Alcremie appearance combination: numeric Form selects cream; FormArgument selects Sweet decoration.,0,PKHeX_AlcremieDecoration,reference_verified
869,Alcremie,マホイップ,마휘핑,Alcremie-Mint-Cream,Mint-Cream,3,showdown_formeOrder,8,cosmetic_identity,no,yes,Fairy,,65,60,75,64,110,121,Sweet Veil|Aroma Veil,,,,,,,,PokemonShowdown@2ddfa0476f8207e12e204b1c69f7c7683b17633c;PKHeX@8ad201e80244f630ab5a46922ab72fb79c5ad4f4,,,,reference_order_only
869,Alcremie,マホイップ,마휘핑,Alcremie-Mint-Cream-Berry-Sweet,Mint-Cream + Berry Sweet,3,PKHeX_FormConverter_exact,8,multi_parameter_identity,no,no,Fairy,,65,60,75,64,110,121,Sweet Veil|Aroma Veil,,,,,,,,PokemonShowdown@2ddfa0476f8207e12e204b1c69f7c7683b17633c;PKHeX@8ad201e80244f630ab5a46922ab72fb79c5ad4f4,Distinct Alcremie appearance combination: numeric Form selects cream; FormArgument selects Sweet decoration.,1,PKHeX_AlcremieDecoration,reference_verified
869,Alcremie,マホイップ,마휘핑,Alcremie-Mint-Cream-Clover-Sweet,Mint-Cream + Clover Sweet,3,PKHeX_FormConverter_exact,8,multi_parameter_identity,no,no,Fairy,,65,60,75,64,110,121,Sweet Veil|Aroma Veil,,,,,,,,PokemonShowdown@2ddfa0476f8207e12e204b1c69f7c7683b17633c;PKHeX@8ad201e80244f630ab5a46922ab72fb79c5ad4f4,Distinct Alcremie appearance combination: numeric Form selects cream; FormArgument selects Sweet decoration.,4,PKHeX_AlcremieDecoration,reference_verified
869,Alcremie,マホイップ,마휘핑,Alcremie-Mint-Cream-Flower-Sweet,Mint-Cream + Flower Sweet,3,PKHeX_FormConverter_exact,8,multi_parameter_identity,no,no,Fairy,,65,60,75,64,110,121,Sweet Veil|Aroma Veil,,,,,,,,PokemonShowdown@2ddfa0476f8207e12e204b1c69f7c7683b17633c;PKHeX@8ad201e80244f630ab5a46922ab72fb79c5ad4f4,Distinct Alcremie appearance combination: numeric Form selects cream; FormArgument selects Sweet decoration.,5,PKHeX_AlcremieDecoration,reference_verified
869,Alcremie,マホイップ,마휘핑,Alcremie-Mint-Cream-Love-Sweet,Mint-Cream + Love Sweet,3,PKHeX_FormConverter_exact,8,multi_parameter_identity,no,no,Fairy,,65,60,75,64,110,121,Sweet Veil|Aroma Veil,,,,,,,,PokemonShowdown@2ddfa0476f8207e12e204b1c69f7c7683b17633c;PKHeX@8ad201e80244f630ab5a46922ab72fb79c5ad4f4,Distinct Alcremie appearance combination: numeric Form selects cream; FormArgument selects Sweet decoration.,2,PKHeX_AlcremieDecoration,reference_verified
869,Alcremie,マホイップ,마휘핑,Alcremie-Mint-Cream-Ribbon-Sweet,Mint-Cream + Ribbon Sweet,3,PKHeX_FormConverter_exact,8,multi_parameter_identity,no,no,Fairy,,65,60,75,64,110,121,Sweet Veil|Aroma Veil,,,,,,,,PokemonShowdown@2ddfa0476f8207e12e204b1c69f7c7683b17633c;PKHeX@8ad201e80244f630ab5a46922ab72fb79c5ad4f4,Distinct Alcremie appearance combination: numeric Form selects cream; FormArgument selects Sweet decoration.,6,PKHeX_AlcremieDecoration,reference_verified
869,Alcremie,マホイップ,마휘핑,Alcremie-Mint-Cream-Star-Sweet,Mint-Cream + Star Sweet,3,PKHeX_FormConverter_exact,8,multi_parameter_identity,no,no,Fairy,,65,60,75,64,110,121,Sweet Veil|Aroma Veil,,,,,,,,PokemonShowdown@2ddfa0476f8207e12e204b1c69f7c7683b17633c;PKHeX@8ad201e80244f630ab5a46922ab72fb79c5ad4f4,Distinct Alcremie appearance combination: numeric Form selects cream; FormArgument selects Sweet decoration.,3,PKHeX_AlcremieDecoration,reference_verified
869,Alcremie,マホイップ,마휘핑,Alcremie-Mint-Cream-Strawberry-Sweet,Mint-Cream + Strawberry Sweet,3,PKHeX_FormConverter_exact,8,multi_parameter_identity,no,no,Fairy,,65,60,75,64,110,121,Sweet Veil|Aroma Veil,,,,,,,,PokemonShowdown@2ddfa0476f8207e12e204b1c69f7c7683b17633c;PKHeX@8ad201e80244f630ab5a46922ab72fb79c5ad4f4,Distinct Alcremie appearance combination: numeric Form selects cream; FormArgument selects Sweet decoration.,0,PKHeX_AlcremieDecoration,reference_verified
869,Alcremie,マホイップ,마휘핑,Alcremie-Lemon-Cream,Lemon-Cream,4,showdown_formeOrder,8,cosmetic_identity,no,yes,Fairy,,65,60,75,64,110,121,Sweet Veil|Aroma Veil,,,,,,,,PokemonShowdown@2ddfa0476f8207e12e204b1c69f7c7683b17633c;PKHeX@8ad201e80244f630ab5a46922ab72fb79c5ad4f4,,,,reference_order_only
869,Alcremie,マホイップ,마휘핑,Alcremie-Lemon-Cream-Berry-Sweet,Lemon-Cream + Berry Sweet,4,PKHeX_FormConverter_exact,8,multi_parameter_identity,no,no,Fairy,,65,60,75,64,110,121,Sweet Veil|Aroma Veil,,,,,,,,PokemonShowdown@2ddfa0476f8207e12e204b1c69f7c7683b17633c;PKHeX@8ad201e80244f630ab5a46922ab72fb79c5ad4f4,Distinct Alcremie appearance combination: numeric Form selects cream; FormArgument selects Sweet decoration.,1,PKHeX_AlcremieDecoration,reference_verified
869,Alcremie,マホイップ,마휘핑,Alcremie-Lemon-Cream-Clover-Sweet,Lemon-Cream + Clover Sweet,4,PKHeX_FormConverter_exact,8,multi_parameter_identity,no,no,Fairy,,65,60,75,64,110,121,Sweet Veil|Aroma Veil,,,,,,,,PokemonShowdown@2ddfa0476f8207e12e204b1c69f7c7683b17633c;PKHeX@8ad201e80244f630ab5a46922ab72fb79c5ad4f4,Distinct Alcremie appearance combination: numeric Form selects cream; FormArgument selects Sweet decoration.,4,PKHeX_AlcremieDecoration,reference_verified
869,Alcremie,マホイップ,마휘핑,Alcremie-Lemon-Cream-Flower-Sweet,Lemon-Cream + Flower Sweet,4,PKHeX_FormConverter_exact,8,multi_parameter_identity,no,no,Fairy,,65,60,75,64,110,121,Sweet Veil|Aroma Veil,,,,,,,,PokemonShowdown@2ddfa0476f8207e12e204b1c69f7c7683b17633c;PKHeX@8ad201e80244f630ab5a46922ab72fb79c5ad4f4,Distinct Alcremie appearance combination: numeric Form selects cream; FormArgument selects Sweet decoration.,5,PKHeX_AlcremieDecoration,reference_verified
869,Alcremie,マホイップ,마휘핑,Alcremie-Lemon-Cream-Love-Sweet,Lemon-Cream + Love Sweet,4,PKHeX_FormConverter_exact,8,multi_parameter_identity,no,no,Fairy,,65,60,75,64,110,121,Sweet Veil|Aroma Veil,,,,,,,,PokemonShowdown@2ddfa0476f8207e12e204b1c69f7c7683b17633c;PKHeX@8ad201e80244f630ab5a46922ab72fb79c5ad4f4,Distinct Alcremie appearance combination: numeric Form selects cream; FormArgument selects Sweet decoration.,2,PKHeX_AlcremieDecoration,reference_verified
869,Alcremie,マホイップ,마휘핑,Alcremie-Lemon-Cream-Ribbon-Sweet,Lemon-Cream + Ribbon Sweet,4,PKHeX_FormConverter_exact,8,multi_parameter_identity,no,no,Fairy,,65,60,75,64,110,121,Sweet Veil|Aroma Veil,,,,,,,,PokemonShowdown@2ddfa0476f8207e12e204b1c69f7c7683b17633c;PKHeX@8ad201e80244f630ab5a46922ab72fb79c5ad4f4,Distinct Alcremie appearance combination: numeric Form selects cream; FormArgument selects Sweet decoration.,6,PKHeX_AlcremieDecoration,reference_verified
869,Alcremie,マホイップ,마휘핑,Alcremie-Lemon-Cream-Star-Sweet,Lemon-Cream + Star Sweet,4,PKHeX_FormConverter_exact,8,multi_parameter_identity,no,no,Fairy,,65,60,75,64,110,121,Sweet Veil|Aroma Veil,,,,,,,,PokemonShowdown@2ddfa0476f8207e12e204b1c69f7c7683b17633c;PKHeX@8ad201e80244f630ab5a46922ab72fb79c5ad4f4,Distinct Alcremie appearance combination: numeric Form selects cream; FormArgument selects Sweet decoration.,3,PKHeX_AlcremieDecoration,reference_verified
869,Alcremie,マホイップ,마휘핑,Alcremie-Lemon-Cream-Strawberry-Sweet,Lemon-Cream + Strawberry Sweet,4,PKHeX_FormConverter_exact,8,multi_parameter_identity,no,no,Fairy,,65,60,75,64,110,121,Sweet Veil|Aroma Veil,,,,,,,,PokemonShowdown@2ddfa0476f8207e12e204b1c69f7c7683b17633c;PKHeX@8ad201e80244f630ab5a46922ab72fb79c5ad4f4,Distinct Alcremie appearance combination: numeric Form selects cream; FormArgument selects Sweet decoration.,0,PKHeX_AlcremieDecoration,reference_verified
869,Alcremie,マホイップ,마휘핑,Alcremie-Salted-Cream,Salted-Cream,5,showdown_formeOrder,8,cosmetic_identity,no,yes,Fairy,,65,60,75,64,110,121,Sweet Veil|Aroma Veil,,,,,,,,PokemonShowdown@2ddfa0476f8207e12e204b1c69f7c7683b17633c;PKHeX@8ad201e80244f630ab5a46922ab72fb79c5ad4f4,"Referenced by Showdown base-form list; no standalone block, parameters inherited from base.",,,reference_order_only
869,Alcremie,マホイップ,마휘핑,Alcremie-Salted-Cream-Berry-Sweet,Salted-Cream + Berry Sweet,5,PKHeX_FormConverter_exact,8,multi_parameter_identity,no,no,Fairy,,65,60,75,64,110,121,Sweet Veil|Aroma Veil,,,,,,,,PokemonShowdown@2ddfa0476f8207e12e204b1c69f7c7683b17633c;PKHeX@8ad201e80244f630ab5a46922ab72fb79c5ad4f4,Distinct Alcremie appearance combination: numeric Form selects cream; FormArgument selects Sweet decoration.,1,PKHeX_AlcremieDecoration,reference_verified
869,Alcremie,マホイップ,마휘핑,Alcremie-Salted-Cream-Clover-Sweet,Salted-Cream + Clover Sweet,5,PKHeX_FormConverter_exact,8,multi_parameter_identity,no,no,Fairy,,65,60,75,64,110,121,Sweet Veil|Aroma Veil,,,,,,,,PokemonShowdown@2ddfa0476f8207e12e204b1c69f7c7683b17633c;PKHeX@8ad201e80244f630ab5a46922ab72fb79c5ad4f4,Distinct Alcremie appearance combination: numeric Form selects cream; FormArgument selects Sweet decoration.,4,PKHeX_AlcremieDecoration,reference_verified
869,Alcremie,マホイップ,마휘핑,Alcremie-Salted-Cream-Flower-Sweet,Salted-Cream + Flower Sweet,5,PKHeX_FormConverter_exact,8,multi_parameter_identity,no,no,Fairy,,65,60,75,64,110,121,Sweet Veil|Aroma Veil,,,,,,,,PokemonShowdown@2ddfa0476f8207e12e204b1c69f7c7683b17633c;PKHeX@8ad201e80244f630ab5a46922ab72fb79c5ad4f4,Distinct Alcremie appearance combination: numeric Form selects cream; FormArgument selects Sweet decoration.,5,PKHeX_AlcremieDecoration,reference_verified
869,Alcremie,マホイップ,마휘핑,Alcremie-Salted-Cream-Love-Sweet,Salted-Cream + Love Sweet,5,PKHeX_FormConverter_exact,8,multi_parameter_identity,no,no,Fairy,,65,60,75,64,110,121,Sweet Veil|Aroma Veil,,,,,,,,PokemonShowdown@2ddfa0476f8207e12e204b1c69f7c7683b17633c;PKHeX@8ad201e80244f630ab5a46922ab72fb79c5ad4f4,Distinct Alcremie appearance combination: numeric Form selects cream; FormArgument selects Sweet decoration.,2,PKHeX_AlcremieDecoration,reference_verified
869,Alcremie,マホイップ,마휘핑,Alcremie-Salted-Cream-Ribbon-Sweet,Salted-Cream + Ribbon Sweet,5,PKHeX_FormConverter_exact,8,multi_parameter_identity,no,no,Fairy,,65,60,75,64,110,121,Sweet Veil|Aroma Veil,,,,,,,,PokemonShowdown@2ddfa0476f8207e12e204b1c69f7c7683b17633c;PKHeX@8ad201e80244f630ab5a46922ab72fb79c5ad4f4,Distinct Alcremie appearance combination: numeric Form selects cream; FormArgument selects Sweet decoration.,6,PKHeX_AlcremieDecoration,reference_verified
869,Alcremie,マホイップ,마휘핑,Alcremie-Salted-Cream-Star-Sweet,Salted-Cream + Star Sweet,5,PKHeX_FormConverter_exact,8,multi_parameter_identity,no,no,Fairy,,65,60,75,64,110,121,Sweet Veil|Aroma Veil,,,,,,,,PokemonShowdown@2ddfa0476f8207e12e204b1c69f7c7683b17633c;PKHeX@8ad201e80244f630ab5a46922ab72fb79c5ad4f4,Distinct Alcremie appearance combination: numeric Form selects cream; FormArgument selects Sweet decoration.,3,PKHeX_AlcremieDecoration,reference_verified
869,Alcremie,マホイップ,마휘핑,Alcremie-Salted-Cream-Strawberry-Sweet,Salted-Cream + Strawberry Sweet,5,PKHeX_FormConverter_exact,8,multi_parameter_identity,no,no,Fairy,,65,60,75,64,110,121,Sweet Veil|Aroma Veil,,,,,,,,PokemonShowdown@2ddfa0476f8207e12e204b1c69f7c7683b17633c;PKHeX@8ad201e80244f630ab5a46922ab72fb79c5ad4f4,Distinct Alcremie appearance combination: numeric Form selects cream; FormArgument selects Sweet decoration.,0,PKHeX_AlcremieDecoration,reference_verified
869,Alcremie,マホイップ,마휘핑,Alcremie-Ruby-Swirl,Ruby-Swirl,6,showdown_formeOrder,8,cosmetic_identity,no,yes,Fairy,,65,60,75,64,110,121,Sweet Veil|Aroma Veil,,,,,,,,PokemonShowdown@2ddfa0476f8207e12e204b1c69f7c7683b17633c;PKHeX@8ad201e80244f630ab5a46922ab72fb79c5ad4f4,,,,reference_order_only
869,Alcremie,マホイップ,마휘핑,Alcremie-Ruby-Swirl-Berry-Sweet,Ruby-Swirl + Berry Sweet,6,PKHeX_FormConverter_exact,8,multi_parameter_identity,no,no,Fairy,,65,60,75,64,110,121,Sweet Veil|Aroma Veil,,,,,,,,PokemonShowdown@2ddfa0476f8207e12e204b1c69f7c7683b17633c;PKHeX@8ad201e80244f630ab5a46922ab72fb79c5ad4f4,Distinct Alcremie appearance combination: numeric Form selects cream; FormArgument selects Sweet decoration.,1,PKHeX_AlcremieDecoration,reference_verified
869,Alcremie,マホイップ,마휘핑,Alcremie-Ruby-Swirl-Clover-Sweet,Ruby-Swirl + Clover Sweet,6,PKHeX_FormConverter_exact,8,multi_parameter_identity,no,no,Fairy,,65,60,75,64,110,121,Sweet Veil|Aroma Veil,,,,,,,,PokemonShowdown@2ddfa0476f8207e12e204b1c69f7c7683b17633c;PKHeX@8ad201e80244f630ab5a46922ab72fb79c5ad4f4,Distinct Alcremie appearance combination: numeric Form selects cream; FormArgument selects Sweet decoration.,4,PKHeX_AlcremieDecoration,reference_verified
869,Alcremie,マホイップ,마휘핑,Alcremie-Ruby-Swirl-Flower-Sweet,Ruby-Swirl + Flower Sweet,6,PKHeX_FormConverter_exact,8,multi_parameter_identity,no,no,Fairy,,65,60,75,64,110,121,Sweet Veil|Aroma Veil,,,,,,,,PokemonShowdown@2ddfa0476f8207e12e204b1c69f7c7683b17633c;PKHeX@8ad201e80244f630ab5a46922ab72fb79c5ad4f4,Distinct Alcremie appearance combination: numeric Form selects cream; FormArgument selects Sweet decoration.,5,PKHeX_AlcremieDecoration,reference_verified
869,Alcremie,マホイップ,마휘핑,Alcremie-Ruby-Swirl-Love-Sweet,Ruby-Swirl + Love Sweet,6,PKHeX_FormConverter_exact,8,multi_parameter_identity,no,no,Fairy,,65,60,75,64,110,121,Sweet Veil|Aroma Veil,,,,,,,,PokemonShowdown@2ddfa0476f8207e12e204b1c69f7c7683b17633c;PKHeX@8ad201e80244f630ab5a46922ab72fb79c5ad4f4,Distinct Alcremie appearance combination: numeric Form selects cream; FormArgument selects Sweet decoration.,2,PKHeX_AlcremieDecoration,reference_verified
869,Alcremie,マホイップ,마휘핑,Alcremie-Ruby-Swirl-Ribbon-Sweet,Ruby-Swirl + Ribbon Sweet,6,PKHeX_FormConverter_exact,8,multi_parameter_identity,no,no,Fairy,,65,60,75,64,110,121,Sweet Veil|Aroma Veil,,,,,,,,PokemonShowdown@2ddfa0476f8207e12e204b1c69f7c7683b17633c;PKHeX@8ad201e80244f630ab5a46922ab72fb79c5ad4f4,Distinct Alcremie appearance combination: numeric Form selects cream; FormArgument selects Sweet decoration.,6,PKHeX_AlcremieDecoration,reference_verified
869,Alcremie,マホイップ,마휘핑,Alcremie-Ruby-Swirl-Star-Sweet,Ruby-Swirl + Star Sweet,6,PKHeX_FormConverter_exact,8,multi_parameter_identity,no,no,Fairy,,65,60,75,64,110,121,Sweet Veil|Aroma Veil,,,,,,,,PokemonShowdown@2ddfa0476f8207e12e204b1c69f7c7683b17633c;PKHeX@8ad201e80244f630ab5a46922ab72fb79c5ad4f4,Distinct Alcremie appearance combination: numeric Form selects cream; FormArgument selects Sweet decoration.,3,PKHeX_AlcremieDecoration,reference_verified
869,Alcremie,マホイップ,마휘핑,Alcremie-Ruby-Swirl-Strawberry-Sweet,Ruby-Swirl + Strawberry Sweet,6,PKHeX_FormConverter_exact,8,multi_parameter_identity,no,no,Fairy,,65,60,75,64,110,121,Sweet Veil|Aroma Veil,,,,,,,,PokemonShowdown@2ddfa0476f8207e12e204b1c69f7c7683b17633c;PKHeX@8ad201e80244f630ab5a46922ab72fb79c5ad4f4,Distinct Alcremie appearance combination: numeric Form selects cream; FormArgument selects Sweet decoration.,0,PKHeX_AlcremieDecoration,reference_verified
869,Alcremie,マホイップ,마휘핑,Alcremie-Caramel-Swirl,Caramel-Swirl,7,showdown_formeOrder,8,cosmetic_identity,no,yes,Fairy,,65,60,75,64,110,121,Sweet Veil|Aroma Veil,,,,,,,,PokemonShowdown@2ddfa0476f8207e12e204b1c69f7c7683b17633c;PKHeX@8ad201e80244f630ab5a46922ab72fb79c5ad4f4,,,,reference_order_only
869,Alcremie,マホイップ,마휘핑,Alcremie-Caramel-Swirl-Berry-Sweet,Caramel-Swirl + Berry Sweet,7,PKHeX_FormConverter_exact,8,multi_parameter_identity,no,no,Fairy,,65,60,75,64,110,121,Sweet Veil|Aroma Veil,,,,,,,,PokemonShowdown@2ddfa0476f8207e12e204b1c69f7c7683b17633c;PKHeX@8ad201e80244f630ab5a46922ab72fb79c5ad4f4,Distinct Alcremie appearance combination: numeric Form selects cream; FormArgument selects Sweet decoration.,1,PKHeX_AlcremieDecoration,reference_verified
869,Alcremie,マホイップ,마휘핑,Alcremie-Caramel-Swirl-Clover-Sweet,Caramel-Swirl + Clover Sweet,7,PKHeX_FormConverter_exact,8,multi_parameter_identity,no,no,Fairy,,65,60,75,64,110,121,Sweet Veil|Aroma Veil,,,,,,,,PokemonShowdown@2ddfa0476f8207e12e204b1c69f7c7683b17633c;PKHeX@8ad201e80244f630ab5a46922ab72fb79c5ad4f4,Distinct Alcremie appearance combination: numeric Form selects cream; FormArgument selects Sweet decoration.,4,PKHeX_AlcremieDecoration,reference_verified
869,Alcremie,マホイップ,마휘핑,Alcremie-Caramel-Swirl-Flower-Sweet,Caramel-Swirl + Flower Sweet,7,PKHeX_FormConverter_exact,8,multi_parameter_identity,no,no,Fairy,,65,60,75,64,110,121,Sweet Veil|Aroma Veil,,,,,,,,PokemonShowdown@2ddfa0476f8207e12e204b1c69f7c7683b17633c;PKHeX@8ad201e80244f630ab5a46922ab72fb79c5ad4f4,Distinct Alcremie appearance combination: numeric Form selects cream; FormArgument selects Sweet decoration.,5,PKHeX_AlcremieDecoration,reference_verified
869,Alcremie,マホイップ,마휘핑,Alcremie-Caramel-Swirl-Love-Sweet,Caramel-Swirl + Love Sweet,7,PKHeX_FormConverter_exact,8,multi_parameter_identity,no,no,Fairy,,65,60,75,64,110,121,Sweet Veil|Aroma Veil,,,,,,,,PokemonShowdown@2ddfa0476f8207e12e204b1c69f7c7683b17633c;PKHeX@8ad201e80244f630ab5a46922ab72fb79c5ad4f4,Distinct Alcremie appearance combination: numeric Form selects cream; FormArgument selects Sweet decoration.,2,PKHeX_AlcremieDecoration,reference_verified
869,Alcremie,マホイップ,마휘핑,Alcremie-Caramel-Swirl-Ribbon-Sweet,Caramel-Swirl + Ribbon Sweet,7,PKHeX_FormConverter_exact,8,multi_parameter_identity,no,no,Fairy,,65,60,75,64,110,121,Sweet Veil|Aroma Veil,,,,,,,,PokemonShowdown@2ddfa0476f8207e12e204b1c69f7c7683b17633c;PKHeX@8ad201e80244f630ab5a46922ab72fb79c5ad4f4,Distinct Alcremie appearance combination: numeric Form selects cream; FormArgument selects Sweet decoration.,6,PKHeX_AlcremieDecoration,reference_verified
869,Alcremie,マホイップ,마휘핑,Alcremie-Caramel-Swirl-Star-Sweet,Caramel-Swirl + Star Sweet,7,PKHeX_FormConverter_exact,8,multi_parameter_identity,no,no,Fairy,,65,60,75,64,110,121,Sweet Veil|Aroma Veil,,,,,,,,PokemonShowdown@2ddfa0476f8207e12e204b1c69f7c7683b17633c;PKHeX@8ad201e80244f630ab5a46922ab72fb79c5ad4f4,Distinct Alcremie appearance combination: numeric Form selects cream; FormArgument selects Sweet decoration.,3,PKHeX_AlcremieDecoration,reference_verified
869,Alcremie,マホイップ,마휘핑,Alcremie-Caramel-Swirl-Strawberry-Sweet,Caramel-Swirl + Strawberry Sweet,7,PKHeX_FormConverter_exact,8,multi_parameter_identity,no,no,Fairy,,65,60,75,64,110,121,Sweet Veil|Aroma Veil,,,,,,,,PokemonShowdown@2ddfa0476f8207e12e204b1c69f7c7683b17633c;PKHeX@8ad201e80244f630ab5a46922ab72fb79c5ad4f4,Distinct Alcremie appearance combination: numeric Form selects cream; FormArgument selects Sweet decoration.,0,PKHeX_AlcremieDecoration,reference_verified
869,Alcremie,マホイップ,마휘핑,Alcremie-Rainbow-Swirl,Rainbow-Swirl,8,showdown_formeOrder,8,cosmetic_identity,no,yes,Fairy,,65,60,75,64,110,121,Sweet Veil|Aroma Veil,,,,,,,,PokemonShowdown@2ddfa0476f8207e12e204b1c69f7c7683b17633c;PKHeX@8ad201e80244f630ab5a46922ab72fb79c5ad4f4,,,,reference_order_only
869,Alcremie,マホイップ,마휘핑,Alcremie-Rainbow-Swirl-Berry-Sweet,Rainbow-Swirl + Berry Sweet,8,PKHeX_FormConverter_exact,8,multi_parameter_identity,no,no,Fairy,,65,60,75,64,110,121,Sweet Veil|Aroma Veil,,,,,,,,PokemonShowdown@2ddfa0476f8207e12e204b1c69f7c7683b17633c;PKHeX@8ad201e80244f630ab5a46922ab72fb79c5ad4f4,Distinct Alcremie appearance combination: numeric Form selects cream; FormArgument selects Sweet decoration.,1,PKHeX_AlcremieDecoration,reference_verified
869,Alcremie,マホイップ,마휘핑,Alcremie-Rainbow-Swirl-Clover-Sweet,Rainbow-Swirl + Clover Sweet,8,PKHeX_FormConverter_exact,8,multi_parameter_identity,no,no,Fairy,,65,60,75,64,110,121,Sweet Veil|Aroma Veil,,,,,,,,PokemonShowdown@2ddfa0476f8207e12e204b1c69f7c7683b17633c;PKHeX@8ad201e80244f630ab5a46922ab72fb79c5ad4f4,Distinct Alcremie appearance combination: numeric Form selects cream; FormArgument selects Sweet decoration.,4,PKHeX_AlcremieDecoration,reference_verified
869,Alcremie,マホイップ,마휘핑,Alcremie-Rainbow-Swirl-Flower-Sweet,Rainbow-Swirl + Flower Sweet,8,PKHeX_FormConverter_exact,8,multi_parameter_identity,no,no,Fairy,,65,60,75,64,110,121,Sweet Veil|Aroma Veil,,,,,,,,PokemonShowdown@2ddfa0476f8207e12e204b1c69f7c7683b17633c;PKHeX@8ad201e80244f630ab5a46922ab72fb79c5ad4f4,Distinct Alcremie appearance combination: numeric Form selects cream; FormArgument selects Sweet decoration.,5,PKHeX_AlcremieDecoration,reference_verified
869,Alcremie,マホイップ,마휘핑,Alcremie-Rainbow-Swirl-Love-Sweet,Rainbow-Swirl + Love Sweet,8,PKHeX_FormConverter_exact,8,multi_parameter_identity,no,no,Fairy,,65,60,75,64,110,121,Sweet Veil|Aroma Veil,,,,,,,,PokemonShowdown@2ddfa0476f8207e12e204b1c69f7c7683b17633c;PKHeX@8ad201e80244f630ab5a46922ab72fb79c5ad4f4,Distinct Alcremie appearance combination: numeric Form selects cream; FormArgument selects Sweet decoration.,2,PKHeX_AlcremieDecoration,reference_verified
869,Alcremie,マホイップ,마휘핑,Alcremie-Rainbow-Swirl-Ribbon-Sweet,Rainbow-Swirl + Ribbon Sweet,8,PKHeX_FormConverter_exact,8,multi_parameter_identity,no,no,Fairy,,65,60,75,64,110,121,Sweet Veil|Aroma Veil,,,,,,,,PokemonShowdown@2ddfa0476f8207e12e204b1c69f7c7683b17633c;PKHeX@8ad201e80244f630ab5a46922ab72fb79c5ad4f4,Distinct Alcremie appearance combination: numeric Form selects cream; FormArgument selects Sweet decoration.,6,PKHeX_AlcremieDecoration,reference_verified
869,Alcremie,マホイップ,마휘핑,Alcremie-Rainbow-Swirl-Star-Sweet,Rainbow-Swirl + Star Sweet,8,PKHeX_FormConverter_exact,8,multi_parameter_identity,no,no,Fairy,,65,60,75,64,110,121,Sweet Veil|Aroma Veil,,,,,,,,PokemonShowdown@2ddfa0476f8207e12e204b1c69f7c7683b17633c;PKHeX@8ad201e80244f630ab5a46922ab72fb79c5ad4f4,Distinct Alcremie appearance combination: numeric Form selects cream; FormArgument selects Sweet decoration.,3,PKHeX_AlcremieDecoration,reference_verified
869,Alcremie,マホイップ,마휘핑,Alcremie-Rainbow-Swirl-Strawberry-Sweet,Rainbow-Swirl + Strawberry Sweet,8,PKHeX_FormConverter_exact,8,multi_parameter_identity,no,no,Fairy,,65,60,75,64,110,121,Sweet Veil|Aroma Veil,,,,,,,,PokemonShowdown@2ddfa0476f8207e12e204b1c69f7c7683b17633c;PKHeX@8ad201e80244f630ab5a46922ab72fb79c5ad4f4,Distinct Alcremie appearance combination: numeric Form selects cream; FormArgument selects Sweet decoration.,0,PKHeX_AlcremieDecoration,reference_verified
870,Falinks,タイレーツ,대여르,Falinks,Base,0,showdown_formeOrder,8,base_form,no,no,Fighting,,65,100,100,75,70,60,Battle Armor|Defiant,,,,,,,,PokemonShowdown@2ddfa0476f8207e12e204b1c69f7c7683b17633c;PKHeX@8ad201e80244f630ab5a46922ab72fb79c5ad4f4,,,,reference_order_only
870,Falinks,タイレーツ,대여르,Falinks-Mega,Mega,1,showdown_formeOrder,9,battle_transformation,no,no,Fighting,,65,135,135,100,70,65,Defiant,Falinksite,,,,,,,PokemonShowdown@2ddfa0476f8207e12e204b1c69f7c7683b17633c;PKHeX@8ad201e80244f630ab5a46922ab72fb79c5ad4f4,,,,reference_order_only
875,Eiscue,コオリッポ,빙큐보,Eiscue,Ice,0,showdown_formeOrder,8,base_form,no,no,Ice,,75,80,110,50,65,90,Ice Face,,,,,,,,PokemonShowdown@2ddfa0476f8207e12e204b1c69f7c7683b17633c;PKHeX@8ad201e80244f630ab5a46922ab72fb79c5ad4f4,,,,reference_order_only
875,Eiscue,コオリッポ,빙큐보,Eiscue-Noice,Noice,1,showdown_formeOrder,8,battle_only_form,yes,no,Ice,,75,80,70,130,65,50,Ice Face,,,Ice Face,,,Eiscue,,PokemonShowdown@2ddfa0476f8207e12e204b1c69f7c7683b17633c;PKHeX@8ad201e80244f630ab5a46922ab72fb79c5ad4f4,,,,reference_order_only
876,Indeedee,イエッサン,에써르,Indeedee,M,0,showdown_formeOrder,8,base_form,no,no,Psychic,Normal,60,65,55,95,105,95,Inner Focus|Synchronize|Psychic Surge,,,,,,,,PokemonShowdown@2ddfa0476f8207e12e204b1c69f7c7683b17633c;PKHeX@8ad201e80244f630ab5a46922ab72fb79c5ad4f4,,,,reference_order_only
876,Indeedee,イエッサン,에써르,Indeedee-F,F,1,showdown_formeOrder,8,persistent_identity,no,no,Psychic,Normal,70,55,65,85,95,105,Own Tempo|Synchronize|Psychic Surge,,,,,,,,PokemonShowdown@2ddfa0476f8207e12e204b1c69f7c7683b17633c;PKHeX@8ad201e80244f630ab5a46922ab72fb79c5ad4f4,,,,reference_order_only
877,Morpeko,モルペコ,모르페코,Morpeko,Full-Belly,0,showdown_formeOrder,8,base_form,no,no,Electric,Dark,58,95,58,97,70,58,Hunger Switch,,,,,,,,PokemonShowdown@2ddfa0476f8207e12e204b1c69f7c7683b17633c;PKHeX@8ad201e80244f630ab5a46922ab72fb79c5ad4f4,,,,reference_order_only
877,Morpeko,モルペコ,모르페코,Morpeko-Hangry,Hangry,1,showdown_formeOrder,8,battle_only_form,yes,no,Electric,Dark,58,95,58,97,70,58,Hunger Switch,,,Hunger Switch,,,Morpeko,,PokemonShowdown@2ddfa0476f8207e12e204b1c69f7c7683b17633c;PKHeX@8ad201e80244f630ab5a46922ab72fb79c5ad4f4,,,,reference_order_only
879,Copperajah,ダイオウドウ,대왕끼리동,Copperajah,Base,0,base_default,8,base_form,no,no,Steel,,122,130,69,30,80,69,Sheer Force|Heavy Metal,,,,,,,,PokemonShowdown@2ddfa0476f8207e12e204b1c69f7c7683b17633c;PKHeX@8ad201e80244f630ab5a46922ab72fb79c5ad4f4,,,,base_identity
879,Copperajah,ダイオウドウ,대왕끼리동,Copperajah-Gmax,Gmax,,not_persistent_form_id_gigantamax,8,battle_transformation,no,no,Steel,,122,130,69,30,80,69,Sheer Force|Heavy Metal,,,,,Copperajah,,,PokemonShowdown@2ddfa0476f8207e12e204b1c69f7c7683b17633c;PKHeX@8ad201e80244f630ab5a46922ab72fb79c5ad4f4,,,,semantic_verified_not_persistent
884,Duraludon,ジュラルドン,두랄루돈,Duraludon,Base,0,base_default,8,base_form,no,no,Steel,Dragon,70,95,115,85,120,50,Light Metal|Heavy Metal|Stalwart,,,,,,,,PokemonShowdown@2ddfa0476f8207e12e204b1c69f7c7683b17633c;PKHeX@8ad201e80244f630ab5a46922ab72fb79c5ad4f4,,,,base_identity
884,Duraludon,ジュラルドン,두랄루돈,Duraludon-Gmax,Gmax,,not_persistent_form_id_gigantamax,8,battle_transformation,no,no,Steel,Dragon,70,95,115,85,120,50,Light Metal|Heavy Metal|Stalwart,,,,,Duraludon,,,PokemonShowdown@2ddfa0476f8207e12e204b1c69f7c7683b17633c;PKHeX@8ad201e80244f630ab5a46922ab72fb79c5ad4f4,,,,semantic_verified_not_persistent
888,Zacian,ザシアン,자시안,Zacian,Hero,0,showdown_formeOrder,8,base_form,no,no,Fairy,,92,120,115,138,80,115,Intrepid Sword,,,,,,,,PokemonShowdown@2ddfa0476f8207e12e204b1c69f7c7683b17633c;PKHeX@8ad201e80244f630ab5a46922ab72fb79c5ad4f4,,,,reference_order_only
888,Zacian,ザシアン,자시안,Zacian-Crowned,Crowned,1,showdown_formeOrder,8,battle_only_form,yes,no,Fairy,Steel,92,150,115,148,80,115,Intrepid Sword,Rusted Sword,,,,,Zacian,,PokemonShowdown@2ddfa0476f8207e12e204b1c69f7c7683b17633c;PKHeX@8ad201e80244f630ab5a46922ab72fb79c5ad4f4,,,,reference_order_only
889,Zamazenta,ザマゼンタ,자마젠타,Zamazenta,Hero,0,showdown_formeOrder,8,base_form,no,no,Fighting,,92,120,115,138,80,115,Dauntless Shield,,,,,,,,PokemonShowdown@2ddfa0476f8207e12e204b1c69f7c7683b17633c;PKHeX@8ad201e80244f630ab5a46922ab72fb79c5ad4f4,,,,reference_order_only
889,Zamazenta,ザマゼンタ,자마젠타,Zamazenta-Crowned,Crowned,1,showdown_formeOrder,8,battle_only_form,yes,no,Fighting,Steel,92,120,140,128,80,140,Dauntless Shield,Rusted Shield,,,,,Zamazenta,,PokemonShowdown@2ddfa0476f8207e12e204b1c69f7c7683b17633c;PKHeX@8ad201e80244f630ab5a46922ab72fb79c5ad4f4,,,,reference_order_only
890,Eternatus,ムゲンダイナ,무한다이노,Eternatus,Base,0,showdown_formeOrder,8,base_form,no,no,Poison,Dragon,140,85,95,130,145,95,Pressure,,,,,,,,PokemonShowdown@2ddfa0476f8207e12e204b1c69f7c7683b17633c;PKHeX@8ad201e80244f630ab5a46922ab72fb79c5ad4f4,,,,reference_order_only
890,Eternatus,ムゲンダイナ,무한다이노,Eternatus-Eternamax,Eternamax,1,showdown_formeOrder,8,persistent_identity,no,no,Poison,Dragon,255,115,250,130,125,250,Pressure,,,,,,,,PokemonShowdown@2ddfa0476f8207e12e204b1c69f7c7683b17633c;PKHeX@8ad201e80244f630ab5a46922ab72fb79c5ad4f4,,,,reference_order_only
892,Urshifu,ウーラオス,우라오스,Urshifu,Single-Strike,0,showdown_formeOrder,8,base_form,no,no,Fighting,Dark,100,130,100,97,63,60,Unseen Fist,,,,,,,,PokemonShowdown@2ddfa0476f8207e12e204b1c69f7c7683b17633c;PKHeX@8ad201e80244f630ab5a46922ab72fb79c5ad4f4,,,,reference_order_only
892,Urshifu,ウーラオス,우라오스,Urshifu-Gmax,Gmax,,not_persistent_form_id_gigantamax,8,battle_transformation,no,no,Fighting,Dark,100,130,100,97,63,60,Unseen Fist,,,,,Urshifu,,,PokemonShowdown@2ddfa0476f8207e12e204b1c69f7c7683b17633c;PKHeX@8ad201e80244f630ab5a46922ab72fb79c5ad4f4,,,,semantic_verified_not_persistent
892,Urshifu,ウーラオス,우라오스,Urshifu-Rapid-Strike-Gmax,Rapid-Strike-Gmax,,not_persistent_form_id_gigantamax,8,battle_transformation,yes,no,Fighting,Water,100,130,100,97,63,60,Unseen Fist,,,,,Urshifu-Rapid-Strike,Urshifu-Rapid-Strike,,PokemonShowdown@2ddfa0476f8207e12e204b1c69f7c7683b17633c;PKHeX@8ad201e80244f630ab5a46922ab72fb79c5ad4f4,,,,semantic_verified_not_persistent
892,Urshifu,ウーラオス,우라오스,Urshifu-Rapid-Strike,Rapid-Strike,1,showdown_formeOrder,8,persistent_identity,no,no,Fighting,Water,100,130,100,97,63,60,Unseen Fist,,,,,,,,PokemonShowdown@2ddfa0476f8207e12e204b1c69f7c7683b17633c;PKHeX@8ad201e80244f630ab5a46922ab72fb79c5ad4f4,,,,reference_order_only
893,Zarude,ザルード,자루도,Zarude,Base,0,showdown_formeOrder,8,base_form,no,no,Dark,Grass,105,120,105,105,70,95,Leaf Guard,,,,,,,,PokemonShowdown@2ddfa0476f8207e12e204b1c69f7c7683b17633c;PKHeX@8ad201e80244f630ab5a46922ab72fb79c5ad4f4,,,,reference_order_only
893,Zarude,ザルード,자루도,Zarude-Dada,Dada,1,showdown_formeOrder,8,persistent_identity,no,no,Dark,Grass,105,120,105,105,70,95,Leaf Guard,,,,,,,,PokemonShowdown@2ddfa0476f8207e12e204b1c69f7c7683b17633c;PKHeX@8ad201e80244f630ab5a46922ab72fb79c5ad4f4,,,,reference_order_only
898,Calyrex,バドレックス,버드렉스,Calyrex,Base,0,showdown_formeOrder,8,base_form,no,no,Psychic,Grass,100,80,80,80,80,80,Unnerve,,,,,,,,PokemonShowdown@2ddfa0476f8207e12e204b1c69f7c7683b17633c;PKHeX@8ad201e80244f630ab5a46922ab72fb79c5ad4f4,,,,reference_order_only
898,Calyrex,バドレックス,버드렉스,Calyrex-Ice,Ice,1,showdown_formeOrder,8,persistent_identity,no,no,Psychic,Ice,100,165,150,50,85,130,As One (Glastrier),,,,,Calyrex,,,PokemonShowdown@2ddfa0476f8207e12e204b1c69f7c7683b17633c;PKHeX@8ad201e80244f630ab5a46922ab72fb79c5ad4f4,,,,reference_order_only
898,Calyrex,バドレックス,버드렉스,Calyrex-Shadow,Shadow,2,showdown_formeOrder,8,persistent_identity,no,no,Psychic,Ghost,100,85,80,150,165,100,As One (Spectrier),,,,,Calyrex,,,PokemonShowdown@2ddfa0476f8207e12e204b1c69f7c7683b17633c;PKHeX@8ad201e80244f630ab5a46922ab72fb79c5ad4f4,,,,reference_order_only
900,Kleavor,バサギリ,사마자르,Kleavor-Lord,Lord,1,PKHeX_FormInfo_IsLordForm,8,scripted_boss_internal_form,no,no,Bug,Rock,70,135,95,85,45,70,Swarm|Sheer Force|Sharpness,,,,,,,,PokemonShowdown@2ddfa0476f8207e12e204b1c69f7c7683b17633c;PKHeX@8ad201e80244f630ab5a46922ab72fb79c5ad4f4,Pokémon Legends: Arceus Lord/Lady form; not a normal player-owned form.,,,reference_verified
901,Ursaluna,ガチグマ,다투곰,Ursaluna,Base,0,showdown_formeOrder,8,base_form,no,no,Ground,Normal,130,140,105,50,45,80,Guts|Bulletproof|Unnerve,,,,,,,,PokemonShowdown@2ddfa0476f8207e12e204b1c69f7c7683b17633c;PKHeX@8ad201e80244f630ab5a46922ab72fb79c5ad4f4,,,,reference_order_only
901,Ursaluna,ガチグマ,다투곰,Ursaluna-Bloodmoon,Bloodmoon,1,showdown_formeOrder,9,persistent_identity,no,no,Ground,Normal,113,70,120,52,135,65,Mind's Eye,,,,,,,,PokemonShowdown@2ddfa0476f8207e12e204b1c69f7c7683b17633c;PKHeX@8ad201e80244f630ab5a46922ab72fb79c5ad4f4,,,,reference_order_only
902,Basculegion,イダイトウ,대쓰여너,Basculegion,M,0,showdown_formeOrder,8,base_form,no,no,Water,Ghost,120,112,65,78,80,75,Swift Swim|Adaptability|Mold Breaker,,,,,,,,PokemonShowdown@2ddfa0476f8207e12e204b1c69f7c7683b17633c;PKHeX@8ad201e80244f630ab5a46922ab72fb79c5ad4f4,,,,reference_order_only
902,Basculegion,イダイトウ,대쓰여너,Basculegion-F,F,1,showdown_formeOrder,8,persistent_identity,no,no,Water,Ghost,120,92,65,78,100,75,Swift Swim|Adaptability|Mold Breaker,,,,,,,,PokemonShowdown@2ddfa0476f8207e12e204b1c69f7c7683b17633c;PKHeX@8ad201e80244f630ab5a46922ab72fb79c5ad4f4,,,,reference_order_only
905,Enamorus,ラブトロス,러브로스,Enamorus,Incarnate,0,showdown_formeOrder,8,base_form,no,no,Fairy,Flying,74,115,70,106,135,80,Cute Charm|Contrary,,,,,,,,PokemonShowdown@2ddfa0476f8207e12e204b1c69f7c7683b17633c;PKHeX@8ad201e80244f630ab5a46922ab72fb79c5ad4f4,,,,reference_order_only
905,Enamorus,ラブトロス,러브로스,Enamorus-Therian,Therian,1,showdown_formeOrder,8,persistent_identity,no,no,Fairy,Flying,74,115,110,46,135,100,Overcoat,,,,,Enamorus,,,PokemonShowdown@2ddfa0476f8207e12e204b1c69f7c7683b17633c;PKHeX@8ad201e80244f630ab5a46922ab72fb79c5ad4f4,,,,reference_order_only
916,Oinkologne,パフュートン,퍼퓨돈,Oinkologne,M,0,showdown_formeOrder,9,base_form,no,no,Normal,,110,100,75,65,59,80,Lingering Aroma|Gluttony|Thick Fat,,,,,,,,PokemonShowdown@2ddfa0476f8207e12e204b1c69f7c7683b17633c;PKHeX@8ad201e80244f630ab5a46922ab72fb79c5ad4f4,,,,reference_order_only
916,Oinkologne,パフュートン,퍼퓨돈,Oinkologne-F,F,1,showdown_formeOrder,9,persistent_identity,no,no,Normal,,115,90,70,65,59,90,Aroma Veil|Gluttony|Thick Fat,,,,,,,,PokemonShowdown@2ddfa0476f8207e12e204b1c69f7c7683b17633c;PKHeX@8ad201e80244f630ab5a46922ab72fb79c5ad4f4,,,,reference_order_only
925,Maushold,イッカネズミ,파밀리쥐,Maushold,Three,0,showdown_formeOrder,9,base_form,no,no,Normal,,74,75,70,111,65,75,Friend Guard|Cheek Pouch|Technician,,,,,,,,PokemonShowdown@2ddfa0476f8207e12e204b1c69f7c7683b17633c;PKHeX@8ad201e80244f630ab5a46922ab72fb79c5ad4f4,,,,reference_order_only
925,Maushold,イッカネズミ,파밀리쥐,Maushold-Four,Four,1,showdown_formeOrder,9,persistent_identity,no,no,Normal,,74,75,70,111,65,75,Friend Guard|Cheek Pouch|Technician,,,,,,,,PokemonShowdown@2ddfa0476f8207e12e204b1c69f7c7683b17633c;PKHeX@8ad201e80244f630ab5a46922ab72fb79c5ad4f4,,,,reference_order_only
931,Squawkabilly,イキリンコ,시비꼬,Squawkabilly,Green,0,showdown_formeOrder,9,base_form,no,no,Normal,Flying,82,96,51,92,45,51,Intimidate|Hustle|Guts,,,,,,,,PokemonShowdown@2ddfa0476f8207e12e204b1c69f7c7683b17633c;PKHeX@8ad201e80244f630ab5a46922ab72fb79c5ad4f4,,,,reference_order_only
931,Squawkabilly,イキリンコ,시비꼬,Squawkabilly-Blue,Blue,1,showdown_formeOrder,9,persistent_identity,no,no,Normal,Flying,82,96,51,92,45,51,Intimidate|Hustle|Guts,,,,,,,,PokemonShowdown@2ddfa0476f8207e12e204b1c69f7c7683b17633c;PKHeX@8ad201e80244f630ab5a46922ab72fb79c5ad4f4,,,,reference_order_only
931,Squawkabilly,イキリンコ,시비꼬,Squawkabilly-Yellow,Yellow,2,showdown_formeOrder,9,persistent_identity,no,no,Normal,Flying,82,96,51,92,45,51,Intimidate|Hustle|Sheer Force,,,,,,,,PokemonShowdown@2ddfa0476f8207e12e204b1c69f7c7683b17633c;PKHeX@8ad201e80244f630ab5a46922ab72fb79c5ad4f4,,,,reference_order_only
931,Squawkabilly,イキリンコ,시비꼬,Squawkabilly-White,White,3,showdown_formeOrder,9,persistent_identity,no,no,Normal,Flying,82,96,51,92,45,51,Intimidate|Hustle|Sheer Force,,,,,,,,PokemonShowdown@2ddfa0476f8207e12e204b1c69f7c7683b17633c;PKHeX@8ad201e80244f630ab5a46922ab72fb79c5ad4f4,,,,reference_order_only
952,Scovillain,スコヴィラン,스코빌런,Scovillain,Base,0,showdown_formeOrder,9,base_form,no,no,Grass,Fire,65,108,65,75,108,65,Chlorophyll|Insomnia|Moody,,,,,,,,PokemonShowdown@2ddfa0476f8207e12e204b1c69f7c7683b17633c;PKHeX@8ad201e80244f630ab5a46922ab72fb79c5ad4f4,,,,reference_order_only
952,Scovillain,スコヴィラン,스코빌런,Scovillain-Mega,Mega,1,showdown_formeOrder,9,battle_transformation,no,no,Grass,Fire,65,138,85,75,138,85,Spicy Spray,Scovillainite,,,,,,,PokemonShowdown@2ddfa0476f8207e12e204b1c69f7c7683b17633c;PKHeX@8ad201e80244f630ab5a46922ab72fb79c5ad4f4,,,,reference_order_only
964,Palafin,イルカマン,돌핀맨,Palafin,Zero,0,showdown_formeOrder,9,base_form,no,no,Water,,100,70,72,100,53,62,Zero to Hero,,,,,,,,PokemonShowdown@2ddfa0476f8207e12e204b1c69f7c7683b17633c;PKHeX@8ad201e80244f630ab5a46922ab72fb79c5ad4f4,,,,reference_order_only
964,Palafin,イルカマン,돌핀맨,Palafin-Hero,Hero,1,showdown_formeOrder,9,battle_only_form,yes,no,Water,,100,160,97,100,106,87,Zero to Hero,,,Zero to Hero,,,Palafin,,PokemonShowdown@2ddfa0476f8207e12e204b1c69f7c7683b17633c;PKHeX@8ad201e80244f630ab5a46922ab72fb79c5ad4f4,,,,reference_order_only
970,Glimmora,キラフロル,킬라플로르,Glimmora,Base,0,showdown_formeOrder,9,base_form,no,no,Rock,Poison,83,55,90,86,130,81,Toxic Debris|Corrosion,,,,,,,,PokemonShowdown@2ddfa0476f8207e12e204b1c69f7c7683b17633c;PKHeX@8ad201e80244f630ab5a46922ab72fb79c5ad4f4,,,,reference_order_only
970,Glimmora,キラフロル,킬라플로르,Glimmora-Mega,Mega,1,showdown_formeOrder,9,battle_transformation,no,no,Rock,Poison,83,90,105,101,150,96,Adaptability,Glimmoranite,,,,,,,PokemonShowdown@2ddfa0476f8207e12e204b1c69f7c7683b17633c;PKHeX@8ad201e80244f630ab5a46922ab72fb79c5ad4f4,,,,reference_order_only
978,Tatsugiri,シャリタツ,싸리용,Tatsugiri,Curly,0,showdown_formeOrder,9,base_form,no,no,Dragon,Water,68,50,60,82,120,95,Commander|Storm Drain,,,,,,,,PokemonShowdown@2ddfa0476f8207e12e204b1c69f7c7683b17633c;PKHeX@8ad201e80244f630ab5a46922ab72fb79c5ad4f4,,,,reference_order_only
978,Tatsugiri,シャリタツ,싸리용,Tatsugiri-Droopy,Droopy,1,showdown_formeOrder,9,persistent_identity,no,no,Dragon,Water,68,50,60,82,120,95,Commander|Storm Drain,,,,,,,,PokemonShowdown@2ddfa0476f8207e12e204b1c69f7c7683b17633c;PKHeX@8ad201e80244f630ab5a46922ab72fb79c5ad4f4,,,,reference_order_only
978,Tatsugiri,シャリタツ,싸리용,Tatsugiri-Stretchy,Stretchy,2,showdown_formeOrder,9,persistent_identity,no,no,Dragon,Water,68,50,60,82,120,95,Commander|Storm Drain,,,,,,,,PokemonShowdown@2ddfa0476f8207e12e204b1c69f7c7683b17633c;PKHeX@8ad201e80244f630ab5a46922ab72fb79c5ad4f4,,,,reference_order_only
978,Tatsugiri,シャリタツ,싸리용,Tatsugiri-Curly-Mega,Curly-Mega,3,showdown_formeOrder,9,battle_transformation,yes,no,Dragon,Water,68,65,90,92,135,125,Commander|Storm Drain,Tatsugirinite,,,,,Tatsugiri,,PokemonShowdown@2ddfa0476f8207e12e204b1c69f7c7683b17633c;PKHeX@8ad201e80244f630ab5a46922ab72fb79c5ad4f4,,,,reference_order_only
978,Tatsugiri,シャリタツ,싸리용,Tatsugiri-Droopy-Mega,Droopy-Mega,4,showdown_formeOrder,9,battle_transformation,yes,no,Dragon,Water,68,65,90,92,135,125,Commander|Storm Drain,Tatsugirinite,,,,,Tatsugiri-Droopy,,PokemonShowdown@2ddfa0476f8207e12e204b1c69f7c7683b17633c;PKHeX@8ad201e80244f630ab5a46922ab72fb79c5ad4f4,,,,reference_order_only
978,Tatsugiri,シャリタツ,싸리용,Tatsugiri-Stretchy-Mega,Stretchy-Mega,5,showdown_formeOrder,9,battle_transformation,yes,no,Dragon,Water,68,65,90,92,135,125,Commander|Storm Drain,Tatsugirinite,,,,,Tatsugiri-Stretchy,,PokemonShowdown@2ddfa0476f8207e12e204b1c69f7c7683b17633c;PKHeX@8ad201e80244f630ab5a46922ab72fb79c5ad4f4,,,,reference_order_only
982,Dudunsparce,ノココッチ,노고고치,Dudunsparce,Two-Segment,0,showdown_formeOrder,9,base_form,no,no,Normal,,125,100,80,55,85,75,Serene Grace|Run Away|Rattled,,,,,,,,PokemonShowdown@2ddfa0476f8207e12e204b1c69f7c7683b17633c;PKHeX@8ad201e80244f630ab5a46922ab72fb79c5ad4f4,,,,reference_order_only
982,Dudunsparce,ノココッチ,노고고치,Dudunsparce-Three-Segment,Three-Segment,1,showdown_formeOrder,9,persistent_identity,no,no,Normal,,125,100,80,55,85,75,Serene Grace|Run Away|Rattled,,,,,,,,PokemonShowdown@2ddfa0476f8207e12e204b1c69f7c7683b17633c;PKHeX@8ad201e80244f630ab5a46922ab72fb79c5ad4f4,,,,reference_order_only
998,Baxcalibur,セグレイブ,드닐레이브,Baxcalibur,Base,0,showdown_formeOrder,9,base_form,no,no,Dragon,Ice,115,145,92,87,75,86,Thermal Exchange|Ice Body,,,,,,,,PokemonShowdown@2ddfa0476f8207e12e204b1c69f7c7683b17633c;PKHeX@8ad201e80244f630ab5a46922ab72fb79c5ad4f4,,,,reference_order_only
998,Baxcalibur,セグレイブ,드닐레이브,Baxcalibur-Mega,Mega,1,showdown_formeOrder,9,battle_transformation,no,no,Dragon,Ice,115,175,117,87,105,101,Thermal Exchange,Baxcalibrite,,,,,,,PokemonShowdown@2ddfa0476f8207e12e204b1c69f7c7683b17633c;PKHeX@8ad201e80244f630ab5a46922ab72fb79c5ad4f4,,,,reference_order_only
999,Gimmighoul,コレクレー,모으령,Gimmighoul,Chest,0,showdown_formeOrder,9,base_form,no,no,Ghost,,45,30,70,10,75,70,Rattled,,,,,,,,PokemonShowdown@2ddfa0476f8207e12e204b1c69f7c7683b17633c;PKHeX@8ad201e80244f630ab5a46922ab72fb79c5ad4f4,,,,reference_order_only
999,Gimmighoul,コレクレー,모으령,Gimmighoul-Roaming,Roaming,1,showdown_formeOrder,9,persistent_identity,no,no,Ghost,,45,30,25,80,75,45,Run Away,,,,,,,,PokemonShowdown@2ddfa0476f8207e12e204b1c69f7c7683b17633c;PKHeX@8ad201e80244f630ab5a46922ab72fb79c5ad4f4,,,,reference_order_only
1012,Poltchageist,チャデス,차데스,Poltchageist,Counterfeit,0,showdown_formeOrder,9,base_form,no,no,Grass,Ghost,40,45,45,50,74,54,Hospitality|Heatproof,,,,,,,,PokemonShowdown@2ddfa0476f8207e12e204b1c69f7c7683b17633c;PKHeX@8ad201e80244f630ab5a46922ab72fb79c5ad4f4,,,,reference_order_only
1012,Poltchageist,チャデス,차데스,Poltchageist-Artisan,Artisan,1,showdown_formeOrder,9,persistent_identity,no,no,Grass,Ghost,40,45,45,50,74,54,Hospitality|Heatproof,,,,,,,,PokemonShowdown@2ddfa0476f8207e12e204b1c69f7c7683b17633c;PKHeX@8ad201e80244f630ab5a46922ab72fb79c5ad4f4,,,,reference_order_only
1013,Sinistcha,ヤバソチャ,그우린차,Sinistcha,Unremarkable,0,showdown_formeOrder,9,base_form,no,no,Grass,Ghost,71,60,106,70,121,80,Hospitality|Heatproof,,,,,,,,PokemonShowdown@2ddfa0476f8207e12e204b1c69f7c7683b17633c;PKHeX@8ad201e80244f630ab5a46922ab72fb79c5ad4f4,,,,reference_order_only
1013,Sinistcha,ヤバソチャ,그우린차,Sinistcha-Masterpiece,Masterpiece,1,showdown_formeOrder,9,persistent_identity,no,no,Grass,Ghost,71,60,106,70,121,80,Hospitality|Heatproof,,,,,,,,PokemonShowdown@2ddfa0476f8207e12e204b1c69f7c7683b17633c;PKHeX@8ad201e80244f630ab5a46922ab72fb79c5ad4f4,,,,reference_order_only
1017,Ogerpon,オーガポン,오거폰,Ogerpon,Teal,0,showdown_formeOrder,9,base_form,no,no,Grass,,80,120,84,110,60,96,Defiant,,,,Grass,,,,PokemonShowdown@2ddfa0476f8207e12e204b1c69f7c7683b17633c;PKHeX@8ad201e80244f630ab5a46922ab72fb79c5ad4f4,,,,reference_order_only
1017,Ogerpon,オーガポン,오거폰,Ogerpon-Wellspring,Wellspring,1,showdown_formeOrder,9,item_form_plus_tera_binding,no,no,Grass,Water,80,120,84,110,60,96,Water Absorb,Wellspring Mask,,,Water,Ogerpon,,,PokemonShowdown@2ddfa0476f8207e12e204b1c69f7c7683b17633c;PKHeX@8ad201e80244f630ab5a46922ab72fb79c5ad4f4,,,,reference_order_only
1017,Ogerpon,オーガポン,오거폰,Ogerpon-Hearthflame,Hearthflame,2,showdown_formeOrder,9,item_form_plus_tera_binding,no,no,Grass,Fire,80,120,84,110,60,96,Mold Breaker,Hearthflame Mask,,,Fire,Ogerpon,,,PokemonShowdown@2ddfa0476f8207e12e204b1c69f7c7683b17633c;PKHeX@8ad201e80244f630ab5a46922ab72fb79c5ad4f4,,,,reference_order_only
1017,Ogerpon,オーガポン,오거폰,Ogerpon-Cornerstone,Cornerstone,3,showdown_formeOrder,9,item_form_plus_tera_binding,no,no,Grass,Rock,80,120,84,110,60,96,Sturdy,Cornerstone Mask,,,Rock,Ogerpon,,,PokemonShowdown@2ddfa0476f8207e12e204b1c69f7c7683b17633c;PKHeX@8ad201e80244f630ab5a46922ab72fb79c5ad4f4,,,,reference_order_only
1017,Ogerpon,オーガポン,오거폰,Ogerpon-Teal-Embody-Aspect,Teal Embody Aspect,4,PKHeX_FormInfo_exact,9,battle_only_form,yes,no,Grass,,80,120,84,110,60,96,Defiant,,,,,,,,PokemonShowdown@2ddfa0476f8207e12e204b1c69f7c7683b17633c;PKHeX@8ad201e80244f630ab5a46922ab72fb79c5ad4f4,PKHeX FormInfo: Ogerpon form >= 4 is battle-only and reverts with form & 3; represents Terastallized Embody Aspect state.,,,reference_verified
1017,Ogerpon,オーガポン,오거폰,Ogerpon-Teal-Tera,Teal-Tera,4,showdown_formeOrder,9,battle_only_form,yes,no,Grass,,80,120,84,110,60,96,Embody Aspect (Teal),,,,Grass,,Ogerpon,,PokemonShowdown@2ddfa0476f8207e12e204b1c69f7c7683b17633c;PKHeX@8ad201e80244f630ab5a46922ab72fb79c5ad4f4,,,,reference_order_only
1017,Ogerpon,オーガポン,오거폰,Ogerpon-Wellspring-Embody-Aspect,Wellspring Embody Aspect,5,PKHeX_FormInfo_exact,9,battle_only_form,yes,no,Grass,,80,120,84,110,60,96,Defiant,,,,,,,,PokemonShowdown@2ddfa0476f8207e12e204b1c69f7c7683b17633c;PKHeX@8ad201e80244f630ab5a46922ab72fb79c5ad4f4,PKHeX FormInfo: Ogerpon form >= 4 is battle-only and reverts with form & 3; represents Terastallized Embody Aspect state.,,,reference_verified
1017,Ogerpon,オーガポン,오거폰,Ogerpon-Wellspring-Tera,Wellspring-Tera,5,showdown_formeOrder,9,battle_only_form,yes,no,Grass,Water,80,120,84,110,60,96,Embody Aspect (Wellspring),Wellspring Mask,,,Water,,Ogerpon-Wellspring,,PokemonShowdown@2ddfa0476f8207e12e204b1c69f7c7683b17633c;PKHeX@8ad201e80244f630ab5a46922ab72fb79c5ad4f4,,,,reference_order_only
1017,Ogerpon,オーガポン,오거폰,Ogerpon-Hearthflame-Embody-Aspect,Hearthflame Embody Aspect,6,PKHeX_FormInfo_exact,9,battle_only_form,yes,no,Grass,,80,120,84,110,60,96,Defiant,,,,,,,,PokemonShowdown@2ddfa0476f8207e12e204b1c69f7c7683b17633c;PKHeX@8ad201e80244f630ab5a46922ab72fb79c5ad4f4,PKHeX FormInfo: Ogerpon form >= 4 is battle-only and reverts with form & 3; represents Terastallized Embody Aspect state.,,,reference_verified
1017,Ogerpon,オーガポン,오거폰,Ogerpon-Hearthflame-Tera,Hearthflame-Tera,6,showdown_formeOrder,9,battle_only_form,yes,no,Grass,Fire,80,120,84,110,60,96,Embody Aspect (Hearthflame),Hearthflame Mask,,,Fire,,Ogerpon-Hearthflame,,PokemonShowdown@2ddfa0476f8207e12e204b1c69f7c7683b17633c;PKHeX@8ad201e80244f630ab5a46922ab72fb79c5ad4f4,,,,reference_order_only
1017,Ogerpon,オーガポン,오거폰,Ogerpon-Cornerstone-Embody-Aspect,Cornerstone Embody Aspect,7,PKHeX_FormInfo_exact,9,battle_only_form,yes,no,Grass,,80,120,84,110,60,96,Defiant,,,,,,,,PokemonShowdown@2ddfa0476f8207e12e204b1c69f7c7683b17633c;PKHeX@8ad201e80244f630ab5a46922ab72fb79c5ad4f4,PKHeX FormInfo: Ogerpon form >= 4 is battle-only and reverts with form & 3; represents Terastallized Embody Aspect state.,,,reference_verified
1017,Ogerpon,オーガポン,오거폰,Ogerpon-Cornerstone-Tera,Cornerstone-Tera,7,showdown_formeOrder,9,battle_only_form,yes,no,Grass,Rock,80,120,84,110,60,96,Embody Aspect (Cornerstone),Cornerstone Mask,,,Rock,,Ogerpon-Cornerstone,,PokemonShowdown@2ddfa0476f8207e12e204b1c69f7c7683b17633c;PKHeX@8ad201e80244f630ab5a46922ab72fb79c5ad4f4,,,,reference_order_only
1024,Terapagos,テラパゴス,테라파고스,Terapagos,Base,0,showdown_formeOrder,9,base_form,no,no,Normal,,90,65,85,60,65,85,Tera Shift,,,,Stellar,,,,PokemonShowdown@2ddfa0476f8207e12e204b1c69f7c7683b17633c;PKHeX@8ad201e80244f630ab5a46922ab72fb79c5ad4f4,,,,reference_order_only
1024,Terapagos,テラパゴス,테라파고스,Terapagos-Terastal,Terastal,1,showdown_formeOrder,9,battle_only_form,yes,no,Normal,,95,95,110,85,105,110,Tera Shell,,,,Stellar,,Terapagos,,PokemonShowdown@2ddfa0476f8207e12e204b1c69f7c7683b17633c;PKHeX@8ad201e80244f630ab5a46922ab72fb79c5ad4f4,,,,reference_order_only
1024,Terapagos,テラパゴス,테라파고스,Terapagos-Stellar,Stellar,2,showdown_formeOrder,9,battle_only_form,yes,no,Normal,,160,105,110,85,130,110,Teraform Zero,,,,Stellar,,Terapagos,,PokemonShowdown@2ddfa0476f8207e12e204b1c69f7c7683b17633c;PKHeX@8ad201e80244f630ab5a46922ab72fb79c5ad4f4,,,,reference_order_only
