path,blob_sha,size,source_commit,use_policy
PKHeX.Drawing.Misc/PKHeX.Drawing.Misc.csproj,17654169873ec07aadee129b668c38488609dc5f,1073,8ad201e80244f630ab5a46922ab72fb79c5ad4f4,do_not_import_ui
PKHeX.Drawing.Misc/Properties/Resources.Designer.cs,6ef18e4d6ec3d6fb1c39240fa90937706e3eb903,320418,8ad201e80244f630ab5a46922ab72fb79c5ad4f4,do_not_import_ui
PKHeX.Drawing.Misc/Properties/Resources.resx,37d49aa7f06fca28a889012809fffa2cf1b49818,231265,8ad201e80244f630ab5a46922ab72fb79c5ad4f4,do_not_import_ui
PKHeX.Drawing.Misc/QR/QRDecode.cs,12fde08128dba00dcd59c4e7f8f100333b31d4d4,4530,8ad201e80244f630ab5a46922ab72fb79c5ad4f4,do_not_import_ui
PKHeX.Drawing.Misc/QR/QRDecodeResult.cs,b1799dd09f02d9d9818ddaf7abfebf32c4f11a5b,686,8ad201e80244f630ab5a46922ab72fb79c5ad4f4,do_not_import_ui
PKHeX.Drawing.Misc/QR/QREncode.cs,ddd911168843a7cbb83d54d7a5e776e11004b484,2177,8ad201e80244f630ab5a46922ab72fb79c5ad4f4,do_not_import_ui
PKHeX.Drawing.Misc/QR/QRImageUtil.cs,5ae5065a8f04e3924a47746b05aae7d300d237fa,4541,8ad201e80244f630ab5a46922ab72fb79c5ad4f4,do_not_import_ui
PKHeX.Drawing.Misc/Resources/img/Trainer Sprites/tr_00.png,48269dc668da2466ec86bb0abcc0a29f670d02a1,639,8ad201e80244f630ab5a46922ab72fb79c5ad4f4,do_not_import_ui
PKHeX.Drawing.Misc/Resources/img/Trainer Sprites/tr_01.png,e0435310a03c333ffdaeff31899083aebb02ff35,552,8ad201e80244f630ab5a46922ab72fb79c5ad4f4,do_not_import_ui
PKHeX.Drawing.Misc/Resources/img/Trainer Sprites/tr_02.png,dbbdc9e5e7796da375cf17dda39fc596498fdb38,525,8ad201e80244f630ab5a46922ab72fb79c5ad4f4,do_not_import_ui
PKHeX.Drawing.Misc/Resources/img/Trainer Sprites/tr_03.png,98e0d815bacd74e5105e2daf62f492faacbf0c30,565,8ad201e80244f630ab5a46922ab72fb79c5ad4f4,do_not_import_ui
PKHeX.Drawing.Misc/Resources/img/Trainer Sprites/tr_04.png,ed8addd11a3ff0e265b87a491423513cd5a71c05,530,8ad201e80244f630ab5a46922ab72fb79c5ad4f4,do_not_import_ui
PKHeX.Drawing.Misc/Resources/img/Trainer Sprites/tr_05.png,f584d0da627607029b6726fb5873cd977221e16b,456,8ad201e80244f630ab5a46922ab72fb79c5ad4f4,do_not_import_ui
PKHeX.Drawing.Misc/Resources/img/Trainer Sprites/tr_06.png,1d1bca9820c76bc0870932db00593197e8c88060,516,8ad201e80244f630ab5a46922ab72fb79c5ad4f4,do_not_import_ui
PKHeX.Drawing.Misc/Resources/img/Trainer Sprites/tr_07.png,c1dad206d6b9eaf247f14dd0527124b011a3e7d1,522,8ad201e80244f630ab5a46922ab72fb79c5ad4f4,do_not_import_ui
PKHeX.Drawing.Misc/Resources/img/Trainer Sprites/tr_08.png,32277a6e9ad11bf238e5599be215b74503379685,495,8ad201e80244f630ab5a46922ab72fb79c5ad4f4,do_not_import_ui
PKHeX.Drawing.Misc/Resources/img/Trainer Sprites/tr_09.png,78dca73a592fcfd2be3292210a799c8c65ab23c5,480,8ad201e80244f630ab5a46922ab72fb79c5ad4f4,do_not_import_ui
PKHeX.Drawing.Misc/Resources/img/Trainer Sprites/tr_10.png,dd2f1e94c499114c1b24345f91e7efcc88381d23,615,8ad201e80244f630ab5a46922ab72fb79c5ad4f4,do_not_import_ui
PKHeX.Drawing.Misc/Resources/img/Trainer Sprites/tr_11.png,106ae31d75fbab0ec8e7119150e0b86f9c055f7a,428,8ad201e80244f630ab5a46922ab72fb79c5ad4f4,do_not_import_ui
PKHeX.Drawing.Misc/Resources/img/Trainer Sprites/tr_12.png,42c5491a74f583f467b496574e59a6f2aad7248a,472,8ad201e80244f630ab5a46922ab72fb79c5ad4f4,do_not_import_ui
PKHeX.Drawing.Misc/Resources/img/Trainer Sprites/tr_128.png,c97f286be43010e0211dde5c68a87c1847dd77af,367,8ad201e80244f630ab5a46922ab72fb79c5ad4f4,do_not_import_ui
PKHeX.Drawing.Misc/Resources/img/Trainer Sprites/tr_129.png,8093ddce38743d8ee792d1070e09a8697fdb8853,279,8ad201e80244f630ab5a46922ab72fb79c5ad4f4,do_not_import_ui
PKHeX.Drawing.Misc/Resources/img/Trainer Sprites/tr_13.png,06e5e990fb81666f4fa0117a14eb635dad26dbfb,455,8ad201e80244f630ab5a46922ab72fb79c5ad4f4,do_not_import_ui
PKHeX.Drawing.Misc/Resources/img/Trainer Sprites/tr_14.png,40ca3d2ff5d19c713feac9b5557fe6371d7ea3e1,584,8ad201e80244f630ab5a46922ab72fb79c5ad4f4,do_not_import_ui
PKHeX.Drawing.Misc/Resources/img/Trainer Sprites/tr_15.png,fdb0d78c99a1bba1ef4bf03d09658c7b57731cb5,544,8ad201e80244f630ab5a46922ab72fb79c5ad4f4,do_not_import_ui
PKHeX.Drawing.Misc/Resources/img/Trainer Sprites/tr_16.png,200509fcadfc79108b2891213d245f75363136c2,429,8ad201e80244f630ab5a46922ab72fb79c5ad4f4,do_not_import_ui
PKHeX.Drawing.Misc/Resources/img/Trainer Sprites/tr_17.png,8f2d568c6680d2f95b943c452fa06d6ffff30439,85,8ad201e80244f630ab5a46922ab72fb79c5ad4f4,do_not_import_ui
PKHeX.Drawing.Misc/Resources/img/Trainer Sprites/tr_18.png,2e0582e54f3c9de0c759311c17217e5b16a5aca0,501,8ad201e80244f630ab5a46922ab72fb79c5ad4f4,do_not_import_ui
PKHeX.Drawing.Misc/Resources/img/Trainer Sprites/tr_19.png,0b5648588c83c70d7a2b8d7bb7e9660fbe5fff45,501,8ad201e80244f630ab5a46922ab72fb79c5ad4f4,do_not_import_ui
PKHeX.Drawing.Misc/Resources/img/Trainer Sprites/tr_20.png,35c095c73c5adec99ea280fda6eb98e98523f31b,498,8ad201e80244f630ab5a46922ab72fb79c5ad4f4,do_not_import_ui
PKHeX.Drawing.Misc/Resources/img/Trainer Sprites/tr_21.png,d725402c023761d4c9c8997114aa72a3dfeaad25,483,8ad201e80244f630ab5a46922ab72fb79c5ad4f4,do_not_import_ui
PKHeX.Drawing.Misc/Resources/img/Trainer Sprites/tr_22.png,fbb8c353ab6616b77275ff9fa0b716f132e4b66e,431,8ad201e80244f630ab5a46922ab72fb79c5ad4f4,do_not_import_ui
PKHeX.Drawing.Misc/Resources/img/Trainer Sprites/tr_23.png,f7fa8cc2cbdc54d4d79a23f8e9714caa41553729,498,8ad201e80244f630ab5a46922ab72fb79c5ad4f4,do_not_import_ui
PKHeX.Drawing.Misc/Resources/img/Trainer Sprites/tr_24.png,ae6e1272e89de1227fbd18778797fa1d79dbad20,520,8ad201e80244f630ab5a46922ab72fb79c5ad4f4,do_not_import_ui
PKHeX.Drawing.Misc/Resources/img/Trainer Sprites/tr_25.png,8f2d568c6680d2f95b943c452fa06d6ffff30439,85,8ad201e80244f630ab5a46922ab72fb79c5ad4f4,do_not_import_ui
PKHeX.Drawing.Misc/Resources/img/Trainer Sprites/tr_26.png,9127120bf4bee35e6cb035979b9567f77b2d59a6,513,8ad201e80244f630ab5a46922ab72fb79c5ad4f4,do_not_import_ui
PKHeX.Drawing.Misc/Resources/img/Trainer Sprites/tr_27.png,3e590f5726c1ed29729615f963af620478af8c2b,445,8ad201e80244f630ab5a46922ab72fb79c5ad4f4,do_not_import_ui
PKHeX.Drawing.Misc/Resources/img/Trainer Sprites/tr_28.png,ac70476b2158b77b6e13bfe03f06d5d337b817ce,458,8ad201e80244f630ab5a46922ab72fb79c5ad4f4,do_not_import_ui
PKHeX.Drawing.Misc/Resources/img/Trainer Sprites/tr_29.png,93dbe0cf8291c4261d5fbd3d797ec5ad93edb913,474,8ad201e80244f630ab5a46922ab72fb79c5ad4f4,do_not_import_ui
PKHeX.Drawing.Misc/Resources/img/Trainer Sprites/tr_30.png,17abea5e11aeb83667fd0af321ba28f4f5adadb4,470,8ad201e80244f630ab5a46922ab72fb79c5ad4f4,do_not_import_ui
PKHeX.Drawing.Misc/Resources/img/Trainer Sprites/tr_31.png,154a7680a1de6271fc5a30580b67a161d0f8ef8b,435,8ad201e80244f630ab5a46922ab72fb79c5ad4f4,do_not_import_ui
PKHeX.Drawing.Misc/Resources/img/Trainer Sprites/tr_32.png,c53dc149c019e48dd220b765462050ae32051e90,451,8ad201e80244f630ab5a46922ab72fb79c5ad4f4,do_not_import_ui
PKHeX.Drawing.Misc/Resources/img/Trainer Sprites/tr_33.png,8cb1371302e4e90d7ea244044cb692e2701fff20,539,8ad201e80244f630ab5a46922ab72fb79c5ad4f4,do_not_import_ui
PKHeX.Drawing.Misc/Resources/img/Trainer Sprites/tr_34.png,213fe2f61ee92607632f0da289adddce8f890788,544,8ad201e80244f630ab5a46922ab72fb79c5ad4f4,do_not_import_ui
PKHeX.Drawing.Misc/Resources/img/Trainer Sprites/tr_35.png,16ee26d4e9b544b5d8e5396811cb9d7297b1b750,390,8ad201e80244f630ab5a46922ab72fb79c5ad4f4,do_not_import_ui
PKHeX.Drawing.Misc/Resources/img/Trainer Sprites/tr_36.png,da0c8d92f1cdbad6087d771511146b35ef791f44,441,8ad201e80244f630ab5a46922ab72fb79c5ad4f4,do_not_import_ui
PKHeX.Drawing.Misc/Resources/img/Trainer Sprites/tr_37.png,6ff9b73d57f8b21443926d901c2ae8cf77e47f7b,435,8ad201e80244f630ab5a46922ab72fb79c5ad4f4,do_not_import_ui
PKHeX.Drawing.Misc/Resources/img/Trainer Sprites/tr_38.png,a1e18f95510abfa08184cc7a5c98d89be4526a98,540,8ad201e80244f630ab5a46922ab72fb79c5ad4f4,do_not_import_ui
PKHeX.Drawing.Misc/Resources/img/Trainer Sprites/tr_39.png,8f2d568c6680d2f95b943c452fa06d6ffff30439,85,8ad201e80244f630ab5a46922ab72fb79c5ad4f4,do_not_import_ui
PKHeX.Drawing.Misc/Resources/img/Trainer Sprites/tr_40.png,61c53e4df996a5fddacaf326b11ac6dc6c281136,527,8ad201e80244f630ab5a46922ab72fb79c5ad4f4,do_not_import_ui
PKHeX.Drawing.Misc/Resources/img/Trainer Sprites/tr_41.png,e31f1ab7352ebd0ebf3ec193e805751ea545f3bc,454,8ad201e80244f630ab5a46922ab72fb79c5ad4f4,do_not_import_ui
PKHeX.Drawing.Misc/Resources/img/Trainer Sprites/tr_42.png,031d4676e1a77f122dd94dfe1631462711da495b,449,8ad201e80244f630ab5a46922ab72fb79c5ad4f4,do_not_import_ui
PKHeX.Drawing.Misc/Resources/img/Trainer Sprites/tr_43.png,a15e47109ccec72e98adbda191d6f283fc1e7847,428,8ad201e80244f630ab5a46922ab72fb79c5ad4f4,do_not_import_ui
PKHeX.Drawing.Misc/Resources/img/Trainer Sprites/tr_44.png,154a7680a1de6271fc5a30580b67a161d0f8ef8b,435,8ad201e80244f630ab5a46922ab72fb79c5ad4f4,do_not_import_ui
PKHeX.Drawing.Misc/Resources/img/Trainer Sprites/tr_45.png,0d421cb1e3ec2c9c2f8f7fa6fc90138c16b13be5,442,8ad201e80244f630ab5a46922ab72fb79c5ad4f4,do_not_import_ui
PKHeX.Drawing.Misc/Resources/img/Trainer Sprites/tr_46.png,ab25baa0c91cf425eaf3976de82b4d13d315f45d,456,8ad201e80244f630ab5a46922ab72fb79c5ad4f4,do_not_import_ui
PKHeX.Drawing.Misc/Resources/img/Trainer Sprites/tr_47.png,8cb1371302e4e90d7ea244044cb692e2701fff20,539,8ad201e80244f630ab5a46922ab72fb79c5ad4f4,do_not_import_ui
PKHeX.Drawing.Misc/Resources/img/Trainer Sprites/tr_48.png,e91cf2b4ea82a5b9dfd529647df765d125b8d2df,430,8ad201e80244f630ab5a46922ab72fb79c5ad4f4,do_not_import_ui
PKHeX.Drawing.Misc/Resources/img/Trainer Sprites/tr_49.png,7872980e02ea6ad7ba49562ff26fe43a578a20df,432,8ad201e80244f630ab5a46922ab72fb79c5ad4f4,do_not_import_ui
PKHeX.Drawing.Misc/Resources/img/Trainer Sprites/tr_50.png,61b51731aa032f42be8f0014e91181c91172a393,422,8ad201e80244f630ab5a46922ab72fb79c5ad4f4,do_not_import_ui
PKHeX.Drawing.Misc/Resources/img/Trainer Sprites/tr_51.png,72c92a5dcb87abf2e9d5ed385c1c80c4cb0619e5,458,8ad201e80244f630ab5a46922ab72fb79c5ad4f4,do_not_import_ui
PKHeX.Drawing.Misc/Resources/img/Trainer Sprites/tr_52.png,2fc77bd097a18a14bea06b6cf18edc099aae6c35,434,8ad201e80244f630ab5a46922ab72fb79c5ad4f4,do_not_import_ui
PKHeX.Drawing.Misc/Resources/img/Trainer Sprites/tr_53.png,c85312024a48f3b5587c8a54eb94d0a7ecba9849,486,8ad201e80244f630ab5a46922ab72fb79c5ad4f4,do_not_import_ui
PKHeX.Drawing.Misc/Resources/img/Trainer Sprites/tr_54.png,a1b4d259e7bff30440cc0714bd715831ebe51bfa,460,8ad201e80244f630ab5a46922ab72fb79c5ad4f4,do_not_import_ui
PKHeX.Drawing.Misc/Resources/img/Trainer Sprites/tr_55.png,dee884fdd606e1a4cb0e19715c31f0eb0255cdca,450,8ad201e80244f630ab5a46922ab72fb79c5ad4f4,do_not_import_ui
PKHeX.Drawing.Misc/Resources/img/Trainer Sprites/tr_56.png,10e2cc8b7a7799fb32faf64052e815a05e594c11,449,8ad201e80244f630ab5a46922ab72fb79c5ad4f4,do_not_import_ui
PKHeX.Drawing.Misc/Resources/img/Trainer Sprites/tr_57.png,71295235f6c3574b286b9baceb6862cb8af8f8ed,431,8ad201e80244f630ab5a46922ab72fb79c5ad4f4,do_not_import_ui
PKHeX.Drawing.Misc/Resources/img/Trainer Sprites/tr_58.png,e15bdd72bf29cbb8a2cb69a7a5fcbb1e0c6215f3,462,8ad201e80244f630ab5a46922ab72fb79c5ad4f4,do_not_import_ui
PKHeX.Drawing.Misc/Resources/img/Trainer Sprites/tr_59.png,2cf4b93b61eb3e33c626b4242700aac9c387868d,438,8ad201e80244f630ab5a46922ab72fb79c5ad4f4,do_not_import_ui
PKHeX.Drawing.Misc/Resources/img/Trainer Sprites/tr_60.png,da0272f6107a4e89283b456ec696e0dc2fa96268,482,8ad201e80244f630ab5a46922ab72fb79c5ad4f4,do_not_import_ui
PKHeX.Drawing.Misc/Resources/img/Trainer Sprites/tr_61.png,23937996170eb504a1b1fabd3a6929a43b1c5209,449,8ad201e80244f630ab5a46922ab72fb79c5ad4f4,do_not_import_ui
PKHeX.Drawing.Misc/Resources/img/Trainer Sprites/tr_62.png,aff494700e7caaeee3a1e8c9996a2c5470731ce4,442,8ad201e80244f630ab5a46922ab72fb79c5ad4f4,do_not_import_ui
PKHeX.Drawing.Misc/Resources/img/Trainer Sprites/tr_63.png,7d654135d81570af3b85f2bec09df3ca9badaf85,448,8ad201e80244f630ab5a46922ab72fb79c5ad4f4,do_not_import_ui
PKHeX.Drawing.Misc/Resources/img/Trainer Sprites/tr_64.png,852f0d14cc601232709a2462e87243801df7c42e,454,8ad201e80244f630ab5a46922ab72fb79c5ad4f4,do_not_import_ui
PKHeX.Drawing.Misc/Resources/img/Trainer Sprites/tr_65.png,aae9632f97147471ddaaa2729a22c428d2e971d5,463,8ad201e80244f630ab5a46922ab72fb79c5ad4f4,do_not_import_ui
PKHeX.Drawing.Misc/Resources/img/Trainer Sprites/tr_66.png,26c20dc471a8763ebf8c0f2124e0d8cfe0166e7d,416,8ad201e80244f630ab5a46922ab72fb79c5ad4f4,do_not_import_ui
PKHeX.Drawing.Misc/Resources/img/Trainer Sprites/tr_67.png,72406d4c20ec8f05470f18710e58d0a395d9dbbd,446,8ad201e80244f630ab5a46922ab72fb79c5ad4f4,do_not_import_ui
PKHeX.Drawing.Misc/Resources/img/Trainer Sprites/tr_68.png,ddec49ae05f369cccbdd08bab2d09369debcd103,427,8ad201e80244f630ab5a46922ab72fb79c5ad4f4,do_not_import_ui
PKHeX.Drawing.Misc/Resources/img/Trainer Sprites/tr_69.png,44f032a333179fd0a56af472b39fa568c20b2083,430,8ad201e80244f630ab5a46922ab72fb79c5ad4f4,do_not_import_ui
PKHeX.Drawing.Misc/Resources/img/Trainer Sprites/tr_70.png,4095f1c0ddd5aa570921b2366c00088085734c68,491,8ad201e80244f630ab5a46922ab72fb79c5ad4f4,do_not_import_ui
PKHeX.Drawing.Misc/Resources/img/Trainer Sprites/tr_71.png,16591c1b1553e1f866cd683c463edb18907c0063,475,8ad201e80244f630ab5a46922ab72fb79c5ad4f4,do_not_import_ui
PKHeX.Drawing.Misc/Resources/img/Trainer Sprites/tr_72.png,5713f577ebb5a90b1672c3a8573e61d1f983c2b4,438,8ad201e80244f630ab5a46922ab72fb79c5ad4f4,do_not_import_ui
PKHeX.Drawing.Misc/Resources/img/Trainer Sprites/tr_73.png,2a593e633f964433c550cd0fb6b45a57eb48ceee,544,8ad201e80244f630ab5a46922ab72fb79c5ad4f4,do_not_import_ui
PKHeX.Drawing.Misc/Resources/img/box/ao/box_wp17ao.png,9037da29458032c5edc7908627aeff90beed9f06,19365,8ad201e80244f630ab5a46922ab72fb79c5ad4f4,do_not_import_ui
PKHeX.Drawing.Misc/Resources/img/box/ao/box_wp18ao.png,e3b4a5378a0b236cdd4b10b9182dfcfc68482c22,33081,8ad201e80244f630ab5a46922ab72fb79c5ad4f4,do_not_import_ui
PKHeX.Drawing.Misc/Resources/img/box/ao/box_wp19ao.png,1f4c6a0c1baaf5e66d5f7df759ea28a24630b9c5,32173,8ad201e80244f630ab5a46922ab72fb79c5ad4f4,do_not_import_ui
PKHeX.Drawing.Misc/Resources/img/box/ao/box_wp20ao.png,c228ed28288f6135ca625bc804d15ab2fe619d71,37968,8ad201e80244f630ab5a46922ab72fb79c5ad4f4,do_not_import_ui
PKHeX.Drawing.Misc/Resources/img/box/ao/box_wp21ao.png,4de6a47a3ab098efea7c23a7cbf6bb187f118ae6,32159,8ad201e80244f630ab5a46922ab72fb79c5ad4f4,do_not_import_ui
PKHeX.Drawing.Misc/Resources/img/box/ao/box_wp22ao.png,2032097972792e9edc884842ab91c9563f76cc96,27907,8ad201e80244f630ab5a46922ab72fb79c5ad4f4,do_not_import_ui
PKHeX.Drawing.Misc/Resources/img/box/ao/box_wp23ao.png,92b38f0599df7d38ebcd6553845cb9d336340366,31078,8ad201e80244f630ab5a46922ab72fb79c5ad4f4,do_not_import_ui
PKHeX.Drawing.Misc/Resources/img/box/ao/box_wp24ao.png,ffb20b34a36d9886cf4687e9579b281457a216e1,28656,8ad201e80244f630ab5a46922ab72fb79c5ad4f4,do_not_import_ui
PKHeX.Drawing.Misc/Resources/img/box/b2w2/box_wp17b2w2.png,e355366040394e5855803a962e8fd235a3937323,881,8ad201e80244f630ab5a46922ab72fb79c5ad4f4,do_not_import_ui
PKHeX.Drawing.Misc/Resources/img/box/b2w2/box_wp18b2w2.png,29ef016c5cb93734d46c7e7bf4e7271c5bb29523,1670,8ad201e80244f630ab5a46922ab72fb79c5ad4f4,do_not_import_ui
PKHeX.Drawing.Misc/Resources/img/box/b2w2/box_wp19b2w2.png,afe6a90c906036b989b7655a5b2f35c6d827cf4c,1169,8ad201e80244f630ab5a46922ab72fb79c5ad4f4,do_not_import_ui
PKHeX.Drawing.Misc/Resources/img/box/b2w2/box_wp20b2w2.png,fa17d38991cd92bd0ea20e722c108764e06a2861,1362,8ad201e80244f630ab5a46922ab72fb79c5ad4f4,do_not_import_ui
PKHeX.Drawing.Misc/Resources/img/box/b2w2/box_wp21b2w2.png,eb8e2cd2266520260d2a3b6e32b4a2e3da9a1c45,2150,8ad201e80244f630ab5a46922ab72fb79c5ad4f4,do_not_import_ui
PKHeX.Drawing.Misc/Resources/img/box/b2w2/box_wp22b2w2.png,bd3a0e3a16c7ce77d76f5434603f7e79496b96c1,2196,8ad201e80244f630ab5a46922ab72fb79c5ad4f4,do_not_import_ui
PKHeX.Drawing.Misc/Resources/img/box/b2w2/box_wp23b2w2.png,0d961d61d7af5f2485fef29770a33a8b73644905,2288,8ad201e80244f630ab5a46922ab72fb79c5ad4f4,do_not_import_ui
PKHeX.Drawing.Misc/Resources/img/box/b2w2/box_wp24b2w2.png,d309632fbea0a81df2e89320ec1fddec6755708b,2363,8ad201e80244f630ab5a46922ab72fb79c5ad4f4,do_not_import_ui
PKHeX.Drawing.Misc/Resources/img/box/bdsp/box_wp01bdsp.png,891a439b56384088c92b955fce9b9b71f777c734,16513,8ad201e80244f630ab5a46922ab72fb79c5ad4f4,do_not_import_ui
PKHeX.Drawing.Misc/Resources/img/box/bdsp/box_wp02bdsp.png,8babbaa24cc78a2cfe61cfd693db778a1274a6d0,2858,8ad201e80244f630ab5a46922ab72fb79c5ad4f4,do_not_import_ui
PKHeX.Drawing.Misc/Resources/img/box/bdsp/box_wp03bdsp.png,196e177b332aa226dcc38a632f48ddfd440f622d,56826,8ad201e80244f630ab5a46922ab72fb79c5ad4f4,do_not_import_ui
PKHeX.Drawing.Misc/Resources/img/box/bdsp/box_wp04bdsp.png,e9242d5a29e54c58568ac220f8332ffdea9ac377,23752,8ad201e80244f630ab5a46922ab72fb79c5ad4f4,do_not_import_ui
PKHeX.Drawing.Misc/Resources/img/box/bdsp/box_wp05bdsp.png,99c8912b3f6758042edcefb035cdf003ddffc073,49366,8ad201e80244f630ab5a46922ab72fb79c5ad4f4,do_not_import_ui
PKHeX.Drawing.Misc/Resources/img/box/bdsp/box_wp06bdsp.png,fdc0944507753a476bf1fbf090e3f4d18ef6630c,286238,8ad201e80244f630ab5a46922ab72fb79c5ad4f4,do_not_import_ui
PKHeX.Drawing.Misc/Resources/img/box/bdsp/box_wp07bdsp.png,2a74cbe23c367f27b27b886a6f46286089bb90e9,106137,8ad201e80244f630ab5a46922ab72fb79c5ad4f4,do_not_import_ui
PKHeX.Drawing.Misc/Resources/img/box/bdsp/box_wp08bdsp.png,08c519a0d3baa882d9870c7f4f361721b57f7d1e,194765,8ad201e80244f630ab5a46922ab72fb79c5ad4f4,do_not_import_ui
PKHeX.Drawing.Misc/Resources/img/box/bdsp/box_wp09bdsp.png,c5f3486a4d0b474d6b922e7664b151f8e64cbd4a,63873,8ad201e80244f630ab5a46922ab72fb79c5ad4f4,do_not_import_ui
PKHeX.Drawing.Misc/Resources/img/box/bdsp/box_wp10bdsp.png,f1d0b2f2afc058d1c2e2076aa968637481210959,75481,8ad201e80244f630ab5a46922ab72fb79c5ad4f4,do_not_import_ui
PKHeX.Drawing.Misc/Resources/img/box/bdsp/box_wp11bdsp.png,d9e62f7797b2e34cac3a574a224a2e2328ebeff2,40921,8ad201e80244f630ab5a46922ab72fb79c5ad4f4,do_not_import_ui
PKHeX.Drawing.Misc/Resources/img/box/bdsp/box_wp12bdsp.png,2994cdd06abb3ea74a5508f5e9ec5a8b6ec56621,19914,8ad201e80244f630ab5a46922ab72fb79c5ad4f4,do_not_import_ui
PKHeX.Drawing.Misc/Resources/img/box/bdsp/box_wp13bdsp.png,49721d0905202b9f160b9adbabcf382c79f20efb,11673,8ad201e80244f630ab5a46922ab72fb79c5ad4f4,do_not_import_ui
PKHeX.Drawing.Misc/Resources/img/box/bdsp/box_wp14bdsp.png,b4386cb173d9103c008acd2e8123384226884a6c,415366,8ad201e80244f630ab5a46922ab72fb79c5ad4f4,do_not_import_ui
PKHeX.Drawing.Misc/Resources/img/box/bdsp/box_wp15bdsp.png,40ccaa073dbcdbcad2a6014df8fbc3693197c04e,6182,8ad201e80244f630ab5a46922ab72fb79c5ad4f4,do_not_import_ui
PKHeX.Drawing.Misc/Resources/img/box/bdsp/box_wp16bdsp.png,1955d34bada7eec0c1077b8a63878c92751c8577,84788,8ad201e80244f630ab5a46922ab72fb79c5ad4f4,do_not_import_ui
PKHeX.Drawing.Misc/Resources/img/box/bdsp/box_wp17bdsp.png,e92affc314b2e65ea59f9772215a49dd74278588,130680,8ad201e80244f630ab5a46922ab72fb79c5ad4f4,do_not_import_ui
PKHeX.Drawing.Misc/Resources/img/box/bdsp/box_wp18bdsp.png,20e7b2c5bbe9a5e78616a31accf9695bc9b7efca,253684,8ad201e80244f630ab5a46922ab72fb79c5ad4f4,do_not_import_ui
PKHeX.Drawing.Misc/Resources/img/box/bdsp/box_wp19bdsp.png,838e1ee25a73a9fc119a296b5dbb35c249e0f0b8,20329,8ad201e80244f630ab5a46922ab72fb79c5ad4f4,do_not_import_ui
PKHeX.Drawing.Misc/Resources/img/box/bdsp/box_wp20bdsp.png,7439fd6583d1451ff153b65cd86aeda747f6d140,24012,8ad201e80244f630ab5a46922ab72fb79c5ad4f4,do_not_import_ui
PKHeX.Drawing.Misc/Resources/img/box/bdsp/box_wp21bdsp.png,11ddc98da68895dd413444d8feea1b9d6ce960fe,76235,8ad201e80244f630ab5a46922ab72fb79c5ad4f4,do_not_import_ui
PKHeX.Drawing.Misc/Resources/img/box/bdsp/box_wp22bdsp.png,60aa02a210bccb15d5baec79945d0ff6ffa52924,40155,8ad201e80244f630ab5a46922ab72fb79c5ad4f4,do_not_import_ui
PKHeX.Drawing.Misc/Resources/img/box/bdsp/box_wp23bdsp.png,f9272cd38b1bdbd820702365972e7843a477323e,78805,8ad201e80244f630ab5a46922ab72fb79c5ad4f4,do_not_import_ui
PKHeX.Drawing.Misc/Resources/img/box/bdsp/box_wp24bdsp.png,5e8f81405b691cdae498e878e03613d5b28067b0,20305,8ad201e80244f630ab5a46922ab72fb79c5ad4f4,do_not_import_ui
PKHeX.Drawing.Misc/Resources/img/box/bdsp/box_wp25bdsp.png,00f3258601a9d98b79f5b2b679ca81aeb0cc9b77,98417,8ad201e80244f630ab5a46922ab72fb79c5ad4f4,do_not_import_ui
PKHeX.Drawing.Misc/Resources/img/box/bdsp/box_wp26bdsp.png,8af82bb57e9ff2d44cd894067999713c2f9d08d6,84816,8ad201e80244f630ab5a46922ab72fb79c5ad4f4,do_not_import_ui
PKHeX.Drawing.Misc/Resources/img/box/bdsp/box_wp27bdsp.png,386242591098d9e6bf98f19ac03d77caf95f3987,103998,8ad201e80244f630ab5a46922ab72fb79c5ad4f4,do_not_import_ui
PKHeX.Drawing.Misc/Resources/img/box/bdsp/box_wp28bdsp.png,43165a0dc6f443d4d7f731d017e0ed371092c615,49479,8ad201e80244f630ab5a46922ab72fb79c5ad4f4,do_not_import_ui
PKHeX.Drawing.Misc/Resources/img/box/bdsp/box_wp29bdsp.png,601debf52c4a3de93296e92585e230865cbc4abb,21456,8ad201e80244f630ab5a46922ab72fb79c5ad4f4,do_not_import_ui
PKHeX.Drawing.Misc/Resources/img/box/bdsp/box_wp30bdsp.png,e602fadf4dcefbaefb9bce8fd18cdb5cc96d43fe,63009,8ad201e80244f630ab5a46922ab72fb79c5ad4f4,do_not_import_ui
PKHeX.Drawing.Misc/Resources/img/box/bdsp/box_wp31bdsp.png,046a52a65bb726e67eba31023f5ab7c69c472722,28941,8ad201e80244f630ab5a46922ab72fb79c5ad4f4,do_not_import_ui
PKHeX.Drawing.Misc/Resources/img/box/bdsp/box_wp32bdsp.png,8a0d86255b7c8a0b927960e3a677114fe8b1db21,53971,8ad201e80244f630ab5a46922ab72fb79c5ad4f4,do_not_import_ui
PKHeX.Drawing.Misc/Resources/img/box/bw/box_wp01bw.png,5f78154f11ee6c1008c81376999706ca0c82e8ca,245,8ad201e80244f630ab5a46922ab72fb79c5ad4f4,do_not_import_ui
PKHeX.Drawing.Misc/Resources/img/box/bw/box_wp02bw.png,f2b4fc48886fcf53ad34ac128088808bcca7f5db,220,8ad201e80244f630ab5a46922ab72fb79c5ad4f4,do_not_import_ui
PKHeX.Drawing.Misc/Resources/img/box/bw/box_wp03bw.png,ce878137e6a64c991bd51158fce188a73ed7da18,450,8ad201e80244f630ab5a46922ab72fb79c5ad4f4,do_not_import_ui
PKHeX.Drawing.Misc/Resources/img/box/bw/box_wp04bw.png,b2cea1c5ccbcba034c904d79facfd3d8ed5f4de3,380,8ad201e80244f630ab5a46922ab72fb79c5ad4f4,do_not_import_ui
PKHeX.Drawing.Misc/Resources/img/box/bw/box_wp05bw.png,779aaac24a6d277abf6abca123c3472a5fde7a31,702,8ad201e80244f630ab5a46922ab72fb79c5ad4f4,do_not_import_ui
PKHeX.Drawing.Misc/Resources/img/box/bw/box_wp06bw.png,0af765f03d143eca0b132b03a5c6f6f1b3046b89,448,8ad201e80244f630ab5a46922ab72fb79c5ad4f4,do_not_import_ui
PKHeX.Drawing.Misc/Resources/img/box/bw/box_wp07bw.png,6dfefef484f295e994f2a9d083ae4d2305528025,273,8ad201e80244f630ab5a46922ab72fb79c5ad4f4,do_not_import_ui
PKHeX.Drawing.Misc/Resources/img/box/bw/box_wp08bw.png,cc6c5eb5f7cc1306e5f0dc4b514ba9e0ce43aa5f,524,8ad201e80244f630ab5a46922ab72fb79c5ad4f4,do_not_import_ui
PKHeX.Drawing.Misc/Resources/img/box/bw/box_wp09bw.png,0d19428fb561913606bbb86f582080ea4e876ca1,304,8ad201e80244f630ab5a46922ab72fb79c5ad4f4,do_not_import_ui
PKHeX.Drawing.Misc/Resources/img/box/bw/box_wp10bw.png,53cecb9912789b078237f268842c8765819595fd,465,8ad201e80244f630ab5a46922ab72fb79c5ad4f4,do_not_import_ui
PKHeX.Drawing.Misc/Resources/img/box/bw/box_wp11bw.png,6300d78f44de2f65be134c3e3d45b53d51bebef3,412,8ad201e80244f630ab5a46922ab72fb79c5ad4f4,do_not_import_ui
PKHeX.Drawing.Misc/Resources/img/box/bw/box_wp12bw.png,64c3d2013f64b7912171ba01fa8bfaa9e02e1142,694,8ad201e80244f630ab5a46922ab72fb79c5ad4f4,do_not_import_ui
PKHeX.Drawing.Misc/Resources/img/box/bw/box_wp13bw.png,652d5581ad949079137ff543be5d48e6594c55fb,385,8ad201e80244f630ab5a46922ab72fb79c5ad4f4,do_not_import_ui
PKHeX.Drawing.Misc/Resources/img/box/bw/box_wp14bw.png,8f147b46843c329d48aaa587ada88d4a69bcf95a,503,8ad201e80244f630ab5a46922ab72fb79c5ad4f4,do_not_import_ui
PKHeX.Drawing.Misc/Resources/img/box/bw/box_wp15bw.png,47e8fea5df40130c593a4e4174d24ad27de3de47,284,8ad201e80244f630ab5a46922ab72fb79c5ad4f4,do_not_import_ui
PKHeX.Drawing.Misc/Resources/img/box/bw/box_wp16bw.png,f37d2c88f25894c2b4554aab24cd29ac85ad60d1,183,8ad201e80244f630ab5a46922ab72fb79c5ad4f4,do_not_import_ui
PKHeX.Drawing.Misc/Resources/img/box/bw/box_wp17bw.png,ccd4fd191383c0330a9cbb39ac8ae35362872b99,2179,8ad201e80244f630ab5a46922ab72fb79c5ad4f4,do_not_import_ui
PKHeX.Drawing.Misc/Resources/img/box/bw/box_wp18bw.png,48b8b666d9b001bb03fc14e8879a8ecae246ede1,1578,8ad201e80244f630ab5a46922ab72fb79c5ad4f4,do_not_import_ui
PKHeX.Drawing.Misc/Resources/img/box/bw/box_wp19bw.png,d03f1d5cc2bb9e42cd647924c401dfc220304d8c,627,8ad201e80244f630ab5a46922ab72fb79c5ad4f4,do_not_import_ui
PKHeX.Drawing.Misc/Resources/img/box/bw/box_wp20bw.png,b56f4db9a341e20e4751f59dd85e67506df5f5e5,1027,8ad201e80244f630ab5a46922ab72fb79c5ad4f4,do_not_import_ui
PKHeX.Drawing.Misc/Resources/img/box/bw/box_wp21bw.png,e1d390a2d6b2d7d5a31b9944675668b21a47f9dc,1683,8ad201e80244f630ab5a46922ab72fb79c5ad4f4,do_not_import_ui
PKHeX.Drawing.Misc/Resources/img/box/bw/box_wp22bw.png,2b559150b7e7bd3d49900bd6544d488a1f8b03f7,1487,8ad201e80244f630ab5a46922ab72fb79c5ad4f4,do_not_import_ui
PKHeX.Drawing.Misc/Resources/img/box/bw/box_wp23bw.png,5acbaa99220aad935b905f9d7b5928e0bc006278,1459,8ad201e80244f630ab5a46922ab72fb79c5ad4f4,do_not_import_ui
PKHeX.Drawing.Misc/Resources/img/box/bw/box_wp24bw.png,b8f04d9bf721e53ad78050b63b0c7503916dcb50,1408,8ad201e80244f630ab5a46922ab72fb79c5ad4f4,do_not_import_ui
PKHeX.Drawing.Misc/Resources/img/box/dp/box_wp01dp.png,b6b2b758817c7d3d5b4f6a8242bd2bcbe39573f6,319,8ad201e80244f630ab5a46922ab72fb79c5ad4f4,do_not_import_ui
PKHeX.Drawing.Misc/Resources/img/box/dp/box_wp02dp.png,825250d5d50143dab0f8bee6854b82457c634807,337,8ad201e80244f630ab5a46922ab72fb79c5ad4f4,do_not_import_ui
PKHeX.Drawing.Misc/Resources/img/box/dp/box_wp03dp.png,09dc054d97f265892eb1b969ea85d49315a9b962,543,8ad201e80244f630ab5a46922ab72fb79c5ad4f4,do_not_import_ui
PKHeX.Drawing.Misc/Resources/img/box/dp/box_wp04dp.png,1013940e05e049511b19243b20bdce5e7ed44785,460,8ad201e80244f630ab5a46922ab72fb79c5ad4f4,do_not_import_ui
PKHeX.Drawing.Misc/Resources/img/box/dp/box_wp05dp.png,ca5a233e1b06ef7a182ef5b7904e84499c14642a,1844,8ad201e80244f630ab5a46922ab72fb79c5ad4f4,do_not_import_ui
PKHeX.Drawing.Misc/Resources/img/box/dp/box_wp06dp.png,fddb1dd2976ff6c7e2e959e923900e81c97e96fe,1575,8ad201e80244f630ab5a46922ab72fb79c5ad4f4,do_not_import_ui
PKHeX.Drawing.Misc/Resources/img/box/dp/box_wp07dp.png,7cf5b8d309d5542cd2926201fbe8ffc6019fa4b0,1410,8ad201e80244f630ab5a46922ab72fb79c5ad4f4,do_not_import_ui
PKHeX.Drawing.Misc/Resources/img/box/dp/box_wp08dp.png,7e3aa1490f8cc9b806dde91f74f4ae943bb5a14c,1663,8ad201e80244f630ab5a46922ab72fb79c5ad4f4,do_not_import_ui
PKHeX.Drawing.Misc/Resources/img/box/dp/box_wp09dp.png,8ffb38f3a5088d7894625617209cb0b4ddb43b3a,381,8ad201e80244f630ab5a46922ab72fb79c5ad4f4,do_not_import_ui
PKHeX.Drawing.Misc/Resources/img/box/dp/box_wp10dp.png,c88df890ac7bc0a6c4211eacfb28bc2e4d80df57,1576,8ad201e80244f630ab5a46922ab72fb79c5ad4f4,do_not_import_ui
PKHeX.Drawing.Misc/Resources/img/box/dp/box_wp11dp.png,3079dacf5f93384f847b429461e0a55c0619e21b,481,8ad201e80244f630ab5a46922ab72fb79c5ad4f4,do_not_import_ui
PKHeX.Drawing.Misc/Resources/img/box/dp/box_wp12dp.png,0da6095290f23826988b5c8a6dad1cb8f55f8a85,799,8ad201e80244f630ab5a46922ab72fb79c5ad4f4,do_not_import_ui
PKHeX.Drawing.Misc/Resources/img/box/dp/box_wp13dp.png,61d8577da8e7eabd767cb7b0ff132865698aef7f,479,8ad201e80244f630ab5a46922ab72fb79c5ad4f4,do_not_import_ui
PKHeX.Drawing.Misc/Resources/img/box/dp/box_wp14dp.png,12460c3f0e12a7e9f1fd44151c2845d7aedf4a55,358,8ad201e80244f630ab5a46922ab72fb79c5ad4f4,do_not_import_ui
PKHeX.Drawing.Misc/Resources/img/box/dp/box_wp15dp.png,ed13a5fbb5a599ac4735a91d91ead5bbd7689b3b,1274,8ad201e80244f630ab5a46922ab72fb79c5ad4f4,do_not_import_ui
PKHeX.Drawing.Misc/Resources/img/box/dp/box_wp16dp.png,3f3121009ad636c81eda60dd56edb046d0919fb3,1438,8ad201e80244f630ab5a46922ab72fb79c5ad4f4,do_not_import_ui
PKHeX.Drawing.Misc/Resources/img/box/dp/box_wp17dp.png,2c241abb7aa1f988b3044ff86852642e1bc4be46,794,8ad201e80244f630ab5a46922ab72fb79c5ad4f4,do_not_import_ui
PKHeX.Drawing.Misc/Resources/img/box/dp/box_wp18dp.png,ce1b097706a9b021338385f97a2280de9834f472,1065,8ad201e80244f630ab5a46922ab72fb79c5ad4f4,do_not_import_ui
PKHeX.Drawing.Misc/Resources/img/box/dp/box_wp19dp.png,c317c13b9acc1d187e48172b28bae7b54a9f641c,1901,8ad201e80244f630ab5a46922ab72fb79c5ad4f4,do_not_import_ui
PKHeX.Drawing.Misc/Resources/img/box/dp/box_wp20dp.png,10ea3b141d044c6c8e4a6ecab9d2bca72cf6f4da,907,8ad201e80244f630ab5a46922ab72fb79c5ad4f4,do_not_import_ui
PKHeX.Drawing.Misc/Resources/img/box/dp/box_wp21dp.png,8f482cd36dcef2b11ec556eafa509c963f542da1,2877,8ad201e80244f630ab5a46922ab72fb79c5ad4f4,do_not_import_ui
PKHeX.Drawing.Misc/Resources/img/box/dp/box_wp22dp.png,997a26ad223b10bf81b2c80e52f90ab84b030a30,2490,8ad201e80244f630ab5a46922ab72fb79c5ad4f4,do_not_import_ui
PKHeX.Drawing.Misc/Resources/img/box/dp/box_wp23dp.png,d9e63c9e86b4eb3c48f50102c6cc0304bdd294a5,2741,8ad201e80244f630ab5a46922ab72fb79c5ad4f4,do_not_import_ui
PKHeX.Drawing.Misc/Resources/img/box/dp/box_wp24dp.png,7e4e01f64bf3689f96d6f803a8bb93c6721dc62d,847,8ad201e80244f630ab5a46922ab72fb79c5ad4f4,do_not_import_ui
PKHeX.Drawing.Misc/Resources/img/box/e/box_wp01e.png,077efbe089b794fb20279cd377d6d05cf67a2787,1372,8ad201e80244f630ab5a46922ab72fb79c5ad4f4,do_not_import_ui
PKHeX.Drawing.Misc/Resources/img/box/e/box_wp02e.png,ed60076da12671402cb7a76f879c7f6340b36a65,1418,8ad201e80244f630ab5a46922ab72fb79c5ad4f4,do_not_import_ui
PKHeX.Drawing.Misc/Resources/img/box/e/box_wp03e.png,c9e67c15b4ab407cdfc1614c3ff88cf3c2449e5c,1870,8ad201e80244f630ab5a46922ab72fb79c5ad4f4,do_not_import_ui
PKHeX.Drawing.Misc/Resources/img/box/e/box_wp04e.png,65f3882a3e266a6d4a3c7cab0d408135a736cbef,796,8ad201e80244f630ab5a46922ab72fb79c5ad4f4,do_not_import_ui
PKHeX.Drawing.Misc/Resources/img/box/e/box_wp05e.png,fa91b88328d2e6957e89922fc8f03ffe9aff8a71,1615,8ad201e80244f630ab5a46922ab72fb79c5ad4f4,do_not_import_ui
PKHeX.Drawing.Misc/Resources/img/box/e/box_wp06e.png,f7fcfda7e18cff7daff9ba583cbf6e9563e7df3e,821,8ad201e80244f630ab5a46922ab72fb79c5ad4f4,do_not_import_ui
PKHeX.Drawing.Misc/Resources/img/box/e/box_wp07e.png,1ea642b715312350019e22ae38381178de55d7d4,537,8ad201e80244f630ab5a46922ab72fb79c5ad4f4,do_not_import_ui
PKHeX.Drawing.Misc/Resources/img/box/e/box_wp08e.png,a7025bdfe32411084e424a8366ecfcc759b11a03,402,8ad201e80244f630ab5a46922ab72fb79c5ad4f4,do_not_import_ui
PKHeX.Drawing.Misc/Resources/img/box/e/box_wp09e.png,40040b5aad290de5c5268c39dcc203cb9f484922,616,8ad201e80244f630ab5a46922ab72fb79c5ad4f4,do_not_import_ui
PKHeX.Drawing.Misc/Resources/img/box/e/box_wp10e.png,ba428e4fd7e99e9260feba0195dcb7552f77e0ae,443,8ad201e80244f630ab5a46922ab72fb79c5ad4f4,do_not_import_ui
PKHeX.Drawing.Misc/Resources/img/box/e/box_wp11e.png,3289209be580583fcb606c2e9cb7ae74585ecd2e,462,8ad201e80244f630ab5a46922ab72fb79c5ad4f4,do_not_import_ui
PKHeX.Drawing.Misc/Resources/img/box/e/box_wp12e.png,f6faa3d8dad70ce9bb066ede83ca94f8e8c12a01,445,8ad201e80244f630ab5a46922ab72fb79c5ad4f4,do_not_import_ui
PKHeX.Drawing.Misc/Resources/img/box/e/box_wp13e.png,b13d67f09ff2ec029c0fccebb61c24f39ebd5f1c,1417,8ad201e80244f630ab5a46922ab72fb79c5ad4f4,do_not_import_ui
PKHeX.Drawing.Misc/Resources/img/box/e/box_wp14e.png,c72cb1332058f6c87836c13f520229956690f7c7,572,8ad201e80244f630ab5a46922ab72fb79c5ad4f4,do_not_import_ui
PKHeX.Drawing.Misc/Resources/img/box/e/box_wp15e.png,64b6d07ffdb66d4361ab4f98123ccf609ed143a5,416,8ad201e80244f630ab5a46922ab72fb79c5ad4f4,do_not_import_ui
PKHeX.Drawing.Misc/Resources/img/box/e/box_wp16e.png,8607110faca9e1ae7b994abd463047f64394b475,271,8ad201e80244f630ab5a46922ab72fb79c5ad4f4,do_not_import_ui
PKHeX.Drawing.Misc/Resources/img/box/frlg/box_wp13frlg.png,985740e58162682df33cc81e7875c5e2427b2b3d,394,8ad201e80244f630ab5a46922ab72fb79c5ad4f4,do_not_import_ui
PKHeX.Drawing.Misc/Resources/img/box/frlg/box_wp14frlg.png,e18671ca5fc1460ce236d22fa4c196fa09533d74,356,8ad201e80244f630ab5a46922ab72fb79c5ad4f4,do_not_import_ui
PKHeX.Drawing.Misc/Resources/img/box/frlg/box_wp15frlg.png,946338535d3fd0b1ed7b20497df4cb540cdf2ce4,362,8ad201e80244f630ab5a46922ab72fb79c5ad4f4,do_not_import_ui
PKHeX.Drawing.Misc/Resources/img/box/frlg/box_wp16frlg.png,373422ac516b00108619f48fb3627fb2e98d72a6,309,8ad201e80244f630ab5a46922ab72fb79c5ad4f4,do_not_import_ui
PKHeX.Drawing.Misc/Resources/img/box/hgss/box_wp17hgss.png,2cc8a92a3916ad75f1e058000d804562c68e5215,3679,8ad201e80244f630ab5a46922ab72fb79c5ad4f4,do_not_import_ui
PKHeX.Drawing.Misc/Resources/img/box/hgss/box_wp18hgss.png,b9bb36d73281134e80219e375ab8c0dfab9589cd,3508,8ad201e80244f630ab5a46922ab72fb79c5ad4f4,do_not_import_ui
PKHeX.Drawing.Misc/Resources/img/box/hgss/box_wp19hgss.png,36a09ddd10cb526a6af36b4d2eac85f4cac88e9f,2308,8ad201e80244f630ab5a46922ab72fb79c5ad4f4,do_not_import_ui
PKHeX.Drawing.Misc/Resources/img/box/hgss/box_wp20hgss.png,880b6be4d9618c06b024af522ec0b20c16c18e5b,2291,8ad201e80244f630ab5a46922ab72fb79c5ad4f4,do_not_import_ui
PKHeX.Drawing.Misc/Resources/img/box/hgss/box_wp21hgss.png,e83a79b82a79f66bc3a1b01513cea4fa1dc26f8d,3034,8ad201e80244f630ab5a46922ab72fb79c5ad4f4,do_not_import_ui
PKHeX.Drawing.Misc/Resources/img/box/hgss/box_wp22hgss.png,981190cd3c59b7e08d90538e17274d9e6e784eaa,2881,8ad201e80244f630ab5a46922ab72fb79c5ad4f4,do_not_import_ui
PKHeX.Drawing.Misc/Resources/img/box/hgss/box_wp23hgss.png,af03560fa7b46536f31601e3df10693437262aea,2553,8ad201e80244f630ab5a46922ab72fb79c5ad4f4,do_not_import_ui
PKHeX.Drawing.Misc/Resources/img/box/hgss/box_wp24hgss.png,d5dc60f17c9f8ad426d307aceadf3455d291e3cd,496,8ad201e80244f630ab5a46922ab72fb79c5ad4f4,do_not_import_ui
PKHeX.Drawing.Misc/Resources/img/box/pt/box_wp17pt.png,a5f39fe046d82efcc021b30de57eb9beeb534cce,3741,8ad201e80244f630ab5a46922ab72fb79c5ad4f4,do_not_import_ui
PKHeX.Drawing.Misc/Resources/img/box/pt/box_wp18pt.png,7bc1dc1b8ac06010b6c0f5c319af398679286b98,2232,8ad201e80244f630ab5a46922ab72fb79c5ad4f4,do_not_import_ui
PKHeX.Drawing.Misc/Resources/img/box/pt/box_wp19pt.png,6a5aee97b82c5a45a31f5f65e6a0cdf2e87fdcb5,2386,8ad201e80244f630ab5a46922ab72fb79c5ad4f4,do_not_import_ui
PKHeX.Drawing.Misc/Resources/img/box/pt/box_wp20pt.png,cffbac552a6fd6637ad201ee42c3252865a8b44a,1062,8ad201e80244f630ab5a46922ab72fb79c5ad4f4,do_not_import_ui
PKHeX.Drawing.Misc/Resources/img/box/pt/box_wp21pt.png,2b6c17e05fb12605079cd53c99ae1b8ac5d7d876,3437,8ad201e80244f630ab5a46922ab72fb79c5ad4f4,do_not_import_ui
PKHeX.Drawing.Misc/Resources/img/box/pt/box_wp22pt.png,696ddf55c68944dfa404c58b55a9cd25cb3b8c4c,2726,8ad201e80244f630ab5a46922ab72fb79c5ad4f4,do_not_import_ui
PKHeX.Drawing.Misc/Resources/img/box/pt/box_wp23pt.png,85aa41040a8ec1326efc12686805aa1edc7efdb3,2915,8ad201e80244f630ab5a46922ab72fb79c5ad4f4,do_not_import_ui
PKHeX.Drawing.Misc/Resources/img/box/pt/box_wp24pt.png,66ab7bf5fc0d84b04f5b7774c252eace3889eebd,2626,8ad201e80244f630ab5a46922ab72fb79c5ad4f4,do_not_import_ui
PKHeX.Drawing.Misc/Resources/img/box/rs/box_wp01rs.png,5b993b6d3a0caaa89063a822c0134130140043d6,331,8ad201e80244f630ab5a46922ab72fb79c5ad4f4,do_not_import_ui
PKHeX.Drawing.Misc/Resources/img/box/rs/box_wp02rs.png,bf27cc2f5ba65de720f6f40533bd3d7c58c936f2,295,8ad201e80244f630ab5a46922ab72fb79c5ad4f4,do_not_import_ui
PKHeX.Drawing.Misc/Resources/img/box/rs/box_wp03rs.png,14f5ab28acc2b8a06d2dd7efe39b8baf9ff874f5,673,8ad201e80244f630ab5a46922ab72fb79c5ad4f4,do_not_import_ui
PKHeX.Drawing.Misc/Resources/img/box/rs/box_wp04rs.png,1c98d2d1eb64e6945c1cb67ccfb6aefb49394b8e,541,8ad201e80244f630ab5a46922ab72fb79c5ad4f4,do_not_import_ui
PKHeX.Drawing.Misc/Resources/img/box/rs/box_wp05rs.png,9189acc8174c09772f9b3cc0eae26545b753966f,1450,8ad201e80244f630ab5a46922ab72fb79c5ad4f4,do_not_import_ui
PKHeX.Drawing.Misc/Resources/img/box/rs/box_wp06rs.png,901c7eecf57ca73891225be87d221c3332bd24bc,1413,8ad201e80244f630ab5a46922ab72fb79c5ad4f4,do_not_import_ui
PKHeX.Drawing.Misc/Resources/img/box/rs/box_wp07rs.png,afcf325b927a0bad57bc5858db3f8bd1b176538a,311,8ad201e80244f630ab5a46922ab72fb79c5ad4f4,do_not_import_ui
PKHeX.Drawing.Misc/Resources/img/box/rs/box_wp08rs.png,1dd2506684366f13b9a18fed0c2b6d87d7cbf162,342,8ad201e80244f630ab5a46922ab72fb79c5ad4f4,do_not_import_ui
PKHeX.Drawing.Misc/Resources/img/box/rs/box_wp09rs.png,f0c771c405bbe8c6ca76e7fd888be72f12d17a87,1682,8ad201e80244f630ab5a46922ab72fb79c5ad4f4,do_not_import_ui
PKHeX.Drawing.Misc/Resources/img/box/rs/box_wp10rs.png,725f37c75cd369b74db6b202f790237f3bfa4ec1,1553,8ad201e80244f630ab5a46922ab72fb79c5ad4f4,do_not_import_ui
PKHeX.Drawing.Misc/Resources/img/box/rs/box_wp11rs.png,74002fabd3f33136fba4fc3ae3ac4392ede20365,324,8ad201e80244f630ab5a46922ab72fb79c5ad4f4,do_not_import_ui
PKHeX.Drawing.Misc/Resources/img/box/rs/box_wp12rs.png,ccdefc37e851a87781addc0dcde0d7b074d073d3,557,8ad201e80244f630ab5a46922ab72fb79c5ad4f4,do_not_import_ui
PKHeX.Drawing.Misc/Resources/img/box/rs/box_wp13rs.png,a053d20f2a16aab586449761db8cefb4360890f0,1440,8ad201e80244f630ab5a46922ab72fb79c5ad4f4,do_not_import_ui
PKHeX.Drawing.Misc/Resources/img/box/rs/box_wp14rs.png,5f4b782dbb4dd15fe4884c07e13e8b07fae65805,636,8ad201e80244f630ab5a46922ab72fb79c5ad4f4,do_not_import_ui
PKHeX.Drawing.Misc/Resources/img/box/rs/box_wp15rs.png,9b7a18d058e620d94abfbd358ed7be8684118f12,302,8ad201e80244f630ab5a46922ab72fb79c5ad4f4,do_not_import_ui
PKHeX.Drawing.Misc/Resources/img/box/rs/box_wp16rs.png,b374f088027bda39129a07cb4d473751e68d8473,233,8ad201e80244f630ab5a46922ab72fb79c5ad4f4,do_not_import_ui
PKHeX.Drawing.Misc/Resources/img/box/sv/box_wp01sv.png,e3d58a18616c722bd486102edad3f6e7b94b5c34,232,8ad201e80244f630ab5a46922ab72fb79c5ad4f4,do_not_import_ui
PKHeX.Drawing.Misc/Resources/img/box/sv/box_wp02sv.png,8e85cc712eb9584229722c6f8398d364d98e2e73,2095,8ad201e80244f630ab5a46922ab72fb79c5ad4f4,do_not_import_ui
PKHeX.Drawing.Misc/Resources/img/box/sv/box_wp03sv.png,96f4a08987b04075422d95c078ade7e544297f95,2238,8ad201e80244f630ab5a46922ab72fb79c5ad4f4,do_not_import_ui
PKHeX.Drawing.Misc/Resources/img/box/sv/box_wp04sv.png,d8eaf7876550095d5c3cfca09b15ddf6d7866da1,7606,8ad201e80244f630ab5a46922ab72fb79c5ad4f4,do_not_import_ui
PKHeX.Drawing.Misc/Resources/img/box/sv/box_wp05sv.png,8735ca1259585f257e3d3c8052ebc6379f75a118,6452,8ad201e80244f630ab5a46922ab72fb79c5ad4f4,do_not_import_ui
PKHeX.Drawing.Misc/Resources/img/box/sv/box_wp06sv.png,f66e7266b3018c0b41b5010e06bbaf7e5983dc70,5891,8ad201e80244f630ab5a46922ab72fb79c5ad4f4,do_not_import_ui
PKHeX.Drawing.Misc/Resources/img/box/sv/box_wp07sv.png,edd8095af9ac23ad6fa28165fe98e3b0f2fc026c,7866,8ad201e80244f630ab5a46922ab72fb79c5ad4f4,do_not_import_ui
PKHeX.Drawing.Misc/Resources/img/box/sv/box_wp08sv.png,43bc8889c5c39b7bc799ac2628bc2c57db9b93b9,11704,8ad201e80244f630ab5a46922ab72fb79c5ad4f4,do_not_import_ui
PKHeX.Drawing.Misc/Resources/img/box/sv/box_wp09sv.png,d220df799b5f4e7f6725e9e41d4e9d6389534b61,11527,8ad201e80244f630ab5a46922ab72fb79c5ad4f4,do_not_import_ui
PKHeX.Drawing.Misc/Resources/img/box/sv/box_wp10sv.png,c858d640c63265e3773f30b363c485a2a26da716,3959,8ad201e80244f630ab5a46922ab72fb79c5ad4f4,do_not_import_ui
PKHeX.Drawing.Misc/Resources/img/box/sv/box_wp11sv.png,2ca8e079640a9745a7c27e4e4c4e4c4e360aa367,4369,8ad201e80244f630ab5a46922ab72fb79c5ad4f4,do_not_import_ui
PKHeX.Drawing.Misc/Resources/img/box/sv/box_wp12sv.png,800d4ab9aed219e1a8edbed95bcbaec8b0c94bb7,1513,8ad201e80244f630ab5a46922ab72fb79c5ad4f4,do_not_import_ui
PKHeX.Drawing.Misc/Resources/img/box/sv/box_wp13sv.png,86567d7d4a5af651f380bd05735031fc6e7f7b50,1438,8ad201e80244f630ab5a46922ab72fb79c5ad4f4,do_not_import_ui
PKHeX.Drawing.Misc/Resources/img/box/sv/box_wp14sv.png,7fe5c2ba027789812d4b3580503a46489a9b6065,9681,8ad201e80244f630ab5a46922ab72fb79c5ad4f4,do_not_import_ui
PKHeX.Drawing.Misc/Resources/img/box/sv/box_wp15sv.png,bc6a99286135c16f88122a454b87eee88e1dacf5,8982,8ad201e80244f630ab5a46922ab72fb79c5ad4f4,do_not_import_ui
PKHeX.Drawing.Misc/Resources/img/box/sv/box_wp16sv.png,32536908ba1bf7df74541a441bb03c44aa5d367d,2351,8ad201e80244f630ab5a46922ab72fb79c5ad4f4,do_not_import_ui
PKHeX.Drawing.Misc/Resources/img/box/sv/box_wp17sv.png,caa5d2ae80255a9c7b3374118449690a16d41428,2299,8ad201e80244f630ab5a46922ab72fb79c5ad4f4,do_not_import_ui
PKHeX.Drawing.Misc/Resources/img/box/sv/box_wp18sv.png,90b9c083f055dc9acc28fedb4046201df619e770,429,8ad201e80244f630ab5a46922ab72fb79c5ad4f4,do_not_import_ui
PKHeX.Drawing.Misc/Resources/img/box/sv/box_wp19sv.png,b16306e06a2587f8c1956696f87f4c8c8ccea994,435,8ad201e80244f630ab5a46922ab72fb79c5ad4f4,do_not_import_ui
PKHeX.Drawing.Misc/Resources/img/box/sv/box_wp20sv_n.png,42a435fdf319bede92e6a4e4d37f3834e60cc405,19228,8ad201e80244f630ab5a46922ab72fb79c5ad4f4,do_not_import_ui
PKHeX.Drawing.Misc/Resources/img/box/sv/box_wp20sv_u.png,66aabce8a540b7dd05789a611b4186dbf97f526f,8448,8ad201e80244f630ab5a46922ab72fb79c5ad4f4,do_not_import_ui
PKHeX.Drawing.Misc/Resources/img/box/swsh/box_wp01swsh.png,e3d58a18616c722bd486102edad3f6e7b94b5c34,232,8ad201e80244f630ab5a46922ab72fb79c5ad4f4,do_not_import_ui
PKHeX.Drawing.Misc/Resources/img/box/swsh/box_wp02swsh.png,13810eabdef894a587a5c54d23b80f34142e9142,766,8ad201e80244f630ab5a46922ab72fb79c5ad4f4,do_not_import_ui
PKHeX.Drawing.Misc/Resources/img/box/swsh/box_wp03swsh.png,f19270de478f622ea9dd93b539777b3d037b7f31,495,8ad201e80244f630ab5a46922ab72fb79c5ad4f4,do_not_import_ui
PKHeX.Drawing.Misc/Resources/img/box/swsh/box_wp04swsh.png,4cd3066d00e79d5ff704bd887b9e8f34e2bbaf54,213,8ad201e80244f630ab5a46922ab72fb79c5ad4f4,do_not_import_ui
PKHeX.Drawing.Misc/Resources/img/box/swsh/box_wp05swsh.png,199b9bc2e30e3ca4f0a7321931fb9196ff583543,3236,8ad201e80244f630ab5a46922ab72fb79c5ad4f4,do_not_import_ui
PKHeX.Drawing.Misc/Resources/img/box/swsh/box_wp06swsh.png,41ac4fd057c98971170b0e44d365defe9e569d36,2707,8ad201e80244f630ab5a46922ab72fb79c5ad4f4,do_not_import_ui
PKHeX.Drawing.Misc/Resources/img/box/swsh/box_wp07swsh.png,bcc9474a8ab80cec61acb996b99466d6eca9889a,3558,8ad201e80244f630ab5a46922ab72fb79c5ad4f4,do_not_import_ui
PKHeX.Drawing.Misc/Resources/img/box/swsh/box_wp08swsh.png,b7166e540c7710fa393a62e8370641602b9615c0,1522,8ad201e80244f630ab5a46922ab72fb79c5ad4f4,do_not_import_ui
PKHeX.Drawing.Misc/Resources/img/box/swsh/box_wp09swsh.png,e4bdb521723c8747f6cfa717bf4877519c8f305b,4802,8ad201e80244f630ab5a46922ab72fb79c5ad4f4,do_not_import_ui
PKHeX.Drawing.Misc/Resources/img/box/swsh/box_wp10swsh.png,6ff165e96cf2f0eeca1feefbabe833dc5e10b14b,1564,8ad201e80244f630ab5a46922ab72fb79c5ad4f4,do_not_import_ui
PKHeX.Drawing.Misc/Resources/img/box/swsh/box_wp11swsh.png,36774a07b486e295c10a7ab53d0d740f51f918f3,3598,8ad201e80244f630ab5a46922ab72fb79c5ad4f4,do_not_import_ui
PKHeX.Drawing.Misc/Resources/img/box/swsh/box_wp12swsh.png,38b02e8bcec5a5aa27c652c458b902902c94cdfa,1506,8ad201e80244f630ab5a46922ab72fb79c5ad4f4,do_not_import_ui
PKHeX.Drawing.Misc/Resources/img/box/swsh/box_wp13swsh.png,15d2b22af11f817e0ebb62305902dc1fdaba7792,1756,8ad201e80244f630ab5a46922ab72fb79c5ad4f4,do_not_import_ui
PKHeX.Drawing.Misc/Resources/img/box/swsh/box_wp14swsh.png,8636a70d7a9ae79f0fda204700f6ce1a183fd8c8,2422,8ad201e80244f630ab5a46922ab72fb79c5ad4f4,do_not_import_ui
PKHeX.Drawing.Misc/Resources/img/box/swsh/box_wp15swsh.png,f997868e257ba153f41756f376ed71f87c7f5853,2333,8ad201e80244f630ab5a46922ab72fb79c5ad4f4,do_not_import_ui
PKHeX.Drawing.Misc/Resources/img/box/swsh/box_wp16swsh.png,2862cd32842a4f5495b118f4c28fb4c3380c1eae,1531,8ad201e80244f630ab5a46922ab72fb79c5ad4f4,do_not_import_ui
PKHeX.Drawing.Misc/Resources/img/box/swsh/box_wp17swsh.png,7e567d94ad03be298c0302aa5b9275c022d384d2,2059,8ad201e80244f630ab5a46922ab72fb79c5ad4f4,do_not_import_ui
PKHeX.Drawing.Misc/Resources/img/box/swsh/box_wp18swsh.png,c589dc47f85415673aac9cc8419830cb350cf262,5407,8ad201e80244f630ab5a46922ab72fb79c5ad4f4,do_not_import_ui
PKHeX.Drawing.Misc/Resources/img/box/swsh/box_wp19swsh.png,62ec377c4a9f29796c1e7e32d829c5f5590a2d86,1771,8ad201e80244f630ab5a46922ab72fb79c5ad4f4,do_not_import_ui
PKHeX.Drawing.Misc/Resources/img/box/xy/box_wp01xy.png,b32ee608eca5af7f5804ad244b63538ea50318e0,2198,8ad201e80244f630ab5a46922ab72fb79c5ad4f4,do_not_import_ui
PKHeX.Drawing.Misc/Resources/img/box/xy/box_wp02xy.png,e6ebfdc72f787dcf5cc7ec920a73ec29296f49a6,2732,8ad201e80244f630ab5a46922ab72fb79c5ad4f4,do_not_import_ui
PKHeX.Drawing.Misc/Resources/img/box/xy/box_wp03xy.png,c28c9c3d402922f947a5c47a9535e8536cc93b25,4219,8ad201e80244f630ab5a46922ab72fb79c5ad4f4,do_not_import_ui
PKHeX.Drawing.Misc/Resources/img/box/xy/box_wp04xy.png,85f715a88df7f89262f7deb5304b599a3c3304c6,6018,8ad201e80244f630ab5a46922ab72fb79c5ad4f4,do_not_import_ui
PKHeX.Drawing.Misc/Resources/img/box/xy/box_wp05xy.png,23b5063cc4bc355665e0f711e43faa0c8b04203c,5011,8ad201e80244f630ab5a46922ab72fb79c5ad4f4,do_not_import_ui
PKHeX.Drawing.Misc/Resources/img/box/xy/box_wp06xy.png,201fa4d88af65d8b2463de723583450318698ab7,5481,8ad201e80244f630ab5a46922ab72fb79c5ad4f4,do_not_import_ui
PKHeX.Drawing.Misc/Resources/img/box/xy/box_wp07xy.png,7b92c581ec8de6e51a8f494381f50b83a5e70ea7,1284,8ad201e80244f630ab5a46922ab72fb79c5ad4f4,do_not_import_ui
PKHeX.Drawing.Misc/Resources/img/box/xy/box_wp08xy.png,91f9a4557419bbc613d9a4f8048c86283cbb534e,4225,8ad201e80244f630ab5a46922ab72fb79c5ad4f4,do_not_import_ui
PKHeX.Drawing.Misc/Resources/img/box/xy/box_wp09xy.png,649c85f4c4b42a2aabc07df4bc1de9577b6d06b7,1936,8ad201e80244f630ab5a46922ab72fb79c5ad4f4,do_not_import_ui
PKHeX.Drawing.Misc/Resources/img/box/xy/box_wp10xy.png,3dec712805b804b9a0de2cd90d84f9b3407d3673,4057,8ad201e80244f630ab5a46922ab72fb79c5ad4f4,do_not_import_ui
PKHeX.Drawing.Misc/Resources/img/box/xy/box_wp11xy.png,988860fe8c7e3416bdd4c98ffde8cce96fcc1b2d,3644,8ad201e80244f630ab5a46922ab72fb79c5ad4f4,do_not_import_ui
PKHeX.Drawing.Misc/Resources/img/box/xy/box_wp12xy.png,6a30a9fdc4901c181ca6d57aaadc5e23152fb045,2664,8ad201e80244f630ab5a46922ab72fb79c5ad4f4,do_not_import_ui
PKHeX.Drawing.Misc/Resources/img/box/xy/box_wp13xy.png,b4538f61fe23bc8573c9fd78408cdc7a78689b37,6006,8ad201e80244f630ab5a46922ab72fb79c5ad4f4,do_not_import_ui
PKHeX.Drawing.Misc/Resources/img/box/xy/box_wp14xy.png,f1f9b63112638bd612da459a7cb19f434bb70c88,17399,8ad201e80244f630ab5a46922ab72fb79c5ad4f4,do_not_import_ui
PKHeX.Drawing.Misc/Resources/img/box/xy/box_wp15xy.png,6f30cdcc1d6452ca9e670adda13997b746f351c0,12382,8ad201e80244f630ab5a46922ab72fb79c5ad4f4,do_not_import_ui
PKHeX.Drawing.Misc/Resources/img/box/xy/box_wp16xy.png,3b3d2f65a51a40357cf72bf77e99eb794960c70a,2933,8ad201e80244f630ab5a46922ab72fb79c5ad4f4,do_not_import_ui
PKHeX.Drawing.Misc/Resources/img/box/xy/box_wp17xy.png,91b84e6c6f225dc15654c259ef7c0fbaed42b767,23441,8ad201e80244f630ab5a46922ab72fb79c5ad4f4,do_not_import_ui
PKHeX.Drawing.Misc/Resources/img/box/xy/box_wp18xy.png,e443434d22cdc358500492ed2c90111615f5cd6e,33075,8ad201e80244f630ab5a46922ab72fb79c5ad4f4,do_not_import_ui
PKHeX.Drawing.Misc/Resources/img/box/xy/box_wp19xy.png,1348e6a3cd1eaa74d3c7e09c6cd6579dbac148eb,28284,8ad201e80244f630ab5a46922ab72fb79c5ad4f4,do_not_import_ui
PKHeX.Drawing.Misc/Resources/img/box/xy/box_wp20xy.png,0e5df1cb23efde5135ee848784fb245d2997249d,17499,8ad201e80244f630ab5a46922ab72fb79c5ad4f4,do_not_import_ui
PKHeX.Drawing.Misc/Resources/img/box/xy/box_wp21xy.png,dd6b934443cc6765dbb6d261af03c977ee548c13,12247,8ad201e80244f630ab5a46922ab72fb79c5ad4f4,do_not_import_ui
PKHeX.Drawing.Misc/Resources/img/box/xy/box_wp22xy.png,4821bc4f777a3b8d7ecffd053cf5f7e68ded4d20,11092,8ad201e80244f630ab5a46922ab72fb79c5ad4f4,do_not_import_ui
PKHeX.Drawing.Misc/Resources/img/box/xy/box_wp23xy.png,5822406d464e64873364ab85dd6384afcb669c1f,15086,8ad201e80244f630ab5a46922ab72fb79c5ad4f4,do_not_import_ui
PKHeX.Drawing.Misc/Resources/img/box/xy/box_wp24xy.png,0f875ba094e26642e450fd55f8459e12311b9424,19457,8ad201e80244f630ab5a46922ab72fb79c5ad4f4,do_not_import_ui
PKHeX.Drawing.Misc/Resources/img/donut/donut_bitter00.png,8b712647cbf2d430e6d11e0578c85767952257df,8719,8ad201e80244f630ab5a46922ab72fb79c5ad4f4,do_not_import_ui
PKHeX.Drawing.Misc/Resources/img/donut/donut_bitter01.png,32a2fa932773c12ad63f157cddd22fde7d1d408c,10141,8ad201e80244f630ab5a46922ab72fb79c5ad4f4,do_not_import_ui
PKHeX.Drawing.Misc/Resources/img/donut/donut_bitter02.png,5c1998ad4a1d1957cec1d6b31e891d4dfa376143,15026,8ad201e80244f630ab5a46922ab72fb79c5ad4f4,do_not_import_ui
PKHeX.Drawing.Misc/Resources/img/donut/donut_bitter03.png,b1bd6ef78ad4191f0c552824e3997ec52d5f5929,14224,8ad201e80244f630ab5a46922ab72fb79c5ad4f4,do_not_import_ui
PKHeX.Drawing.Misc/Resources/img/donut/donut_bitter04.png,8ff65f11b5e2156d8cb5b3f40d864b4641e8b907,18920,8ad201e80244f630ab5a46922ab72fb79c5ad4f4,do_not_import_ui
PKHeX.Drawing.Misc/Resources/img/donut/donut_bitter05.png,0fd4d79c428c8eee68a13ca5cbd723c010bac255,20360,8ad201e80244f630ab5a46922ab72fb79c5ad4f4,do_not_import_ui
PKHeX.Drawing.Misc/Resources/img/donut/donut_fresh00.png,aaf14c102c3d6f266728037f65adabdc875911b1,8932,8ad201e80244f630ab5a46922ab72fb79c5ad4f4,do_not_import_ui
PKHeX.Drawing.Misc/Resources/img/donut/donut_fresh01.png,efd7894871e203e1ce7f6f2cbee5aa6ff0e7b92f,9789,8ad201e80244f630ab5a46922ab72fb79c5ad4f4,do_not_import_ui
PKHeX.Drawing.Misc/Resources/img/donut/donut_fresh02.png,1476c26f5e658bc9642b16949af3df12640c7019,12192,8ad201e80244f630ab5a46922ab72fb79c5ad4f4,do_not_import_ui
PKHeX.Drawing.Misc/Resources/img/donut/donut_fresh03.png,1cfa3a49340a8e8c2fe696f06313f663d07f2cf4,12831,8ad201e80244f630ab5a46922ab72fb79c5ad4f4,do_not_import_ui
PKHeX.Drawing.Misc/Resources/img/donut/donut_fresh04.png,d055a3e5243677d4c551363f4d8982d60c10c6a0,16593,8ad201e80244f630ab5a46922ab72fb79c5ad4f4,do_not_import_ui
PKHeX.Drawing.Misc/Resources/img/donut/donut_fresh05.png,6bbc0e07f2db422460b3ef6ec2beccab6dd9929c,18506,8ad201e80244f630ab5a46922ab72fb79c5ad4f4,do_not_import_ui
PKHeX.Drawing.Misc/Resources/img/donut/donut_mix00.png,c33ac3f6555c729c5feed7f6ad5c7e3ffda1fbbb,10280,8ad201e80244f630ab5a46922ab72fb79c5ad4f4,do_not_import_ui
PKHeX.Drawing.Misc/Resources/img/donut/donut_mix01.png,956ed09a9b8e36c8937255135ba19e4f8ad5f4ef,12138,8ad201e80244f630ab5a46922ab72fb79c5ad4f4,do_not_import_ui
PKHeX.Drawing.Misc/Resources/img/donut/donut_mix02.png,d8241ca99391046e0ac797f273dedbd3e249fd40,13366,8ad201e80244f630ab5a46922ab72fb79c5ad4f4,do_not_import_ui
PKHeX.Drawing.Misc/Resources/img/donut/donut_mix03.png,18e64511d9e94e2f7fe63192185669cf2a661c23,13303,8ad201e80244f630ab5a46922ab72fb79c5ad4f4,do_not_import_ui
PKHeX.Drawing.Misc/Resources/img/donut/donut_mix04.png,fcde43f6dd9c47f4e1153705362c15d997f2e538,16959,8ad201e80244f630ab5a46922ab72fb79c5ad4f4,do_not_import_ui
PKHeX.Drawing.Misc/Resources/img/donut/donut_mix05.png,8a754f3f59964492fdc1f3f36ab885747604329c,20286,8ad201e80244f630ab5a46922ab72fb79c5ad4f4,do_not_import_ui
PKHeX.Drawing.Misc/Resources/img/donut/donut_sour00.png,d890c3ea089dc04306610368966d4a1e4f35d358,8555,8ad201e80244f630ab5a46922ab72fb79c5ad4f4,do_not_import_ui
PKHeX.Drawing.Misc/Resources/img/donut/donut_sour01.png,aea57262e70f548059b5fe5b66ebafe216ebf590,10431,8ad201e80244f630ab5a46922ab72fb79c5ad4f4,do_not_import_ui
PKHeX.Drawing.Misc/Resources/img/donut/donut_sour02.png,e022ece8c9880dc9297f6017660b64dbfb7d981d,13018,8ad201e80244f630ab5a46922ab72fb79c5ad4f4,do_not_import_ui
PKHeX.Drawing.Misc/Resources/img/donut/donut_sour03.png,ee3cf4a49b1e95e5b1632d01d8f4775fb716dac0,12898,8ad201e80244f630ab5a46922ab72fb79c5ad4f4,do_not_import_ui
PKHeX.Drawing.Misc/Resources/img/donut/donut_sour04.png,91472dfb2afa491a15be5ff14c6d63f11d38bcd5,17615,8ad201e80244f630ab5a46922ab72fb79c5ad4f4,do_not_import_ui
PKHeX.Drawing.Misc/Resources/img/donut/donut_sour05.png,012e6536fc04ddb62468236573104628db420381,18803,8ad201e80244f630ab5a46922ab72fb79c5ad4f4,do_not_import_ui
PKHeX.Drawing.Misc/Resources/img/donut/donut_spicy00.png,088ea8578f7d9657995a007eefccfa96618ae2b4,8407,8ad201e80244f630ab5a46922ab72fb79c5ad4f4,do_not_import_ui
PKHeX.Drawing.Misc/Resources/img/donut/donut_spicy01.png,82e2baecb061b5fbc9522b04bb54b4028bfcb8ba,10419,8ad201e80244f630ab5a46922ab72fb79c5ad4f4,do_not_import_ui
PKHeX.Drawing.Misc/Resources/img/donut/donut_spicy02.png,81ac6fe1d5023db2f3e1214fed83e63b050009dd,14108,8ad201e80244f630ab5a46922ab72fb79c5ad4f4,do_not_import_ui
PKHeX.Drawing.Misc/Resources/img/donut/donut_spicy03.png,8e6eb51bfd8ba28de5b721cb5a58bcf9cc879691,14064,8ad201e80244f630ab5a46922ab72fb79c5ad4f4,do_not_import_ui
PKHeX.Drawing.Misc/Resources/img/donut/donut_spicy04.png,6e074497a5852fd10baa68b1338594dd94819233,16346,8ad201e80244f630ab5a46922ab72fb79c5ad4f4,do_not_import_ui
PKHeX.Drawing.Misc/Resources/img/donut/donut_spicy05.png,c24bc565d53d7ff23bb563421c02534382d0e753,19735,8ad201e80244f630ab5a46922ab72fb79c5ad4f4,do_not_import_ui
PKHeX.Drawing.Misc/Resources/img/donut/donut_sweet00.png,9e4939245de2dcf37b58812f7170bd7dae82a839,8457,8ad201e80244f630ab5a46922ab72fb79c5ad4f4,do_not_import_ui
PKHeX.Drawing.Misc/Resources/img/donut/donut_sweet01.png,1298749d33838cdfe2dc5a460890fb2a5ed59343,9401,8ad201e80244f630ab5a46922ab72fb79c5ad4f4,do_not_import_ui
PKHeX.Drawing.Misc/Resources/img/donut/donut_sweet02.png,d6e569adfcdd833f4b9c1f5520f86a4f574c27bd,12722,8ad201e80244f630ab5a46922ab72fb79c5ad4f4,do_not_import_ui
PKHeX.Drawing.Misc/Resources/img/donut/donut_sweet03.png,b020b8d58f06d7eda3f42cb7b5af78e6af076526,13007,8ad201e80244f630ab5a46922ab72fb79c5ad4f4,do_not_import_ui
PKHeX.Drawing.Misc/Resources/img/donut/donut_sweet04.png,96d67141b60d49c0bf745e8e54574da48603cb62,17460,8ad201e80244f630ab5a46922ab72fb79c5ad4f4,do_not_import_ui
PKHeX.Drawing.Misc/Resources/img/donut/donut_sweet05.png,40f0cb0e90f24539ffb6d0904cd41a2959c1b87d,17751,8ad201e80244f630ab5a46922ab72fb79c5ad4f4,do_not_import_ui
PKHeX.Drawing.Misc/Resources/img/donut/donut_uni382.png,6825e58c4d9abce5cd13a630b5712ec704e053ba,17055,8ad201e80244f630ab5a46922ab72fb79c5ad4f4,do_not_import_ui
PKHeX.Drawing.Misc/Resources/img/donut/donut_uni383.png,ffdb9d57ec12825bba3f87919fe7e0d58b5dfc5b,15329,8ad201e80244f630ab5a46922ab72fb79c5ad4f4,do_not_import_ui
PKHeX.Drawing.Misc/Resources/img/donut/donut_uni384.png,fb81edf617b62496f0ee2187a262298afc7ea337,16237,8ad201e80244f630ab5a46922ab72fb79c5ad4f4,do_not_import_ui
PKHeX.Drawing.Misc/Resources/img/donut/donut_uni491.png,c097d33d187b2e6747f3908ac9bac40a74b15097,14994,8ad201e80244f630ab5a46922ab72fb79c5ad4f4,do_not_import_ui
PKHeX.Drawing.Misc/Resources/img/donut/donut_uni807.png,3a17f5a9a90022e20640b488c1bb4f8a04c7a84b,21795,8ad201e80244f630ab5a46922ab72fb79c5ad4f4,do_not_import_ui
PKHeX.Drawing.Misc/Resources/img/flavor power/bitter_01_lv1.png,87b2158f7b5de39f8e9c622b2e9a6ba336c11e03,2568,8ad201e80244f630ab5a46922ab72fb79c5ad4f4,do_not_import_ui
PKHeX.Drawing.Misc/Resources/img/flavor power/bitter_01_lv2.png,0cea41c31f04e8c7ff0d6abdff1ff16bba23c91d,2681,8ad201e80244f630ab5a46922ab72fb79c5ad4f4,do_not_import_ui
PKHeX.Drawing.Misc/Resources/img/flavor power/bitter_01_lv3.png,eba21d7a5c22567001d42ae8b739ad51058afd4d,2692,8ad201e80244f630ab5a46922ab72fb79c5ad4f4,do_not_import_ui
PKHeX.Drawing.Misc/Resources/img/flavor power/bitter_02_lv1.png,e4ef6ea9d1014198052c5fb9894285350594257d,2612,8ad201e80244f630ab5a46922ab72fb79c5ad4f4,do_not_import_ui
PKHeX.Drawing.Misc/Resources/img/flavor power/bitter_02_lv2.png,db47f5b56343bf08ce86296f8879b13c428b06ee,2717,8ad201e80244f630ab5a46922ab72fb79c5ad4f4,do_not_import_ui
PKHeX.Drawing.Misc/Resources/img/flavor power/bitter_02_lv3.png,e0dc3d1de1d3d7b3ba0ee3e89aee1d091f01093e,2745,8ad201e80244f630ab5a46922ab72fb79c5ad4f4,do_not_import_ui
PKHeX.Drawing.Misc/Resources/img/flavor power/bitter_03_lv1.png,446b08a6c0da2ffa26a0c2c6cc5b603b9723cb3c,2535,8ad201e80244f630ab5a46922ab72fb79c5ad4f4,do_not_import_ui
PKHeX.Drawing.Misc/Resources/img/flavor power/bitter_03_lv2.png,4999c9e313941cbb5ee9251f73726f7a32d61966,2651,8ad201e80244f630ab5a46922ab72fb79c5ad4f4,do_not_import_ui
PKHeX.Drawing.Misc/Resources/img/flavor power/bitter_03_lv3.png,833baa5eda2ea9d5391ace09ab98acc6c3534f81,2659,8ad201e80244f630ab5a46922ab72fb79c5ad4f4,do_not_import_ui
PKHeX.Drawing.Misc/Resources/img/flavor power/bitter_04_lv1.png,e7c92da3fdcc11b8e568781078da814092cd069d,2506,8ad201e80244f630ab5a46922ab72fb79c5ad4f4,do_not_import_ui
PKHeX.Drawing.Misc/Resources/img/flavor power/bitter_04_lv2.png,8d6c0f4cfa1ebc9aa38b2aeff0f25baed136ccbf,2626,8ad201e80244f630ab5a46922ab72fb79c5ad4f4,do_not_import_ui
PKHeX.Drawing.Misc/Resources/img/flavor power/bitter_04_lv3.png,221d988f4ee94b8975f001e3e4846dabde0c1c06,2652,8ad201e80244f630ab5a46922ab72fb79c5ad4f4,do_not_import_ui
PKHeX.Drawing.Misc/Resources/img/flavor power/bitter_05_lv1.png,2a59cbea5b7692db27bc5b308e0258c3883d7307,2409,8ad201e80244f630ab5a46922ab72fb79c5ad4f4,do_not_import_ui
PKHeX.Drawing.Misc/Resources/img/flavor power/bitter_05_lv2.png,450e42be39e16ec9af70d35ddda91f683042e175,2510,8ad201e80244f630ab5a46922ab72fb79c5ad4f4,do_not_import_ui
PKHeX.Drawing.Misc/Resources/img/flavor power/bitter_05_lv3.png,84c44bb83e38aa15f487915c3f969c0ac1627340,2538,8ad201e80244f630ab5a46922ab72fb79c5ad4f4,do_not_import_ui
PKHeX.Drawing.Misc/Resources/img/flavor power/bitter_06_lv1.png,beaae9181944a309d8355862c58b68be7b134ba6,2353,8ad201e80244f630ab5a46922ab72fb79c5ad4f4,do_not_import_ui
PKHeX.Drawing.Misc/Resources/img/flavor power/bitter_06_lv2.png,ca9822774093aaed7cc6db18fa620b9ac85ec850,2462,8ad201e80244f630ab5a46922ab72fb79c5ad4f4,do_not_import_ui
PKHeX.Drawing.Misc/Resources/img/flavor power/bitter_06_lv3.png,3752e1365e3f0f6b1541e16f4e096bb41f3619f6,2480,8ad201e80244f630ab5a46922ab72fb79c5ad4f4,do_not_import_ui
PKHeX.Drawing.Misc/Resources/img/flavor power/bitter_07_lv1.png,a9ca6cd09e2ae69cef67c0f5c0102249169b568d,2571,8ad201e80244f630ab5a46922ab72fb79c5ad4f4,do_not_import_ui
PKHeX.Drawing.Misc/Resources/img/flavor power/bitter_07_lv2.png,c3cb849cc8ba8a9bd545abb2c65f885d42ad99ee,2687,8ad201e80244f630ab5a46922ab72fb79c5ad4f4,do_not_import_ui
PKHeX.Drawing.Misc/Resources/img/flavor power/bitter_07_lv3.png,7ebed0544fb5c13c46f51dfe0390cbaf25006cab,2699,8ad201e80244f630ab5a46922ab72fb79c5ad4f4,do_not_import_ui
PKHeX.Drawing.Misc/Resources/img/flavor power/bitter_08_lv1.png,fef0893807a959053459586487a7960d072144ae,2542,8ad201e80244f630ab5a46922ab72fb79c5ad4f4,do_not_import_ui
PKHeX.Drawing.Misc/Resources/img/flavor power/bitter_08_lv2.png,c1e8f76b88449466426c2e1f3b9d0a1ba34cc693,2664,8ad201e80244f630ab5a46922ab72fb79c5ad4f4,do_not_import_ui
PKHeX.Drawing.Misc/Resources/img/flavor power/bitter_08_lv3.png,0fb0ef05bc0340ff73036bdf24db19eabc2c0597,2679,8ad201e80244f630ab5a46922ab72fb79c5ad4f4,do_not_import_ui
PKHeX.Drawing.Misc/Resources/img/flavor power/bitter_09_lv1.png,861fd0a3a3cbf80d7ef6ac46517fa31d739fb1e0,2552,8ad201e80244f630ab5a46922ab72fb79c5ad4f4,do_not_import_ui
PKHeX.Drawing.Misc/Resources/img/flavor power/bitter_09_lv2.png,77d684edcedc755ee2356ff7432abff2e9b7d698,2663,8ad201e80244f630ab5a46922ab72fb79c5ad4f4,do_not_import_ui
PKHeX.Drawing.Misc/Resources/img/flavor power/bitter_09_lv3.png,5a40c6b069da5c4bea0a4fe370192bda67fe96d5,2692,8ad201e80244f630ab5a46922ab72fb79c5ad4f4,do_not_import_ui
PKHeX.Drawing.Misc/Resources/img/flavor power/bitter_10_lv1.png,33d43ea7450821733068d47356c89ba19abe7c12,2435,8ad201e80244f630ab5a46922ab72fb79c5ad4f4,do_not_import_ui
PKHeX.Drawing.Misc/Resources/img/flavor power/bitter_10_lv2.png,417db273801ad00445a529c96bf04743998dfc7e,2539,8ad201e80244f630ab5a46922ab72fb79c5ad4f4,do_not_import_ui
PKHeX.Drawing.Misc/Resources/img/flavor power/bitter_10_lv3.png,407af8c9ee431af857e61ff4fd5a0ef84d0b8cd0,2569,8ad201e80244f630ab5a46922ab72fb79c5ad4f4,do_not_import_ui
PKHeX.Drawing.Misc/Resources/img/flavor power/bitter_11_lv1.png,4f19e62416e8455e77e88fcf504cb3d7df420ddd,2537,8ad201e80244f630ab5a46922ab72fb79c5ad4f4,do_not_import_ui
PKHeX.Drawing.Misc/Resources/img/flavor power/bitter_11_lv2.png,9371b249162e6a69e702bd054a1a7bba577f2c0a,2657,8ad201e80244f630ab5a46922ab72fb79c5ad4f4,do_not_import_ui
PKHeX.Drawing.Misc/Resources/img/flavor power/bitter_11_lv3.png,6c5894dd0b03b764214e5553132308758bf5a260,2666,8ad201e80244f630ab5a46922ab72fb79c5ad4f4,do_not_import_ui
PKHeX.Drawing.Misc/Resources/img/flavor power/bitter_12_lv1.png,4e30de45e7f679e8b5761c515c42501db689b114,2438,8ad201e80244f630ab5a46922ab72fb79c5ad4f4,do_not_import_ui
PKHeX.Drawing.Misc/Resources/img/flavor power/bitter_12_lv2.png,b21952ae14a04793b1b459045162f87d1d141065,2546,8ad201e80244f630ab5a46922ab72fb79c5ad4f4,do_not_import_ui
PKHeX.Drawing.Misc/Resources/img/flavor power/bitter_12_lv3.png,9f843a8c32a04daeaed4279c59e7b162450161e9,2570,8ad201e80244f630ab5a46922ab72fb79c5ad4f4,do_not_import_ui
PKHeX.Drawing.Misc/Resources/img/flavor power/bitter_13_lv1.png,4f2ecc7bdd939d0cb0dab709edb6bb15ddba4b5e,2502,8ad201e80244f630ab5a46922ab72fb79c5ad4f4,do_not_import_ui
PKHeX.Drawing.Misc/Resources/img/flavor power/bitter_13_lv2.png,0661086bea5f2570e02c967ffb37dd582298fcf8,2614,8ad201e80244f630ab5a46922ab72fb79c5ad4f4,do_not_import_ui
PKHeX.Drawing.Misc/Resources/img/flavor power/bitter_13_lv3.png,05396f0297ad44ec1c93f5072eee99d65e471854,2631,8ad201e80244f630ab5a46922ab72fb79c5ad4f4,do_not_import_ui
PKHeX.Drawing.Misc/Resources/img/flavor power/bitter_14_lv1.png,250c9edcd72c294080f6e50e67aad8011a592858,2573,8ad201e80244f630ab5a46922ab72fb79c5ad4f4,do_not_import_ui
PKHeX.Drawing.Misc/Resources/img/flavor power/bitter_14_lv2.png,b61b1c080cedc05e14e74a1d93e24557b5374462,2692,8ad201e80244f630ab5a46922ab72fb79c5ad4f4,do_not_import_ui
PKHeX.Drawing.Misc/Resources/img/flavor power/bitter_14_lv3.png,67014389b67e66e9ae7f31deb851c55a6745a36c,2710,8ad201e80244f630ab5a46922ab72fb79c5ad4f4,do_not_import_ui
PKHeX.Drawing.Misc/Resources/img/flavor power/bitter_15_lv1.png,1778bd78320f8300787f0549d8fcf2c8768e29e3,2527,8ad201e80244f630ab5a46922ab72fb79c5ad4f4,do_not_import_ui
PKHeX.Drawing.Misc/Resources/img/flavor power/bitter_15_lv2.png,3be4754402b5c4260df2cfa6ccc2f3ddbc3f74ff,2640,8ad201e80244f630ab5a46922ab72fb79c5ad4f4,do_not_import_ui
PKHeX.Drawing.Misc/Resources/img/flavor power/bitter_15_lv3.png,a4b9853cc749d36a73e50128bad310717438f23e,2661,8ad201e80244f630ab5a46922ab72fb79c5ad4f4,do_not_import_ui
PKHeX.Drawing.Misc/Resources/img/flavor power/bitter_16_lv1.png,bcb399e56f7c9c4712a40ddc28208df1098cc83d,2515,8ad201e80244f630ab5a46922ab72fb79c5ad4f4,do_not_import_ui
PKHeX.Drawing.Misc/Resources/img/flavor power/bitter_16_lv2.png,891ad83b2caa962f11283457bb802fc7d43926b6,2611,8ad201e80244f630ab5a46922ab72fb79c5ad4f4,do_not_import_ui
PKHeX.Drawing.Misc/Resources/img/flavor power/bitter_16_lv3.png,f61d8d29bdb17128a44312b0dc3f8695134f9a99,2650,8ad201e80244f630ab5a46922ab72fb79c5ad4f4,do_not_import_ui
PKHeX.Drawing.Misc/Resources/img/flavor power/bitter_17_lv1.png,d936ae68b651f7340e72ebaac0fd66bcce221f4a,2593,8ad201e80244f630ab5a46922ab72fb79c5ad4f4,do_not_import_ui
PKHeX.Drawing.Misc/Resources/img/flavor power/bitter_17_lv2.png,b836d2d467f844c1e6ea03febbdddb8165694f3c,2698,8ad201e80244f630ab5a46922ab72fb79c5ad4f4,do_not_import_ui
PKHeX.Drawing.Misc/Resources/img/flavor power/bitter_17_lv3.png,6609997fd8adbfa9819b9fd9e0db42af3a4fa166,2721,8ad201e80244f630ab5a46922ab72fb79c5ad4f4,do_not_import_ui
PKHeX.Drawing.Misc/Resources/img/flavor power/bitter_18_lv1.png,79da48d238abd200c33b3a50480773b29cacebbd,2446,8ad201e80244f630ab5a46922ab72fb79c5ad4f4,do_not_import_ui
PKHeX.Drawing.Misc/Resources/img/flavor power/bitter_18_lv2.png,de8839541f1bf7ef5159d3c93983a2a42ce0223d,2557,8ad201e80244f630ab5a46922ab72fb79c5ad4f4,do_not_import_ui
PKHeX.Drawing.Misc/Resources/img/flavor power/bitter_18_lv3.png,b29aefb76d6875e0d7dd2d516938429b2fb6d02a,2584,8ad201e80244f630ab5a46922ab72fb79c5ad4f4,do_not_import_ui
PKHeX.Drawing.Misc/Resources/img/flavor power/bitter_19_lv1.png,371c1ff1b9c908915806de7401fa94f1d2c772eb,2577,8ad201e80244f630ab5a46922ab72fb79c5ad4f4,do_not_import_ui
PKHeX.Drawing.Misc/Resources/img/flavor power/bitter_19_lv2.png,8a39853eff552633f5ca0c9ed0c97997f84ea750,2693,8ad201e80244f630ab5a46922ab72fb79c5ad4f4,do_not_import_ui
PKHeX.Drawing.Misc/Resources/img/flavor power/bitter_19_lv3.png,8952b1c6eb28cf4a781a54f74260545f088ab041,2713,8ad201e80244f630ab5a46922ab72fb79c5ad4f4,do_not_import_ui
PKHeX.Drawing.Misc/Resources/img/flavor power/bitter_20_lv1.png,dcb6097a440f57d82f07d675a4e6a4163db3d070,2508,8ad201e80244f630ab5a46922ab72fb79c5ad4f4,do_not_import_ui
PKHeX.Drawing.Misc/Resources/img/flavor power/bitter_20_lv2.png,7a7503f0bb72c7fccf20213c3219fd336442cb8a,2620,8ad201e80244f630ab5a46922ab72fb79c5ad4f4,do_not_import_ui
PKHeX.Drawing.Misc/Resources/img/flavor power/bitter_20_lv3.png,05418db9aedc2e783ba8b529632e441cc0070f02,2635,8ad201e80244f630ab5a46922ab72fb79c5ad4f4,do_not_import_ui
PKHeX.Drawing.Misc/Resources/img/flavor power/fresh_01_lv1.png,5e1a0a79e7d1c3a665c01bc2c14d7557c77176fe,2323,8ad201e80244f630ab5a46922ab72fb79c5ad4f4,do_not_import_ui
PKHeX.Drawing.Misc/Resources/img/flavor power/fresh_01_lv2.png,e531de73fdcfa5a140514865774c7df6984c03cc,2437,8ad201e80244f630ab5a46922ab72fb79c5ad4f4,do_not_import_ui
PKHeX.Drawing.Misc/Resources/img/flavor power/fresh_01_lv3.png,03caf052048e585298c4d5aee56c117b2d0f6746,2475,8ad201e80244f630ab5a46922ab72fb79c5ad4f4,do_not_import_ui
PKHeX.Drawing.Misc/Resources/img/flavor power/fresh_02_lv1.png,658e2629da4560689e951ce8a891be23eb7c2809,2298,8ad201e80244f630ab5a46922ab72fb79c5ad4f4,do_not_import_ui
PKHeX.Drawing.Misc/Resources/img/flavor power/fresh_02_lv2.png,b2f86d8dd1affcc8579b0edf9e38a7fca1642055,2415,8ad201e80244f630ab5a46922ab72fb79c5ad4f4,do_not_import_ui
PKHeX.Drawing.Misc/Resources/img/flavor power/fresh_02_lv3.png,ded9b12fe9931366db107761a4784bff013d9a9f,2451,8ad201e80244f630ab5a46922ab72fb79c5ad4f4,do_not_import_ui
PKHeX.Drawing.Misc/Resources/img/flavor power/fresh_03_lv1.png,12a46f4afe8a8bed146f2541350daff11b1c8597,2249,8ad201e80244f630ab5a46922ab72fb79c5ad4f4,do_not_import_ui
PKHeX.Drawing.Misc/Resources/img/flavor power/fresh_03_lv2.png,adb1890b88359e13e82504e12ebe01e426e5c6b9,2358,8ad201e80244f630ab5a46922ab72fb79c5ad4f4,do_not_import_ui
PKHeX.Drawing.Misc/Resources/img/flavor power/fresh_03_lv3.png,433807c9d72222853d1d81676f1f6bd7db5f7efc,2383,8ad201e80244f630ab5a46922ab72fb79c5ad4f4,do_not_import_ui
PKHeX.Drawing.Misc/Resources/img/flavor power/fresh_04_lv1.png,e3360666e411d58645be17609a0c67b4a8a805cc,2661,8ad201e80244f630ab5a46922ab72fb79c5ad4f4,do_not_import_ui
PKHeX.Drawing.Misc/Resources/img/flavor power/fresh_04_lv2.png,ee2209da5d36fe6b6c85a6d6ca0ca5b3ce024ab6,2770,8ad201e80244f630ab5a46922ab72fb79c5ad4f4,do_not_import_ui
PKHeX.Drawing.Misc/Resources/img/flavor power/fresh_04_lv3.png,b825008a03acbf6ff7d46e0d7d758a7ceb8f8547,2792,8ad201e80244f630ab5a46922ab72fb79c5ad4f4,do_not_import_ui
PKHeX.Drawing.Misc/Resources/img/flavor power/fresh_05_lv1.png,0091464324ee7179a9c97c12adf464b64d9fd34a,2642,8ad201e80244f630ab5a46922ab72fb79c5ad4f4,do_not_import_ui
PKHeX.Drawing.Misc/Resources/img/flavor power/fresh_05_lv2.png,d4d12002f58f2c6b6167d44ca0f65c83e89533dc,2753,8ad201e80244f630ab5a46922ab72fb79c5ad4f4,do_not_import_ui
PKHeX.Drawing.Misc/Resources/img/flavor power/fresh_05_lv3.png,d37e3c36dfd0d1356d472069d4106ad35bc2384f,2783,8ad201e80244f630ab5a46922ab72fb79c5ad4f4,do_not_import_ui
PKHeX.Drawing.Misc/Resources/img/flavor power/fresh_06_lv1.png,d2b96165b48a8c5cbe2da4b08fb6d294d4ca1fa0,2521,8ad201e80244f630ab5a46922ab72fb79c5ad4f4,do_not_import_ui
PKHeX.Drawing.Misc/Resources/img/flavor power/fresh_06_lv2.png,4be44913ff5c896621dc967780deea45d37b5f06,2651,8ad201e80244f630ab5a46922ab72fb79c5ad4f4,do_not_import_ui
PKHeX.Drawing.Misc/Resources/img/flavor power/fresh_06_lv3.png,a3f0c932ad87f4b30f1dab2e4896cdcc78052931,2667,8ad201e80244f630ab5a46922ab72fb79c5ad4f4,do_not_import_ui
PKHeX.Drawing.Misc/Resources/img/flavor power/fresh_07_lv1.png,1d56f09b2f5d2988bd986ae1c4c1a01a086a14cf,2493,8ad201e80244f630ab5a46922ab72fb79c5ad4f4,do_not_import_ui
PKHeX.Drawing.Misc/Resources/img/flavor power/fresh_07_lv2.png,cba737f994ac554a7c2f015a00bb79d67f9d77c6,2610,8ad201e80244f630ab5a46922ab72fb79c5ad4f4,do_not_import_ui
PKHeX.Drawing.Misc/Resources/img/flavor power/fresh_07_lv3.png,be0d16131fc456fd1c774783b412a01ebef1df3b,2623,8ad201e80244f630ab5a46922ab72fb79c5ad4f4,do_not_import_ui
PKHeX.Drawing.Misc/Resources/img/flavor power/fresh_08_lv1.png,212c8029e588a6c28b69cf6da13912601099257a,2686,8ad201e80244f630ab5a46922ab72fb79c5ad4f4,do_not_import_ui
PKHeX.Drawing.Misc/Resources/img/flavor power/fresh_08_lv2.png,a95187950de39b1fe548677decbe4851c5001df7,2791,8ad201e80244f630ab5a46922ab72fb79c5ad4f4,do_not_import_ui
PKHeX.Drawing.Misc/Resources/img/flavor power/fresh_08_lv3.png,2f51c114bb18f9711d5f62f36e27155a98dd24b1,2822,8ad201e80244f630ab5a46922ab72fb79c5ad4f4,do_not_import_ui
PKHeX.Drawing.Misc/Resources/img/flavor power/fresh_09_lv1.png,2be0845967ace5d34544462f6a459c04a2450898,2669,8ad201e80244f630ab5a46922ab72fb79c5ad4f4,do_not_import_ui
PKHeX.Drawing.Misc/Resources/img/flavor power/fresh_09_lv2.png,13659d678dd601b94cf14e50500f43da5d16394d,2781,8ad201e80244f630ab5a46922ab72fb79c5ad4f4,do_not_import_ui
PKHeX.Drawing.Misc/Resources/img/flavor power/fresh_09_lv3.png,61f821a5e5e78c40f8e00cf9cf9fa364a5ecfe44,2808,8ad201e80244f630ab5a46922ab72fb79c5ad4f4,do_not_import_ui
PKHeX.Drawing.Misc/Resources/img/flavor power/fresh_10_lv1.png,ada17358651fdcc46cb37c31aa01166a12be1e6f,2672,8ad201e80244f630ab5a46922ab72fb79c5ad4f4,do_not_import_ui
PKHeX.Drawing.Misc/Resources/img/flavor power/fresh_10_lv2.png,6da8140fd347436227dacf2fc0b2aaa2b95ec5c3,2782,8ad201e80244f630ab5a46922ab72fb79c5ad4f4,do_not_import_ui
PKHeX.Drawing.Misc/Resources/img/flavor power/fresh_10_lv3.png,08b0f36631b21e1fff35356b05a08e5eac0e459d,2811,8ad201e80244f630ab5a46922ab72fb79c5ad4f4,do_not_import_ui
PKHeX.Drawing.Misc/Resources/img/flavor power/fresh_11_lv1.png,3efa2a830983a5a0f7ec5efa768e146c211a6591,2569,8ad201e80244f630ab5a46922ab72fb79c5ad4f4,do_not_import_ui
PKHeX.Drawing.Misc/Resources/img/flavor power/fresh_11_lv2.png,3bd20db285a64ba34253d049f14b27eef2916c30,2676,8ad201e80244f630ab5a46922ab72fb79c5ad4f4,do_not_import_ui
PKHeX.Drawing.Misc/Resources/img/flavor power/fresh_11_lv3.png,f9ab773d46cd9c3635dacd9db5e7ba1f1343aa62,2707,8ad201e80244f630ab5a46922ab72fb79c5ad4f4,do_not_import_ui
PKHeX.Drawing.Misc/Resources/img/flavor power/fresh_12_lv1.png,225caea0be192d41f2812ab8dceb6f756a61fe98,2675,8ad201e80244f630ab5a46922ab72fb79c5ad4f4,do_not_import_ui
PKHeX.Drawing.Misc/Resources/img/flavor power/fresh_12_lv2.png,432376fc9e879142abd16699f2778d6a0b48a067,2788,8ad201e80244f630ab5a46922ab72fb79c5ad4f4,do_not_import_ui
PKHeX.Drawing.Misc/Resources/img/flavor power/fresh_12_lv3.png,e002b87421bc6b34f5e6edbb724f4df252ec351c,2808,8ad201e80244f630ab5a46922ab72fb79c5ad4f4,do_not_import_ui
PKHeX.Drawing.Misc/Resources/img/flavor power/fresh_13_lv1.png,02efe8dec05c7e77efa03f45ca78a1edc51ba8c2,2577,8ad201e80244f630ab5a46922ab72fb79c5ad4f4,do_not_import_ui
PKHeX.Drawing.Misc/Resources/img/flavor power/fresh_13_lv2.png,d161207aa87d25c8a5dc245a95d2353af803cc7c,2693,8ad201e80244f630ab5a46922ab72fb79c5ad4f4,do_not_import_ui
PKHeX.Drawing.Misc/Resources/img/flavor power/fresh_13_lv3.png,7dc165566e742ce138d5d7415bd6fee822ebded4,2715,8ad201e80244f630ab5a46922ab72fb79c5ad4f4,do_not_import_ui
PKHeX.Drawing.Misc/Resources/img/flavor power/fresh_14_lv1.png,0a982e4def6f809c5c27d870cf16fe8257f57438,2646,8ad201e80244f630ab5a46922ab72fb79c5ad4f4,do_not_import_ui
PKHeX.Drawing.Misc/Resources/img/flavor power/fresh_14_lv2.png,52fad20beb92da1fdc071c6e8f06d7b62b4d00ca,2759,8ad201e80244f630ab5a46922ab72fb79c5ad4f4,do_not_import_ui
PKHeX.Drawing.Misc/Resources/img/flavor power/fresh_14_lv3.png,64a5e47aaa85f0d0ad2d1d7455c1aa17fb013134,2779,8ad201e80244f630ab5a46922ab72fb79c5ad4f4,do_not_import_ui
PKHeX.Drawing.Misc/Resources/img/flavor power/fresh_15_lv1.png,f5d8d3d749b8b8081bd9f9eedeb8eea71159410e,2705,8ad201e80244f630ab5a46922ab72fb79c5ad4f4,do_not_import_ui
PKHeX.Drawing.Misc/Resources/img/flavor power/fresh_15_lv2.png,c5e029cc76427024c9589dc7e4dc94f378616be2,2821,8ad201e80244f630ab5a46922ab72fb79c5ad4f4,do_not_import_ui
PKHeX.Drawing.Misc/Resources/img/flavor power/fresh_15_lv3.png,6ad350dbd319347a19097329fbed4701f0cad588,2844,8ad201e80244f630ab5a46922ab72fb79c5ad4f4,do_not_import_ui
PKHeX.Drawing.Misc/Resources/img/flavor power/fresh_16_lv1.png,96a65031b826ec76cc9b703019a4b28a50d1bcba,2637,8ad201e80244f630ab5a46922ab72fb79c5ad4f4,do_not_import_ui
PKHeX.Drawing.Misc/Resources/img/flavor power/fresh_16_lv2.png,43b5e01c9ddfdbe827c1f459f15c62418e5d4678,2746,8ad201e80244f630ab5a46922ab72fb79c5ad4f4,do_not_import_ui
PKHeX.Drawing.Misc/Resources/img/flavor power/fresh_16_lv3.png,295e09a288d5f436b40b292346a84a513aa904f7,2771,8ad201e80244f630ab5a46922ab72fb79c5ad4f4,do_not_import_ui
PKHeX.Drawing.Misc/Resources/img/flavor power/fresh_17_lv1.png,549934d9f41f81c6c9a26d7a0e851292e8b09c16,2634,8ad201e80244f630ab5a46922ab72fb79c5ad4f4,do_not_import_ui
PKHeX.Drawing.Misc/Resources/img/flavor power/fresh_17_lv2.png,76eff03b86f5f6426c0c0a0a46818a9b280f4847,2747,8ad201e80244f630ab5a46922ab72fb79c5ad4f4,do_not_import_ui
PKHeX.Drawing.Misc/Resources/img/flavor power/fresh_17_lv3.png,228800c8cd03c53da0dbfc1feea7412b60f7b731,2769,8ad201e80244f630ab5a46922ab72fb79c5ad4f4,do_not_import_ui
PKHeX.Drawing.Misc/Resources/img/flavor power/fresh_18_lv1.png,8d3617fd91dcb914127fac386f11e923ba007eee,2732,8ad201e80244f630ab5a46922ab72fb79c5ad4f4,do_not_import_ui
PKHeX.Drawing.Misc/Resources/img/flavor power/fresh_18_lv2.png,939e9408487c2964875b71d028b2db51365c1d04,2837,8ad201e80244f630ab5a46922ab72fb79c5ad4f4,do_not_import_ui
PKHeX.Drawing.Misc/Resources/img/flavor power/fresh_18_lv3.png,fe90b2417196c5be3b3e985db87ef6d6ab777c78,2856,8ad201e80244f630ab5a46922ab72fb79c5ad4f4,do_not_import_ui
PKHeX.Drawing.Misc/Resources/img/flavor power/fresh_19_lv1.png,14e6d4b4739e69668e760454ce3902b437419bb3,2582,8ad201e80244f630ab5a46922ab72fb79c5ad4f4,do_not_import_ui
PKHeX.Drawing.Misc/Resources/img/flavor power/fresh_19_lv2.png,820c3807c7dda6e2e4ef8a849f16d753b23f20ea,2692,8ad201e80244f630ab5a46922ab72fb79c5ad4f4,do_not_import_ui
PKHeX.Drawing.Misc/Resources/img/flavor power/fresh_19_lv3.png,252d08f6cd872e9abacfceac224700e7908a0522,2720,8ad201e80244f630ab5a46922ab72fb79c5ad4f4,do_not_import_ui
PKHeX.Drawing.Misc/Resources/img/flavor power/fresh_20_lv1.png,cfe59bea1d6561248d57bdcad46a03645ed47784,2695,8ad201e80244f630ab5a46922ab72fb79c5ad4f4,do_not_import_ui
PKHeX.Drawing.Misc/Resources/img/flavor power/fresh_20_lv2.png,40c82623b1a39074a9c2c3c9588c01d31cb90090,2810,8ad201e80244f630ab5a46922ab72fb79c5ad4f4,do_not_import_ui
PKHeX.Drawing.Misc/Resources/img/flavor power/fresh_20_lv3.png,6f512d2655a247ade4f51b76813221b5b42d10b0,2833,8ad201e80244f630ab5a46922ab72fb79c5ad4f4,do_not_import_ui
PKHeX.Drawing.Misc/Resources/img/flavor power/fresh_21_lv1.png,ba4596cfe4c9fa86eb2c1dcd7eb804b238da8358,2641,8ad201e80244f630ab5a46922ab72fb79c5ad4f4,do_not_import_ui
PKHeX.Drawing.Misc/Resources/img/flavor power/fresh_21_lv2.png,bd40c860eb18b8e5c52d74dcb5db8c473c8d1256,2755,8ad201e80244f630ab5a46922ab72fb79c5ad4f4,do_not_import_ui
PKHeX.Drawing.Misc/Resources/img/flavor power/fresh_21_lv3.png,561267b055f7dd8118a549c3b4007f76f39fd8fa,2773,8ad201e80244f630ab5a46922ab72fb79c5ad4f4,do_not_import_ui
PKHeX.Drawing.Misc/Resources/img/flavor power/fresh_22_lv1.png,878c5eb2c251644698f086c1ee19a45e76ea349c,2250,8ad201e80244f630ab5a46922ab72fb79c5ad4f4,do_not_import_ui
PKHeX.Drawing.Misc/Resources/img/flavor power/fresh_22_lv2.png,310b6cadbea2708fceea100e0d192222b6bbfaf2,2353,8ad201e80244f630ab5a46922ab72fb79c5ad4f4,do_not_import_ui
PKHeX.Drawing.Misc/Resources/img/flavor power/fresh_22_lv3.png,a3568c92df3783534d0b058dee165b0279573d8d,2383,8ad201e80244f630ab5a46922ab72fb79c5ad4f4,do_not_import_ui
PKHeX.Drawing.Misc/Resources/img/flavor power/sour_01_lv1.png,ce0f56c2d3f92cbabdee2b96c91d9b308f18e04f,2312,8ad201e80244f630ab5a46922ab72fb79c5ad4f4,do_not_import_ui
PKHeX.Drawing.Misc/Resources/img/flavor power/sour_01_lv2.png,17fd6257786d32dcc54e8b43a7a61eb93c4dc4af,2438,8ad201e80244f630ab5a46922ab72fb79c5ad4f4,do_not_import_ui
PKHeX.Drawing.Misc/Resources/img/flavor power/sour_01_lv3.png,0baa827c33f5b756938073a525e0df93ee516bc0,2453,8ad201e80244f630ab5a46922ab72fb79c5ad4f4,do_not_import_ui
PKHeX.Drawing.Misc/Resources/img/flavor power/sour_02_lv1.png,fc0836db5f392cc15ed81ab7e19dd98471cb5026,2719,8ad201e80244f630ab5a46922ab72fb79c5ad4f4,do_not_import_ui
PKHeX.Drawing.Misc/Resources/img/flavor power/sour_02_lv2.png,8228ac0b46e7f19441612dfc0e659f715e418c40,2834,8ad201e80244f630ab5a46922ab72fb79c5ad4f4,do_not_import_ui
PKHeX.Drawing.Misc/Resources/img/flavor power/sour_02_lv3.png,d933b23c4ffa8751b26ec629974bb7f4ff3b916d,2868,8ad201e80244f630ab5a46922ab72fb79c5ad4f4,do_not_import_ui
PKHeX.Drawing.Misc/Resources/img/flavor power/sour_03_lv1.png,1098d79ba0c87f988c5ee98f84f4c61a44b7310c,2600,8ad201e80244f630ab5a46922ab72fb79c5ad4f4,do_not_import_ui
PKHeX.Drawing.Misc/Resources/img/flavor power/sour_03_lv2.png,bbaa49399f65e204869f7eb0262a4137b022cedb,2718,8ad201e80244f630ab5a46922ab72fb79c5ad4f4,do_not_import_ui
PKHeX.Drawing.Misc/Resources/img/flavor power/sour_03_lv3.png,f875a8deadd73c36e58e199de0871ad2d53f52d7,2751,8ad201e80244f630ab5a46922ab72fb79c5ad4f4,do_not_import_ui
PKHeX.Drawing.Misc/Resources/img/flavor power/sour_04_lv1.png,b7065a8239f954bd29f9c2571352590c1f194535,2661,8ad201e80244f630ab5a46922ab72fb79c5ad4f4,do_not_import_ui
PKHeX.Drawing.Misc/Resources/img/flavor power/sour_04_lv2.png,f2f32aa5e53ec89544b846f6cd8d64d14174f533,2774,8ad201e80244f630ab5a46922ab72fb79c5ad4f4,do_not_import_ui
PKHeX.Drawing.Misc/Resources/img/flavor power/sour_04_lv3.png,08eea88b734583f22c9089db24f3b66ddab4bc35,2803,8ad201e80244f630ab5a46922ab72fb79c5ad4f4,do_not_import_ui
PKHeX.Drawing.Misc/Resources/img/flavor power/sour_05_lv1.png,e3542cc0367f4af63cf5d06f278afe1bba3074e2,2669,8ad201e80244f630ab5a46922ab72fb79c5ad4f4,do_not_import_ui
PKHeX.Drawing.Misc/Resources/img/flavor power/sour_05_lv2.png,657ca9db1bf09115a6509c85f99dbb817320c1ee,2783,8ad201e80244f630ab5a46922ab72fb79c5ad4f4,do_not_import_ui
PKHeX.Drawing.Misc/Resources/img/flavor power/sour_05_lv3.png,8cf82fadd666bfe09838120a2758cd686ff3a1c0,2801,8ad201e80244f630ab5a46922ab72fb79c5ad4f4,do_not_import_ui
PKHeX.Drawing.Misc/Resources/img/flavor power/sour_06_lv1.png,2cc3024bac3ce0da6566db46123ff463c0a24513,2620,8ad201e80244f630ab5a46922ab72fb79c5ad4f4,do_not_import_ui
PKHeX.Drawing.Misc/Resources/img/flavor power/sour_06_lv2.png,96256786ddde6cff2e34c31ca69571ebecea521b,2734,8ad201e80244f630ab5a46922ab72fb79c5ad4f4,do_not_import_ui
PKHeX.Drawing.Misc/Resources/img/flavor power/sour_06_lv3.png,195874812109796117595a1ca3bf767ea22a97c1,2762,8ad201e80244f630ab5a46922ab72fb79c5ad4f4,do_not_import_ui
PKHeX.Drawing.Misc/Resources/img/flavor power/sour_07_lv1.png,c7e349903b4e5d1b7c9a5be97b0cda5706e5d53d,2608,8ad201e80244f630ab5a46922ab72fb79c5ad4f4,do_not_import_ui
PKHeX.Drawing.Misc/Resources/img/flavor power/sour_07_lv2.png,bff9901f159bcac66b29e2cd4e5495233b305a23,2725,8ad201e80244f630ab5a46922ab72fb79c5ad4f4,do_not_import_ui
PKHeX.Drawing.Misc/Resources/img/flavor power/sour_07_lv3.png,cdf77f17f450a919be0c5263bc0f03d09efb1c12,2755,8ad201e80244f630ab5a46922ab72fb79c5ad4f4,do_not_import_ui
PKHeX.Drawing.Misc/Resources/img/flavor power/sour_10_lv1.png,530e4002fdae3a1be179a598bf275a080986da89,2365,8ad201e80244f630ab5a46922ab72fb79c5ad4f4,do_not_import_ui
PKHeX.Drawing.Misc/Resources/img/flavor power/sour_10_lv2.png,ff3f84428a9db631ea08f632420ef0935e51e5f7,2500,8ad201e80244f630ab5a46922ab72fb79c5ad4f4,do_not_import_ui
PKHeX.Drawing.Misc/Resources/img/flavor power/sour_10_lv3.png,1829efafa9263499aa4d02861dc0d62dc9c16ec8,2515,8ad201e80244f630ab5a46922ab72fb79c5ad4f4,do_not_import_ui
PKHeX.Drawing.Misc/Resources/img/flavor power/sour_11_lv1.png,19ba209a09c4d4a2bb439712ed9871da98b640db,2318,8ad201e80244f630ab5a46922ab72fb79c5ad4f4,do_not_import_ui
PKHeX.Drawing.Misc/Resources/img/flavor power/sour_11_lv2.png,c5fb7873e6f9cabb0b46b7599d2ccf98c21bd545,2461,8ad201e80244f630ab5a46922ab72fb79c5ad4f4,do_not_import_ui
PKHeX.Drawing.Misc/Resources/img/flavor power/sour_11_lv3.png,845ff1c6687179823d32bdbee2189256fcf8e873,2467,8ad201e80244f630ab5a46922ab72fb79c5ad4f4,do_not_import_ui
PKHeX.Drawing.Misc/Resources/img/flavor power/sp_01.png,1fee187e278639b9d80276fcf6ca152587a74ab9,2178,8ad201e80244f630ab5a46922ab72fb79c5ad4f4,do_not_import_ui
PKHeX.Drawing.Misc/Resources/img/flavor power/sp_02.png,43ca8efe460aaa53d856e91a78cec3c5352a94dc,2174,8ad201e80244f630ab5a46922ab72fb79c5ad4f4,do_not_import_ui
PKHeX.Drawing.Misc/Resources/img/flavor power/sp_03.png,0d76eda1949b254345cb958716581d3a60688474,2246,8ad201e80244f630ab5a46922ab72fb79c5ad4f4,do_not_import_ui
PKHeX.Drawing.Misc/Resources/img/flavor power/sp_04.png,b332b528b3a7d379f0604e2a721e0e0080acaf72,2365,8ad201e80244f630ab5a46922ab72fb79c5ad4f4,do_not_import_ui
PKHeX.Drawing.Misc/Resources/img/flavor power/sp_05.png,74631061777c978e87849e60b6b16ace15592941,2240,8ad201e80244f630ab5a46922ab72fb79c5ad4f4,do_not_import_ui
PKHeX.Drawing.Misc/Resources/img/flavor power/spicy_01_lv1.png,945e16a7f2f8883cec8a1ddb7b22a9b460858dee,2490,8ad201e80244f630ab5a46922ab72fb79c5ad4f4,do_not_import_ui
PKHeX.Drawing.Misc/Resources/img/flavor power/spicy_01_lv2.png,b519199dc6f1cf0d4ad779ea7ea6cfd80d37689a,2586,8ad201e80244f630ab5a46922ab72fb79c5ad4f4,do_not_import_ui
PKHeX.Drawing.Misc/Resources/img/flavor power/spicy_01_lv3.png,a69be7d4f66140ff502fa97d5ef4b4d8eab66ae1,2618,8ad201e80244f630ab5a46922ab72fb79c5ad4f4,do_not_import_ui
PKHeX.Drawing.Misc/Resources/img/flavor power/spicy_02_lv1.png,bcdf134ab431d7be1f7340123c94aecb402dc2e7,2543,8ad201e80244f630ab5a46922ab72fb79c5ad4f4,do_not_import_ui
PKHeX.Drawing.Misc/Resources/img/flavor power/spicy_02_lv2.png,8d765dbbb74d200cad69b0117e96422020760f9b,2637,8ad201e80244f630ab5a46922ab72fb79c5ad4f4,do_not_import_ui
PKHeX.Drawing.Misc/Resources/img/flavor power/spicy_02_lv3.png,5f5cfc1ec6e378ca1bdfd00bb5ce4916c048e41e,2674,8ad201e80244f630ab5a46922ab72fb79c5ad4f4,do_not_import_ui
PKHeX.Drawing.Misc/Resources/img/flavor power/spicy_03_lv1.png,ac617192727ff66fb48e9668301ccae49a0fedc7,2469,8ad201e80244f630ab5a46922ab72fb79c5ad4f4,do_not_import_ui
PKHeX.Drawing.Misc/Resources/img/flavor power/spicy_03_lv2.png,a6cef1d5e3f13cd977ee8da0d86bb5b3db91e963,2555,8ad201e80244f630ab5a46922ab72fb79c5ad4f4,do_not_import_ui
PKHeX.Drawing.Misc/Resources/img/flavor power/spicy_03_lv3.png,08b9b38e39adc3ef1e65d19ac5fcc992ee126a40,2587,8ad201e80244f630ab5a46922ab72fb79c5ad4f4,do_not_import_ui
PKHeX.Drawing.Misc/Resources/img/flavor power/spicy_04_lv1.png,072e30d2276b2985e2354b5e1ba31f45ad7a9547,2434,8ad201e80244f630ab5a46922ab72fb79c5ad4f4,do_not_import_ui
PKHeX.Drawing.Misc/Resources/img/flavor power/spicy_04_lv2.png,538a876f9debaa3ac744651cc0805f9a68891742,2531,8ad201e80244f630ab5a46922ab72fb79c5ad4f4,do_not_import_ui
PKHeX.Drawing.Misc/Resources/img/flavor power/spicy_04_lv3.png,b59656da1536058bc9cc213165ba01f58bfc152d,2569,8ad201e80244f630ab5a46922ab72fb79c5ad4f4,do_not_import_ui
PKHeX.Drawing.Misc/Resources/img/flavor power/spicy_05_lv1.png,a7af56d39435a7402f7d95fee2edf6bd1e8c212d,2338,8ad201e80244f630ab5a46922ab72fb79c5ad4f4,do_not_import_ui
PKHeX.Drawing.Misc/Resources/img/flavor power/spicy_05_lv2.png,2b557c9faf4ed5dbc41da180bfc3fd02ca2b1c4d,2435,8ad201e80244f630ab5a46922ab72fb79c5ad4f4,do_not_import_ui
PKHeX.Drawing.Misc/Resources/img/flavor power/spicy_05_lv3.png,5fa1a941a183469504c1f0c86f3daf26d8ae902d,2463,8ad201e80244f630ab5a46922ab72fb79c5ad4f4,do_not_import_ui
PKHeX.Drawing.Misc/Resources/img/flavor power/spicy_06_lv1.png,8abeaa041d10432c13d9849720d7dab9cb877f68,2289,8ad201e80244f630ab5a46922ab72fb79c5ad4f4,do_not_import_ui
PKHeX.Drawing.Misc/Resources/img/flavor power/spicy_06_lv2.png,e7886dc31e41e182971932240d0ba3c4de361980,2385,8ad201e80244f630ab5a46922ab72fb79c5ad4f4,do_not_import_ui
PKHeX.Drawing.Misc/Resources/img/flavor power/spicy_06_lv3.png,41fb741a11023a03a7ec14d9c590010b82b4f84a,2416,8ad201e80244f630ab5a46922ab72fb79c5ad4f4,do_not_import_ui
PKHeX.Drawing.Misc/Resources/img/flavor power/spicy_07_lv1.png,a65eaa72e794ac8b2ad9d1e3f606991c6d82ffeb,2482,8ad201e80244f630ab5a46922ab72fb79c5ad4f4,do_not_import_ui
PKHeX.Drawing.Misc/Resources/img/flavor power/spicy_07_lv2.png,e40eb9f2cd90b85e0e2b1df23a664d53f549a1f7,2582,8ad201e80244f630ab5a46922ab72fb79c5ad4f4,do_not_import_ui
PKHeX.Drawing.Misc/Resources/img/flavor power/spicy_07_lv3.png,b770c151d62e1145e5eaa367ec7e22566febd1c9,2620,8ad201e80244f630ab5a46922ab72fb79c5ad4f4,do_not_import_ui
PKHeX.Drawing.Misc/Resources/img/flavor power/spicy_08_lv1.png,01a3039f526e1dc09769a3e8db93ab092505c020,2490,8ad201e80244f630ab5a46922ab72fb79c5ad4f4,do_not_import_ui
PKHeX.Drawing.Misc/Resources/img/flavor power/spicy_08_lv2.png,eb2703d4034caddac5939e1693a52855e58a6f91,2590,8ad201e80244f630ab5a46922ab72fb79c5ad4f4,do_not_import_ui
PKHeX.Drawing.Misc/Resources/img/flavor power/spicy_08_lv3.png,49bc9e1501fe0c9e7f936e6077b318b4e3f51e25,2626,8ad201e80244f630ab5a46922ab72fb79c5ad4f4,do_not_import_ui
PKHeX.Drawing.Misc/Resources/img/flavor power/spicy_09_lv1.png,16285bcc6c1d211623a3d5fa8c65d05bd2750177,2469,8ad201e80244f630ab5a46922ab72fb79c5ad4f4,do_not_import_ui
PKHeX.Drawing.Misc/Resources/img/flavor power/spicy_09_lv2.png,eb506511bbf497f008e94f70a6df2ab4471d9729,2558,8ad201e80244f630ab5a46922ab72fb79c5ad4f4,do_not_import_ui
PKHeX.Drawing.Misc/Resources/img/flavor power/spicy_09_lv3.png,6ca6f676f210fa5cb4651a697825a0d58946d263,2597,8ad201e80244f630ab5a46922ab72fb79c5ad4f4,do_not_import_ui
PKHeX.Drawing.Misc/Resources/img/flavor power/spicy_10_lv1.png,5d7cd2caaca21b9b65d41f078a13c31f1c1ae5d2,2353,8ad201e80244f630ab5a46922ab72fb79c5ad4f4,do_not_import_ui
PKHeX.Drawing.Misc/Resources/img/flavor power/spicy_10_lv2.png,dfc083193634f6b59b4947606fcc5f3b14e8e447,2446,8ad201e80244f630ab5a46922ab72fb79c5ad4f4,do_not_import_ui
PKHeX.Drawing.Misc/Resources/img/flavor power/spicy_10_lv3.png,3394102ba4cf7ee80244b21e6a1ba847d1c9c84f,2488,8ad201e80244f630ab5a46922ab72fb79c5ad4f4,do_not_import_ui
PKHeX.Drawing.Misc/Resources/img/flavor power/spicy_11_lv1.png,75b6afe6f2f30b88bceab47472d67242c3b7eb82,2463,8ad201e80244f630ab5a46922ab72fb79c5ad4f4,do_not_import_ui
PKHeX.Drawing.Misc/Resources/img/flavor power/spicy_11_lv2.png,926221a0df592c8b596878b1cac4fe59e5593346,2556,8ad201e80244f630ab5a46922ab72fb79c5ad4f4,do_not_import_ui
PKHeX.Drawing.Misc/Resources/img/flavor power/spicy_11_lv3.png,918bdd5e9de9b3d23cdd65cdf659d93e86bfcda1,2600,8ad201e80244f630ab5a46922ab72fb79c5ad4f4,do_not_import_ui
PKHeX.Drawing.Misc/Resources/img/flavor power/spicy_12_lv1.png,4e1ff61b4e05be591c2275f6637a540b8d8f13f0,2365,8ad201e80244f630ab5a46922ab72fb79c5ad4f4,do_not_import_ui
PKHeX.Drawing.Misc/Resources/img/flavor power/spicy_12_lv2.png,fb097625ccc577a382d7385654672855b004d0dd,2458,8ad201e80244f630ab5a46922ab72fb79c5ad4f4,do_not_import_ui
PKHeX.Drawing.Misc/Resources/img/flavor power/spicy_12_lv3.png,bd850974189eab4b544dcee7cf21bd85426bdcd4,2494,8ad201e80244f630ab5a46922ab72fb79c5ad4f4,do_not_import_ui
PKHeX.Drawing.Misc/Resources/img/flavor power/spicy_13_lv1.png,6027633c75fdc5f15e74c54fa8cb7a3291c39851,2447,8ad201e80244f630ab5a46922ab72fb79c5ad4f4,do_not_import_ui
PKHeX.Drawing.Misc/Resources/img/flavor power/spicy_13_lv2.png,8c254d10fb2c8d6eadc0171b183dafebbc518a3b,2546,8ad201e80244f630ab5a46922ab72fb79c5ad4f4,do_not_import_ui
PKHeX.Drawing.Misc/Resources/img/flavor power/spicy_13_lv3.png,785fd19c33048fe29d386351b0e2b0f5a83752e2,2574,8ad201e80244f630ab5a46922ab72fb79c5ad4f4,do_not_import_ui
PKHeX.Drawing.Misc/Resources/img/flavor power/spicy_14_lv1.png,9fe8bf893a38978a58fe0c04b0923dd7bf0c6fe2,2503,8ad201e80244f630ab5a46922ab72fb79c5ad4f4,do_not_import_ui
PKHeX.Drawing.Misc/Resources/img/flavor power/spicy_14_lv2.png,3e409710f928fdc8e88ed1e0341cb1c75add8e5a,2605,8ad201e80244f630ab5a46922ab72fb79c5ad4f4,do_not_import_ui
PKHeX.Drawing.Misc/Resources/img/flavor power/spicy_14_lv3.png,a8b14763155658da64de9508e0047938cc03053e,2631,8ad201e80244f630ab5a46922ab72fb79c5ad4f4,do_not_import_ui
PKHeX.Drawing.Misc/Resources/img/flavor power/spicy_15_lv1.png,b40d5df01e5d4b62690c1a2057f8f96ae6d90b83,2456,8ad201e80244f630ab5a46922ab72fb79c5ad4f4,do_not_import_ui
PKHeX.Drawing.Misc/Resources/img/flavor power/spicy_15_lv2.png,74272024bbc0064eea5336c8fd846f5850baecec,2554,8ad201e80244f630ab5a46922ab72fb79c5ad4f4,do_not_import_ui
PKHeX.Drawing.Misc/Resources/img/flavor power/spicy_15_lv3.png,02c9290cc449ad71e78571ffbf3cf94a51048dde,2594,8ad201e80244f630ab5a46922ab72fb79c5ad4f4,do_not_import_ui
PKHeX.Drawing.Misc/Resources/img/flavor power/spicy_16_lv1.png,44b5ae5ad2090683dfdc0077c8f0b269a11f0f91,2444,8ad201e80244f630ab5a46922ab72fb79c5ad4f4,do_not_import_ui
PKHeX.Drawing.Misc/Resources/img/flavor power/spicy_16_lv2.png,71093acf381ec624d41c8b029b0f30032a7a5b0c,2527,8ad201e80244f630ab5a46922ab72fb79c5ad4f4,do_not_import_ui
PKHeX.Drawing.Misc/Resources/img/flavor power/spicy_16_lv3.png,25f3921ac0c6ea45bec2a38fa66baec3939b0964,2579,8ad201e80244f630ab5a46922ab72fb79c5ad4f4,do_not_import_ui
PKHeX.Drawing.Misc/Resources/img/flavor power/spicy_17_lv1.png,3bea47eb405a34dc7387ac457544615df2e2431a,2548,8ad201e80244f630ab5a46922ab72fb79c5ad4f4,do_not_import_ui
PKHeX.Drawing.Misc/Resources/img/flavor power/spicy_17_lv2.png,0bc0229234b47bc2aec2c663c842c5f462f7ee79,2643,8ad201e80244f630ab5a46922ab72fb79c5ad4f4,do_not_import_ui
PKHeX.Drawing.Misc/Resources/img/flavor power/spicy_17_lv3.png,c54ebf553dd55588b4835244227bbe6857f30bed,2671,8ad201e80244f630ab5a46922ab72fb79c5ad4f4,do_not_import_ui
PKHeX.Drawing.Misc/Resources/img/flavor power/spicy_18_lv1.png,0527d3229ae1458203f618d50a9f70683796030d,2370,8ad201e80244f630ab5a46922ab72fb79c5ad4f4,do_not_import_ui
PKHeX.Drawing.Misc/Resources/img/flavor power/spicy_18_lv2.png,fa25ce61b2470d27e5d3305bb89abb7d7d213971,2458,8ad201e80244f630ab5a46922ab72fb79c5ad4f4,do_not_import_ui
PKHeX.Drawing.Misc/Resources/img/flavor power/spicy_18_lv3.png,0c6affecd2749618dd2ce94095308a23d3194910,2502,8ad201e80244f630ab5a46922ab72fb79c5ad4f4,do_not_import_ui
PKHeX.Drawing.Misc/Resources/img/flavor power/spicy_19_lv1.png,aa566e736ff6b3e31c0ea1134db08bc72d5b9251,2500,8ad201e80244f630ab5a46922ab72fb79c5ad4f4,do_not_import_ui
PKHeX.Drawing.Misc/Resources/img/flavor power/spicy_19_lv2.png,780017f733f12b041f3fa20534466786658d76b4,2597,8ad201e80244f630ab5a46922ab72fb79c5ad4f4,do_not_import_ui
PKHeX.Drawing.Misc/Resources/img/flavor power/spicy_19_lv3.png,380e538998ff227eba2568bc4dc6a7c4bb942590,2638,8ad201e80244f630ab5a46922ab72fb79c5ad4f4,do_not_import_ui
PKHeX.Drawing.Misc/Resources/img/flavor power/spicy_20_lv1.png,e09a7289d0fe593bdeed0ed9dbd8fad51516a172,2426,8ad201e80244f630ab5a46922ab72fb79c5ad4f4,do_not_import_ui
PKHeX.Drawing.Misc/Resources/img/flavor power/spicy_20_lv2.png,d63bfb5b7a12384696fe45df3ebf390ecffa968e,2524,8ad201e80244f630ab5a46922ab72fb79c5ad4f4,do_not_import_ui
PKHeX.Drawing.Misc/Resources/img/flavor power/spicy_20_lv3.png,6f7e3d6a5d9d169eaba1f01f855c4f1685ce869d,2553,8ad201e80244f630ab5a46922ab72fb79c5ad4f4,do_not_import_ui
PKHeX.Drawing.Misc/Resources/img/flavor power/spicy_21_lv1.png,5d8f601c846587373346c65bc69900844b1f8fe5,2159,8ad201e80244f630ab5a46922ab72fb79c5ad4f4,do_not_import_ui
PKHeX.Drawing.Misc/Resources/img/flavor power/spicy_21_lv2.png,aa83c7d7bf7ffa71814b87323b46cff9426ed33e,2276,8ad201e80244f630ab5a46922ab72fb79c5ad4f4,do_not_import_ui
PKHeX.Drawing.Misc/Resources/img/flavor power/spicy_21_lv3.png,d145c9f42c334b8673ff5eeed5f8b21b32ab0b77,2294,8ad201e80244f630ab5a46922ab72fb79c5ad4f4,do_not_import_ui
PKHeX.Drawing.Misc/Resources/img/flavor power/sweet_01_lv1.png,f39defbae094d026b500dacd78c887d8705f824a,2194,8ad201e80244f630ab5a46922ab72fb79c5ad4f4,do_not_import_ui
PKHeX.Drawing.Misc/Resources/img/flavor power/sweet_01_lv2.png,4e637ff3e98be82328f753ffe98f6568c0abe34a,2309,8ad201e80244f630ab5a46922ab72fb79c5ad4f4,do_not_import_ui
PKHeX.Drawing.Misc/Resources/img/flavor power/sweet_01_lv3.png,22425b3ae3226bf11d2c0639f4e57698ee79f904,2346,8ad201e80244f630ab5a46922ab72fb79c5ad4f4,do_not_import_ui
PKHeX.Drawing.Misc/Resources/img/flavor power/sweet_03_lv1.png,2846eac14ed6d0576d16982bd9279323e3388eb8,2496,8ad201e80244f630ab5a46922ab72fb79c5ad4f4,do_not_import_ui
PKHeX.Drawing.Misc/Resources/img/flavor power/sweet_03_lv2.png,8e696abaf144bb49efe37c09e62f7af9d4f9f671,2629,8ad201e80244f630ab5a46922ab72fb79c5ad4f4,do_not_import_ui
PKHeX.Drawing.Misc/Resources/img/flavor power/sweet_03_lv3.png,954a782fb84f676aaa3b0d7d9944a0571579c62c,2649,8ad201e80244f630ab5a46922ab72fb79c5ad4f4,do_not_import_ui
PKHeX.Drawing.Misc/Resources/img/flavor power/sweet_04_lv1.png,f4b12392cc2623ecb26f56011030ae978b359eea,2480,8ad201e80244f630ab5a46922ab72fb79c5ad4f4,do_not_import_ui
PKHeX.Drawing.Misc/Resources/img/flavor power/sweet_04_lv2.png,9fb34fcbb26b261c8564d4b4224e39806b28887a,2593,8ad201e80244f630ab5a46922ab72fb79c5ad4f4,do_not_import_ui
PKHeX.Drawing.Misc/Resources/img/flavor power/sweet_04_lv3.png,172f147d388ee68de7015c13dd889959ab93c24e,2624,8ad201e80244f630ab5a46922ab72fb79c5ad4f4,do_not_import_ui
PKHeX.Drawing.Misc/Resources/img/flavor power/sweet_05_lv1.png,f40d4d0a88e277c7894f5714d337db2243e2eee7,2351,8ad201e80244f630ab5a46922ab72fb79c5ad4f4,do_not_import_ui
PKHeX.Drawing.Misc/Resources/img/flavor power/sweet_05_lv2.png,de54ba8fabecf8c15ce4cd4c3d9d86b2873b38c3,2477,8ad201e80244f630ab5a46922ab72fb79c5ad4f4,do_not_import_ui
PKHeX.Drawing.Misc/Resources/img/flavor power/sweet_05_lv3.png,c385107db3b8d4c5a5db3fd786e85b961d383d9f,2503,8ad201e80244f630ab5a46922ab72fb79c5ad4f4,do_not_import_ui
PKHeX.Drawing.Misc/Resources/img/flavor power/sweet_06_lv1.png,30153286e04c8b1691e26931ea6ca22eb25201ac,2305,8ad201e80244f630ab5a46922ab72fb79c5ad4f4,do_not_import_ui
PKHeX.Drawing.Misc/Resources/img/flavor power/sweet_06_lv2.png,ee0708a869c941e6580a6f1bd8556e614a02816a,2429,8ad201e80244f630ab5a46922ab72fb79c5ad4f4,do_not_import_ui
PKHeX.Drawing.Misc/Resources/img/flavor power/sweet_06_lv3.png,58963deedd21eee648667ee920155a232a5568e2,2460,8ad201e80244f630ab5a46922ab72fb79c5ad4f4,do_not_import_ui
PKHeX.Drawing.Misc/Resources/img/flavor power/sweet_07_lv1.png,bc00e7e800216ea62c6eb6f43edca8a6f3720f8b,2519,8ad201e80244f630ab5a46922ab72fb79c5ad4f4,do_not_import_ui
PKHeX.Drawing.Misc/Resources/img/flavor power/sweet_07_lv2.png,367c7ab86f7ecad30c56fc4e7be65237a62ddb60,2652,8ad201e80244f630ab5a46922ab72fb79c5ad4f4,do_not_import_ui
PKHeX.Drawing.Misc/Resources/img/flavor power/sweet_07_lv3.png,5bd44dfdee718aea66ada4dd60a2bd2b97205761,2674,8ad201e80244f630ab5a46922ab72fb79c5ad4f4,do_not_import_ui
PKHeX.Drawing.Misc/Resources/img/flavor power/sweet_08_lv1.png,47abd48f723aa33286085fb8f0bce1ddbd976a34,2509,8ad201e80244f630ab5a46922ab72fb79c5ad4f4,do_not_import_ui
PKHeX.Drawing.Misc/Resources/img/flavor power/sweet_08_lv2.png,ac08674db41c7d2a21aa656bd01d35c7a9da8edb,2633,8ad201e80244f630ab5a46922ab72fb79c5ad4f4,do_not_import_ui
PKHeX.Drawing.Misc/Resources/img/flavor power/sweet_08_lv3.png,b8d498af4c7cc9d714feaa0acae5d7457ea2fef0,2671,8ad201e80244f630ab5a46922ab72fb79c5ad4f4,do_not_import_ui
PKHeX.Drawing.Misc/Resources/img/flavor power/sweet_09_lv1.png,a339e763b2073c5ec29f91565a3a63ef0df8ebec,2508,8ad201e80244f630ab5a46922ab72fb79c5ad4f4,do_not_import_ui
PKHeX.Drawing.Misc/Resources/img/flavor power/sweet_09_lv2.png,44f1848ede5bd075dd990b26107463f8e426fc44,2638,8ad201e80244f630ab5a46922ab72fb79c5ad4f4,do_not_import_ui
PKHeX.Drawing.Misc/Resources/img/flavor power/sweet_09_lv3.png,bdb79b08c1019026de9517e704d342f4a4727afd,2667,8ad201e80244f630ab5a46922ab72fb79c5ad4f4,do_not_import_ui
PKHeX.Drawing.Misc/Resources/img/flavor power/sweet_10_lv1.png,4b2c6526a511e6c46b366e5c0a4e4970b0920bf0,2397,8ad201e80244f630ab5a46922ab72fb79c5ad4f4,do_not_import_ui
PKHeX.Drawing.Misc/Resources/img/flavor power/sweet_10_lv2.png,3538c45a8be1198e71c2f31c502b708aeef19af1,2520,8ad201e80244f630ab5a46922ab72fb79c5ad4f4,do_not_import_ui
PKHeX.Drawing.Misc/Resources/img/flavor power/sweet_10_lv3.png,7856c6ee2494ef7ef797f39d4eb81290fb35426d,2553,8ad201e80244f630ab5a46922ab72fb79c5ad4f4,do_not_import_ui
PKHeX.Drawing.Misc/Resources/img/flavor power/sweet_11_lv1.png,22397a66b2d95d681c3f95c3004f507ebe620d41,2505,8ad201e80244f630ab5a46922ab72fb79c5ad4f4,do_not_import_ui
PKHeX.Drawing.Misc/Resources/img/flavor power/sweet_11_lv2.png,d6ffe4e2b149fd7f9c7aa7f09107e9849c8baf95,2634,8ad201e80244f630ab5a46922ab72fb79c5ad4f4,do_not_import_ui
PKHeX.Drawing.Misc/Resources/img/flavor power/sweet_11_lv3.png,7082b2ea7413a78fe4fbb157b39cfe9f81e24ddb,2657,8ad201e80244f630ab5a46922ab72fb79c5ad4f4,do_not_import_ui
PKHeX.Drawing.Misc/Resources/img/flavor power/sweet_12_lv1.png,ebb433d5221c99da6d8b42c90aefb557e2a3ba76,2392,8ad201e80244f630ab5a46922ab72fb79c5ad4f4,do_not_import_ui
PKHeX.Drawing.Misc/Resources/img/flavor power/sweet_12_lv2.png,fbd49c9c0d8f6c6d11faae8cee3255ebdc5eff66,2523,8ad201e80244f630ab5a46922ab72fb79c5ad4f4,do_not_import_ui
PKHeX.Drawing.Misc/Resources/img/flavor power/sweet_12_lv3.png,77db37516a2d2b834eba5e5e2395bac619df6d56,2552,8ad201e80244f630ab5a46922ab72fb79c5ad4f4,do_not_import_ui
PKHeX.Drawing.Misc/Resources/img/flavor power/sweet_13_lv1.png,07909d3cf108e15048297503dedf3216e291a0d0,2492,8ad201e80244f630ab5a46922ab72fb79c5ad4f4,do_not_import_ui
PKHeX.Drawing.Misc/Resources/img/flavor power/sweet_13_lv2.png,442db3161cea991cb429e4d94b380a4cb3d5da39,2621,8ad201e80244f630ab5a46922ab72fb79c5ad4f4,do_not_import_ui
PKHeX.Drawing.Misc/Resources/img/flavor power/sweet_13_lv3.png,dfb2c28341b7b82c8135ae806da1d238c7cdcfcb,2642,8ad201e80244f630ab5a46922ab72fb79c5ad4f4,do_not_import_ui
PKHeX.Drawing.Misc/Resources/img/flavor power/sweet_14_lv1.png,384017b74b86da2c87827ab848292cb809d8bd0b,2551,8ad201e80244f630ab5a46922ab72fb79c5ad4f4,do_not_import_ui
PKHeX.Drawing.Misc/Resources/img/flavor power/sweet_14_lv2.png,5feaceff6bc05d19c3dd23d5a5ae431c7ff5734b,2682,8ad201e80244f630ab5a46922ab72fb79c5ad4f4,do_not_import_ui
PKHeX.Drawing.Misc/Resources/img/flavor power/sweet_14_lv3.png,10ab4d2b871053f69056fdd01165f2d55cdef81d,2710,8ad201e80244f630ab5a46922ab72fb79c5ad4f4,do_not_import_ui
PKHeX.Drawing.Misc/Resources/img/flavor power/sweet_15_lv1.png,660626ba6880a866ecd05bcc3d313eccf5f161b5,2477,8ad201e80244f630ab5a46922ab72fb79c5ad4f4,do_not_import_ui
PKHeX.Drawing.Misc/Resources/img/flavor power/sweet_15_lv2.png,e562f5258cf060feea2627c4b9644696ae72cdbd,2608,8ad201e80244f630ab5a46922ab72fb79c5ad4f4,do_not_import_ui
PKHeX.Drawing.Misc/Resources/img/flavor power/sweet_15_lv3.png,91bc65d0be6d4f13933d6bf4ebe68673c8940990,2631,8ad201e80244f630ab5a46922ab72fb79c5ad4f4,do_not_import_ui
PKHeX.Drawing.Misc/Resources/img/flavor power/sweet_16_lv1.png,de1c4cf36bfaa87b3753be45e00917242aa46a5c,2485,8ad201e80244f630ab5a46922ab72fb79c5ad4f4,do_not_import_ui
PKHeX.Drawing.Misc/Resources/img/flavor power/sweet_16_lv2.png,3c5dace1892a26762e340a2d44418c8b335f4c4d,2603,8ad201e80244f630ab5a46922ab72fb79c5ad4f4,do_not_import_ui
PKHeX.Drawing.Misc/Resources/img/flavor power/sweet_16_lv3.png,00dc24114920a8e1c337012e05223d9151d40acb,2643,8ad201e80244f630ab5a46922ab72fb79c5ad4f4,do_not_import_ui
PKHeX.Drawing.Misc/Resources/img/flavor power/sweet_17_lv1.png,a1d257694b769814979ac9a4a24d889146d363bc,2557,8ad201e80244f630ab5a46922ab72fb79c5ad4f4,do_not_import_ui
PKHeX.Drawing.Misc/Resources/img/flavor power/sweet_17_lv2.png,e8bc1ed24525f9a45729eaaca0135eb8a7a3d660,2679,8ad201e80244f630ab5a46922ab72fb79c5ad4f4,do_not_import_ui
PKHeX.Drawing.Misc/Resources/img/flavor power/sweet_17_lv3.png,45539755feca3c234f70f109ed762e8a2c8c852b,2713,8ad201e80244f630ab5a46922ab72fb79c5ad4f4,do_not_import_ui
PKHeX.Drawing.Misc/Resources/img/flavor power/sweet_18_lv1.png,71c6a7d859a505f0e7a7aca4c2dfeaec1c9c170a,2412,8ad201e80244f630ab5a46922ab72fb79c5ad4f4,do_not_import_ui
PKHeX.Drawing.Misc/Resources/img/flavor power/sweet_18_lv2.png,82095e244aab5230e3bf491f389dfb6bb9e84042,2528,8ad201e80244f630ab5a46922ab72fb79c5ad4f4,do_not_import_ui
PKHeX.Drawing.Misc/Resources/img/flavor power/sweet_18_lv3.png,781757e819b3c938618cbca2a0cb3cae7a722a5d,2565,8ad201e80244f630ab5a46922ab72fb79c5ad4f4,do_not_import_ui
PKHeX.Drawing.Misc/Resources/img/flavor power/sweet_19_lv1.png,12d8dca9f2f5c595683d5691d1a4d63acab8034b,2534,8ad201e80244f630ab5a46922ab72fb79c5ad4f4,do_not_import_ui
PKHeX.Drawing.Misc/Resources/img/flavor power/sweet_19_lv2.png,07df779a08eda5d61c7711741a036cf78ee4e489,2655,8ad201e80244f630ab5a46922ab72fb79c5ad4f4,do_not_import_ui
PKHeX.Drawing.Misc/Resources/img/flavor power/sweet_19_lv3.png,7471f178e73d5cd5e44bd439af97260a2fc11d20,2690,8ad201e80244f630ab5a46922ab72fb79c5ad4f4,do_not_import_ui
PKHeX.Drawing.Misc/Resources/img/flavor power/sweet_20_lv1.png,989534d2647435a111865cba7c5c7c13d31e9799,2463,8ad201e80244f630ab5a46922ab72fb79c5ad4f4,do_not_import_ui
PKHeX.Drawing.Misc/Resources/img/flavor power/sweet_20_lv2.png,5a0eef21712c6baeb0b7665ea6dc8e12a2f4b2b3,2587,8ad201e80244f630ab5a46922ab72fb79c5ad4f4,do_not_import_ui
PKHeX.Drawing.Misc/Resources/img/flavor power/sweet_20_lv3.png,d5ca4876b7693dc2ac0027cc6b200a91df389f8d,2618,8ad201e80244f630ab5a46922ab72fb79c5ad4f4,do_not_import_ui
PKHeX.Drawing.Misc/Resources/img/flavor power/sweet_21_lv1.png,d442892884d8653a8aad3df1be432ab13e1a0910,2054,8ad201e80244f630ab5a46922ab72fb79c5ad4f4,do_not_import_ui
PKHeX.Drawing.Misc/Resources/img/flavor power/sweet_21_lv2.png,53d9babaead6999c33853264a10854016be9b91a,2171,8ad201e80244f630ab5a46922ab72fb79c5ad4f4,do_not_import_ui
PKHeX.Drawing.Misc/Resources/img/flavor power/sweet_21_lv3.png,986ac7de77d6bde88c1c8badb61187991edf2e02,2206,8ad201e80244f630ab5a46922ab72fb79c5ad4f4,do_not_import_ui
PKHeX.Drawing.Misc/Resources/img/misc/Bag_Key.png,9732466c2f061510b3e8c2dcc782f82fcf6a3a48,508,8ad201e80244f630ab5a46922ab72fb79c5ad4f4,do_not_import_ui
PKHeX.Drawing.Misc/Resources/img/misc/flavorprofile.png,7799484fe5fa30a263a4c0f5c055cbe1b422f38d,443445,8ad201e80244f630ab5a46922ab72fb79c5ad4f4,do_not_import_ui
PKHeX.Drawing.Misc/Resources/img/misc/star.png,8dbf7ebfcece93f176865436adae97dc6c1600e6,2935,8ad201e80244f630ab5a46922ab72fb79c5ad4f4,do_not_import_ui
PKHeX.Drawing.Misc/Resources/img/ribbons/ribbonability.png,22eb4acabaee382ba0ed9554ed495e62b831de69,298,8ad201e80244f630ab5a46922ab72fb79c5ad4f4,do_not_import_ui
PKHeX.Drawing.Misc/Resources/img/ribbons/ribbonabilitydouble.png,2d4fd22e3d605f7d02603a891c086b0fbc506371,271,8ad201e80244f630ab5a46922ab72fb79c5ad4f4,do_not_import_ui
PKHeX.Drawing.Misc/Resources/img/ribbons/ribbonabilitygreat.png,6bab9ce1222ce852d332e8cd24fb54d9924b531c,304,8ad201e80244f630ab5a46922ab72fb79c5ad4f4,do_not_import_ui
PKHeX.Drawing.Misc/Resources/img/ribbons/ribbonabilitymulti.png,3a00463e062b9e405052a6ede2696edafb176d9e,302,8ad201e80244f630ab5a46922ab72fb79c5ad4f4,do_not_import_ui
PKHeX.Drawing.Misc/Resources/img/ribbons/ribbonabilitypair.png,a244226cfecd00d267dd1d875b9261962cc33eb1,299,8ad201e80244f630ab5a46922ab72fb79c5ad4f4,do_not_import_ui
PKHeX.Drawing.Misc/Resources/img/ribbons/ribbonabilityworld.png,bfd1d064f7409b0ff267cb7fd60b6c679b2f9f27,316,8ad201e80244f630ab5a46922ab72fb79c5ad4f4,do_not_import_ui
PKHeX.Drawing.Misc/Resources/img/ribbons/ribbonalert.png,f9f64a84eee69a6e9edb79f406c68104e6c01b70,2145,8ad201e80244f630ab5a46922ab72fb79c5ad4f4,do_not_import_ui
PKHeX.Drawing.Misc/Resources/img/ribbons/ribbonartist.png,bd4e09d48d14610b681d272e25161070e9ac13ac,1398,8ad201e80244f630ab5a46922ab72fb79c5ad4f4,do_not_import_ui
PKHeX.Drawing.Misc/Resources/img/ribbons/ribbonbattlerexpert.png,6bc0c01edcc422f9d26d714db2094788fae0f747,2777,8ad201e80244f630ab5a46922ab72fb79c5ad4f4,do_not_import_ui
PKHeX.Drawing.Misc/Resources/img/ribbons/ribbonbattleroyale.png,28d02604dba5027a94f526ad88e8d970365e1c09,2614,8ad201e80244f630ab5a46922ab72fb79c5ad4f4,do_not_import_ui
PKHeX.Drawing.Misc/Resources/img/ribbons/ribbonbattlerskillful.png,f6bc8aa8d9b820490196bba88ea660f473aced31,2298,8ad201e80244f630ab5a46922ab72fb79c5ad4f4,do_not_import_ui
PKHeX.Drawing.Misc/Resources/img/ribbons/ribbonbattletreegreat.png,dc20ebe21bd3857e51d1734b2590a9be640c0016,2096,8ad201e80244f630ab5a46922ab72fb79c5ad4f4,do_not_import_ui
PKHeX.Drawing.Misc/Resources/img/ribbons/ribbonbattletreemaster.png,3f17e6bccfccb0d99d03a7dc04c2872989bee21e,2093,8ad201e80244f630ab5a46922ab72fb79c5ad4f4,do_not_import_ui
PKHeX.Drawing.Misc/Resources/img/ribbons/ribbonbestfriends.png,ef6a12450c905f7571883c15e536ae8f357e7ce3,2562,8ad201e80244f630ab5a46922ab72fb79c5ad4f4,do_not_import_ui
PKHeX.Drawing.Misc/Resources/img/ribbons/ribbonbirthday.png,9fcd7d1175dd304ec7598265f22b278e7cff520f,3104,8ad201e80244f630ab5a46922ab72fb79c5ad4f4,do_not_import_ui
PKHeX.Drawing.Misc/Resources/img/ribbons/ribboncareless.png,00125473b26a3f21c830ad611f29a5a1a7833605,1958,8ad201e80244f630ab5a46922ab72fb79c5ad4f4,do_not_import_ui
PKHeX.Drawing.Misc/Resources/img/ribbons/ribbonchampionalola.png,ef49909f66a83c203c2e1d892471b993dc90fc09,2158,8ad201e80244f630ab5a46922ab72fb79c5ad4f4,do_not_import_ui
PKHeX.Drawing.Misc/Resources/img/ribbons/ribbonchampionbattle.png,ae158dc7359169dad0f1c27c68086c456dd487f3,2968,8ad201e80244f630ab5a46922ab72fb79c5ad4f4,do_not_import_ui
PKHeX.Drawing.Misc/Resources/img/ribbons/ribbonchampiong3.png,3fa63e95848bd05a381e31dac050500bd80f827b,2467,8ad201e80244f630ab5a46922ab72fb79c5ad4f4,do_not_import_ui
PKHeX.Drawing.Misc/Resources/img/ribbons/ribbonchampiong6hoenn.png,9c8f788bdc26c547ad9d519de49ebed28e884896,2371,8ad201e80244f630ab5a46922ab72fb79c5ad4f4,do_not_import_ui
PKHeX.Drawing.Misc/Resources/img/ribbons/ribbonchampiongalar.png,dff08fd3c57c9c2d4c5d09f34e349d443ad405c9,2384,8ad201e80244f630ab5a46922ab72fb79c5ad4f4,do_not_import_ui
PKHeX.Drawing.Misc/Resources/img/ribbons/ribbonchampionkalos.png,8d684de2272e2a938bff294b2afc950ad3fec0a5,2408,8ad201e80244f630ab5a46922ab72fb79c5ad4f4,do_not_import_ui
PKHeX.Drawing.Misc/Resources/img/ribbons/ribbonchampionnational.png,376ea30f005ebd6c7d69071b1a40ad053fbe4b8f,2653,8ad201e80244f630ab5a46922ab72fb79c5ad4f4,do_not_import_ui
PKHeX.Drawing.Misc/Resources/img/ribbons/ribbonchampionpaldea.png,02bfbfa0b74497bb867972e53de8b7351ed49618,2628,8ad201e80244f630ab5a46922ab72fb79c5ad4f4,do_not_import_ui
PKHeX.Drawing.Misc/Resources/img/ribbons/ribbonchampionregional.png,0bc1abe9f5c26279a45cb9e6803cd424904e5c7c,3101,8ad201e80244f630ab5a46922ab72fb79c5ad4f4,do_not_import_ui
PKHeX.Drawing.Misc/Resources/img/ribbons/ribbonchampionsinnoh.png,968d0c3843d1bbd9338d2adba83c851845e95a31,2959,8ad201e80244f630ab5a46922ab72fb79c5ad4f4,do_not_import_ui
PKHeX.Drawing.Misc/Resources/img/ribbons/ribbonchampionworld.png,fb59a4103f8f8d73ab1c6195bf9e38631811cfc7,3278,8ad201e80244f630ab5a46922ab72fb79c5ad4f4,do_not_import_ui
PKHeX.Drawing.Misc/Resources/img/ribbons/ribbonclassic.png,17b45b1c20e5471de199e49d2a57ab372a07ae29,2774,8ad201e80244f630ab5a46922ab72fb79c5ad4f4,do_not_import_ui
PKHeX.Drawing.Misc/Resources/img/ribbons/ribbonconteststar.png,d306c486c7aa0d2fef6e892aa29ea4882d252df6,3430,8ad201e80244f630ab5a46922ab72fb79c5ad4f4,do_not_import_ui
PKHeX.Drawing.Misc/Resources/img/ribbons/ribboncountmemorybattle.png,1e9ea312170339b61e0fcb6ff2bee1446a1212bb,2728,8ad201e80244f630ab5a46922ab72fb79c5ad4f4,do_not_import_ui
PKHeX.Drawing.Misc/Resources/img/ribbons/ribboncountmemorybattle2.png,3195f838c68317c9979eac7f38961699a6cee26c,3051,8ad201e80244f630ab5a46922ab72fb79c5ad4f4,do_not_import_ui
PKHeX.Drawing.Misc/Resources/img/ribbons/ribboncountmemorycontest.png,155093207170e091dbfbbfda82cb1f213ad0ee23,2760,8ad201e80244f630ab5a46922ab72fb79c5ad4f4,do_not_import_ui
PKHeX.Drawing.Misc/Resources/img/ribbons/ribboncountmemorycontest2.png,d956aa6eb638dfade91a4335f02cc1381578a342,2783,8ad201e80244f630ab5a46922ab72fb79c5ad4f4,do_not_import_ui
PKHeX.Drawing.Misc/Resources/img/ribbons/ribboncountry.png,561c0ac48e16473873fcacd91e812c1d5dd71c41,2861,8ad201e80244f630ab5a46922ab72fb79c5ad4f4,do_not_import_ui
PKHeX.Drawing.Misc/Resources/img/ribbons/ribbondowncast.png,ece71e85a2c5c455a1883ee966705b0c2f5eb4a7,2108,8ad201e80244f630ab5a46922ab72fb79c5ad4f4,do_not_import_ui
PKHeX.Drawing.Misc/Resources/img/ribbons/ribbonearth.png,62db9dc05f84d248d4cd92b80afaf62c4a1ee040,2217,8ad201e80244f630ab5a46922ab72fb79c5ad4f4,do_not_import_ui
PKHeX.Drawing.Misc/Resources/img/ribbons/ribboneffort.png,ee40149df527edbd558652dd43652a73336a632a,3521,8ad201e80244f630ab5a46922ab72fb79c5ad4f4,do_not_import_ui
PKHeX.Drawing.Misc/Resources/img/ribbons/ribbonevent.png,bfddb38eb1f2b4421d36aee13b72850beb842930,2588,8ad201e80244f630ab5a46922ab72fb79c5ad4f4,do_not_import_ui
PKHeX.Drawing.Misc/Resources/img/ribbons/ribbonfootprint.png,39d86b762e369440ded4746d46434ed2e60dd396,2781,8ad201e80244f630ab5a46922ab72fb79c5ad4f4,do_not_import_ui
PKHeX.Drawing.Misc/Resources/img/ribbons/ribbong3beauty.png,ceb8f0c23cfd5fcb6f3f5911908a35ba35aa4caa,267,8ad201e80244f630ab5a46922ab72fb79c5ad4f4,do_not_import_ui
PKHeX.Drawing.Misc/Resources/img/ribbons/ribbong3beautyhyper.png,b8ef63ed36622def06d51862ed38c8b0656e721c,297,8ad201e80244f630ab5a46922ab72fb79c5ad4f4,do_not_import_ui
PKHeX.Drawing.Misc/Resources/img/ribbons/ribbong3beautymaster.png,e74e890701ecbf43c256eb0f27ac87ab4872bbe3,304,8ad201e80244f630ab5a46922ab72fb79c5ad4f4,do_not_import_ui
PKHeX.Drawing.Misc/Resources/img/ribbons/ribbong3beautysuper.png,c331dcaa3df5c07ea07b0b08061fc7b0aa026cdf,289,8ad201e80244f630ab5a46922ab72fb79c5ad4f4,do_not_import_ui
PKHeX.Drawing.Misc/Resources/img/ribbons/ribbong3cool.png,338dc5d5a8e94de0320f0dd3a640f240e4569e1c,269,8ad201e80244f630ab5a46922ab72fb79c5ad4f4,do_not_import_ui
PKHeX.Drawing.Misc/Resources/img/ribbons/ribbong3coolhyper.png,3b7f90522abd4a40655161d56474a5b7d6f7b077,298,8ad201e80244f630ab5a46922ab72fb79c5ad4f4,do_not_import_ui
PKHeX.Drawing.Misc/Resources/img/ribbons/ribbong3coolmaster.png,a50770cccb11983a92ab895e673d15199fa2fdf9,305,8ad201e80244f630ab5a46922ab72fb79c5ad4f4,do_not_import_ui
PKHeX.Drawing.Misc/Resources/img/ribbons/ribbong3coolsuper.png,c3ec7ad1e46963a2a85c3b43006340310832a39a,289,8ad201e80244f630ab5a46922ab72fb79c5ad4f4,do_not_import_ui
PKHeX.Drawing.Misc/Resources/img/ribbons/ribbong3cute.png,68155f60e95a8e8df09e81e62bb22c67cc9c4b58,269,8ad201e80244f630ab5a46922ab72fb79c5ad4f4,do_not_import_ui
PKHeX.Drawing.Misc/Resources/img/ribbons/ribbong3cutehyper.png,a88591ba29a29f2e6339841e38cb9bed71592daa,298,8ad201e80244f630ab5a46922ab72fb79c5ad4f4,do_not_import_ui
PKHeX.Drawing.Misc/Resources/img/ribbons/ribbong3cutemaster.png,fb9226d31e1130874857f2c980eea81934906a91,305,8ad201e80244f630ab5a46922ab72fb79c5ad4f4,do_not_import_ui
PKHeX.Drawing.Misc/Resources/img/ribbons/ribbong3cutesuper.png,2edb02fc7dd5ed3e4a0d2f7c51dec99a0f40899c,289,8ad201e80244f630ab5a46922ab72fb79c5ad4f4,do_not_import_ui
PKHeX.Drawing.Misc/Resources/img/ribbons/ribbong3smart.png,5805dfe918fc19594346af77ed796b5439188171,269,8ad201e80244f630ab5a46922ab72fb79c5ad4f4,do_not_import_ui
PKHeX.Drawing.Misc/Resources/img/ribbons/ribbong3smarthyper.png,e371a0b581c1ceae4a40059d063460e4be737c05,298,8ad201e80244f630ab5a46922ab72fb79c5ad4f4,do_not_import_ui
PKHeX.Drawing.Misc/Resources/img/ribbons/ribbong3smartmaster.png,9ee2e68a42bd559f6fe15aaa1aed26881f00883e,305,8ad201e80244f630ab5a46922ab72fb79c5ad4f4,do_not_import_ui
PKHeX.Drawing.Misc/Resources/img/ribbons/ribbong3smartsuper.png,cf610a11ba1b976d12aa3ccc33d00892cfbd651e,289,8ad201e80244f630ab5a46922ab72fb79c5ad4f4,do_not_import_ui
PKHeX.Drawing.Misc/Resources/img/ribbons/ribbong3tough.png,74201facc0fc0b5fe1dd5a44d6ab228dca000a26,269,8ad201e80244f630ab5a46922ab72fb79c5ad4f4,do_not_import_ui
PKHeX.Drawing.Misc/Resources/img/ribbons/ribbong3toughhyper.png,8c0cdc63fb2d0c5611565f2690d14fe66d112134,289,8ad201e80244f630ab5a46922ab72fb79c5ad4f4,do_not_import_ui
PKHeX.Drawing.Misc/Resources/img/ribbons/ribbong3toughmaster.png,ac025f2994ffe1ab9e69bebb84a7a2ab2e29ca86,305,8ad201e80244f630ab5a46922ab72fb79c5ad4f4,do_not_import_ui
PKHeX.Drawing.Misc/Resources/img/ribbons/ribbong3toughsuper.png,0aae3534466febff0ae501cc02efdaa94a27b30a,289,8ad201e80244f630ab5a46922ab72fb79c5ad4f4,do_not_import_ui
PKHeX.Drawing.Misc/Resources/img/ribbons/ribbong4beauty.png,6372779c1c4ae7e371bae8c152b1ff222ac70da3,273,8ad201e80244f630ab5a46922ab72fb79c5ad4f4,do_not_import_ui
PKHeX.Drawing.Misc/Resources/img/ribbons/ribbong4beautygreat.png,6a78c16cb0f603f41c1ef51c1b3bebea033b7446,291,8ad201e80244f630ab5a46922ab72fb79c5ad4f4,do_not_import_ui
PKHeX.Drawing.Misc/Resources/img/ribbons/ribbong4beautymaster.png,a5b7ad96b2e9a7ba144309556fb2d22ad952771d,326,8ad201e80244f630ab5a46922ab72fb79c5ad4f4,do_not_import_ui
PKHeX.Drawing.Misc/Resources/img/ribbons/ribbong4beautyultra.png,b5e88509450f6f6444ac79e043daa96723a462a9,318,8ad201e80244f630ab5a46922ab72fb79c5ad4f4,do_not_import_ui
PKHeX.Drawing.Misc/Resources/img/ribbons/ribbong4cool.png,5c46de037d8f59219602cded03ac6a19ae5a0f58,273,8ad201e80244f630ab5a46922ab72fb79c5ad4f4,do_not_import_ui
PKHeX.Drawing.Misc/Resources/img/ribbons/ribbong4coolgreat.png,5db9fc588c3f8aff01804bff3b7f3eeb38bfa58c,292,8ad201e80244f630ab5a46922ab72fb79c5ad4f4,do_not_import_ui
PKHeX.Drawing.Misc/Resources/img/ribbons/ribbong4coolmaster.png,e80c4c2604449949531c2e8b7bc0bd4ceda1e382,325,8ad201e80244f630ab5a46922ab72fb79c5ad4f4,do_not_import_ui
PKHeX.Drawing.Misc/Resources/img/ribbons/ribbong4coolultra.png,7969da992ee7b7d71798000bc79a15741b568644,319,8ad201e80244f630ab5a46922ab72fb79c5ad4f4,do_not_import_ui
PKHeX.Drawing.Misc/Resources/img/ribbons/ribbong4cute.png,1e5a6da86bc097e927ef3c7cfa891f75c675d91b,273,8ad201e80244f630ab5a46922ab72fb79c5ad4f4,do_not_import_ui
PKHeX.Drawing.Misc/Resources/img/ribbons/ribbong4cutegreat.png,00f960e938da4958b461c1c2ec787708a472d8f9,292,8ad201e80244f630ab5a46922ab72fb79c5ad4f4,do_not_import_ui
PKHeX.Drawing.Misc/Resources/img/ribbons/ribbong4cutemaster.png,9ca4023cce8880c90bf5d06e63a21176b4ec1438,325,8ad201e80244f630ab5a46922ab72fb79c5ad4f4,do_not_import_ui
PKHeX.Drawing.Misc/Resources/img/ribbons/ribbong4cuteultra.png,971ff7746fa5abb137cfa3221e02136fb5e328da,319,8ad201e80244f630ab5a46922ab72fb79c5ad4f4,do_not_import_ui
PKHeX.Drawing.Misc/Resources/img/ribbons/ribbong4smart.png,d14791ef84f2d6f846431966bfce4edafb8538e7,273,8ad201e80244f630ab5a46922ab72fb79c5ad4f4,do_not_import_ui
PKHeX.Drawing.Misc/Resources/img/ribbons/ribbong4smartgreat.png,d3a04a5f035feecc5e6b7b3e8c58f41cf2f78fc2,291,8ad201e80244f630ab5a46922ab72fb79c5ad4f4,do_not_import_ui
PKHeX.Drawing.Misc/Resources/img/ribbons/ribbong4smartmaster.png,f23ab8538b0b7684613bb484992cf91d3b221daf,326,8ad201e80244f630ab5a46922ab72fb79c5ad4f4,do_not_import_ui
PKHeX.Drawing.Misc/Resources/img/ribbons/ribbong4smartultra.png,5772836dfa8d6c59de557c68a6186fa8574d1367,319,8ad201e80244f630ab5a46922ab72fb79c5ad4f4,do_not_import_ui
PKHeX.Drawing.Misc/Resources/img/ribbons/ribbong4tough.png,e93ebae43dca2bd2fbea78cf33f3cbda3f670684,273,8ad201e80244f630ab5a46922ab72fb79c5ad4f4,do_not_import_ui
PKHeX.Drawing.Misc/Resources/img/ribbons/ribbong4toughgreat.png,2501e01190701d63a57aef5e2c9829c671eaac28,292,8ad201e80244f630ab5a46922ab72fb79c5ad4f4,do_not_import_ui
PKHeX.Drawing.Misc/Resources/img/ribbons/ribbong4toughmaster.png,568395053b0e37964d39b46d94131b5c9e785c26,325,8ad201e80244f630ab5a46922ab72fb79c5ad4f4,do_not_import_ui
PKHeX.Drawing.Misc/Resources/img/ribbons/ribbong4toughultra.png,862c97d701605564427913365bea473dcf9b389f,319,8ad201e80244f630ab5a46922ab72fb79c5ad4f4,do_not_import_ui
PKHeX.Drawing.Misc/Resources/img/ribbons/ribbongorgeous.png,cf251cfcd5ba9f949c59b62ec10621a416f037b9,2229,8ad201e80244f630ab5a46922ab72fb79c5ad4f4,do_not_import_ui
PKHeX.Drawing.Misc/Resources/img/ribbons/ribbongorgeousroyal.png,32336eeaf1dd873e6ed6834025f186b7aaee2dbe,2625,8ad201e80244f630ab5a46922ab72fb79c5ad4f4,do_not_import_ui
PKHeX.Drawing.Misc/Resources/img/ribbons/ribbonhisui.png,50c1eba372392d79a00b17feec2366fa9534c3b1,1668,8ad201e80244f630ab5a46922ab72fb79c5ad4f4,do_not_import_ui
PKHeX.Drawing.Misc/Resources/img/ribbons/ribbonlegend.png,d75b5b7a918de978f9573dd439a09ee8596cc812,3192,8ad201e80244f630ab5a46922ab72fb79c5ad4f4,do_not_import_ui
PKHeX.Drawing.Misc/Resources/img/ribbons/ribbonmarkabsentminded.png,a333432a1c4bda4c0397d950775b861de90dade8,1767,8ad201e80244f630ab5a46922ab72fb79c5ad4f4,do_not_import_ui
PKHeX.Drawing.Misc/Resources/img/ribbons/ribbonmarkalpha.png,b139eb0ed1b681fac50efb1d12e274991522c91d,1707,8ad201e80244f630ab5a46922ab72fb79c5ad4f4,do_not_import_ui
PKHeX.Drawing.Misc/Resources/img/ribbons/ribbonmarkangry.png,86bc397808b48467567a31d64fa168b435c032bb,2017,8ad201e80244f630ab5a46922ab72fb79c5ad4f4,do_not_import_ui
PKHeX.Drawing.Misc/Resources/img/ribbons/ribbonmarkblizzard.png,dcf7fd49163ebc2046941e2a6eedc233a7f34e94,2236,8ad201e80244f630ab5a46922ab72fb79c5ad4f4,do_not_import_ui
PKHeX.Drawing.Misc/Resources/img/ribbons/ribbonmarkcalmness.png,71521c373be47f92e1c21b90049f8e66cf1922d1,2098,8ad201e80244f630ab5a46922ab72fb79c5ad4f4,do_not_import_ui
PKHeX.Drawing.Misc/Resources/img/ribbons/ribbonmarkcharismatic.png,b268edc2a4eaf530898e12443fb180ce70811a9f,1856,8ad201e80244f630ab5a46922ab72fb79c5ad4f4,do_not_import_ui
PKHeX.Drawing.Misc/Resources/img/ribbons/ribbonmarkcloudy.png,02ef2742338daec0717e5bbc61c1b5b3cc2a8c3c,1684,8ad201e80244f630ab5a46922ab72fb79c5ad4f4,do_not_import_ui
PKHeX.Drawing.Misc/Resources/img/ribbons/ribbonmarkcrafty.png,ffe4e94837eb86f873dfba7f0e80663982b25147,1898,8ad201e80244f630ab5a46922ab72fb79c5ad4f4,do_not_import_ui
PKHeX.Drawing.Misc/Resources/img/ribbons/ribbonmarkcurry.png,d52899b31c1185e77387c51324213d3f3f12bab8,2487,8ad201e80244f630ab5a46922ab72fb79c5ad4f4,do_not_import_ui
PKHeX.Drawing.Misc/Resources/img/ribbons/ribbonmarkdawn.png,df026f79e7fe4d4339ba553597d335a9aa552aff,1695,8ad201e80244f630ab5a46922ab72fb79c5ad4f4,do_not_import_ui
PKHeX.Drawing.Misc/Resources/img/ribbons/ribbonmarkdestiny.png,4175876f9b44b20ad8a9bc21d08833f6abb98103,1792,8ad201e80244f630ab5a46922ab72fb79c5ad4f4,do_not_import_ui
PKHeX.Drawing.Misc/Resources/img/ribbons/ribbonmarkdry.png,d1087b8dbdf924a3e8be783567e968ee2eb4b3c1,2460,8ad201e80244f630ab5a46922ab72fb79c5ad4f4,do_not_import_ui
PKHeX.Drawing.Misc/Resources/img/ribbons/ribbonmarkdusk.png,de617258bd53c9ffde8bab02d01d14489a697d6a,1208,8ad201e80244f630ab5a46922ab72fb79c5ad4f4,do_not_import_ui
PKHeX.Drawing.Misc/Resources/img/ribbons/ribbonmarkexcited.png,c78cade8bf6b12203d6643140863cb81323ffd2f,1841,8ad201e80244f630ab5a46922ab72fb79c5ad4f4,do_not_import_ui
PKHeX.Drawing.Misc/Resources/img/ribbons/ribbonmarkferocious.png,82bc41c69587db139f20f372174d98385d49371c,2118,8ad201e80244f630ab5a46922ab72fb79c5ad4f4,do_not_import_ui
PKHeX.Drawing.Misc/Resources/img/ribbons/ribbonmarkfishing.png,ce4fe8b27f3a442adf280a73305ff648c7250b3b,2598,8ad201e80244f630ab5a46922ab72fb79c5ad4f4,do_not_import_ui
PKHeX.Drawing.Misc/Resources/img/ribbons/ribbonmarkflustered.png,97deacb3674ea42f12c9a8fdcd7a2f10b8d5e145,1532,8ad201e80244f630ab5a46922ab72fb79c5ad4f4,do_not_import_ui
PKHeX.Drawing.Misc/Resources/img/ribbons/ribbonmarkgourmand.png,6339b43348a8356aa0f6e5d4307891d9f5a5906b,1386,8ad201e80244f630ab5a46922ab72fb79c5ad4f4,do_not_import_ui
PKHeX.Drawing.Misc/Resources/img/ribbons/ribbonmarkhumble.png,14050c14b4c2e657a7f7d5379f7fa68ccf2fdb3a,1251,8ad201e80244f630ab5a46922ab72fb79c5ad4f4,do_not_import_ui
PKHeX.Drawing.Misc/Resources/img/ribbons/ribbonmarkintellectual.png,0787bebf0a873dce028d804a054f43d477590eeb,2115,8ad201e80244f630ab5a46922ab72fb79c5ad4f4,do_not_import_ui
PKHeX.Drawing.Misc/Resources/img/ribbons/ribbonmarkintense.png,614016cc92d325efff1f6657369430708831bcd5,2098,8ad201e80244f630ab5a46922ab72fb79c5ad4f4,do_not_import_ui
PKHeX.Drawing.Misc/Resources/img/ribbons/ribbonmarkitemfinder.png,57d4581e6d3e713d4a3fa48c9c926878e6906a92,1625,8ad201e80244f630ab5a46922ab72fb79c5ad4f4,do_not_import_ui
PKHeX.Drawing.Misc/Resources/img/ribbons/ribbonmarkjittery.png,8557a3d667f5928a95f0e775e1e5afb8dff88467,1869,8ad201e80244f630ab5a46922ab72fb79c5ad4f4,do_not_import_ui
PKHeX.Drawing.Misc/Resources/img/ribbons/ribbonmarkjoyful.png,d539a3245fad1b6253cd4df554076cf6946b571f,1888,8ad201e80244f630ab5a46922ab72fb79c5ad4f4,do_not_import_ui
PKHeX.Drawing.Misc/Resources/img/ribbons/ribbonmarkjumbo.png,7361bd4348c8445cd6b0fe5b48b9da1cf7cb6ada,1738,8ad201e80244f630ab5a46922ab72fb79c5ad4f4,do_not_import_ui
PKHeX.Drawing.Misc/Resources/img/ribbons/ribbonmarkkindly.png,b92a16dea90cc0b4c43f7cbd9396eedbc6568740,1461,8ad201e80244f630ab5a46922ab72fb79c5ad4f4,do_not_import_ui
PKHeX.Drawing.Misc/Resources/img/ribbons/ribbonmarklunchtime.png,37ee45b08d797fb32ee39862fd5ccfa305a671a2,1374,8ad201e80244f630ab5a46922ab72fb79c5ad4f4,do_not_import_ui
PKHeX.Drawing.Misc/Resources/img/ribbons/ribbonmarkmightiest.png,33587242f11928b72306b8e9fb9b6de537e525d1,1741,8ad201e80244f630ab5a46922ab72fb79c5ad4f4,do_not_import_ui
PKHeX.Drawing.Misc/Resources/img/ribbons/ribbonmarkmini.png,cb2e4f6e6d004bc88f04edef97f59bd2401d026b,1616,8ad201e80244f630ab5a46922ab72fb79c5ad4f4,do_not_import_ui
PKHeX.Drawing.Misc/Resources/img/ribbons/ribbonmarkmisty.png,51735e91df0db70e70f541b7a01b80515d071de9,1747,8ad201e80244f630ab5a46922ab72fb79c5ad4f4,do_not_import_ui
PKHeX.Drawing.Misc/Resources/img/ribbons/ribbonmarkpartner.png,042653710a02308097d9706418992f62a3478ab4,1564,8ad201e80244f630ab5a46922ab72fb79c5ad4f4,do_not_import_ui
PKHeX.Drawing.Misc/Resources/img/ribbons/ribbonmarkpeeved.png,a434f623e94f6b689930283cdd5cb152226c11d7,1723,8ad201e80244f630ab5a46922ab72fb79c5ad4f4,do_not_import_ui
PKHeX.Drawing.Misc/Resources/img/ribbons/ribbonmarkprideful.png,012f20af65734ffee5fc725a90c4862d13b77eb4,1433,8ad201e80244f630ab5a46922ab72fb79c5ad4f4,do_not_import_ui
PKHeX.Drawing.Misc/Resources/img/ribbons/ribbonmarkpumpedup.png,c1576c4de0010d0538ed042862708c4949b7f58c,1831,8ad201e80244f630ab5a46922ab72fb79c5ad4f4,do_not_import_ui
PKHeX.Drawing.Misc/Resources/img/ribbons/ribbonmarkrainy.png,ee6a51e7985c1a4be9ab5a4ff65a5fb79ab6e595,1958,8ad201e80244f630ab5a46922ab72fb79c5ad4f4,do_not_import_ui
PKHeX.Drawing.Misc/Resources/img/ribbons/ribbonmarkrare.png,5c6d12222eef7565b4122d09fb40a7179395d812,1174,8ad201e80244f630ab5a46922ab72fb79c5ad4f4,do_not_import_ui
PKHeX.Drawing.Misc/Resources/img/ribbons/ribbonmarkrowdy.png,4ba2ddc83f1cceb8f15fd72a24a6612fc5e86cef,2130,8ad201e80244f630ab5a46922ab72fb79c5ad4f4,do_not_import_ui
PKHeX.Drawing.Misc/Resources/img/ribbons/ribbonmarksandstorm.png,477ebd4a7816323cb4a42a479b182080bdcc5d68,1936,8ad201e80244f630ab5a46922ab72fb79c5ad4f4,do_not_import_ui
PKHeX.Drawing.Misc/Resources/img/ribbons/ribbonmarkscowling.png,f00d5373264bbd49b4bbde98f9f007c954ce5b3f,1662,8ad201e80244f630ab5a46922ab72fb79c5ad4f4,do_not_import_ui
PKHeX.Drawing.Misc/Resources/img/ribbons/ribbonmarksleepytime.png,140cb5769919236e20da1a23fddcc71e3e97c63a,1484,8ad201e80244f630ab5a46922ab72fb79c5ad4f4,do_not_import_ui
PKHeX.Drawing.Misc/Resources/img/ribbons/ribbonmarkslump.png,74790f987b0e08826ccbe7d081a16951aa40955f,2085,8ad201e80244f630ab5a46922ab72fb79c5ad4f4,do_not_import_ui
PKHeX.Drawing.Misc/Resources/img/ribbons/ribbonmarksmiley.png,186f66c8b8d6d3915d71669a69eaf635bb3263f4,1188,8ad201e80244f630ab5a46922ab72fb79c5ad4f4,do_not_import_ui
PKHeX.Drawing.Misc/Resources/img/ribbons/ribbonmarksnowy.png,94798083fed0062f5decd867668cc286d2ffd083,1480,8ad201e80244f630ab5a46922ab72fb79c5ad4f4,do_not_import_ui
PKHeX.Drawing.Misc/Resources/img/ribbons/ribbonmarkstormy.png,25f92c7c3c5911b2ce8344030e961770e948cb9c,1901,8ad201e80244f630ab5a46922ab72fb79c5ad4f4,do_not_import_ui
PKHeX.Drawing.Misc/Resources/img/ribbons/ribbonmarkteary.png,00f8b96f43540c29a4ad2dfe122ff725c5cbc6e6,1593,8ad201e80244f630ab5a46922ab72fb79c5ad4f4,do_not_import_ui
PKHeX.Drawing.Misc/Resources/img/ribbons/ribbonmarkthorny.png,b67146c9da88289186497e03a93f1af1b20f7fbf,2267,8ad201e80244f630ab5a46922ab72fb79c5ad4f4,do_not_import_ui
PKHeX.Drawing.Misc/Resources/img/ribbons/ribbonmarktitan.png,42203ca02b635035eeed6a4098fc9ca92c5695b6,2317,8ad201e80244f630ab5a46922ab72fb79c5ad4f4,do_not_import_ui
PKHeX.Drawing.Misc/Resources/img/ribbons/ribbonmarkuncommon.png,66694584d28ddc7648622e71ce476cc3aa5399c5,2435,8ad201e80244f630ab5a46922ab72fb79c5ad4f4,do_not_import_ui
PKHeX.Drawing.Misc/Resources/img/ribbons/ribbonmarkunsure.png,936cdb81b729525a5e0a54b966c8e8c24332d4d1,1366,8ad201e80244f630ab5a46922ab72fb79c5ad4f4,do_not_import_ui
PKHeX.Drawing.Misc/Resources/img/ribbons/ribbonmarkupbeat.png,b3216fad9c11ff7901eb228724c25a5a8ed727c5,1821,8ad201e80244f630ab5a46922ab72fb79c5ad4f4,do_not_import_ui
PKHeX.Drawing.Misc/Resources/img/ribbons/ribbonmarkvigor.png,d136b10fa57fcc1e99616e61f4f857014996a82b,1409,8ad201e80244f630ab5a46922ab72fb79c5ad4f4,do_not_import_ui
PKHeX.Drawing.Misc/Resources/img/ribbons/ribbonmarkzeroenergy.png,96885ce6046758e8ef99c8aff0479752cf7a3a11,1404,8ad201e80244f630ab5a46922ab72fb79c5ad4f4,do_not_import_ui
PKHeX.Drawing.Misc/Resources/img/ribbons/ribbonmarkzonedout.png,804fd97978ee2328146122dafa18c9c7f17eded9,1458,8ad201e80244f630ab5a46922ab72fb79c5ad4f4,do_not_import_ui
PKHeX.Drawing.Misc/Resources/img/ribbons/ribbonmasterbeauty.png,d903088cc70dd1d1d3dfdac13c18d50ea1614f19,2607,8ad201e80244f630ab5a46922ab72fb79c5ad4f4,do_not_import_ui
PKHeX.Drawing.Misc/Resources/img/ribbons/ribbonmastercleverness.png,89d006452a2b239b3021b13b468e4aeafe842855,2627,8ad201e80244f630ab5a46922ab72fb79c5ad4f4,do_not_import_ui
PKHeX.Drawing.Misc/Resources/img/ribbons/ribbonmastercoolness.png,b59e9d79b8336af9455836e5233b39cf246abb29,2569,8ad201e80244f630ab5a46922ab72fb79c5ad4f4,do_not_import_ui
PKHeX.Drawing.Misc/Resources/img/ribbons/ribbonmastercuteness.png,2eb2cf85e6baf29b3c6f912655bdc18ca37d1cea,2595,8ad201e80244f630ab5a46922ab72fb79c5ad4f4,do_not_import_ui
PKHeX.Drawing.Misc/Resources/img/ribbons/ribbonmasterrank.png,afa145af28f63031d62df911822a95e89293184d,3838,8ad201e80244f630ab5a46922ab72fb79c5ad4f4,do_not_import_ui
PKHeX.Drawing.Misc/Resources/img/ribbons/ribbonmastertoughness.png,3143dc9e0c2ecd080f70444fba91e643622c1254,2619,8ad201e80244f630ab5a46922ab72fb79c5ad4f4,do_not_import_ui
PKHeX.Drawing.Misc/Resources/img/ribbons/ribbonnational.png,c23c5466d0e39b2601a8b8da54e742fbfff2184a,2990,8ad201e80244f630ab5a46922ab72fb79c5ad4f4,do_not_import_ui
PKHeX.Drawing.Misc/Resources/img/ribbons/ribbononceinalifetime.png,c0cc0cd5eb25820db7dcb964da7a0a28d055e6fa,2810,8ad201e80244f630ab5a46922ab72fb79c5ad4f4,do_not_import_ui
PKHeX.Drawing.Misc/Resources/img/ribbons/ribbonpartner.png,7b6c5566c6f6dd81b135a72ea2887c3f0b68848a,2899,8ad201e80244f630ab5a46922ab72fb79c5ad4f4,do_not_import_ui
PKHeX.Drawing.Misc/Resources/img/ribbons/ribbonpremier.png,78e177eb68003b296d160af924a1a1c172925f8f,2675,8ad201e80244f630ab5a46922ab72fb79c5ad4f4,do_not_import_ui
PKHeX.Drawing.Misc/Resources/img/ribbons/ribbonrecord.png,9e82d4997686d8c9eaf4eb277dc2aff86af18fbf,2073,8ad201e80244f630ab5a46922ab72fb79c5ad4f4,do_not_import_ui
PKHeX.Drawing.Misc/Resources/img/ribbons/ribbonrelax.png,84e5bc047a8105af32b8e75ad727bb7c5b2d57d8,2114,8ad201e80244f630ab5a46922ab72fb79c5ad4f4,do_not_import_ui
PKHeX.Drawing.Misc/Resources/img/ribbons/ribbonroyal.png,978ac3a1c62c386a478a9a1ed04bf14f37db63b6,2411,8ad201e80244f630ab5a46922ab72fb79c5ad4f4,do_not_import_ui
PKHeX.Drawing.Misc/Resources/img/ribbons/ribbonshock.png,bafc98e7a7a3e984d40d19a605632bce2782eb16,2088,8ad201e80244f630ab5a46922ab72fb79c5ad4f4,do_not_import_ui
PKHeX.Drawing.Misc/Resources/img/ribbons/ribbonsmile.png,e2d8c6baa27228625f3425693cbc367838fc7b8c,2108,8ad201e80244f630ab5a46922ab72fb79c5ad4f4,do_not_import_ui
PKHeX.Drawing.Misc/Resources/img/ribbons/ribbonsnooze.png,4bee8acac5140592f34989be9a24dceaf1e82277,2105,8ad201e80244f630ab5a46922ab72fb79c5ad4f4,do_not_import_ui
PKHeX.Drawing.Misc/Resources/img/ribbons/ribbonsouvenir.png,6c144b95449761db29b20081fce47a79d6baf039,2764,8ad201e80244f630ab5a46922ab72fb79c5ad4f4,do_not_import_ui
PKHeX.Drawing.Misc/Resources/img/ribbons/ribbonspecial.png,71dcf4032007bf014fcaafe3b18d42654de58941,2730,8ad201e80244f630ab5a46922ab72fb79c5ad4f4,do_not_import_ui
PKHeX.Drawing.Misc/Resources/img/ribbons/ribbontowermaster.png,b61cbb3f64f6670518b0b6c7f37b4ee93e854c25,1866,8ad201e80244f630ab5a46922ab72fb79c5ad4f4,do_not_import_ui
PKHeX.Drawing.Misc/Resources/img/ribbons/ribbontraining.png,eafd34a7475b3173291a5f9bfdefb4cb65aab60a,2525,8ad201e80244f630ab5a46922ab72fb79c5ad4f4,do_not_import_ui
PKHeX.Drawing.Misc/Resources/img/ribbons/ribbontwinklingstar.png,45b8cc35ebf5f80a116bd46d97031e04b115c1b3,2751,8ad201e80244f630ab5a46922ab72fb79c5ad4f4,do_not_import_ui
PKHeX.Drawing.Misc/Resources/img/ribbons/ribbonvictory.png,fdcdfc0068b817e1895a47863ede78ff8d306297,276,8ad201e80244f630ab5a46922ab72fb79c5ad4f4,do_not_import_ui
PKHeX.Drawing.Misc/Resources/img/ribbons/ribbonwinning.png,395a1de7b8f49aa62078066538ba30991ac429e1,252,8ad201e80244f630ab5a46922ab72fb79c5ad4f4,do_not_import_ui
PKHeX.Drawing.Misc/Resources/img/ribbons/ribbonwishing.png,66b3862c9b647685d1ef68720efaf7b4e15e3fc8,3249,8ad201e80244f630ab5a46922ab72fb79c5ad4f4,do_not_import_ui
PKHeX.Drawing.Misc/Resources/img/ribbons/ribbonworld.png,ada1c94adaa4834e277e00a88a392133b31f4806,2212,8ad201e80244f630ab5a46922ab72fb79c5ad4f4,do_not_import_ui
PKHeX.Drawing.Misc/Resources/img/types/gem/gem_00.png,72e9d552fd3d5900b4a96f42157b98e0ef37bc2f,2326,8ad201e80244f630ab5a46922ab72fb79c5ad4f4,do_not_import_ui
PKHeX.Drawing.Misc/Resources/img/types/gem/gem_01.png,e4254ed5b4ca06c20755378b2fe9bef62bd1d776,2065,8ad201e80244f630ab5a46922ab72fb79c5ad4f4,do_not_import_ui
PKHeX.Drawing.Misc/Resources/img/types/gem/gem_02.png,4c4d948225c401005bc5c678efb7d127cfc1d4f3,2553,8ad201e80244f630ab5a46922ab72fb79c5ad4f4,do_not_import_ui
PKHeX.Drawing.Misc/Resources/img/types/gem/gem_03.png,f41ee8581164e50374085d53f0ece5030abe21dc,2796,8ad201e80244f630ab5a46922ab72fb79c5ad4f4,do_not_import_ui
PKHeX.Drawing.Misc/Resources/img/types/gem/gem_04.png,15cf3dfd220101b1f59d6d45c3fbdb3f73b831fc,2931,8ad201e80244f630ab5a46922ab72fb79c5ad4f4,do_not_import_ui
PKHeX.Drawing.Misc/Resources/img/types/gem/gem_05.png,432e48841677c3ef466703a41eb1593c099886a3,2394,8ad201e80244f630ab5a46922ab72fb79c5ad4f4,do_not_import_ui
PKHeX.Drawing.Misc/Resources/img/types/gem/gem_06.png,5c4f9c0a89cc415c289db28440e4cad466bd2923,2949,8ad201e80244f630ab5a46922ab72fb79c5ad4f4,do_not_import_ui
PKHeX.Drawing.Misc/Resources/img/types/gem/gem_07.png,9c594de375302dc9e68bebf3cc36044fffb0a260,2633,8ad201e80244f630ab5a46922ab72fb79c5ad4f4,do_not_import_ui
PKHeX.Drawing.Misc/Resources/img/types/gem/gem_08.png,52e69d4bbfe64c91548d154b80105da5ff4b37d5,2827,8ad201e80244f630ab5a46922ab72fb79c5ad4f4,do_not_import_ui
PKHeX.Drawing.Misc/Resources/img/types/gem/gem_09.png,5bb6a37f49444a06b8a30ebb947fabbc473bb058,2682,8ad201e80244f630ab5a46922ab72fb79c5ad4f4,do_not_import_ui
PKHeX.Drawing.Misc/Resources/img/types/gem/gem_10.png,0d673210716424d80382253fb8326f808cb337da,2316,8ad201e80244f630ab5a46922ab72fb79c5ad4f4,do_not_import_ui
PKHeX.Drawing.Misc/Resources/img/types/gem/gem_11.png,bd3052dcb306113279312bcd542b410a15d12773,2852,8ad201e80244f630ab5a46922ab72fb79c5ad4f4,do_not_import_ui
PKHeX.Drawing.Misc/Resources/img/types/gem/gem_12.png,d3a890a30c0567305cc11270781213561060b45d,2034,8ad201e80244f630ab5a46922ab72fb79c5ad4f4,do_not_import_ui
PKHeX.Drawing.Misc/Resources/img/types/gem/gem_13.png,cdcc77b52e8d7be5d51fd6e4527cec482388f284,2935,8ad201e80244f630ab5a46922ab72fb79c5ad4f4,do_not_import_ui
PKHeX.Drawing.Misc/Resources/img/types/gem/gem_14.png,050c6615ecbbb38aa288aa4beaf7353bb6211e65,2358,8ad201e80244f630ab5a46922ab72fb79c5ad4f4,do_not_import_ui
PKHeX.Drawing.Misc/Resources/img/types/gem/gem_15.png,84ff64b7104b5836ffa741198b971e7d2a043d70,2983,8ad201e80244f630ab5a46922ab72fb79c5ad4f4,do_not_import_ui
PKHeX.Drawing.Misc/Resources/img/types/gem/gem_16.png,b8f28ab7ea95863bfb94cd949dfcbfab053910ba,2626,8ad201e80244f630ab5a46922ab72fb79c5ad4f4,do_not_import_ui
PKHeX.Drawing.Misc/Resources/img/types/gem/gem_17.png,ba1a880a4c911528e528a51259e871b2e27ab4a5,2511,8ad201e80244f630ab5a46922ab72fb79c5ad4f4,do_not_import_ui
PKHeX.Drawing.Misc/Resources/img/types/gem/gem_99.png,fa6546c09876532b3835433532fd6177b1830799,3156,8ad201e80244f630ab5a46922ab72fb79c5ad4f4,do_not_import_ui
PKHeX.Drawing.Misc/Resources/img/types/square/type_icon_00.png,8f9c7d5c4def968421467ac9004c6b859aff80a6,652,8ad201e80244f630ab5a46922ab72fb79c5ad4f4,do_not_import_ui
PKHeX.Drawing.Misc/Resources/img/types/square/type_icon_01.png,baa689b0bbc896fe7f040029db361866d7c986fc,522,8ad201e80244f630ab5a46922ab72fb79c5ad4f4,do_not_import_ui
PKHeX.Drawing.Misc/Resources/img/types/square/type_icon_02.png,9a5d44022247b80e8da86e9e9e6a3cca57cca8cf,469,8ad201e80244f630ab5a46922ab72fb79c5ad4f4,do_not_import_ui
PKHeX.Drawing.Misc/Resources/img/types/square/type_icon_03.png,d5d7cb041d298a141bde0f9fd7ea734edcb6637d,624,8ad201e80244f630ab5a46922ab72fb79c5ad4f4,do_not_import_ui
PKHeX.Drawing.Misc/Resources/img/types/square/type_icon_04.png,19ce7bf3de4112663d211c36e9f422b0c202baef,563,8ad201e80244f630ab5a46922ab72fb79c5ad4f4,do_not_import_ui
PKHeX.Drawing.Misc/Resources/img/types/square/type_icon_05.png,ed1efab480ff5edd9cf16f38f5980164c73f0259,585,8ad201e80244f630ab5a46922ab72fb79c5ad4f4,do_not_import_ui
PKHeX.Drawing.Misc/Resources/img/types/square/type_icon_06.png,baf07c209686da3f09202b52d870ac6c17e6caa0,644,8ad201e80244f630ab5a46922ab72fb79c5ad4f4,do_not_import_ui
PKHeX.Drawing.Misc/Resources/img/types/square/type_icon_07.png,c7d549a42f71e255418110acdc6ed094508ccd2c,587,8ad201e80244f630ab5a46922ab72fb79c5ad4f4,do_not_import_ui
PKHeX.Drawing.Misc/Resources/img/types/square/type_icon_08.png,c1b09106405984019988c3c3f50dfb6d2d6da052,632,8ad201e80244f630ab5a46922ab72fb79c5ad4f4,do_not_import_ui
PKHeX.Drawing.Misc/Resources/img/types/square/type_icon_09.png,1eb9aee0d34b15fa3fc8fac9344c96a24bfd88ba,580,8ad201e80244f630ab5a46922ab72fb79c5ad4f4,do_not_import_ui
PKHeX.Drawing.Misc/Resources/img/types/square/type_icon_10.png,70e2dfc5e7dde62dbd215607bbdb12ba102e40dd,555,8ad201e80244f630ab5a46922ab72fb79c5ad4f4,do_not_import_ui
PKHeX.Drawing.Misc/Resources/img/types/square/type_icon_11.png,f1f39f4405faeef95b8ccb1990550ac68b2c0b53,753,8ad201e80244f630ab5a46922ab72fb79c5ad4f4,do_not_import_ui
PKHeX.Drawing.Misc/Resources/img/types/square/type_icon_12.png,4cdcf95717340ad95b28e7e14870c0edc85eb761,488,8ad201e80244f630ab5a46922ab72fb79c5ad4f4,do_not_import_ui
PKHeX.Drawing.Misc/Resources/img/types/square/type_icon_13.png,af8ba3758faed6d9cb61780fd93bab70816b06b2,500,8ad201e80244f630ab5a46922ab72fb79c5ad4f4,do_not_import_ui
PKHeX.Drawing.Misc/Resources/img/types/square/type_icon_14.png,2b795f4bbd5616357bd17682bea20633980a197e,459,8ad201e80244f630ab5a46922ab72fb79c5ad4f4,do_not_import_ui
PKHeX.Drawing.Misc/Resources/img/types/square/type_icon_15.png,7c0856c47e5bda95deb3fb42bbedf26e3a709446,700,8ad201e80244f630ab5a46922ab72fb79c5ad4f4,do_not_import_ui
PKHeX.Drawing.Misc/Resources/img/types/square/type_icon_16.png,4a840772a2bc84853d1d26508a173999f00dd7c4,593,8ad201e80244f630ab5a46922ab72fb79c5ad4f4,do_not_import_ui
PKHeX.Drawing.Misc/Resources/img/types/square/type_icon_17.png,873a6ea1db34fde5759fc869d766491bc2567523,510,8ad201e80244f630ab5a46922ab72fb79c5ad4f4,do_not_import_ui
PKHeX.Drawing.Misc/Resources/img/types/square/type_icon_99.png,f881e5334a25ba665c483ad8b09e8b7da12731f2,5256,8ad201e80244f630ab5a46922ab72fb79c5ad4f4,do_not_import_ui
PKHeX.Drawing.Misc/Resources/img/types/square_s/type_icon_s_00.png,3c894ec8538820ee27b0a4654cb88901f64700cb,536,8ad201e80244f630ab5a46922ab72fb79c5ad4f4,do_not_import_ui
PKHeX.Drawing.Misc/Resources/img/types/square_s/type_icon_s_01.png,9259cd96ac9982ad6ca515e0ff716c4ceeebe06d,494,8ad201e80244f630ab5a46922ab72fb79c5ad4f4,do_not_import_ui
PKHeX.Drawing.Misc/Resources/img/types/square_s/type_icon_s_02.png,1ea09e0d26223ef38ac90f96c3a1e4970d7d0ae5,452,8ad201e80244f630ab5a46922ab72fb79c5ad4f4,do_not_import_ui
PKHeX.Drawing.Misc/Resources/img/types/square_s/type_icon_s_03.png,23dd5b63eb93f8e711f09828d3a8b5ed2b615fde,612,8ad201e80244f630ab5a46922ab72fb79c5ad4f4,do_not_import_ui
PKHeX.Drawing.Misc/Resources/img/types/square_s/type_icon_s_04.png,6e341f5314451c7d8c6a30403d5170499a7a0f77,541,8ad201e80244f630ab5a46922ab72fb79c5ad4f4,do_not_import_ui
PKHeX.Drawing.Misc/Resources/img/types/square_s/type_icon_s_05.png,8c912bccee1395a9605f95de44c0c5458a6d9845,450,8ad201e80244f630ab5a46922ab72fb79c5ad4f4,do_not_import_ui
PKHeX.Drawing.Misc/Resources/img/types/square_s/type_icon_s_06.png,00834e0721ff2a238b46cba47878e90cff3c68f0,540,8ad201e80244f630ab5a46922ab72fb79c5ad4f4,do_not_import_ui
PKHeX.Drawing.Misc/Resources/img/types/square_s/type_icon_s_07.png,68e60d8634baa5546a3057706fb6a41ae0c17c06,483,8ad201e80244f630ab5a46922ab72fb79c5ad4f4,do_not_import_ui
PKHeX.Drawing.Misc/Resources/img/types/square_s/type_icon_s_08.png,78749d0f3e1f7737cadad7c1c31671ae9316ec1b,572,8ad201e80244f630ab5a46922ab72fb79c5ad4f4,do_not_import_ui
PKHeX.Drawing.Misc/Resources/img/types/square_s/type_icon_s_09.png,68b74188be9bef9f2e021a679f08a865a9d1c8fc,506,8ad201e80244f630ab5a46922ab72fb79c5ad4f4,do_not_import_ui
PKHeX.Drawing.Misc/Resources/img/types/square_s/type_icon_s_10.png,dcbbf2343e6b7b88ae620420fd8e220a57279e48,404,8ad201e80244f630ab5a46922ab72fb79c5ad4f4,do_not_import_ui
PKHeX.Drawing.Misc/Resources/img/types/square_s/type_icon_s_11.png,bab4a42ec77ab55633926262ee54104888b38375,722,8ad201e80244f630ab5a46922ab72fb79c5ad4f4,do_not_import_ui
PKHeX.Drawing.Misc/Resources/img/types/square_s/type_icon_s_12.png,9b0cc9dea34f2f6930efca3b9adf1da16190d41d,451,8ad201e80244f630ab5a46922ab72fb79c5ad4f4,do_not_import_ui
PKHeX.Drawing.Misc/Resources/img/types/square_s/type_icon_s_13.png,acf37412937cc7c8ddf5c67ee4cf9356ff76f161,360,8ad201e80244f630ab5a46922ab72fb79c5ad4f4,do_not_import_ui
PKHeX.Drawing.Misc/Resources/img/types/square_s/type_icon_s_14.png,8389426075be30d568a765db95648ab63479d5b4,397,8ad201e80244f630ab5a46922ab72fb79c5ad4f4,do_not_import_ui
PKHeX.Drawing.Misc/Resources/img/types/square_s/type_icon_s_15.png,70dbed3537b09d25e4f4529d347d765fff245bc9,548,8ad201e80244f630ab5a46922ab72fb79c5ad4f4,do_not_import_ui
PKHeX.Drawing.Misc/Resources/img/types/square_s/type_icon_s_16.png,c59362c05cf9d48c85b162cd12a1bef50a6555af,464,8ad201e80244f630ab5a46922ab72fb79c5ad4f4,do_not_import_ui
PKHeX.Drawing.Misc/Resources/img/types/square_s/type_icon_s_17.png,1913d099bfe678f07d4f53d404933bbee00f9420,381,8ad201e80244f630ab5a46922ab72fb79c5ad4f4,do_not_import_ui
PKHeX.Drawing.Misc/Resources/img/types/square_s/type_icon_s_99.png,3316706bc9b5b4d0f5b1376dfe7581a5789e6e0b,1565,8ad201e80244f630ab5a46922ab72fb79c5ad4f4,do_not_import_ui
PKHeX.Drawing.Misc/Resources/img/types/wide/type_wide_00.png,633f8cd8f2dbd5e7be1450f19339b6677dd1b56e,1151,8ad201e80244f630ab5a46922ab72fb79c5ad4f4,do_not_import_ui
PKHeX.Drawing.Misc/Resources/img/types/wide/type_wide_01.png,55e24155cae01e6cac98cbcd9542b478c2aefc85,1196,8ad201e80244f630ab5a46922ab72fb79c5ad4f4,do_not_import_ui
PKHeX.Drawing.Misc/Resources/img/types/wide/type_wide_02.png,fba265beeee5c3115b8157ca026968d13883c6ad,909,8ad201e80244f630ab5a46922ab72fb79c5ad4f4,do_not_import_ui
PKHeX.Drawing.Misc/Resources/img/types/wide/type_wide_03.png,fc7338edc97a07d6ca4512d524336f1d67096208,1358,8ad201e80244f630ab5a46922ab72fb79c5ad4f4,do_not_import_ui
PKHeX.Drawing.Misc/Resources/img/types/wide/type_wide_04.png,7ee7c833415a7fff80e85714eda843fa742f80b1,1335,8ad201e80244f630ab5a46922ab72fb79c5ad4f4,do_not_import_ui
PKHeX.Drawing.Misc/Resources/img/types/wide/type_wide_05.png,286f54af628050958f4b825527c53e1fb331ec51,962,8ad201e80244f630ab5a46922ab72fb79c5ad4f4,do_not_import_ui
PKHeX.Drawing.Misc/Resources/img/types/wide/type_wide_06.png,b3900a929ec0ea7ced4b24677aff2553ea63ff4c,1003,8ad201e80244f630ab5a46922ab72fb79c5ad4f4,do_not_import_ui
PKHeX.Drawing.Misc/Resources/img/types/wide/type_wide_07.png,d7200abe9a9d84b3cb50da79c0d4eccc8c9e9940,1039,8ad201e80244f630ab5a46922ab72fb79c5ad4f4,do_not_import_ui
PKHeX.Drawing.Misc/Resources/img/types/wide/type_wide_08.png,205c90de449103cac42da53ffef3b9cff047ec82,969,8ad201e80244f630ab5a46922ab72fb79c5ad4f4,do_not_import_ui
PKHeX.Drawing.Misc/Resources/img/types/wide/type_wide_09.png,71771a4786dfaacac425c330b3db8f645ce91385,792,8ad201e80244f630ab5a46922ab72fb79c5ad4f4,do_not_import_ui
PKHeX.Drawing.Misc/Resources/img/types/wide/type_wide_10.png,67066387fed3942f32e96f5a431642b2b866b4d8,1065,8ad201e80244f630ab5a46922ab72fb79c5ad4f4,do_not_import_ui
PKHeX.Drawing.Misc/Resources/img/types/wide/type_wide_11.png,60af6104c7be5c74c25723e295e27ccfd122b744,1405,8ad201e80244f630ab5a46922ab72fb79c5ad4f4,do_not_import_ui
PKHeX.Drawing.Misc/Resources/img/types/wide/type_wide_12.png,f6e895db588c071315f0faf45ceb72db130f3e1b,1102,8ad201e80244f630ab5a46922ab72fb79c5ad4f4,do_not_import_ui
PKHeX.Drawing.Misc/Resources/img/types/wide/type_wide_13.png,a03abde913f0bf1df27ffcac37b45dcff93ec09a,1120,8ad201e80244f630ab5a46922ab72fb79c5ad4f4,do_not_import_ui
PKHeX.Drawing.Misc/Resources/img/types/wide/type_wide_14.png,da7fa0b35238a026ea18034b98d293e7eb4514fd,635,8ad201e80244f630ab5a46922ab72fb79c5ad4f4,do_not_import_ui
PKHeX.Drawing.Misc/Resources/img/types/wide/type_wide_15.png,c8d235d54dc5c3f98e80426c4c4cebaf02f7c2d1,1200,8ad201e80244f630ab5a46922ab72fb79c5ad4f4,do_not_import_ui
PKHeX.Drawing.Misc/Resources/img/types/wide/type_wide_16.png,be3671fba586ff503e8ca6a16d5dbda3f4c81f0e,1035,8ad201e80244f630ab5a46922ab72fb79c5ad4f4,do_not_import_ui
PKHeX.Drawing.Misc/Resources/img/types/wide/type_wide_17.png,716b18fa2e1879b21d21a9f27e2d805d39e46ef0,918,8ad201e80244f630ab5a46922ab72fb79c5ad4f4,do_not_import_ui
PKHeX.Drawing.Misc/Resources/img/types/wide/type_wide_99.png,c5b5a01961fb554a91cdd4a27e0d5bcc0cdb5b58,4498,8ad201e80244f630ab5a46922ab72fb79c5ad4f4,do_not_import_ui
PKHeX.Drawing.Misc/Util/DonutSpriteUtil.cs,ca2f8fbceaf29a08969121447bae15dd850109d0,1868,8ad201e80244f630ab5a46922ab72fb79c5ad4f4,do_not_import_ui
PKHeX.Drawing.Misc/Util/MysteryGiftSpriteUtil.cs,9d81a0605adf592753837a4ca3f98103e99464cb,1693,8ad201e80244f630ab5a46922ab72fb79c5ad4f4,do_not_import_ui
PKHeX.Drawing.Misc/Util/PlayerSpriteUtil.cs,2f94c315b76d0d11f25cfd03c1c524ff7e2b3ad4,958,8ad201e80244f630ab5a46922ab72fb79c5ad4f4,do_not_import_ui
PKHeX.Drawing.Misc/Util/RibbonSpriteUtil.cs,2750623a8d5c1a6d75112b74cf09db6d0f9f198c,2397,8ad201e80244f630ab5a46922ab72fb79c5ad4f4,do_not_import_ui
PKHeX.Drawing.Misc/Util/TypeSpriteUtil.cs,e176b443dc97fe00181df2b4f087a8fb7495a734,2584,8ad201e80244f630ab5a46922ab72fb79c5ad4f4,do_not_import_ui
PKHeX.Drawing.Misc/Util/WallpaperUtil.cs,5c69f38faf88f09832dde2eff1f09a536119f797,3887,8ad201e80244f630ab5a46922ab72fb79c5ad4f4,do_not_import_ui
