path,domain,action,priority,reason,source_commit
PKHeX.Core/Game/ComboItem.cs,game_metadata,extract_normalized_data,high,"game versions, locations, localized game strings",8ad201e80244f630ab5a46922ab72fb79c5ad4f4
PKHeX.Core/Game/Enums/Ability.cs,game_metadata,extract_normalized_data,high,"game versions, locations, localized game strings",8ad201e80244f630ab5a46922ab72fb79c5ad4f4
PKHeX.Core/Game/Enums/Ball.cs,game_metadata,extract_normalized_data,high,"game versions, locations, localized game strings",8ad201e80244f630ab5a46922ab72fb79c5ad4f4
PKHeX.Core/Game/Enums/GameVersion.cs,game_metadata,extract_normalized_data,high,"game versions, locations, localized game strings",8ad201e80244f630ab5a46922ab72fb79c5ad4f4
PKHeX.Core/Game/Enums/GCVersion.cs,game_metadata,extract_normalized_data,high,"game versions, locations, localized game strings",8ad201e80244f630ab5a46922ab72fb79c5ad4f4
PKHeX.Core/Game/Enums/Gender.cs,game_metadata,extract_normalized_data,high,"game versions, locations, localized game strings",8ad201e80244f630ab5a46922ab72fb79c5ad4f4
PKHeX.Core/Game/Enums/LanguageBR.cs,game_metadata,extract_normalized_data,high,"game versions, locations, localized game strings",8ad201e80244f630ab5a46922ab72fb79c5ad4f4
PKHeX.Core/Game/Enums/LanguageGC.cs,game_metadata,extract_normalized_data,high,"game versions, locations, localized game strings",8ad201e80244f630ab5a46922ab72fb79c5ad4f4
PKHeX.Core/Game/Enums/LanguageID.cs,game_metadata,extract_normalized_data,high,"game versions, locations, localized game strings",8ad201e80244f630ab5a46922ab72fb79c5ad4f4
PKHeX.Core/Game/Enums/Move.cs,game_metadata,extract_normalized_data,high,"game versions, locations, localized game strings",8ad201e80244f630ab5a46922ab72fb79c5ad4f4
PKHeX.Core/Game/Enums/MoveType.cs,game_metadata,extract_normalized_data,high,"game versions, locations, localized game strings",8ad201e80244f630ab5a46922ab72fb79c5ad4f4
PKHeX.Core/Game/Enums/Nature.cs,game_metadata,extract_normalized_data,high,"game versions, locations, localized game strings",8ad201e80244f630ab5a46922ab72fb79c5ad4f4
PKHeX.Core/Game/Enums/Region3DSIndex.cs,game_metadata,extract_normalized_data,high,"game versions, locations, localized game strings",8ad201e80244f630ab5a46922ab72fb79c5ad4f4
PKHeX.Core/Game/Enums/Species.cs,game_metadata,extract_normalized_data,high,"game versions, locations, localized game strings",8ad201e80244f630ab5a46922ab72fb79c5ad4f4
PKHeX.Core/Game/GameStrings/FilteredGameDataSource.cs,game_metadata,extract_normalized_data,high,"game versions, locations, localized game strings",8ad201e80244f630ab5a46922ab72fb79c5ad4f4
PKHeX.Core/Game/GameStrings/GameDataSource.cs,game_metadata,extract_normalized_data,high,"game versions, locations, localized game strings",8ad201e80244f630ab5a46922ab72fb79c5ad4f4
PKHeX.Core/Game/GameStrings/GameInfo.cs,game_metadata,extract_normalized_data,high,"game versions, locations, localized game strings",8ad201e80244f630ab5a46922ab72fb79c5ad4f4
PKHeX.Core/Game/GameStrings/GameLanguage.cs,game_metadata,extract_normalized_data,high,"game versions, locations, localized game strings",8ad201e80244f630ab5a46922ab72fb79c5ad4f4
PKHeX.Core/Game/GameStrings/GameStrings.cs,game_metadata,extract_normalized_data,high,"game versions, locations, localized game strings",8ad201e80244f630ab5a46922ab72fb79c5ad4f4
PKHeX.Core/Game/GameStrings/GeoLocation.cs,game_metadata,extract_normalized_data,high,"game versions, locations, localized game strings",8ad201e80244f630ab5a46922ab72fb79c5ad4f4
PKHeX.Core/Game/GameStrings/LocationSet/ILocationSet.cs,game_metadata,extract_normalized_data,high,"game versions, locations, localized game strings",8ad201e80244f630ab5a46922ab72fb79c5ad4f4
PKHeX.Core/Game/GameStrings/LocationSet/LocationSet0.cs,game_metadata,extract_normalized_data,high,"game versions, locations, localized game strings",8ad201e80244f630ab5a46922ab72fb79c5ad4f4
PKHeX.Core/Game/GameStrings/LocationSet/LocationSet4.cs,game_metadata,extract_normalized_data,high,"game versions, locations, localized game strings",8ad201e80244f630ab5a46922ab72fb79c5ad4f4
PKHeX.Core/Game/GameStrings/LocationSet/LocationSet6.cs,game_metadata,extract_normalized_data,high,"game versions, locations, localized game strings",8ad201e80244f630ab5a46922ab72fb79c5ad4f4
PKHeX.Core/Game/GameStrings/MemoryStrings.cs,game_metadata,extract_normalized_data,high,"game versions, locations, localized game strings",8ad201e80244f630ab5a46922ab72fb79c5ad4f4
PKHeX.Core/Game/GameStrings/MetDataSource.cs,game_metadata,extract_normalized_data,high,"game versions, locations, localized game strings",8ad201e80244f630ab5a46922ab72fb79c5ad4f4
PKHeX.Core/Game/GameStrings/ProgramLanguage.cs,game_metadata,extract_normalized_data,high,"game versions, locations, localized game strings",8ad201e80244f630ab5a46922ab72fb79c5ad4f4
PKHeX.Core/Game/GameUtil.cs,game_metadata,extract_normalized_data,high,"game versions, locations, localized game strings",8ad201e80244f630ab5a46922ab72fb79c5ad4f4
PKHeX.Core/Game/IBasicStrings.cs,game_metadata,extract_normalized_data,high,"game versions, locations, localized game strings",8ad201e80244f630ab5a46922ab72fb79c5ad4f4
PKHeX.Core/Game/Locations/Locations.cs,game_metadata,extract_normalized_data,high,"game versions, locations, localized game strings",8ad201e80244f630ab5a46922ab72fb79c5ad4f4
PKHeX.Core/Game/Locations/Locations4.cs,game_metadata,extract_normalized_data,high,"game versions, locations, localized game strings",8ad201e80244f630ab5a46922ab72fb79c5ad4f4
PKHeX.Core/Game/Locations/Locations5.cs,game_metadata,extract_normalized_data,high,"game versions, locations, localized game strings",8ad201e80244f630ab5a46922ab72fb79c5ad4f4
PKHeX.Core/Game/Locations/Locations6.cs,game_metadata,extract_normalized_data,high,"game versions, locations, localized game strings",8ad201e80244f630ab5a46922ab72fb79c5ad4f4
PKHeX.Core/Game/Locations/Locations7.cs,game_metadata,extract_normalized_data,high,"game versions, locations, localized game strings",8ad201e80244f630ab5a46922ab72fb79c5ad4f4
PKHeX.Core/Game/Locations/Locations7b.cs,game_metadata,extract_normalized_data,high,"game versions, locations, localized game strings",8ad201e80244f630ab5a46922ab72fb79c5ad4f4
PKHeX.Core/Game/Locations/Locations8.cs,game_metadata,extract_normalized_data,high,"game versions, locations, localized game strings",8ad201e80244f630ab5a46922ab72fb79c5ad4f4
PKHeX.Core/Game/Locations/Locations8a.cs,game_metadata,extract_normalized_data,high,"game versions, locations, localized game strings",8ad201e80244f630ab5a46922ab72fb79c5ad4f4
PKHeX.Core/Game/Locations/Locations8b.cs,game_metadata,extract_normalized_data,high,"game versions, locations, localized game strings",8ad201e80244f630ab5a46922ab72fb79c5ad4f4
PKHeX.Core/Game/Locations/Locations9.cs,game_metadata,extract_normalized_data,high,"game versions, locations, localized game strings",8ad201e80244f630ab5a46922ab72fb79c5ad4f4
PKHeX.Core/Game/Locations/Locations9a.cs,game_metadata,extract_normalized_data,high,"game versions, locations, localized game strings",8ad201e80244f630ab5a46922ab72fb79c5ad4f4
PKHeX.Core/Game/Locations/LocationsHOME.cs,game_metadata,extract_normalized_data,high,"game versions, locations, localized game strings",8ad201e80244f630ab5a46922ab72fb79c5ad4f4
PKHeX.Core/Items/Bags/PlayerBag.cs,items,extract_normalized_data,critical,"per-game item storage, valid IDs, pockets, availability",8ad201e80244f630ab5a46922ab72fb79c5ad4f4
PKHeX.Core/Items/Bags/PlayerBag1.cs,items,extract_normalized_data,critical,"per-game item storage, valid IDs, pockets, availability",8ad201e80244f630ab5a46922ab72fb79c5ad4f4
PKHeX.Core/Items/Bags/PlayerBag2.cs,items,extract_normalized_data,critical,"per-game item storage, valid IDs, pockets, availability",8ad201e80244f630ab5a46922ab72fb79c5ad4f4
PKHeX.Core/Items/Bags/PlayerBag3Colosseum.cs,items,extract_normalized_data,critical,"per-game item storage, valid IDs, pockets, availability",8ad201e80244f630ab5a46922ab72fb79c5ad4f4
PKHeX.Core/Items/Bags/PlayerBag3E.cs,items,extract_normalized_data,critical,"per-game item storage, valid IDs, pockets, availability",8ad201e80244f630ab5a46922ab72fb79c5ad4f4
PKHeX.Core/Items/Bags/PlayerBag3FRLG.cs,items,extract_normalized_data,critical,"per-game item storage, valid IDs, pockets, availability",8ad201e80244f630ab5a46922ab72fb79c5ad4f4
PKHeX.Core/Items/Bags/PlayerBag3RS.cs,items,extract_normalized_data,critical,"per-game item storage, valid IDs, pockets, availability",8ad201e80244f630ab5a46922ab72fb79c5ad4f4
PKHeX.Core/Items/Bags/PlayerBag3XD.cs,items,extract_normalized_data,critical,"per-game item storage, valid IDs, pockets, availability",8ad201e80244f630ab5a46922ab72fb79c5ad4f4
PKHeX.Core/Items/Bags/PlayerBag4DP.cs,items,extract_normalized_data,critical,"per-game item storage, valid IDs, pockets, availability",8ad201e80244f630ab5a46922ab72fb79c5ad4f4
PKHeX.Core/Items/Bags/PlayerBag4HGSS.cs,items,extract_normalized_data,critical,"per-game item storage, valid IDs, pockets, availability",8ad201e80244f630ab5a46922ab72fb79c5ad4f4
PKHeX.Core/Items/Bags/PlayerBag4Pt.cs,items,extract_normalized_data,critical,"per-game item storage, valid IDs, pockets, availability",8ad201e80244f630ab5a46922ab72fb79c5ad4f4
PKHeX.Core/Items/Bags/PlayerBag5B2W2.cs,items,extract_normalized_data,critical,"per-game item storage, valid IDs, pockets, availability",8ad201e80244f630ab5a46922ab72fb79c5ad4f4
PKHeX.Core/Items/Bags/PlayerBag5BW.cs,items,extract_normalized_data,critical,"per-game item storage, valid IDs, pockets, availability",8ad201e80244f630ab5a46922ab72fb79c5ad4f4
PKHeX.Core/Items/Bags/PlayerBag6AO.cs,items,extract_normalized_data,critical,"per-game item storage, valid IDs, pockets, availability",8ad201e80244f630ab5a46922ab72fb79c5ad4f4
PKHeX.Core/Items/Bags/PlayerBag6XY.cs,items,extract_normalized_data,critical,"per-game item storage, valid IDs, pockets, availability",8ad201e80244f630ab5a46922ab72fb79c5ad4f4
PKHeX.Core/Items/Bags/PlayerBag7b.cs,items,extract_normalized_data,critical,"per-game item storage, valid IDs, pockets, availability",8ad201e80244f630ab5a46922ab72fb79c5ad4f4
PKHeX.Core/Items/Bags/PlayerBag7SM.cs,items,extract_normalized_data,critical,"per-game item storage, valid IDs, pockets, availability",8ad201e80244f630ab5a46922ab72fb79c5ad4f4
PKHeX.Core/Items/Bags/PlayerBag7USUM.cs,items,extract_normalized_data,critical,"per-game item storage, valid IDs, pockets, availability",8ad201e80244f630ab5a46922ab72fb79c5ad4f4
PKHeX.Core/Items/Bags/PlayerBag8.cs,items,extract_normalized_data,critical,"per-game item storage, valid IDs, pockets, availability",8ad201e80244f630ab5a46922ab72fb79c5ad4f4
PKHeX.Core/Items/Bags/PlayerBag8a.cs,items,extract_normalized_data,critical,"per-game item storage, valid IDs, pockets, availability",8ad201e80244f630ab5a46922ab72fb79c5ad4f4
PKHeX.Core/Items/Bags/PlayerBag8b.cs,items,extract_normalized_data,critical,"per-game item storage, valid IDs, pockets, availability",8ad201e80244f630ab5a46922ab72fb79c5ad4f4
PKHeX.Core/Items/Bags/PlayerBag9.cs,items,extract_normalized_data,critical,"per-game item storage, valid IDs, pockets, availability",8ad201e80244f630ab5a46922ab72fb79c5ad4f4
PKHeX.Core/Items/Bags/PlayerBag9a.cs,items,extract_normalized_data,critical,"per-game item storage, valid IDs, pockets, availability",8ad201e80244f630ab5a46922ab72fb79c5ad4f4
PKHeX.Core/Items/HeldItemLumpImage.cs,items,extract_normalized_data,critical,"per-game item storage, valid IDs, pockets, availability",8ad201e80244f630ab5a46922ab72fb79c5ad4f4
PKHeX.Core/Items/IItemStorage.cs,items,extract_normalized_data,critical,"per-game item storage, valid IDs, pockets, availability",8ad201e80244f630ab5a46922ab72fb79c5ad4f4
PKHeX.Core/Items/ItemStorage1.cs,items,extract_normalized_data,critical,"per-game item storage, valid IDs, pockets, availability",8ad201e80244f630ab5a46922ab72fb79c5ad4f4
PKHeX.Core/Items/ItemStorage2.cs,items,extract_normalized_data,critical,"per-game item storage, valid IDs, pockets, availability",8ad201e80244f630ab5a46922ab72fb79c5ad4f4
PKHeX.Core/Items/ItemStorage3Colo.cs,items,extract_normalized_data,critical,"per-game item storage, valid IDs, pockets, availability",8ad201e80244f630ab5a46922ab72fb79c5ad4f4
PKHeX.Core/Items/ItemStorage3E.cs,items,extract_normalized_data,critical,"per-game item storage, valid IDs, pockets, availability",8ad201e80244f630ab5a46922ab72fb79c5ad4f4
PKHeX.Core/Items/ItemStorage3FRLG.cs,items,extract_normalized_data,critical,"per-game item storage, valid IDs, pockets, availability",8ad201e80244f630ab5a46922ab72fb79c5ad4f4
PKHeX.Core/Items/ItemStorage3RS.cs,items,extract_normalized_data,critical,"per-game item storage, valid IDs, pockets, availability",8ad201e80244f630ab5a46922ab72fb79c5ad4f4
PKHeX.Core/Items/ItemStorage3XD.cs,items,extract_normalized_data,critical,"per-game item storage, valid IDs, pockets, availability",8ad201e80244f630ab5a46922ab72fb79c5ad4f4
PKHeX.Core/Items/ItemStorage4.cs,items,extract_normalized_data,critical,"per-game item storage, valid IDs, pockets, availability",8ad201e80244f630ab5a46922ab72fb79c5ad4f4
PKHeX.Core/Items/ItemStorage4DP.cs,items,extract_normalized_data,critical,"per-game item storage, valid IDs, pockets, availability",8ad201e80244f630ab5a46922ab72fb79c5ad4f4
PKHeX.Core/Items/ItemStorage4HGSS.cs,items,extract_normalized_data,critical,"per-game item storage, valid IDs, pockets, availability",8ad201e80244f630ab5a46922ab72fb79c5ad4f4
PKHeX.Core/Items/ItemStorage4Pt.cs,items,extract_normalized_data,critical,"per-game item storage, valid IDs, pockets, availability",8ad201e80244f630ab5a46922ab72fb79c5ad4f4
PKHeX.Core/Items/ItemStorage5.cs,items,extract_normalized_data,critical,"per-game item storage, valid IDs, pockets, availability",8ad201e80244f630ab5a46922ab72fb79c5ad4f4
PKHeX.Core/Items/ItemStorage5B2W2.cs,items,extract_normalized_data,critical,"per-game item storage, valid IDs, pockets, availability",8ad201e80244f630ab5a46922ab72fb79c5ad4f4
PKHeX.Core/Items/ItemStorage5BW.cs,items,extract_normalized_data,critical,"per-game item storage, valid IDs, pockets, availability",8ad201e80244f630ab5a46922ab72fb79c5ad4f4
PKHeX.Core/Items/ItemStorage6AO.cs,items,extract_normalized_data,critical,"per-game item storage, valid IDs, pockets, availability",8ad201e80244f630ab5a46922ab72fb79c5ad4f4
PKHeX.Core/Items/ItemStorage6XY.cs,items,extract_normalized_data,critical,"per-game item storage, valid IDs, pockets, availability",8ad201e80244f630ab5a46922ab72fb79c5ad4f4
PKHeX.Core/Items/ItemStorage7GG.cs,items,extract_normalized_data,critical,"per-game item storage, valid IDs, pockets, availability",8ad201e80244f630ab5a46922ab72fb79c5ad4f4
PKHeX.Core/Items/ItemStorage7SM.cs,items,extract_normalized_data,critical,"per-game item storage, valid IDs, pockets, availability",8ad201e80244f630ab5a46922ab72fb79c5ad4f4
PKHeX.Core/Items/ItemStorage7USUM.cs,items,extract_normalized_data,critical,"per-game item storage, valid IDs, pockets, availability",8ad201e80244f630ab5a46922ab72fb79c5ad4f4
PKHeX.Core/Items/ItemStorage8BDSP.cs,items,extract_normalized_data,critical,"per-game item storage, valid IDs, pockets, availability",8ad201e80244f630ab5a46922ab72fb79c5ad4f4
PKHeX.Core/Items/ItemStorage8LA.cs,items,extract_normalized_data,critical,"per-game item storage, valid IDs, pockets, availability",8ad201e80244f630ab5a46922ab72fb79c5ad4f4
PKHeX.Core/Items/ItemStorage8SWSH.cs,items,extract_normalized_data,critical,"per-game item storage, valid IDs, pockets, availability",8ad201e80244f630ab5a46922ab72fb79c5ad4f4
PKHeX.Core/Items/ItemStorage9SV.cs,items,extract_normalized_data,critical,"per-game item storage, valid IDs, pockets, availability",8ad201e80244f630ab5a46922ab72fb79c5ad4f4
PKHeX.Core/Items/ItemStorage9ZA.cs,items,extract_normalized_data,critical,"per-game item storage, valid IDs, pockets, availability",8ad201e80244f630ab5a46922ab72fb79c5ad4f4
PKHeX.Core/Legality/Assets/BinLinkerAccessor.cs,legality_encounters_evolution,reimplement_rules_and_tests,high,"encounters, evolution, learnsets, RNG, form legality, transfer restrictions",8ad201e80244f630ab5a46922ab72fb79c5ad4f4
PKHeX.Core/Legality/Assets/BinLinkerAccessor16.cs,legality_encounters_evolution,reimplement_rules_and_tests,high,"encounters, evolution, learnsets, RNG, form legality, transfer restrictions",8ad201e80244f630ab5a46922ab72fb79c5ad4f4
PKHeX.Core/Legality/Assets/BinLinkerWriter.cs,legality_encounters_evolution,reimplement_rules_and_tests,high,"encounters, evolution, learnsets, RNG, form legality, transfer restrictions",8ad201e80244f630ab5a46922ab72fb79c5ad4f4
PKHeX.Core/Legality/Breeding.cs,legality_encounters_evolution,reimplement_rules_and_tests,high,"encounters, evolution, learnsets, RNG, form legality, transfer restrictions",8ad201e80244f630ab5a46922ab72fb79c5ad4f4
PKHeX.Core/Legality/Bulk/BulkAnalysis.cs,legality_encounters_evolution,reimplement_rules_and_tests,high,"encounters, evolution, learnsets, RNG, form legality, transfer restrictions",8ad201e80244f630ab5a46922ab72fb79c5ad4f4
PKHeX.Core/Legality/Bulk/BulkCheckResult.cs,legality_encounters_evolution,reimplement_rules_and_tests,high,"encounters, evolution, learnsets, RNG, form legality, transfer restrictions",8ad201e80244f630ab5a46922ab72fb79c5ad4f4
PKHeX.Core/Legality/Bulk/CombinedReference.cs,legality_encounters_evolution,reimplement_rules_and_tests,high,"encounters, evolution, learnsets, RNG, form legality, transfer restrictions",8ad201e80244f630ab5a46922ab72fb79c5ad4f4
PKHeX.Core/Legality/Bulk/DuplicateEncryptionChecker.cs,legality_encounters_evolution,reimplement_rules_and_tests,high,"encounters, evolution, learnsets, RNG, form legality, transfer restrictions",8ad201e80244f630ab5a46922ab72fb79c5ad4f4
PKHeX.Core/Legality/Bulk/DuplicateGiftChecker.cs,legality_encounters_evolution,reimplement_rules_and_tests,high,"encounters, evolution, learnsets, RNG, form legality, transfer restrictions",8ad201e80244f630ab5a46922ab72fb79c5ad4f4
PKHeX.Core/Legality/Bulk/DuplicatePIDChecker.cs,legality_encounters_evolution,reimplement_rules_and_tests,high,"encounters, evolution, learnsets, RNG, form legality, transfer restrictions",8ad201e80244f630ab5a46922ab72fb79c5ad4f4
PKHeX.Core/Legality/Bulk/DuplicateTrainerChecker.cs,legality_encounters_evolution,reimplement_rules_and_tests,high,"encounters, evolution, learnsets, RNG, form legality, transfer restrictions",8ad201e80244f630ab5a46922ab72fb79c5ad4f4
PKHeX.Core/Legality/Bulk/ExternalBulkCheck.cs,legality_encounters_evolution,reimplement_rules_and_tests,high,"encounters, evolution, learnsets, RNG, form legality, transfer restrictions",8ad201e80244f630ab5a46922ab72fb79c5ad4f4
PKHeX.Core/Legality/Bulk/HandlerChecker.cs,legality_encounters_evolution,reimplement_rules_and_tests,high,"encounters, evolution, learnsets, RNG, form legality, transfer restrictions",8ad201e80244f630ab5a46922ab72fb79c5ad4f4
PKHeX.Core/Legality/Bulk/IBulkAnalyzer.cs,legality_encounters_evolution,reimplement_rules_and_tests,high,"encounters, evolution, learnsets, RNG, form legality, transfer restrictions",8ad201e80244f630ab5a46922ab72fb79c5ad4f4
PKHeX.Core/Legality/Bulk/IExternalBulkChecker.cs,legality_encounters_evolution,reimplement_rules_and_tests,high,"encounters, evolution, learnsets, RNG, form legality, transfer restrictions",8ad201e80244f630ab5a46922ab72fb79c5ad4f4
PKHeX.Core/Legality/Bulk/SaveFile/DuplicateFusionChecker.cs,legality_encounters_evolution,reimplement_rules_and_tests,high,"encounters, evolution, learnsets, RNG, form legality, transfer restrictions",8ad201e80244f630ab5a46922ab72fb79c5ad4f4
PKHeX.Core/Legality/Bulk/SaveFile/DuplicateUniqueItemChecker.cs,legality_encounters_evolution,reimplement_rules_and_tests,high,"encounters, evolution, learnsets, RNG, form legality, transfer restrictions",8ad201e80244f630ab5a46922ab72fb79c5ad4f4
PKHeX.Core/Legality/Bulk/StandardCloneChecker.cs,legality_encounters_evolution,reimplement_rules_and_tests,high,"encounters, evolution, learnsets, RNG, form legality, transfer restrictions",8ad201e80244f630ab5a46922ab72fb79c5ad4f4
PKHeX.Core/Legality/BulkGenerator.cs,legality_encounters_evolution,reimplement_rules_and_tests,high,"encounters, evolution, learnsets, RNG, form legality, transfer restrictions",8ad201e80244f630ab5a46922ab72fb79c5ad4f4
PKHeX.Core/Legality/Encounters/Data/EncounterEvent.cs,legality_encounters_evolution,reimplement_rules_and_tests,high,"encounters, evolution, learnsets, RNG, form legality, transfer restrictions",8ad201e80244f630ab5a46922ab72fb79c5ad4f4
PKHeX.Core/Legality/Encounters/Data/EncounterUtil.cs,legality_encounters_evolution,reimplement_rules_and_tests,high,"encounters, evolution, learnsets, RNG, form legality, transfer restrictions",8ad201e80244f630ab5a46922ab72fb79c5ad4f4
PKHeX.Core/Legality/Encounters/Data/Gen1/Encounters1.cs,legality_encounters_evolution,reimplement_rules_and_tests,high,"encounters, evolution, learnsets, RNG, form legality, transfer restrictions",8ad201e80244f630ab5a46922ab72fb79c5ad4f4
PKHeX.Core/Legality/Encounters/Data/Gen1/Encounters1GBEra.cs,legality_encounters_evolution,reimplement_rules_and_tests,high,"encounters, evolution, learnsets, RNG, form legality, transfer restrictions",8ad201e80244f630ab5a46922ab72fb79c5ad4f4
PKHeX.Core/Legality/Encounters/Data/Gen1/Encounters1VC.cs,legality_encounters_evolution,reimplement_rules_and_tests,high,"encounters, evolution, learnsets, RNG, form legality, transfer restrictions",8ad201e80244f630ab5a46922ab72fb79c5ad4f4
PKHeX.Core/Legality/Encounters/Data/Gen2/Encounters2.cs,legality_encounters_evolution,reimplement_rules_and_tests,high,"encounters, evolution, learnsets, RNG, form legality, transfer restrictions",8ad201e80244f630ab5a46922ab72fb79c5ad4f4
PKHeX.Core/Legality/Encounters/Data/Gen2/Encounters2GBEra.cs,legality_encounters_evolution,reimplement_rules_and_tests,high,"encounters, evolution, learnsets, RNG, form legality, transfer restrictions",8ad201e80244f630ab5a46922ab72fb79c5ad4f4
PKHeX.Core/Legality/Encounters/Data/Gen3/Encounters3Colo.cs,legality_encounters_evolution,reimplement_rules_and_tests,high,"encounters, evolution, learnsets, RNG, form legality, transfer restrictions",8ad201e80244f630ab5a46922ab72fb79c5ad4f4
PKHeX.Core/Legality/Encounters/Data/Gen3/Encounters3ColoShadow.cs,legality_encounters_evolution,reimplement_rules_and_tests,high,"encounters, evolution, learnsets, RNG, form legality, transfer restrictions",8ad201e80244f630ab5a46922ab72fb79c5ad4f4
PKHeX.Core/Legality/Encounters/Data/Gen3/Encounters3ColoTeams.cs,legality_encounters_evolution,reimplement_rules_and_tests,high,"encounters, evolution, learnsets, RNG, form legality, transfer restrictions",8ad201e80244f630ab5a46922ab72fb79c5ad4f4
PKHeX.Core/Legality/Encounters/Data/Gen3/Encounters3FRLG.cs,legality_encounters_evolution,reimplement_rules_and_tests,high,"encounters, evolution, learnsets, RNG, form legality, transfer restrictions",8ad201e80244f630ab5a46922ab72fb79c5ad4f4
PKHeX.Core/Legality/Encounters/Data/Gen3/Encounters3RSE.cs,legality_encounters_evolution,reimplement_rules_and_tests,high,"encounters, evolution, learnsets, RNG, form legality, transfer restrictions",8ad201e80244f630ab5a46922ab72fb79c5ad4f4
PKHeX.Core/Legality/Encounters/Data/Gen3/Encounters3XD.cs,legality_encounters_evolution,reimplement_rules_and_tests,high,"encounters, evolution, learnsets, RNG, form legality, transfer restrictions",8ad201e80244f630ab5a46922ab72fb79c5ad4f4
PKHeX.Core/Legality/Encounters/Data/Gen3/Encounters3XDShadow.cs,legality_encounters_evolution,reimplement_rules_and_tests,high,"encounters, evolution, learnsets, RNG, form legality, transfer restrictions",8ad201e80244f630ab5a46922ab72fb79c5ad4f4
PKHeX.Core/Legality/Encounters/Data/Gen3/Encounters3XDTeams.cs,legality_encounters_evolution,reimplement_rules_and_tests,high,"encounters, evolution, learnsets, RNG, form legality, transfer restrictions",8ad201e80244f630ab5a46922ab72fb79c5ad4f4
PKHeX.Core/Legality/Encounters/Data/Gen3/EncountersWC3.cs,legality_encounters_evolution,reimplement_rules_and_tests,high,"encounters, evolution, learnsets, RNG, form legality, transfer restrictions",8ad201e80244f630ab5a46922ab72fb79c5ad4f4
PKHeX.Core/Legality/Encounters/Data/Gen4/Encounters4DPPt.cs,legality_encounters_evolution,reimplement_rules_and_tests,high,"encounters, evolution, learnsets, RNG, form legality, transfer restrictions",8ad201e80244f630ab5a46922ab72fb79c5ad4f4
PKHeX.Core/Legality/Encounters/Data/Gen4/Encounters4HGSS.cs,legality_encounters_evolution,reimplement_rules_and_tests,high,"encounters, evolution, learnsets, RNG, form legality, transfer restrictions",8ad201e80244f630ab5a46922ab72fb79c5ad4f4
PKHeX.Core/Legality/Encounters/Data/Gen5/Encounters5B2W2.cs,legality_encounters_evolution,reimplement_rules_and_tests,high,"encounters, evolution, learnsets, RNG, form legality, transfer restrictions",8ad201e80244f630ab5a46922ab72fb79c5ad4f4
PKHeX.Core/Legality/Encounters/Data/Gen5/Encounters5BW.cs,legality_encounters_evolution,reimplement_rules_and_tests,high,"encounters, evolution, learnsets, RNG, form legality, transfer restrictions",8ad201e80244f630ab5a46922ab72fb79c5ad4f4
PKHeX.Core/Legality/Encounters/Data/Gen5/Encounters5DR.cs,legality_encounters_evolution,reimplement_rules_and_tests,high,"encounters, evolution, learnsets, RNG, form legality, transfer restrictions",8ad201e80244f630ab5a46922ab72fb79c5ad4f4
PKHeX.Core/Legality/Encounters/Data/Gen6/Encounters6AO.cs,legality_encounters_evolution,reimplement_rules_and_tests,high,"encounters, evolution, learnsets, RNG, form legality, transfer restrictions",8ad201e80244f630ab5a46922ab72fb79c5ad4f4
PKHeX.Core/Legality/Encounters/Data/Gen6/Encounters6XY.cs,legality_encounters_evolution,reimplement_rules_and_tests,high,"encounters, evolution, learnsets, RNG, form legality, transfer restrictions",8ad201e80244f630ab5a46922ab72fb79c5ad4f4
PKHeX.Core/Legality/Encounters/Data/Gen7/Encounters7GG.cs,legality_encounters_evolution,reimplement_rules_and_tests,high,"encounters, evolution, learnsets, RNG, form legality, transfer restrictions",8ad201e80244f630ab5a46922ab72fb79c5ad4f4
PKHeX.Core/Legality/Encounters/Data/Gen7/Encounters7SM.cs,legality_encounters_evolution,reimplement_rules_and_tests,high,"encounters, evolution, learnsets, RNG, form legality, transfer restrictions",8ad201e80244f630ab5a46922ab72fb79c5ad4f4
PKHeX.Core/Legality/Encounters/Data/Gen7/Encounters7USUM.cs,legality_encounters_evolution,reimplement_rules_and_tests,high,"encounters, evolution, learnsets, RNG, form legality, transfer restrictions",8ad201e80244f630ab5a46922ab72fb79c5ad4f4
PKHeX.Core/Legality/Encounters/Data/Gen8/Encounters8.cs,legality_encounters_evolution,reimplement_rules_and_tests,high,"encounters, evolution, learnsets, RNG, form legality, transfer restrictions",8ad201e80244f630ab5a46922ab72fb79c5ad4f4
PKHeX.Core/Legality/Encounters/Data/Gen8/Encounters8a.cs,legality_encounters_evolution,reimplement_rules_and_tests,high,"encounters, evolution, learnsets, RNG, form legality, transfer restrictions",8ad201e80244f630ab5a46922ab72fb79c5ad4f4
PKHeX.Core/Legality/Encounters/Data/Gen8/Encounters8b.cs,legality_encounters_evolution,reimplement_rules_and_tests,high,"encounters, evolution, learnsets, RNG, form legality, transfer restrictions",8ad201e80244f630ab5a46922ab72fb79c5ad4f4
PKHeX.Core/Legality/Encounters/Data/Gen8/Encounters8Nest.cs,legality_encounters_evolution,reimplement_rules_and_tests,high,"encounters, evolution, learnsets, RNG, form legality, transfer restrictions",8ad201e80244f630ab5a46922ab72fb79c5ad4f4
PKHeX.Core/Legality/Encounters/Data/Gen9/Encounters9.cs,legality_encounters_evolution,reimplement_rules_and_tests,high,"encounters, evolution, learnsets, RNG, form legality, transfer restrictions",8ad201e80244f630ab5a46922ab72fb79c5ad4f4
PKHeX.Core/Legality/Encounters/Data/Gen9/Encounters9a.cs,legality_encounters_evolution,reimplement_rules_and_tests,high,"encounters, evolution, learnsets, RNG, form legality, transfer restrictions",8ad201e80244f630ab5a46922ab72fb79c5ad4f4
PKHeX.Core/Legality/Encounters/Data/Live/DistributionWindow.cs,legality_encounters_evolution,reimplement_rules_and_tests,high,"encounters, evolution, learnsets, RNG, form legality, transfer restrictions",8ad201e80244f630ab5a46922ab72fb79c5ad4f4
PKHeX.Core/Legality/Encounters/Data/Live/EncounterServerDate.cs,legality_encounters_evolution,reimplement_rules_and_tests,high,"encounters, evolution, learnsets, RNG, form legality, transfer restrictions",8ad201e80244f630ab5a46922ab72fb79c5ad4f4
PKHeX.Core/Legality/Encounters/Data/Live/EncounterServerDateCheck.cs,legality_encounters_evolution,reimplement_rules_and_tests,high,"encounters, evolution, learnsets, RNG, form legality, transfer restrictions",8ad201e80244f630ab5a46922ab72fb79c5ad4f4
PKHeX.Core/Legality/Encounters/Data/Live/EncountersGO.cs,legality_encounters_evolution,reimplement_rules_and_tests,high,"encounters, evolution, learnsets, RNG, form legality, transfer restrictions",8ad201e80244f630ab5a46922ab72fb79c5ad4f4
PKHeX.Core/Legality/Encounters/Data/Live/IEncounterServerDate.cs,legality_encounters_evolution,reimplement_rules_and_tests,high,"encounters, evolution, learnsets, RNG, form legality, transfer restrictions",8ad201e80244f630ab5a46922ab72fb79c5ad4f4
PKHeX.Core/Legality/Encounters/Generator/ByGeneration/EncounterGenerator1.cs,legality_encounters_evolution,reimplement_rules_and_tests,high,"encounters, evolution, learnsets, RNG, form legality, transfer restrictions",8ad201e80244f630ab5a46922ab72fb79c5ad4f4
PKHeX.Core/Legality/Encounters/Generator/ByGeneration/EncounterGenerator2.cs,legality_encounters_evolution,reimplement_rules_and_tests,high,"encounters, evolution, learnsets, RNG, form legality, transfer restrictions",8ad201e80244f630ab5a46922ab72fb79c5ad4f4
PKHeX.Core/Legality/Encounters/Generator/ByGeneration/EncounterGenerator3.cs,legality_encounters_evolution,reimplement_rules_and_tests,high,"encounters, evolution, learnsets, RNG, form legality, transfer restrictions",8ad201e80244f630ab5a46922ab72fb79c5ad4f4
PKHeX.Core/Legality/Encounters/Generator/ByGeneration/EncounterGenerator3GC.cs,legality_encounters_evolution,reimplement_rules_and_tests,high,"encounters, evolution, learnsets, RNG, form legality, transfer restrictions",8ad201e80244f630ab5a46922ab72fb79c5ad4f4
PKHeX.Core/Legality/Encounters/Generator/ByGeneration/EncounterGenerator4.cs,legality_encounters_evolution,reimplement_rules_and_tests,high,"encounters, evolution, learnsets, RNG, form legality, transfer restrictions",8ad201e80244f630ab5a46922ab72fb79c5ad4f4
PKHeX.Core/Legality/Encounters/Generator/ByGeneration/EncounterGenerator5.cs,legality_encounters_evolution,reimplement_rules_and_tests,high,"encounters, evolution, learnsets, RNG, form legality, transfer restrictions",8ad201e80244f630ab5a46922ab72fb79c5ad4f4
PKHeX.Core/Legality/Encounters/Generator/ByGeneration/EncounterGenerator6.cs,legality_encounters_evolution,reimplement_rules_and_tests,high,"encounters, evolution, learnsets, RNG, form legality, transfer restrictions",8ad201e80244f630ab5a46922ab72fb79c5ad4f4
PKHeX.Core/Legality/Encounters/Generator/ByGeneration/EncounterGenerator7.cs,legality_encounters_evolution,reimplement_rules_and_tests,high,"encounters, evolution, learnsets, RNG, form legality, transfer restrictions",8ad201e80244f630ab5a46922ab72fb79c5ad4f4
PKHeX.Core/Legality/Encounters/Generator/ByGeneration/EncounterGenerator7GG.cs,legality_encounters_evolution,reimplement_rules_and_tests,high,"encounters, evolution, learnsets, RNG, form legality, transfer restrictions",8ad201e80244f630ab5a46922ab72fb79c5ad4f4
PKHeX.Core/Legality/Encounters/Generator/ByGeneration/EncounterGenerator7GO.cs,legality_encounters_evolution,reimplement_rules_and_tests,high,"encounters, evolution, learnsets, RNG, form legality, transfer restrictions",8ad201e80244f630ab5a46922ab72fb79c5ad4f4
PKHeX.Core/Legality/Encounters/Generator/ByGeneration/EncounterGenerator8.cs,legality_encounters_evolution,reimplement_rules_and_tests,high,"encounters, evolution, learnsets, RNG, form legality, transfer restrictions",8ad201e80244f630ab5a46922ab72fb79c5ad4f4
PKHeX.Core/Legality/Encounters/Generator/ByGeneration/EncounterGenerator8a.cs,legality_encounters_evolution,reimplement_rules_and_tests,high,"encounters, evolution, learnsets, RNG, form legality, transfer restrictions",8ad201e80244f630ab5a46922ab72fb79c5ad4f4
PKHeX.Core/Legality/Encounters/Generator/ByGeneration/EncounterGenerator8b.cs,legality_encounters_evolution,reimplement_rules_and_tests,high,"encounters, evolution, learnsets, RNG, form legality, transfer restrictions",8ad201e80244f630ab5a46922ab72fb79c5ad4f4
PKHeX.Core/Legality/Encounters/Generator/ByGeneration/EncounterGenerator8GO.cs,legality_encounters_evolution,reimplement_rules_and_tests,high,"encounters, evolution, learnsets, RNG, form legality, transfer restrictions",8ad201e80244f630ab5a46922ab72fb79c5ad4f4
PKHeX.Core/Legality/Encounters/Generator/ByGeneration/EncounterGenerator9.cs,legality_encounters_evolution,reimplement_rules_and_tests,high,"encounters, evolution, learnsets, RNG, form legality, transfer restrictions",8ad201e80244f630ab5a46922ab72fb79c5ad4f4
PKHeX.Core/Legality/Encounters/Generator/ByGeneration/EncounterGenerator9a.cs,legality_encounters_evolution,reimplement_rules_and_tests,high,"encounters, evolution, learnsets, RNG, form legality, transfer restrictions",8ad201e80244f630ab5a46922ab72fb79c5ad4f4
PKHeX.Core/Legality/Encounters/Generator/ByGeneration/EncounterStateUtil.cs,legality_encounters_evolution,reimplement_rules_and_tests,high,"encounters, evolution, learnsets, RNG, form legality, transfer restrictions",8ad201e80244f630ab5a46922ab72fb79c5ad4f4
PKHeX.Core/Legality/Encounters/Generator/ByGeneration/Lump/EncounterGenerator12.cs,legality_encounters_evolution,reimplement_rules_and_tests,high,"encounters, evolution, learnsets, RNG, form legality, transfer restrictions",8ad201e80244f630ab5a46922ab72fb79c5ad4f4
PKHeX.Core/Legality/Encounters/Generator/ByGeneration/Lump/EncounterGenerator7X.cs,legality_encounters_evolution,reimplement_rules_and_tests,high,"encounters, evolution, learnsets, RNG, form legality, transfer restrictions",8ad201e80244f630ab5a46922ab72fb79c5ad4f4
PKHeX.Core/Legality/Encounters/Generator/ByGeneration/Lump/EncounterGenerator8X.cs,legality_encounters_evolution,reimplement_rules_and_tests,high,"encounters, evolution, learnsets, RNG, form legality, transfer restrictions",8ad201e80244f630ab5a46922ab72fb79c5ad4f4
PKHeX.Core/Legality/Encounters/Generator/ByGeneration/Lump/EncounterGenerator9X.cs,legality_encounters_evolution,reimplement_rules_and_tests,high,"encounters, evolution, learnsets, RNG, form legality, transfer restrictions",8ad201e80244f630ab5a46922ab72fb79c5ad4f4
PKHeX.Core/Legality/Encounters/Generator/ByGeneration/Lump/EncounterGeneratorDummy.cs,legality_encounters_evolution,reimplement_rules_and_tests,high,"encounters, evolution, learnsets, RNG, form legality, transfer restrictions",8ad201e80244f630ab5a46922ab72fb79c5ad4f4
PKHeX.Core/Legality/Encounters/Generator/ByGeneration/Lump/EncounterGeneratorGO.cs,legality_encounters_evolution,reimplement_rules_and_tests,high,"encounters, evolution, learnsets, RNG, form legality, transfer restrictions",8ad201e80244f630ab5a46922ab72fb79c5ad4f4
PKHeX.Core/Legality/Encounters/Generator/ByGeneration/Lump/IEncounterGenerator.cs,legality_encounters_evolution,reimplement_rules_and_tests,high,"encounters, evolution, learnsets, RNG, form legality, transfer restrictions",8ad201e80244f630ab5a46922ab72fb79c5ad4f4
PKHeX.Core/Legality/Encounters/Generator/EncounterCriteria.cs,legality_encounters_evolution,reimplement_rules_and_tests,high,"encounters, evolution, learnsets, RNG, form legality, transfer restrictions",8ad201e80244f630ab5a46922ab72fb79c5ad4f4
PKHeX.Core/Legality/Encounters/Generator/EncounterFinder.cs,legality_encounters_evolution,reimplement_rules_and_tests,high,"encounters, evolution, learnsets, RNG, form legality, transfer restrictions",8ad201e80244f630ab5a46922ab72fb79c5ad4f4
PKHeX.Core/Legality/Encounters/Generator/EncounterGenerator.cs,legality_encounters_evolution,reimplement_rules_and_tests,high,"encounters, evolution, learnsets, RNG, form legality, transfer restrictions",8ad201e80244f630ab5a46922ab72fb79c5ad4f4
PKHeX.Core/Legality/Encounters/Generator/EncounterMutation.cs,legality_encounters_evolution,reimplement_rules_and_tests,high,"encounters, evolution, learnsets, RNG, form legality, transfer restrictions",8ad201e80244f630ab5a46922ab72fb79c5ad4f4
PKHeX.Core/Legality/Encounters/Generator/Moveset/EncounterMovesetGenerator.cs,legality_encounters_evolution,reimplement_rules_and_tests,high,"encounters, evolution, learnsets, RNG, form legality, transfer restrictions",8ad201e80244f630ab5a46922ab72fb79c5ad4f4
PKHeX.Core/Legality/Encounters/Generator/Moveset/EncounterTypeGroup.cs,legality_encounters_evolution,reimplement_rules_and_tests,high,"encounters, evolution, learnsets, RNG, form legality, transfer restrictions",8ad201e80244f630ab5a46922ab72fb79c5ad4f4
PKHeX.Core/Legality/Encounters/Generator/PeekEnumerator.cs,legality_encounters_evolution,reimplement_rules_and_tests,high,"encounters, evolution, learnsets, RNG, form legality, transfer restrictions",8ad201e80244f630ab5a46922ab72fb79c5ad4f4
PKHeX.Core/Legality/Encounters/Generator/Possible/EncounterPossible1.cs,legality_encounters_evolution,reimplement_rules_and_tests,high,"encounters, evolution, learnsets, RNG, form legality, transfer restrictions",8ad201e80244f630ab5a46922ab72fb79c5ad4f4
PKHeX.Core/Legality/Encounters/Generator/Possible/EncounterPossible2.cs,legality_encounters_evolution,reimplement_rules_and_tests,high,"encounters, evolution, learnsets, RNG, form legality, transfer restrictions",8ad201e80244f630ab5a46922ab72fb79c5ad4f4
PKHeX.Core/Legality/Encounters/Generator/Possible/EncounterPossible3.cs,legality_encounters_evolution,reimplement_rules_and_tests,high,"encounters, evolution, learnsets, RNG, form legality, transfer restrictions",8ad201e80244f630ab5a46922ab72fb79c5ad4f4
PKHeX.Core/Legality/Encounters/Generator/Possible/EncounterPossible3GC.cs,legality_encounters_evolution,reimplement_rules_and_tests,high,"encounters, evolution, learnsets, RNG, form legality, transfer restrictions",8ad201e80244f630ab5a46922ab72fb79c5ad4f4
PKHeX.Core/Legality/Encounters/Generator/Possible/EncounterPossible4.cs,legality_encounters_evolution,reimplement_rules_and_tests,high,"encounters, evolution, learnsets, RNG, form legality, transfer restrictions",8ad201e80244f630ab5a46922ab72fb79c5ad4f4
PKHeX.Core/Legality/Encounters/Generator/Possible/EncounterPossible5.cs,legality_encounters_evolution,reimplement_rules_and_tests,high,"encounters, evolution, learnsets, RNG, form legality, transfer restrictions",8ad201e80244f630ab5a46922ab72fb79c5ad4f4
PKHeX.Core/Legality/Encounters/Generator/Possible/EncounterPossible6.cs,legality_encounters_evolution,reimplement_rules_and_tests,high,"encounters, evolution, learnsets, RNG, form legality, transfer restrictions",8ad201e80244f630ab5a46922ab72fb79c5ad4f4
PKHeX.Core/Legality/Encounters/Generator/Possible/EncounterPossible7.cs,legality_encounters_evolution,reimplement_rules_and_tests,high,"encounters, evolution, learnsets, RNG, form legality, transfer restrictions",8ad201e80244f630ab5a46922ab72fb79c5ad4f4
PKHeX.Core/Legality/Encounters/Generator/Possible/EncounterPossible7GG.cs,legality_encounters_evolution,reimplement_rules_and_tests,high,"encounters, evolution, learnsets, RNG, form legality, transfer restrictions",8ad201e80244f630ab5a46922ab72fb79c5ad4f4
PKHeX.Core/Legality/Encounters/Generator/Possible/EncounterPossible7GO.cs,legality_encounters_evolution,reimplement_rules_and_tests,high,"encounters, evolution, learnsets, RNG, form legality, transfer restrictions",8ad201e80244f630ab5a46922ab72fb79c5ad4f4
PKHeX.Core/Legality/Encounters/Generator/Possible/EncounterPossible8.cs,legality_encounters_evolution,reimplement_rules_and_tests,high,"encounters, evolution, learnsets, RNG, form legality, transfer restrictions",8ad201e80244f630ab5a46922ab72fb79c5ad4f4
PKHeX.Core/Legality/Encounters/Generator/Possible/EncounterPossible8a.cs,legality_encounters_evolution,reimplement_rules_and_tests,high,"encounters, evolution, learnsets, RNG, form legality, transfer restrictions",8ad201e80244f630ab5a46922ab72fb79c5ad4f4
PKHeX.Core/Legality/Encounters/Generator/Possible/EncounterPossible8b.cs,legality_encounters_evolution,reimplement_rules_and_tests,high,"encounters, evolution, learnsets, RNG, form legality, transfer restrictions",8ad201e80244f630ab5a46922ab72fb79c5ad4f4
PKHeX.Core/Legality/Encounters/Generator/Possible/EncounterPossible8GO.cs,legality_encounters_evolution,reimplement_rules_and_tests,high,"encounters, evolution, learnsets, RNG, form legality, transfer restrictions",8ad201e80244f630ab5a46922ab72fb79c5ad4f4
PKHeX.Core/Legality/Encounters/Generator/Possible/EncounterPossible9.cs,legality_encounters_evolution,reimplement_rules_and_tests,high,"encounters, evolution, learnsets, RNG, form legality, transfer restrictions",8ad201e80244f630ab5a46922ab72fb79c5ad4f4
PKHeX.Core/Legality/Encounters/Generator/Possible/EncounterPossible9a.cs,legality_encounters_evolution,reimplement_rules_and_tests,high,"encounters, evolution, learnsets, RNG, form legality, transfer restrictions",8ad201e80244f630ab5a46922ab72fb79c5ad4f4
PKHeX.Core/Legality/Encounters/Generator/Search/Dirtied/EncounterEnumerator8bSWSH.cs,legality_encounters_evolution,reimplement_rules_and_tests,high,"encounters, evolution, learnsets, RNG, form legality, transfer restrictions",8ad201e80244f630ab5a46922ab72fb79c5ad4f4
PKHeX.Core/Legality/Encounters/Generator/Search/Dirtied/EncounterEnumerator9SWSH.cs,legality_encounters_evolution,reimplement_rules_and_tests,high,"encounters, evolution, learnsets, RNG, form legality, transfer restrictions",8ad201e80244f630ab5a46922ab72fb79c5ad4f4
PKHeX.Core/Legality/Encounters/Generator/Search/EncounterEnumerator1.cs,legality_encounters_evolution,reimplement_rules_and_tests,high,"encounters, evolution, learnsets, RNG, form legality, transfer restrictions",8ad201e80244f630ab5a46922ab72fb79c5ad4f4
PKHeX.Core/Legality/Encounters/Generator/Search/EncounterEnumerator2.cs,legality_encounters_evolution,reimplement_rules_and_tests,high,"encounters, evolution, learnsets, RNG, form legality, transfer restrictions",8ad201e80244f630ab5a46922ab72fb79c5ad4f4
PKHeX.Core/Legality/Encounters/Generator/Search/EncounterEnumerator3.cs,legality_encounters_evolution,reimplement_rules_and_tests,high,"encounters, evolution, learnsets, RNG, form legality, transfer restrictions",8ad201e80244f630ab5a46922ab72fb79c5ad4f4
PKHeX.Core/Legality/Encounters/Generator/Search/EncounterEnumerator3GC.cs,legality_encounters_evolution,reimplement_rules_and_tests,high,"encounters, evolution, learnsets, RNG, form legality, transfer restrictions",8ad201e80244f630ab5a46922ab72fb79c5ad4f4
PKHeX.Core/Legality/Encounters/Generator/Search/EncounterEnumerator4.cs,legality_encounters_evolution,reimplement_rules_and_tests,high,"encounters, evolution, learnsets, RNG, form legality, transfer restrictions",8ad201e80244f630ab5a46922ab72fb79c5ad4f4
PKHeX.Core/Legality/Encounters/Generator/Search/EncounterEnumerator5.cs,legality_encounters_evolution,reimplement_rules_and_tests,high,"encounters, evolution, learnsets, RNG, form legality, transfer restrictions",8ad201e80244f630ab5a46922ab72fb79c5ad4f4
PKHeX.Core/Legality/Encounters/Generator/Search/EncounterEnumerator6.cs,legality_encounters_evolution,reimplement_rules_and_tests,high,"encounters, evolution, learnsets, RNG, form legality, transfer restrictions",8ad201e80244f630ab5a46922ab72fb79c5ad4f4
PKHeX.Core/Legality/Encounters/Generator/Search/EncounterEnumerator7.cs,legality_encounters_evolution,reimplement_rules_and_tests,high,"encounters, evolution, learnsets, RNG, form legality, transfer restrictions",8ad201e80244f630ab5a46922ab72fb79c5ad4f4
PKHeX.Core/Legality/Encounters/Generator/Search/EncounterEnumerator7GG.cs,legality_encounters_evolution,reimplement_rules_and_tests,high,"encounters, evolution, learnsets, RNG, form legality, transfer restrictions",8ad201e80244f630ab5a46922ab72fb79c5ad4f4
PKHeX.Core/Legality/Encounters/Generator/Search/EncounterEnumerator7GO.cs,legality_encounters_evolution,reimplement_rules_and_tests,high,"encounters, evolution, learnsets, RNG, form legality, transfer restrictions",8ad201e80244f630ab5a46922ab72fb79c5ad4f4
PKHeX.Core/Legality/Encounters/Generator/Search/EncounterEnumerator8.cs,legality_encounters_evolution,reimplement_rules_and_tests,high,"encounters, evolution, learnsets, RNG, form legality, transfer restrictions",8ad201e80244f630ab5a46922ab72fb79c5ad4f4
PKHeX.Core/Legality/Encounters/Generator/Search/EncounterEnumerator8a.cs,legality_encounters_evolution,reimplement_rules_and_tests,high,"encounters, evolution, learnsets, RNG, form legality, transfer restrictions",8ad201e80244f630ab5a46922ab72fb79c5ad4f4
PKHeX.Core/Legality/Encounters/Generator/Search/EncounterEnumerator8b.cs,legality_encounters_evolution,reimplement_rules_and_tests,high,"encounters, evolution, learnsets, RNG, form legality, transfer restrictions",8ad201e80244f630ab5a46922ab72fb79c5ad4f4
PKHeX.Core/Legality/Encounters/Generator/Search/EncounterEnumerator8GO.cs,legality_encounters_evolution,reimplement_rules_and_tests,high,"encounters, evolution, learnsets, RNG, form legality, transfer restrictions",8ad201e80244f630ab5a46922ab72fb79c5ad4f4
PKHeX.Core/Legality/Encounters/Generator/Search/EncounterEnumerator9.cs,legality_encounters_evolution,reimplement_rules_and_tests,high,"encounters, evolution, learnsets, RNG, form legality, transfer restrictions",8ad201e80244f630ab5a46922ab72fb79c5ad4f4
PKHeX.Core/Legality/Encounters/Generator/Search/EncounterEnumerator9a.cs,legality_encounters_evolution,reimplement_rules_and_tests,high,"encounters, evolution, learnsets, RNG, form legality, transfer restrictions",8ad201e80244f630ab5a46922ab72fb79c5ad4f4
PKHeX.Core/Legality/Encounters/Generator/Search/MatchedEncounter.cs,legality_encounters_evolution,reimplement_rules_and_tests,high,"encounters, evolution, learnsets, RNG, form legality, transfer restrictions",8ad201e80244f630ab5a46922ab72fb79c5ad4f4
PKHeX.Core/Legality/Encounters/Information/EncounterDate.cs,legality_encounters_evolution,reimplement_rules_and_tests,high,"encounters, evolution, learnsets, RNG, form legality, transfer restrictions",8ad201e80244f630ab5a46922ab72fb79c5ad4f4
PKHeX.Core/Legality/Encounters/Information/EncounterLearn.cs,legality_encounters_evolution,reimplement_rules_and_tests,high,"encounters, evolution, learnsets, RNG, form legality, transfer restrictions",8ad201e80244f630ab5a46922ab72fb79c5ad4f4
PKHeX.Core/Legality/Encounters/Information/EncounterSuggestion.cs,legality_encounters_evolution,reimplement_rules_and_tests,high,"encounters, evolution, learnsets, RNG, form legality, transfer restrictions",8ad201e80244f630ab5a46922ab72fb79c5ad4f4
PKHeX.Core/Legality/Encounters/Information/EncounterSuggestionData.cs,legality_encounters_evolution,reimplement_rules_and_tests,high,"encounters, evolution, learnsets, RNG, form legality, transfer restrictions",8ad201e80244f630ab5a46922ab72fb79c5ad4f4
PKHeX.Core/Legality/Encounters/Information/EncounterSummary.cs,legality_encounters_evolution,reimplement_rules_and_tests,high,"encounters, evolution, learnsets, RNG, form legality, transfer restrictions",8ad201e80244f630ab5a46922ab72fb79c5ad4f4
PKHeX.Core/Legality/Encounters/Information/EncounterText.cs,legality_encounters_evolution,reimplement_rules_and_tests,high,"encounters, evolution, learnsets, RNG, form legality, transfer restrictions",8ad201e80244f630ab5a46922ab72fb79c5ad4f4
PKHeX.Core/Legality/Encounters/Templates/Enums/AbilityPermission.cs,legality_encounters_evolution,reimplement_rules_and_tests,high,"encounters, evolution, learnsets, RNG, form legality, transfer restrictions",8ad201e80244f630ab5a46922ab72fb79c5ad4f4
PKHeX.Core/Legality/Encounters/Templates/Enums/EncounterMatchRating.cs,legality_encounters_evolution,reimplement_rules_and_tests,high,"encounters, evolution, learnsets, RNG, form legality, transfer restrictions",8ad201e80244f630ab5a46922ab72fb79c5ad4f4
PKHeX.Core/Legality/Encounters/Templates/Enums/HiddenAbilityPermission.cs,legality_encounters_evolution,reimplement_rules_and_tests,high,"encounters, evolution, learnsets, RNG, form legality, transfer restrictions",8ad201e80244f630ab5a46922ab72fb79c5ad4f4
PKHeX.Core/Legality/Encounters/Templates/Enums/Shiny.cs,legality_encounters_evolution,reimplement_rules_and_tests,high,"encounters, evolution, learnsets, RNG, form legality, transfer restrictions",8ad201e80244f630ab5a46922ab72fb79c5ad4f4
PKHeX.Core/Legality/Encounters/Templates/Gen1/EncounterArea1.cs,legality_encounters_evolution,reimplement_rules_and_tests,high,"encounters, evolution, learnsets, RNG, form legality, transfer restrictions",8ad201e80244f630ab5a46922ab72fb79c5ad4f4
PKHeX.Core/Legality/Encounters/Templates/Gen1/EncounterGift1.cs,legality_encounters_evolution,reimplement_rules_and_tests,high,"encounters, evolution, learnsets, RNG, form legality, transfer restrictions",8ad201e80244f630ab5a46922ab72fb79c5ad4f4
PKHeX.Core/Legality/Encounters/Templates/Gen1/EncounterSlot1.cs,legality_encounters_evolution,reimplement_rules_and_tests,high,"encounters, evolution, learnsets, RNG, form legality, transfer restrictions",8ad201e80244f630ab5a46922ab72fb79c5ad4f4
PKHeX.Core/Legality/Encounters/Templates/Gen1/EncounterStatic1.cs,legality_encounters_evolution,reimplement_rules_and_tests,high,"encounters, evolution, learnsets, RNG, form legality, transfer restrictions",8ad201e80244f630ab5a46922ab72fb79c5ad4f4
PKHeX.Core/Legality/Encounters/Templates/Gen1/EncounterTrade1.cs,legality_encounters_evolution,reimplement_rules_and_tests,high,"encounters, evolution, learnsets, RNG, form legality, transfer restrictions",8ad201e80244f630ab5a46922ab72fb79c5ad4f4
PKHeX.Core/Legality/Encounters/Templates/Gen2/EncounterArea2.cs,legality_encounters_evolution,reimplement_rules_and_tests,high,"encounters, evolution, learnsets, RNG, form legality, transfer restrictions",8ad201e80244f630ab5a46922ab72fb79c5ad4f4
PKHeX.Core/Legality/Encounters/Templates/Gen2/EncounterEgg2.cs,legality_encounters_evolution,reimplement_rules_and_tests,high,"encounters, evolution, learnsets, RNG, form legality, transfer restrictions",8ad201e80244f630ab5a46922ab72fb79c5ad4f4
PKHeX.Core/Legality/Encounters/Templates/Gen2/EncounterGift2.cs,legality_encounters_evolution,reimplement_rules_and_tests,high,"encounters, evolution, learnsets, RNG, form legality, transfer restrictions",8ad201e80244f630ab5a46922ab72fb79c5ad4f4
PKHeX.Core/Legality/Encounters/Templates/Gen2/EncounterSlot2.cs,legality_encounters_evolution,reimplement_rules_and_tests,high,"encounters, evolution, learnsets, RNG, form legality, transfer restrictions",8ad201e80244f630ab5a46922ab72fb79c5ad4f4
PKHeX.Core/Legality/Encounters/Templates/Gen2/EncounterStatic2.cs,legality_encounters_evolution,reimplement_rules_and_tests,high,"encounters, evolution, learnsets, RNG, form legality, transfer restrictions",8ad201e80244f630ab5a46922ab72fb79c5ad4f4
PKHeX.Core/Legality/Encounters/Templates/Gen2/EncounterTime.cs,legality_encounters_evolution,reimplement_rules_and_tests,high,"encounters, evolution, learnsets, RNG, form legality, transfer restrictions",8ad201e80244f630ab5a46922ab72fb79c5ad4f4
PKHeX.Core/Legality/Encounters/Templates/Gen2/EncounterTrade2.cs,legality_encounters_evolution,reimplement_rules_and_tests,high,"encounters, evolution, learnsets, RNG, form legality, transfer restrictions",8ad201e80244f630ab5a46922ab72fb79c5ad4f4
PKHeX.Core/Legality/Encounters/Templates/Gen3/Colo/EncounterGift3Colo.cs,legality_encounters_evolution,reimplement_rules_and_tests,high,"encounters, evolution, learnsets, RNG, form legality, transfer restrictions",8ad201e80244f630ab5a46922ab72fb79c5ad4f4
PKHeX.Core/Legality/Encounters/Templates/Gen3/Colo/EncounterShadow3Colo.cs,legality_encounters_evolution,reimplement_rules_and_tests,high,"encounters, evolution, learnsets, RNG, form legality, transfer restrictions",8ad201e80244f630ab5a46922ab72fb79c5ad4f4
PKHeX.Core/Legality/Encounters/Templates/Gen3/Colo/EncounterStarter3Colo.cs,legality_encounters_evolution,reimplement_rules_and_tests,high,"encounters, evolution, learnsets, RNG, form legality, transfer restrictions",8ad201e80244f630ab5a46922ab72fb79c5ad4f4
PKHeX.Core/Legality/Encounters/Templates/Gen3/Colo/IShadow3.cs,legality_encounters_evolution,reimplement_rules_and_tests,high,"encounters, evolution, learnsets, RNG, form legality, transfer restrictions",8ad201e80244f630ab5a46922ab72fb79c5ad4f4
PKHeX.Core/Legality/Encounters/Templates/Gen3/EncounterArea3.cs,legality_encounters_evolution,reimplement_rules_and_tests,high,"encounters, evolution, learnsets, RNG, form legality, transfer restrictions",8ad201e80244f630ab5a46922ab72fb79c5ad4f4
PKHeX.Core/Legality/Encounters/Templates/Gen3/EncounterEgg3.cs,legality_encounters_evolution,reimplement_rules_and_tests,high,"encounters, evolution, learnsets, RNG, form legality, transfer restrictions",8ad201e80244f630ab5a46922ab72fb79c5ad4f4
PKHeX.Core/Legality/Encounters/Templates/Gen3/EncounterSlot3.cs,legality_encounters_evolution,reimplement_rules_and_tests,high,"encounters, evolution, learnsets, RNG, form legality, transfer restrictions",8ad201e80244f630ab5a46922ab72fb79c5ad4f4
PKHeX.Core/Legality/Encounters/Templates/Gen3/EncounterSlot3Swarm.cs,legality_encounters_evolution,reimplement_rules_and_tests,high,"encounters, evolution, learnsets, RNG, form legality, transfer restrictions",8ad201e80244f630ab5a46922ab72fb79c5ad4f4
PKHeX.Core/Legality/Encounters/Templates/Gen3/EncounterStatic3.cs,legality_encounters_evolution,reimplement_rules_and_tests,high,"encounters, evolution, learnsets, RNG, form legality, transfer restrictions",8ad201e80244f630ab5a46922ab72fb79c5ad4f4
PKHeX.Core/Legality/Encounters/Templates/Gen3/EncounterTrade3.cs,legality_encounters_evolution,reimplement_rules_and_tests,high,"encounters, evolution, learnsets, RNG, form legality, transfer restrictions",8ad201e80244f630ab5a46922ab72fb79c5ad4f4
PKHeX.Core/Legality/Encounters/Templates/Gen3/Gifts/Distribution3JPN.cs,legality_encounters_evolution,reimplement_rules_and_tests,high,"encounters, evolution, learnsets, RNG, form legality, transfer restrictions",8ad201e80244f630ab5a46922ab72fb79c5ad4f4
PKHeX.Core/Legality/Encounters/Templates/Gen3/Gifts/Distribution3NY.cs,legality_encounters_evolution,reimplement_rules_and_tests,high,"encounters, evolution, learnsets, RNG, form legality, transfer restrictions",8ad201e80244f630ab5a46922ab72fb79c5ad4f4
PKHeX.Core/Legality/Encounters/Templates/Gen3/Gifts/EncounterGift3.cs,legality_encounters_evolution,reimplement_rules_and_tests,high,"encounters, evolution, learnsets, RNG, form legality, transfer restrictions",8ad201e80244f630ab5a46922ab72fb79c5ad4f4
PKHeX.Core/Legality/Encounters/Templates/Gen3/Gifts/EncounterGift3JPN.cs,legality_encounters_evolution,reimplement_rules_and_tests,high,"encounters, evolution, learnsets, RNG, form legality, transfer restrictions",8ad201e80244f630ab5a46922ab72fb79c5ad4f4
PKHeX.Core/Legality/Encounters/Templates/Gen3/Gifts/EncounterGift3NY.cs,legality_encounters_evolution,reimplement_rules_and_tests,high,"encounters, evolution, learnsets, RNG, form legality, transfer restrictions",8ad201e80244f630ab5a46922ab72fb79c5ad4f4
PKHeX.Core/Legality/Encounters/Templates/Gen3/XD/EncounterArea3XD.cs,legality_encounters_evolution,reimplement_rules_and_tests,high,"encounters, evolution, learnsets, RNG, form legality, transfer restrictions",8ad201e80244f630ab5a46922ab72fb79c5ad4f4
PKHeX.Core/Legality/Encounters/Templates/Gen3/XD/EncounterShadow3XD.cs,legality_encounters_evolution,reimplement_rules_and_tests,high,"encounters, evolution, learnsets, RNG, form legality, transfer restrictions",8ad201e80244f630ab5a46922ab72fb79c5ad4f4
PKHeX.Core/Legality/Encounters/Templates/Gen3/XD/EncounterSlot3XD.cs,legality_encounters_evolution,reimplement_rules_and_tests,high,"encounters, evolution, learnsets, RNG, form legality, transfer restrictions",8ad201e80244f630ab5a46922ab72fb79c5ad4f4
PKHeX.Core/Legality/Encounters/Templates/Gen3/XD/EncounterStatic3XD.cs,legality_encounters_evolution,reimplement_rules_and_tests,high,"encounters, evolution, learnsets, RNG, form legality, transfer restrictions",8ad201e80244f630ab5a46922ab72fb79c5ad4f4
PKHeX.Core/Legality/Encounters/Templates/Gen3/XD/EncounterTrade3XD.cs,legality_encounters_evolution,reimplement_rules_and_tests,high,"encounters, evolution, learnsets, RNG, form legality, transfer restrictions",8ad201e80244f630ab5a46922ab72fb79c5ad4f4
PKHeX.Core/Legality/Encounters/Templates/Gen4/EncounterArea4.cs,legality_encounters_evolution,reimplement_rules_and_tests,high,"encounters, evolution, learnsets, RNG, form legality, transfer restrictions",8ad201e80244f630ab5a46922ab72fb79c5ad4f4
PKHeX.Core/Legality/Encounters/Templates/Gen4/EncounterEgg4.cs,legality_encounters_evolution,reimplement_rules_and_tests,high,"encounters, evolution, learnsets, RNG, form legality, transfer restrictions",8ad201e80244f630ab5a46922ab72fb79c5ad4f4
PKHeX.Core/Legality/Encounters/Templates/Gen4/EncounterSlot4.cs,legality_encounters_evolution,reimplement_rules_and_tests,high,"encounters, evolution, learnsets, RNG, form legality, transfer restrictions",8ad201e80244f630ab5a46922ab72fb79c5ad4f4
PKHeX.Core/Legality/Encounters/Templates/Gen4/EncounterStatic4.cs,legality_encounters_evolution,reimplement_rules_and_tests,high,"encounters, evolution, learnsets, RNG, form legality, transfer restrictions",8ad201e80244f630ab5a46922ab72fb79c5ad4f4
PKHeX.Core/Legality/Encounters/Templates/Gen4/EncounterStatic4Pokewalker.cs,legality_encounters_evolution,reimplement_rules_and_tests,high,"encounters, evolution, learnsets, RNG, form legality, transfer restrictions",8ad201e80244f630ab5a46922ab72fb79c5ad4f4
PKHeX.Core/Legality/Encounters/Templates/Gen4/EncounterTrade4PID.cs,legality_encounters_evolution,reimplement_rules_and_tests,high,"encounters, evolution, learnsets, RNG, form legality, transfer restrictions",8ad201e80244f630ab5a46922ab72fb79c5ad4f4
PKHeX.Core/Legality/Encounters/Templates/Gen4/EncounterTrade4RanchGift.cs,legality_encounters_evolution,reimplement_rules_and_tests,high,"encounters, evolution, learnsets, RNG, form legality, transfer restrictions",8ad201e80244f630ab5a46922ab72fb79c5ad4f4
PKHeX.Core/Legality/Encounters/Templates/Gen4/GroundTileAllowed.cs,legality_encounters_evolution,reimplement_rules_and_tests,high,"encounters, evolution, learnsets, RNG, form legality, transfer restrictions",8ad201e80244f630ab5a46922ab72fb79c5ad4f4
PKHeX.Core/Legality/Encounters/Templates/Gen4/IGroundTypeTile.cs,legality_encounters_evolution,reimplement_rules_and_tests,high,"encounters, evolution, learnsets, RNG, form legality, transfer restrictions",8ad201e80244f630ab5a46922ab72fb79c5ad4f4
PKHeX.Core/Legality/Encounters/Templates/Gen4/PokewalkerCourse4.cs,legality_encounters_evolution,reimplement_rules_and_tests,high,"encounters, evolution, learnsets, RNG, form legality, transfer restrictions",8ad201e80244f630ab5a46922ab72fb79c5ad4f4
PKHeX.Core/Legality/Encounters/Templates/Gen5/DreamWorldEntry.cs,legality_encounters_evolution,reimplement_rules_and_tests,high,"encounters, evolution, learnsets, RNG, form legality, transfer restrictions",8ad201e80244f630ab5a46922ab72fb79c5ad4f4
PKHeX.Core/Legality/Encounters/Templates/Gen5/EncounterArea5.cs,legality_encounters_evolution,reimplement_rules_and_tests,high,"encounters, evolution, learnsets, RNG, form legality, transfer restrictions",8ad201e80244f630ab5a46922ab72fb79c5ad4f4
PKHeX.Core/Legality/Encounters/Templates/Gen5/EncounterEgg5.cs,legality_encounters_evolution,reimplement_rules_and_tests,high,"encounters, evolution, learnsets, RNG, form legality, transfer restrictions",8ad201e80244f630ab5a46922ab72fb79c5ad4f4
PKHeX.Core/Legality/Encounters/Templates/Gen5/EncounterSlot5.cs,legality_encounters_evolution,reimplement_rules_and_tests,high,"encounters, evolution, learnsets, RNG, form legality, transfer restrictions",8ad201e80244f630ab5a46922ab72fb79c5ad4f4
PKHeX.Core/Legality/Encounters/Templates/Gen5/EncounterStatic5.cs,legality_encounters_evolution,reimplement_rules_and_tests,high,"encounters, evolution, learnsets, RNG, form legality, transfer restrictions",8ad201e80244f630ab5a46922ab72fb79c5ad4f4
PKHeX.Core/Legality/Encounters/Templates/Gen5/EncounterStatic5Entree.cs,legality_encounters_evolution,reimplement_rules_and_tests,high,"encounters, evolution, learnsets, RNG, form legality, transfer restrictions",8ad201e80244f630ab5a46922ab72fb79c5ad4f4
PKHeX.Core/Legality/Encounters/Templates/Gen5/EncounterStatic5N.cs,legality_encounters_evolution,reimplement_rules_and_tests,high,"encounters, evolution, learnsets, RNG, form legality, transfer restrictions",8ad201e80244f630ab5a46922ab72fb79c5ad4f4
PKHeX.Core/Legality/Encounters/Templates/Gen5/EncounterStatic5Radar.cs,legality_encounters_evolution,reimplement_rules_and_tests,high,"encounters, evolution, learnsets, RNG, form legality, transfer restrictions",8ad201e80244f630ab5a46922ab72fb79c5ad4f4
PKHeX.Core/Legality/Encounters/Templates/Gen5/EncounterTrade5B2W2.cs,legality_encounters_evolution,reimplement_rules_and_tests,high,"encounters, evolution, learnsets, RNG, form legality, transfer restrictions",8ad201e80244f630ab5a46922ab72fb79c5ad4f4
PKHeX.Core/Legality/Encounters/Templates/Gen5/EncounterTrade5BW.cs,legality_encounters_evolution,reimplement_rules_and_tests,high,"encounters, evolution, learnsets, RNG, form legality, transfer restrictions",8ad201e80244f630ab5a46922ab72fb79c5ad4f4
PKHeX.Core/Legality/Encounters/Templates/Gen5/GlobalLinkPromotion.cs,legality_encounters_evolution,reimplement_rules_and_tests,high,"encounters, evolution, learnsets, RNG, form legality, transfer restrictions",8ad201e80244f630ab5a46922ab72fb79c5ad4f4
PKHeX.Core/Legality/Encounters/Templates/Gen6/EncounterArea6AO.cs,legality_encounters_evolution,reimplement_rules_and_tests,high,"encounters, evolution, learnsets, RNG, form legality, transfer restrictions",8ad201e80244f630ab5a46922ab72fb79c5ad4f4
PKHeX.Core/Legality/Encounters/Templates/Gen6/EncounterArea6XY.cs,legality_encounters_evolution,reimplement_rules_and_tests,high,"encounters, evolution, learnsets, RNG, form legality, transfer restrictions",8ad201e80244f630ab5a46922ab72fb79c5ad4f4
PKHeX.Core/Legality/Encounters/Templates/Gen6/EncounterEgg6.cs,legality_encounters_evolution,reimplement_rules_and_tests,high,"encounters, evolution, learnsets, RNG, form legality, transfer restrictions",8ad201e80244f630ab5a46922ab72fb79c5ad4f4
PKHeX.Core/Legality/Encounters/Templates/Gen6/EncounterSlot6AO.cs,legality_encounters_evolution,reimplement_rules_and_tests,high,"encounters, evolution, learnsets, RNG, form legality, transfer restrictions",8ad201e80244f630ab5a46922ab72fb79c5ad4f4
PKHeX.Core/Legality/Encounters/Templates/Gen6/EncounterSlot6XY.cs,legality_encounters_evolution,reimplement_rules_and_tests,high,"encounters, evolution, learnsets, RNG, form legality, transfer restrictions",8ad201e80244f630ab5a46922ab72fb79c5ad4f4
PKHeX.Core/Legality/Encounters/Templates/Gen6/EncounterStatic6.cs,legality_encounters_evolution,reimplement_rules_and_tests,high,"encounters, evolution, learnsets, RNG, form legality, transfer restrictions",8ad201e80244f630ab5a46922ab72fb79c5ad4f4
PKHeX.Core/Legality/Encounters/Templates/Gen6/EncounterTrade6.cs,legality_encounters_evolution,reimplement_rules_and_tests,high,"encounters, evolution, learnsets, RNG, form legality, transfer restrictions",8ad201e80244f630ab5a46922ab72fb79c5ad4f4
PKHeX.Core/Legality/Encounters/Templates/Gen7/EncounterArea7.cs,legality_encounters_evolution,reimplement_rules_and_tests,high,"encounters, evolution, learnsets, RNG, form legality, transfer restrictions",8ad201e80244f630ab5a46922ab72fb79c5ad4f4
PKHeX.Core/Legality/Encounters/Templates/Gen7/EncounterEgg7.cs,legality_encounters_evolution,reimplement_rules_and_tests,high,"encounters, evolution, learnsets, RNG, form legality, transfer restrictions",8ad201e80244f630ab5a46922ab72fb79c5ad4f4
PKHeX.Core/Legality/Encounters/Templates/Gen7/EncounterSlot7.cs,legality_encounters_evolution,reimplement_rules_and_tests,high,"encounters, evolution, learnsets, RNG, form legality, transfer restrictions",8ad201e80244f630ab5a46922ab72fb79c5ad4f4
PKHeX.Core/Legality/Encounters/Templates/Gen7/EncounterStatic7.cs,legality_encounters_evolution,reimplement_rules_and_tests,high,"encounters, evolution, learnsets, RNG, form legality, transfer restrictions",8ad201e80244f630ab5a46922ab72fb79c5ad4f4
PKHeX.Core/Legality/Encounters/Templates/Gen7/EncounterTrade7.cs,legality_encounters_evolution,reimplement_rules_and_tests,high,"encounters, evolution, learnsets, RNG, form legality, transfer restrictions",8ad201e80244f630ab5a46922ab72fb79c5ad4f4
PKHeX.Core/Legality/Encounters/Templates/Gen7/EncounterTransfer7.cs,legality_encounters_evolution,reimplement_rules_and_tests,high,"encounters, evolution, learnsets, RNG, form legality, transfer restrictions",8ad201e80244f630ab5a46922ab72fb79c5ad4f4
PKHeX.Core/Legality/Encounters/Templates/Gen7b/EncounterArea7b.cs,legality_encounters_evolution,reimplement_rules_and_tests,high,"encounters, evolution, learnsets, RNG, form legality, transfer restrictions",8ad201e80244f630ab5a46922ab72fb79c5ad4f4
PKHeX.Core/Legality/Encounters/Templates/Gen7b/EncounterSlot7b.cs,legality_encounters_evolution,reimplement_rules_and_tests,high,"encounters, evolution, learnsets, RNG, form legality, transfer restrictions",8ad201e80244f630ab5a46922ab72fb79c5ad4f4
PKHeX.Core/Legality/Encounters/Templates/Gen7b/EncounterStatic7b.cs,legality_encounters_evolution,reimplement_rules_and_tests,high,"encounters, evolution, learnsets, RNG, form legality, transfer restrictions",8ad201e80244f630ab5a46922ab72fb79c5ad4f4
PKHeX.Core/Legality/Encounters/Templates/Gen7b/EncounterTrade7b.cs,legality_encounters_evolution,reimplement_rules_and_tests,high,"encounters, evolution, learnsets, RNG, form legality, transfer restrictions",8ad201e80244f630ab5a46922ab72fb79c5ad4f4
PKHeX.Core/Legality/Encounters/Templates/Gen8/AreaWeather8.cs,legality_encounters_evolution,reimplement_rules_and_tests,high,"encounters, evolution, learnsets, RNG, form legality, transfer restrictions",8ad201e80244f630ab5a46922ab72fb79c5ad4f4
PKHeX.Core/Legality/Encounters/Templates/Gen8/Crossover8.cs,legality_encounters_evolution,reimplement_rules_and_tests,high,"encounters, evolution, learnsets, RNG, form legality, transfer restrictions",8ad201e80244f630ab5a46922ab72fb79c5ad4f4
PKHeX.Core/Legality/Encounters/Templates/Gen8/EncounterArea8.cs,legality_encounters_evolution,reimplement_rules_and_tests,high,"encounters, evolution, learnsets, RNG, form legality, transfer restrictions",8ad201e80244f630ab5a46922ab72fb79c5ad4f4
PKHeX.Core/Legality/Encounters/Templates/Gen8/EncounterEgg8.cs,legality_encounters_evolution,reimplement_rules_and_tests,high,"encounters, evolution, learnsets, RNG, form legality, transfer restrictions",8ad201e80244f630ab5a46922ab72fb79c5ad4f4
PKHeX.Core/Legality/Encounters/Templates/Gen8/EncounterSlot8.cs,legality_encounters_evolution,reimplement_rules_and_tests,high,"encounters, evolution, learnsets, RNG, form legality, transfer restrictions",8ad201e80244f630ab5a46922ab72fb79c5ad4f4
PKHeX.Core/Legality/Encounters/Templates/Gen8/EncounterStatic8.cs,legality_encounters_evolution,reimplement_rules_and_tests,high,"encounters, evolution, learnsets, RNG, form legality, transfer restrictions",8ad201e80244f630ab5a46922ab72fb79c5ad4f4
PKHeX.Core/Legality/Encounters/Templates/Gen8/EncounterStatic8N.cs,legality_encounters_evolution,reimplement_rules_and_tests,high,"encounters, evolution, learnsets, RNG, form legality, transfer restrictions",8ad201e80244f630ab5a46922ab72fb79c5ad4f4
PKHeX.Core/Legality/Encounters/Templates/Gen8/EncounterStatic8NC.cs,legality_encounters_evolution,reimplement_rules_and_tests,high,"encounters, evolution, learnsets, RNG, form legality, transfer restrictions",8ad201e80244f630ab5a46922ab72fb79c5ad4f4
PKHeX.Core/Legality/Encounters/Templates/Gen8/EncounterStatic8ND.cs,legality_encounters_evolution,reimplement_rules_and_tests,high,"encounters, evolution, learnsets, RNG, form legality, transfer restrictions",8ad201e80244f630ab5a46922ab72fb79c5ad4f4
PKHeX.Core/Legality/Encounters/Templates/Gen8/EncounterStatic8Nest.cs,legality_encounters_evolution,reimplement_rules_and_tests,high,"encounters, evolution, learnsets, RNG, form legality, transfer restrictions",8ad201e80244f630ab5a46922ab72fb79c5ad4f4
PKHeX.Core/Legality/Encounters/Templates/Gen8/EncounterStatic8U.cs,legality_encounters_evolution,reimplement_rules_and_tests,high,"encounters, evolution, learnsets, RNG, form legality, transfer restrictions",8ad201e80244f630ab5a46922ab72fb79c5ad4f4
PKHeX.Core/Legality/Encounters/Templates/Gen8/EncounterTrade8.cs,legality_encounters_evolution,reimplement_rules_and_tests,high,"encounters, evolution, learnsets, RNG, form legality, transfer restrictions",8ad201e80244f630ab5a46922ab72fb79c5ad4f4
PKHeX.Core/Legality/Encounters/Templates/Gen8/IOverworldCorrelation8.cs,legality_encounters_evolution,reimplement_rules_and_tests,high,"encounters, evolution, learnsets, RNG, form legality, transfer restrictions",8ad201e80244f630ab5a46922ab72fb79c5ad4f4
PKHeX.Core/Legality/Encounters/Templates/Gen8/ISeedCorrelation64.cs,legality_encounters_evolution,reimplement_rules_and_tests,high,"encounters, evolution, learnsets, RNG, form legality, transfer restrictions",8ad201e80244f630ab5a46922ab72fb79c5ad4f4
PKHeX.Core/Legality/Encounters/Templates/Gen8/OverworldCorrelation8Requirement.cs,legality_encounters_evolution,reimplement_rules_and_tests,high,"encounters, evolution, learnsets, RNG, form legality, transfer restrictions",8ad201e80244f630ab5a46922ab72fb79c5ad4f4
PKHeX.Core/Legality/Encounters/Templates/Gen8/SlotType8.cs,legality_encounters_evolution,reimplement_rules_and_tests,high,"encounters, evolution, learnsets, RNG, form legality, transfer restrictions",8ad201e80244f630ab5a46922ab72fb79c5ad4f4
PKHeX.Core/Legality/Encounters/Templates/Gen8a/EncounterArea8a.cs,legality_encounters_evolution,reimplement_rules_and_tests,high,"encounters, evolution, learnsets, RNG, form legality, transfer restrictions",8ad201e80244f630ab5a46922ab72fb79c5ad4f4
PKHeX.Core/Legality/Encounters/Templates/Gen8a/EncounterSlot8a.cs,legality_encounters_evolution,reimplement_rules_and_tests,high,"encounters, evolution, learnsets, RNG, form legality, transfer restrictions",8ad201e80244f630ab5a46922ab72fb79c5ad4f4
PKHeX.Core/Legality/Encounters/Templates/Gen8a/EncounterStatic8a.cs,legality_encounters_evolution,reimplement_rules_and_tests,high,"encounters, evolution, learnsets, RNG, form legality, transfer restrictions",8ad201e80244f630ab5a46922ab72fb79c5ad4f4
PKHeX.Core/Legality/Encounters/Templates/Gen8a/EncounterStatic8aCorrelation.cs,legality_encounters_evolution,reimplement_rules_and_tests,high,"encounters, evolution, learnsets, RNG, form legality, transfer restrictions",8ad201e80244f630ab5a46922ab72fb79c5ad4f4
PKHeX.Core/Legality/Encounters/Templates/Gen8a/IMasteryInitialMoveShop8.cs,legality_encounters_evolution,reimplement_rules_and_tests,high,"encounters, evolution, learnsets, RNG, form legality, transfer restrictions",8ad201e80244f630ab5a46922ab72fb79c5ad4f4
PKHeX.Core/Legality/Encounters/Templates/Gen8b/EncounterArea8b.cs,legality_encounters_evolution,reimplement_rules_and_tests,high,"encounters, evolution, learnsets, RNG, form legality, transfer restrictions",8ad201e80244f630ab5a46922ab72fb79c5ad4f4
PKHeX.Core/Legality/Encounters/Templates/Gen8b/EncounterEgg8b.cs,legality_encounters_evolution,reimplement_rules_and_tests,high,"encounters, evolution, learnsets, RNG, form legality, transfer restrictions",8ad201e80244f630ab5a46922ab72fb79c5ad4f4
PKHeX.Core/Legality/Encounters/Templates/Gen8b/EncounterSlot8b.cs,legality_encounters_evolution,reimplement_rules_and_tests,high,"encounters, evolution, learnsets, RNG, form legality, transfer restrictions",8ad201e80244f630ab5a46922ab72fb79c5ad4f4
PKHeX.Core/Legality/Encounters/Templates/Gen8b/EncounterStatic8b.cs,legality_encounters_evolution,reimplement_rules_and_tests,high,"encounters, evolution, learnsets, RNG, form legality, transfer restrictions",8ad201e80244f630ab5a46922ab72fb79c5ad4f4
PKHeX.Core/Legality/Encounters/Templates/Gen8b/EncounterTrade8b.cs,legality_encounters_evolution,reimplement_rules_and_tests,high,"encounters, evolution, learnsets, RNG, form legality, transfer restrictions",8ad201e80244f630ab5a46922ab72fb79c5ad4f4
PKHeX.Core/Legality/Encounters/Templates/Gen8b/IStaticCorrelation8b.cs,legality_encounters_evolution,reimplement_rules_and_tests,high,"encounters, evolution, learnsets, RNG, form legality, transfer restrictions",8ad201e80244f630ab5a46922ab72fb79c5ad4f4
PKHeX.Core/Legality/Encounters/Templates/Gen8b/StaticCorrelation8bRequirement.cs,legality_encounters_evolution,reimplement_rules_and_tests,high,"encounters, evolution, learnsets, RNG, form legality, transfer restrictions",8ad201e80244f630ab5a46922ab72fb79c5ad4f4
PKHeX.Core/Legality/Encounters/Templates/Gen9/AreaWeather9.cs,legality_encounters_evolution,reimplement_rules_and_tests,high,"encounters, evolution, learnsets, RNG, form legality, transfer restrictions",8ad201e80244f630ab5a46922ab72fb79c5ad4f4
PKHeX.Core/Legality/Encounters/Templates/Gen9/EncounterArea9.cs,legality_encounters_evolution,reimplement_rules_and_tests,high,"encounters, evolution, learnsets, RNG, form legality, transfer restrictions",8ad201e80244f630ab5a46922ab72fb79c5ad4f4
PKHeX.Core/Legality/Encounters/Templates/Gen9/EncounterDist9.cs,legality_encounters_evolution,reimplement_rules_and_tests,high,"encounters, evolution, learnsets, RNG, form legality, transfer restrictions",8ad201e80244f630ab5a46922ab72fb79c5ad4f4
PKHeX.Core/Legality/Encounters/Templates/Gen9/EncounterEgg9.cs,legality_encounters_evolution,reimplement_rules_and_tests,high,"encounters, evolution, learnsets, RNG, form legality, transfer restrictions",8ad201e80244f630ab5a46922ab72fb79c5ad4f4
PKHeX.Core/Legality/Encounters/Templates/Gen9/EncounterFixed9.cs,legality_encounters_evolution,reimplement_rules_and_tests,high,"encounters, evolution, learnsets, RNG, form legality, transfer restrictions",8ad201e80244f630ab5a46922ab72fb79c5ad4f4
PKHeX.Core/Legality/Encounters/Templates/Gen9/EncounterMight9.cs,legality_encounters_evolution,reimplement_rules_and_tests,high,"encounters, evolution, learnsets, RNG, form legality, transfer restrictions",8ad201e80244f630ab5a46922ab72fb79c5ad4f4
PKHeX.Core/Legality/Encounters/Templates/Gen9/EncounterOutbreak9.cs,legality_encounters_evolution,reimplement_rules_and_tests,high,"encounters, evolution, learnsets, RNG, form legality, transfer restrictions",8ad201e80244f630ab5a46922ab72fb79c5ad4f4
PKHeX.Core/Legality/Encounters/Templates/Gen9/EncounterSlot9.cs,legality_encounters_evolution,reimplement_rules_and_tests,high,"encounters, evolution, learnsets, RNG, form legality, transfer restrictions",8ad201e80244f630ab5a46922ab72fb79c5ad4f4
PKHeX.Core/Legality/Encounters/Templates/Gen9/EncounterStatic9.cs,legality_encounters_evolution,reimplement_rules_and_tests,high,"encounters, evolution, learnsets, RNG, form legality, transfer restrictions",8ad201e80244f630ab5a46922ab72fb79c5ad4f4
PKHeX.Core/Legality/Encounters/Templates/Gen9/EncounterTera9.cs,legality_encounters_evolution,reimplement_rules_and_tests,high,"encounters, evolution, learnsets, RNG, form legality, transfer restrictions",8ad201e80244f630ab5a46922ab72fb79c5ad4f4
PKHeX.Core/Legality/Encounters/Templates/Gen9/EncounterTrade9.cs,legality_encounters_evolution,reimplement_rules_and_tests,high,"encounters, evolution, learnsets, RNG, form legality, transfer restrictions",8ad201e80244f630ab5a46922ab72fb79c5ad4f4
PKHeX.Core/Legality/Encounters/Templates/Gen9/IGemType.cs,legality_encounters_evolution,reimplement_rules_and_tests,high,"encounters, evolution, learnsets, RNG, form legality, transfer restrictions",8ad201e80244f630ab5a46922ab72fb79c5ad4f4
PKHeX.Core/Legality/Encounters/Templates/Gen9/ITeraRaid9.cs,legality_encounters_evolution,reimplement_rules_and_tests,high,"encounters, evolution, learnsets, RNG, form legality, transfer restrictions",8ad201e80244f630ab5a46922ab72fb79c5ad4f4
PKHeX.Core/Legality/Encounters/Templates/Gen9/SizePower9a.cs,legality_encounters_evolution,reimplement_rules_and_tests,high,"encounters, evolution, learnsets, RNG, form legality, transfer restrictions",8ad201e80244f630ab5a46922ab72fb79c5ad4f4
PKHeX.Core/Legality/Encounters/Templates/Gen9/SizeType9.cs,legality_encounters_evolution,reimplement_rules_and_tests,high,"encounters, evolution, learnsets, RNG, form legality, transfer restrictions",8ad201e80244f630ab5a46922ab72fb79c5ad4f4
PKHeX.Core/Legality/Encounters/Templates/Gen9a/EncounterArea9a.cs,legality_encounters_evolution,reimplement_rules_and_tests,high,"encounters, evolution, learnsets, RNG, form legality, transfer restrictions",8ad201e80244f630ab5a46922ab72fb79c5ad4f4
PKHeX.Core/Legality/Encounters/Templates/Gen9a/EncounterGift9a.cs,legality_encounters_evolution,reimplement_rules_and_tests,high,"encounters, evolution, learnsets, RNG, form legality, transfer restrictions",8ad201e80244f630ab5a46922ab72fb79c5ad4f4
PKHeX.Core/Legality/Encounters/Templates/Gen9a/EncounterSlot9a.cs,legality_encounters_evolution,reimplement_rules_and_tests,high,"encounters, evolution, learnsets, RNG, form legality, transfer restrictions",8ad201e80244f630ab5a46922ab72fb79c5ad4f4
PKHeX.Core/Legality/Encounters/Templates/Gen9a/EncounterStatic9a.cs,legality_encounters_evolution,reimplement_rules_and_tests,high,"encounters, evolution, learnsets, RNG, form legality, transfer restrictions",8ad201e80244f630ab5a46922ab72fb79c5ad4f4
PKHeX.Core/Legality/Encounters/Templates/Gen9a/EncounterTrade9a.cs,legality_encounters_evolution,reimplement_rules_and_tests,high,"encounters, evolution, learnsets, RNG, form legality, transfer restrictions",8ad201e80244f630ab5a46922ab72fb79c5ad4f4
PKHeX.Core/Legality/Encounters/Templates/Gen9a/GenerateParam9a.cs,legality_encounters_evolution,reimplement_rules_and_tests,high,"encounters, evolution, learnsets, RNG, form legality, transfer restrictions",8ad201e80244f630ab5a46922ab72fb79c5ad4f4
PKHeX.Core/Legality/Encounters/Templates/Gen9a/IEncounter9a.cs,legality_encounters_evolution,reimplement_rules_and_tests,high,"encounters, evolution, learnsets, RNG, form legality, transfer restrictions",8ad201e80244f630ab5a46922ab72fb79c5ad4f4
PKHeX.Core/Legality/Encounters/Templates/Gen9a/LumioseCorrelation.cs,legality_encounters_evolution,reimplement_rules_and_tests,high,"encounters, evolution, learnsets, RNG, form legality, transfer restrictions",8ad201e80244f630ab5a46922ab72fb79c5ad4f4
PKHeX.Core/Legality/Encounters/Templates/Gen9a/LumioseRNG.cs,legality_encounters_evolution,reimplement_rules_and_tests,high,"encounters, evolution, learnsets, RNG, form legality, transfer restrictions",8ad201e80244f630ab5a46922ab72fb79c5ad4f4
PKHeX.Core/Legality/Encounters/Templates/Gen9a/LumioseSolver.cs,legality_encounters_evolution,reimplement_rules_and_tests,high,"encounters, evolution, learnsets, RNG, form legality, transfer restrictions",8ad201e80244f630ab5a46922ab72fb79c5ad4f4
PKHeX.Core/Legality/Encounters/Templates/Gen9a/SlotType9a.cs,legality_encounters_evolution,reimplement_rules_and_tests,high,"encounters, evolution, learnsets, RNG, form legality, transfer restrictions",8ad201e80244f630ab5a46922ab72fb79c5ad4f4
PKHeX.Core/Legality/Encounters/Templates/GO/EncounterArea7g.cs,legality_encounters_evolution,reimplement_rules_and_tests,high,"encounters, evolution, learnsets, RNG, form legality, transfer restrictions",8ad201e80244f630ab5a46922ab72fb79c5ad4f4
PKHeX.Core/Legality/Encounters/Templates/GO/EncounterArea8g.cs,legality_encounters_evolution,reimplement_rules_and_tests,high,"encounters, evolution, learnsets, RNG, form legality, transfer restrictions",8ad201e80244f630ab5a46922ab72fb79c5ad4f4
PKHeX.Core/Legality/Encounters/Templates/GO/EncounterSlot7GO.cs,legality_encounters_evolution,reimplement_rules_and_tests,high,"encounters, evolution, learnsets, RNG, form legality, transfer restrictions",8ad201e80244f630ab5a46922ab72fb79c5ad4f4
PKHeX.Core/Legality/Encounters/Templates/GO/EncounterSlot8GO.cs,legality_encounters_evolution,reimplement_rules_and_tests,high,"encounters, evolution, learnsets, RNG, form legality, transfer restrictions",8ad201e80244f630ab5a46922ab72fb79c5ad4f4
PKHeX.Core/Legality/Encounters/Templates/GO/IPogoDateRange.cs,legality_encounters_evolution,reimplement_rules_and_tests,high,"encounters, evolution, learnsets, RNG, form legality, transfer restrictions",8ad201e80244f630ab5a46922ab72fb79c5ad4f4
PKHeX.Core/Legality/Encounters/Templates/GO/IPogoSlot.cs,legality_encounters_evolution,reimplement_rules_and_tests,high,"encounters, evolution, learnsets, RNG, form legality, transfer restrictions",8ad201e80244f630ab5a46922ab72fb79c5ad4f4
PKHeX.Core/Legality/Encounters/Templates/GO/PogoType.cs,legality_encounters_evolution,reimplement_rules_and_tests,high,"encounters, evolution, learnsets, RNG, form legality, transfer restrictions",8ad201e80244f630ab5a46922ab72fb79c5ad4f4
PKHeX.Core/Legality/Encounters/Templates/Interfaces/IEncounterable.cs,legality_encounters_evolution,reimplement_rules_and_tests,high,"encounters, evolution, learnsets, RNG, form legality, transfer restrictions",8ad201e80244f630ab5a46922ab72fb79c5ad4f4
PKHeX.Core/Legality/Encounters/Templates/Interfaces/IEncounterArea.cs,legality_encounters_evolution,reimplement_rules_and_tests,high,"encounters, evolution, learnsets, RNG, form legality, transfer restrictions",8ad201e80244f630ab5a46922ab72fb79c5ad4f4
PKHeX.Core/Legality/Encounters/Templates/Interfaces/IEncounterConvertible.cs,legality_encounters_evolution,reimplement_rules_and_tests,high,"encounters, evolution, learnsets, RNG, form legality, transfer restrictions",8ad201e80244f630ab5a46922ab72fb79c5ad4f4
PKHeX.Core/Legality/Encounters/Templates/Interfaces/IEncounterEgg.cs,legality_encounters_evolution,reimplement_rules_and_tests,high,"encounters, evolution, learnsets, RNG, form legality, transfer restrictions",8ad201e80244f630ab5a46922ab72fb79c5ad4f4
PKHeX.Core/Legality/Encounters/Templates/Interfaces/IEncounterInfo.cs,legality_encounters_evolution,reimplement_rules_and_tests,high,"encounters, evolution, learnsets, RNG, form legality, transfer restrictions",8ad201e80244f630ab5a46922ab72fb79c5ad4f4
PKHeX.Core/Legality/Encounters/Templates/Interfaces/IEncounterMatch.cs,legality_encounters_evolution,reimplement_rules_and_tests,high,"encounters, evolution, learnsets, RNG, form legality, transfer restrictions",8ad201e80244f630ab5a46922ab72fb79c5ad4f4
PKHeX.Core/Legality/Encounters/Templates/Interfaces/IEncounterTemplate.cs,legality_encounters_evolution,reimplement_rules_and_tests,high,"encounters, evolution, learnsets, RNG, form legality, transfer restrictions",8ad201e80244f630ab5a46922ab72fb79c5ad4f4
PKHeX.Core/Legality/Encounters/Templates/Interfaces/ILocation.cs,legality_encounters_evolution,reimplement_rules_and_tests,high,"encounters, evolution, learnsets, RNG, form legality, transfer restrictions",8ad201e80244f630ab5a46922ab72fb79c5ad4f4
PKHeX.Core/Legality/Encounters/Templates/Interfaces/ITrashUnderlaySpecies.cs,legality_encounters_evolution,reimplement_rules_and_tests,high,"encounters, evolution, learnsets, RNG, form legality, transfer restrictions",8ad201e80244f630ab5a46922ab72fb79c5ad4f4
PKHeX.Core/Legality/Encounters/Templates/Interfaces/Properties/IEncounterFormRandom.cs,legality_encounters_evolution,reimplement_rules_and_tests,high,"encounters, evolution, learnsets, RNG, form legality, transfer restrictions",8ad201e80244f630ab5a46922ab72fb79c5ad4f4
PKHeX.Core/Legality/Encounters/Templates/Interfaces/Properties/IEncounterSlot34.cs,legality_encounters_evolution,reimplement_rules_and_tests,high,"encounters, evolution, learnsets, RNG, form legality, transfer restrictions",8ad201e80244f630ab5a46922ab72fb79c5ad4f4
PKHeX.Core/Legality/Encounters/Templates/Interfaces/Properties/IFixedAbilityNumber.cs,legality_encounters_evolution,reimplement_rules_and_tests,high,"encounters, evolution, learnsets, RNG, form legality, transfer restrictions",8ad201e80244f630ab5a46922ab72fb79c5ad4f4
PKHeX.Core/Legality/Encounters/Templates/Interfaces/Properties/IFixedBall.cs,legality_encounters_evolution,reimplement_rules_and_tests,high,"encounters, evolution, learnsets, RNG, form legality, transfer restrictions",8ad201e80244f630ab5a46922ab72fb79c5ad4f4
PKHeX.Core/Legality/Encounters/Templates/Interfaces/Properties/IFixedGender.cs,legality_encounters_evolution,reimplement_rules_and_tests,high,"encounters, evolution, learnsets, RNG, form legality, transfer restrictions",8ad201e80244f630ab5a46922ab72fb79c5ad4f4
PKHeX.Core/Legality/Encounters/Templates/Interfaces/Properties/IFixedIVSet.cs,legality_encounters_evolution,reimplement_rules_and_tests,high,"encounters, evolution, learnsets, RNG, form legality, transfer restrictions",8ad201e80244f630ab5a46922ab72fb79c5ad4f4
PKHeX.Core/Legality/Encounters/Templates/Interfaces/Properties/IFixedNature.cs,legality_encounters_evolution,reimplement_rules_and_tests,high,"encounters, evolution, learnsets, RNG, form legality, transfer restrictions",8ad201e80244f630ab5a46922ab72fb79c5ad4f4
PKHeX.Core/Legality/Encounters/Templates/Interfaces/Properties/IFixedNickname.cs,legality_encounters_evolution,reimplement_rules_and_tests,high,"encounters, evolution, learnsets, RNG, form legality, transfer restrictions",8ad201e80244f630ab5a46922ab72fb79c5ad4f4
PKHeX.Core/Legality/Encounters/Templates/Interfaces/Properties/IFixedTrainer.cs,legality_encounters_evolution,reimplement_rules_and_tests,high,"encounters, evolution, learnsets, RNG, form legality, transfer restrictions",8ad201e80244f630ab5a46922ab72fb79c5ad4f4
PKHeX.Core/Legality/Encounters/Templates/Interfaces/Properties/IFlawlessIVCount.cs,legality_encounters_evolution,reimplement_rules_and_tests,high,"encounters, evolution, learnsets, RNG, form legality, transfer restrictions",8ad201e80244f630ab5a46922ab72fb79c5ad4f4
PKHeX.Core/Legality/Encounters/Templates/Interfaces/Properties/IFlawlessIVCountConditional.cs,legality_encounters_evolution,reimplement_rules_and_tests,high,"encounters, evolution, learnsets, RNG, form legality, transfer restrictions",8ad201e80244f630ab5a46922ab72fb79c5ad4f4
PKHeX.Core/Legality/Encounters/Templates/Interfaces/Properties/IHatchCycle.cs,legality_encounters_evolution,reimplement_rules_and_tests,high,"encounters, evolution, learnsets, RNG, form legality, transfer restrictions",8ad201e80244f630ab5a46922ab72fb79c5ad4f4
PKHeX.Core/Legality/Encounters/Templates/Interfaces/Properties/ILevelRange.cs,legality_encounters_evolution,reimplement_rules_and_tests,high,"encounters, evolution, learnsets, RNG, form legality, transfer restrictions",8ad201e80244f630ab5a46922ab72fb79c5ad4f4
PKHeX.Core/Legality/Encounters/Templates/Interfaces/Properties/IMetLevel.cs,legality_encounters_evolution,reimplement_rules_and_tests,high,"encounters, evolution, learnsets, RNG, form legality, transfer restrictions",8ad201e80244f630ab5a46922ab72fb79c5ad4f4
PKHeX.Core/Legality/Encounters/Templates/Interfaces/Properties/IMoveset.cs,legality_encounters_evolution,reimplement_rules_and_tests,high,"encounters, evolution, learnsets, RNG, form legality, transfer restrictions",8ad201e80244f630ab5a46922ab72fb79c5ad4f4
PKHeX.Core/Legality/Encounters/Templates/Interfaces/Properties/IRandomCorrelation.cs,legality_encounters_evolution,reimplement_rules_and_tests,high,"encounters, evolution, learnsets, RNG, form legality, transfer restrictions",8ad201e80244f630ab5a46922ab72fb79c5ad4f4
PKHeX.Core/Legality/Encounters/Templates/Interfaces/Properties/IRelearn.cs,legality_encounters_evolution,reimplement_rules_and_tests,high,"encounters, evolution, learnsets, RNG, form legality, transfer restrictions",8ad201e80244f630ab5a46922ab72fb79c5ad4f4
PKHeX.Core/Legality/Encounters/Templates/Interfaces/Properties/IRestrictVersion.cs,legality_encounters_evolution,reimplement_rules_and_tests,high,"encounters, evolution, learnsets, RNG, form legality, transfer restrictions",8ad201e80244f630ab5a46922ab72fb79c5ad4f4
PKHeX.Core/Legality/Encounters/Templates/Interfaces/Properties/IShinyPotential.cs,legality_encounters_evolution,reimplement_rules_and_tests,high,"encounters, evolution, learnsets, RNG, form legality, transfer restrictions",8ad201e80244f630ab5a46922ab72fb79c5ad4f4
PKHeX.Core/Legality/Encounters/Templates/Interfaces/Properties/ISingleMoveBonus.cs,legality_encounters_evolution,reimplement_rules_and_tests,high,"encounters, evolution, learnsets, RNG, form legality, transfer restrictions",8ad201e80244f630ab5a46922ab72fb79c5ad4f4
PKHeX.Core/Legality/Encounters/Templates/Interfaces/RNG/IGenerateSeed32.cs,legality_encounters_evolution,reimplement_rules_and_tests,high,"encounters, evolution, learnsets, RNG, form legality, transfer restrictions",8ad201e80244f630ab5a46922ab72fb79c5ad4f4
PKHeX.Core/Legality/Encounters/Templates/Interfaces/RNG/IGenerateSeed64.cs,legality_encounters_evolution,reimplement_rules_and_tests,high,"encounters, evolution, learnsets, RNG, form legality, transfer restrictions",8ad201e80244f630ab5a46922ab72fb79c5ad4f4
PKHeX.Core/Legality/Encounters/Templates/Interfaces/RNG/IMagnetStatic.cs,legality_encounters_evolution,reimplement_rules_and_tests,high,"encounters, evolution, learnsets, RNG, form legality, transfer restrictions",8ad201e80244f630ab5a46922ab72fb79c5ad4f4
PKHeX.Core/Legality/Encounters/Templates/Interfaces/RNG/INumberedSlot.cs,legality_encounters_evolution,reimplement_rules_and_tests,high,"encounters, evolution, learnsets, RNG, form legality, transfer restrictions",8ad201e80244f630ab5a46922ab72fb79c5ad4f4
PKHeX.Core/Legality/Encounters/Templates/Shared/EncounterInvalid.cs,legality_encounters_evolution,reimplement_rules_and_tests,high,"encounters, evolution, learnsets, RNG, form legality, transfer restrictions",8ad201e80244f630ab5a46922ab72fb79c5ad4f4
PKHeX.Core/Legality/Encounters/Templates/Shared/IndividualValueSet.cs,legality_encounters_evolution,reimplement_rules_and_tests,high,"encounters, evolution, learnsets, RNG, form legality, transfer restrictions",8ad201e80244f630ab5a46922ab72fb79c5ad4f4
PKHeX.Core/Legality/Encounters/Templates/Shared/Moveset.cs,legality_encounters_evolution,reimplement_rules_and_tests,high,"encounters, evolution, learnsets, RNG, form legality, transfer restrictions",8ad201e80244f630ab5a46922ab72fb79c5ad4f4
PKHeX.Core/Legality/Encounters/Verifiers/EggHatchLocation3.cs,legality_encounters_evolution,reimplement_rules_and_tests,high,"encounters, evolution, learnsets, RNG, form legality, transfer restrictions",8ad201e80244f630ab5a46922ab72fb79c5ad4f4
PKHeX.Core/Legality/Encounters/Verifiers/EggHatchLocation4.cs,legality_encounters_evolution,reimplement_rules_and_tests,high,"encounters, evolution, learnsets, RNG, form legality, transfer restrictions",8ad201e80244f630ab5a46922ab72fb79c5ad4f4
PKHeX.Core/Legality/Encounters/Verifiers/EggHatchLocation5.cs,legality_encounters_evolution,reimplement_rules_and_tests,high,"encounters, evolution, learnsets, RNG, form legality, transfer restrictions",8ad201e80244f630ab5a46922ab72fb79c5ad4f4
PKHeX.Core/Legality/Encounters/Verifiers/EggHatchLocation6.cs,legality_encounters_evolution,reimplement_rules_and_tests,high,"encounters, evolution, learnsets, RNG, form legality, transfer restrictions",8ad201e80244f630ab5a46922ab72fb79c5ad4f4
PKHeX.Core/Legality/Encounters/Verifiers/EggHatchLocation7.cs,legality_encounters_evolution,reimplement_rules_and_tests,high,"encounters, evolution, learnsets, RNG, form legality, transfer restrictions",8ad201e80244f630ab5a46922ab72fb79c5ad4f4
PKHeX.Core/Legality/Encounters/Verifiers/EggHatchLocation8.cs,legality_encounters_evolution,reimplement_rules_and_tests,high,"encounters, evolution, learnsets, RNG, form legality, transfer restrictions",8ad201e80244f630ab5a46922ab72fb79c5ad4f4
PKHeX.Core/Legality/Encounters/Verifiers/EggHatchLocation8b.cs,legality_encounters_evolution,reimplement_rules_and_tests,high,"encounters, evolution, learnsets, RNG, form legality, transfer restrictions",8ad201e80244f630ab5a46922ab72fb79c5ad4f4
PKHeX.Core/Legality/Encounters/Verifiers/EggHatchLocation9.cs,legality_encounters_evolution,reimplement_rules_and_tests,high,"encounters, evolution, learnsets, RNG, form legality, transfer restrictions",8ad201e80244f630ab5a46922ab72fb79c5ad4f4
PKHeX.Core/Legality/Encounters/Verifiers/EncounterVerifier.cs,legality_encounters_evolution,reimplement_rules_and_tests,high,"encounters, evolution, learnsets, RNG, form legality, transfer restrictions",8ad201e80244f630ab5a46922ab72fb79c5ad4f4
PKHeX.Core/Legality/Encounters/Verifiers/EvolutionVerifier.cs,legality_encounters_evolution,reimplement_rules_and_tests,high,"encounters, evolution, learnsets, RNG, form legality, transfer restrictions",8ad201e80244f630ab5a46922ab72fb79c5ad4f4
PKHeX.Core/Legality/Encounters/Verifiers/MysteryGiftRestriction.cs,legality_encounters_evolution,reimplement_rules_and_tests,high,"encounters, evolution, learnsets, RNG, form legality, transfer restrictions",8ad201e80244f630ab5a46922ab72fb79c5ad4f4
PKHeX.Core/Legality/Encounters/Verifiers/MysteryGiftVerifier.cs,legality_encounters_evolution,reimplement_rules_and_tests,high,"encounters, evolution, learnsets, RNG, form legality, transfer restrictions",8ad201e80244f630ab5a46922ab72fb79c5ad4f4
PKHeX.Core/Legality/Evolutions/EncounterOrigin.cs,legality_encounters_evolution,reimplement_rules_and_tests,high,"encounters, evolution, learnsets, RNG, form legality, transfer restrictions",8ad201e80244f630ab5a46922ab72fb79c5ad4f4
PKHeX.Core/Legality/Evolutions/EvolutionChain.cs,legality_encounters_evolution,reimplement_rules_and_tests,high,"encounters, evolution, learnsets, RNG, form legality, transfer restrictions",8ad201e80244f630ab5a46922ab72fb79c5ad4f4
PKHeX.Core/Legality/Evolutions/EvolutionGroup/EvolutionGroup1.cs,legality_encounters_evolution,reimplement_rules_and_tests,high,"encounters, evolution, learnsets, RNG, form legality, transfer restrictions",8ad201e80244f630ab5a46922ab72fb79c5ad4f4
PKHeX.Core/Legality/Evolutions/EvolutionGroup/EvolutionGroup2.cs,legality_encounters_evolution,reimplement_rules_and_tests,high,"encounters, evolution, learnsets, RNG, form legality, transfer restrictions",8ad201e80244f630ab5a46922ab72fb79c5ad4f4
PKHeX.Core/Legality/Evolutions/EvolutionGroup/EvolutionGroup3.cs,legality_encounters_evolution,reimplement_rules_and_tests,high,"encounters, evolution, learnsets, RNG, form legality, transfer restrictions",8ad201e80244f630ab5a46922ab72fb79c5ad4f4
PKHeX.Core/Legality/Evolutions/EvolutionGroup/EvolutionGroup4.cs,legality_encounters_evolution,reimplement_rules_and_tests,high,"encounters, evolution, learnsets, RNG, form legality, transfer restrictions",8ad201e80244f630ab5a46922ab72fb79c5ad4f4
PKHeX.Core/Legality/Evolutions/EvolutionGroup/EvolutionGroup5.cs,legality_encounters_evolution,reimplement_rules_and_tests,high,"encounters, evolution, learnsets, RNG, form legality, transfer restrictions",8ad201e80244f630ab5a46922ab72fb79c5ad4f4
PKHeX.Core/Legality/Evolutions/EvolutionGroup/EvolutionGroup6.cs,legality_encounters_evolution,reimplement_rules_and_tests,high,"encounters, evolution, learnsets, RNG, form legality, transfer restrictions",8ad201e80244f630ab5a46922ab72fb79c5ad4f4
PKHeX.Core/Legality/Evolutions/EvolutionGroup/EvolutionGroup7.cs,legality_encounters_evolution,reimplement_rules_and_tests,high,"encounters, evolution, learnsets, RNG, form legality, transfer restrictions",8ad201e80244f630ab5a46922ab72fb79c5ad4f4
PKHeX.Core/Legality/Evolutions/EvolutionGroup/EvolutionGroup7b.cs,legality_encounters_evolution,reimplement_rules_and_tests,high,"encounters, evolution, learnsets, RNG, form legality, transfer restrictions",8ad201e80244f630ab5a46922ab72fb79c5ad4f4
PKHeX.Core/Legality/Evolutions/EvolutionGroup/EvolutionGroupHOME.cs,legality_encounters_evolution,reimplement_rules_and_tests,high,"encounters, evolution, learnsets, RNG, form legality, transfer restrictions",8ad201e80244f630ab5a46922ab72fb79c5ad4f4
PKHeX.Core/Legality/Evolutions/EvolutionGroup/EvolutionGroupHOME2.cs,legality_encounters_evolution,reimplement_rules_and_tests,high,"encounters, evolution, learnsets, RNG, form legality, transfer restrictions",8ad201e80244f630ab5a46922ab72fb79c5ad4f4
PKHeX.Core/Legality/Evolutions/EvolutionGroup/EvolutionGroupUtil.cs,legality_encounters_evolution,reimplement_rules_and_tests,high,"encounters, evolution, learnsets, RNG, form legality, transfer restrictions",8ad201e80244f630ab5a46922ab72fb79c5ad4f4
PKHeX.Core/Legality/Evolutions/EvolutionGroup/EvolutionOrigin.cs,legality_encounters_evolution,reimplement_rules_and_tests,high,"encounters, evolution, learnsets, RNG, form legality, transfer restrictions",8ad201e80244f630ab5a46922ab72fb79c5ad4f4
PKHeX.Core/Legality/Evolutions/EvolutionGroup/EvolutionUtil.cs,legality_encounters_evolution,reimplement_rules_and_tests,high,"encounters, evolution, learnsets, RNG, form legality, transfer restrictions",8ad201e80244f630ab5a46922ab72fb79c5ad4f4
PKHeX.Core/Legality/Evolutions/EvolutionGroup/IEvolutionGroup.cs,legality_encounters_evolution,reimplement_rules_and_tests,high,"encounters, evolution, learnsets, RNG, form legality, transfer restrictions",8ad201e80244f630ab5a46922ab72fb79c5ad4f4
PKHeX.Core/Legality/Evolutions/EvolutionHistory.cs,legality_encounters_evolution,reimplement_rules_and_tests,high,"encounters, evolution, learnsets, RNG, form legality, transfer restrictions",8ad201e80244f630ab5a46922ab72fb79c5ad4f4
PKHeX.Core/Legality/Evolutions/EvolutionRuleTweak.cs,legality_encounters_evolution,reimplement_rules_and_tests,high,"encounters, evolution, learnsets, RNG, form legality, transfer restrictions",8ad201e80244f630ab5a46922ab72fb79c5ad4f4
PKHeX.Core/Legality/Evolutions/EvolutionSet.cs,legality_encounters_evolution,reimplement_rules_and_tests,high,"encounters, evolution, learnsets, RNG, form legality, transfer restrictions",8ad201e80244f630ab5a46922ab72fb79c5ad4f4
PKHeX.Core/Legality/Evolutions/EvolutionTree.cs,legality_encounters_evolution,reimplement_rules_and_tests,high,"encounters, evolution, learnsets, RNG, form legality, transfer restrictions",8ad201e80244f630ab5a46922ab72fb79c5ad4f4
PKHeX.Core/Legality/Evolutions/Forward/EvolutionForwardPersonal.cs,legality_encounters_evolution,reimplement_rules_and_tests,high,"encounters, evolution, learnsets, RNG, form legality, transfer restrictions",8ad201e80244f630ab5a46922ab72fb79c5ad4f4
PKHeX.Core/Legality/Evolutions/Forward/EvolutionForwardSpecies.cs,legality_encounters_evolution,reimplement_rules_and_tests,high,"encounters, evolution, learnsets, RNG, form legality, transfer restrictions",8ad201e80244f630ab5a46922ab72fb79c5ad4f4
PKHeX.Core/Legality/Evolutions/Forward/IEvolutionForward.cs,legality_encounters_evolution,reimplement_rules_and_tests,high,"encounters, evolution, learnsets, RNG, form legality, transfer restrictions",8ad201e80244f630ab5a46922ab72fb79c5ad4f4
PKHeX.Core/Legality/Evolutions/IEvolutionNetwork.cs,legality_encounters_evolution,reimplement_rules_and_tests,high,"encounters, evolution, learnsets, RNG, form legality, transfer restrictions",8ad201e80244f630ab5a46922ab72fb79c5ad4f4
PKHeX.Core/Legality/Evolutions/Methods/EvoCriteria.cs,legality_encounters_evolution,reimplement_rules_and_tests,high,"encounters, evolution, learnsets, RNG, form legality, transfer restrictions",8ad201e80244f630ab5a46922ab72fb79c5ad4f4
PKHeX.Core/Legality/Evolutions/Methods/EvolutionCheckResult.cs,legality_encounters_evolution,reimplement_rules_and_tests,high,"encounters, evolution, learnsets, RNG, form legality, transfer restrictions",8ad201e80244f630ab5a46922ab72fb79c5ad4f4
PKHeX.Core/Legality/Evolutions/Methods/EvolutionMethod.cs,legality_encounters_evolution,reimplement_rules_and_tests,high,"encounters, evolution, learnsets, RNG, form legality, transfer restrictions",8ad201e80244f630ab5a46922ab72fb79c5ad4f4
PKHeX.Core/Legality/Evolutions/Methods/EvolutionType.cs,legality_encounters_evolution,reimplement_rules_and_tests,high,"encounters, evolution, learnsets, RNG, form legality, transfer restrictions",8ad201e80244f630ab5a46922ab72fb79c5ad4f4
PKHeX.Core/Legality/Evolutions/Reversal/EvolutionLink.cs,legality_encounters_evolution,reimplement_rules_and_tests,high,"encounters, evolution, learnsets, RNG, form legality, transfer restrictions",8ad201e80244f630ab5a46922ab72fb79c5ad4f4
PKHeX.Core/Legality/Evolutions/Reversal/EvolutionNode.cs,legality_encounters_evolution,reimplement_rules_and_tests,high,"encounters, evolution, learnsets, RNG, form legality, transfer restrictions",8ad201e80244f630ab5a46922ab72fb79c5ad4f4
PKHeX.Core/Legality/Evolutions/Reversal/EvolutionReversal.cs,legality_encounters_evolution,reimplement_rules_and_tests,high,"encounters, evolution, learnsets, RNG, form legality, transfer restrictions",8ad201e80244f630ab5a46922ab72fb79c5ad4f4
PKHeX.Core/Legality/Evolutions/Reversal/EvolutionReverseLookup.cs,legality_encounters_evolution,reimplement_rules_and_tests,high,"encounters, evolution, learnsets, RNG, form legality, transfer restrictions",8ad201e80244f630ab5a46922ab72fb79c5ad4f4
PKHeX.Core/Legality/Evolutions/Reversal/EvolutionReversePersonal.cs,legality_encounters_evolution,reimplement_rules_and_tests,high,"encounters, evolution, learnsets, RNG, form legality, transfer restrictions",8ad201e80244f630ab5a46922ab72fb79c5ad4f4
PKHeX.Core/Legality/Evolutions/Reversal/EvolutionReverseSpecies.cs,legality_encounters_evolution,reimplement_rules_and_tests,high,"encounters, evolution, learnsets, RNG, form legality, transfer restrictions",8ad201e80244f630ab5a46922ab72fb79c5ad4f4
PKHeX.Core/Legality/Evolutions/Reversal/IEvolutionLookup.cs,legality_encounters_evolution,reimplement_rules_and_tests,high,"encounters, evolution, learnsets, RNG, form legality, transfer restrictions",8ad201e80244f630ab5a46922ab72fb79c5ad4f4
PKHeX.Core/Legality/Evolutions/Reversal/IEvolutionReverse.cs,legality_encounters_evolution,reimplement_rules_and_tests,high,"encounters, evolution, learnsets, RNG, form legality, transfer restrictions",8ad201e80244f630ab5a46922ab72fb79c5ad4f4
PKHeX.Core/Legality/Formatting/BaseLegalityFormatter.cs,legality_encounters_evolution,reimplement_rules_and_tests,high,"encounters, evolution, learnsets, RNG, form legality, transfer restrictions",8ad201e80244f630ab5a46922ab72fb79c5ad4f4
PKHeX.Core/Legality/Formatting/ILegalityFormatter.cs,legality_encounters_evolution,reimplement_rules_and_tests,high,"encounters, evolution, learnsets, RNG, form legality, transfer restrictions",8ad201e80244f630ab5a46922ab72fb79c5ad4f4
PKHeX.Core/Legality/Formatting/LegalityFormatting.cs,legality_encounters_evolution,reimplement_rules_and_tests,high,"encounters, evolution, learnsets, RNG, form legality, transfer restrictions",8ad201e80244f630ab5a46922ab72fb79c5ad4f4
PKHeX.Core/Legality/Learnset/Learnset.cs,legality_encounters_evolution,reimplement_rules_and_tests,high,"encounters, evolution, learnsets, RNG, form legality, transfer restrictions",8ad201e80244f630ab5a46922ab72fb79c5ad4f4
PKHeX.Core/Legality/Learnset/LearnsetReader.cs,legality_encounters_evolution,reimplement_rules_and_tests,high,"encounters, evolution, learnsets, RNG, form legality, transfer restrictions",8ad201e80244f630ab5a46922ab72fb79c5ad4f4
PKHeX.Core/Legality/Learnset/LearnsetStadium.cs,legality_encounters_evolution,reimplement_rules_and_tests,high,"encounters, evolution, learnsets, RNG, form legality, transfer restrictions",8ad201e80244f630ab5a46922ab72fb79c5ad4f4
PKHeX.Core/Legality/Learnset/MoveSource.cs,legality_encounters_evolution,reimplement_rules_and_tests,high,"encounters, evolution, learnsets, RNG, form legality, transfer restrictions",8ad201e80244f630ab5a46922ab72fb79c5ad4f4
PKHeX.Core/Legality/LearnSource/Group/ILearnGroup.cs,legality_encounters_evolution,reimplement_rules_and_tests,high,"encounters, evolution, learnsets, RNG, form legality, transfer restrictions",8ad201e80244f630ab5a46922ab72fb79c5ad4f4
PKHeX.Core/Legality/LearnSource/Group/LearnGroup1.cs,legality_encounters_evolution,reimplement_rules_and_tests,high,"encounters, evolution, learnsets, RNG, form legality, transfer restrictions",8ad201e80244f630ab5a46922ab72fb79c5ad4f4
PKHeX.Core/Legality/LearnSource/Group/LearnGroup2.cs,legality_encounters_evolution,reimplement_rules_and_tests,high,"encounters, evolution, learnsets, RNG, form legality, transfer restrictions",8ad201e80244f630ab5a46922ab72fb79c5ad4f4
PKHeX.Core/Legality/LearnSource/Group/LearnGroup3.cs,legality_encounters_evolution,reimplement_rules_and_tests,high,"encounters, evolution, learnsets, RNG, form legality, transfer restrictions",8ad201e80244f630ab5a46922ab72fb79c5ad4f4
PKHeX.Core/Legality/LearnSource/Group/LearnGroup4.cs,legality_encounters_evolution,reimplement_rules_and_tests,high,"encounters, evolution, learnsets, RNG, form legality, transfer restrictions",8ad201e80244f630ab5a46922ab72fb79c5ad4f4
PKHeX.Core/Legality/LearnSource/Group/LearnGroup5.cs,legality_encounters_evolution,reimplement_rules_and_tests,high,"encounters, evolution, learnsets, RNG, form legality, transfer restrictions",8ad201e80244f630ab5a46922ab72fb79c5ad4f4
PKHeX.Core/Legality/LearnSource/Group/LearnGroup6.cs,legality_encounters_evolution,reimplement_rules_and_tests,high,"encounters, evolution, learnsets, RNG, form legality, transfer restrictions",8ad201e80244f630ab5a46922ab72fb79c5ad4f4
PKHeX.Core/Legality/LearnSource/Group/LearnGroup7.cs,legality_encounters_evolution,reimplement_rules_and_tests,high,"encounters, evolution, learnsets, RNG, form legality, transfer restrictions",8ad201e80244f630ab5a46922ab72fb79c5ad4f4
PKHeX.Core/Legality/LearnSource/Group/LearnGroup7b.cs,legality_encounters_evolution,reimplement_rules_and_tests,high,"encounters, evolution, learnsets, RNG, form legality, transfer restrictions",8ad201e80244f630ab5a46922ab72fb79c5ad4f4
PKHeX.Core/Legality/LearnSource/Group/LearnGroup8.cs,legality_encounters_evolution,reimplement_rules_and_tests,high,"encounters, evolution, learnsets, RNG, form legality, transfer restrictions",8ad201e80244f630ab5a46922ab72fb79c5ad4f4
PKHeX.Core/Legality/LearnSource/Group/LearnGroup8a.cs,legality_encounters_evolution,reimplement_rules_and_tests,high,"encounters, evolution, learnsets, RNG, form legality, transfer restrictions",8ad201e80244f630ab5a46922ab72fb79c5ad4f4
PKHeX.Core/Legality/LearnSource/Group/LearnGroup8b.cs,legality_encounters_evolution,reimplement_rules_and_tests,high,"encounters, evolution, learnsets, RNG, form legality, transfer restrictions",8ad201e80244f630ab5a46922ab72fb79c5ad4f4
PKHeX.Core/Legality/LearnSource/Group/LearnGroup9.cs,legality_encounters_evolution,reimplement_rules_and_tests,high,"encounters, evolution, learnsets, RNG, form legality, transfer restrictions",8ad201e80244f630ab5a46922ab72fb79c5ad4f4
PKHeX.Core/Legality/LearnSource/Group/LearnGroup9a.cs,legality_encounters_evolution,reimplement_rules_and_tests,high,"encounters, evolution, learnsets, RNG, form legality, transfer restrictions",8ad201e80244f630ab5a46922ab72fb79c5ad4f4
PKHeX.Core/Legality/LearnSource/Group/LearnGroupHOME.cs,legality_encounters_evolution,reimplement_rules_and_tests,high,"encounters, evolution, learnsets, RNG, form legality, transfer restrictions",8ad201e80244f630ab5a46922ab72fb79c5ad4f4
PKHeX.Core/Legality/LearnSource/Group/LearnGroupUtil.cs,legality_encounters_evolution,reimplement_rules_and_tests,high,"encounters, evolution, learnsets, RNG, form legality, transfer restrictions",8ad201e80244f630ab5a46922ab72fb79c5ad4f4
PKHeX.Core/Legality/LearnSource/LearnEnvironment.cs,legality_encounters_evolution,reimplement_rules_and_tests,high,"encounters, evolution, learnsets, RNG, form legality, transfer restrictions",8ad201e80244f630ab5a46922ab72fb79c5ad4f4
PKHeX.Core/Legality/LearnSource/LearnMethod.cs,legality_encounters_evolution,reimplement_rules_and_tests,high,"encounters, evolution, learnsets, RNG, form legality, transfer restrictions",8ad201e80244f630ab5a46922ab72fb79c5ad4f4
PKHeX.Core/Legality/LearnSource/MoveLearnInfo.cs,legality_encounters_evolution,reimplement_rules_and_tests,high,"encounters, evolution, learnsets, RNG, form legality, transfer restrictions",8ad201e80244f630ab5a46922ab72fb79c5ad4f4
PKHeX.Core/Legality/LearnSource/MoveResult.cs,legality_encounters_evolution,reimplement_rules_and_tests,high,"encounters, evolution, learnsets, RNG, form legality, transfer restrictions",8ad201e80244f630ab5a46922ab72fb79c5ad4f4
PKHeX.Core/Legality/LearnSource/Sources/IHomeSource.cs,legality_encounters_evolution,reimplement_rules_and_tests,high,"encounters, evolution, learnsets, RNG, form legality, transfer restrictions",8ad201e80244f630ab5a46922ab72fb79c5ad4f4
PKHeX.Core/Legality/LearnSource/Sources/LearnSource1RB.cs,legality_encounters_evolution,reimplement_rules_and_tests,high,"encounters, evolution, learnsets, RNG, form legality, transfer restrictions",8ad201e80244f630ab5a46922ab72fb79c5ad4f4
PKHeX.Core/Legality/LearnSource/Sources/LearnSource1YW.cs,legality_encounters_evolution,reimplement_rules_and_tests,high,"encounters, evolution, learnsets, RNG, form legality, transfer restrictions",8ad201e80244f630ab5a46922ab72fb79c5ad4f4
PKHeX.Core/Legality/LearnSource/Sources/LearnSource2C.cs,legality_encounters_evolution,reimplement_rules_and_tests,high,"encounters, evolution, learnsets, RNG, form legality, transfer restrictions",8ad201e80244f630ab5a46922ab72fb79c5ad4f4
PKHeX.Core/Legality/LearnSource/Sources/LearnSource2GS.cs,legality_encounters_evolution,reimplement_rules_and_tests,high,"encounters, evolution, learnsets, RNG, form legality, transfer restrictions",8ad201e80244f630ab5a46922ab72fb79c5ad4f4
PKHeX.Core/Legality/LearnSource/Sources/LearnSource2Stadium.cs,legality_encounters_evolution,reimplement_rules_and_tests,high,"encounters, evolution, learnsets, RNG, form legality, transfer restrictions",8ad201e80244f630ab5a46922ab72fb79c5ad4f4
PKHeX.Core/Legality/LearnSource/Sources/LearnSource3E.cs,legality_encounters_evolution,reimplement_rules_and_tests,high,"encounters, evolution, learnsets, RNG, form legality, transfer restrictions",8ad201e80244f630ab5a46922ab72fb79c5ad4f4
PKHeX.Core/Legality/LearnSource/Sources/LearnSource3FR.cs,legality_encounters_evolution,reimplement_rules_and_tests,high,"encounters, evolution, learnsets, RNG, form legality, transfer restrictions",8ad201e80244f630ab5a46922ab72fb79c5ad4f4
PKHeX.Core/Legality/LearnSource/Sources/LearnSource3LG.cs,legality_encounters_evolution,reimplement_rules_and_tests,high,"encounters, evolution, learnsets, RNG, form legality, transfer restrictions",8ad201e80244f630ab5a46922ab72fb79c5ad4f4
PKHeX.Core/Legality/LearnSource/Sources/LearnSource3RS.cs,legality_encounters_evolution,reimplement_rules_and_tests,high,"encounters, evolution, learnsets, RNG, form legality, transfer restrictions",8ad201e80244f630ab5a46922ab72fb79c5ad4f4
PKHeX.Core/Legality/LearnSource/Sources/LearnSource4DP.cs,legality_encounters_evolution,reimplement_rules_and_tests,high,"encounters, evolution, learnsets, RNG, form legality, transfer restrictions",8ad201e80244f630ab5a46922ab72fb79c5ad4f4
PKHeX.Core/Legality/LearnSource/Sources/LearnSource4HGSS.cs,legality_encounters_evolution,reimplement_rules_and_tests,high,"encounters, evolution, learnsets, RNG, form legality, transfer restrictions",8ad201e80244f630ab5a46922ab72fb79c5ad4f4
PKHeX.Core/Legality/LearnSource/Sources/LearnSource4Pt.cs,legality_encounters_evolution,reimplement_rules_and_tests,high,"encounters, evolution, learnsets, RNG, form legality, transfer restrictions",8ad201e80244f630ab5a46922ab72fb79c5ad4f4
PKHeX.Core/Legality/LearnSource/Sources/LearnSource5B2W2.cs,legality_encounters_evolution,reimplement_rules_and_tests,high,"encounters, evolution, learnsets, RNG, form legality, transfer restrictions",8ad201e80244f630ab5a46922ab72fb79c5ad4f4
PKHeX.Core/Legality/LearnSource/Sources/LearnSource5BW.cs,legality_encounters_evolution,reimplement_rules_and_tests,high,"encounters, evolution, learnsets, RNG, form legality, transfer restrictions",8ad201e80244f630ab5a46922ab72fb79c5ad4f4
PKHeX.Core/Legality/LearnSource/Sources/LearnSource6AO.cs,legality_encounters_evolution,reimplement_rules_and_tests,high,"encounters, evolution, learnsets, RNG, form legality, transfer restrictions",8ad201e80244f630ab5a46922ab72fb79c5ad4f4
PKHeX.Core/Legality/LearnSource/Sources/LearnSource6XY.cs,legality_encounters_evolution,reimplement_rules_and_tests,high,"encounters, evolution, learnsets, RNG, form legality, transfer restrictions",8ad201e80244f630ab5a46922ab72fb79c5ad4f4
PKHeX.Core/Legality/LearnSource/Sources/LearnSource7GG.cs,legality_encounters_evolution,reimplement_rules_and_tests,high,"encounters, evolution, learnsets, RNG, form legality, transfer restrictions",8ad201e80244f630ab5a46922ab72fb79c5ad4f4
PKHeX.Core/Legality/LearnSource/Sources/LearnSource7SM.cs,legality_encounters_evolution,reimplement_rules_and_tests,high,"encounters, evolution, learnsets, RNG, form legality, transfer restrictions",8ad201e80244f630ab5a46922ab72fb79c5ad4f4
PKHeX.Core/Legality/LearnSource/Sources/LearnSource7USUM.cs,legality_encounters_evolution,reimplement_rules_and_tests,high,"encounters, evolution, learnsets, RNG, form legality, transfer restrictions",8ad201e80244f630ab5a46922ab72fb79c5ad4f4
PKHeX.Core/Legality/LearnSource/Sources/LearnSource8BDSP.cs,legality_encounters_evolution,reimplement_rules_and_tests,high,"encounters, evolution, learnsets, RNG, form legality, transfer restrictions",8ad201e80244f630ab5a46922ab72fb79c5ad4f4
PKHeX.Core/Legality/LearnSource/Sources/LearnSource8PLA.cs,legality_encounters_evolution,reimplement_rules_and_tests,high,"encounters, evolution, learnsets, RNG, form legality, transfer restrictions",8ad201e80244f630ab5a46922ab72fb79c5ad4f4
PKHeX.Core/Legality/LearnSource/Sources/LearnSource8SWSH.cs,legality_encounters_evolution,reimplement_rules_and_tests,high,"encounters, evolution, learnsets, RNG, form legality, transfer restrictions",8ad201e80244f630ab5a46922ab72fb79c5ad4f4
PKHeX.Core/Legality/LearnSource/Sources/LearnSource9SV.cs,legality_encounters_evolution,reimplement_rules_and_tests,high,"encounters, evolution, learnsets, RNG, form legality, transfer restrictions",8ad201e80244f630ab5a46922ab72fb79c5ad4f4
PKHeX.Core/Legality/LearnSource/Sources/LearnSource9ZA.cs,legality_encounters_evolution,reimplement_rules_and_tests,high,"encounters, evolution, learnsets, RNG, form legality, transfer restrictions",8ad201e80244f630ab5a46922ab72fb79c5ad4f4
PKHeX.Core/Legality/LearnSource/Sources/Shared/IEggSource.cs,legality_encounters_evolution,reimplement_rules_and_tests,high,"encounters, evolution, learnsets, RNG, form legality, transfer restrictions",8ad201e80244f630ab5a46922ab72fb79c5ad4f4
PKHeX.Core/Legality/LearnSource/Sources/Shared/ILearnSource.cs,legality_encounters_evolution,reimplement_rules_and_tests,high,"encounters, evolution, learnsets, RNG, form legality, transfer restrictions",8ad201e80244f630ab5a46922ab72fb79c5ad4f4
PKHeX.Core/Legality/LearnSource/Sources/Shared/IReminderSource.cs,legality_encounters_evolution,reimplement_rules_and_tests,high,"encounters, evolution, learnsets, RNG, form legality, transfer restrictions",8ad201e80244f630ab5a46922ab72fb79c5ad4f4
PKHeX.Core/Legality/LearnSource/Sources/Shared/LearnOption.cs,legality_encounters_evolution,reimplement_rules_and_tests,high,"encounters, evolution, learnsets, RNG, form legality, transfer restrictions",8ad201e80244f630ab5a46922ab72fb79c5ad4f4
PKHeX.Core/Legality/LearnSource/Sources/Shared/LearnSource3.cs,legality_encounters_evolution,reimplement_rules_and_tests,high,"encounters, evolution, learnsets, RNG, form legality, transfer restrictions",8ad201e80244f630ab5a46922ab72fb79c5ad4f4
PKHeX.Core/Legality/LearnSource/Sources/Shared/LearnSource4.cs,legality_encounters_evolution,reimplement_rules_and_tests,high,"encounters, evolution, learnsets, RNG, form legality, transfer restrictions",8ad201e80244f630ab5a46922ab72fb79c5ad4f4
PKHeX.Core/Legality/LearnSource/Sources/Shared/LearnSource5.cs,legality_encounters_evolution,reimplement_rules_and_tests,high,"encounters, evolution, learnsets, RNG, form legality, transfer restrictions",8ad201e80244f630ab5a46922ab72fb79c5ad4f4
PKHeX.Core/Legality/LearnSource/Sources/Shared/MoveTutor.cs,legality_encounters_evolution,reimplement_rules_and_tests,high,"encounters, evolution, learnsets, RNG, form legality, transfer restrictions",8ad201e80244f630ab5a46922ab72fb79c5ad4f4
PKHeX.Core/Legality/LearnSource/Verify/LearnPossible.cs,legality_encounters_evolution,reimplement_rules_and_tests,high,"encounters, evolution, learnsets, RNG, form legality, transfer restrictions",8ad201e80244f630ab5a46922ab72fb79c5ad4f4
PKHeX.Core/Legality/LearnSource/Verify/LearnVerifier.cs,legality_encounters_evolution,reimplement_rules_and_tests,high,"encounters, evolution, learnsets, RNG, form legality, transfer restrictions",8ad201e80244f630ab5a46922ab72fb79c5ad4f4
PKHeX.Core/Legality/LearnSource/Verify/LearnVerifierEgg.cs,legality_encounters_evolution,reimplement_rules_and_tests,high,"encounters, evolution, learnsets, RNG, form legality, transfer restrictions",8ad201e80244f630ab5a46922ab72fb79c5ad4f4
PKHeX.Core/Legality/LearnSource/Verify/LearnVerifierHistory.cs,legality_encounters_evolution,reimplement_rules_and_tests,high,"encounters, evolution, learnsets, RNG, form legality, transfer restrictions",8ad201e80244f630ab5a46922ab72fb79c5ad4f4
PKHeX.Core/Legality/LearnSource/Verify/LearnVerifierRelearn.cs,legality_encounters_evolution,reimplement_rules_and_tests,high,"encounters, evolution, learnsets, RNG, form legality, transfer restrictions",8ad201e80244f630ab5a46922ab72fb79c5ad4f4
PKHeX.Core/Legality/Legal.cs,legality_encounters_evolution,reimplement_rules_and_tests,high,"encounters, evolution, learnsets, RNG, form legality, transfer restrictions",8ad201e80244f630ab5a46922ab72fb79c5ad4f4
PKHeX.Core/Legality/LegalityAnalysis.cs,legality_encounters_evolution,reimplement_rules_and_tests,high,"encounters, evolution, learnsets, RNG, form legality, transfer restrictions",8ad201e80244f630ab5a46922ab72fb79c5ad4f4
PKHeX.Core/Legality/LegalityAnalyzers.cs,legality_encounters_evolution,reimplement_rules_and_tests,high,"encounters, evolution, learnsets, RNG, form legality, transfer restrictions",8ad201e80244f630ab5a46922ab72fb79c5ad4f4
PKHeX.Core/Legality/Localization/EncounterDisplayLocalization.cs,legality_encounters_evolution,reimplement_rules_and_tests,high,"encounters, evolution, learnsets, RNG, form legality, transfer restrictions",8ad201e80244f630ab5a46922ab72fb79c5ad4f4
PKHeX.Core/Legality/Localization/GeneralLocalization.cs,legality_encounters_evolution,reimplement_rules_and_tests,high,"encounters, evolution, learnsets, RNG, form legality, transfer restrictions",8ad201e80244f630ab5a46922ab72fb79c5ad4f4
PKHeX.Core/Legality/Localization/LegalityCheckLocalization.cs,legality_encounters_evolution,reimplement_rules_and_tests,high,"encounters, evolution, learnsets, RNG, form legality, transfer restrictions",8ad201e80244f630ab5a46922ab72fb79c5ad4f4
PKHeX.Core/Legality/Localization/LegalityCheckResultCodeExtensions.cs,legality_encounters_evolution,reimplement_rules_and_tests,high,"encounters, evolution, learnsets, RNG, form legality, transfer restrictions",8ad201e80244f630ab5a46922ab72fb79c5ad4f4
PKHeX.Core/Legality/Localization/LegalityLocalizationContext.cs,legality_encounters_evolution,reimplement_rules_and_tests,high,"encounters, evolution, learnsets, RNG, form legality, transfer restrictions",8ad201e80244f630ab5a46922ab72fb79c5ad4f4
PKHeX.Core/Legality/Localization/LegalityLocalizationSet.cs,legality_encounters_evolution,reimplement_rules_and_tests,high,"encounters, evolution, learnsets, RNG, form legality, transfer restrictions",8ad201e80244f630ab5a46922ab72fb79c5ad4f4
PKHeX.Core/Legality/Localization/MoveSourceLocalization.cs,legality_encounters_evolution,reimplement_rules_and_tests,high,"encounters, evolution, learnsets, RNG, form legality, transfer restrictions",8ad201e80244f630ab5a46922ab72fb79c5ad4f4
PKHeX.Core/Legality/MoveListSuggest.cs,legality_encounters_evolution,reimplement_rules_and_tests,high,"encounters, evolution, learnsets, RNG, form legality, transfer restrictions",8ad201e80244f630ab5a46922ab72fb79c5ad4f4
PKHeX.Core/Legality/Moves/Breeding/BreedInfo.cs,legality_encounters_evolution,reimplement_rules_and_tests,high,"encounters, evolution, learnsets, RNG, form legality, transfer restrictions",8ad201e80244f630ab5a46922ab72fb79c5ad4f4
PKHeX.Core/Legality/Moves/Breeding/Chain/ChainBreedLegality.cs,legality_encounters_evolution,reimplement_rules_and_tests,high,"encounters, evolution, learnsets, RNG, form legality, transfer restrictions",8ad201e80244f630ab5a46922ab72fb79c5ad4f4
PKHeX.Core/Legality/Moves/Breeding/Chain/ChainBreedStep.cs,legality_encounters_evolution,reimplement_rules_and_tests,high,"encounters, evolution, learnsets, RNG, form legality, transfer restrictions",8ad201e80244f630ab5a46922ab72fb79c5ad4f4
PKHeX.Core/Legality/Moves/Breeding/Chain/ChainBreedSummary.cs,legality_encounters_evolution,reimplement_rules_and_tests,high,"encounters, evolution, learnsets, RNG, form legality, transfer restrictions",8ad201e80244f630ab5a46922ab72fb79c5ad4f4
PKHeX.Core/Legality/Moves/Breeding/Chain/ChainBreedTrace.cs,legality_encounters_evolution,reimplement_rules_and_tests,high,"encounters, evolution, learnsets, RNG, form legality, transfer restrictions",8ad201e80244f630ab5a46922ab72fb79c5ad4f4
PKHeX.Core/Legality/Moves/Breeding/Chain/ChainBreedUtil.cs,legality_encounters_evolution,reimplement_rules_and_tests,high,"encounters, evolution, learnsets, RNG, form legality, transfer restrictions",8ad201e80244f630ab5a46922ab72fb79c5ad4f4
PKHeX.Core/Legality/Moves/Breeding/EggSource.cs,legality_encounters_evolution,reimplement_rules_and_tests,high,"encounters, evolution, learnsets, RNG, form legality, transfer restrictions",8ad201e80244f630ab5a46922ab72fb79c5ad4f4
PKHeX.Core/Legality/Moves/Breeding/MoveBreed.cs,legality_encounters_evolution,reimplement_rules_and_tests,high,"encounters, evolution, learnsets, RNG, form legality, transfer restrictions",8ad201e80244f630ab5a46922ab72fb79c5ad4f4
PKHeX.Core/Legality/Moves/Breeding/MoveBreed2.cs,legality_encounters_evolution,reimplement_rules_and_tests,high,"encounters, evolution, learnsets, RNG, form legality, transfer restrictions",8ad201e80244f630ab5a46922ab72fb79c5ad4f4
PKHeX.Core/Legality/Moves/Breeding/MoveBreed3.cs,legality_encounters_evolution,reimplement_rules_and_tests,high,"encounters, evolution, learnsets, RNG, form legality, transfer restrictions",8ad201e80244f630ab5a46922ab72fb79c5ad4f4
PKHeX.Core/Legality/Moves/Breeding/MoveBreed4.cs,legality_encounters_evolution,reimplement_rules_and_tests,high,"encounters, evolution, learnsets, RNG, form legality, transfer restrictions",8ad201e80244f630ab5a46922ab72fb79c5ad4f4
PKHeX.Core/Legality/Moves/Breeding/MoveBreed5.cs,legality_encounters_evolution,reimplement_rules_and_tests,high,"encounters, evolution, learnsets, RNG, form legality, transfer restrictions",8ad201e80244f630ab5a46922ab72fb79c5ad4f4
PKHeX.Core/Legality/Moves/Breeding/MoveBreed6.cs,legality_encounters_evolution,reimplement_rules_and_tests,high,"encounters, evolution, learnsets, RNG, form legality, transfer restrictions",8ad201e80244f630ab5a46922ab72fb79c5ad4f4
PKHeX.Core/Legality/Moves/GameData.cs,legality_encounters_evolution,reimplement_rules_and_tests,high,"encounters, evolution, learnsets, RNG, form legality, transfer restrictions",8ad201e80244f630ab5a46922ab72fb79c5ad4f4
PKHeX.Core/Legality/MoveSourceType.cs,legality_encounters_evolution,reimplement_rules_and_tests,high,"encounters, evolution, learnsets, RNG, form legality, transfer restrictions",8ad201e80244f630ab5a46922ab72fb79c5ad4f4
PKHeX.Core/Legality/Restrictions/EvolutionRestrictions.cs,legality_encounters_evolution,reimplement_rules_and_tests,high,"encounters, evolution, learnsets, RNG, form legality, transfer restrictions",8ad201e80244f630ab5a46922ab72fb79c5ad4f4
PKHeX.Core/Legality/Restrictions/GBRestrictions.cs,legality_encounters_evolution,reimplement_rules_and_tests,high,"encounters, evolution, learnsets, RNG, form legality, transfer restrictions",8ad201e80244f630ab5a46922ab72fb79c5ad4f4
PKHeX.Core/Legality/Restrictions/HomeQuirks.cs,legality_encounters_evolution,reimplement_rules_and_tests,high,"encounters, evolution, learnsets, RNG, form legality, transfer restrictions",8ad201e80244f630ab5a46922ab72fb79c5ad4f4
PKHeX.Core/Legality/Restrictions/HomeTrackerUtil.cs,legality_encounters_evolution,reimplement_rules_and_tests,high,"encounters, evolution, learnsets, RNG, form legality, transfer restrictions",8ad201e80244f630ab5a46922ab72fb79c5ad4f4
PKHeX.Core/Legality/Restrictions/ItemRestrictions.cs,legality_encounters_evolution,reimplement_rules_and_tests,high,"encounters, evolution, learnsets, RNG, form legality, transfer restrictions",8ad201e80244f630ab5a46922ab72fb79c5ad4f4
PKHeX.Core/Legality/Restrictions/Locale/Locale3DS.cs,legality_encounters_evolution,reimplement_rules_and_tests,high,"encounters, evolution, learnsets, RNG, form legality, transfer restrictions",8ad201e80244f630ab5a46922ab72fb79c5ad4f4
PKHeX.Core/Legality/Restrictions/Locale/LocaleNDS4.cs,legality_encounters_evolution,reimplement_rules_and_tests,high,"encounters, evolution, learnsets, RNG, form legality, transfer restrictions",8ad201e80244f630ab5a46922ab72fb79c5ad4f4
PKHeX.Core/Legality/Restrictions/Locale/LocaleNDS5.cs,legality_encounters_evolution,reimplement_rules_and_tests,high,"encounters, evolution, learnsets, RNG, form legality, transfer restrictions",8ad201e80244f630ab5a46922ab72fb79c5ad4f4
PKHeX.Core/Legality/Restrictions/Locale/Vivillon3DS.cs,legality_encounters_evolution,reimplement_rules_and_tests,high,"encounters, evolution, learnsets, RNG, form legality, transfer restrictions",8ad201e80244f630ab5a46922ab72fb79c5ad4f4
PKHeX.Core/Legality/Restrictions/Memories/Memories.cs,legality_encounters_evolution,reimplement_rules_and_tests,high,"encounters, evolution, learnsets, RNG, form legality, transfer restrictions",8ad201e80244f630ab5a46922ab72fb79c5ad4f4
PKHeX.Core/Legality/Restrictions/Memories/MemoryArgType.cs,legality_encounters_evolution,reimplement_rules_and_tests,high,"encounters, evolution, learnsets, RNG, form legality, transfer restrictions",8ad201e80244f630ab5a46922ab72fb79c5ad4f4
PKHeX.Core/Legality/Restrictions/Memories/MemoryContext.cs,legality_encounters_evolution,reimplement_rules_and_tests,high,"encounters, evolution, learnsets, RNG, form legality, transfer restrictions",8ad201e80244f630ab5a46922ab72fb79c5ad4f4
PKHeX.Core/Legality/Restrictions/Memories/MemoryContext6.cs,legality_encounters_evolution,reimplement_rules_and_tests,high,"encounters, evolution, learnsets, RNG, form legality, transfer restrictions",8ad201e80244f630ab5a46922ab72fb79c5ad4f4
PKHeX.Core/Legality/Restrictions/Memories/MemoryContext6Data.cs,legality_encounters_evolution,reimplement_rules_and_tests,high,"encounters, evolution, learnsets, RNG, form legality, transfer restrictions",8ad201e80244f630ab5a46922ab72fb79c5ad4f4
PKHeX.Core/Legality/Restrictions/Memories/MemoryContext8.cs,legality_encounters_evolution,reimplement_rules_and_tests,high,"encounters, evolution, learnsets, RNG, form legality, transfer restrictions",8ad201e80244f630ab5a46922ab72fb79c5ad4f4
PKHeX.Core/Legality/Restrictions/Memories/MemoryContext8Data.cs,legality_encounters_evolution,reimplement_rules_and_tests,high,"encounters, evolution, learnsets, RNG, form legality, transfer restrictions",8ad201e80244f630ab5a46922ab72fb79c5ad4f4
PKHeX.Core/Legality/Restrictions/Memories/MemoryPermissions.cs,legality_encounters_evolution,reimplement_rules_and_tests,high,"encounters, evolution, learnsets, RNG, form legality, transfer restrictions",8ad201e80244f630ab5a46922ab72fb79c5ad4f4
PKHeX.Core/Legality/Restrictions/Memories/MemoryRules.cs,legality_encounters_evolution,reimplement_rules_and_tests,high,"encounters, evolution, learnsets, RNG, form legality, transfer restrictions",8ad201e80244f630ab5a46922ab72fb79c5ad4f4
PKHeX.Core/Legality/Restrictions/Memories/MemoryVariableSet.cs,legality_encounters_evolution,reimplement_rules_and_tests,high,"encounters, evolution, learnsets, RNG, form legality, transfer restrictions",8ad201e80244f630ab5a46922ab72fb79c5ad4f4
PKHeX.Core/Legality/Restrictions/WordFilter/TextNormalizer.cs,legality_encounters_evolution,reimplement_rules_and_tests,high,"encounters, evolution, learnsets, RNG, form legality, transfer restrictions",8ad201e80244f630ab5a46922ab72fb79c5ad4f4
PKHeX.Core/Legality/Restrictions/WordFilter/WordFilter.cs,legality_encounters_evolution,reimplement_rules_and_tests,high,"encounters, evolution, learnsets, RNG, form legality, transfer restrictions",8ad201e80244f630ab5a46922ab72fb79c5ad4f4
PKHeX.Core/Legality/Restrictions/WordFilter/WordFilter3DS.cs,legality_encounters_evolution,reimplement_rules_and_tests,high,"encounters, evolution, learnsets, RNG, form legality, transfer restrictions",8ad201e80244f630ab5a46922ab72fb79c5ad4f4
PKHeX.Core/Legality/Restrictions/WordFilter/WordFilter5.cs,legality_encounters_evolution,reimplement_rules_and_tests,high,"encounters, evolution, learnsets, RNG, form legality, transfer restrictions",8ad201e80244f630ab5a46922ab72fb79c5ad4f4
PKHeX.Core/Legality/Restrictions/WordFilter/WordFilterNX.cs,legality_encounters_evolution,reimplement_rules_and_tests,high,"encounters, evolution, learnsets, RNG, form legality, transfer restrictions",8ad201e80244f630ab5a46922ab72fb79c5ad4f4
PKHeX.Core/Legality/Restrictions/WordFilter/WordFilterType.cs,legality_encounters_evolution,reimplement_rules_and_tests,high,"encounters, evolution, learnsets, RNG, form legality, transfer restrictions",8ad201e80244f630ab5a46922ab72fb79c5ad4f4
PKHeX.Core/Legality/RNG/Algorithms/ARNG.cs,legality_encounters_evolution,reimplement_rules_and_tests,high,"encounters, evolution, learnsets, RNG, form legality, transfer restrictions",8ad201e80244f630ab5a46922ab72fb79c5ad4f4
PKHeX.Core/Legality/RNG/Algorithms/LCRNG.cs,legality_encounters_evolution,reimplement_rules_and_tests,high,"encounters, evolution, learnsets, RNG, form legality, transfer restrictions",8ad201e80244f630ab5a46922ab72fb79c5ad4f4
PKHeX.Core/Legality/RNG/Algorithms/LCRNG64.cs,legality_encounters_evolution,reimplement_rules_and_tests,high,"encounters, evolution, learnsets, RNG, form legality, transfer restrictions",8ad201e80244f630ab5a46922ab72fb79c5ad4f4
PKHeX.Core/Legality/RNG/Algorithms/LCRNGReversal.cs,legality_encounters_evolution,reimplement_rules_and_tests,high,"encounters, evolution, learnsets, RNG, form legality, transfer restrictions",8ad201e80244f630ab5a46922ab72fb79c5ad4f4
PKHeX.Core/Legality/RNG/Algorithms/LCRNGReversalSkip.cs,legality_encounters_evolution,reimplement_rules_and_tests,high,"encounters, evolution, learnsets, RNG, form legality, transfer restrictions",8ad201e80244f630ab5a46922ab72fb79c5ad4f4
PKHeX.Core/Legality/RNG/Algorithms/MRNG.cs,legality_encounters_evolution,reimplement_rules_and_tests,high,"encounters, evolution, learnsets, RNG, form legality, transfer restrictions",8ad201e80244f630ab5a46922ab72fb79c5ad4f4
PKHeX.Core/Legality/RNG/Algorithms/MRNGReversal.cs,legality_encounters_evolution,reimplement_rules_and_tests,high,"encounters, evolution, learnsets, RNG, form legality, transfer restrictions",8ad201e80244f630ab5a46922ab72fb79c5ad4f4
PKHeX.Core/Legality/RNG/Algorithms/XDRNG.cs,legality_encounters_evolution,reimplement_rules_and_tests,high,"encounters, evolution, learnsets, RNG, form legality, transfer restrictions",8ad201e80244f630ab5a46922ab72fb79c5ad4f4
PKHeX.Core/Legality/RNG/Algorithms/Xoroshiro128Plus.cs,legality_encounters_evolution,reimplement_rules_and_tests,high,"encounters, evolution, learnsets, RNG, form legality, transfer restrictions",8ad201e80244f630ab5a46922ab72fb79c5ad4f4
PKHeX.Core/Legality/RNG/Algorithms/Xoroshiro128Plus8b.cs,legality_encounters_evolution,reimplement_rules_and_tests,high,"encounters, evolution, learnsets, RNG, form legality, transfer restrictions",8ad201e80244f630ab5a46922ab72fb79c5ad4f4
PKHeX.Core/Legality/RNG/Algorithms/Xoroshiro128PlusReversal.cs,legality_encounters_evolution,reimplement_rules_and_tests,high,"encounters, evolution, learnsets, RNG, form legality, transfer restrictions",8ad201e80244f630ab5a46922ab72fb79c5ad4f4
PKHeX.Core/Legality/RNG/Algorithms/XorShift128.cs,legality_encounters_evolution,reimplement_rules_and_tests,high,"encounters, evolution, learnsets, RNG, form legality, transfer restrictions",8ad201e80244f630ab5a46922ab72fb79c5ad4f4
PKHeX.Core/Legality/RNG/ClassicEra/ClassicEraRNG.cs,legality_encounters_evolution,reimplement_rules_and_tests,high,"encounters, evolution, learnsets, RNG, form legality, transfer restrictions",8ad201e80244f630ab5a46922ab72fb79c5ad4f4
PKHeX.Core/Legality/RNG/ClassicEra/Gen3/ChannelJirachi.cs,legality_encounters_evolution,reimplement_rules_and_tests,high,"encounters, evolution, learnsets, RNG, form legality, transfer restrictions",8ad201e80244f630ab5a46922ab72fb79c5ad4f4
PKHeX.Core/Legality/RNG/ClassicEra/Gen3/CommonEvent3.cs,legality_encounters_evolution,reimplement_rules_and_tests,high,"encounters, evolution, learnsets, RNG, form legality, transfer restrictions",8ad201e80244f630ab5a46922ab72fb79c5ad4f4
PKHeX.Core/Legality/RNG/ClassicEra/Gen3/CommonEvent3Checker.cs,legality_encounters_evolution,reimplement_rules_and_tests,high,"encounters, evolution, learnsets, RNG, form legality, transfer restrictions",8ad201e80244f630ab5a46922ab72fb79c5ad4f4
PKHeX.Core/Legality/RNG/ClassicEra/Gen3/Daycare3.cs,legality_encounters_evolution,reimplement_rules_and_tests,high,"encounters, evolution, learnsets, RNG, form legality, transfer restrictions",8ad201e80244f630ab5a46922ab72fb79c5ad4f4
PKHeX.Core/Legality/RNG/ClassicEra/Gen3/GenerateMethodH.cs,legality_encounters_evolution,reimplement_rules_and_tests,high,"encounters, evolution, learnsets, RNG, form legality, transfer restrictions",8ad201e80244f630ab5a46922ab72fb79c5ad4f4
PKHeX.Core/Legality/RNG/ClassicEra/Gen3/MethodH.cs,legality_encounters_evolution,reimplement_rules_and_tests,high,"encounters, evolution, learnsets, RNG, form legality, transfer restrictions",8ad201e80244f630ab5a46922ab72fb79c5ad4f4
PKHeX.Core/Legality/RNG/ClassicEra/Gen3/MethodHCondition.cs,legality_encounters_evolution,reimplement_rules_and_tests,high,"encounters, evolution, learnsets, RNG, form legality, transfer restrictions",8ad201e80244f630ab5a46922ab72fb79c5ad4f4
PKHeX.Core/Legality/RNG/ClassicEra/Gen3/MethodHWindowInfo.cs,legality_encounters_evolution,reimplement_rules_and_tests,high,"encounters, evolution, learnsets, RNG, form legality, transfer restrictions",8ad201e80244f630ab5a46922ab72fb79c5ad4f4
PKHeX.Core/Legality/RNG/ClassicEra/Gen3/MystryMew.cs,legality_encounters_evolution,reimplement_rules_and_tests,high,"encounters, evolution, learnsets, RNG, form legality, transfer restrictions",8ad201e80244f630ab5a46922ab72fb79c5ad4f4
PKHeX.Core/Legality/RNG/ClassicEra/Gen3/PCJPFifthAnniversary.cs,legality_encounters_evolution,reimplement_rules_and_tests,high,"encounters, evolution, learnsets, RNG, form legality, transfer restrictions",8ad201e80244f630ab5a46922ab72fb79c5ad4f4
PKHeX.Core/Legality/RNG/ClassicEra/Gen3/SlotMethodH.cs,legality_encounters_evolution,reimplement_rules_and_tests,high,"encounters, evolution, learnsets, RNG, form legality, transfer restrictions",8ad201e80244f630ab5a46922ab72fb79c5ad4f4
PKHeX.Core/Legality/RNG/ClassicEra/Gen3/TanobyRuins3.cs,legality_encounters_evolution,reimplement_rules_and_tests,high,"encounters, evolution, learnsets, RNG, form legality, transfer restrictions",8ad201e80244f630ab5a46922ab72fb79c5ad4f4
PKHeX.Core/Legality/RNG/ClassicEra/Gen3/WeightedTable3.cs,legality_encounters_evolution,reimplement_rules_and_tests,high,"encounters, evolution, learnsets, RNG, form legality, transfer restrictions",8ad201e80244f630ab5a46922ab72fb79c5ad4f4
PKHeX.Core/Legality/RNG/ClassicEra/Gen3/Wishmkr.cs,legality_encounters_evolution,reimplement_rules_and_tests,high,"encounters, evolution, learnsets, RNG, form legality, transfer restrictions",8ad201e80244f630ab5a46922ab72fb79c5ad4f4
PKHeX.Core/Legality/RNG/ClassicEra/Gen4/CuteCharm4.cs,legality_encounters_evolution,reimplement_rules_and_tests,high,"encounters, evolution, learnsets, RNG, form legality, transfer restrictions",8ad201e80244f630ab5a46922ab72fb79c5ad4f4
PKHeX.Core/Legality/RNG/ClassicEra/Gen4/GenerateMethodJ.cs,legality_encounters_evolution,reimplement_rules_and_tests,high,"encounters, evolution, learnsets, RNG, form legality, transfer restrictions",8ad201e80244f630ab5a46922ab72fb79c5ad4f4
PKHeX.Core/Legality/RNG/ClassicEra/Gen4/GenerateMethodK.cs,legality_encounters_evolution,reimplement_rules_and_tests,high,"encounters, evolution, learnsets, RNG, form legality, transfer restrictions",8ad201e80244f630ab5a46922ab72fb79c5ad4f4
PKHeX.Core/Legality/RNG/ClassicEra/Gen4/InitialSeedComponents4.cs,legality_encounters_evolution,reimplement_rules_and_tests,high,"encounters, evolution, learnsets, RNG, form legality, transfer restrictions",8ad201e80244f630ab5a46922ab72fb79c5ad4f4
PKHeX.Core/Legality/RNG/ClassicEra/Gen4/MethodJ.cs,legality_encounters_evolution,reimplement_rules_and_tests,high,"encounters, evolution, learnsets, RNG, form legality, transfer restrictions",8ad201e80244f630ab5a46922ab72fb79c5ad4f4
PKHeX.Core/Legality/RNG/ClassicEra/Gen4/MethodK.cs,legality_encounters_evolution,reimplement_rules_and_tests,high,"encounters, evolution, learnsets, RNG, form legality, transfer restrictions",8ad201e80244f630ab5a46922ab72fb79c5ad4f4
PKHeX.Core/Legality/RNG/ClassicEra/Gen4/PokewalkerRNG.cs,legality_encounters_evolution,reimplement_rules_and_tests,high,"encounters, evolution, learnsets, RNG, form legality, transfer restrictions",8ad201e80244f630ab5a46922ab72fb79c5ad4f4
PKHeX.Core/Legality/RNG/ClassicEra/Gen4/RuinsOfAlph4.cs,legality_encounters_evolution,reimplement_rules_and_tests,high,"encounters, evolution, learnsets, RNG, form legality, transfer restrictions",8ad201e80244f630ab5a46922ab72fb79c5ad4f4
PKHeX.Core/Legality/RNG/ClassicEra/Gen4/SlotMethodJ.cs,legality_encounters_evolution,reimplement_rules_and_tests,high,"encounters, evolution, learnsets, RNG, form legality, transfer restrictions",8ad201e80244f630ab5a46922ab72fb79c5ad4f4
PKHeX.Core/Legality/RNG/ClassicEra/Gen4/SlotMethodK.cs,legality_encounters_evolution,reimplement_rules_and_tests,high,"encounters, evolution, learnsets, RNG, form legality, transfer restrictions",8ad201e80244f630ab5a46922ab72fb79c5ad4f4
PKHeX.Core/Legality/RNG/ClassicEra/Gen4/SolaceonRuins4.cs,legality_encounters_evolution,reimplement_rules_and_tests,high,"encounters, evolution, learnsets, RNG, form legality, transfer restrictions",8ad201e80244f630ab5a46922ab72fb79c5ad4f4
PKHeX.Core/Legality/RNG/ClassicEra/LeadEncounter.cs,legality_encounters_evolution,reimplement_rules_and_tests,high,"encounters, evolution, learnsets, RNG, form legality, transfer restrictions",8ad201e80244f630ab5a46922ab72fb79c5ad4f4
PKHeX.Core/Legality/RNG/ClassicEra/LeadFinder.cs,legality_encounters_evolution,reimplement_rules_and_tests,high,"encounters, evolution, learnsets, RNG, form legality, transfer restrictions",8ad201e80244f630ab5a46922ab72fb79c5ad4f4
PKHeX.Core/Legality/RNG/ClassicEra/LeadSeed.cs,legality_encounters_evolution,reimplement_rules_and_tests,high,"encounters, evolution, learnsets, RNG, form legality, transfer restrictions",8ad201e80244f630ab5a46922ab72fb79c5ad4f4
PKHeX.Core/Legality/RNG/ClassicEra/MonochromeRNG.cs,legality_encounters_evolution,reimplement_rules_and_tests,high,"encounters, evolution, learnsets, RNG, form legality, transfer restrictions",8ad201e80244f630ab5a46922ab72fb79c5ad4f4
PKHeX.Core/Legality/RNG/CXD/LockFinder.cs,legality_encounters_evolution,reimplement_rules_and_tests,high,"encounters, evolution, learnsets, RNG, form legality, transfer restrictions",8ad201e80244f630ab5a46922ab72fb79c5ad4f4
PKHeX.Core/Legality/RNG/CXD/MethodCXD.cs,legality_encounters_evolution,reimplement_rules_and_tests,high,"encounters, evolution, learnsets, RNG, form legality, transfer restrictions",8ad201e80244f630ab5a46922ab72fb79c5ad4f4
PKHeX.Core/Legality/RNG/CXD/MethodPokeSpot.cs,legality_encounters_evolution,reimplement_rules_and_tests,high,"encounters, evolution, learnsets, RNG, form legality, transfer restrictions",8ad201e80244f630ab5a46922ab72fb79c5ad4f4
PKHeX.Core/Legality/RNG/CXD/NPCLock.cs,legality_encounters_evolution,reimplement_rules_and_tests,high,"encounters, evolution, learnsets, RNG, form legality, transfer restrictions",8ad201e80244f630ab5a46922ab72fb79c5ad4f4
PKHeX.Core/Legality/RNG/CXD/SeedFrame.cs,legality_encounters_evolution,reimplement_rules_and_tests,high,"encounters, evolution, learnsets, RNG, form legality, transfer restrictions",8ad201e80244f630ab5a46922ab72fb79c5ad4f4
PKHeX.Core/Legality/RNG/CXD/TeamLock.cs,legality_encounters_evolution,reimplement_rules_and_tests,high,"encounters, evolution, learnsets, RNG, form legality, transfer restrictions",8ad201e80244f630ab5a46922ab72fb79c5ad4f4
PKHeX.Core/Legality/RNG/CXD/TeamLockResult.cs,legality_encounters_evolution,reimplement_rules_and_tests,high,"encounters, evolution, learnsets, RNG, form legality, transfer restrictions",8ad201e80244f630ab5a46922ab72fb79c5ad4f4
PKHeX.Core/Legality/RNG/Frame/FrameCache.cs,legality_encounters_evolution,reimplement_rules_and_tests,high,"encounters, evolution, learnsets, RNG, form legality, transfer restrictions",8ad201e80244f630ab5a46922ab72fb79c5ad4f4
PKHeX.Core/Legality/RNG/Frame/FrameCheckDetails.cs,legality_encounters_evolution,reimplement_rules_and_tests,high,"encounters, evolution, learnsets, RNG, form legality, transfer restrictions",8ad201e80244f630ab5a46922ab72fb79c5ad4f4
PKHeX.Core/Legality/RNG/Frame/LeadRequired.cs,legality_encounters_evolution,reimplement_rules_and_tests,high,"encounters, evolution, learnsets, RNG, form legality, transfer restrictions",8ad201e80244f630ab5a46922ab72fb79c5ad4f4
PKHeX.Core/Legality/RNG/MethodFinder.cs,legality_encounters_evolution,reimplement_rules_and_tests,high,"encounters, evolution, learnsets, RNG, form legality, transfer restrictions",8ad201e80244f630ab5a46922ab72fb79c5ad4f4
PKHeX.Core/Legality/RNG/Methods/Gen8/GenerateParam8.cs,legality_encounters_evolution,reimplement_rules_and_tests,high,"encounters, evolution, learnsets, RNG, form legality, transfer restrictions",8ad201e80244f630ab5a46922ab72fb79c5ad4f4
PKHeX.Core/Legality/RNG/Methods/Gen8/Overworld8RNG.cs,legality_encounters_evolution,reimplement_rules_and_tests,high,"encounters, evolution, learnsets, RNG, form legality, transfer restrictions",8ad201e80244f630ab5a46922ab72fb79c5ad4f4
PKHeX.Core/Legality/RNG/Methods/Gen8/RaidRNG.cs,legality_encounters_evolution,reimplement_rules_and_tests,high,"encounters, evolution, learnsets, RNG, form legality, transfer restrictions",8ad201e80244f630ab5a46922ab72fb79c5ad4f4
PKHeX.Core/Legality/RNG/Methods/Gen8a/Overworld8aRNG.cs,legality_encounters_evolution,reimplement_rules_and_tests,high,"encounters, evolution, learnsets, RNG, form legality, transfer restrictions",8ad201e80244f630ab5a46922ab72fb79c5ad4f4
PKHeX.Core/Legality/RNG/Methods/Gen8a/OverworldParam8a.cs,legality_encounters_evolution,reimplement_rules_and_tests,high,"encounters, evolution, learnsets, RNG, form legality, transfer restrictions",8ad201e80244f630ab5a46922ab72fb79c5ad4f4
PKHeX.Core/Legality/RNG/Methods/Gen8b/Roaming8bRNG.cs,legality_encounters_evolution,reimplement_rules_and_tests,high,"encounters, evolution, learnsets, RNG, form legality, transfer restrictions",8ad201e80244f630ab5a46922ab72fb79c5ad4f4
PKHeX.Core/Legality/RNG/Methods/Gen8b/Wild8bRNG.cs,legality_encounters_evolution,reimplement_rules_and_tests,high,"encounters, evolution, learnsets, RNG, form legality, transfer restrictions",8ad201e80244f630ab5a46922ab72fb79c5ad4f4
PKHeX.Core/Legality/RNG/Methods/Gen9/Encounter9RNG.cs,legality_encounters_evolution,reimplement_rules_and_tests,high,"encounters, evolution, learnsets, RNG, form legality, transfer restrictions",8ad201e80244f630ab5a46922ab72fb79c5ad4f4
PKHeX.Core/Legality/RNG/Methods/Gen9/GenerateParam9.cs,legality_encounters_evolution,reimplement_rules_and_tests,high,"encounters, evolution, learnsets, RNG, form legality, transfer restrictions",8ad201e80244f630ab5a46922ab72fb79c5ad4f4
PKHeX.Core/Legality/RNG/Methods/Gen9/Tera9RNG.cs,legality_encounters_evolution,reimplement_rules_and_tests,high,"encounters, evolution, learnsets, RNG, form legality, transfer restrictions",8ad201e80244f630ab5a46922ab72fb79c5ad4f4
PKHeX.Core/Legality/RNG/PIDIV.cs,legality_encounters_evolution,reimplement_rules_and_tests,high,"encounters, evolution, learnsets, RNG, form legality, transfer restrictions",8ad201e80244f630ab5a46922ab72fb79c5ad4f4
PKHeX.Core/Legality/RNG/PIDType.cs,legality_encounters_evolution,reimplement_rules_and_tests,high,"encounters, evolution, learnsets, RNG, form legality, transfer restrictions",8ad201e80244f630ab5a46922ab72fb79c5ad4f4
PKHeX.Core/Legality/RNG/Util/ShinyUtil.cs,legality_encounters_evolution,reimplement_rules_and_tests,high,"encounters, evolution, learnsets, RNG, form legality, transfer restrictions",8ad201e80244f630ab5a46922ab72fb79c5ad4f4
PKHeX.Core/Legality/RNG/Util/ToxtricityUtil.cs,legality_encounters_evolution,reimplement_rules_and_tests,high,"encounters, evolution, learnsets, RNG, form legality, transfer restrictions",8ad201e80244f630ab5a46922ab72fb79c5ad4f4
PKHeX.Core/Legality/Settings/ExternalLegalityCheck.cs,legality_encounters_evolution,reimplement_rules_and_tests,high,"encounters, evolution, learnsets, RNG, form legality, transfer restrictions",8ad201e80244f630ab5a46922ab72fb79c5ad4f4
PKHeX.Core/Legality/Settings/IExternalLegalityChecker.cs,legality_encounters_evolution,reimplement_rules_and_tests,high,"encounters, evolution, learnsets, RNG, form legality, transfer restrictions",8ad201e80244f630ab5a46922ab72fb79c5ad4f4
PKHeX.Core/Legality/Settings/LegalitySettings.cs,legality_encounters_evolution,reimplement_rules_and_tests,high,"encounters, evolution, learnsets, RNG, form legality, transfer restrictions",8ad201e80244f630ab5a46922ab72fb79c5ad4f4
PKHeX.Core/Legality/Settings/ParseSettings.cs,legality_encounters_evolution,reimplement_rules_and_tests,high,"encounters, evolution, learnsets, RNG, form legality, transfer restrictions",8ad201e80244f630ab5a46922ab72fb79c5ad4f4
PKHeX.Core/Legality/Settings/Specialized/BulkAnalysisSettings.cs,legality_encounters_evolution,reimplement_rules_and_tests,high,"encounters, evolution, learnsets, RNG, form legality, transfer restrictions",8ad201e80244f630ab5a46922ab72fb79c5ad4f4
PKHeX.Core/Legality/Settings/Specialized/FramePatternSettings.cs,legality_encounters_evolution,reimplement_rules_and_tests,high,"encounters, evolution, learnsets, RNG, form legality, transfer restrictions",8ad201e80244f630ab5a46922ab72fb79c5ad4f4
PKHeX.Core/Legality/Settings/Specialized/GameSpecificSettings.cs,legality_encounters_evolution,reimplement_rules_and_tests,high,"encounters, evolution, learnsets, RNG, form legality, transfer restrictions",8ad201e80244f630ab5a46922ab72fb79c5ad4f4
PKHeX.Core/Legality/Settings/Specialized/HandlerRestrictions.cs,legality_encounters_evolution,reimplement_rules_and_tests,high,"encounters, evolution, learnsets, RNG, form legality, transfer restrictions",8ad201e80244f630ab5a46922ab72fb79c5ad4f4
PKHeX.Core/Legality/Settings/Specialized/HOMETransferSettings.cs,legality_encounters_evolution,reimplement_rules_and_tests,high,"encounters, evolution, learnsets, RNG, form legality, transfer restrictions",8ad201e80244f630ab5a46922ab72fb79c5ad4f4
PKHeX.Core/Legality/Settings/Specialized/NicknameRestriction.cs,legality_encounters_evolution,reimplement_rules_and_tests,high,"encounters, evolution, learnsets, RNG, form legality, transfer restrictions",8ad201e80244f630ab5a46922ab72fb79c5ad4f4
PKHeX.Core/Legality/Settings/Specialized/TradebackSettings.cs,legality_encounters_evolution,reimplement_rules_and_tests,high,"encounters, evolution, learnsets, RNG, form legality, transfer restrictions",8ad201e80244f630ab5a46922ab72fb79c5ad4f4
PKHeX.Core/Legality/Settings/Specialized/WordFilterSettings.cs,legality_encounters_evolution,reimplement_rules_and_tests,high,"encounters, evolution, learnsets, RNG, form legality, transfer restrictions",8ad201e80244f630ab5a46922ab72fb79c5ad4f4
PKHeX.Core/Legality/Structures/CheckIdentifier.cs,legality_encounters_evolution,reimplement_rules_and_tests,high,"encounters, evolution, learnsets, RNG, form legality, transfer restrictions",8ad201e80244f630ab5a46922ab72fb79c5ad4f4
PKHeX.Core/Legality/Structures/CheckResult.cs,legality_encounters_evolution,reimplement_rules_and_tests,high,"encounters, evolution, learnsets, RNG, form legality, transfer restrictions",8ad201e80244f630ab5a46922ab72fb79c5ad4f4
PKHeX.Core/Legality/Structures/LegalInfo.cs,legality_encounters_evolution,reimplement_rules_and_tests,high,"encounters, evolution, learnsets, RNG, form legality, transfer restrictions",8ad201e80244f630ab5a46922ab72fb79c5ad4f4
PKHeX.Core/Legality/Structures/LegalityCheckResultCode.cs,legality_encounters_evolution,reimplement_rules_and_tests,high,"encounters, evolution, learnsets, RNG, form legality, transfer restrictions",8ad201e80244f630ab5a46922ab72fb79c5ad4f4
PKHeX.Core/Legality/Structures/Severity.cs,legality_encounters_evolution,reimplement_rules_and_tests,high,"encounters, evolution, learnsets, RNG, form legality, transfer restrictions",8ad201e80244f630ab5a46922ab72fb79c5ad4f4
PKHeX.Core/Legality/Tables/FormChangeUtil.cs,legality_encounters_evolution,reimplement_rules_and_tests,high,"encounters, evolution, learnsets, RNG, form legality, transfer restrictions",8ad201e80244f630ab5a46922ab72fb79c5ad4f4
PKHeX.Core/Legality/Tables/FormInfo.cs,legality_encounters_evolution,reimplement_rules_and_tests,high,"encounters, evolution, learnsets, RNG, form legality, transfer restrictions",8ad201e80244f630ab5a46922ab72fb79c5ad4f4
PKHeX.Core/Legality/Tables/FormItem.cs,legality_encounters_evolution,reimplement_rules_and_tests,high,"encounters, evolution, learnsets, RNG, form legality, transfer restrictions",8ad201e80244f630ab5a46922ab72fb79c5ad4f4
PKHeX.Core/Legality/Tables/SpeciesCategory.cs,legality_encounters_evolution,reimplement_rules_and_tests,high,"encounters, evolution, learnsets, RNG, form legality, transfer restrictions",8ad201e80244f630ab5a46922ab72fb79c5ad4f4
PKHeX.Core/Legality/Tables/TradeRestrictions.cs,legality_encounters_evolution,reimplement_rules_and_tests,high,"encounters, evolution, learnsets, RNG, form legality, transfer restrictions",8ad201e80244f630ab5a46922ab72fb79c5ad4f4
PKHeX.Core/Legality/Verifiers/Ability/AbilityBreedLegality.cs,legality_encounters_evolution,reimplement_rules_and_tests,high,"encounters, evolution, learnsets, RNG, form legality, transfer restrictions",8ad201e80244f630ab5a46922ab72fb79c5ad4f4
PKHeX.Core/Legality/Verifiers/Ability/AbilityChangeRules.cs,legality_encounters_evolution,reimplement_rules_and_tests,high,"encounters, evolution, learnsets, RNG, form legality, transfer restrictions",8ad201e80244f630ab5a46922ab72fb79c5ad4f4
PKHeX.Core/Legality/Verifiers/Ability/AbilityVerifier.cs,legality_encounters_evolution,reimplement_rules_and_tests,high,"encounters, evolution, learnsets, RNG, form legality, transfer restrictions",8ad201e80244f630ab5a46922ab72fb79c5ad4f4
PKHeX.Core/Legality/Verifiers/AwakenedValueVerifier.cs,legality_encounters_evolution,reimplement_rules_and_tests,high,"encounters, evolution, learnsets, RNG, form legality, transfer restrictions",8ad201e80244f630ab5a46922ab72fb79c5ad4f4
PKHeX.Core/Legality/Verifiers/Ball/BallContext6.cs,legality_encounters_evolution,reimplement_rules_and_tests,high,"encounters, evolution, learnsets, RNG, form legality, transfer restrictions",8ad201e80244f630ab5a46922ab72fb79c5ad4f4
PKHeX.Core/Legality/Verifiers/Ball/BallContext7.cs,legality_encounters_evolution,reimplement_rules_and_tests,high,"encounters, evolution, learnsets, RNG, form legality, transfer restrictions",8ad201e80244f630ab5a46922ab72fb79c5ad4f4
PKHeX.Core/Legality/Verifiers/Ball/BallContextHOME.cs,legality_encounters_evolution,reimplement_rules_and_tests,high,"encounters, evolution, learnsets, RNG, form legality, transfer restrictions",8ad201e80244f630ab5a46922ab72fb79c5ad4f4
PKHeX.Core/Legality/Verifiers/Ball/BallContextUtil.cs,legality_encounters_evolution,reimplement_rules_and_tests,high,"encounters, evolution, learnsets, RNG, form legality, transfer restrictions",8ad201e80244f630ab5a46922ab72fb79c5ad4f4
PKHeX.Core/Legality/Verifiers/Ball/BallInheritanceResult.cs,legality_encounters_evolution,reimplement_rules_and_tests,high,"encounters, evolution, learnsets, RNG, form legality, transfer restrictions",8ad201e80244f630ab5a46922ab72fb79c5ad4f4
PKHeX.Core/Legality/Verifiers/Ball/BallUseLegality.cs,legality_encounters_evolution,reimplement_rules_and_tests,high,"encounters, evolution, learnsets, RNG, form legality, transfer restrictions",8ad201e80244f630ab5a46922ab72fb79c5ad4f4
PKHeX.Core/Legality/Verifiers/Ball/BallVerifier.cs,legality_encounters_evolution,reimplement_rules_and_tests,high,"encounters, evolution, learnsets, RNG, form legality, transfer restrictions",8ad201e80244f630ab5a46922ab72fb79c5ad4f4
PKHeX.Core/Legality/Verifiers/Ball/IBallContext.cs,legality_encounters_evolution,reimplement_rules_and_tests,high,"encounters, evolution, learnsets, RNG, form legality, transfer restrictions",8ad201e80244f630ab5a46922ab72fb79c5ad4f4
PKHeX.Core/Legality/Verifiers/ConsoleRegionVerifier.cs,legality_encounters_evolution,reimplement_rules_and_tests,high,"encounters, evolution, learnsets, RNG, form legality, transfer restrictions",8ad201e80244f630ab5a46922ab72fb79c5ad4f4
PKHeX.Core/Legality/Verifiers/ContestStatVerifier.cs,legality_encounters_evolution,reimplement_rules_and_tests,high,"encounters, evolution, learnsets, RNG, form legality, transfer restrictions",8ad201e80244f630ab5a46922ab72fb79c5ad4f4
PKHeX.Core/Legality/Verifiers/CXDVerifier.cs,legality_encounters_evolution,reimplement_rules_and_tests,high,"encounters, evolution, learnsets, RNG, form legality, transfer restrictions",8ad201e80244f630ab5a46922ab72fb79c5ad4f4
PKHeX.Core/Legality/Verifiers/EffortExpLegality.cs,legality_encounters_evolution,reimplement_rules_and_tests,high,"encounters, evolution, learnsets, RNG, form legality, transfer restrictions",8ad201e80244f630ab5a46922ab72fb79c5ad4f4
PKHeX.Core/Legality/Verifiers/EffortValueVerifier.cs,legality_encounters_evolution,reimplement_rules_and_tests,high,"encounters, evolution, learnsets, RNG, form legality, transfer restrictions",8ad201e80244f630ab5a46922ab72fb79c5ad4f4
PKHeX.Core/Legality/Verifiers/Egg/EggHatchLegality.cs,legality_encounters_evolution,reimplement_rules_and_tests,high,"encounters, evolution, learnsets, RNG, form legality, transfer restrictions",8ad201e80244f630ab5a46922ab72fb79c5ad4f4
PKHeX.Core/Legality/Verifiers/Egg/EggStateLegality.cs,legality_encounters_evolution,reimplement_rules_and_tests,high,"encounters, evolution, learnsets, RNG, form legality, transfer restrictions",8ad201e80244f630ab5a46922ab72fb79c5ad4f4
PKHeX.Core/Legality/Verifiers/Egg/EggVerifier.cs,legality_encounters_evolution,reimplement_rules_and_tests,high,"encounters, evolution, learnsets, RNG, form legality, transfer restrictions",8ad201e80244f630ab5a46922ab72fb79c5ad4f4
PKHeX.Core/Legality/Verifiers/FormArgumentVerifier.cs,legality_encounters_evolution,reimplement_rules_and_tests,high,"encounters, evolution, learnsets, RNG, form legality, transfer restrictions",8ad201e80244f630ab5a46922ab72fb79c5ad4f4
PKHeX.Core/Legality/Verifiers/FormVerifier.cs,legality_encounters_evolution,reimplement_rules_and_tests,high,"encounters, evolution, learnsets, RNG, form legality, transfer restrictions",8ad201e80244f630ab5a46922ab72fb79c5ad4f4
PKHeX.Core/Legality/Verifiers/GenderVerifier.cs,legality_encounters_evolution,reimplement_rules_and_tests,high,"encounters, evolution, learnsets, RNG, form legality, transfer restrictions",8ad201e80244f630ab5a46922ab72fb79c5ad4f4
PKHeX.Core/Legality/Verifiers/GroundTileVerifier.cs,legality_encounters_evolution,reimplement_rules_and_tests,high,"encounters, evolution, learnsets, RNG, form legality, transfer restrictions",8ad201e80244f630ab5a46922ab72fb79c5ad4f4
PKHeX.Core/Legality/Verifiers/HistoryVerifier.cs,legality_encounters_evolution,reimplement_rules_and_tests,high,"encounters, evolution, learnsets, RNG, form legality, transfer restrictions",8ad201e80244f630ab5a46922ab72fb79c5ad4f4
PKHeX.Core/Legality/Verifiers/HyperTrainingVerifier.cs,legality_encounters_evolution,reimplement_rules_and_tests,high,"encounters, evolution, learnsets, RNG, form legality, transfer restrictions",8ad201e80244f630ab5a46922ab72fb79c5ad4f4
PKHeX.Core/Legality/Verifiers/IndividualValueVerifier.cs,legality_encounters_evolution,reimplement_rules_and_tests,high,"encounters, evolution, learnsets, RNG, form legality, transfer restrictions",8ad201e80244f630ab5a46922ab72fb79c5ad4f4
PKHeX.Core/Legality/Verifiers/ItemVerifier.cs,legality_encounters_evolution,reimplement_rules_and_tests,high,"encounters, evolution, learnsets, RNG, form legality, transfer restrictions",8ad201e80244f630ab5a46922ab72fb79c5ad4f4
PKHeX.Core/Legality/Verifiers/LanguageVerifier.cs,legality_encounters_evolution,reimplement_rules_and_tests,high,"encounters, evolution, learnsets, RNG, form legality, transfer restrictions",8ad201e80244f630ab5a46922ab72fb79c5ad4f4
PKHeX.Core/Legality/Verifiers/LegendsArceusVerifier.cs,legality_encounters_evolution,reimplement_rules_and_tests,high,"encounters, evolution, learnsets, RNG, form legality, transfer restrictions",8ad201e80244f630ab5a46922ab72fb79c5ad4f4
PKHeX.Core/Legality/Verifiers/LegendsZAVerifier.cs,legality_encounters_evolution,reimplement_rules_and_tests,high,"encounters, evolution, learnsets, RNG, form legality, transfer restrictions",8ad201e80244f630ab5a46922ab72fb79c5ad4f4
PKHeX.Core/Legality/Verifiers/LevelVerifier.cs,legality_encounters_evolution,reimplement_rules_and_tests,high,"encounters, evolution, learnsets, RNG, form legality, transfer restrictions",8ad201e80244f630ab5a46922ab72fb79c5ad4f4
PKHeX.Core/Legality/Verifiers/MarkingVerifier.cs,legality_encounters_evolution,reimplement_rules_and_tests,high,"encounters, evolution, learnsets, RNG, form legality, transfer restrictions",8ad201e80244f630ab5a46922ab72fb79c5ad4f4
PKHeX.Core/Legality/Verifiers/MarkVerifier.cs,legality_encounters_evolution,reimplement_rules_and_tests,high,"encounters, evolution, learnsets, RNG, form legality, transfer restrictions",8ad201e80244f630ab5a46922ab72fb79c5ad4f4
PKHeX.Core/Legality/Verifiers/MedalVerifier.cs,legality_encounters_evolution,reimplement_rules_and_tests,high,"encounters, evolution, learnsets, RNG, form legality, transfer restrictions",8ad201e80244f630ab5a46922ab72fb79c5ad4f4
PKHeX.Core/Legality/Verifiers/MemoryVerifier.cs,legality_encounters_evolution,reimplement_rules_and_tests,high,"encounters, evolution, learnsets, RNG, form legality, transfer restrictions",8ad201e80244f630ab5a46922ab72fb79c5ad4f4
PKHeX.Core/Legality/Verifiers/Misc/ContestStatGranting.cs,legality_encounters_evolution,reimplement_rules_and_tests,high,"encounters, evolution, learnsets, RNG, form legality, transfer restrictions",8ad201e80244f630ab5a46922ab72fb79c5ad4f4
PKHeX.Core/Legality/Verifiers/Misc/ContestStatGrantingSheen.cs,legality_encounters_evolution,reimplement_rules_and_tests,high,"encounters, evolution, learnsets, RNG, form legality, transfer restrictions",8ad201e80244f630ab5a46922ab72fb79c5ad4f4
PKHeX.Core/Legality/Verifiers/Misc/ContestStatInfo.cs,legality_encounters_evolution,reimplement_rules_and_tests,high,"encounters, evolution, learnsets, RNG, form legality, transfer restrictions",8ad201e80244f630ab5a46922ab72fb79c5ad4f4
PKHeX.Core/Legality/Verifiers/Misc/FullnessRules.cs,legality_encounters_evolution,reimplement_rules_and_tests,high,"encounters, evolution, learnsets, RNG, form legality, transfer restrictions",8ad201e80244f630ab5a46922ab72fb79c5ad4f4
PKHeX.Core/Legality/Verifiers/Misc/Gen4GlobalTradeRules.cs,legality_encounters_evolution,reimplement_rules_and_tests,high,"encounters, evolution, learnsets, RNG, form legality, transfer restrictions",8ad201e80244f630ab5a46922ab72fb79c5ad4f4
PKHeX.Core/Legality/Verifiers/Misc/MiscDateVerifier.cs,legality_encounters_evolution,reimplement_rules_and_tests,high,"encounters, evolution, learnsets, RNG, form legality, transfer restrictions",8ad201e80244f630ab5a46922ab72fb79c5ad4f4
PKHeX.Core/Legality/Verifiers/Misc/MiscEncounterDetailsVerifier.cs,legality_encounters_evolution,reimplement_rules_and_tests,high,"encounters, evolution, learnsets, RNG, form legality, transfer restrictions",8ad201e80244f630ab5a46922ab72fb79c5ad4f4
PKHeX.Core/Legality/Verifiers/Misc/MiscEvolutionVerifier.cs,legality_encounters_evolution,reimplement_rules_and_tests,high,"encounters, evolution, learnsets, RNG, form legality, transfer restrictions",8ad201e80244f630ab5a46922ab72fb79c5ad4f4
PKHeX.Core/Legality/Verifiers/Misc/MiscFatefulEncounterVerifier.cs,legality_encounters_evolution,reimplement_rules_and_tests,high,"encounters, evolution, learnsets, RNG, form legality, transfer restrictions",8ad201e80244f630ab5a46922ab72fb79c5ad4f4
PKHeX.Core/Legality/Verifiers/Misc/MiscG1Verifier.cs,legality_encounters_evolution,reimplement_rules_and_tests,high,"encounters, evolution, learnsets, RNG, form legality, transfer restrictions",8ad201e80244f630ab5a46922ab72fb79c5ad4f4
PKHeX.Core/Legality/Verifiers/Misc/MiscPokerusVerifier.cs,legality_encounters_evolution,reimplement_rules_and_tests,high,"encounters, evolution, learnsets, RNG, form legality, transfer restrictions",8ad201e80244f630ab5a46922ab72fb79c5ad4f4
PKHeX.Core/Legality/Verifiers/Misc/MiscScaleVerifier.cs,legality_encounters_evolution,reimplement_rules_and_tests,high,"encounters, evolution, learnsets, RNG, form legality, transfer restrictions",8ad201e80244f630ab5a46922ab72fb79c5ad4f4
PKHeX.Core/Legality/Verifiers/Misc/MiscVerifierG3.cs,legality_encounters_evolution,reimplement_rules_and_tests,high,"encounters, evolution, learnsets, RNG, form legality, transfer restrictions",8ad201e80244f630ab5a46922ab72fb79c5ad4f4
PKHeX.Core/Legality/Verifiers/Misc/MiscVerifierG4.cs,legality_encounters_evolution,reimplement_rules_and_tests,high,"encounters, evolution, learnsets, RNG, form legality, transfer restrictions",8ad201e80244f630ab5a46922ab72fb79c5ad4f4
PKHeX.Core/Legality/Verifiers/Misc/MiscVerifierHelpers.cs,legality_encounters_evolution,reimplement_rules_and_tests,high,"encounters, evolution, learnsets, RNG, form legality, transfer restrictions",8ad201e80244f630ab5a46922ab72fb79c5ad4f4
PKHeX.Core/Legality/Verifiers/Misc/MiscVerifierPA8.cs,legality_encounters_evolution,reimplement_rules_and_tests,high,"encounters, evolution, learnsets, RNG, form legality, transfer restrictions",8ad201e80244f630ab5a46922ab72fb79c5ad4f4
PKHeX.Core/Legality/Verifiers/Misc/MiscVerifierPA9.cs,legality_encounters_evolution,reimplement_rules_and_tests,high,"encounters, evolution, learnsets, RNG, form legality, transfer restrictions",8ad201e80244f630ab5a46922ab72fb79c5ad4f4
PKHeX.Core/Legality/Verifiers/Misc/MiscVerifierPB7.cs,legality_encounters_evolution,reimplement_rules_and_tests,high,"encounters, evolution, learnsets, RNG, form legality, transfer restrictions",8ad201e80244f630ab5a46922ab72fb79c5ad4f4
PKHeX.Core/Legality/Verifiers/Misc/MiscVerifierPB8.cs,legality_encounters_evolution,reimplement_rules_and_tests,high,"encounters, evolution, learnsets, RNG, form legality, transfer restrictions",8ad201e80244f630ab5a46922ab72fb79c5ad4f4
PKHeX.Core/Legality/Verifiers/Misc/MiscVerifierPK5.cs,legality_encounters_evolution,reimplement_rules_and_tests,high,"encounters, evolution, learnsets, RNG, form legality, transfer restrictions",8ad201e80244f630ab5a46922ab72fb79c5ad4f4
PKHeX.Core/Legality/Verifiers/Misc/MiscVerifierPK6.cs,legality_encounters_evolution,reimplement_rules_and_tests,high,"encounters, evolution, learnsets, RNG, form legality, transfer restrictions",8ad201e80244f630ab5a46922ab72fb79c5ad4f4
PKHeX.Core/Legality/Verifiers/Misc/MiscVerifierPK7.cs,legality_encounters_evolution,reimplement_rules_and_tests,high,"encounters, evolution, learnsets, RNG, form legality, transfer restrictions",8ad201e80244f630ab5a46922ab72fb79c5ad4f4
PKHeX.Core/Legality/Verifiers/Misc/MiscVerifierPK8.cs,legality_encounters_evolution,reimplement_rules_and_tests,high,"encounters, evolution, learnsets, RNG, form legality, transfer restrictions",8ad201e80244f630ab5a46922ab72fb79c5ad4f4
PKHeX.Core/Legality/Verifiers/Misc/MiscVerifierPK9.cs,legality_encounters_evolution,reimplement_rules_and_tests,high,"encounters, evolution, learnsets, RNG, form legality, transfer restrictions",8ad201e80244f630ab5a46922ab72fb79c5ad4f4
PKHeX.Core/Legality/Verifiers/Misc/MiscVerifierSK2.cs,legality_encounters_evolution,reimplement_rules_and_tests,high,"encounters, evolution, learnsets, RNG, form legality, transfer restrictions",8ad201e80244f630ab5a46922ab72fb79c5ad4f4
PKHeX.Core/Legality/Verifiers/MiscVerifier.cs,legality_encounters_evolution,reimplement_rules_and_tests,high,"encounters, evolution, learnsets, RNG, form legality, transfer restrictions",8ad201e80244f630ab5a46922ab72fb79c5ad4f4
PKHeX.Core/Legality/Verifiers/MovePPVerifier.cs,legality_encounters_evolution,reimplement_rules_and_tests,high,"encounters, evolution, learnsets, RNG, form legality, transfer restrictions",8ad201e80244f630ab5a46922ab72fb79c5ad4f4
PKHeX.Core/Legality/Verifiers/NicknameVerifier.cs,legality_encounters_evolution,reimplement_rules_and_tests,high,"encounters, evolution, learnsets, RNG, form legality, transfer restrictions",8ad201e80244f630ab5a46922ab72fb79c5ad4f4
PKHeX.Core/Legality/Verifiers/PIDVerifier.cs,legality_encounters_evolution,reimplement_rules_and_tests,high,"encounters, evolution, learnsets, RNG, form legality, transfer restrictions",8ad201e80244f630ab5a46922ab72fb79c5ad4f4
PKHeX.Core/Legality/Verifiers/Ribbons/MarkRules.cs,legality_encounters_evolution,reimplement_rules_and_tests,high,"encounters, evolution, learnsets, RNG, form legality, transfer restrictions",8ad201e80244f630ab5a46922ab72fb79c5ad4f4
PKHeX.Core/Legality/Verifiers/Ribbons/RibbonResult.cs,legality_encounters_evolution,reimplement_rules_and_tests,high,"encounters, evolution, learnsets, RNG, form legality, transfer restrictions",8ad201e80244f630ab5a46922ab72fb79c5ad4f4
PKHeX.Core/Legality/Verifiers/Ribbons/RibbonResultList.cs,legality_encounters_evolution,reimplement_rules_and_tests,high,"encounters, evolution, learnsets, RNG, form legality, transfer restrictions",8ad201e80244f630ab5a46922ab72fb79c5ad4f4
PKHeX.Core/Legality/Verifiers/Ribbons/RibbonRules.cs,legality_encounters_evolution,reimplement_rules_and_tests,high,"encounters, evolution, learnsets, RNG, form legality, transfer restrictions",8ad201e80244f630ab5a46922ab72fb79c5ad4f4
PKHeX.Core/Legality/Verifiers/Ribbons/RibbonStrings.cs,legality_encounters_evolution,reimplement_rules_and_tests,high,"encounters, evolution, learnsets, RNG, form legality, transfer restrictions",8ad201e80244f630ab5a46922ab72fb79c5ad4f4
PKHeX.Core/Legality/Verifiers/Ribbons/RibbonVerifier.cs,legality_encounters_evolution,reimplement_rules_and_tests,high,"encounters, evolution, learnsets, RNG, form legality, transfer restrictions",8ad201e80244f630ab5a46922ab72fb79c5ad4f4
PKHeX.Core/Legality/Verifiers/Ribbons/RibbonVerifierArguments.cs,legality_encounters_evolution,reimplement_rules_and_tests,high,"encounters, evolution, learnsets, RNG, form legality, transfer restrictions",8ad201e80244f630ab5a46922ab72fb79c5ad4f4
PKHeX.Core/Legality/Verifiers/Ribbons/RibbonVerifierCommon3.cs,legality_encounters_evolution,reimplement_rules_and_tests,high,"encounters, evolution, learnsets, RNG, form legality, transfer restrictions",8ad201e80244f630ab5a46922ab72fb79c5ad4f4
PKHeX.Core/Legality/Verifiers/Ribbons/RibbonVerifierCommon4.cs,legality_encounters_evolution,reimplement_rules_and_tests,high,"encounters, evolution, learnsets, RNG, form legality, transfer restrictions",8ad201e80244f630ab5a46922ab72fb79c5ad4f4
PKHeX.Core/Legality/Verifiers/Ribbons/RibbonVerifierCommon6.cs,legality_encounters_evolution,reimplement_rules_and_tests,high,"encounters, evolution, learnsets, RNG, form legality, transfer restrictions",8ad201e80244f630ab5a46922ab72fb79c5ad4f4
PKHeX.Core/Legality/Verifiers/Ribbons/RibbonVerifierCommon7.cs,legality_encounters_evolution,reimplement_rules_and_tests,high,"encounters, evolution, learnsets, RNG, form legality, transfer restrictions",8ad201e80244f630ab5a46922ab72fb79c5ad4f4
PKHeX.Core/Legality/Verifiers/Ribbons/RibbonVerifierCommon8.cs,legality_encounters_evolution,reimplement_rules_and_tests,high,"encounters, evolution, learnsets, RNG, form legality, transfer restrictions",8ad201e80244f630ab5a46922ab72fb79c5ad4f4
PKHeX.Core/Legality/Verifiers/Ribbons/RibbonVerifierCommon9.cs,legality_encounters_evolution,reimplement_rules_and_tests,high,"encounters, evolution, learnsets, RNG, form legality, transfer restrictions",8ad201e80244f630ab5a46922ab72fb79c5ad4f4
PKHeX.Core/Legality/Verifiers/Ribbons/RibbonVerifierEvent3.cs,legality_encounters_evolution,reimplement_rules_and_tests,high,"encounters, evolution, learnsets, RNG, form legality, transfer restrictions",8ad201e80244f630ab5a46922ab72fb79c5ad4f4
PKHeX.Core/Legality/Verifiers/Ribbons/RibbonVerifierEvent4.cs,legality_encounters_evolution,reimplement_rules_and_tests,high,"encounters, evolution, learnsets, RNG, form legality, transfer restrictions",8ad201e80244f630ab5a46922ab72fb79c5ad4f4
PKHeX.Core/Legality/Verifiers/Ribbons/RibbonVerifierMark9.cs,legality_encounters_evolution,reimplement_rules_and_tests,high,"encounters, evolution, learnsets, RNG, form legality, transfer restrictions",8ad201e80244f630ab5a46922ab72fb79c5ad4f4
PKHeX.Core/Legality/Verifiers/Ribbons/RibbonVerifierOnly3.cs,legality_encounters_evolution,reimplement_rules_and_tests,high,"encounters, evolution, learnsets, RNG, form legality, transfer restrictions",8ad201e80244f630ab5a46922ab72fb79c5ad4f4
PKHeX.Core/Legality/Verifiers/Ribbons/RibbonVerifierUnique3.cs,legality_encounters_evolution,reimplement_rules_and_tests,high,"encounters, evolution, learnsets, RNG, form legality, transfer restrictions",8ad201e80244f630ab5a46922ab72fb79c5ad4f4
PKHeX.Core/Legality/Verifiers/Ribbons/RibbonVerifierUnique4.cs,legality_encounters_evolution,reimplement_rules_and_tests,high,"encounters, evolution, learnsets, RNG, form legality, transfer restrictions",8ad201e80244f630ab5a46922ab72fb79c5ad4f4
PKHeX.Core/Legality/Verifiers/SlotTypeVerifier.cs,legality_encounters_evolution,reimplement_rules_and_tests,high,"encounters, evolution, learnsets, RNG, form legality, transfer restrictions",8ad201e80244f630ab5a46922ab72fb79c5ad4f4
PKHeX.Core/Legality/Verifiers/TrainerIDVerifier.cs,legality_encounters_evolution,reimplement_rules_and_tests,high,"encounters, evolution, learnsets, RNG, form legality, transfer restrictions",8ad201e80244f630ab5a46922ab72fb79c5ad4f4
PKHeX.Core/Legality/Verifiers/TrainerNameVerifier.cs,legality_encounters_evolution,reimplement_rules_and_tests,high,"encounters, evolution, learnsets, RNG, form legality, transfer restrictions",8ad201e80244f630ab5a46922ab72fb79c5ad4f4
PKHeX.Core/Legality/Verifiers/TransferVerifier.cs,legality_encounters_evolution,reimplement_rules_and_tests,high,"encounters, evolution, learnsets, RNG, form legality, transfer restrictions",8ad201e80244f630ab5a46922ab72fb79c5ad4f4
PKHeX.Core/Legality/Verifiers/TrashByteVerifier.cs,legality_encounters_evolution,reimplement_rules_and_tests,high,"encounters, evolution, learnsets, RNG, form legality, transfer restrictions",8ad201e80244f630ab5a46922ab72fb79c5ad4f4
PKHeX.Core/Legality/Verifiers/Verifier.cs,legality_encounters_evolution,reimplement_rules_and_tests,high,"encounters, evolution, learnsets, RNG, form legality, transfer restrictions",8ad201e80244f630ab5a46922ab72fb79c5ad4f4
PKHeX.Core/Moves/MoveInfo.cs,moves,extract_normalized_data,critical,"move IDs, PP and generation-specific move metadata",8ad201e80244f630ab5a46922ab72fb79c5ad4f4
PKHeX.Core/Moves/MoveInfo1.cs,moves,extract_normalized_data,critical,"move IDs, PP and generation-specific move metadata",8ad201e80244f630ab5a46922ab72fb79c5ad4f4
PKHeX.Core/Moves/MoveInfo2.cs,moves,extract_normalized_data,critical,"move IDs, PP and generation-specific move metadata",8ad201e80244f630ab5a46922ab72fb79c5ad4f4
PKHeX.Core/Moves/MoveInfo3.cs,moves,extract_normalized_data,critical,"move IDs, PP and generation-specific move metadata",8ad201e80244f630ab5a46922ab72fb79c5ad4f4
PKHeX.Core/Moves/MoveInfo4.cs,moves,extract_normalized_data,critical,"move IDs, PP and generation-specific move metadata",8ad201e80244f630ab5a46922ab72fb79c5ad4f4
PKHeX.Core/Moves/MoveInfo5.cs,moves,extract_normalized_data,critical,"move IDs, PP and generation-specific move metadata",8ad201e80244f630ab5a46922ab72fb79c5ad4f4
PKHeX.Core/Moves/MoveInfo6.cs,moves,extract_normalized_data,critical,"move IDs, PP and generation-specific move metadata",8ad201e80244f630ab5a46922ab72fb79c5ad4f4
PKHeX.Core/Moves/MoveInfo7.cs,moves,extract_normalized_data,critical,"move IDs, PP and generation-specific move metadata",8ad201e80244f630ab5a46922ab72fb79c5ad4f4
PKHeX.Core/Moves/MoveInfo7b.cs,moves,extract_normalized_data,critical,"move IDs, PP and generation-specific move metadata",8ad201e80244f630ab5a46922ab72fb79c5ad4f4
PKHeX.Core/Moves/MoveInfo8.cs,moves,extract_normalized_data,critical,"move IDs, PP and generation-specific move metadata",8ad201e80244f630ab5a46922ab72fb79c5ad4f4
PKHeX.Core/Moves/MoveInfo8a.cs,moves,extract_normalized_data,critical,"move IDs, PP and generation-specific move metadata",8ad201e80244f630ab5a46922ab72fb79c5ad4f4
PKHeX.Core/Moves/MoveInfo8b.cs,moves,extract_normalized_data,critical,"move IDs, PP and generation-specific move metadata",8ad201e80244f630ab5a46922ab72fb79c5ad4f4
PKHeX.Core/Moves/MoveInfo9.cs,moves,extract_normalized_data,critical,"move IDs, PP and generation-specific move metadata",8ad201e80244f630ab5a46922ab72fb79c5ad4f4
PKHeX.Core/Moves/MoveInfo9a.cs,moves,extract_normalized_data,critical,"move IDs, PP and generation-specific move metadata",8ad201e80244f630ab5a46922ab72fb79c5ad4f4
PKHeX.Core/Moves/MoveInfoGO.cs,moves,extract_normalized_data,critical,"move IDs, PP and generation-specific move metadata",8ad201e80244f630ab5a46922ab72fb79c5ad4f4
PKHeX.Core/Moves/VirtualConsolePP.cs,moves,extract_normalized_data,critical,"move IDs, PP and generation-specific move metadata",8ad201e80244f630ab5a46922ab72fb79c5ad4f4
PKHeX.Core/MysteryGifts/DataMysteryGift.cs,mystery_gifts,extract_formats_and_validation,high,"PGT/PCD/PGF/WC formats, gift conversion and constraints",8ad201e80244f630ab5a46922ab72fb79c5ad4f4
PKHeX.Core/MysteryGifts/MysteryGift.cs,mystery_gifts,extract_formats_and_validation,high,"PGT/PCD/PGF/WC formats, gift conversion and constraints",8ad201e80244f630ab5a46922ab72fb79c5ad4f4
PKHeX.Core/MysteryGifts/MysteryUtil.cs,mystery_gifts,extract_formats_and_validation,high,"PGT/PCD/PGF/WC formats, gift conversion and constraints",8ad201e80244f630ab5a46922ab72fb79c5ad4f4
PKHeX.Core/MysteryGifts/PCD.cs,mystery_gifts,extract_formats_and_validation,high,"PGT/PCD/PGF/WC formats, gift conversion and constraints",8ad201e80244f630ab5a46922ab72fb79c5ad4f4
PKHeX.Core/MysteryGifts/PGF.cs,mystery_gifts,extract_formats_and_validation,high,"PGT/PCD/PGF/WC formats, gift conversion and constraints",8ad201e80244f630ab5a46922ab72fb79c5ad4f4
PKHeX.Core/MysteryGifts/PGT.cs,mystery_gifts,extract_formats_and_validation,high,"PGT/PCD/PGF/WC formats, gift conversion and constraints",8ad201e80244f630ab5a46922ab72fb79c5ad4f4
PKHeX.Core/MysteryGifts/PL6.cs,mystery_gifts,extract_formats_and_validation,high,"PGT/PCD/PGF/WC formats, gift conversion and constraints",8ad201e80244f630ab5a46922ab72fb79c5ad4f4
PKHeX.Core/MysteryGifts/ShinyType6.cs,mystery_gifts,extract_formats_and_validation,high,"PGT/PCD/PGF/WC formats, gift conversion and constraints",8ad201e80244f630ab5a46922ab72fb79c5ad4f4
PKHeX.Core/MysteryGifts/ShinyType8.cs,mystery_gifts,extract_formats_and_validation,high,"PGT/PCD/PGF/WC formats, gift conversion and constraints",8ad201e80244f630ab5a46922ab72fb79c5ad4f4
PKHeX.Core/MysteryGifts/WA8.cs,mystery_gifts,extract_formats_and_validation,high,"PGT/PCD/PGF/WC formats, gift conversion and constraints",8ad201e80244f630ab5a46922ab72fb79c5ad4f4
PKHeX.Core/MysteryGifts/WA9.cs,mystery_gifts,extract_formats_and_validation,high,"PGT/PCD/PGF/WC formats, gift conversion and constraints",8ad201e80244f630ab5a46922ab72fb79c5ad4f4
PKHeX.Core/MysteryGifts/WB7.cs,mystery_gifts,extract_formats_and_validation,high,"PGT/PCD/PGF/WC formats, gift conversion and constraints",8ad201e80244f630ab5a46922ab72fb79c5ad4f4
PKHeX.Core/MysteryGifts/WB8.cs,mystery_gifts,extract_formats_and_validation,high,"PGT/PCD/PGF/WC formats, gift conversion and constraints",8ad201e80244f630ab5a46922ab72fb79c5ad4f4
PKHeX.Core/MysteryGifts/WC5Full.cs,mystery_gifts,extract_formats_and_validation,high,"PGT/PCD/PGF/WC formats, gift conversion and constraints",8ad201e80244f630ab5a46922ab72fb79c5ad4f4
PKHeX.Core/MysteryGifts/WC6.cs,mystery_gifts,extract_formats_and_validation,high,"PGT/PCD/PGF/WC formats, gift conversion and constraints",8ad201e80244f630ab5a46922ab72fb79c5ad4f4
PKHeX.Core/MysteryGifts/WC6Full.cs,mystery_gifts,extract_formats_and_validation,high,"PGT/PCD/PGF/WC formats, gift conversion and constraints",8ad201e80244f630ab5a46922ab72fb79c5ad4f4
PKHeX.Core/MysteryGifts/WC7.cs,mystery_gifts,extract_formats_and_validation,high,"PGT/PCD/PGF/WC formats, gift conversion and constraints",8ad201e80244f630ab5a46922ab72fb79c5ad4f4
PKHeX.Core/MysteryGifts/WC7Full.cs,mystery_gifts,extract_formats_and_validation,high,"PGT/PCD/PGF/WC formats, gift conversion and constraints",8ad201e80244f630ab5a46922ab72fb79c5ad4f4
PKHeX.Core/MysteryGifts/WC8.cs,mystery_gifts,extract_formats_and_validation,high,"PGT/PCD/PGF/WC formats, gift conversion and constraints",8ad201e80244f630ab5a46922ab72fb79c5ad4f4
PKHeX.Core/MysteryGifts/WC9.cs,mystery_gifts,extract_formats_and_validation,high,"PGT/PCD/PGF/WC formats, gift conversion and constraints",8ad201e80244f630ab5a46922ab72fb79c5ad4f4
PKHeX.Core/MysteryGifts/WR7.cs,mystery_gifts,extract_formats_and_validation,high,"PGT/PCD/PGF/WC formats, gift conversion and constraints",8ad201e80244f630ab5a46922ab72fb79c5ad4f4
PKHeX.Core/PersonalInfo/Enums/EggGroup.cs,personal_data,extract_normalized_data,critical,"species/form stats, types, abilities, form-table indexing",8ad201e80244f630ab5a46922ab72fb79c5ad4f4
PKHeX.Core/PersonalInfo/Enums/PersonalColor.cs,personal_data,extract_normalized_data,critical,"species/form stats, types, abilities, form-table indexing",8ad201e80244f630ab5a46922ab72fb79c5ad4f4
PKHeX.Core/PersonalInfo/Info/PersonalInfo1.cs,personal_data,extract_normalized_data,critical,"species/form stats, types, abilities, form-table indexing",8ad201e80244f630ab5a46922ab72fb79c5ad4f4
PKHeX.Core/PersonalInfo/Info/PersonalInfo2.cs,personal_data,extract_normalized_data,critical,"species/form stats, types, abilities, form-table indexing",8ad201e80244f630ab5a46922ab72fb79c5ad4f4
PKHeX.Core/PersonalInfo/Info/PersonalInfo3.cs,personal_data,extract_normalized_data,critical,"species/form stats, types, abilities, form-table indexing",8ad201e80244f630ab5a46922ab72fb79c5ad4f4
PKHeX.Core/PersonalInfo/Info/PersonalInfo4.cs,personal_data,extract_normalized_data,critical,"species/form stats, types, abilities, form-table indexing",8ad201e80244f630ab5a46922ab72fb79c5ad4f4
PKHeX.Core/PersonalInfo/Info/PersonalInfo5B2W2.cs,personal_data,extract_normalized_data,critical,"species/form stats, types, abilities, form-table indexing",8ad201e80244f630ab5a46922ab72fb79c5ad4f4
PKHeX.Core/PersonalInfo/Info/PersonalInfo5BW.cs,personal_data,extract_normalized_data,critical,"species/form stats, types, abilities, form-table indexing",8ad201e80244f630ab5a46922ab72fb79c5ad4f4
PKHeX.Core/PersonalInfo/Info/PersonalInfo6AO.cs,personal_data,extract_normalized_data,critical,"species/form stats, types, abilities, form-table indexing",8ad201e80244f630ab5a46922ab72fb79c5ad4f4
PKHeX.Core/PersonalInfo/Info/PersonalInfo6XY.cs,personal_data,extract_normalized_data,critical,"species/form stats, types, abilities, form-table indexing",8ad201e80244f630ab5a46922ab72fb79c5ad4f4
PKHeX.Core/PersonalInfo/Info/PersonalInfo7.cs,personal_data,extract_normalized_data,critical,"species/form stats, types, abilities, form-table indexing",8ad201e80244f630ab5a46922ab72fb79c5ad4f4
PKHeX.Core/PersonalInfo/Info/PersonalInfo7GG.cs,personal_data,extract_normalized_data,critical,"species/form stats, types, abilities, form-table indexing",8ad201e80244f630ab5a46922ab72fb79c5ad4f4
PKHeX.Core/PersonalInfo/Info/PersonalInfo8BDSP.cs,personal_data,extract_normalized_data,critical,"species/form stats, types, abilities, form-table indexing",8ad201e80244f630ab5a46922ab72fb79c5ad4f4
PKHeX.Core/PersonalInfo/Info/PersonalInfo8LA.cs,personal_data,extract_normalized_data,critical,"species/form stats, types, abilities, form-table indexing",8ad201e80244f630ab5a46922ab72fb79c5ad4f4
PKHeX.Core/PersonalInfo/Info/PersonalInfo8SWSH.cs,personal_data,extract_normalized_data,critical,"species/form stats, types, abilities, form-table indexing",8ad201e80244f630ab5a46922ab72fb79c5ad4f4
PKHeX.Core/PersonalInfo/Info/PersonalInfo9SV.cs,personal_data,extract_normalized_data,critical,"species/form stats, types, abilities, form-table indexing",8ad201e80244f630ab5a46922ab72fb79c5ad4f4
PKHeX.Core/PersonalInfo/Info/PersonalInfo9ZA.cs,personal_data,extract_normalized_data,critical,"species/form stats, types, abilities, form-table indexing",8ad201e80244f630ab5a46922ab72fb79c5ad4f4
PKHeX.Core/PersonalInfo/Interfaces/IBaseStat.cs,personal_data,extract_normalized_data,critical,"species/form stats, types, abilities, form-table indexing",8ad201e80244f630ab5a46922ab72fb79c5ad4f4
PKHeX.Core/PersonalInfo/Interfaces/IEffortValueYield.cs,personal_data,extract_normalized_data,critical,"species/form stats, types, abilities, form-table indexing",8ad201e80244f630ab5a46922ab72fb79c5ad4f4
PKHeX.Core/PersonalInfo/Interfaces/IGenderDetail.cs,personal_data,extract_normalized_data,critical,"species/form stats, types, abilities, form-table indexing",8ad201e80244f630ab5a46922ab72fb79c5ad4f4
PKHeX.Core/PersonalInfo/Interfaces/IPersonalAbility.cs,personal_data,extract_normalized_data,critical,"species/form stats, types, abilities, form-table indexing",8ad201e80244f630ab5a46922ab72fb79c5ad4f4
PKHeX.Core/PersonalInfo/Interfaces/IPersonalEgg.cs,personal_data,extract_normalized_data,critical,"species/form stats, types, abilities, form-table indexing",8ad201e80244f630ab5a46922ab72fb79c5ad4f4
PKHeX.Core/PersonalInfo/Interfaces/IPersonalEncounter.cs,personal_data,extract_normalized_data,critical,"species/form stats, types, abilities, form-table indexing",8ad201e80244f630ab5a46922ab72fb79c5ad4f4
PKHeX.Core/PersonalInfo/Interfaces/IPersonalFormInfo.cs,personal_data,extract_normalized_data,critical,"species/form stats, types, abilities, form-table indexing",8ad201e80244f630ab5a46922ab72fb79c5ad4f4
PKHeX.Core/PersonalInfo/Interfaces/IPersonalInfo.cs,personal_data,extract_normalized_data,critical,"species/form stats, types, abilities, form-table indexing",8ad201e80244f630ab5a46922ab72fb79c5ad4f4
PKHeX.Core/PersonalInfo/Interfaces/IPersonalInfoTM.cs,personal_data,extract_normalized_data,critical,"species/form stats, types, abilities, form-table indexing",8ad201e80244f630ab5a46922ab72fb79c5ad4f4
PKHeX.Core/PersonalInfo/Interfaces/IPersonalInfoTR.cs,personal_data,extract_normalized_data,critical,"species/form stats, types, abilities, form-table indexing",8ad201e80244f630ab5a46922ab72fb79c5ad4f4
PKHeX.Core/PersonalInfo/Interfaces/IPersonalInfoTutorType.cs,personal_data,extract_normalized_data,critical,"species/form stats, types, abilities, form-table indexing",8ad201e80244f630ab5a46922ab72fb79c5ad4f4
PKHeX.Core/PersonalInfo/Interfaces/IPersonalMisc.cs,personal_data,extract_normalized_data,critical,"species/form stats, types, abilities, form-table indexing",8ad201e80244f630ab5a46922ab72fb79c5ad4f4
PKHeX.Core/PersonalInfo/Interfaces/IPersonalTable.cs,personal_data,extract_normalized_data,critical,"species/form stats, types, abilities, form-table indexing",8ad201e80244f630ab5a46922ab72fb79c5ad4f4
PKHeX.Core/PersonalInfo/Interfaces/IPersonalType.cs,personal_data,extract_normalized_data,critical,"species/form stats, types, abilities, form-table indexing",8ad201e80244f630ab5a46922ab72fb79c5ad4f4
PKHeX.Core/PersonalInfo/PersonalInfo.cs,personal_data,extract_normalized_data,critical,"species/form stats, types, abilities, form-table indexing",8ad201e80244f630ab5a46922ab72fb79c5ad4f4
PKHeX.Core/PersonalInfo/PersonalTable.cs,personal_data,extract_normalized_data,critical,"species/form stats, types, abilities, form-table indexing",8ad201e80244f630ab5a46922ab72fb79c5ad4f4
PKHeX.Core/PersonalInfo/Table/PersonalTable1.cs,personal_data,extract_normalized_data,critical,"species/form stats, types, abilities, form-table indexing",8ad201e80244f630ab5a46922ab72fb79c5ad4f4
PKHeX.Core/PersonalInfo/Table/PersonalTable2.cs,personal_data,extract_normalized_data,critical,"species/form stats, types, abilities, form-table indexing",8ad201e80244f630ab5a46922ab72fb79c5ad4f4
PKHeX.Core/PersonalInfo/Table/PersonalTable3.cs,personal_data,extract_normalized_data,critical,"species/form stats, types, abilities, form-table indexing",8ad201e80244f630ab5a46922ab72fb79c5ad4f4
PKHeX.Core/PersonalInfo/Table/PersonalTable4.cs,personal_data,extract_normalized_data,critical,"species/form stats, types, abilities, form-table indexing",8ad201e80244f630ab5a46922ab72fb79c5ad4f4
PKHeX.Core/PersonalInfo/Table/PersonalTable5B2W2.cs,personal_data,extract_normalized_data,critical,"species/form stats, types, abilities, form-table indexing",8ad201e80244f630ab5a46922ab72fb79c5ad4f4
PKHeX.Core/PersonalInfo/Table/PersonalTable5BW.cs,personal_data,extract_normalized_data,critical,"species/form stats, types, abilities, form-table indexing",8ad201e80244f630ab5a46922ab72fb79c5ad4f4
PKHeX.Core/PersonalInfo/Table/PersonalTable6AO.cs,personal_data,extract_normalized_data,critical,"species/form stats, types, abilities, form-table indexing",8ad201e80244f630ab5a46922ab72fb79c5ad4f4
PKHeX.Core/PersonalInfo/Table/PersonalTable6XY.cs,personal_data,extract_normalized_data,critical,"species/form stats, types, abilities, form-table indexing",8ad201e80244f630ab5a46922ab72fb79c5ad4f4
PKHeX.Core/PersonalInfo/Table/PersonalTable7.cs,personal_data,extract_normalized_data,critical,"species/form stats, types, abilities, form-table indexing",8ad201e80244f630ab5a46922ab72fb79c5ad4f4
PKHeX.Core/PersonalInfo/Table/PersonalTable7GG.cs,personal_data,extract_normalized_data,critical,"species/form stats, types, abilities, form-table indexing",8ad201e80244f630ab5a46922ab72fb79c5ad4f4
PKHeX.Core/PersonalInfo/Table/PersonalTable8BDSP.cs,personal_data,extract_normalized_data,critical,"species/form stats, types, abilities, form-table indexing",8ad201e80244f630ab5a46922ab72fb79c5ad4f4
PKHeX.Core/PersonalInfo/Table/PersonalTable8LA.cs,personal_data,extract_normalized_data,critical,"species/form stats, types, abilities, form-table indexing",8ad201e80244f630ab5a46922ab72fb79c5ad4f4
PKHeX.Core/PersonalInfo/Table/PersonalTable8SWSH.cs,personal_data,extract_normalized_data,critical,"species/form stats, types, abilities, form-table indexing",8ad201e80244f630ab5a46922ab72fb79c5ad4f4
PKHeX.Core/PersonalInfo/Table/PersonalTable9SV.cs,personal_data,extract_normalized_data,critical,"species/form stats, types, abilities, form-table indexing",8ad201e80244f630ab5a46922ab72fb79c5ad4f4
PKHeX.Core/PersonalInfo/Table/PersonalTable9ZA.cs,personal_data,extract_normalized_data,critical,"species/form stats, types, abilities, form-table indexing",8ad201e80244f630ab5a46922ab72fb79c5ad4f4
PKHeX.Core/PKM/BK4.cs,entity_formats,extract_schema_and_rules,critical,"PK1-PK9/PA8/PA9 field layouts, encryption, form and conversion semantics",8ad201e80244f630ab5a46922ab72fb79c5ad4f4
PKHeX.Core/PKM/CK3.cs,entity_formats,extract_schema_and_rules,critical,"PK1-PK9/PA8/PA9 field layouts, encryption, form and conversion semantics",8ad201e80244f630ab5a46922ab72fb79c5ad4f4
PKHeX.Core/PKM/Enums/AlcremieDecoration.cs,entity_formats,extract_schema_and_rules,critical,"PK1-PK9/PA8/PA9 field layouts, encryption, form and conversion semantics",8ad201e80244f630ab5a46922ab72fb79c5ad4f4
PKHeX.Core/PKM/Enums/GroundTileType.cs,entity_formats,extract_schema_and_rules,critical,"PK1-PK9/PA8/PA9 field layouts, encryption, form and conversion semantics",8ad201e80244f630ab5a46922ab72fb79c5ad4f4
PKHeX.Core/PKM/Enums/OriginMark.cs,entity_formats,extract_schema_and_rules,critical,"PK1-PK9/PA8/PA9 field layouts, encryption, form and conversion semantics",8ad201e80244f630ab5a46922ab72fb79c5ad4f4
PKHeX.Core/PKM/Enums/PokeblockFlavor.cs,entity_formats,extract_schema_and_rules,critical,"PK1-PK9/PA8/PA9 field layouts, encryption, form and conversion semantics",8ad201e80244f630ab5a46922ab72fb79c5ad4f4
PKHeX.Core/PKM/Enums/PokeSize.cs,entity_formats,extract_schema_and_rules,critical,"PK1-PK9/PA8/PA9 field layouts, encryption, form and conversion semantics",8ad201e80244f630ab5a46922ab72fb79c5ad4f4
PKHeX.Core/PKM/Enums/PokeSizeDetailed.cs,entity_formats,extract_schema_and_rules,critical,"PK1-PK9/PA8/PA9 field layouts, encryption, form and conversion semantics",8ad201e80244f630ab5a46922ab72fb79c5ad4f4
PKHeX.Core/PKM/Enums/StatusCondition.cs,entity_formats,extract_schema_and_rules,critical,"PK1-PK9/PA8/PA9 field layouts, encryption, form and conversion semantics",8ad201e80244f630ab5a46922ab72fb79c5ad4f4
PKHeX.Core/PKM/HOME/GameDataCore.cs,entity_formats,extract_schema_and_rules,critical,"PK1-PK9/PA8/PA9 field layouts, encryption, form and conversion semantics",8ad201e80244f630ab5a46922ab72fb79c5ad4f4
PKHeX.Core/PKM/HOME/GameDataPA8.cs,entity_formats,extract_schema_and_rules,critical,"PK1-PK9/PA8/PA9 field layouts, encryption, form and conversion semantics",8ad201e80244f630ab5a46922ab72fb79c5ad4f4
PKHeX.Core/PKM/HOME/GameDataPA9.cs,entity_formats,extract_schema_and_rules,critical,"PK1-PK9/PA8/PA9 field layouts, encryption, form and conversion semantics",8ad201e80244f630ab5a46922ab72fb79c5ad4f4
PKHeX.Core/PKM/HOME/GameDataPB7.cs,entity_formats,extract_schema_and_rules,critical,"PK1-PK9/PA8/PA9 field layouts, encryption, form and conversion semantics",8ad201e80244f630ab5a46922ab72fb79c5ad4f4
PKHeX.Core/PKM/HOME/GameDataPB8.cs,entity_formats,extract_schema_and_rules,critical,"PK1-PK9/PA8/PA9 field layouts, encryption, form and conversion semantics",8ad201e80244f630ab5a46922ab72fb79c5ad4f4
PKHeX.Core/PKM/HOME/GameDataPC9.cs,entity_formats,extract_schema_and_rules,critical,"PK1-PK9/PA8/PA9 field layouts, encryption, form and conversion semantics",8ad201e80244f630ab5a46922ab72fb79c5ad4f4
PKHeX.Core/PKM/HOME/GameDataPK8.cs,entity_formats,extract_schema_and_rules,critical,"PK1-PK9/PA8/PA9 field layouts, encryption, form and conversion semantics",8ad201e80244f630ab5a46922ab72fb79c5ad4f4
PKHeX.Core/PKM/HOME/GameDataPK9.cs,entity_formats,extract_schema_and_rules,critical,"PK1-PK9/PA8/PA9 field layouts, encryption, form and conversion semantics",8ad201e80244f630ab5a46922ab72fb79c5ad4f4
PKHeX.Core/PKM/HOME/HomeCrypto.cs,entity_formats,extract_schema_and_rules,critical,"PK1-PK9/PA8/PA9 field layouts, encryption, form and conversion semantics",8ad201e80244f630ab5a46922ab72fb79c5ad4f4
PKHeX.Core/PKM/HOME/HomeGameDataFormat.cs,entity_formats,extract_schema_and_rules,critical,"PK1-PK9/PA8/PA9 field layouts, encryption, form and conversion semantics",8ad201e80244f630ab5a46922ab72fb79c5ad4f4
PKHeX.Core/PKM/HOME/HomeOptional1.cs,entity_formats,extract_schema_and_rules,critical,"PK1-PK9/PA8/PA9 field layouts, encryption, form and conversion semantics",8ad201e80244f630ab5a46922ab72fb79c5ad4f4
PKHeX.Core/PKM/HOME/IGameDataSide.cs,entity_formats,extract_schema_and_rules,critical,"PK1-PK9/PA8/PA9 field layouts, encryption, form and conversion semantics",8ad201e80244f630ab5a46922ab72fb79c5ad4f4
PKHeX.Core/PKM/HOME/IGameDataSplitAbility.cs,entity_formats,extract_schema_and_rules,critical,"PK1-PK9/PA8/PA9 field layouts, encryption, form and conversion semantics",8ad201e80244f630ab5a46922ab72fb79c5ad4f4
PKHeX.Core/PKM/HOME/IHomeStorage.cs,entity_formats,extract_schema_and_rules,critical,"PK1-PK9/PA8/PA9 field layouts, encryption, form and conversion semantics",8ad201e80244f630ab5a46922ab72fb79c5ad4f4
PKHeX.Core/PKM/HOME/IPokerusStatus.cs,entity_formats,extract_schema_and_rules,critical,"PK1-PK9/PA8/PA9 field layouts, encryption, form and conversion semantics",8ad201e80244f630ab5a46922ab72fb79c5ad4f4
PKHeX.Core/PKM/HOME/PKH.cs,entity_formats,extract_schema_and_rules,critical,"PK1-PK9/PA8/PA9 field layouts, encryption, form and conversion semantics",8ad201e80244f630ab5a46922ab72fb79c5ad4f4
PKHeX.Core/PKM/Interfaces/IAffection.cs,entity_formats,extract_schema_and_rules,critical,"PK1-PK9/PA8/PA9 field layouts, encryption, form and conversion semantics",8ad201e80244f630ab5a46922ab72fb79c5ad4f4
PKHeX.Core/PKM/Interfaces/IAlpha.cs,entity_formats,extract_schema_and_rules,critical,"PK1-PK9/PA8/PA9 field layouts, encryption, form and conversion semantics",8ad201e80244f630ab5a46922ab72fb79c5ad4f4
PKHeX.Core/PKM/Interfaces/IAppliedMarkings.cs,entity_formats,extract_schema_and_rules,critical,"PK1-PK9/PA8/PA9 field layouts, encryption, form and conversion semantics",8ad201e80244f630ab5a46922ab72fb79c5ad4f4
PKHeX.Core/PKM/Interfaces/IAwakened.cs,entity_formats,extract_schema_and_rules,critical,"PK1-PK9/PA8/PA9 field layouts, encryption, form and conversion semantics",8ad201e80244f630ab5a46922ab72fb79c5ad4f4
PKHeX.Core/PKM/Interfaces/IBattleVersion.cs,entity_formats,extract_schema_and_rules,critical,"PK1-PK9/PA8/PA9 field layouts, encryption, form and conversion semantics",8ad201e80244f630ab5a46922ab72fb79c5ad4f4
PKHeX.Core/PKM/Interfaces/ICaughtData2.cs,entity_formats,extract_schema_and_rules,critical,"PK1-PK9/PA8/PA9 field layouts, encryption, form and conversion semantics",8ad201e80244f630ab5a46922ab72fb79c5ad4f4
PKHeX.Core/PKM/Interfaces/IContestStats.cs,entity_formats,extract_schema_and_rules,critical,"PK1-PK9/PA8/PA9 field layouts, encryption, form and conversion semantics",8ad201e80244f630ab5a46922ab72fb79c5ad4f4
PKHeX.Core/PKM/Interfaces/IDynamaxLevel.cs,entity_formats,extract_schema_and_rules,critical,"PK1-PK9/PA8/PA9 field layouts, encryption, form and conversion semantics",8ad201e80244f630ab5a46922ab72fb79c5ad4f4
PKHeX.Core/PKM/Interfaces/IFatefulEncounter.cs,entity_formats,extract_schema_and_rules,critical,"PK1-PK9/PA8/PA9 field layouts, encryption, form and conversion semantics",8ad201e80244f630ab5a46922ab72fb79c5ad4f4
PKHeX.Core/PKM/Interfaces/IFavorite.cs,entity_formats,extract_schema_and_rules,critical,"PK1-PK9/PA8/PA9 field layouts, encryption, form and conversion semantics",8ad201e80244f630ab5a46922ab72fb79c5ad4f4
PKHeX.Core/PKM/Interfaces/IFormArgument.cs,entity_formats,extract_schema_and_rules,critical,"PK1-PK9/PA8/PA9 field layouts, encryption, form and conversion semantics",8ad201e80244f630ab5a46922ab72fb79c5ad4f4
PKHeX.Core/PKM/Interfaces/IFullnessEnjoyment.cs,entity_formats,extract_schema_and_rules,critical,"PK1-PK9/PA8/PA9 field layouts, encryption, form and conversion semantics",8ad201e80244f630ab5a46922ab72fb79c5ad4f4
PKHeX.Core/PKM/Interfaces/IGanbaru.cs,entity_formats,extract_schema_and_rules,critical,"PK1-PK9/PA8/PA9 field layouts, encryption, form and conversion semantics",8ad201e80244f630ab5a46922ab72fb79c5ad4f4
PKHeX.Core/PKM/Interfaces/IGCRegion.cs,entity_formats,extract_schema_and_rules,critical,"PK1-PK9/PA8/PA9 field layouts, encryption, form and conversion semantics",8ad201e80244f630ab5a46922ab72fb79c5ad4f4
PKHeX.Core/PKM/Interfaces/IGeoTrack.cs,entity_formats,extract_schema_and_rules,critical,"PK1-PK9/PA8/PA9 field layouts, encryption, form and conversion semantics",8ad201e80244f630ab5a46922ab72fb79c5ad4f4
PKHeX.Core/PKM/Interfaces/IGigantamax.cs,entity_formats,extract_schema_and_rules,critical,"PK1-PK9/PA8/PA9 field layouts, encryption, form and conversion semantics",8ad201e80244f630ab5a46922ab72fb79c5ad4f4
PKHeX.Core/PKM/Interfaces/IGroundTile.cs,entity_formats,extract_schema_and_rules,critical,"PK1-PK9/PA8/PA9 field layouts, encryption, form and conversion semantics",8ad201e80244f630ab5a46922ab72fb79c5ad4f4
PKHeX.Core/PKM/Interfaces/IHandlerLanguage.cs,entity_formats,extract_schema_and_rules,critical,"PK1-PK9/PA8/PA9 field layouts, encryption, form and conversion semantics",8ad201e80244f630ab5a46922ab72fb79c5ad4f4
PKHeX.Core/PKM/Interfaces/IHandlerUpdate.cs,entity_formats,extract_schema_and_rules,critical,"PK1-PK9/PA8/PA9 field layouts, encryption, form and conversion semantics",8ad201e80244f630ab5a46922ab72fb79c5ad4f4
PKHeX.Core/PKM/Interfaces/IHomeTrack.cs,entity_formats,extract_schema_and_rules,critical,"PK1-PK9/PA8/PA9 field layouts, encryption, form and conversion semantics",8ad201e80244f630ab5a46922ab72fb79c5ad4f4
PKHeX.Core/PKM/Interfaces/IHyperTrain.cs,entity_formats,extract_schema_and_rules,critical,"PK1-PK9/PA8/PA9 field layouts, encryption, form and conversion semantics",8ad201e80244f630ab5a46922ab72fb79c5ad4f4
PKHeX.Core/PKM/Interfaces/IMemoryHT.cs,entity_formats,extract_schema_and_rules,critical,"PK1-PK9/PA8/PA9 field layouts, encryption, form and conversion semantics",8ad201e80244f630ab5a46922ab72fb79c5ad4f4
PKHeX.Core/PKM/Interfaces/IMemoryOT.cs,entity_formats,extract_schema_and_rules,critical,"PK1-PK9/PA8/PA9 field layouts, encryption, form and conversion semantics",8ad201e80244f630ab5a46922ab72fb79c5ad4f4
PKHeX.Core/PKM/Interfaces/IMoveShop8.cs,entity_formats,extract_schema_and_rules,critical,"PK1-PK9/PA8/PA9 field layouts, encryption, form and conversion semantics",8ad201e80244f630ab5a46922ab72fb79c5ad4f4
PKHeX.Core/PKM/Interfaces/INature.cs,entity_formats,extract_schema_and_rules,critical,"PK1-PK9/PA8/PA9 field layouts, encryption, form and conversion semantics",8ad201e80244f630ab5a46922ab72fb79c5ad4f4
PKHeX.Core/PKM/Interfaces/INoble.cs,entity_formats,extract_schema_and_rules,critical,"PK1-PK9/PA8/PA9 field layouts, encryption, form and conversion semantics",8ad201e80244f630ab5a46922ab72fb79c5ad4f4
PKHeX.Core/PKM/Interfaces/IObedienceLevel.cs,entity_formats,extract_schema_and_rules,critical,"PK1-PK9/PA8/PA9 field layouts, encryption, form and conversion semantics",8ad201e80244f630ab5a46922ab72fb79c5ad4f4
PKHeX.Core/PKM/Interfaces/IPlusRecord.cs,entity_formats,extract_schema_and_rules,critical,"PK1-PK9/PA8/PA9 field layouts, encryption, form and conversion semantics",8ad201e80244f630ab5a46922ab72fb79c5ad4f4
PKHeX.Core/PKM/Interfaces/IRegionOrigin.cs,entity_formats,extract_schema_and_rules,critical,"PK1-PK9/PA8/PA9 field layouts, encryption, form and conversion semantics",8ad201e80244f630ab5a46922ab72fb79c5ad4f4
PKHeX.Core/PKM/Interfaces/ISanityChecksum.cs,entity_formats,extract_schema_and_rules,critical,"PK1-PK9/PA8/PA9 field layouts, encryption, form and conversion semantics",8ad201e80244f630ab5a46922ab72fb79c5ad4f4
PKHeX.Core/PKM/Interfaces/IScaledSize.cs,entity_formats,extract_schema_and_rules,critical,"PK1-PK9/PA8/PA9 field layouts, encryption, form and conversion semantics",8ad201e80244f630ab5a46922ab72fb79c5ad4f4
PKHeX.Core/PKM/Interfaces/ISeparateIVs.cs,entity_formats,extract_schema_and_rules,critical,"PK1-PK9/PA8/PA9 field layouts, encryption, form and conversion semantics",8ad201e80244f630ab5a46922ab72fb79c5ad4f4
PKHeX.Core/PKM/Interfaces/IShadowCapture.cs,entity_formats,extract_schema_and_rules,critical,"PK1-PK9/PA8/PA9 field layouts, encryption, form and conversion semantics",8ad201e80244f630ab5a46922ab72fb79c5ad4f4
PKHeX.Core/PKM/Interfaces/ISociability.cs,entity_formats,extract_schema_and_rules,critical,"PK1-PK9/PA8/PA9 field layouts, encryption, form and conversion semantics",8ad201e80244f630ab5a46922ab72fb79c5ad4f4
PKHeX.Core/PKM/Interfaces/ISuperTrain.cs,entity_formats,extract_schema_and_rules,critical,"PK1-PK9/PA8/PA9 field layouts, encryption, form and conversion semantics",8ad201e80244f630ab5a46922ab72fb79c5ad4f4
PKHeX.Core/PKM/Interfaces/ISuperTrainRegimen.cs,entity_formats,extract_schema_and_rules,critical,"PK1-PK9/PA8/PA9 field layouts, encryption, form and conversion semantics",8ad201e80244f630ab5a46922ab72fb79c5ad4f4
PKHeX.Core/PKM/Interfaces/ITechRecord.cs,entity_formats,extract_schema_and_rules,critical,"PK1-PK9/PA8/PA9 field layouts, encryption, form and conversion semantics",8ad201e80244f630ab5a46922ab72fb79c5ad4f4
PKHeX.Core/PKM/Interfaces/ITeraType.cs,entity_formats,extract_schema_and_rules,critical,"PK1-PK9/PA8/PA9 field layouts, encryption, form and conversion semantics",8ad201e80244f630ab5a46922ab72fb79c5ad4f4
PKHeX.Core/PKM/Interfaces/ITrainerID.cs,entity_formats,extract_schema_and_rules,critical,"PK1-PK9/PA8/PA9 field layouts, encryption, form and conversion semantics",8ad201e80244f630ab5a46922ab72fb79c5ad4f4
PKHeX.Core/PKM/Interfaces/ITrainerID32.cs,entity_formats,extract_schema_and_rules,critical,"PK1-PK9/PA8/PA9 field layouts, encryption, form and conversion semantics",8ad201e80244f630ab5a46922ab72fb79c5ad4f4
PKHeX.Core/PKM/Interfaces/ITrainerMemories.cs,entity_formats,extract_schema_and_rules,critical,"PK1-PK9/PA8/PA9 field layouts, encryption, form and conversion semantics",8ad201e80244f630ab5a46922ab72fb79c5ad4f4
PKHeX.Core/PKM/Interfaces/Metadata/IContext.cs,entity_formats,extract_schema_and_rules,critical,"PK1-PK9/PA8/PA9 field layouts, encryption, form and conversion semantics",8ad201e80244f630ab5a46922ab72fb79c5ad4f4
PKHeX.Core/PKM/Interfaces/Metadata/IGameValueLimit.cs,entity_formats,extract_schema_and_rules,critical,"PK1-PK9/PA8/PA9 field layouts, encryption, form and conversion semantics",8ad201e80244f630ab5a46922ab72fb79c5ad4f4
PKHeX.Core/PKM/Interfaces/Metadata/IGeneration.cs,entity_formats,extract_schema_and_rules,critical,"PK1-PK9/PA8/PA9 field layouts, encryption, form and conversion semantics",8ad201e80244f630ab5a46922ab72fb79c5ad4f4
PKHeX.Core/PKM/Interfaces/Metadata/ILangNick.cs,entity_formats,extract_schema_and_rules,critical,"PK1-PK9/PA8/PA9 field layouts, encryption, form and conversion semantics",8ad201e80244f630ab5a46922ab72fb79c5ad4f4
PKHeX.Core/PKM/Interfaces/Metadata/IShiny.cs,entity_formats,extract_schema_and_rules,critical,"PK1-PK9/PA8/PA9 field layouts, encryption, form and conversion semantics",8ad201e80244f630ab5a46922ab72fb79c5ad4f4
PKHeX.Core/PKM/Interfaces/Metadata/ISpeciesForm.cs,entity_formats,extract_schema_and_rules,critical,"PK1-PK9/PA8/PA9 field layouts, encryption, form and conversion semantics",8ad201e80244f630ab5a46922ab72fb79c5ad4f4
PKHeX.Core/PKM/Interfaces/Metadata/IVersion.cs,entity_formats,extract_schema_and_rules,critical,"PK1-PK9/PA8/PA9 field layouts, encryption, form and conversion semantics",8ad201e80244f630ab5a46922ab72fb79c5ad4f4
PKHeX.Core/PKM/Interfaces/Templates/IAlphaReadOnly.cs,entity_formats,extract_schema_and_rules,critical,"PK1-PK9/PA8/PA9 field layouts, encryption, form and conversion semantics",8ad201e80244f630ab5a46922ab72fb79c5ad4f4
PKHeX.Core/PKM/Interfaces/Templates/IContestStatsReadOnly.cs,entity_formats,extract_schema_and_rules,critical,"PK1-PK9/PA8/PA9 field layouts, encryption, form and conversion semantics",8ad201e80244f630ab5a46922ab72fb79c5ad4f4
PKHeX.Core/PKM/Interfaces/Templates/IDynamaxLevelReadOnly.cs,entity_formats,extract_schema_and_rules,critical,"PK1-PK9/PA8/PA9 field layouts, encryption, form and conversion semantics",8ad201e80244f630ab5a46922ab72fb79c5ad4f4
PKHeX.Core/PKM/Interfaces/Templates/IEncounterDownlevel.cs,entity_formats,extract_schema_and_rules,critical,"PK1-PK9/PA8/PA9 field layouts, encryption, form and conversion semantics",8ad201e80244f630ab5a46922ab72fb79c5ad4f4
PKHeX.Core/PKM/Interfaces/Templates/IFatefulEncounterReadOnly.cs,entity_formats,extract_schema_and_rules,critical,"PK1-PK9/PA8/PA9 field layouts, encryption, form and conversion semantics",8ad201e80244f630ab5a46922ab72fb79c5ad4f4
PKHeX.Core/PKM/Interfaces/Templates/IFixedOTFriendship.cs,entity_formats,extract_schema_and_rules,critical,"PK1-PK9/PA8/PA9 field layouts, encryption, form and conversion semantics",8ad201e80244f630ab5a46922ab72fb79c5ad4f4
PKHeX.Core/PKM/Interfaces/Templates/IGigantamaxReadOnly.cs,entity_formats,extract_schema_and_rules,critical,"PK1-PK9/PA8/PA9 field layouts, encryption, form and conversion semantics",8ad201e80244f630ab5a46922ab72fb79c5ad4f4
PKHeX.Core/PKM/Interfaces/Templates/ILangNicknamedTemplate.cs,entity_formats,extract_schema_and_rules,critical,"PK1-PK9/PA8/PA9 field layouts, encryption, form and conversion semantics",8ad201e80244f630ab5a46922ab72fb79c5ad4f4
PKHeX.Core/PKM/Interfaces/Templates/IMemoryOTReadOnly.cs,entity_formats,extract_schema_and_rules,critical,"PK1-PK9/PA8/PA9 field layouts, encryption, form and conversion semantics",8ad201e80244f630ab5a46922ab72fb79c5ad4f4
PKHeX.Core/PKM/Interfaces/Templates/INatureReadOnly.cs,entity_formats,extract_schema_and_rules,critical,"PK1-PK9/PA8/PA9 field layouts, encryption, form and conversion semantics",8ad201e80244f630ab5a46922ab72fb79c5ad4f4
PKHeX.Core/PKM/Interfaces/Templates/IObedienceLevelReadOnly.cs,entity_formats,extract_schema_and_rules,critical,"PK1-PK9/PA8/PA9 field layouts, encryption, form and conversion semantics",8ad201e80244f630ab5a46922ab72fb79c5ad4f4
PKHeX.Core/PKM/Interfaces/Templates/IScaledSizeReadOnly.cs,entity_formats,extract_schema_and_rules,critical,"PK1-PK9/PA8/PA9 field layouts, encryption, form and conversion semantics",8ad201e80244f630ab5a46922ab72fb79c5ad4f4
PKHeX.Core/PKM/PA8.cs,entity_formats,extract_schema_and_rules,critical,"PK1-PK9/PA8/PA9 field layouts, encryption, form and conversion semantics",8ad201e80244f630ab5a46922ab72fb79c5ad4f4
PKHeX.Core/PKM/PA9.cs,entity_formats,extract_schema_and_rules,critical,"PK1-PK9/PA8/PA9 field layouts, encryption, form and conversion semantics",8ad201e80244f630ab5a46922ab72fb79c5ad4f4
PKHeX.Core/PKM/PB7.cs,entity_formats,extract_schema_and_rules,critical,"PK1-PK9/PA8/PA9 field layouts, encryption, form and conversion semantics",8ad201e80244f630ab5a46922ab72fb79c5ad4f4
PKHeX.Core/PKM/PB8.cs,entity_formats,extract_schema_and_rules,critical,"PK1-PK9/PA8/PA9 field layouts, encryption, form and conversion semantics",8ad201e80244f630ab5a46922ab72fb79c5ad4f4
PKHeX.Core/PKM/PK1.cs,entity_formats,extract_schema_and_rules,critical,"PK1-PK9/PA8/PA9 field layouts, encryption, form and conversion semantics",8ad201e80244f630ab5a46922ab72fb79c5ad4f4
PKHeX.Core/PKM/PK2.cs,entity_formats,extract_schema_and_rules,critical,"PK1-PK9/PA8/PA9 field layouts, encryption, form and conversion semantics",8ad201e80244f630ab5a46922ab72fb79c5ad4f4
PKHeX.Core/PKM/PK3.cs,entity_formats,extract_schema_and_rules,critical,"PK1-PK9/PA8/PA9 field layouts, encryption, form and conversion semantics",8ad201e80244f630ab5a46922ab72fb79c5ad4f4
PKHeX.Core/PKM/PK4.cs,entity_formats,extract_schema_and_rules,critical,"PK1-PK9/PA8/PA9 field layouts, encryption, form and conversion semantics",8ad201e80244f630ab5a46922ab72fb79c5ad4f4
PKHeX.Core/PKM/PK5.cs,entity_formats,extract_schema_and_rules,critical,"PK1-PK9/PA8/PA9 field layouts, encryption, form and conversion semantics",8ad201e80244f630ab5a46922ab72fb79c5ad4f4
PKHeX.Core/PKM/PK6.cs,entity_formats,extract_schema_and_rules,critical,"PK1-PK9/PA8/PA9 field layouts, encryption, form and conversion semantics",8ad201e80244f630ab5a46922ab72fb79c5ad4f4
PKHeX.Core/PKM/PK7.cs,entity_formats,extract_schema_and_rules,critical,"PK1-PK9/PA8/PA9 field layouts, encryption, form and conversion semantics",8ad201e80244f630ab5a46922ab72fb79c5ad4f4
PKHeX.Core/PKM/PK8.cs,entity_formats,extract_schema_and_rules,critical,"PK1-PK9/PA8/PA9 field layouts, encryption, form and conversion semantics",8ad201e80244f630ab5a46922ab72fb79c5ad4f4
PKHeX.Core/PKM/PK9.cs,entity_formats,extract_schema_and_rules,critical,"PK1-PK9/PA8/PA9 field layouts, encryption, form and conversion semantics",8ad201e80244f630ab5a46922ab72fb79c5ad4f4
PKHeX.Core/PKM/PKM.cs,entity_formats,extract_schema_and_rules,critical,"PK1-PK9/PA8/PA9 field layouts, encryption, form and conversion semantics",8ad201e80244f630ab5a46922ab72fb79c5ad4f4
PKHeX.Core/PKM/RK4.cs,entity_formats,extract_schema_and_rules,critical,"PK1-PK9/PA8/PA9 field layouts, encryption, form and conversion semantics",8ad201e80244f630ab5a46922ab72fb79c5ad4f4
PKHeX.Core/PKM/Searching/CloneDetectionMethod.cs,entity_formats,extract_schema_and_rules,critical,"PK1-PK9/PA8/PA9 field layouts, encryption, form and conversion semantics",8ad201e80244f630ab5a46922ab72fb79c5ad4f4
PKHeX.Core/PKM/Searching/EntityPresenceFilters.cs,entity_formats,extract_schema_and_rules,critical,"PK1-PK9/PA8/PA9 field layouts, encryption, form and conversion semantics",8ad201e80244f630ab5a46922ab72fb79c5ad4f4
PKHeX.Core/PKM/Searching/SearchComparison.cs,entity_formats,extract_schema_and_rules,critical,"PK1-PK9/PA8/PA9 field layouts, encryption, form and conversion semantics",8ad201e80244f630ab5a46922ab72fb79c5ad4f4
PKHeX.Core/PKM/Searching/SearchSettings.cs,entity_formats,extract_schema_and_rules,critical,"PK1-PK9/PA8/PA9 field layouts, encryption, form and conversion semantics",8ad201e80244f630ab5a46922ab72fb79c5ad4f4
PKHeX.Core/PKM/Searching/SearchUtil.cs,entity_formats,extract_schema_and_rules,critical,"PK1-PK9/PA8/PA9 field layouts, encryption, form and conversion semantics",8ad201e80244f630ab5a46922ab72fb79c5ad4f4
PKHeX.Core/PKM/Shared/G3PKM.cs,entity_formats,extract_schema_and_rules,critical,"PK1-PK9/PA8/PA9 field layouts, encryption, form and conversion semantics",8ad201e80244f630ab5a46922ab72fb79c5ad4f4
PKHeX.Core/PKM/Shared/G4PKM.cs,entity_formats,extract_schema_and_rules,critical,"PK1-PK9/PA8/PA9 field layouts, encryption, form and conversion semantics",8ad201e80244f630ab5a46922ab72fb79c5ad4f4
PKHeX.Core/PKM/Shared/G6PKM.cs,entity_formats,extract_schema_and_rules,critical,"PK1-PK9/PA8/PA9 field layouts, encryption, form and conversion semantics",8ad201e80244f630ab5a46922ab72fb79c5ad4f4
PKHeX.Core/PKM/Shared/G8PKM.cs,entity_formats,extract_schema_and_rules,critical,"PK1-PK9/PA8/PA9 field layouts, encryption, form and conversion semantics",8ad201e80244f630ab5a46922ab72fb79c5ad4f4
PKHeX.Core/PKM/Shared/GBPKM.cs,entity_formats,extract_schema_and_rules,critical,"PK1-PK9/PA8/PA9 field layouts, encryption, form and conversion semantics",8ad201e80244f630ab5a46922ab72fb79c5ad4f4
PKHeX.Core/PKM/Shared/GBPKML.cs,entity_formats,extract_schema_and_rules,critical,"PK1-PK9/PA8/PA9 field layouts, encryption, form and conversion semantics",8ad201e80244f630ab5a46922ab72fb79c5ad4f4
PKHeX.Core/PKM/Shared/PokeList1.cs,entity_formats,extract_schema_and_rules,critical,"PK1-PK9/PA8/PA9 field layouts, encryption, form and conversion semantics",8ad201e80244f630ab5a46922ab72fb79c5ad4f4
PKHeX.Core/PKM/Shared/PokeList2.cs,entity_formats,extract_schema_and_rules,critical,"PK1-PK9/PA8/PA9 field layouts, encryption, form and conversion semantics",8ad201e80244f630ab5a46922ab72fb79c5ad4f4
PKHeX.Core/PKM/SK2.cs,entity_formats,extract_schema_and_rules,critical,"PK1-PK9/PA8/PA9 field layouts, encryption, form and conversion semantics",8ad201e80244f630ab5a46922ab72fb79c5ad4f4
PKHeX.Core/PKM/Strings/Font/StringFont3GC.cs,entity_formats,extract_schema_and_rules,critical,"PK1-PK9/PA8/PA9 field layouts, encryption, form and conversion semantics",8ad201e80244f630ab5a46922ab72fb79c5ad4f4
PKHeX.Core/PKM/Strings/Font/StringFont5.cs,entity_formats,extract_schema_and_rules,critical,"PK1-PK9/PA8/PA9 field layouts, encryption, form and conversion semantics",8ad201e80244f630ab5a46922ab72fb79c5ad4f4
PKHeX.Core/PKM/Strings/Font/StringFont6.cs,entity_formats,extract_schema_and_rules,critical,"PK1-PK9/PA8/PA9 field layouts, encryption, form and conversion semantics",8ad201e80244f630ab5a46922ab72fb79c5ad4f4
PKHeX.Core/PKM/Strings/Font/StringFont7.cs,entity_formats,extract_schema_and_rules,critical,"PK1-PK9/PA8/PA9 field layouts, encryption, form and conversion semantics",8ad201e80244f630ab5a46922ab72fb79c5ad4f4
PKHeX.Core/PKM/Strings/Font/StringFont8.cs,entity_formats,extract_schema_and_rules,critical,"PK1-PK9/PA8/PA9 field layouts, encryption, form and conversion semantics",8ad201e80244f630ab5a46922ab72fb79c5ad4f4
PKHeX.Core/PKM/Strings/Font/StringFont8a.cs,entity_formats,extract_schema_and_rules,critical,"PK1-PK9/PA8/PA9 field layouts, encryption, form and conversion semantics",8ad201e80244f630ab5a46922ab72fb79c5ad4f4
PKHeX.Core/PKM/Strings/Font/StringFont8b.cs,entity_formats,extract_schema_and_rules,critical,"PK1-PK9/PA8/PA9 field layouts, encryption, form and conversion semantics",8ad201e80244f630ab5a46922ab72fb79c5ad4f4
PKHeX.Core/PKM/Strings/Font/StringFontUtil.cs,entity_formats,extract_schema_and_rules,critical,"PK1-PK9/PA8/PA9 field layouts, encryption, form and conversion semantics",8ad201e80244f630ab5a46922ab72fb79c5ad4f4
PKHeX.Core/PKM/Strings/IStringConverter.cs,entity_formats,extract_schema_and_rules,critical,"PK1-PK9/PA8/PA9 field layouts, encryption, form and conversion semantics",8ad201e80244f630ab5a46922ab72fb79c5ad4f4
PKHeX.Core/PKM/Strings/StringConverter.cs,entity_formats,extract_schema_and_rules,critical,"PK1-PK9/PA8/PA9 field layouts, encryption, form and conversion semantics",8ad201e80244f630ab5a46922ab72fb79c5ad4f4
PKHeX.Core/PKM/Strings/StringConverter1.cs,entity_formats,extract_schema_and_rules,critical,"PK1-PK9/PA8/PA9 field layouts, encryption, form and conversion semantics",8ad201e80244f630ab5a46922ab72fb79c5ad4f4
PKHeX.Core/PKM/Strings/StringConverter12Transporter.cs,entity_formats,extract_schema_and_rules,critical,"PK1-PK9/PA8/PA9 field layouts, encryption, form and conversion semantics",8ad201e80244f630ab5a46922ab72fb79c5ad4f4
PKHeX.Core/PKM/Strings/StringConverter2.cs,entity_formats,extract_schema_and_rules,critical,"PK1-PK9/PA8/PA9 field layouts, encryption, form and conversion semantics",8ad201e80244f630ab5a46922ab72fb79c5ad4f4
PKHeX.Core/PKM/Strings/StringConverter2KOR.cs,entity_formats,extract_schema_and_rules,critical,"PK1-PK9/PA8/PA9 field layouts, encryption, form and conversion semantics",8ad201e80244f630ab5a46922ab72fb79c5ad4f4
PKHeX.Core/PKM/Strings/StringConverter3.cs,entity_formats,extract_schema_and_rules,critical,"PK1-PK9/PA8/PA9 field layouts, encryption, form and conversion semantics",8ad201e80244f630ab5a46922ab72fb79c5ad4f4
PKHeX.Core/PKM/Strings/StringConverter345.cs,entity_formats,extract_schema_and_rules,critical,"PK1-PK9/PA8/PA9 field layouts, encryption, form and conversion semantics",8ad201e80244f630ab5a46922ab72fb79c5ad4f4
PKHeX.Core/PKM/Strings/StringConverter3GC.cs,entity_formats,extract_schema_and_rules,critical,"PK1-PK9/PA8/PA9 field layouts, encryption, form and conversion semantics",8ad201e80244f630ab5a46922ab72fb79c5ad4f4
PKHeX.Core/PKM/Strings/StringConverter4.cs,entity_formats,extract_schema_and_rules,critical,"PK1-PK9/PA8/PA9 field layouts, encryption, form and conversion semantics",8ad201e80244f630ab5a46922ab72fb79c5ad4f4
PKHeX.Core/PKM/Strings/StringConverter4GC.cs,entity_formats,extract_schema_and_rules,critical,"PK1-PK9/PA8/PA9 field layouts, encryption, form and conversion semantics",8ad201e80244f630ab5a46922ab72fb79c5ad4f4
PKHeX.Core/PKM/Strings/StringConverter4Util.cs,entity_formats,extract_schema_and_rules,critical,"PK1-PK9/PA8/PA9 field layouts, encryption, form and conversion semantics",8ad201e80244f630ab5a46922ab72fb79c5ad4f4
PKHeX.Core/PKM/Strings/StringConverter5.cs,entity_formats,extract_schema_and_rules,critical,"PK1-PK9/PA8/PA9 field layouts, encryption, form and conversion semantics",8ad201e80244f630ab5a46922ab72fb79c5ad4f4
PKHeX.Core/PKM/Strings/StringConverter6.cs,entity_formats,extract_schema_and_rules,critical,"PK1-PK9/PA8/PA9 field layouts, encryption, form and conversion semantics",8ad201e80244f630ab5a46922ab72fb79c5ad4f4
PKHeX.Core/PKM/Strings/StringConverter7.cs,entity_formats,extract_schema_and_rules,critical,"PK1-PK9/PA8/PA9 field layouts, encryption, form and conversion semantics",8ad201e80244f630ab5a46922ab72fb79c5ad4f4
PKHeX.Core/PKM/Strings/StringConverter7ZH.cs,entity_formats,extract_schema_and_rules,critical,"PK1-PK9/PA8/PA9 field layouts, encryption, form and conversion semantics",8ad201e80244f630ab5a46922ab72fb79c5ad4f4
PKHeX.Core/PKM/Strings/StringConverter8.cs,entity_formats,extract_schema_and_rules,critical,"PK1-PK9/PA8/PA9 field layouts, encryption, form and conversion semantics",8ad201e80244f630ab5a46922ab72fb79c5ad4f4
PKHeX.Core/PKM/Strings/StringConverterOption.cs,entity_formats,extract_schema_and_rules,critical,"PK1-PK9/PA8/PA9 field layouts, encryption, form and conversion semantics",8ad201e80244f630ab5a46922ab72fb79c5ad4f4
PKHeX.Core/PKM/Strings/Trainer/ReplaceTrainerName7.cs,entity_formats,extract_schema_and_rules,critical,"PK1-PK9/PA8/PA9 field layouts, encryption, form and conversion semantics",8ad201e80244f630ab5a46922ab72fb79c5ad4f4
PKHeX.Core/PKM/Strings/Trainer/ReplaceTrainerName8.cs,entity_formats,extract_schema_and_rules,critical,"PK1-PK9/PA8/PA9 field layouts, encryption, form and conversion semantics",8ad201e80244f630ab5a46922ab72fb79c5ad4f4
PKHeX.Core/PKM/Strings/Trainer/ReplaceTrainerName8a.cs,entity_formats,extract_schema_and_rules,critical,"PK1-PK9/PA8/PA9 field layouts, encryption, form and conversion semantics",8ad201e80244f630ab5a46922ab72fb79c5ad4f4
PKHeX.Core/PKM/Strings/Trainer/ReplaceTrainerName8b.cs,entity_formats,extract_schema_and_rules,critical,"PK1-PK9/PA8/PA9 field layouts, encryption, form and conversion semantics",8ad201e80244f630ab5a46922ab72fb79c5ad4f4
PKHeX.Core/PKM/Strings/Trainer/ReplaceTrainerName9.cs,entity_formats,extract_schema_and_rules,critical,"PK1-PK9/PA8/PA9 field layouts, encryption, form and conversion semantics",8ad201e80244f630ab5a46922ab72fb79c5ad4f4
PKHeX.Core/PKM/Strings/Trainer/ReplaceTrainerName9a.cs,entity_formats,extract_schema_and_rules,critical,"PK1-PK9/PA8/PA9 field layouts, encryption, form and conversion semantics",8ad201e80244f630ab5a46922ab72fb79c5ad4f4
PKHeX.Core/PKM/Strings/Trainer/ReplaceTrainerNameHOME.cs,entity_formats,extract_schema_and_rules,critical,"PK1-PK9/PA8/PA9 field layouts, encryption, form and conversion semantics",8ad201e80244f630ab5a46922ab72fb79c5ad4f4
PKHeX.Core/PKM/Strings/Trash/ITrashIntrospection.cs,entity_formats,extract_schema_and_rules,critical,"PK1-PK9/PA8/PA9 field layouts, encryption, form and conversion semantics",8ad201e80244f630ab5a46922ab72fb79c5ad4f4
PKHeX.Core/PKM/Strings/Trash/TrashBytes8.cs,entity_formats,extract_schema_and_rules,critical,"PK1-PK9/PA8/PA9 field layouts, encryption, form and conversion semantics",8ad201e80244f630ab5a46922ab72fb79c5ad4f4
PKHeX.Core/PKM/Strings/Trash/TrashBytesGB.cs,entity_formats,extract_schema_and_rules,critical,"PK1-PK9/PA8/PA9 field layouts, encryption, form and conversion semantics",8ad201e80244f630ab5a46922ab72fb79c5ad4f4
PKHeX.Core/PKM/Strings/Trash/TrashBytesUTF16.cs,entity_formats,extract_schema_and_rules,critical,"PK1-PK9/PA8/PA9 field layouts, encryption, form and conversion semantics",8ad201e80244f630ab5a46922ab72fb79c5ad4f4
PKHeX.Core/PKM/Strings/Trash/TrashMatch.cs,entity_formats,extract_schema_and_rules,critical,"PK1-PK9/PA8/PA9 field layouts, encryption, form and conversion semantics",8ad201e80244f630ab5a46922ab72fb79c5ad4f4
PKHeX.Core/PKM/Strings/Trash/TrashTrainer3.cs,entity_formats,extract_schema_and_rules,critical,"PK1-PK9/PA8/PA9 field layouts, encryption, form and conversion semantics",8ad201e80244f630ab5a46922ab72fb79c5ad4f4
PKHeX.Core/PKM/Util/Conversion/EntityCompatibilitySetting.cs,entity_formats,extract_schema_and_rules,critical,"PK1-PK9/PA8/PA9 field layouts, encryption, form and conversion semantics",8ad201e80244f630ab5a46922ab72fb79c5ad4f4
PKHeX.Core/PKM/Util/Conversion/EntityConverter.cs,entity_formats,extract_schema_and_rules,critical,"PK1-PK9/PA8/PA9 field layouts, encryption, form and conversion semantics",8ad201e80244f630ab5a46922ab72fb79c5ad4f4
PKHeX.Core/PKM/Util/Conversion/EntityConverterResult.cs,entity_formats,extract_schema_and_rules,critical,"PK1-PK9/PA8/PA9 field layouts, encryption, form and conversion semantics",8ad201e80244f630ab5a46922ab72fb79c5ad4f4
PKHeX.Core/PKM/Util/Conversion/EntityConverterResultExtensions.cs,entity_formats,extract_schema_and_rules,critical,"PK1-PK9/PA8/PA9 field layouts, encryption, form and conversion semantics",8ad201e80244f630ab5a46922ab72fb79c5ad4f4
PKHeX.Core/PKM/Util/Conversion/EntityRejuvenationSetting.cs,entity_formats,extract_schema_and_rules,critical,"PK1-PK9/PA8/PA9 field layouts, encryption, form and conversion semantics",8ad201e80244f630ab5a46922ab72fb79c5ad4f4
PKHeX.Core/PKM/Util/Conversion/FormConverter.cs,entity_formats,extract_schema_and_rules,critical,"PK1-PK9/PA8/PA9 field layouts, encryption, form and conversion semantics",8ad201e80244f630ab5a46922ab72fb79c5ad4f4
PKHeX.Core/PKM/Util/Conversion/IEntityRejuvenator.cs,entity_formats,extract_schema_and_rules,critical,"PK1-PK9/PA8/PA9 field layouts, encryption, form and conversion semantics",8ad201e80244f630ab5a46922ab72fb79c5ad4f4
PKHeX.Core/PKM/Util/Conversion/ItemConverter.cs,entity_formats,extract_schema_and_rules,critical,"PK1-PK9/PA8/PA9 field layouts, encryption, form and conversion semantics",8ad201e80244f630ab5a46922ab72fb79c5ad4f4
PKHeX.Core/PKM/Util/Conversion/SpeciesConverter.cs,entity_formats,extract_schema_and_rules,critical,"PK1-PK9/PA8/PA9 field layouts, encryption, form and conversion semantics",8ad201e80244f630ab5a46922ab72fb79c5ad4f4
PKHeX.Core/PKM/Util/Conversion/TransporterLogic.cs,entity_formats,extract_schema_and_rules,critical,"PK1-PK9/PA8/PA9 field layouts, encryption, form and conversion semantics",8ad201e80244f630ab5a46922ab72fb79c5ad4f4
PKHeX.Core/PKM/Util/EffortValues.cs,entity_formats,extract_schema_and_rules,critical,"PK1-PK9/PA8/PA9 field layouts, encryption, form and conversion semantics",8ad201e80244f630ab5a46922ab72fb79c5ad4f4
PKHeX.Core/PKM/Util/EntityBlank.cs,entity_formats,extract_schema_and_rules,critical,"PK1-PK9/PA8/PA9 field layouts, encryption, form and conversion semantics",8ad201e80244f630ab5a46922ab72fb79c5ad4f4
PKHeX.Core/PKM/Util/EntityCharacteristic.cs,entity_formats,extract_schema_and_rules,critical,"PK1-PK9/PA8/PA9 field layouts, encryption, form and conversion semantics",8ad201e80244f630ab5a46922ab72fb79c5ad4f4
PKHeX.Core/PKM/Util/EntityContext.cs,entity_formats,extract_schema_and_rules,critical,"PK1-PK9/PA8/PA9 field layouts, encryption, form and conversion semantics",8ad201e80244f630ab5a46922ab72fb79c5ad4f4
PKHeX.Core/PKM/Util/EntityDetection.cs,entity_formats,extract_schema_and_rules,critical,"PK1-PK9/PA8/PA9 field layouts, encryption, form and conversion semantics",8ad201e80244f630ab5a46922ab72fb79c5ad4f4
PKHeX.Core/PKM/Util/EntityFileExtension.cs,entity_formats,extract_schema_and_rules,critical,"PK1-PK9/PA8/PA9 field layouts, encryption, form and conversion semantics",8ad201e80244f630ab5a46922ab72fb79c5ad4f4
PKHeX.Core/PKM/Util/EntityFileNamer.cs,entity_formats,extract_schema_and_rules,critical,"PK1-PK9/PA8/PA9 field layouts, encryption, form and conversion semantics",8ad201e80244f630ab5a46922ab72fb79c5ad4f4
PKHeX.Core/PKM/Util/EntityFormat.cs,entity_formats,extract_schema_and_rules,critical,"PK1-PK9/PA8/PA9 field layouts, encryption, form and conversion semantics",8ad201e80244f630ab5a46922ab72fb79c5ad4f4
PKHeX.Core/PKM/Util/EntityGender.cs,entity_formats,extract_schema_and_rules,critical,"PK1-PK9/PA8/PA9 field layouts, encryption, form and conversion semantics",8ad201e80244f630ab5a46922ab72fb79c5ad4f4
PKHeX.Core/PKM/Util/EntityPID.cs,entity_formats,extract_schema_and_rules,critical,"PK1-PK9/PA8/PA9 field layouts, encryption, form and conversion semantics",8ad201e80244f630ab5a46922ab72fb79c5ad4f4
PKHeX.Core/PKM/Util/EntitySorting.cs,entity_formats,extract_schema_and_rules,critical,"PK1-PK9/PA8/PA9 field layouts, encryption, form and conversion semantics",8ad201e80244f630ab5a46922ab72fb79c5ad4f4
PKHeX.Core/PKM/Util/Experience.cs,entity_formats,extract_schema_and_rules,critical,"PK1-PK9/PA8/PA9 field layouts, encryption, form and conversion semantics",8ad201e80244f630ab5a46922ab72fb79c5ad4f4
PKHeX.Core/PKM/Util/GameConsole.cs,entity_formats,extract_schema_and_rules,critical,"PK1-PK9/PA8/PA9 field layouts, encryption, form and conversion semantics",8ad201e80244f630ab5a46922ab72fb79c5ad4f4
PKHeX.Core/PKM/Util/Language.cs,entity_formats,extract_schema_and_rules,critical,"PK1-PK9/PA8/PA9 field layouts, encryption, form and conversion semantics",8ad201e80244f630ab5a46922ab72fb79c5ad4f4
PKHeX.Core/PKM/Util/Latest.cs,entity_formats,extract_schema_and_rules,critical,"PK1-PK9/PA8/PA9 field layouts, encryption, form and conversion semantics",8ad201e80244f630ab5a46922ab72fb79c5ad4f4
PKHeX.Core/PKM/Util/PokeCrypto.cs,entity_formats,extract_schema_and_rules,critical,"PK1-PK9/PA8/PA9 field layouts, encryption, form and conversion semantics",8ad201e80244f630ab5a46922ab72fb79c5ad4f4
PKHeX.Core/PKM/Util/RecentTrainerCache.cs,entity_formats,extract_schema_and_rules,critical,"PK1-PK9/PA8/PA9 field layouts, encryption, form and conversion semantics",8ad201e80244f630ab5a46922ab72fb79c5ad4f4
PKHeX.Core/PKM/Util/SpeciesName.cs,entity_formats,extract_schema_and_rules,critical,"PK1-PK9/PA8/PA9 field layouts, encryption, form and conversion semantics",8ad201e80244f630ab5a46922ab72fb79c5ad4f4
PKHeX.Core/PKM/Util/TrainerName.cs,entity_formats,extract_schema_and_rules,critical,"PK1-PK9/PA8/PA9 field layouts, encryption, form and conversion semantics",8ad201e80244f630ab5a46922ab72fb79c5ad4f4
PKHeX.Core/PKM/XK3.cs,entity_formats,extract_schema_and_rules,critical,"PK1-PK9/PA8/PA9 field layouts, encryption, form and conversion semantics",8ad201e80244f630ab5a46922ab72fb79c5ad4f4
PKHeX.Core/Resources/byte/eggmove/eggmove_ao.pkl,resources,extract_facts_only,high,personal/levelup/evolution/eggmove binary resources and localized text,8ad201e80244f630ab5a46922ab72fb79c5ad4f4
PKHeX.Core/Resources/byte/eggmove/eggmove_bdsp.pkl,resources,extract_facts_only,high,personal/levelup/evolution/eggmove binary resources and localized text,8ad201e80244f630ab5a46922ab72fb79c5ad4f4
PKHeX.Core/Resources/byte/eggmove/eggmove_bw.pkl,resources,extract_facts_only,high,personal/levelup/evolution/eggmove binary resources and localized text,8ad201e80244f630ab5a46922ab72fb79c5ad4f4
PKHeX.Core/Resources/byte/eggmove/eggmove_c.pkl,resources,extract_facts_only,high,personal/levelup/evolution/eggmove binary resources and localized text,8ad201e80244f630ab5a46922ab72fb79c5ad4f4
PKHeX.Core/Resources/byte/eggmove/eggmove_dppt.pkl,resources,extract_facts_only,high,personal/levelup/evolution/eggmove binary resources and localized text,8ad201e80244f630ab5a46922ab72fb79c5ad4f4
PKHeX.Core/Resources/byte/eggmove/eggmove_gs.pkl,resources,extract_facts_only,high,personal/levelup/evolution/eggmove binary resources and localized text,8ad201e80244f630ab5a46922ab72fb79c5ad4f4
PKHeX.Core/Resources/byte/eggmove/eggmove_hgss.pkl,resources,extract_facts_only,high,personal/levelup/evolution/eggmove binary resources and localized text,8ad201e80244f630ab5a46922ab72fb79c5ad4f4
PKHeX.Core/Resources/byte/eggmove/eggmove_rs.pkl,resources,extract_facts_only,high,personal/levelup/evolution/eggmove binary resources and localized text,8ad201e80244f630ab5a46922ab72fb79c5ad4f4
PKHeX.Core/Resources/byte/eggmove/eggmove_sm.pkl,resources,extract_facts_only,high,personal/levelup/evolution/eggmove binary resources and localized text,8ad201e80244f630ab5a46922ab72fb79c5ad4f4
PKHeX.Core/Resources/byte/eggmove/eggmove_sv.pkl,resources,extract_facts_only,high,personal/levelup/evolution/eggmove binary resources and localized text,8ad201e80244f630ab5a46922ab72fb79c5ad4f4
PKHeX.Core/Resources/byte/eggmove/eggmove_swsh.pkl,resources,extract_facts_only,high,personal/levelup/evolution/eggmove binary resources and localized text,8ad201e80244f630ab5a46922ab72fb79c5ad4f4
PKHeX.Core/Resources/byte/eggmove/eggmove_uu.pkl,resources,extract_facts_only,high,personal/levelup/evolution/eggmove binary resources and localized text,8ad201e80244f630ab5a46922ab72fb79c5ad4f4
PKHeX.Core/Resources/byte/eggmove/eggmove_xy.pkl,resources,extract_facts_only,high,personal/levelup/evolution/eggmove binary resources and localized text,8ad201e80244f630ab5a46922ab72fb79c5ad4f4
PKHeX.Core/Resources/byte/evolve/evos_bs.pkl,resources,extract_facts_only,high,personal/levelup/evolution/eggmove binary resources and localized text,8ad201e80244f630ab5a46922ab72fb79c5ad4f4
PKHeX.Core/Resources/byte/evolve/evos_g1.pkl,resources,extract_facts_only,high,personal/levelup/evolution/eggmove binary resources and localized text,8ad201e80244f630ab5a46922ab72fb79c5ad4f4
PKHeX.Core/Resources/byte/evolve/evos_g2.pkl,resources,extract_facts_only,high,personal/levelup/evolution/eggmove binary resources and localized text,8ad201e80244f630ab5a46922ab72fb79c5ad4f4
PKHeX.Core/Resources/byte/evolve/evos_g3.pkl,resources,extract_facts_only,high,personal/levelup/evolution/eggmove binary resources and localized text,8ad201e80244f630ab5a46922ab72fb79c5ad4f4
PKHeX.Core/Resources/byte/evolve/evos_g4.pkl,resources,extract_facts_only,high,personal/levelup/evolution/eggmove binary resources and localized text,8ad201e80244f630ab5a46922ab72fb79c5ad4f4
PKHeX.Core/Resources/byte/evolve/evos_g5.pkl,resources,extract_facts_only,high,personal/levelup/evolution/eggmove binary resources and localized text,8ad201e80244f630ab5a46922ab72fb79c5ad4f4
PKHeX.Core/Resources/byte/evolve/evos_g6.pkl,resources,extract_facts_only,high,personal/levelup/evolution/eggmove binary resources and localized text,8ad201e80244f630ab5a46922ab72fb79c5ad4f4
PKHeX.Core/Resources/byte/evolve/evos_gg.pkl,resources,extract_facts_only,high,personal/levelup/evolution/eggmove binary resources and localized text,8ad201e80244f630ab5a46922ab72fb79c5ad4f4
PKHeX.Core/Resources/byte/evolve/evos_la.pkl,resources,extract_facts_only,high,personal/levelup/evolution/eggmove binary resources and localized text,8ad201e80244f630ab5a46922ab72fb79c5ad4f4
PKHeX.Core/Resources/byte/evolve/evos_ss.pkl,resources,extract_facts_only,high,personal/levelup/evolution/eggmove binary resources and localized text,8ad201e80244f630ab5a46922ab72fb79c5ad4f4
PKHeX.Core/Resources/byte/evolve/evos_sv.pkl,resources,extract_facts_only,high,personal/levelup/evolution/eggmove binary resources and localized text,8ad201e80244f630ab5a46922ab72fb79c5ad4f4
PKHeX.Core/Resources/byte/evolve/evos_uu.pkl,resources,extract_facts_only,high,personal/levelup/evolution/eggmove binary resources and localized text,8ad201e80244f630ab5a46922ab72fb79c5ad4f4
PKHeX.Core/Resources/byte/evolve/evos_za.pkl,resources,extract_facts_only,high,personal/levelup/evolution/eggmove binary resources and localized text,8ad201e80244f630ab5a46922ab72fb79c5ad4f4
PKHeX.Core/Resources/byte/levelup/lvlmove_ao.pkl,resources,extract_facts_only,high,personal/levelup/evolution/eggmove binary resources and localized text,8ad201e80244f630ab5a46922ab72fb79c5ad4f4
PKHeX.Core/Resources/byte/levelup/lvlmove_b2w2.pkl,resources,extract_facts_only,high,personal/levelup/evolution/eggmove binary resources and localized text,8ad201e80244f630ab5a46922ab72fb79c5ad4f4
PKHeX.Core/Resources/byte/levelup/lvlmove_bdsp.pkl,resources,extract_facts_only,high,personal/levelup/evolution/eggmove binary resources and localized text,8ad201e80244f630ab5a46922ab72fb79c5ad4f4
PKHeX.Core/Resources/byte/levelup/lvlmove_bw.pkl,resources,extract_facts_only,high,personal/levelup/evolution/eggmove binary resources and localized text,8ad201e80244f630ab5a46922ab72fb79c5ad4f4
PKHeX.Core/Resources/byte/levelup/lvlmove_c.pkl,resources,extract_facts_only,high,personal/levelup/evolution/eggmove binary resources and localized text,8ad201e80244f630ab5a46922ab72fb79c5ad4f4
PKHeX.Core/Resources/byte/levelup/lvlmove_dp.pkl,resources,extract_facts_only,high,personal/levelup/evolution/eggmove binary resources and localized text,8ad201e80244f630ab5a46922ab72fb79c5ad4f4
PKHeX.Core/Resources/byte/levelup/lvlmove_e.pkl,resources,extract_facts_only,high,personal/levelup/evolution/eggmove binary resources and localized text,8ad201e80244f630ab5a46922ab72fb79c5ad4f4
PKHeX.Core/Resources/byte/levelup/lvlmove_fr.pkl,resources,extract_facts_only,high,personal/levelup/evolution/eggmove binary resources and localized text,8ad201e80244f630ab5a46922ab72fb79c5ad4f4
PKHeX.Core/Resources/byte/levelup/lvlmove_gg.pkl,resources,extract_facts_only,high,personal/levelup/evolution/eggmove binary resources and localized text,8ad201e80244f630ab5a46922ab72fb79c5ad4f4
PKHeX.Core/Resources/byte/levelup/lvlmove_gs.pkl,resources,extract_facts_only,high,personal/levelup/evolution/eggmove binary resources and localized text,8ad201e80244f630ab5a46922ab72fb79c5ad4f4
PKHeX.Core/Resources/byte/levelup/lvlmove_hgss.pkl,resources,extract_facts_only,high,personal/levelup/evolution/eggmove binary resources and localized text,8ad201e80244f630ab5a46922ab72fb79c5ad4f4
PKHeX.Core/Resources/byte/levelup/lvlmove_la.pkl,resources,extract_facts_only,high,personal/levelup/evolution/eggmove binary resources and localized text,8ad201e80244f630ab5a46922ab72fb79c5ad4f4
PKHeX.Core/Resources/byte/levelup/lvlmove_lg.pkl,resources,extract_facts_only,high,personal/levelup/evolution/eggmove binary resources and localized text,8ad201e80244f630ab5a46922ab72fb79c5ad4f4
PKHeX.Core/Resources/byte/levelup/lvlmove_pt.pkl,resources,extract_facts_only,high,personal/levelup/evolution/eggmove binary resources and localized text,8ad201e80244f630ab5a46922ab72fb79c5ad4f4
PKHeX.Core/Resources/byte/levelup/lvlmove_rb.pkl,resources,extract_facts_only,high,personal/levelup/evolution/eggmove binary resources and localized text,8ad201e80244f630ab5a46922ab72fb79c5ad4f4
PKHeX.Core/Resources/byte/levelup/lvlmove_rs.pkl,resources,extract_facts_only,high,personal/levelup/evolution/eggmove binary resources and localized text,8ad201e80244f630ab5a46922ab72fb79c5ad4f4
PKHeX.Core/Resources/byte/levelup/lvlmove_sm.pkl,resources,extract_facts_only,high,personal/levelup/evolution/eggmove binary resources and localized text,8ad201e80244f630ab5a46922ab72fb79c5ad4f4
PKHeX.Core/Resources/byte/levelup/lvlmove_sv.pkl,resources,extract_facts_only,high,personal/levelup/evolution/eggmove binary resources and localized text,8ad201e80244f630ab5a46922ab72fb79c5ad4f4
PKHeX.Core/Resources/byte/levelup/lvlmove_swsh.pkl,resources,extract_facts_only,high,personal/levelup/evolution/eggmove binary resources and localized text,8ad201e80244f630ab5a46922ab72fb79c5ad4f4
PKHeX.Core/Resources/byte/levelup/lvlmove_uu.pkl,resources,extract_facts_only,high,personal/levelup/evolution/eggmove binary resources and localized text,8ad201e80244f630ab5a46922ab72fb79c5ad4f4
PKHeX.Core/Resources/byte/levelup/lvlmove_xy.pkl,resources,extract_facts_only,high,personal/levelup/evolution/eggmove binary resources and localized text,8ad201e80244f630ab5a46922ab72fb79c5ad4f4
PKHeX.Core/Resources/byte/levelup/lvlmove_y.pkl,resources,extract_facts_only,high,personal/levelup/evolution/eggmove binary resources and localized text,8ad201e80244f630ab5a46922ab72fb79c5ad4f4
PKHeX.Core/Resources/byte/levelup/lvlmove_za.pkl,resources,extract_facts_only,high,personal/levelup/evolution/eggmove binary resources and localized text,8ad201e80244f630ab5a46922ab72fb79c5ad4f4
PKHeX.Core/Resources/byte/levelup/reminder_stad2.pkl,resources,extract_facts_only,high,personal/levelup/evolution/eggmove binary resources and localized text,8ad201e80244f630ab5a46922ab72fb79c5ad4f4
PKHeX.Core/Resources/byte/personal/hmtm_g3.pkl,resources,extract_facts_only,high,personal/levelup/evolution/eggmove binary resources and localized text,8ad201e80244f630ab5a46922ab72fb79c5ad4f4
PKHeX.Core/Resources/byte/personal/personal_ao,resources,extract_facts_only,high,personal/levelup/evolution/eggmove binary resources and localized text,8ad201e80244f630ab5a46922ab72fb79c5ad4f4
PKHeX.Core/Resources/byte/personal/personal_b2w2,resources,extract_facts_only,high,personal/levelup/evolution/eggmove binary resources and localized text,8ad201e80244f630ab5a46922ab72fb79c5ad4f4
PKHeX.Core/Resources/byte/personal/personal_bdsp,resources,extract_facts_only,high,personal/levelup/evolution/eggmove binary resources and localized text,8ad201e80244f630ab5a46922ab72fb79c5ad4f4
PKHeX.Core/Resources/byte/personal/personal_bw,resources,extract_facts_only,high,personal/levelup/evolution/eggmove binary resources and localized text,8ad201e80244f630ab5a46922ab72fb79c5ad4f4
PKHeX.Core/Resources/byte/personal/personal_c,resources,extract_facts_only,high,personal/levelup/evolution/eggmove binary resources and localized text,8ad201e80244f630ab5a46922ab72fb79c5ad4f4
PKHeX.Core/Resources/byte/personal/personal_dp,resources,extract_facts_only,high,personal/levelup/evolution/eggmove binary resources and localized text,8ad201e80244f630ab5a46922ab72fb79c5ad4f4
PKHeX.Core/Resources/byte/personal/personal_e,resources,extract_facts_only,high,personal/levelup/evolution/eggmove binary resources and localized text,8ad201e80244f630ab5a46922ab72fb79c5ad4f4
PKHeX.Core/Resources/byte/personal/personal_fr,resources,extract_facts_only,high,personal/levelup/evolution/eggmove binary resources and localized text,8ad201e80244f630ab5a46922ab72fb79c5ad4f4
PKHeX.Core/Resources/byte/personal/personal_gg,resources,extract_facts_only,high,personal/levelup/evolution/eggmove binary resources and localized text,8ad201e80244f630ab5a46922ab72fb79c5ad4f4
PKHeX.Core/Resources/byte/personal/personal_gs,resources,extract_facts_only,high,personal/levelup/evolution/eggmove binary resources and localized text,8ad201e80244f630ab5a46922ab72fb79c5ad4f4
PKHeX.Core/Resources/byte/personal/personal_hgss,resources,extract_facts_only,high,personal/levelup/evolution/eggmove binary resources and localized text,8ad201e80244f630ab5a46922ab72fb79c5ad4f4
PKHeX.Core/Resources/byte/personal/personal_la,resources,extract_facts_only,high,personal/levelup/evolution/eggmove binary resources and localized text,8ad201e80244f630ab5a46922ab72fb79c5ad4f4
PKHeX.Core/Resources/byte/personal/personal_lg,resources,extract_facts_only,high,personal/levelup/evolution/eggmove binary resources and localized text,8ad201e80244f630ab5a46922ab72fb79c5ad4f4
PKHeX.Core/Resources/byte/personal/personal_pt,resources,extract_facts_only,high,personal/levelup/evolution/eggmove binary resources and localized text,8ad201e80244f630ab5a46922ab72fb79c5ad4f4
PKHeX.Core/Resources/byte/personal/personal_rb,resources,extract_facts_only,high,personal/levelup/evolution/eggmove binary resources and localized text,8ad201e80244f630ab5a46922ab72fb79c5ad4f4
PKHeX.Core/Resources/byte/personal/personal_rs,resources,extract_facts_only,high,personal/levelup/evolution/eggmove binary resources and localized text,8ad201e80244f630ab5a46922ab72fb79c5ad4f4
PKHeX.Core/Resources/byte/personal/personal_sm,resources,extract_facts_only,high,personal/levelup/evolution/eggmove binary resources and localized text,8ad201e80244f630ab5a46922ab72fb79c5ad4f4
PKHeX.Core/Resources/byte/personal/personal_sv,resources,extract_facts_only,high,personal/levelup/evolution/eggmove binary resources and localized text,8ad201e80244f630ab5a46922ab72fb79c5ad4f4
PKHeX.Core/Resources/byte/personal/personal_swsh,resources,extract_facts_only,high,personal/levelup/evolution/eggmove binary resources and localized text,8ad201e80244f630ab5a46922ab72fb79c5ad4f4
PKHeX.Core/Resources/byte/personal/personal_uu,resources,extract_facts_only,high,personal/levelup/evolution/eggmove binary resources and localized text,8ad201e80244f630ab5a46922ab72fb79c5ad4f4
PKHeX.Core/Resources/byte/personal/personal_xy,resources,extract_facts_only,high,personal/levelup/evolution/eggmove binary resources and localized text,8ad201e80244f630ab5a46922ab72fb79c5ad4f4
PKHeX.Core/Resources/byte/personal/personal_y,resources,extract_facts_only,high,personal/levelup/evolution/eggmove binary resources and localized text,8ad201e80244f630ab5a46922ab72fb79c5ad4f4
PKHeX.Core/Resources/byte/personal/personal_za,resources,extract_facts_only,high,personal/levelup/evolution/eggmove binary resources and localized text,8ad201e80244f630ab5a46922ab72fb79c5ad4f4
PKHeX.Core/Resources/byte/personal/reminder_sv.pkl,resources,extract_facts_only,high,personal/levelup/evolution/eggmove binary resources and localized text,8ad201e80244f630ab5a46922ab72fb79c5ad4f4
PKHeX.Core/Resources/byte/personal/reminder_za.pkl,resources,extract_facts_only,high,personal/levelup/evolution/eggmove binary resources and localized text,8ad201e80244f630ab5a46922ab72fb79c5ad4f4
PKHeX.Core/Resources/byte/personal/tutors_g3.pkl,resources,extract_facts_only,high,personal/levelup/evolution/eggmove binary resources and localized text,8ad201e80244f630ab5a46922ab72fb79c5ad4f4
PKHeX.Core/Resources/byte/personal/tutors_g4.pkl,resources,extract_facts_only,high,personal/levelup/evolution/eggmove binary resources and localized text,8ad201e80244f630ab5a46922ab72fb79c5ad4f4
PKHeX.Core/Resources/byte/zukan_research/researchtask_la.pkl,resources,extract_facts_only,high,personal/levelup/evolution/eggmove binary resources and localized text,8ad201e80244f630ab5a46922ab72fb79c5ad4f4
PKHeX.Core/Resources/legality/gen1/text_traderby_de.txt,resources,extract_facts_only,high,personal/levelup/evolution/eggmove binary resources and localized text,8ad201e80244f630ab5a46922ab72fb79c5ad4f4
PKHeX.Core/Resources/legality/gen1/text_traderby_en.txt,resources,extract_facts_only,high,personal/levelup/evolution/eggmove binary resources and localized text,8ad201e80244f630ab5a46922ab72fb79c5ad4f4
PKHeX.Core/Resources/legality/gen1/text_traderby_es.txt,resources,extract_facts_only,high,personal/levelup/evolution/eggmove binary resources and localized text,8ad201e80244f630ab5a46922ab72fb79c5ad4f4
PKHeX.Core/Resources/legality/gen1/text_traderby_fr.txt,resources,extract_facts_only,high,personal/levelup/evolution/eggmove binary resources and localized text,8ad201e80244f630ab5a46922ab72fb79c5ad4f4
PKHeX.Core/Resources/legality/gen1/text_traderby_it.txt,resources,extract_facts_only,high,personal/levelup/evolution/eggmove binary resources and localized text,8ad201e80244f630ab5a46922ab72fb79c5ad4f4
PKHeX.Core/Resources/legality/gen1/text_traderby_ja.txt,resources,extract_facts_only,high,personal/levelup/evolution/eggmove binary resources and localized text,8ad201e80244f630ab5a46922ab72fb79c5ad4f4
PKHeX.Core/Resources/legality/gen2/text_tradegsc_de.txt,resources,extract_facts_only,high,personal/levelup/evolution/eggmove binary resources and localized text,8ad201e80244f630ab5a46922ab72fb79c5ad4f4
PKHeX.Core/Resources/legality/gen2/text_tradegsc_en.txt,resources,extract_facts_only,high,personal/levelup/evolution/eggmove binary resources and localized text,8ad201e80244f630ab5a46922ab72fb79c5ad4f4
PKHeX.Core/Resources/legality/gen2/text_tradegsc_es.txt,resources,extract_facts_only,high,personal/levelup/evolution/eggmove binary resources and localized text,8ad201e80244f630ab5a46922ab72fb79c5ad4f4
PKHeX.Core/Resources/legality/gen2/text_tradegsc_fr.txt,resources,extract_facts_only,high,personal/levelup/evolution/eggmove binary resources and localized text,8ad201e80244f630ab5a46922ab72fb79c5ad4f4
PKHeX.Core/Resources/legality/gen2/text_tradegsc_it.txt,resources,extract_facts_only,high,personal/levelup/evolution/eggmove binary resources and localized text,8ad201e80244f630ab5a46922ab72fb79c5ad4f4
PKHeX.Core/Resources/legality/gen2/text_tradegsc_ja.txt,resources,extract_facts_only,high,personal/levelup/evolution/eggmove binary resources and localized text,8ad201e80244f630ab5a46922ab72fb79c5ad4f4
PKHeX.Core/Resources/legality/gen2/text_tradegsc_ko.txt,resources,extract_facts_only,high,personal/levelup/evolution/eggmove binary resources and localized text,8ad201e80244f630ab5a46922ab72fb79c5ad4f4
PKHeX.Core/Resources/legality/gen3/text_tradefrlg_de.txt,resources,extract_facts_only,high,personal/levelup/evolution/eggmove binary resources and localized text,8ad201e80244f630ab5a46922ab72fb79c5ad4f4
PKHeX.Core/Resources/legality/gen3/text_tradefrlg_en.txt,resources,extract_facts_only,high,personal/levelup/evolution/eggmove binary resources and localized text,8ad201e80244f630ab5a46922ab72fb79c5ad4f4
PKHeX.Core/Resources/legality/gen3/text_tradefrlg_es.txt,resources,extract_facts_only,high,personal/levelup/evolution/eggmove binary resources and localized text,8ad201e80244f630ab5a46922ab72fb79c5ad4f4
PKHeX.Core/Resources/legality/gen3/text_tradefrlg_fr.txt,resources,extract_facts_only,high,personal/levelup/evolution/eggmove binary resources and localized text,8ad201e80244f630ab5a46922ab72fb79c5ad4f4
PKHeX.Core/Resources/legality/gen3/text_tradefrlg_it.txt,resources,extract_facts_only,high,personal/levelup/evolution/eggmove binary resources and localized text,8ad201e80244f630ab5a46922ab72fb79c5ad4f4
PKHeX.Core/Resources/legality/gen3/text_tradefrlg_ja.txt,resources,extract_facts_only,high,personal/levelup/evolution/eggmove binary resources and localized text,8ad201e80244f630ab5a46922ab72fb79c5ad4f4
PKHeX.Core/Resources/legality/gen3/text_traderse_de.txt,resources,extract_facts_only,high,personal/levelup/evolution/eggmove binary resources and localized text,8ad201e80244f630ab5a46922ab72fb79c5ad4f4
PKHeX.Core/Resources/legality/gen3/text_traderse_en.txt,resources,extract_facts_only,high,personal/levelup/evolution/eggmove binary resources and localized text,8ad201e80244f630ab5a46922ab72fb79c5ad4f4
PKHeX.Core/Resources/legality/gen3/text_traderse_es.txt,resources,extract_facts_only,high,personal/levelup/evolution/eggmove binary resources and localized text,8ad201e80244f630ab5a46922ab72fb79c5ad4f4
PKHeX.Core/Resources/legality/gen3/text_traderse_fr.txt,resources,extract_facts_only,high,personal/levelup/evolution/eggmove binary resources and localized text,8ad201e80244f630ab5a46922ab72fb79c5ad4f4
PKHeX.Core/Resources/legality/gen3/text_traderse_it.txt,resources,extract_facts_only,high,personal/levelup/evolution/eggmove binary resources and localized text,8ad201e80244f630ab5a46922ab72fb79c5ad4f4
PKHeX.Core/Resources/legality/gen3/text_traderse_ja.txt,resources,extract_facts_only,high,personal/levelup/evolution/eggmove binary resources and localized text,8ad201e80244f630ab5a46922ab72fb79c5ad4f4
PKHeX.Core/Resources/legality/gen4/text_tradedppt_de.txt,resources,extract_facts_only,high,personal/levelup/evolution/eggmove binary resources and localized text,8ad201e80244f630ab5a46922ab72fb79c5ad4f4
PKHeX.Core/Resources/legality/gen4/text_tradedppt_en.txt,resources,extract_facts_only,high,personal/levelup/evolution/eggmove binary resources and localized text,8ad201e80244f630ab5a46922ab72fb79c5ad4f4
PKHeX.Core/Resources/legality/gen4/text_tradedppt_es.txt,resources,extract_facts_only,high,personal/levelup/evolution/eggmove binary resources and localized text,8ad201e80244f630ab5a46922ab72fb79c5ad4f4
PKHeX.Core/Resources/legality/gen4/text_tradedppt_fr.txt,resources,extract_facts_only,high,personal/levelup/evolution/eggmove binary resources and localized text,8ad201e80244f630ab5a46922ab72fb79c5ad4f4
PKHeX.Core/Resources/legality/gen4/text_tradedppt_it.txt,resources,extract_facts_only,high,personal/levelup/evolution/eggmove binary resources and localized text,8ad201e80244f630ab5a46922ab72fb79c5ad4f4
PKHeX.Core/Resources/legality/gen4/text_tradedppt_ja.txt,resources,extract_facts_only,high,personal/levelup/evolution/eggmove binary resources and localized text,8ad201e80244f630ab5a46922ab72fb79c5ad4f4
PKHeX.Core/Resources/legality/gen4/text_tradedppt_ko.txt,resources,extract_facts_only,high,personal/levelup/evolution/eggmove binary resources and localized text,8ad201e80244f630ab5a46922ab72fb79c5ad4f4
PKHeX.Core/Resources/legality/gen4/text_tradehgss_de.txt,resources,extract_facts_only,high,personal/levelup/evolution/eggmove binary resources and localized text,8ad201e80244f630ab5a46922ab72fb79c5ad4f4
PKHeX.Core/Resources/legality/gen4/text_tradehgss_en.txt,resources,extract_facts_only,high,personal/levelup/evolution/eggmove binary resources and localized text,8ad201e80244f630ab5a46922ab72fb79c5ad4f4
PKHeX.Core/Resources/legality/gen4/text_tradehgss_es.txt,resources,extract_facts_only,high,personal/levelup/evolution/eggmove binary resources and localized text,8ad201e80244f630ab5a46922ab72fb79c5ad4f4
PKHeX.Core/Resources/legality/gen4/text_tradehgss_fr.txt,resources,extract_facts_only,high,personal/levelup/evolution/eggmove binary resources and localized text,8ad201e80244f630ab5a46922ab72fb79c5ad4f4
PKHeX.Core/Resources/legality/gen4/text_tradehgss_it.txt,resources,extract_facts_only,high,personal/levelup/evolution/eggmove binary resources and localized text,8ad201e80244f630ab5a46922ab72fb79c5ad4f4
PKHeX.Core/Resources/legality/gen4/text_tradehgss_ja.txt,resources,extract_facts_only,high,personal/levelup/evolution/eggmove binary resources and localized text,8ad201e80244f630ab5a46922ab72fb79c5ad4f4
PKHeX.Core/Resources/legality/gen4/text_tradehgss_ko.txt,resources,extract_facts_only,high,personal/levelup/evolution/eggmove binary resources and localized text,8ad201e80244f630ab5a46922ab72fb79c5ad4f4
PKHeX.Core/Resources/legality/gen5/text_tradeb2w2_de.txt,resources,extract_facts_only,high,personal/levelup/evolution/eggmove binary resources and localized text,8ad201e80244f630ab5a46922ab72fb79c5ad4f4
PKHeX.Core/Resources/legality/gen5/text_tradeb2w2_en.txt,resources,extract_facts_only,high,personal/levelup/evolution/eggmove binary resources and localized text,8ad201e80244f630ab5a46922ab72fb79c5ad4f4
PKHeX.Core/Resources/legality/gen5/text_tradeb2w2_es.txt,resources,extract_facts_only,high,personal/levelup/evolution/eggmove binary resources and localized text,8ad201e80244f630ab5a46922ab72fb79c5ad4f4
PKHeX.Core/Resources/legality/gen5/text_tradeb2w2_fr.txt,resources,extract_facts_only,high,personal/levelup/evolution/eggmove binary resources and localized text,8ad201e80244f630ab5a46922ab72fb79c5ad4f4
PKHeX.Core/Resources/legality/gen5/text_tradeb2w2_it.txt,resources,extract_facts_only,high,personal/levelup/evolution/eggmove binary resources and localized text,8ad201e80244f630ab5a46922ab72fb79c5ad4f4
PKHeX.Core/Resources/legality/gen5/text_tradeb2w2_ja.txt,resources,extract_facts_only,high,personal/levelup/evolution/eggmove binary resources and localized text,8ad201e80244f630ab5a46922ab72fb79c5ad4f4
PKHeX.Core/Resources/legality/gen5/text_tradeb2w2_ko.txt,resources,extract_facts_only,high,personal/levelup/evolution/eggmove binary resources and localized text,8ad201e80244f630ab5a46922ab72fb79c5ad4f4
PKHeX.Core/Resources/legality/gen5/text_tradebw_de.txt,resources,extract_facts_only,high,personal/levelup/evolution/eggmove binary resources and localized text,8ad201e80244f630ab5a46922ab72fb79c5ad4f4
PKHeX.Core/Resources/legality/gen5/text_tradebw_en.txt,resources,extract_facts_only,high,personal/levelup/evolution/eggmove binary resources and localized text,8ad201e80244f630ab5a46922ab72fb79c5ad4f4
PKHeX.Core/Resources/legality/gen5/text_tradebw_es.txt,resources,extract_facts_only,high,personal/levelup/evolution/eggmove binary resources and localized text,8ad201e80244f630ab5a46922ab72fb79c5ad4f4
PKHeX.Core/Resources/legality/gen5/text_tradebw_fr.txt,resources,extract_facts_only,high,personal/levelup/evolution/eggmove binary resources and localized text,8ad201e80244f630ab5a46922ab72fb79c5ad4f4
PKHeX.Core/Resources/legality/gen5/text_tradebw_it.txt,resources,extract_facts_only,high,personal/levelup/evolution/eggmove binary resources and localized text,8ad201e80244f630ab5a46922ab72fb79c5ad4f4
PKHeX.Core/Resources/legality/gen5/text_tradebw_ja.txt,resources,extract_facts_only,high,personal/levelup/evolution/eggmove binary resources and localized text,8ad201e80244f630ab5a46922ab72fb79c5ad4f4
PKHeX.Core/Resources/legality/gen5/text_tradebw_ko.txt,resources,extract_facts_only,high,personal/levelup/evolution/eggmove binary resources and localized text,8ad201e80244f630ab5a46922ab72fb79c5ad4f4
PKHeX.Core/Resources/legality/gen6/text_tradeao_de.txt,resources,extract_facts_only,high,personal/levelup/evolution/eggmove binary resources and localized text,8ad201e80244f630ab5a46922ab72fb79c5ad4f4
PKHeX.Core/Resources/legality/gen6/text_tradeao_en.txt,resources,extract_facts_only,high,personal/levelup/evolution/eggmove binary resources and localized text,8ad201e80244f630ab5a46922ab72fb79c5ad4f4
PKHeX.Core/Resources/legality/gen6/text_tradeao_es.txt,resources,extract_facts_only,high,personal/levelup/evolution/eggmove binary resources and localized text,8ad201e80244f630ab5a46922ab72fb79c5ad4f4
PKHeX.Core/Resources/legality/gen6/text_tradeao_fr.txt,resources,extract_facts_only,high,personal/levelup/evolution/eggmove binary resources and localized text,8ad201e80244f630ab5a46922ab72fb79c5ad4f4
PKHeX.Core/Resources/legality/gen6/text_tradeao_it.txt,resources,extract_facts_only,high,personal/levelup/evolution/eggmove binary resources and localized text,8ad201e80244f630ab5a46922ab72fb79c5ad4f4
PKHeX.Core/Resources/legality/gen6/text_tradeao_ja.txt,resources,extract_facts_only,high,personal/levelup/evolution/eggmove binary resources and localized text,8ad201e80244f630ab5a46922ab72fb79c5ad4f4
PKHeX.Core/Resources/legality/gen6/text_tradeao_ko.txt,resources,extract_facts_only,high,personal/levelup/evolution/eggmove binary resources and localized text,8ad201e80244f630ab5a46922ab72fb79c5ad4f4
PKHeX.Core/Resources/legality/gen6/text_tradeao_zh-Hans.txt,resources,extract_facts_only,high,personal/levelup/evolution/eggmove binary resources and localized text,8ad201e80244f630ab5a46922ab72fb79c5ad4f4
PKHeX.Core/Resources/legality/gen6/text_tradexy_de.txt,resources,extract_facts_only,high,personal/levelup/evolution/eggmove binary resources and localized text,8ad201e80244f630ab5a46922ab72fb79c5ad4f4
PKHeX.Core/Resources/legality/gen6/text_tradexy_en.txt,resources,extract_facts_only,high,personal/levelup/evolution/eggmove binary resources and localized text,8ad201e80244f630ab5a46922ab72fb79c5ad4f4
PKHeX.Core/Resources/legality/gen6/text_tradexy_es.txt,resources,extract_facts_only,high,personal/levelup/evolution/eggmove binary resources and localized text,8ad201e80244f630ab5a46922ab72fb79c5ad4f4
PKHeX.Core/Resources/legality/gen6/text_tradexy_fr.txt,resources,extract_facts_only,high,personal/levelup/evolution/eggmove binary resources and localized text,8ad201e80244f630ab5a46922ab72fb79c5ad4f4
PKHeX.Core/Resources/legality/gen6/text_tradexy_it.txt,resources,extract_facts_only,high,personal/levelup/evolution/eggmove binary resources and localized text,8ad201e80244f630ab5a46922ab72fb79c5ad4f4
PKHeX.Core/Resources/legality/gen6/text_tradexy_ja.txt,resources,extract_facts_only,high,personal/levelup/evolution/eggmove binary resources and localized text,8ad201e80244f630ab5a46922ab72fb79c5ad4f4
PKHeX.Core/Resources/legality/gen6/text_tradexy_ko.txt,resources,extract_facts_only,high,personal/levelup/evolution/eggmove binary resources and localized text,8ad201e80244f630ab5a46922ab72fb79c5ad4f4
PKHeX.Core/Resources/legality/gen6/text_tradexy_zh-Hans.txt,resources,extract_facts_only,high,personal/levelup/evolution/eggmove binary resources and localized text,8ad201e80244f630ab5a46922ab72fb79c5ad4f4
PKHeX.Core/Resources/legality/gen7/text_tradesm_de.txt,resources,extract_facts_only,high,personal/levelup/evolution/eggmove binary resources and localized text,8ad201e80244f630ab5a46922ab72fb79c5ad4f4
PKHeX.Core/Resources/legality/gen7/text_tradesm_en.txt,resources,extract_facts_only,high,personal/levelup/evolution/eggmove binary resources and localized text,8ad201e80244f630ab5a46922ab72fb79c5ad4f4
PKHeX.Core/Resources/legality/gen7/text_tradesm_es.txt,resources,extract_facts_only,high,personal/levelup/evolution/eggmove binary resources and localized text,8ad201e80244f630ab5a46922ab72fb79c5ad4f4
PKHeX.Core/Resources/legality/gen7/text_tradesm_fr.txt,resources,extract_facts_only,high,personal/levelup/evolution/eggmove binary resources and localized text,8ad201e80244f630ab5a46922ab72fb79c5ad4f4
PKHeX.Core/Resources/legality/gen7/text_tradesm_it.txt,resources,extract_facts_only,high,personal/levelup/evolution/eggmove binary resources and localized text,8ad201e80244f630ab5a46922ab72fb79c5ad4f4
PKHeX.Core/Resources/legality/gen7/text_tradesm_ja.txt,resources,extract_facts_only,high,personal/levelup/evolution/eggmove binary resources and localized text,8ad201e80244f630ab5a46922ab72fb79c5ad4f4
PKHeX.Core/Resources/legality/gen7/text_tradesm_ko.txt,resources,extract_facts_only,high,personal/levelup/evolution/eggmove binary resources and localized text,8ad201e80244f630ab5a46922ab72fb79c5ad4f4
PKHeX.Core/Resources/legality/gen7/text_tradesm_zh-Hans.txt,resources,extract_facts_only,high,personal/levelup/evolution/eggmove binary resources and localized text,8ad201e80244f630ab5a46922ab72fb79c5ad4f4
PKHeX.Core/Resources/legality/gen7/text_tradesm_zh-Hant.txt,resources,extract_facts_only,high,personal/levelup/evolution/eggmove binary resources and localized text,8ad201e80244f630ab5a46922ab72fb79c5ad4f4
PKHeX.Core/Resources/legality/gen7/text_tradeusum_de.txt,resources,extract_facts_only,high,personal/levelup/evolution/eggmove binary resources and localized text,8ad201e80244f630ab5a46922ab72fb79c5ad4f4
PKHeX.Core/Resources/legality/gen7/text_tradeusum_en.txt,resources,extract_facts_only,high,personal/levelup/evolution/eggmove binary resources and localized text,8ad201e80244f630ab5a46922ab72fb79c5ad4f4
PKHeX.Core/Resources/legality/gen7/text_tradeusum_es.txt,resources,extract_facts_only,high,personal/levelup/evolution/eggmove binary resources and localized text,8ad201e80244f630ab5a46922ab72fb79c5ad4f4
PKHeX.Core/Resources/legality/gen7/text_tradeusum_fr.txt,resources,extract_facts_only,high,personal/levelup/evolution/eggmove binary resources and localized text,8ad201e80244f630ab5a46922ab72fb79c5ad4f4
PKHeX.Core/Resources/legality/gen7/text_tradeusum_it.txt,resources,extract_facts_only,high,personal/levelup/evolution/eggmove binary resources and localized text,8ad201e80244f630ab5a46922ab72fb79c5ad4f4
PKHeX.Core/Resources/legality/gen7/text_tradeusum_ja.txt,resources,extract_facts_only,high,personal/levelup/evolution/eggmove binary resources and localized text,8ad201e80244f630ab5a46922ab72fb79c5ad4f4
PKHeX.Core/Resources/legality/gen7/text_tradeusum_ko.txt,resources,extract_facts_only,high,personal/levelup/evolution/eggmove binary resources and localized text,8ad201e80244f630ab5a46922ab72fb79c5ad4f4
PKHeX.Core/Resources/legality/gen7/text_tradeusum_zh-Hans.txt,resources,extract_facts_only,high,personal/levelup/evolution/eggmove binary resources and localized text,8ad201e80244f630ab5a46922ab72fb79c5ad4f4
PKHeX.Core/Resources/legality/gen7/text_tradeusum_zh-Hant.txt,resources,extract_facts_only,high,personal/levelup/evolution/eggmove binary resources and localized text,8ad201e80244f630ab5a46922ab72fb79c5ad4f4
PKHeX.Core/Resources/legality/gen8/text_tradebdsp_de.txt,resources,extract_facts_only,high,personal/levelup/evolution/eggmove binary resources and localized text,8ad201e80244f630ab5a46922ab72fb79c5ad4f4
PKHeX.Core/Resources/legality/gen8/text_tradebdsp_en.txt,resources,extract_facts_only,high,personal/levelup/evolution/eggmove binary resources and localized text,8ad201e80244f630ab5a46922ab72fb79c5ad4f4
PKHeX.Core/Resources/legality/gen8/text_tradebdsp_es.txt,resources,extract_facts_only,high,personal/levelup/evolution/eggmove binary resources and localized text,8ad201e80244f630ab5a46922ab72fb79c5ad4f4
PKHeX.Core/Resources/legality/gen8/text_tradebdsp_fr.txt,resources,extract_facts_only,high,personal/levelup/evolution/eggmove binary resources and localized text,8ad201e80244f630ab5a46922ab72fb79c5ad4f4
PKHeX.Core/Resources/legality/gen8/text_tradebdsp_it.txt,resources,extract_facts_only,high,personal/levelup/evolution/eggmove binary resources and localized text,8ad201e80244f630ab5a46922ab72fb79c5ad4f4
PKHeX.Core/Resources/legality/gen8/text_tradebdsp_ja.txt,resources,extract_facts_only,high,personal/levelup/evolution/eggmove binary resources and localized text,8ad201e80244f630ab5a46922ab72fb79c5ad4f4
PKHeX.Core/Resources/legality/gen8/text_tradebdsp_ko.txt,resources,extract_facts_only,high,personal/levelup/evolution/eggmove binary resources and localized text,8ad201e80244f630ab5a46922ab72fb79c5ad4f4
PKHeX.Core/Resources/legality/gen8/text_tradebdsp_zh-Hans.txt,resources,extract_facts_only,high,personal/levelup/evolution/eggmove binary resources and localized text,8ad201e80244f630ab5a46922ab72fb79c5ad4f4
PKHeX.Core/Resources/legality/gen8/text_tradebdsp_zh-Hant.txt,resources,extract_facts_only,high,personal/levelup/evolution/eggmove binary resources and localized text,8ad201e80244f630ab5a46922ab72fb79c5ad4f4
PKHeX.Core/Resources/legality/gen8/text_tradeswsh_de.txt,resources,extract_facts_only,high,personal/levelup/evolution/eggmove binary resources and localized text,8ad201e80244f630ab5a46922ab72fb79c5ad4f4
PKHeX.Core/Resources/legality/gen8/text_tradeswsh_en.txt,resources,extract_facts_only,high,personal/levelup/evolution/eggmove binary resources and localized text,8ad201e80244f630ab5a46922ab72fb79c5ad4f4
PKHeX.Core/Resources/legality/gen8/text_tradeswsh_es.txt,resources,extract_facts_only,high,personal/levelup/evolution/eggmove binary resources and localized text,8ad201e80244f630ab5a46922ab72fb79c5ad4f4
PKHeX.Core/Resources/legality/gen8/text_tradeswsh_fr.txt,resources,extract_facts_only,high,personal/levelup/evolution/eggmove binary resources and localized text,8ad201e80244f630ab5a46922ab72fb79c5ad4f4
PKHeX.Core/Resources/legality/gen8/text_tradeswsh_it.txt,resources,extract_facts_only,high,personal/levelup/evolution/eggmove binary resources and localized text,8ad201e80244f630ab5a46922ab72fb79c5ad4f4
PKHeX.Core/Resources/legality/gen8/text_tradeswsh_ja.txt,resources,extract_facts_only,high,personal/levelup/evolution/eggmove binary resources and localized text,8ad201e80244f630ab5a46922ab72fb79c5ad4f4
PKHeX.Core/Resources/legality/gen8/text_tradeswsh_ko.txt,resources,extract_facts_only,high,personal/levelup/evolution/eggmove binary resources and localized text,8ad201e80244f630ab5a46922ab72fb79c5ad4f4
PKHeX.Core/Resources/legality/gen8/text_tradeswsh_zh-Hans.txt,resources,extract_facts_only,high,personal/levelup/evolution/eggmove binary resources and localized text,8ad201e80244f630ab5a46922ab72fb79c5ad4f4
PKHeX.Core/Resources/legality/gen8/text_tradeswsh_zh-Hant.txt,resources,extract_facts_only,high,personal/levelup/evolution/eggmove binary resources and localized text,8ad201e80244f630ab5a46922ab72fb79c5ad4f4
PKHeX.Core/Resources/legality/gen9/text_tradesv_de.txt,resources,extract_facts_only,high,personal/levelup/evolution/eggmove binary resources and localized text,8ad201e80244f630ab5a46922ab72fb79c5ad4f4
PKHeX.Core/Resources/legality/gen9/text_tradesv_en.txt,resources,extract_facts_only,high,personal/levelup/evolution/eggmove binary resources and localized text,8ad201e80244f630ab5a46922ab72fb79c5ad4f4
PKHeX.Core/Resources/legality/gen9/text_tradesv_es.txt,resources,extract_facts_only,high,personal/levelup/evolution/eggmove binary resources and localized text,8ad201e80244f630ab5a46922ab72fb79c5ad4f4
PKHeX.Core/Resources/legality/gen9/text_tradesv_fr.txt,resources,extract_facts_only,high,personal/levelup/evolution/eggmove binary resources and localized text,8ad201e80244f630ab5a46922ab72fb79c5ad4f4
PKHeX.Core/Resources/legality/gen9/text_tradesv_it.txt,resources,extract_facts_only,high,personal/levelup/evolution/eggmove binary resources and localized text,8ad201e80244f630ab5a46922ab72fb79c5ad4f4
PKHeX.Core/Resources/legality/gen9/text_tradesv_ja.txt,resources,extract_facts_only,high,personal/levelup/evolution/eggmove binary resources and localized text,8ad201e80244f630ab5a46922ab72fb79c5ad4f4
PKHeX.Core/Resources/legality/gen9/text_tradesv_ko.txt,resources,extract_facts_only,high,personal/levelup/evolution/eggmove binary resources and localized text,8ad201e80244f630ab5a46922ab72fb79c5ad4f4
PKHeX.Core/Resources/legality/gen9/text_tradesv_zh-Hans.txt,resources,extract_facts_only,high,personal/levelup/evolution/eggmove binary resources and localized text,8ad201e80244f630ab5a46922ab72fb79c5ad4f4
PKHeX.Core/Resources/legality/gen9/text_tradesv_zh-Hant.txt,resources,extract_facts_only,high,personal/levelup/evolution/eggmove binary resources and localized text,8ad201e80244f630ab5a46922ab72fb79c5ad4f4
PKHeX.Core/Resources/legality/gen9a/text_tradeza_de.txt,resources,extract_facts_only,high,personal/levelup/evolution/eggmove binary resources and localized text,8ad201e80244f630ab5a46922ab72fb79c5ad4f4
PKHeX.Core/Resources/legality/gen9a/text_tradeza_en.txt,resources,extract_facts_only,high,personal/levelup/evolution/eggmove binary resources and localized text,8ad201e80244f630ab5a46922ab72fb79c5ad4f4
PKHeX.Core/Resources/legality/gen9a/text_tradeza_es-419.txt,resources,extract_facts_only,high,personal/levelup/evolution/eggmove binary resources and localized text,8ad201e80244f630ab5a46922ab72fb79c5ad4f4
PKHeX.Core/Resources/legality/gen9a/text_tradeza_es.txt,resources,extract_facts_only,high,personal/levelup/evolution/eggmove binary resources and localized text,8ad201e80244f630ab5a46922ab72fb79c5ad4f4
PKHeX.Core/Resources/legality/gen9a/text_tradeza_fr.txt,resources,extract_facts_only,high,personal/levelup/evolution/eggmove binary resources and localized text,8ad201e80244f630ab5a46922ab72fb79c5ad4f4
PKHeX.Core/Resources/legality/gen9a/text_tradeza_it.txt,resources,extract_facts_only,high,personal/levelup/evolution/eggmove binary resources and localized text,8ad201e80244f630ab5a46922ab72fb79c5ad4f4
PKHeX.Core/Resources/legality/gen9a/text_tradeza_ja.txt,resources,extract_facts_only,high,personal/levelup/evolution/eggmove binary resources and localized text,8ad201e80244f630ab5a46922ab72fb79c5ad4f4
PKHeX.Core/Resources/legality/gen9a/text_tradeza_ko.txt,resources,extract_facts_only,high,personal/levelup/evolution/eggmove binary resources and localized text,8ad201e80244f630ab5a46922ab72fb79c5ad4f4
PKHeX.Core/Resources/legality/gen9a/text_tradeza_zh-Hans.txt,resources,extract_facts_only,high,personal/levelup/evolution/eggmove binary resources and localized text,8ad201e80244f630ab5a46922ab72fb79c5ad4f4
PKHeX.Core/Resources/legality/gen9a/text_tradeza_zh-Hant.txt,resources,extract_facts_only,high,personal/levelup/evolution/eggmove binary resources and localized text,8ad201e80244f630ab5a46922ab72fb79c5ad4f4
PKHeX.Core/Resources/legality/mgdb/event1.pkl,resources,extract_facts_only,high,personal/levelup/evolution/eggmove binary resources and localized text,8ad201e80244f630ab5a46922ab72fb79c5ad4f4
PKHeX.Core/Resources/legality/mgdb/event2.pkl,resources,extract_facts_only,high,personal/levelup/evolution/eggmove binary resources and localized text,8ad201e80244f630ab5a46922ab72fb79c5ad4f4
PKHeX.Core/Resources/legality/mgdb/pgf.pkl,resources,extract_facts_only,high,personal/levelup/evolution/eggmove binary resources and localized text,8ad201e80244f630ab5a46922ab72fb79c5ad4f4
PKHeX.Core/Resources/legality/mgdb/wa8.pkl,resources,extract_facts_only,high,personal/levelup/evolution/eggmove binary resources and localized text,8ad201e80244f630ab5a46922ab72fb79c5ad4f4
PKHeX.Core/Resources/legality/mgdb/wa9.pkl,resources,extract_facts_only,high,personal/levelup/evolution/eggmove binary resources and localized text,8ad201e80244f630ab5a46922ab72fb79c5ad4f4
PKHeX.Core/Resources/legality/mgdb/wb7full.pkl,resources,extract_facts_only,high,personal/levelup/evolution/eggmove binary resources and localized text,8ad201e80244f630ab5a46922ab72fb79c5ad4f4
PKHeX.Core/Resources/legality/mgdb/wb8.pkl,resources,extract_facts_only,high,personal/levelup/evolution/eggmove binary resources and localized text,8ad201e80244f630ab5a46922ab72fb79c5ad4f4
PKHeX.Core/Resources/legality/mgdb/wc4.pkl,resources,extract_facts_only,high,personal/levelup/evolution/eggmove binary resources and localized text,8ad201e80244f630ab5a46922ab72fb79c5ad4f4
PKHeX.Core/Resources/legality/mgdb/wc6.pkl,resources,extract_facts_only,high,personal/levelup/evolution/eggmove binary resources and localized text,8ad201e80244f630ab5a46922ab72fb79c5ad4f4
PKHeX.Core/Resources/legality/mgdb/wc6full.pkl,resources,extract_facts_only,high,personal/levelup/evolution/eggmove binary resources and localized text,8ad201e80244f630ab5a46922ab72fb79c5ad4f4
PKHeX.Core/Resources/legality/mgdb/wc7.pkl,resources,extract_facts_only,high,personal/levelup/evolution/eggmove binary resources and localized text,8ad201e80244f630ab5a46922ab72fb79c5ad4f4
PKHeX.Core/Resources/legality/mgdb/wc7full.pkl,resources,extract_facts_only,high,personal/levelup/evolution/eggmove binary resources and localized text,8ad201e80244f630ab5a46922ab72fb79c5ad4f4
PKHeX.Core/Resources/legality/mgdb/wc8.pkl,resources,extract_facts_only,high,personal/levelup/evolution/eggmove binary resources and localized text,8ad201e80244f630ab5a46922ab72fb79c5ad4f4
PKHeX.Core/Resources/legality/mgdb/wc9.pkl,resources,extract_facts_only,high,personal/levelup/evolution/eggmove binary resources and localized text,8ad201e80244f630ab5a46922ab72fb79c5ad4f4
PKHeX.Core/Resources/legality/misc/mastery_la.pkl,resources,extract_facts_only,high,personal/levelup/evolution/eggmove binary resources and localized text,8ad201e80244f630ab5a46922ab72fb79c5ad4f4
PKHeX.Core/Resources/legality/misc/plus_za.pkl,resources,extract_facts_only,high,personal/levelup/evolution/eggmove binary resources and localized text,8ad201e80244f630ab5a46922ab72fb79c5ad4f4
PKHeX.Core/Resources/legality/wild/encounter_go_home.pkl,resources,extract_facts_only,high,personal/levelup/evolution/eggmove binary resources and localized text,8ad201e80244f630ab5a46922ab72fb79c5ad4f4
PKHeX.Core/Resources/legality/wild/encounter_go_lgpe.pkl,resources,extract_facts_only,high,personal/levelup/evolution/eggmove binary resources and localized text,8ad201e80244f630ab5a46922ab72fb79c5ad4f4
PKHeX.Core/Resources/legality/wild/Gen1/encounter_blue_jp.pkl,resources,extract_facts_only,high,personal/levelup/evolution/eggmove binary resources and localized text,8ad201e80244f630ab5a46922ab72fb79c5ad4f4
PKHeX.Core/Resources/legality/wild/Gen1/encounter_blue.pkl,resources,extract_facts_only,high,personal/levelup/evolution/eggmove binary resources and localized text,8ad201e80244f630ab5a46922ab72fb79c5ad4f4
PKHeX.Core/Resources/legality/wild/Gen1/encounter_red.pkl,resources,extract_facts_only,high,personal/levelup/evolution/eggmove binary resources and localized text,8ad201e80244f630ab5a46922ab72fb79c5ad4f4
PKHeX.Core/Resources/legality/wild/Gen1/encounter_yellow.pkl,resources,extract_facts_only,high,personal/levelup/evolution/eggmove binary resources and localized text,8ad201e80244f630ab5a46922ab72fb79c5ad4f4
PKHeX.Core/Resources/legality/wild/Gen2/encounter_crystal.pkl,resources,extract_facts_only,high,personal/levelup/evolution/eggmove binary resources and localized text,8ad201e80244f630ab5a46922ab72fb79c5ad4f4
PKHeX.Core/Resources/legality/wild/Gen2/encounter_gold.pkl,resources,extract_facts_only,high,personal/levelup/evolution/eggmove binary resources and localized text,8ad201e80244f630ab5a46922ab72fb79c5ad4f4
PKHeX.Core/Resources/legality/wild/Gen2/encounter_silver.pkl,resources,extract_facts_only,high,personal/levelup/evolution/eggmove binary resources and localized text,8ad201e80244f630ab5a46922ab72fb79c5ad4f4
PKHeX.Core/Resources/legality/wild/Gen3/encounter_e.pkl,resources,extract_facts_only,high,personal/levelup/evolution/eggmove binary resources and localized text,8ad201e80244f630ab5a46922ab72fb79c5ad4f4
PKHeX.Core/Resources/legality/wild/Gen3/encounter_fr.pkl,resources,extract_facts_only,high,personal/levelup/evolution/eggmove binary resources and localized text,8ad201e80244f630ab5a46922ab72fb79c5ad4f4
PKHeX.Core/Resources/legality/wild/Gen3/encounter_lg.pkl,resources,extract_facts_only,high,personal/levelup/evolution/eggmove binary resources and localized text,8ad201e80244f630ab5a46922ab72fb79c5ad4f4
PKHeX.Core/Resources/legality/wild/Gen3/encounter_pcny.pkl,resources,extract_facts_only,high,personal/levelup/evolution/eggmove binary resources and localized text,8ad201e80244f630ab5a46922ab72fb79c5ad4f4
PKHeX.Core/Resources/legality/wild/Gen3/encounter_r.pkl,resources,extract_facts_only,high,personal/levelup/evolution/eggmove binary resources and localized text,8ad201e80244f630ab5a46922ab72fb79c5ad4f4
PKHeX.Core/Resources/legality/wild/Gen3/encounter_rse_swarm.pkl,resources,extract_facts_only,high,personal/levelup/evolution/eggmove binary resources and localized text,8ad201e80244f630ab5a46922ab72fb79c5ad4f4
PKHeX.Core/Resources/legality/wild/Gen3/encounter_s.pkl,resources,extract_facts_only,high,personal/levelup/evolution/eggmove binary resources and localized text,8ad201e80244f630ab5a46922ab72fb79c5ad4f4
PKHeX.Core/Resources/legality/wild/Gen4/encounter_d.pkl,resources,extract_facts_only,high,personal/levelup/evolution/eggmove binary resources and localized text,8ad201e80244f630ab5a46922ab72fb79c5ad4f4
PKHeX.Core/Resources/legality/wild/Gen4/encounter_hg.pkl,resources,extract_facts_only,high,personal/levelup/evolution/eggmove binary resources and localized text,8ad201e80244f630ab5a46922ab72fb79c5ad4f4
PKHeX.Core/Resources/legality/wild/Gen4/encounter_p.pkl,resources,extract_facts_only,high,personal/levelup/evolution/eggmove binary resources and localized text,8ad201e80244f630ab5a46922ab72fb79c5ad4f4
PKHeX.Core/Resources/legality/wild/Gen4/encounter_pt.pkl,resources,extract_facts_only,high,personal/levelup/evolution/eggmove binary resources and localized text,8ad201e80244f630ab5a46922ab72fb79c5ad4f4
PKHeX.Core/Resources/legality/wild/Gen4/encounter_ss.pkl,resources,extract_facts_only,high,personal/levelup/evolution/eggmove binary resources and localized text,8ad201e80244f630ab5a46922ab72fb79c5ad4f4
PKHeX.Core/Resources/legality/wild/Gen4/encounter_walker4.pkl,resources,extract_facts_only,high,personal/levelup/evolution/eggmove binary resources and localized text,8ad201e80244f630ab5a46922ab72fb79c5ad4f4
PKHeX.Core/Resources/legality/wild/Gen5/encounter_b.pkl,resources,extract_facts_only,high,personal/levelup/evolution/eggmove binary resources and localized text,8ad201e80244f630ab5a46922ab72fb79c5ad4f4
PKHeX.Core/Resources/legality/wild/Gen5/encounter_b2.pkl,resources,extract_facts_only,high,personal/levelup/evolution/eggmove binary resources and localized text,8ad201e80244f630ab5a46922ab72fb79c5ad4f4
PKHeX.Core/Resources/legality/wild/Gen5/encounter_w.pkl,resources,extract_facts_only,high,personal/levelup/evolution/eggmove binary resources and localized text,8ad201e80244f630ab5a46922ab72fb79c5ad4f4
PKHeX.Core/Resources/legality/wild/Gen5/encounter_w2.pkl,resources,extract_facts_only,high,personal/levelup/evolution/eggmove binary resources and localized text,8ad201e80244f630ab5a46922ab72fb79c5ad4f4
PKHeX.Core/Resources/legality/wild/Gen6/encounter_as.pkl,resources,extract_facts_only,high,personal/levelup/evolution/eggmove binary resources and localized text,8ad201e80244f630ab5a46922ab72fb79c5ad4f4
PKHeX.Core/Resources/legality/wild/Gen6/encounter_or.pkl,resources,extract_facts_only,high,personal/levelup/evolution/eggmove binary resources and localized text,8ad201e80244f630ab5a46922ab72fb79c5ad4f4
PKHeX.Core/Resources/legality/wild/Gen6/encounter_x.pkl,resources,extract_facts_only,high,personal/levelup/evolution/eggmove binary resources and localized text,8ad201e80244f630ab5a46922ab72fb79c5ad4f4
PKHeX.Core/Resources/legality/wild/Gen6/encounter_y.pkl,resources,extract_facts_only,high,personal/levelup/evolution/eggmove binary resources and localized text,8ad201e80244f630ab5a46922ab72fb79c5ad4f4
PKHeX.Core/Resources/legality/wild/Gen7/encounter_ge.pkl,resources,extract_facts_only,high,personal/levelup/evolution/eggmove binary resources and localized text,8ad201e80244f630ab5a46922ab72fb79c5ad4f4
PKHeX.Core/Resources/legality/wild/Gen7/encounter_gp.pkl,resources,extract_facts_only,high,personal/levelup/evolution/eggmove binary resources and localized text,8ad201e80244f630ab5a46922ab72fb79c5ad4f4
PKHeX.Core/Resources/legality/wild/Gen7/encounter_mn.pkl,resources,extract_facts_only,high,personal/levelup/evolution/eggmove binary resources and localized text,8ad201e80244f630ab5a46922ab72fb79c5ad4f4
PKHeX.Core/Resources/legality/wild/Gen7/encounter_sn.pkl,resources,extract_facts_only,high,personal/levelup/evolution/eggmove binary resources and localized text,8ad201e80244f630ab5a46922ab72fb79c5ad4f4
PKHeX.Core/Resources/legality/wild/Gen7/encounter_um.pkl,resources,extract_facts_only,high,personal/levelup/evolution/eggmove binary resources and localized text,8ad201e80244f630ab5a46922ab72fb79c5ad4f4
PKHeX.Core/Resources/legality/wild/Gen7/encounter_us.pkl,resources,extract_facts_only,high,personal/levelup/evolution/eggmove binary resources and localized text,8ad201e80244f630ab5a46922ab72fb79c5ad4f4
PKHeX.Core/Resources/legality/wild/Gen8/encounter_bd_underground.pkl,resources,extract_facts_only,high,personal/levelup/evolution/eggmove binary resources and localized text,8ad201e80244f630ab5a46922ab72fb79c5ad4f4
PKHeX.Core/Resources/legality/wild/Gen8/encounter_bd.pkl,resources,extract_facts_only,high,personal/levelup/evolution/eggmove binary resources and localized text,8ad201e80244f630ab5a46922ab72fb79c5ad4f4
PKHeX.Core/Resources/legality/wild/Gen8/encounter_la.pkl,resources,extract_facts_only,high,personal/levelup/evolution/eggmove binary resources and localized text,8ad201e80244f630ab5a46922ab72fb79c5ad4f4
PKHeX.Core/Resources/legality/wild/Gen8/encounter_sh_dist.pkl,resources,extract_facts_only,high,personal/levelup/evolution/eggmove binary resources and localized text,8ad201e80244f630ab5a46922ab72fb79c5ad4f4
PKHeX.Core/Resources/legality/wild/Gen8/encounter_sh_hidden.pkl,resources,extract_facts_only,high,personal/levelup/evolution/eggmove binary resources and localized text,8ad201e80244f630ab5a46922ab72fb79c5ad4f4
PKHeX.Core/Resources/legality/wild/Gen8/encounter_sh_nest.pkl,resources,extract_facts_only,high,personal/levelup/evolution/eggmove binary resources and localized text,8ad201e80244f630ab5a46922ab72fb79c5ad4f4
PKHeX.Core/Resources/legality/wild/Gen8/encounter_sh_symbol.pkl,resources,extract_facts_only,high,personal/levelup/evolution/eggmove binary resources and localized text,8ad201e80244f630ab5a46922ab72fb79c5ad4f4
PKHeX.Core/Resources/legality/wild/Gen8/encounter_sp_underground.pkl,resources,extract_facts_only,high,personal/levelup/evolution/eggmove binary resources and localized text,8ad201e80244f630ab5a46922ab72fb79c5ad4f4
PKHeX.Core/Resources/legality/wild/Gen8/encounter_sp.pkl,resources,extract_facts_only,high,personal/levelup/evolution/eggmove binary resources and localized text,8ad201e80244f630ab5a46922ab72fb79c5ad4f4
PKHeX.Core/Resources/legality/wild/Gen8/encounter_sw_dist.pkl,resources,extract_facts_only,high,personal/levelup/evolution/eggmove binary resources and localized text,8ad201e80244f630ab5a46922ab72fb79c5ad4f4
PKHeX.Core/Resources/legality/wild/Gen8/encounter_sw_hidden.pkl,resources,extract_facts_only,high,personal/levelup/evolution/eggmove binary resources and localized text,8ad201e80244f630ab5a46922ab72fb79c5ad4f4
PKHeX.Core/Resources/legality/wild/Gen8/encounter_sw_nest.pkl,resources,extract_facts_only,high,personal/levelup/evolution/eggmove binary resources and localized text,8ad201e80244f630ab5a46922ab72fb79c5ad4f4
PKHeX.Core/Resources/legality/wild/Gen8/encounter_sw_symbol.pkl,resources,extract_facts_only,high,personal/levelup/evolution/eggmove binary resources and localized text,8ad201e80244f630ab5a46922ab72fb79c5ad4f4
PKHeX.Core/Resources/legality/wild/Gen8/encounter_swsh_underground.pkl,resources,extract_facts_only,high,personal/levelup/evolution/eggmove binary resources and localized text,8ad201e80244f630ab5a46922ab72fb79c5ad4f4
PKHeX.Core/Resources/legality/wild/Gen9/encounter_dist_paldea.pkl,resources,extract_facts_only,high,personal/levelup/evolution/eggmove binary resources and localized text,8ad201e80244f630ab5a46922ab72fb79c5ad4f4
PKHeX.Core/Resources/legality/wild/Gen9/encounter_fixed_paldea.pkl,resources,extract_facts_only,high,personal/levelup/evolution/eggmove binary resources and localized text,8ad201e80244f630ab5a46922ab72fb79c5ad4f4
PKHeX.Core/Resources/legality/wild/Gen9/encounter_gem_blueberry.pkl,resources,extract_facts_only,high,personal/levelup/evolution/eggmove binary resources and localized text,8ad201e80244f630ab5a46922ab72fb79c5ad4f4
PKHeX.Core/Resources/legality/wild/Gen9/encounter_gem_kitakami.pkl,resources,extract_facts_only,high,personal/levelup/evolution/eggmove binary resources and localized text,8ad201e80244f630ab5a46922ab72fb79c5ad4f4
PKHeX.Core/Resources/legality/wild/Gen9/encounter_gem_paldea.pkl,resources,extract_facts_only,high,personal/levelup/evolution/eggmove binary resources and localized text,8ad201e80244f630ab5a46922ab72fb79c5ad4f4
PKHeX.Core/Resources/legality/wild/Gen9/encounter_hyperspace_za.pkl,resources,extract_facts_only,high,personal/levelup/evolution/eggmove binary resources and localized text,8ad201e80244f630ab5a46922ab72fb79c5ad4f4
PKHeX.Core/Resources/legality/wild/Gen9/encounter_might_paldea.pkl,resources,extract_facts_only,high,personal/levelup/evolution/eggmove binary resources and localized text,8ad201e80244f630ab5a46922ab72fb79c5ad4f4
PKHeX.Core/Resources/legality/wild/Gen9/encounter_outbreak_paldea.pkl,resources,extract_facts_only,high,personal/levelup/evolution/eggmove binary resources and localized text,8ad201e80244f630ab5a46922ab72fb79c5ad4f4
PKHeX.Core/Resources/legality/wild/Gen9/encounter_wild_paldea.pkl,resources,extract_facts_only,high,personal/levelup/evolution/eggmove binary resources and localized text,8ad201e80244f630ab5a46922ab72fb79c5ad4f4
PKHeX.Core/Resources/legality/wild/Gen9/encounter_za.pkl,resources,extract_facts_only,high,personal/levelup/evolution/eggmove binary resources and localized text,8ad201e80244f630ab5a46922ab72fb79c5ad4f4
PKHeX.Core/Resources/localize/battle/battle_de.json,resources,extract_facts_only,high,personal/levelup/evolution/eggmove binary resources and localized text,8ad201e80244f630ab5a46922ab72fb79c5ad4f4
PKHeX.Core/Resources/localize/battle/battle_en.json,resources,extract_facts_only,high,personal/levelup/evolution/eggmove binary resources and localized text,8ad201e80244f630ab5a46922ab72fb79c5ad4f4
PKHeX.Core/Resources/localize/battle/battle_es-419.json,resources,extract_facts_only,high,personal/levelup/evolution/eggmove binary resources and localized text,8ad201e80244f630ab5a46922ab72fb79c5ad4f4
PKHeX.Core/Resources/localize/battle/battle_es.json,resources,extract_facts_only,high,personal/levelup/evolution/eggmove binary resources and localized text,8ad201e80244f630ab5a46922ab72fb79c5ad4f4
PKHeX.Core/Resources/localize/battle/battle_fr.json,resources,extract_facts_only,high,personal/levelup/evolution/eggmove binary resources and localized text,8ad201e80244f630ab5a46922ab72fb79c5ad4f4
PKHeX.Core/Resources/localize/battle/battle_it.json,resources,extract_facts_only,high,personal/levelup/evolution/eggmove binary resources and localized text,8ad201e80244f630ab5a46922ab72fb79c5ad4f4
PKHeX.Core/Resources/localize/battle/battle_ja.json,resources,extract_facts_only,high,personal/levelup/evolution/eggmove binary resources and localized text,8ad201e80244f630ab5a46922ab72fb79c5ad4f4
PKHeX.Core/Resources/localize/battle/battle_ko.json,resources,extract_facts_only,high,personal/levelup/evolution/eggmove binary resources and localized text,8ad201e80244f630ab5a46922ab72fb79c5ad4f4
PKHeX.Core/Resources/localize/battle/battle_zh-hans.json,resources,extract_facts_only,high,personal/levelup/evolution/eggmove binary resources and localized text,8ad201e80244f630ab5a46922ab72fb79c5ad4f4
PKHeX.Core/Resources/localize/battle/battle_zh-hant.json,resources,extract_facts_only,high,personal/levelup/evolution/eggmove binary resources and localized text,8ad201e80244f630ab5a46922ab72fb79c5ad4f4
PKHeX.Core/Resources/localize/battle/setparse_de.json,resources,extract_facts_only,high,personal/levelup/evolution/eggmove binary resources and localized text,8ad201e80244f630ab5a46922ab72fb79c5ad4f4
PKHeX.Core/Resources/localize/battle/setparse_en.json,resources,extract_facts_only,high,personal/levelup/evolution/eggmove binary resources and localized text,8ad201e80244f630ab5a46922ab72fb79c5ad4f4
PKHeX.Core/Resources/localize/battle/setparse_es-419.json,resources,extract_facts_only,high,personal/levelup/evolution/eggmove binary resources and localized text,8ad201e80244f630ab5a46922ab72fb79c5ad4f4
PKHeX.Core/Resources/localize/battle/setparse_es.json,resources,extract_facts_only,high,personal/levelup/evolution/eggmove binary resources and localized text,8ad201e80244f630ab5a46922ab72fb79c5ad4f4
PKHeX.Core/Resources/localize/battle/setparse_fr.json,resources,extract_facts_only,high,personal/levelup/evolution/eggmove binary resources and localized text,8ad201e80244f630ab5a46922ab72fb79c5ad4f4
PKHeX.Core/Resources/localize/battle/setparse_it.json,resources,extract_facts_only,high,personal/levelup/evolution/eggmove binary resources and localized text,8ad201e80244f630ab5a46922ab72fb79c5ad4f4
PKHeX.Core/Resources/localize/battle/setparse_ja.json,resources,extract_facts_only,high,personal/levelup/evolution/eggmove binary resources and localized text,8ad201e80244f630ab5a46922ab72fb79c5ad4f4
PKHeX.Core/Resources/localize/battle/setparse_ko.json,resources,extract_facts_only,high,personal/levelup/evolution/eggmove binary resources and localized text,8ad201e80244f630ab5a46922ab72fb79c5ad4f4
PKHeX.Core/Resources/localize/battle/setparse_zh-hans.json,resources,extract_facts_only,high,personal/levelup/evolution/eggmove binary resources and localized text,8ad201e80244f630ab5a46922ab72fb79c5ad4f4
PKHeX.Core/Resources/localize/battle/setparse_zh-hant.json,resources,extract_facts_only,high,personal/levelup/evolution/eggmove binary resources and localized text,8ad201e80244f630ab5a46922ab72fb79c5ad4f4
PKHeX.Core/Resources/localize/encounter/encounter_de.json,resources,extract_facts_only,high,personal/levelup/evolution/eggmove binary resources and localized text,8ad201e80244f630ab5a46922ab72fb79c5ad4f4
PKHeX.Core/Resources/localize/encounter/encounter_en.json,resources,extract_facts_only,high,personal/levelup/evolution/eggmove binary resources and localized text,8ad201e80244f630ab5a46922ab72fb79c5ad4f4
PKHeX.Core/Resources/localize/encounter/encounter_es-419.json,resources,extract_facts_only,high,personal/levelup/evolution/eggmove binary resources and localized text,8ad201e80244f630ab5a46922ab72fb79c5ad4f4
PKHeX.Core/Resources/localize/encounter/encounter_es.json,resources,extract_facts_only,high,personal/levelup/evolution/eggmove binary resources and localized text,8ad201e80244f630ab5a46922ab72fb79c5ad4f4
PKHeX.Core/Resources/localize/encounter/encounter_fr.json,resources,extract_facts_only,high,personal/levelup/evolution/eggmove binary resources and localized text,8ad201e80244f630ab5a46922ab72fb79c5ad4f4
PKHeX.Core/Resources/localize/encounter/encounter_it.json,resources,extract_facts_only,high,personal/levelup/evolution/eggmove binary resources and localized text,8ad201e80244f630ab5a46922ab72fb79c5ad4f4
PKHeX.Core/Resources/localize/encounter/encounter_ja.json,resources,extract_facts_only,high,personal/levelup/evolution/eggmove binary resources and localized text,8ad201e80244f630ab5a46922ab72fb79c5ad4f4
PKHeX.Core/Resources/localize/encounter/encounter_ko.json,resources,extract_facts_only,high,personal/levelup/evolution/eggmove binary resources and localized text,8ad201e80244f630ab5a46922ab72fb79c5ad4f4
PKHeX.Core/Resources/localize/encounter/encounter_zh-hans.json,resources,extract_facts_only,high,personal/levelup/evolution/eggmove binary resources and localized text,8ad201e80244f630ab5a46922ab72fb79c5ad4f4
PKHeX.Core/Resources/localize/encounter/encounter_zh-hant.json,resources,extract_facts_only,high,personal/levelup/evolution/eggmove binary resources and localized text,8ad201e80244f630ab5a46922ab72fb79c5ad4f4
PKHeX.Core/Resources/localize/general/general_de.json,resources,extract_facts_only,high,personal/levelup/evolution/eggmove binary resources and localized text,8ad201e80244f630ab5a46922ab72fb79c5ad4f4
PKHeX.Core/Resources/localize/general/general_en.json,resources,extract_facts_only,high,personal/levelup/evolution/eggmove binary resources and localized text,8ad201e80244f630ab5a46922ab72fb79c5ad4f4
PKHeX.Core/Resources/localize/general/general_es-419.json,resources,extract_facts_only,high,personal/levelup/evolution/eggmove binary resources and localized text,8ad201e80244f630ab5a46922ab72fb79c5ad4f4
PKHeX.Core/Resources/localize/general/general_es.json,resources,extract_facts_only,high,personal/levelup/evolution/eggmove binary resources and localized text,8ad201e80244f630ab5a46922ab72fb79c5ad4f4
PKHeX.Core/Resources/localize/general/general_fr.json,resources,extract_facts_only,high,personal/levelup/evolution/eggmove binary resources and localized text,8ad201e80244f630ab5a46922ab72fb79c5ad4f4
PKHeX.Core/Resources/localize/general/general_it.json,resources,extract_facts_only,high,personal/levelup/evolution/eggmove binary resources and localized text,8ad201e80244f630ab5a46922ab72fb79c5ad4f4
PKHeX.Core/Resources/localize/general/general_ja.json,resources,extract_facts_only,high,personal/levelup/evolution/eggmove binary resources and localized text,8ad201e80244f630ab5a46922ab72fb79c5ad4f4
PKHeX.Core/Resources/localize/general/general_ko.json,resources,extract_facts_only,high,personal/levelup/evolution/eggmove binary resources and localized text,8ad201e80244f630ab5a46922ab72fb79c5ad4f4
PKHeX.Core/Resources/localize/general/general_zh-hans.json,resources,extract_facts_only,high,personal/levelup/evolution/eggmove binary resources and localized text,8ad201e80244f630ab5a46922ab72fb79c5ad4f4
PKHeX.Core/Resources/localize/general/general_zh-hant.json,resources,extract_facts_only,high,personal/levelup/evolution/eggmove binary resources and localized text,8ad201e80244f630ab5a46922ab72fb79c5ad4f4
PKHeX.Core/Resources/localize/legality/legality_de.json,resources,extract_facts_only,high,personal/levelup/evolution/eggmove binary resources and localized text,8ad201e80244f630ab5a46922ab72fb79c5ad4f4
PKHeX.Core/Resources/localize/legality/legality_en.json,resources,extract_facts_only,high,personal/levelup/evolution/eggmove binary resources and localized text,8ad201e80244f630ab5a46922ab72fb79c5ad4f4
PKHeX.Core/Resources/localize/legality/legality_es-419.json,resources,extract_facts_only,high,personal/levelup/evolution/eggmove binary resources and localized text,8ad201e80244f630ab5a46922ab72fb79c5ad4f4
PKHeX.Core/Resources/localize/legality/legality_es.json,resources,extract_facts_only,high,personal/levelup/evolution/eggmove binary resources and localized text,8ad201e80244f630ab5a46922ab72fb79c5ad4f4
PKHeX.Core/Resources/localize/legality/legality_fr.json,resources,extract_facts_only,high,personal/levelup/evolution/eggmove binary resources and localized text,8ad201e80244f630ab5a46922ab72fb79c5ad4f4
PKHeX.Core/Resources/localize/legality/legality_it.json,resources,extract_facts_only,high,personal/levelup/evolution/eggmove binary resources and localized text,8ad201e80244f630ab5a46922ab72fb79c5ad4f4
PKHeX.Core/Resources/localize/legality/legality_ja.json,resources,extract_facts_only,high,personal/levelup/evolution/eggmove binary resources and localized text,8ad201e80244f630ab5a46922ab72fb79c5ad4f4
PKHeX.Core/Resources/localize/legality/legality_ko.json,resources,extract_facts_only,high,personal/levelup/evolution/eggmove binary resources and localized text,8ad201e80244f630ab5a46922ab72fb79c5ad4f4
PKHeX.Core/Resources/localize/legality/legality_zh-hans.json,resources,extract_facts_only,high,personal/levelup/evolution/eggmove binary resources and localized text,8ad201e80244f630ab5a46922ab72fb79c5ad4f4
PKHeX.Core/Resources/localize/legality/legality_zh-hant.json,resources,extract_facts_only,high,personal/levelup/evolution/eggmove binary resources and localized text,8ad201e80244f630ab5a46922ab72fb79c5ad4f4
PKHeX.Core/Resources/localize/movesource/movesource_de.json,resources,extract_facts_only,high,personal/levelup/evolution/eggmove binary resources and localized text,8ad201e80244f630ab5a46922ab72fb79c5ad4f4
PKHeX.Core/Resources/localize/movesource/movesource_en.json,resources,extract_facts_only,high,personal/levelup/evolution/eggmove binary resources and localized text,8ad201e80244f630ab5a46922ab72fb79c5ad4f4
PKHeX.Core/Resources/localize/movesource/movesource_es-419.json,resources,extract_facts_only,high,personal/levelup/evolution/eggmove binary resources and localized text,8ad201e80244f630ab5a46922ab72fb79c5ad4f4
PKHeX.Core/Resources/localize/movesource/movesource_es.json,resources,extract_facts_only,high,personal/levelup/evolution/eggmove binary resources and localized text,8ad201e80244f630ab5a46922ab72fb79c5ad4f4
PKHeX.Core/Resources/localize/movesource/movesource_fr.json,resources,extract_facts_only,high,personal/levelup/evolution/eggmove binary resources and localized text,8ad201e80244f630ab5a46922ab72fb79c5ad4f4
PKHeX.Core/Resources/localize/movesource/movesource_it.json,resources,extract_facts_only,high,personal/levelup/evolution/eggmove binary resources and localized text,8ad201e80244f630ab5a46922ab72fb79c5ad4f4
PKHeX.Core/Resources/localize/movesource/movesource_ja.json,resources,extract_facts_only,high,personal/levelup/evolution/eggmove binary resources and localized text,8ad201e80244f630ab5a46922ab72fb79c5ad4f4
PKHeX.Core/Resources/localize/movesource/movesource_ko.json,resources,extract_facts_only,high,personal/levelup/evolution/eggmove binary resources and localized text,8ad201e80244f630ab5a46922ab72fb79c5ad4f4
PKHeX.Core/Resources/localize/movesource/movesource_zh-hans.json,resources,extract_facts_only,high,personal/levelup/evolution/eggmove binary resources and localized text,8ad201e80244f630ab5a46922ab72fb79c5ad4f4
PKHeX.Core/Resources/localize/movesource/movesource_zh-hant.json,resources,extract_facts_only,high,personal/levelup/evolution/eggmove binary resources and localized text,8ad201e80244f630ab5a46922ab72fb79c5ad4f4
PKHeX.Core/Resources/text/badwords/badwords_3ds.txt,resources,extract_facts_only,high,personal/levelup/evolution/eggmove binary resources and localized text,8ad201e80244f630ab5a46922ab72fb79c5ad4f4
PKHeX.Core/Resources/text/badwords/badwords_gen5.txt,resources,extract_facts_only,high,personal/levelup/evolution/eggmove binary resources and localized text,8ad201e80244f630ab5a46922ab72fb79c5ad4f4
PKHeX.Core/Resources/text/badwords/badwords_switch.txt,resources,extract_facts_only,high,personal/levelup/evolution/eggmove binary resources and localized text,8ad201e80244f630ab5a46922ab72fb79c5ad4f4
PKHeX.Core/Resources/text/donut/text_donutFlavor_de.txt,resources,extract_facts_only,high,personal/levelup/evolution/eggmove binary resources and localized text,8ad201e80244f630ab5a46922ab72fb79c5ad4f4
PKHeX.Core/Resources/text/donut/text_donutFlavor_en.txt,resources,extract_facts_only,high,personal/levelup/evolution/eggmove binary resources and localized text,8ad201e80244f630ab5a46922ab72fb79c5ad4f4
PKHeX.Core/Resources/text/donut/text_donutFlavor_es-419.txt,resources,extract_facts_only,high,personal/levelup/evolution/eggmove binary resources and localized text,8ad201e80244f630ab5a46922ab72fb79c5ad4f4
PKHeX.Core/Resources/text/donut/text_donutFlavor_es.txt,resources,extract_facts_only,high,personal/levelup/evolution/eggmove binary resources and localized text,8ad201e80244f630ab5a46922ab72fb79c5ad4f4
PKHeX.Core/Resources/text/donut/text_donutFlavor_fr.txt,resources,extract_facts_only,high,personal/levelup/evolution/eggmove binary resources and localized text,8ad201e80244f630ab5a46922ab72fb79c5ad4f4
PKHeX.Core/Resources/text/donut/text_donutFlavor_it.txt,resources,extract_facts_only,high,personal/levelup/evolution/eggmove binary resources and localized text,8ad201e80244f630ab5a46922ab72fb79c5ad4f4
PKHeX.Core/Resources/text/donut/text_donutFlavor_ja.txt,resources,extract_facts_only,high,personal/levelup/evolution/eggmove binary resources and localized text,8ad201e80244f630ab5a46922ab72fb79c5ad4f4
PKHeX.Core/Resources/text/donut/text_donutFlavor_ko.txt,resources,extract_facts_only,high,personal/levelup/evolution/eggmove binary resources and localized text,8ad201e80244f630ab5a46922ab72fb79c5ad4f4
PKHeX.Core/Resources/text/donut/text_donutFlavor_zh-Hans.txt,resources,extract_facts_only,high,personal/levelup/evolution/eggmove binary resources and localized text,8ad201e80244f630ab5a46922ab72fb79c5ad4f4
PKHeX.Core/Resources/text/donut/text_donutFlavor_zh-Hant.txt,resources,extract_facts_only,high,personal/levelup/evolution/eggmove binary resources and localized text,8ad201e80244f630ab5a46922ab72fb79c5ad4f4
PKHeX.Core/Resources/text/donut/text_donutName_de.txt,resources,extract_facts_only,high,personal/levelup/evolution/eggmove binary resources and localized text,8ad201e80244f630ab5a46922ab72fb79c5ad4f4
PKHeX.Core/Resources/text/donut/text_donutName_en.txt,resources,extract_facts_only,high,personal/levelup/evolution/eggmove binary resources and localized text,8ad201e80244f630ab5a46922ab72fb79c5ad4f4
PKHeX.Core/Resources/text/donut/text_donutName_es-419.txt,resources,extract_facts_only,high,personal/levelup/evolution/eggmove binary resources and localized text,8ad201e80244f630ab5a46922ab72fb79c5ad4f4
PKHeX.Core/Resources/text/donut/text_donutName_es.txt,resources,extract_facts_only,high,personal/levelup/evolution/eggmove binary resources and localized text,8ad201e80244f630ab5a46922ab72fb79c5ad4f4
PKHeX.Core/Resources/text/donut/text_donutName_fr.txt,resources,extract_facts_only,high,personal/levelup/evolution/eggmove binary resources and localized text,8ad201e80244f630ab5a46922ab72fb79c5ad4f4
PKHeX.Core/Resources/text/donut/text_donutName_it.txt,resources,extract_facts_only,high,personal/levelup/evolution/eggmove binary resources and localized text,8ad201e80244f630ab5a46922ab72fb79c5ad4f4
PKHeX.Core/Resources/text/donut/text_donutName_ja.txt,resources,extract_facts_only,high,personal/levelup/evolution/eggmove binary resources and localized text,8ad201e80244f630ab5a46922ab72fb79c5ad4f4
PKHeX.Core/Resources/text/donut/text_donutName_ko.txt,resources,extract_facts_only,high,personal/levelup/evolution/eggmove binary resources and localized text,8ad201e80244f630ab5a46922ab72fb79c5ad4f4
PKHeX.Core/Resources/text/donut/text_donutName_zh-Hans.txt,resources,extract_facts_only,high,personal/levelup/evolution/eggmove binary resources and localized text,8ad201e80244f630ab5a46922ab72fb79c5ad4f4
PKHeX.Core/Resources/text/donut/text_donutName_zh-Hant.txt,resources,extract_facts_only,high,personal/levelup/evolution/eggmove binary resources and localized text,8ad201e80244f630ab5a46922ab72fb79c5ad4f4
PKHeX.Core/Resources/text/game/battle_pass_br/text_gear_de.txt,resources,extract_facts_only,high,personal/levelup/evolution/eggmove binary resources and localized text,8ad201e80244f630ab5a46922ab72fb79c5ad4f4
PKHeX.Core/Resources/text/game/battle_pass_br/text_gear_en.txt,resources,extract_facts_only,high,personal/levelup/evolution/eggmove binary resources and localized text,8ad201e80244f630ab5a46922ab72fb79c5ad4f4
PKHeX.Core/Resources/text/game/battle_pass_br/text_gear_es-419.txt,resources,extract_facts_only,high,personal/levelup/evolution/eggmove binary resources and localized text,8ad201e80244f630ab5a46922ab72fb79c5ad4f4
PKHeX.Core/Resources/text/game/battle_pass_br/text_gear_es.txt,resources,extract_facts_only,high,personal/levelup/evolution/eggmove binary resources and localized text,8ad201e80244f630ab5a46922ab72fb79c5ad4f4
PKHeX.Core/Resources/text/game/battle_pass_br/text_gear_fr.txt,resources,extract_facts_only,high,personal/levelup/evolution/eggmove binary resources and localized text,8ad201e80244f630ab5a46922ab72fb79c5ad4f4
PKHeX.Core/Resources/text/game/battle_pass_br/text_gear_it.txt,resources,extract_facts_only,high,personal/levelup/evolution/eggmove binary resources and localized text,8ad201e80244f630ab5a46922ab72fb79c5ad4f4
PKHeX.Core/Resources/text/game/battle_pass_br/text_gear_ja.txt,resources,extract_facts_only,high,personal/levelup/evolution/eggmove binary resources and localized text,8ad201e80244f630ab5a46922ab72fb79c5ad4f4
PKHeX.Core/Resources/text/game/battle_pass_br/text_pass_design_de.txt,resources,extract_facts_only,high,personal/levelup/evolution/eggmove binary resources and localized text,8ad201e80244f630ab5a46922ab72fb79c5ad4f4
PKHeX.Core/Resources/text/game/battle_pass_br/text_pass_design_en.txt,resources,extract_facts_only,high,personal/levelup/evolution/eggmove binary resources and localized text,8ad201e80244f630ab5a46922ab72fb79c5ad4f4
PKHeX.Core/Resources/text/game/battle_pass_br/text_pass_design_es-419.txt,resources,extract_facts_only,high,personal/levelup/evolution/eggmove binary resources and localized text,8ad201e80244f630ab5a46922ab72fb79c5ad4f4
PKHeX.Core/Resources/text/game/battle_pass_br/text_pass_design_es.txt,resources,extract_facts_only,high,personal/levelup/evolution/eggmove binary resources and localized text,8ad201e80244f630ab5a46922ab72fb79c5ad4f4
PKHeX.Core/Resources/text/game/battle_pass_br/text_pass_design_fr.txt,resources,extract_facts_only,high,personal/levelup/evolution/eggmove binary resources and localized text,8ad201e80244f630ab5a46922ab72fb79c5ad4f4
PKHeX.Core/Resources/text/game/battle_pass_br/text_pass_design_it.txt,resources,extract_facts_only,high,personal/levelup/evolution/eggmove binary resources and localized text,8ad201e80244f630ab5a46922ab72fb79c5ad4f4
PKHeX.Core/Resources/text/game/battle_pass_br/text_pass_design_ja.txt,resources,extract_facts_only,high,personal/levelup/evolution/eggmove binary resources and localized text,8ad201e80244f630ab5a46922ab72fb79c5ad4f4
PKHeX.Core/Resources/text/game/battle_pass_br/text_trainer_title_de.txt,resources,extract_facts_only,high,personal/levelup/evolution/eggmove binary resources and localized text,8ad201e80244f630ab5a46922ab72fb79c5ad4f4
PKHeX.Core/Resources/text/game/battle_pass_br/text_trainer_title_en.txt,resources,extract_facts_only,high,personal/levelup/evolution/eggmove binary resources and localized text,8ad201e80244f630ab5a46922ab72fb79c5ad4f4
PKHeX.Core/Resources/text/game/battle_pass_br/text_trainer_title_es-419.txt,resources,extract_facts_only,high,personal/levelup/evolution/eggmove binary resources and localized text,8ad201e80244f630ab5a46922ab72fb79c5ad4f4
PKHeX.Core/Resources/text/game/battle_pass_br/text_trainer_title_es.txt,resources,extract_facts_only,high,personal/levelup/evolution/eggmove binary resources and localized text,8ad201e80244f630ab5a46922ab72fb79c5ad4f4
PKHeX.Core/Resources/text/game/battle_pass_br/text_trainer_title_fr.txt,resources,extract_facts_only,high,personal/levelup/evolution/eggmove binary resources and localized text,8ad201e80244f630ab5a46922ab72fb79c5ad4f4
PKHeX.Core/Resources/text/game/battle_pass_br/text_trainer_title_it.txt,resources,extract_facts_only,high,personal/levelup/evolution/eggmove binary resources and localized text,8ad201e80244f630ab5a46922ab72fb79c5ad4f4
PKHeX.Core/Resources/text/game/battle_pass_br/text_trainer_title_ja.txt,resources,extract_facts_only,high,personal/levelup/evolution/eggmove binary resources and localized text,8ad201e80244f630ab5a46922ab72fb79c5ad4f4
PKHeX.Core/Resources/text/game/battle_pass_br/text_trainer_title_npc_de.txt,resources,extract_facts_only,high,personal/levelup/evolution/eggmove binary resources and localized text,8ad201e80244f630ab5a46922ab72fb79c5ad4f4
PKHeX.Core/Resources/text/game/battle_pass_br/text_trainer_title_npc_en.txt,resources,extract_facts_only,high,personal/levelup/evolution/eggmove binary resources and localized text,8ad201e80244f630ab5a46922ab72fb79c5ad4f4
PKHeX.Core/Resources/text/game/battle_pass_br/text_trainer_title_npc_es-419.txt,resources,extract_facts_only,high,personal/levelup/evolution/eggmove binary resources and localized text,8ad201e80244f630ab5a46922ab72fb79c5ad4f4
PKHeX.Core/Resources/text/game/battle_pass_br/text_trainer_title_npc_es.txt,resources,extract_facts_only,high,personal/levelup/evolution/eggmove binary resources and localized text,8ad201e80244f630ab5a46922ab72fb79c5ad4f4
PKHeX.Core/Resources/text/game/battle_pass_br/text_trainer_title_npc_fr.txt,resources,extract_facts_only,high,personal/levelup/evolution/eggmove binary resources and localized text,8ad201e80244f630ab5a46922ab72fb79c5ad4f4
PKHeX.Core/Resources/text/game/battle_pass_br/text_trainer_title_npc_it.txt,resources,extract_facts_only,high,personal/levelup/evolution/eggmove binary resources and localized text,8ad201e80244f630ab5a46922ab72fb79c5ad4f4
PKHeX.Core/Resources/text/game/battle_pass_br/text_trainer_title_npc_ja.txt,resources,extract_facts_only,high,personal/levelup/evolution/eggmove binary resources and localized text,8ad201e80244f630ab5a46922ab72fb79c5ad4f4
PKHeX.Core/Resources/text/game/decorations_rse/text_decoration3_de.txt,resources,extract_facts_only,high,personal/levelup/evolution/eggmove binary resources and localized text,8ad201e80244f630ab5a46922ab72fb79c5ad4f4
PKHeX.Core/Resources/text/game/decorations_rse/text_decoration3_en.txt,resources,extract_facts_only,high,personal/levelup/evolution/eggmove binary resources and localized text,8ad201e80244f630ab5a46922ab72fb79c5ad4f4
PKHeX.Core/Resources/text/game/decorations_rse/text_decoration3_es-419.txt,resources,extract_facts_only,high,personal/levelup/evolution/eggmove binary resources and localized text,8ad201e80244f630ab5a46922ab72fb79c5ad4f4
PKHeX.Core/Resources/text/game/decorations_rse/text_decoration3_es.txt,resources,extract_facts_only,high,personal/levelup/evolution/eggmove binary resources and localized text,8ad201e80244f630ab5a46922ab72fb79c5ad4f4
PKHeX.Core/Resources/text/game/decorations_rse/text_decoration3_fr.txt,resources,extract_facts_only,high,personal/levelup/evolution/eggmove binary resources and localized text,8ad201e80244f630ab5a46922ab72fb79c5ad4f4
PKHeX.Core/Resources/text/game/decorations_rse/text_decoration3_it.txt,resources,extract_facts_only,high,personal/levelup/evolution/eggmove binary resources and localized text,8ad201e80244f630ab5a46922ab72fb79c5ad4f4
PKHeX.Core/Resources/text/game/decorations_rse/text_decoration3_ja.txt,resources,extract_facts_only,high,personal/levelup/evolution/eggmove binary resources and localized text,8ad201e80244f630ab5a46922ab72fb79c5ad4f4
PKHeX.Core/Resources/text/game/decorations_rse/text_decoration3_ko.txt,resources,extract_facts_only,high,personal/levelup/evolution/eggmove binary resources and localized text,8ad201e80244f630ab5a46922ab72fb79c5ad4f4
PKHeX.Core/Resources/text/game/decorations_rse/text_decoration3_zh-Hans.txt,resources,extract_facts_only,high,personal/levelup/evolution/eggmove binary resources and localized text,8ad201e80244f630ab5a46922ab72fb79c5ad4f4
PKHeX.Core/Resources/text/game/decorations_rse/text_decoration3_zh-Hant.txt,resources,extract_facts_only,high,personal/levelup/evolution/eggmove binary resources and localized text,8ad201e80244f630ab5a46922ab72fb79c5ad4f4
PKHeX.Core/Resources/text/game/fashioncase_dppthgss/text_accessories_de.txt,resources,extract_facts_only,high,personal/levelup/evolution/eggmove binary resources and localized text,8ad201e80244f630ab5a46922ab72fb79c5ad4f4
PKHeX.Core/Resources/text/game/fashioncase_dppthgss/text_accessories_en.txt,resources,extract_facts_only,high,personal/levelup/evolution/eggmove binary resources and localized text,8ad201e80244f630ab5a46922ab72fb79c5ad4f4
PKHeX.Core/Resources/text/game/fashioncase_dppthgss/text_accessories_es-419.txt,resources,extract_facts_only,high,personal/levelup/evolution/eggmove binary resources and localized text,8ad201e80244f630ab5a46922ab72fb79c5ad4f4
PKHeX.Core/Resources/text/game/fashioncase_dppthgss/text_accessories_es.txt,resources,extract_facts_only,high,personal/levelup/evolution/eggmove binary resources and localized text,8ad201e80244f630ab5a46922ab72fb79c5ad4f4
PKHeX.Core/Resources/text/game/fashioncase_dppthgss/text_accessories_fr.txt,resources,extract_facts_only,high,personal/levelup/evolution/eggmove binary resources and localized text,8ad201e80244f630ab5a46922ab72fb79c5ad4f4
PKHeX.Core/Resources/text/game/fashioncase_dppthgss/text_accessories_it.txt,resources,extract_facts_only,high,personal/levelup/evolution/eggmove binary resources and localized text,8ad201e80244f630ab5a46922ab72fb79c5ad4f4
PKHeX.Core/Resources/text/game/fashioncase_dppthgss/text_accessories_ja.txt,resources,extract_facts_only,high,personal/levelup/evolution/eggmove binary resources and localized text,8ad201e80244f630ab5a46922ab72fb79c5ad4f4
PKHeX.Core/Resources/text/game/fashioncase_dppthgss/text_accessories_ko.txt,resources,extract_facts_only,high,personal/levelup/evolution/eggmove binary resources and localized text,8ad201e80244f630ab5a46922ab72fb79c5ad4f4
PKHeX.Core/Resources/text/game/fashioncase_dppthgss/text_accessories_zh-Hans.txt,resources,extract_facts_only,high,personal/levelup/evolution/eggmove binary resources and localized text,8ad201e80244f630ab5a46922ab72fb79c5ad4f4
PKHeX.Core/Resources/text/game/fashioncase_dppthgss/text_accessories_zh-Hant.txt,resources,extract_facts_only,high,personal/levelup/evolution/eggmove binary resources and localized text,8ad201e80244f630ab5a46922ab72fb79c5ad4f4
PKHeX.Core/Resources/text/game/fashioncase_dppthgss/text_backdrops_de.txt,resources,extract_facts_only,high,personal/levelup/evolution/eggmove binary resources and localized text,8ad201e80244f630ab5a46922ab72fb79c5ad4f4
PKHeX.Core/Resources/text/game/fashioncase_dppthgss/text_backdrops_en.txt,resources,extract_facts_only,high,personal/levelup/evolution/eggmove binary resources and localized text,8ad201e80244f630ab5a46922ab72fb79c5ad4f4
PKHeX.Core/Resources/text/game/fashioncase_dppthgss/text_backdrops_es-419.txt,resources,extract_facts_only,high,personal/levelup/evolution/eggmove binary resources and localized text,8ad201e80244f630ab5a46922ab72fb79c5ad4f4
PKHeX.Core/Resources/text/game/fashioncase_dppthgss/text_backdrops_es.txt,resources,extract_facts_only,high,personal/levelup/evolution/eggmove binary resources and localized text,8ad201e80244f630ab5a46922ab72fb79c5ad4f4
PKHeX.Core/Resources/text/game/fashioncase_dppthgss/text_backdrops_fr.txt,resources,extract_facts_only,high,personal/levelup/evolution/eggmove binary resources and localized text,8ad201e80244f630ab5a46922ab72fb79c5ad4f4
PKHeX.Core/Resources/text/game/fashioncase_dppthgss/text_backdrops_it.txt,resources,extract_facts_only,high,personal/levelup/evolution/eggmove binary resources and localized text,8ad201e80244f630ab5a46922ab72fb79c5ad4f4
PKHeX.Core/Resources/text/game/fashioncase_dppthgss/text_backdrops_ja.txt,resources,extract_facts_only,high,personal/levelup/evolution/eggmove binary resources and localized text,8ad201e80244f630ab5a46922ab72fb79c5ad4f4
PKHeX.Core/Resources/text/game/fashioncase_dppthgss/text_backdrops_ko.txt,resources,extract_facts_only,high,personal/levelup/evolution/eggmove binary resources and localized text,8ad201e80244f630ab5a46922ab72fb79c5ad4f4
PKHeX.Core/Resources/text/game/fashioncase_dppthgss/text_backdrops_zh-Hans.txt,resources,extract_facts_only,high,personal/levelup/evolution/eggmove binary resources and localized text,8ad201e80244f630ab5a46922ab72fb79c5ad4f4
PKHeX.Core/Resources/text/game/fashioncase_dppthgss/text_backdrops_zh-Hant.txt,resources,extract_facts_only,high,personal/levelup/evolution/eggmove binary resources and localized text,8ad201e80244f630ab5a46922ab72fb79c5ad4f4
PKHeX.Core/Resources/text/game/medals_b2w2/text_medal_types_de.txt,resources,extract_facts_only,high,personal/levelup/evolution/eggmove binary resources and localized text,8ad201e80244f630ab5a46922ab72fb79c5ad4f4
PKHeX.Core/Resources/text/game/medals_b2w2/text_medal_types_en.txt,resources,extract_facts_only,high,personal/levelup/evolution/eggmove binary resources and localized text,8ad201e80244f630ab5a46922ab72fb79c5ad4f4
PKHeX.Core/Resources/text/game/medals_b2w2/text_medal_types_es-419.txt,resources,extract_facts_only,high,personal/levelup/evolution/eggmove binary resources and localized text,8ad201e80244f630ab5a46922ab72fb79c5ad4f4
PKHeX.Core/Resources/text/game/medals_b2w2/text_medal_types_es.txt,resources,extract_facts_only,high,personal/levelup/evolution/eggmove binary resources and localized text,8ad201e80244f630ab5a46922ab72fb79c5ad4f4
PKHeX.Core/Resources/text/game/medals_b2w2/text_medal_types_fr.txt,resources,extract_facts_only,high,personal/levelup/evolution/eggmove binary resources and localized text,8ad201e80244f630ab5a46922ab72fb79c5ad4f4
PKHeX.Core/Resources/text/game/medals_b2w2/text_medal_types_it.txt,resources,extract_facts_only,high,personal/levelup/evolution/eggmove binary resources and localized text,8ad201e80244f630ab5a46922ab72fb79c5ad4f4
PKHeX.Core/Resources/text/game/medals_b2w2/text_medal_types_ja.txt,resources,extract_facts_only,high,personal/levelup/evolution/eggmove binary resources and localized text,8ad201e80244f630ab5a46922ab72fb79c5ad4f4
PKHeX.Core/Resources/text/game/medals_b2w2/text_medal_types_ko.txt,resources,extract_facts_only,high,personal/levelup/evolution/eggmove binary resources and localized text,8ad201e80244f630ab5a46922ab72fb79c5ad4f4
PKHeX.Core/Resources/text/game/medals_b2w2/text_medal_types_zh-Hans.txt,resources,extract_facts_only,high,personal/levelup/evolution/eggmove binary resources and localized text,8ad201e80244f630ab5a46922ab72fb79c5ad4f4
PKHeX.Core/Resources/text/game/medals_b2w2/text_medal_types_zh-Hant.txt,resources,extract_facts_only,high,personal/levelup/evolution/eggmove binary resources and localized text,8ad201e80244f630ab5a46922ab72fb79c5ad4f4
PKHeX.Core/Resources/text/game/medals_b2w2/text_medals_de.txt,resources,extract_facts_only,high,personal/levelup/evolution/eggmove binary resources and localized text,8ad201e80244f630ab5a46922ab72fb79c5ad4f4
PKHeX.Core/Resources/text/game/medals_b2w2/text_medals_en.txt,resources,extract_facts_only,high,personal/levelup/evolution/eggmove binary resources and localized text,8ad201e80244f630ab5a46922ab72fb79c5ad4f4
PKHeX.Core/Resources/text/game/medals_b2w2/text_medals_es-419.txt,resources,extract_facts_only,high,personal/levelup/evolution/eggmove binary resources and localized text,8ad201e80244f630ab5a46922ab72fb79c5ad4f4
PKHeX.Core/Resources/text/game/medals_b2w2/text_medals_es.txt,resources,extract_facts_only,high,personal/levelup/evolution/eggmove binary resources and localized text,8ad201e80244f630ab5a46922ab72fb79c5ad4f4
PKHeX.Core/Resources/text/game/medals_b2w2/text_medals_fr.txt,resources,extract_facts_only,high,personal/levelup/evolution/eggmove binary resources and localized text,8ad201e80244f630ab5a46922ab72fb79c5ad4f4
PKHeX.Core/Resources/text/game/medals_b2w2/text_medals_it.txt,resources,extract_facts_only,high,personal/levelup/evolution/eggmove binary resources and localized text,8ad201e80244f630ab5a46922ab72fb79c5ad4f4
PKHeX.Core/Resources/text/game/medals_b2w2/text_medals_ja.txt,resources,extract_facts_only,high,personal/levelup/evolution/eggmove binary resources and localized text,8ad201e80244f630ab5a46922ab72fb79c5ad4f4
PKHeX.Core/Resources/text/game/medals_b2w2/text_medals_ko.txt,resources,extract_facts_only,high,personal/levelup/evolution/eggmove binary resources and localized text,8ad201e80244f630ab5a46922ab72fb79c5ad4f4
PKHeX.Core/Resources/text/game/medals_b2w2/text_medals_zh-Hans.txt,resources,extract_facts_only,high,personal/levelup/evolution/eggmove binary resources and localized text,8ad201e80244f630ab5a46922ab72fb79c5ad4f4
PKHeX.Core/Resources/text/game/medals_b2w2/text_medals_zh-Hant.txt,resources,extract_facts_only,high,personal/levelup/evolution/eggmove binary resources and localized text,8ad201e80244f630ab5a46922ab72fb79c5ad4f4
PKHeX.Core/Resources/text/game/poffins_bdsp/text_poffin8b_de.txt,resources,extract_facts_only,high,personal/levelup/evolution/eggmove binary resources and localized text,8ad201e80244f630ab5a46922ab72fb79c5ad4f4
PKHeX.Core/Resources/text/game/poffins_bdsp/text_poffin8b_en.txt,resources,extract_facts_only,high,personal/levelup/evolution/eggmove binary resources and localized text,8ad201e80244f630ab5a46922ab72fb79c5ad4f4
PKHeX.Core/Resources/text/game/poffins_bdsp/text_poffin8b_es-419.txt,resources,extract_facts_only,high,personal/levelup/evolution/eggmove binary resources and localized text,8ad201e80244f630ab5a46922ab72fb79c5ad4f4
PKHeX.Core/Resources/text/game/poffins_bdsp/text_poffin8b_es.txt,resources,extract_facts_only,high,personal/levelup/evolution/eggmove binary resources and localized text,8ad201e80244f630ab5a46922ab72fb79c5ad4f4
PKHeX.Core/Resources/text/game/poffins_bdsp/text_poffin8b_fr.txt,resources,extract_facts_only,high,personal/levelup/evolution/eggmove binary resources and localized text,8ad201e80244f630ab5a46922ab72fb79c5ad4f4
PKHeX.Core/Resources/text/game/poffins_bdsp/text_poffin8b_it.txt,resources,extract_facts_only,high,personal/levelup/evolution/eggmove binary resources and localized text,8ad201e80244f630ab5a46922ab72fb79c5ad4f4
PKHeX.Core/Resources/text/game/poffins_bdsp/text_poffin8b_ja.txt,resources,extract_facts_only,high,personal/levelup/evolution/eggmove binary resources and localized text,8ad201e80244f630ab5a46922ab72fb79c5ad4f4
PKHeX.Core/Resources/text/game/poffins_bdsp/text_poffin8b_ko.txt,resources,extract_facts_only,high,personal/levelup/evolution/eggmove binary resources and localized text,8ad201e80244f630ab5a46922ab72fb79c5ad4f4
PKHeX.Core/Resources/text/game/poffins_bdsp/text_poffin8b_zh-Hans.txt,resources,extract_facts_only,high,personal/levelup/evolution/eggmove binary resources and localized text,8ad201e80244f630ab5a46922ab72fb79c5ad4f4
PKHeX.Core/Resources/text/game/poffins_bdsp/text_poffin8b_zh-Hant.txt,resources,extract_facts_only,high,personal/levelup/evolution/eggmove binary resources and localized text,8ad201e80244f630ab5a46922ab72fb79c5ad4f4
PKHeX.Core/Resources/text/game/poffins_dppt/text_poffin4_de.txt,resources,extract_facts_only,high,personal/levelup/evolution/eggmove binary resources and localized text,8ad201e80244f630ab5a46922ab72fb79c5ad4f4
PKHeX.Core/Resources/text/game/poffins_dppt/text_poffin4_en.txt,resources,extract_facts_only,high,personal/levelup/evolution/eggmove binary resources and localized text,8ad201e80244f630ab5a46922ab72fb79c5ad4f4
PKHeX.Core/Resources/text/game/poffins_dppt/text_poffin4_es-419.txt,resources,extract_facts_only,high,personal/levelup/evolution/eggmove binary resources and localized text,8ad201e80244f630ab5a46922ab72fb79c5ad4f4
PKHeX.Core/Resources/text/game/poffins_dppt/text_poffin4_es.txt,resources,extract_facts_only,high,personal/levelup/evolution/eggmove binary resources and localized text,8ad201e80244f630ab5a46922ab72fb79c5ad4f4
PKHeX.Core/Resources/text/game/poffins_dppt/text_poffin4_fr.txt,resources,extract_facts_only,high,personal/levelup/evolution/eggmove binary resources and localized text,8ad201e80244f630ab5a46922ab72fb79c5ad4f4
PKHeX.Core/Resources/text/game/poffins_dppt/text_poffin4_it.txt,resources,extract_facts_only,high,personal/levelup/evolution/eggmove binary resources and localized text,8ad201e80244f630ab5a46922ab72fb79c5ad4f4
PKHeX.Core/Resources/text/game/poffins_dppt/text_poffin4_ja.txt,resources,extract_facts_only,high,personal/levelup/evolution/eggmove binary resources and localized text,8ad201e80244f630ab5a46922ab72fb79c5ad4f4
PKHeX.Core/Resources/text/game/poffins_dppt/text_poffin4_ko.txt,resources,extract_facts_only,high,personal/levelup/evolution/eggmove binary resources and localized text,8ad201e80244f630ab5a46922ab72fb79c5ad4f4
PKHeX.Core/Resources/text/game/poffins_dppt/text_poffin4_zh-Hans.txt,resources,extract_facts_only,high,personal/levelup/evolution/eggmove binary resources and localized text,8ad201e80244f630ab5a46922ab72fb79c5ad4f4
PKHeX.Core/Resources/text/game/poffins_dppt/text_poffin4_zh-Hant.txt,resources,extract_facts_only,high,personal/levelup/evolution/eggmove binary resources and localized text,8ad201e80244f630ab5a46922ab72fb79c5ad4f4
PKHeX.Core/Resources/text/game/pokeblocks_rse/text_pokeblock3_de.txt,resources,extract_facts_only,high,personal/levelup/evolution/eggmove binary resources and localized text,8ad201e80244f630ab5a46922ab72fb79c5ad4f4
PKHeX.Core/Resources/text/game/pokeblocks_rse/text_pokeblock3_en.txt,resources,extract_facts_only,high,personal/levelup/evolution/eggmove binary resources and localized text,8ad201e80244f630ab5a46922ab72fb79c5ad4f4
PKHeX.Core/Resources/text/game/pokeblocks_rse/text_pokeblock3_es-419.txt,resources,extract_facts_only,high,personal/levelup/evolution/eggmove binary resources and localized text,8ad201e80244f630ab5a46922ab72fb79c5ad4f4
PKHeX.Core/Resources/text/game/pokeblocks_rse/text_pokeblock3_es.txt,resources,extract_facts_only,high,personal/levelup/evolution/eggmove binary resources and localized text,8ad201e80244f630ab5a46922ab72fb79c5ad4f4
PKHeX.Core/Resources/text/game/pokeblocks_rse/text_pokeblock3_fr.txt,resources,extract_facts_only,high,personal/levelup/evolution/eggmove binary resources and localized text,8ad201e80244f630ab5a46922ab72fb79c5ad4f4
PKHeX.Core/Resources/text/game/pokeblocks_rse/text_pokeblock3_it.txt,resources,extract_facts_only,high,personal/levelup/evolution/eggmove binary resources and localized text,8ad201e80244f630ab5a46922ab72fb79c5ad4f4
PKHeX.Core/Resources/text/game/pokeblocks_rse/text_pokeblock3_ja.txt,resources,extract_facts_only,high,personal/levelup/evolution/eggmove binary resources and localized text,8ad201e80244f630ab5a46922ab72fb79c5ad4f4
PKHeX.Core/Resources/text/game/pokeblocks_rse/text_pokeblock3_ko.txt,resources,extract_facts_only,high,personal/levelup/evolution/eggmove binary resources and localized text,8ad201e80244f630ab5a46922ab72fb79c5ad4f4
PKHeX.Core/Resources/text/game/pokeblocks_rse/text_pokeblock3_zh-Hans.txt,resources,extract_facts_only,high,personal/levelup/evolution/eggmove binary resources and localized text,8ad201e80244f630ab5a46922ab72fb79c5ad4f4
PKHeX.Core/Resources/text/game/pokeblocks_rse/text_pokeblock3_zh-Hant.txt,resources,extract_facts_only,high,personal/levelup/evolution/eggmove binary resources and localized text,8ad201e80244f630ab5a46922ab72fb79c5ad4f4
PKHeX.Core/Resources/text/game/poketchapps_dppt/text_poketchapps_de.txt,resources,extract_facts_only,high,personal/levelup/evolution/eggmove binary resources and localized text,8ad201e80244f630ab5a46922ab72fb79c5ad4f4
PKHeX.Core/Resources/text/game/poketchapps_dppt/text_poketchapps_en.txt,resources,extract_facts_only,high,personal/levelup/evolution/eggmove binary resources and localized text,8ad201e80244f630ab5a46922ab72fb79c5ad4f4
PKHeX.Core/Resources/text/game/poketchapps_dppt/text_poketchapps_es-419.txt,resources,extract_facts_only,high,personal/levelup/evolution/eggmove binary resources and localized text,8ad201e80244f630ab5a46922ab72fb79c5ad4f4
PKHeX.Core/Resources/text/game/poketchapps_dppt/text_poketchapps_es.txt,resources,extract_facts_only,high,personal/levelup/evolution/eggmove binary resources and localized text,8ad201e80244f630ab5a46922ab72fb79c5ad4f4
PKHeX.Core/Resources/text/game/poketchapps_dppt/text_poketchapps_fr.txt,resources,extract_facts_only,high,personal/levelup/evolution/eggmove binary resources and localized text,8ad201e80244f630ab5a46922ab72fb79c5ad4f4
PKHeX.Core/Resources/text/game/poketchapps_dppt/text_poketchapps_it.txt,resources,extract_facts_only,high,personal/levelup/evolution/eggmove binary resources and localized text,8ad201e80244f630ab5a46922ab72fb79c5ad4f4
PKHeX.Core/Resources/text/game/poketchapps_dppt/text_poketchapps_ja.txt,resources,extract_facts_only,high,personal/levelup/evolution/eggmove binary resources and localized text,8ad201e80244f630ab5a46922ab72fb79c5ad4f4
PKHeX.Core/Resources/text/game/poketchapps_dppt/text_poketchapps_ko.txt,resources,extract_facts_only,high,personal/levelup/evolution/eggmove binary resources and localized text,8ad201e80244f630ab5a46922ab72fb79c5ad4f4
PKHeX.Core/Resources/text/game/poketchapps_dppt/text_poketchapps_zh-Hans.txt,resources,extract_facts_only,high,personal/levelup/evolution/eggmove binary resources and localized text,8ad201e80244f630ab5a46922ab72fb79c5ad4f4
PKHeX.Core/Resources/text/game/props_bwb2w2/text_props_de.txt,resources,extract_facts_only,high,personal/levelup/evolution/eggmove binary resources and localized text,8ad201e80244f630ab5a46922ab72fb79c5ad4f4
PKHeX.Core/Resources/text/game/props_bwb2w2/text_props_en.txt,resources,extract_facts_only,high,personal/levelup/evolution/eggmove binary resources and localized text,8ad201e80244f630ab5a46922ab72fb79c5ad4f4
PKHeX.Core/Resources/text/game/props_bwb2w2/text_props_es-419.txt,resources,extract_facts_only,high,personal/levelup/evolution/eggmove binary resources and localized text,8ad201e80244f630ab5a46922ab72fb79c5ad4f4
PKHeX.Core/Resources/text/game/props_bwb2w2/text_props_es.txt,resources,extract_facts_only,high,personal/levelup/evolution/eggmove binary resources and localized text,8ad201e80244f630ab5a46922ab72fb79c5ad4f4
PKHeX.Core/Resources/text/game/props_bwb2w2/text_props_fr.txt,resources,extract_facts_only,high,personal/levelup/evolution/eggmove binary resources and localized text,8ad201e80244f630ab5a46922ab72fb79c5ad4f4
PKHeX.Core/Resources/text/game/props_bwb2w2/text_props_it.txt,resources,extract_facts_only,high,personal/levelup/evolution/eggmove binary resources and localized text,8ad201e80244f630ab5a46922ab72fb79c5ad4f4
PKHeX.Core/Resources/text/game/props_bwb2w2/text_props_ja.txt,resources,extract_facts_only,high,personal/levelup/evolution/eggmove binary resources and localized text,8ad201e80244f630ab5a46922ab72fb79c5ad4f4
PKHeX.Core/Resources/text/game/props_bwb2w2/text_props_ko.txt,resources,extract_facts_only,high,personal/levelup/evolution/eggmove binary resources and localized text,8ad201e80244f630ab5a46922ab72fb79c5ad4f4
PKHeX.Core/Resources/text/game/props_bwb2w2/text_props_zh-Hans.txt,resources,extract_facts_only,high,personal/levelup/evolution/eggmove binary resources and localized text,8ad201e80244f630ab5a46922ab72fb79c5ad4f4
PKHeX.Core/Resources/text/game/props_bwb2w2/text_props_zh-Hant.txt,resources,extract_facts_only,high,personal/levelup/evolution/eggmove binary resources and localized text,8ad201e80244f630ab5a46922ab72fb79c5ad4f4
PKHeX.Core/Resources/text/game/research_la/text_species_tasks8a_de.txt,resources,extract_facts_only,high,personal/levelup/evolution/eggmove binary resources and localized text,8ad201e80244f630ab5a46922ab72fb79c5ad4f4
PKHeX.Core/Resources/text/game/research_la/text_species_tasks8a_en.txt,resources,extract_facts_only,high,personal/levelup/evolution/eggmove binary resources and localized text,8ad201e80244f630ab5a46922ab72fb79c5ad4f4
PKHeX.Core/Resources/text/game/research_la/text_species_tasks8a_es-419.txt,resources,extract_facts_only,high,personal/levelup/evolution/eggmove binary resources and localized text,8ad201e80244f630ab5a46922ab72fb79c5ad4f4
PKHeX.Core/Resources/text/game/research_la/text_species_tasks8a_es.txt,resources,extract_facts_only,high,personal/levelup/evolution/eggmove binary resources and localized text,8ad201e80244f630ab5a46922ab72fb79c5ad4f4
PKHeX.Core/Resources/text/game/research_la/text_species_tasks8a_fr.txt,resources,extract_facts_only,high,personal/levelup/evolution/eggmove binary resources and localized text,8ad201e80244f630ab5a46922ab72fb79c5ad4f4
PKHeX.Core/Resources/text/game/research_la/text_species_tasks8a_it.txt,resources,extract_facts_only,high,personal/levelup/evolution/eggmove binary resources and localized text,8ad201e80244f630ab5a46922ab72fb79c5ad4f4
PKHeX.Core/Resources/text/game/research_la/text_species_tasks8a_ja.txt,resources,extract_facts_only,high,personal/levelup/evolution/eggmove binary resources and localized text,8ad201e80244f630ab5a46922ab72fb79c5ad4f4
PKHeX.Core/Resources/text/game/research_la/text_species_tasks8a_ko.txt,resources,extract_facts_only,high,personal/levelup/evolution/eggmove binary resources and localized text,8ad201e80244f630ab5a46922ab72fb79c5ad4f4
PKHeX.Core/Resources/text/game/research_la/text_species_tasks8a_zh-Hans.txt,resources,extract_facts_only,high,personal/levelup/evolution/eggmove binary resources and localized text,8ad201e80244f630ab5a46922ab72fb79c5ad4f4
PKHeX.Core/Resources/text/game/research_la/text_species_tasks8a_zh-Hant.txt,resources,extract_facts_only,high,personal/levelup/evolution/eggmove binary resources and localized text,8ad201e80244f630ab5a46922ab72fb79c5ad4f4
PKHeX.Core/Resources/text/game/research_la/text_tasks8a_de.txt,resources,extract_facts_only,high,personal/levelup/evolution/eggmove binary resources and localized text,8ad201e80244f630ab5a46922ab72fb79c5ad4f4
PKHeX.Core/Resources/text/game/research_la/text_tasks8a_en.txt,resources,extract_facts_only,high,personal/levelup/evolution/eggmove binary resources and localized text,8ad201e80244f630ab5a46922ab72fb79c5ad4f4
PKHeX.Core/Resources/text/game/research_la/text_tasks8a_es-419.txt,resources,extract_facts_only,high,personal/levelup/evolution/eggmove binary resources and localized text,8ad201e80244f630ab5a46922ab72fb79c5ad4f4
PKHeX.Core/Resources/text/game/research_la/text_tasks8a_es.txt,resources,extract_facts_only,high,personal/levelup/evolution/eggmove binary resources and localized text,8ad201e80244f630ab5a46922ab72fb79c5ad4f4
PKHeX.Core/Resources/text/game/research_la/text_tasks8a_fr.txt,resources,extract_facts_only,high,personal/levelup/evolution/eggmove binary resources and localized text,8ad201e80244f630ab5a46922ab72fb79c5ad4f4
PKHeX.Core/Resources/text/game/research_la/text_tasks8a_it.txt,resources,extract_facts_only,high,personal/levelup/evolution/eggmove binary resources and localized text,8ad201e80244f630ab5a46922ab72fb79c5ad4f4
PKHeX.Core/Resources/text/game/research_la/text_tasks8a_ja.txt,resources,extract_facts_only,high,personal/levelup/evolution/eggmove binary resources and localized text,8ad201e80244f630ab5a46922ab72fb79c5ad4f4
PKHeX.Core/Resources/text/game/research_la/text_tasks8a_ko.txt,resources,extract_facts_only,high,personal/levelup/evolution/eggmove binary resources and localized text,8ad201e80244f630ab5a46922ab72fb79c5ad4f4
PKHeX.Core/Resources/text/game/research_la/text_tasks8a_zh-Hans.txt,resources,extract_facts_only,high,personal/levelup/evolution/eggmove binary resources and localized text,8ad201e80244f630ab5a46922ab72fb79c5ad4f4
PKHeX.Core/Resources/text/game/research_la/text_tasks8a_zh-Hant.txt,resources,extract_facts_only,high,personal/levelup/evolution/eggmove binary resources and localized text,8ad201e80244f630ab5a46922ab72fb79c5ad4f4
PKHeX.Core/Resources/text/game/research_la/text_time_tasks8a_de.txt,resources,extract_facts_only,high,personal/levelup/evolution/eggmove binary resources and localized text,8ad201e80244f630ab5a46922ab72fb79c5ad4f4
PKHeX.Core/Resources/text/game/research_la/text_time_tasks8a_en.txt,resources,extract_facts_only,high,personal/levelup/evolution/eggmove binary resources and localized text,8ad201e80244f630ab5a46922ab72fb79c5ad4f4
PKHeX.Core/Resources/text/game/research_la/text_time_tasks8a_es-419.txt,resources,extract_facts_only,high,personal/levelup/evolution/eggmove binary resources and localized text,8ad201e80244f630ab5a46922ab72fb79c5ad4f4
PKHeX.Core/Resources/text/game/research_la/text_time_tasks8a_es.txt,resources,extract_facts_only,high,personal/levelup/evolution/eggmove binary resources and localized text,8ad201e80244f630ab5a46922ab72fb79c5ad4f4
PKHeX.Core/Resources/text/game/research_la/text_time_tasks8a_fr.txt,resources,extract_facts_only,high,personal/levelup/evolution/eggmove binary resources and localized text,8ad201e80244f630ab5a46922ab72fb79c5ad4f4
PKHeX.Core/Resources/text/game/research_la/text_time_tasks8a_it.txt,resources,extract_facts_only,high,personal/levelup/evolution/eggmove binary resources and localized text,8ad201e80244f630ab5a46922ab72fb79c5ad4f4
PKHeX.Core/Resources/text/game/research_la/text_time_tasks8a_ja.txt,resources,extract_facts_only,high,personal/levelup/evolution/eggmove binary resources and localized text,8ad201e80244f630ab5a46922ab72fb79c5ad4f4
PKHeX.Core/Resources/text/game/research_la/text_time_tasks8a_ko.txt,resources,extract_facts_only,high,personal/levelup/evolution/eggmove binary resources and localized text,8ad201e80244f630ab5a46922ab72fb79c5ad4f4
PKHeX.Core/Resources/text/game/research_la/text_time_tasks8a_zh-Hans.txt,resources,extract_facts_only,high,personal/levelup/evolution/eggmove binary resources and localized text,8ad201e80244f630ab5a46922ab72fb79c5ad4f4
PKHeX.Core/Resources/text/game/research_la/text_time_tasks8a_zh-Hant.txt,resources,extract_facts_only,high,personal/levelup/evolution/eggmove binary resources and localized text,8ad201e80244f630ab5a46922ab72fb79c5ad4f4
PKHeX.Core/Resources/text/game/seals_bdsp/text_stickers_de.txt,resources,extract_facts_only,high,personal/levelup/evolution/eggmove binary resources and localized text,8ad201e80244f630ab5a46922ab72fb79c5ad4f4
PKHeX.Core/Resources/text/game/seals_bdsp/text_stickers_en.txt,resources,extract_facts_only,high,personal/levelup/evolution/eggmove binary resources and localized text,8ad201e80244f630ab5a46922ab72fb79c5ad4f4
PKHeX.Core/Resources/text/game/seals_bdsp/text_stickers_es-419.txt,resources,extract_facts_only,high,personal/levelup/evolution/eggmove binary resources and localized text,8ad201e80244f630ab5a46922ab72fb79c5ad4f4
PKHeX.Core/Resources/text/game/seals_bdsp/text_stickers_es.txt,resources,extract_facts_only,high,personal/levelup/evolution/eggmove binary resources and localized text,8ad201e80244f630ab5a46922ab72fb79c5ad4f4
PKHeX.Core/Resources/text/game/seals_bdsp/text_stickers_fr.txt,resources,extract_facts_only,high,personal/levelup/evolution/eggmove binary resources and localized text,8ad201e80244f630ab5a46922ab72fb79c5ad4f4
PKHeX.Core/Resources/text/game/seals_bdsp/text_stickers_it.txt,resources,extract_facts_only,high,personal/levelup/evolution/eggmove binary resources and localized text,8ad201e80244f630ab5a46922ab72fb79c5ad4f4
PKHeX.Core/Resources/text/game/seals_bdsp/text_stickers_ja.txt,resources,extract_facts_only,high,personal/levelup/evolution/eggmove binary resources and localized text,8ad201e80244f630ab5a46922ab72fb79c5ad4f4
PKHeX.Core/Resources/text/game/seals_bdsp/text_stickers_ko.txt,resources,extract_facts_only,high,personal/levelup/evolution/eggmove binary resources and localized text,8ad201e80244f630ab5a46922ab72fb79c5ad4f4
PKHeX.Core/Resources/text/game/seals_bdsp/text_stickers_zh-Hans.txt,resources,extract_facts_only,high,personal/levelup/evolution/eggmove binary resources and localized text,8ad201e80244f630ab5a46922ab72fb79c5ad4f4
PKHeX.Core/Resources/text/game/seals_bdsp/text_stickers_zh-Hant.txt,resources,extract_facts_only,high,personal/levelup/evolution/eggmove binary resources and localized text,8ad201e80244f630ab5a46922ab72fb79c5ad4f4
PKHeX.Core/Resources/text/game/seals_dppthgss/text_poketchapps_zh-Hant.txt,resources,extract_facts_only,high,personal/levelup/evolution/eggmove binary resources and localized text,8ad201e80244f630ab5a46922ab72fb79c5ad4f4
PKHeX.Core/Resources/text/game/seals_dppthgss/text_seals_de.txt,resources,extract_facts_only,high,personal/levelup/evolution/eggmove binary resources and localized text,8ad201e80244f630ab5a46922ab72fb79c5ad4f4
PKHeX.Core/Resources/text/game/seals_dppthgss/text_seals_en.txt,resources,extract_facts_only,high,personal/levelup/evolution/eggmove binary resources and localized text,8ad201e80244f630ab5a46922ab72fb79c5ad4f4
PKHeX.Core/Resources/text/game/seals_dppthgss/text_seals_es-419.txt,resources,extract_facts_only,high,personal/levelup/evolution/eggmove binary resources and localized text,8ad201e80244f630ab5a46922ab72fb79c5ad4f4
PKHeX.Core/Resources/text/game/seals_dppthgss/text_seals_es.txt,resources,extract_facts_only,high,personal/levelup/evolution/eggmove binary resources and localized text,8ad201e80244f630ab5a46922ab72fb79c5ad4f4
PKHeX.Core/Resources/text/game/seals_dppthgss/text_seals_fr.txt,resources,extract_facts_only,high,personal/levelup/evolution/eggmove binary resources and localized text,8ad201e80244f630ab5a46922ab72fb79c5ad4f4
PKHeX.Core/Resources/text/game/seals_dppthgss/text_seals_it.txt,resources,extract_facts_only,high,personal/levelup/evolution/eggmove binary resources and localized text,8ad201e80244f630ab5a46922ab72fb79c5ad4f4
PKHeX.Core/Resources/text/game/seals_dppthgss/text_seals_ja.txt,resources,extract_facts_only,high,personal/levelup/evolution/eggmove binary resources and localized text,8ad201e80244f630ab5a46922ab72fb79c5ad4f4
PKHeX.Core/Resources/text/game/seals_dppthgss/text_seals_ko.txt,resources,extract_facts_only,high,personal/levelup/evolution/eggmove binary resources and localized text,8ad201e80244f630ab5a46922ab72fb79c5ad4f4
PKHeX.Core/Resources/text/game/seals_dppthgss/text_seals_zh-Hans.txt,resources,extract_facts_only,high,personal/levelup/evolution/eggmove binary resources and localized text,8ad201e80244f630ab5a46922ab72fb79c5ad4f4
PKHeX.Core/Resources/text/game/seals_dppthgss/text_seals_zh-Hant.txt,resources,extract_facts_only,high,personal/levelup/evolution/eggmove binary resources and localized text,8ad201e80244f630ab5a46922ab72fb79c5ad4f4
PKHeX.Core/Resources/text/game/throw_styles_sv/text_throw_styles_de.txt,resources,extract_facts_only,high,personal/levelup/evolution/eggmove binary resources and localized text,8ad201e80244f630ab5a46922ab72fb79c5ad4f4
PKHeX.Core/Resources/text/game/throw_styles_sv/text_throw_styles_en.txt,resources,extract_facts_only,high,personal/levelup/evolution/eggmove binary resources and localized text,8ad201e80244f630ab5a46922ab72fb79c5ad4f4
PKHeX.Core/Resources/text/game/throw_styles_sv/text_throw_styles_es-419.txt,resources,extract_facts_only,high,personal/levelup/evolution/eggmove binary resources and localized text,8ad201e80244f630ab5a46922ab72fb79c5ad4f4
PKHeX.Core/Resources/text/game/throw_styles_sv/text_throw_styles_es.txt,resources,extract_facts_only,high,personal/levelup/evolution/eggmove binary resources and localized text,8ad201e80244f630ab5a46922ab72fb79c5ad4f4
PKHeX.Core/Resources/text/game/throw_styles_sv/text_throw_styles_fr.txt,resources,extract_facts_only,high,personal/levelup/evolution/eggmove binary resources and localized text,8ad201e80244f630ab5a46922ab72fb79c5ad4f4
PKHeX.Core/Resources/text/game/throw_styles_sv/text_throw_styles_it.txt,resources,extract_facts_only,high,personal/levelup/evolution/eggmove binary resources and localized text,8ad201e80244f630ab5a46922ab72fb79c5ad4f4
PKHeX.Core/Resources/text/game/throw_styles_sv/text_throw_styles_ja.txt,resources,extract_facts_only,high,personal/levelup/evolution/eggmove binary resources and localized text,8ad201e80244f630ab5a46922ab72fb79c5ad4f4
PKHeX.Core/Resources/text/game/throw_styles_sv/text_throw_styles_ko.txt,resources,extract_facts_only,high,personal/levelup/evolution/eggmove binary resources and localized text,8ad201e80244f630ab5a46922ab72fb79c5ad4f4
PKHeX.Core/Resources/text/game/throw_styles_sv/text_throw_styles_zh-Hans.txt,resources,extract_facts_only,high,personal/levelup/evolution/eggmove binary resources and localized text,8ad201e80244f630ab5a46922ab72fb79c5ad4f4
PKHeX.Core/Resources/text/game/throw_styles_sv/text_throw_styles_zh-Hant.txt,resources,extract_facts_only,high,personal/levelup/evolution/eggmove binary resources and localized text,8ad201e80244f630ab5a46922ab72fb79c5ad4f4
PKHeX.Core/Resources/text/game/underground_bdsp/text_ug_item_de.txt,resources,extract_facts_only,high,personal/levelup/evolution/eggmove binary resources and localized text,8ad201e80244f630ab5a46922ab72fb79c5ad4f4
PKHeX.Core/Resources/text/game/underground_bdsp/text_ug_item_en.txt,resources,extract_facts_only,high,personal/levelup/evolution/eggmove binary resources and localized text,8ad201e80244f630ab5a46922ab72fb79c5ad4f4
PKHeX.Core/Resources/text/game/underground_bdsp/text_ug_item_es-419.txt,resources,extract_facts_only,high,personal/levelup/evolution/eggmove binary resources and localized text,8ad201e80244f630ab5a46922ab72fb79c5ad4f4
PKHeX.Core/Resources/text/game/underground_bdsp/text_ug_item_es.txt,resources,extract_facts_only,high,personal/levelup/evolution/eggmove binary resources and localized text,8ad201e80244f630ab5a46922ab72fb79c5ad4f4
PKHeX.Core/Resources/text/game/underground_bdsp/text_ug_item_fr.txt,resources,extract_facts_only,high,personal/levelup/evolution/eggmove binary resources and localized text,8ad201e80244f630ab5a46922ab72fb79c5ad4f4
PKHeX.Core/Resources/text/game/underground_bdsp/text_ug_item_it.txt,resources,extract_facts_only,high,personal/levelup/evolution/eggmove binary resources and localized text,8ad201e80244f630ab5a46922ab72fb79c5ad4f4
PKHeX.Core/Resources/text/game/underground_bdsp/text_ug_item_ja.txt,resources,extract_facts_only,high,personal/levelup/evolution/eggmove binary resources and localized text,8ad201e80244f630ab5a46922ab72fb79c5ad4f4
PKHeX.Core/Resources/text/game/underground_bdsp/text_ug_item_ko.txt,resources,extract_facts_only,high,personal/levelup/evolution/eggmove binary resources and localized text,8ad201e80244f630ab5a46922ab72fb79c5ad4f4
PKHeX.Core/Resources/text/game/underground_bdsp/text_ug_item_zh-Hans.txt,resources,extract_facts_only,high,personal/levelup/evolution/eggmove binary resources and localized text,8ad201e80244f630ab5a46922ab72fb79c5ad4f4
PKHeX.Core/Resources/text/game/underground_bdsp/text_ug_item_zh-Hant.txt,resources,extract_facts_only,high,personal/levelup/evolution/eggmove binary resources and localized text,8ad201e80244f630ab5a46922ab72fb79c5ad4f4
PKHeX.Core/Resources/text/game/underground_dppt/text_uggoods_de.txt,resources,extract_facts_only,high,personal/levelup/evolution/eggmove binary resources and localized text,8ad201e80244f630ab5a46922ab72fb79c5ad4f4
PKHeX.Core/Resources/text/game/underground_dppt/text_uggoods_en.txt,resources,extract_facts_only,high,personal/levelup/evolution/eggmove binary resources and localized text,8ad201e80244f630ab5a46922ab72fb79c5ad4f4
PKHeX.Core/Resources/text/game/underground_dppt/text_uggoods_es-419.txt,resources,extract_facts_only,high,personal/levelup/evolution/eggmove binary resources and localized text,8ad201e80244f630ab5a46922ab72fb79c5ad4f4
PKHeX.Core/Resources/text/game/underground_dppt/text_uggoods_es.txt,resources,extract_facts_only,high,personal/levelup/evolution/eggmove binary resources and localized text,8ad201e80244f630ab5a46922ab72fb79c5ad4f4
PKHeX.Core/Resources/text/game/underground_dppt/text_uggoods_fr.txt,resources,extract_facts_only,high,personal/levelup/evolution/eggmove binary resources and localized text,8ad201e80244f630ab5a46922ab72fb79c5ad4f4
PKHeX.Core/Resources/text/game/underground_dppt/text_uggoods_it.txt,resources,extract_facts_only,high,personal/levelup/evolution/eggmove binary resources and localized text,8ad201e80244f630ab5a46922ab72fb79c5ad4f4
PKHeX.Core/Resources/text/game/underground_dppt/text_uggoods_ja.txt,resources,extract_facts_only,high,personal/levelup/evolution/eggmove binary resources and localized text,8ad201e80244f630ab5a46922ab72fb79c5ad4f4
PKHeX.Core/Resources/text/game/underground_dppt/text_uggoods_ko.txt,resources,extract_facts_only,high,personal/levelup/evolution/eggmove binary resources and localized text,8ad201e80244f630ab5a46922ab72fb79c5ad4f4
PKHeX.Core/Resources/text/game/underground_dppt/text_uggoods_zh-Hans.txt,resources,extract_facts_only,high,personal/levelup/evolution/eggmove binary resources and localized text,8ad201e80244f630ab5a46922ab72fb79c5ad4f4
PKHeX.Core/Resources/text/game/underground_dppt/text_uggoods_zh-Hant.txt,resources,extract_facts_only,high,personal/levelup/evolution/eggmove binary resources and localized text,8ad201e80244f630ab5a46922ab72fb79c5ad4f4
PKHeX.Core/Resources/text/game/underground_dppt/text_ugspheres_de.txt,resources,extract_facts_only,high,personal/levelup/evolution/eggmove binary resources and localized text,8ad201e80244f630ab5a46922ab72fb79c5ad4f4
PKHeX.Core/Resources/text/game/underground_dppt/text_ugspheres_en.txt,resources,extract_facts_only,high,personal/levelup/evolution/eggmove binary resources and localized text,8ad201e80244f630ab5a46922ab72fb79c5ad4f4
PKHeX.Core/Resources/text/game/underground_dppt/text_ugspheres_es-419.txt,resources,extract_facts_only,high,personal/levelup/evolution/eggmove binary resources and localized text,8ad201e80244f630ab5a46922ab72fb79c5ad4f4
PKHeX.Core/Resources/text/game/underground_dppt/text_ugspheres_es.txt,resources,extract_facts_only,high,personal/levelup/evolution/eggmove binary resources and localized text,8ad201e80244f630ab5a46922ab72fb79c5ad4f4
PKHeX.Core/Resources/text/game/underground_dppt/text_ugspheres_fr.txt,resources,extract_facts_only,high,personal/levelup/evolution/eggmove binary resources and localized text,8ad201e80244f630ab5a46922ab72fb79c5ad4f4
PKHeX.Core/Resources/text/game/underground_dppt/text_ugspheres_it.txt,resources,extract_facts_only,high,personal/levelup/evolution/eggmove binary resources and localized text,8ad201e80244f630ab5a46922ab72fb79c5ad4f4
PKHeX.Core/Resources/text/game/underground_dppt/text_ugspheres_ja.txt,resources,extract_facts_only,high,personal/levelup/evolution/eggmove binary resources and localized text,8ad201e80244f630ab5a46922ab72fb79c5ad4f4
PKHeX.Core/Resources/text/game/underground_dppt/text_ugspheres_ko.txt,resources,extract_facts_only,high,personal/levelup/evolution/eggmove binary resources and localized text,8ad201e80244f630ab5a46922ab72fb79c5ad4f4
PKHeX.Core/Resources/text/game/underground_dppt/text_ugspheres_zh-Hans.txt,resources,extract_facts_only,high,personal/levelup/evolution/eggmove binary resources and localized text,8ad201e80244f630ab5a46922ab72fb79c5ad4f4
PKHeX.Core/Resources/text/game/underground_dppt/text_ugspheres_zh-Hant.txt,resources,extract_facts_only,high,personal/levelup/evolution/eggmove binary resources and localized text,8ad201e80244f630ab5a46922ab72fb79c5ad4f4
PKHeX.Core/Resources/text/game/underground_dppt/text_ugtraps_de.txt,resources,extract_facts_only,high,personal/levelup/evolution/eggmove binary resources and localized text,8ad201e80244f630ab5a46922ab72fb79c5ad4f4
PKHeX.Core/Resources/text/game/underground_dppt/text_ugtraps_en.txt,resources,extract_facts_only,high,personal/levelup/evolution/eggmove binary resources and localized text,8ad201e80244f630ab5a46922ab72fb79c5ad4f4
PKHeX.Core/Resources/text/game/underground_dppt/text_ugtraps_es-419.txt,resources,extract_facts_only,high,personal/levelup/evolution/eggmove binary resources and localized text,8ad201e80244f630ab5a46922ab72fb79c5ad4f4
PKHeX.Core/Resources/text/game/underground_dppt/text_ugtraps_es.txt,resources,extract_facts_only,high,personal/levelup/evolution/eggmove binary resources and localized text,8ad201e80244f630ab5a46922ab72fb79c5ad4f4
PKHeX.Core/Resources/text/game/underground_dppt/text_ugtraps_fr.txt,resources,extract_facts_only,high,personal/levelup/evolution/eggmove binary resources and localized text,8ad201e80244f630ab5a46922ab72fb79c5ad4f4
PKHeX.Core/Resources/text/game/underground_dppt/text_ugtraps_it.txt,resources,extract_facts_only,high,personal/levelup/evolution/eggmove binary resources and localized text,8ad201e80244f630ab5a46922ab72fb79c5ad4f4
PKHeX.Core/Resources/text/game/underground_dppt/text_ugtraps_ja.txt,resources,extract_facts_only,high,personal/levelup/evolution/eggmove binary resources and localized text,8ad201e80244f630ab5a46922ab72fb79c5ad4f4
PKHeX.Core/Resources/text/game/underground_dppt/text_ugtraps_ko.txt,resources,extract_facts_only,high,personal/levelup/evolution/eggmove binary resources and localized text,8ad201e80244f630ab5a46922ab72fb79c5ad4f4
PKHeX.Core/Resources/text/game/underground_dppt/text_ugtraps_zh-Hans.txt,resources,extract_facts_only,high,personal/levelup/evolution/eggmove binary resources and localized text,8ad201e80244f630ab5a46922ab72fb79c5ad4f4
PKHeX.Core/Resources/text/game/underground_dppt/text_ugtraps_zh-Hant.txt,resources,extract_facts_only,high,personal/levelup/evolution/eggmove binary resources and localized text,8ad201e80244f630ab5a46922ab72fb79c5ad4f4
PKHeX.Core/Resources/text/game/underground_dppt/text_ugtreasures_de.txt,resources,extract_facts_only,high,personal/levelup/evolution/eggmove binary resources and localized text,8ad201e80244f630ab5a46922ab72fb79c5ad4f4
PKHeX.Core/Resources/text/game/underground_dppt/text_ugtreasures_en.txt,resources,extract_facts_only,high,personal/levelup/evolution/eggmove binary resources and localized text,8ad201e80244f630ab5a46922ab72fb79c5ad4f4
PKHeX.Core/Resources/text/game/underground_dppt/text_ugtreasures_es-419.txt,resources,extract_facts_only,high,personal/levelup/evolution/eggmove binary resources and localized text,8ad201e80244f630ab5a46922ab72fb79c5ad4f4
PKHeX.Core/Resources/text/game/underground_dppt/text_ugtreasures_es.txt,resources,extract_facts_only,high,personal/levelup/evolution/eggmove binary resources and localized text,8ad201e80244f630ab5a46922ab72fb79c5ad4f4
PKHeX.Core/Resources/text/game/underground_dppt/text_ugtreasures_fr.txt,resources,extract_facts_only,high,personal/levelup/evolution/eggmove binary resources and localized text,8ad201e80244f630ab5a46922ab72fb79c5ad4f4
PKHeX.Core/Resources/text/game/underground_dppt/text_ugtreasures_it.txt,resources,extract_facts_only,high,personal/levelup/evolution/eggmove binary resources and localized text,8ad201e80244f630ab5a46922ab72fb79c5ad4f4
PKHeX.Core/Resources/text/game/underground_dppt/text_ugtreasures_ja.txt,resources,extract_facts_only,high,personal/levelup/evolution/eggmove binary resources and localized text,8ad201e80244f630ab5a46922ab72fb79c5ad4f4
PKHeX.Core/Resources/text/game/underground_dppt/text_ugtreasures_ko.txt,resources,extract_facts_only,high,personal/levelup/evolution/eggmove binary resources and localized text,8ad201e80244f630ab5a46922ab72fb79c5ad4f4
PKHeX.Core/Resources/text/game/underground_dppt/text_ugtreasures_zh-Hans.txt,resources,extract_facts_only,high,personal/levelup/evolution/eggmove binary resources and localized text,8ad201e80244f630ab5a46922ab72fb79c5ad4f4
PKHeX.Core/Resources/text/game/underground_dppt/text_ugtreasures_zh-Hant.txt,resources,extract_facts_only,high,personal/levelup/evolution/eggmove binary resources and localized text,8ad201e80244f630ab5a46922ab72fb79c5ad4f4
PKHeX.Core/Resources/text/game/walkercourses_hgss/text_walkercourses_de.txt,resources,extract_facts_only,high,personal/levelup/evolution/eggmove binary resources and localized text,8ad201e80244f630ab5a46922ab72fb79c5ad4f4
PKHeX.Core/Resources/text/game/walkercourses_hgss/text_walkercourses_en.txt,resources,extract_facts_only,high,personal/levelup/evolution/eggmove binary resources and localized text,8ad201e80244f630ab5a46922ab72fb79c5ad4f4
PKHeX.Core/Resources/text/game/walkercourses_hgss/text_walkercourses_es-419.txt,resources,extract_facts_only,high,personal/levelup/evolution/eggmove binary resources and localized text,8ad201e80244f630ab5a46922ab72fb79c5ad4f4
PKHeX.Core/Resources/text/game/walkercourses_hgss/text_walkercourses_es.txt,resources,extract_facts_only,high,personal/levelup/evolution/eggmove binary resources and localized text,8ad201e80244f630ab5a46922ab72fb79c5ad4f4
PKHeX.Core/Resources/text/game/walkercourses_hgss/text_walkercourses_fr.txt,resources,extract_facts_only,high,personal/levelup/evolution/eggmove binary resources and localized text,8ad201e80244f630ab5a46922ab72fb79c5ad4f4
PKHeX.Core/Resources/text/game/walkercourses_hgss/text_walkercourses_it.txt,resources,extract_facts_only,high,personal/levelup/evolution/eggmove binary resources and localized text,8ad201e80244f630ab5a46922ab72fb79c5ad4f4
PKHeX.Core/Resources/text/game/walkercourses_hgss/text_walkercourses_ja.txt,resources,extract_facts_only,high,personal/levelup/evolution/eggmove binary resources and localized text,8ad201e80244f630ab5a46922ab72fb79c5ad4f4
PKHeX.Core/Resources/text/game/walkercourses_hgss/text_walkercourses_ko.txt,resources,extract_facts_only,high,personal/levelup/evolution/eggmove binary resources and localized text,8ad201e80244f630ab5a46922ab72fb79c5ad4f4
PKHeX.Core/Resources/text/game/walkercourses_hgss/text_walkercourses_zh-Hans.txt,resources,extract_facts_only,high,personal/levelup/evolution/eggmove binary resources and localized text,8ad201e80244f630ab5a46922ab72fb79c5ad4f4
PKHeX.Core/Resources/text/game/walkercourses_hgss/text_walkercourses_zh-Hant.txt,resources,extract_facts_only,high,personal/levelup/evolution/eggmove binary resources and localized text,8ad201e80244f630ab5a46922ab72fb79c5ad4f4
PKHeX.Core/Resources/text/items/gen1/text_ItemsG1_de.txt,resources,extract_facts_only,high,personal/levelup/evolution/eggmove binary resources and localized text,8ad201e80244f630ab5a46922ab72fb79c5ad4f4
PKHeX.Core/Resources/text/items/gen1/text_ItemsG1_en.txt,resources,extract_facts_only,high,personal/levelup/evolution/eggmove binary resources and localized text,8ad201e80244f630ab5a46922ab72fb79c5ad4f4
PKHeX.Core/Resources/text/items/gen1/text_ItemsG1_es-419.txt,resources,extract_facts_only,high,personal/levelup/evolution/eggmove binary resources and localized text,8ad201e80244f630ab5a46922ab72fb79c5ad4f4
PKHeX.Core/Resources/text/items/gen1/text_ItemsG1_es.txt,resources,extract_facts_only,high,personal/levelup/evolution/eggmove binary resources and localized text,8ad201e80244f630ab5a46922ab72fb79c5ad4f4
PKHeX.Core/Resources/text/items/gen1/text_ItemsG1_fr.txt,resources,extract_facts_only,high,personal/levelup/evolution/eggmove binary resources and localized text,8ad201e80244f630ab5a46922ab72fb79c5ad4f4
PKHeX.Core/Resources/text/items/gen1/text_ItemsG1_it.txt,resources,extract_facts_only,high,personal/levelup/evolution/eggmove binary resources and localized text,8ad201e80244f630ab5a46922ab72fb79c5ad4f4
PKHeX.Core/Resources/text/items/gen1/text_ItemsG1_ja.txt,resources,extract_facts_only,high,personal/levelup/evolution/eggmove binary resources and localized text,8ad201e80244f630ab5a46922ab72fb79c5ad4f4
PKHeX.Core/Resources/text/items/gen1/text_ItemsG1_ko.txt,resources,extract_facts_only,high,personal/levelup/evolution/eggmove binary resources and localized text,8ad201e80244f630ab5a46922ab72fb79c5ad4f4
PKHeX.Core/Resources/text/items/gen1/text_ItemsG1_zh-Hans.txt,resources,extract_facts_only,high,personal/levelup/evolution/eggmove binary resources and localized text,8ad201e80244f630ab5a46922ab72fb79c5ad4f4
PKHeX.Core/Resources/text/items/gen1/text_ItemsG1_zh-Hant.txt,resources,extract_facts_only,high,personal/levelup/evolution/eggmove binary resources and localized text,8ad201e80244f630ab5a46922ab72fb79c5ad4f4
PKHeX.Core/Resources/text/items/gen2/text_ItemsG2_de.txt,resources,extract_facts_only,high,personal/levelup/evolution/eggmove binary resources and localized text,8ad201e80244f630ab5a46922ab72fb79c5ad4f4
PKHeX.Core/Resources/text/items/gen2/text_ItemsG2_en.txt,resources,extract_facts_only,high,personal/levelup/evolution/eggmove binary resources and localized text,8ad201e80244f630ab5a46922ab72fb79c5ad4f4
PKHeX.Core/Resources/text/items/gen2/text_ItemsG2_es-419.txt,resources,extract_facts_only,high,personal/levelup/evolution/eggmove binary resources and localized text,8ad201e80244f630ab5a46922ab72fb79c5ad4f4
PKHeX.Core/Resources/text/items/gen2/text_ItemsG2_es.txt,resources,extract_facts_only,high,personal/levelup/evolution/eggmove binary resources and localized text,8ad201e80244f630ab5a46922ab72fb79c5ad4f4
PKHeX.Core/Resources/text/items/gen2/text_ItemsG2_fr.txt,resources,extract_facts_only,high,personal/levelup/evolution/eggmove binary resources and localized text,8ad201e80244f630ab5a46922ab72fb79c5ad4f4
PKHeX.Core/Resources/text/items/gen2/text_ItemsG2_it.txt,resources,extract_facts_only,high,personal/levelup/evolution/eggmove binary resources and localized text,8ad201e80244f630ab5a46922ab72fb79c5ad4f4
PKHeX.Core/Resources/text/items/gen2/text_ItemsG2_ja.txt,resources,extract_facts_only,high,personal/levelup/evolution/eggmove binary resources and localized text,8ad201e80244f630ab5a46922ab72fb79c5ad4f4
PKHeX.Core/Resources/text/items/gen2/text_ItemsG2_ko.txt,resources,extract_facts_only,high,personal/levelup/evolution/eggmove binary resources and localized text,8ad201e80244f630ab5a46922ab72fb79c5ad4f4
PKHeX.Core/Resources/text/items/gen2/text_ItemsG2_zh-Hans.txt,resources,extract_facts_only,high,personal/levelup/evolution/eggmove binary resources and localized text,8ad201e80244f630ab5a46922ab72fb79c5ad4f4
PKHeX.Core/Resources/text/items/gen2/text_ItemsG2_zh-Hant.txt,resources,extract_facts_only,high,personal/levelup/evolution/eggmove binary resources and localized text,8ad201e80244f630ab5a46922ab72fb79c5ad4f4
PKHeX.Core/Resources/text/items/gen3/text_ItemsG3_de.txt,resources,extract_facts_only,high,personal/levelup/evolution/eggmove binary resources and localized text,8ad201e80244f630ab5a46922ab72fb79c5ad4f4
PKHeX.Core/Resources/text/items/gen3/text_ItemsG3_en.txt,resources,extract_facts_only,high,personal/levelup/evolution/eggmove binary resources and localized text,8ad201e80244f630ab5a46922ab72fb79c5ad4f4
PKHeX.Core/Resources/text/items/gen3/text_ItemsG3_es-419.txt,resources,extract_facts_only,high,personal/levelup/evolution/eggmove binary resources and localized text,8ad201e80244f630ab5a46922ab72fb79c5ad4f4
PKHeX.Core/Resources/text/items/gen3/text_ItemsG3_es.txt,resources,extract_facts_only,high,personal/levelup/evolution/eggmove binary resources and localized text,8ad201e80244f630ab5a46922ab72fb79c5ad4f4
PKHeX.Core/Resources/text/items/gen3/text_ItemsG3_fr.txt,resources,extract_facts_only,high,personal/levelup/evolution/eggmove binary resources and localized text,8ad201e80244f630ab5a46922ab72fb79c5ad4f4
PKHeX.Core/Resources/text/items/gen3/text_ItemsG3_it.txt,resources,extract_facts_only,high,personal/levelup/evolution/eggmove binary resources and localized text,8ad201e80244f630ab5a46922ab72fb79c5ad4f4
PKHeX.Core/Resources/text/items/gen3/text_ItemsG3_ja.txt,resources,extract_facts_only,high,personal/levelup/evolution/eggmove binary resources and localized text,8ad201e80244f630ab5a46922ab72fb79c5ad4f4
PKHeX.Core/Resources/text/items/gen3/text_ItemsG3_ko.txt,resources,extract_facts_only,high,personal/levelup/evolution/eggmove binary resources and localized text,8ad201e80244f630ab5a46922ab72fb79c5ad4f4
PKHeX.Core/Resources/text/items/gen3/text_ItemsG3_zh-Hans.txt,resources,extract_facts_only,high,personal/levelup/evolution/eggmove binary resources and localized text,8ad201e80244f630ab5a46922ab72fb79c5ad4f4
PKHeX.Core/Resources/text/items/gen3/text_ItemsG3_zh-Hant.txt,resources,extract_facts_only,high,personal/levelup/evolution/eggmove binary resources and localized text,8ad201e80244f630ab5a46922ab72fb79c5ad4f4
PKHeX.Core/Resources/text/items/gen3/text_ItemsG3Colosseum_de.txt,resources,extract_facts_only,high,personal/levelup/evolution/eggmove binary resources and localized text,8ad201e80244f630ab5a46922ab72fb79c5ad4f4
PKHeX.Core/Resources/text/items/gen3/text_ItemsG3Colosseum_en.txt,resources,extract_facts_only,high,personal/levelup/evolution/eggmove binary resources and localized text,8ad201e80244f630ab5a46922ab72fb79c5ad4f4
PKHeX.Core/Resources/text/items/gen3/text_ItemsG3Colosseum_es-419.txt,resources,extract_facts_only,high,personal/levelup/evolution/eggmove binary resources and localized text,8ad201e80244f630ab5a46922ab72fb79c5ad4f4
PKHeX.Core/Resources/text/items/gen3/text_ItemsG3Colosseum_es.txt,resources,extract_facts_only,high,personal/levelup/evolution/eggmove binary resources and localized text,8ad201e80244f630ab5a46922ab72fb79c5ad4f4
PKHeX.Core/Resources/text/items/gen3/text_ItemsG3Colosseum_fr.txt,resources,extract_facts_only,high,personal/levelup/evolution/eggmove binary resources and localized text,8ad201e80244f630ab5a46922ab72fb79c5ad4f4
PKHeX.Core/Resources/text/items/gen3/text_ItemsG3Colosseum_it.txt,resources,extract_facts_only,high,personal/levelup/evolution/eggmove binary resources and localized text,8ad201e80244f630ab5a46922ab72fb79c5ad4f4
PKHeX.Core/Resources/text/items/gen3/text_ItemsG3Colosseum_ja.txt,resources,extract_facts_only,high,personal/levelup/evolution/eggmove binary resources and localized text,8ad201e80244f630ab5a46922ab72fb79c5ad4f4
PKHeX.Core/Resources/text/items/gen3/text_ItemsG3Colosseum_zh-Hans.txt,resources,extract_facts_only,high,personal/levelup/evolution/eggmove binary resources and localized text,8ad201e80244f630ab5a46922ab72fb79c5ad4f4
PKHeX.Core/Resources/text/items/gen3/text_ItemsG3Colosseum_zh-Hant.txt,resources,extract_facts_only,high,personal/levelup/evolution/eggmove binary resources and localized text,8ad201e80244f630ab5a46922ab72fb79c5ad4f4
PKHeX.Core/Resources/text/items/gen3/text_ItemsG3XD_de.txt,resources,extract_facts_only,high,personal/levelup/evolution/eggmove binary resources and localized text,8ad201e80244f630ab5a46922ab72fb79c5ad4f4
PKHeX.Core/Resources/text/items/gen3/text_ItemsG3XD_en.txt,resources,extract_facts_only,high,personal/levelup/evolution/eggmove binary resources and localized text,8ad201e80244f630ab5a46922ab72fb79c5ad4f4
PKHeX.Core/Resources/text/items/gen3/text_ItemsG3XD_es-419.txt,resources,extract_facts_only,high,personal/levelup/evolution/eggmove binary resources and localized text,8ad201e80244f630ab5a46922ab72fb79c5ad4f4
PKHeX.Core/Resources/text/items/gen3/text_ItemsG3XD_es.txt,resources,extract_facts_only,high,personal/levelup/evolution/eggmove binary resources and localized text,8ad201e80244f630ab5a46922ab72fb79c5ad4f4
PKHeX.Core/Resources/text/items/gen3/text_ItemsG3XD_fr.txt,resources,extract_facts_only,high,personal/levelup/evolution/eggmove binary resources and localized text,8ad201e80244f630ab5a46922ab72fb79c5ad4f4
PKHeX.Core/Resources/text/items/gen3/text_ItemsG3XD_it.txt,resources,extract_facts_only,high,personal/levelup/evolution/eggmove binary resources and localized text,8ad201e80244f630ab5a46922ab72fb79c5ad4f4
PKHeX.Core/Resources/text/items/gen3/text_ItemsG3XD_ja.txt,resources,extract_facts_only,high,personal/levelup/evolution/eggmove binary resources and localized text,8ad201e80244f630ab5a46922ab72fb79c5ad4f4
PKHeX.Core/Resources/text/items/gen3/text_ItemsG3XD_zh-Hans.txt,resources,extract_facts_only,high,personal/levelup/evolution/eggmove binary resources and localized text,8ad201e80244f630ab5a46922ab72fb79c5ad4f4
PKHeX.Core/Resources/text/items/gen3/text_ItemsG3XD_zh-Hant.txt,resources,extract_facts_only,high,personal/levelup/evolution/eggmove binary resources and localized text,8ad201e80244f630ab5a46922ab72fb79c5ad4f4
PKHeX.Core/Resources/text/items/gen4/text_Mail4_de.txt,resources,extract_facts_only,high,personal/levelup/evolution/eggmove binary resources and localized text,8ad201e80244f630ab5a46922ab72fb79c5ad4f4
PKHeX.Core/Resources/text/items/gen4/text_Mail4_en.txt,resources,extract_facts_only,high,personal/levelup/evolution/eggmove binary resources and localized text,8ad201e80244f630ab5a46922ab72fb79c5ad4f4
PKHeX.Core/Resources/text/items/gen4/text_Mail4_es-419.txt,resources,extract_facts_only,high,personal/levelup/evolution/eggmove binary resources and localized text,8ad201e80244f630ab5a46922ab72fb79c5ad4f4
PKHeX.Core/Resources/text/items/gen4/text_Mail4_es.txt,resources,extract_facts_only,high,personal/levelup/evolution/eggmove binary resources and localized text,8ad201e80244f630ab5a46922ab72fb79c5ad4f4
PKHeX.Core/Resources/text/items/gen4/text_Mail4_fr.txt,resources,extract_facts_only,high,personal/levelup/evolution/eggmove binary resources and localized text,8ad201e80244f630ab5a46922ab72fb79c5ad4f4
PKHeX.Core/Resources/text/items/gen4/text_Mail4_it.txt,resources,extract_facts_only,high,personal/levelup/evolution/eggmove binary resources and localized text,8ad201e80244f630ab5a46922ab72fb79c5ad4f4
PKHeX.Core/Resources/text/items/gen4/text_Mail4_ja.txt,resources,extract_facts_only,high,personal/levelup/evolution/eggmove binary resources and localized text,8ad201e80244f630ab5a46922ab72fb79c5ad4f4
PKHeX.Core/Resources/text/items/gen4/text_Mail4_ko.txt,resources,extract_facts_only,high,personal/levelup/evolution/eggmove binary resources and localized text,8ad201e80244f630ab5a46922ab72fb79c5ad4f4
PKHeX.Core/Resources/text/items/gen4/text_Mail4_zh-Hans.txt,resources,extract_facts_only,high,personal/levelup/evolution/eggmove binary resources and localized text,8ad201e80244f630ab5a46922ab72fb79c5ad4f4
PKHeX.Core/Resources/text/items/gen4/text_Mail4_zh-Hant.txt,resources,extract_facts_only,high,personal/levelup/evolution/eggmove binary resources and localized text,8ad201e80244f630ab5a46922ab72fb79c5ad4f4
PKHeX.Core/Resources/text/items/text_Items_de.txt,resources,extract_facts_only,high,personal/levelup/evolution/eggmove binary resources and localized text,8ad201e80244f630ab5a46922ab72fb79c5ad4f4
PKHeX.Core/Resources/text/items/text_Items_en.txt,resources,extract_facts_only,high,personal/levelup/evolution/eggmove binary resources and localized text,8ad201e80244f630ab5a46922ab72fb79c5ad4f4
PKHeX.Core/Resources/text/items/text_Items_es-419.txt,resources,extract_facts_only,high,personal/levelup/evolution/eggmove binary resources and localized text,8ad201e80244f630ab5a46922ab72fb79c5ad4f4
PKHeX.Core/Resources/text/items/text_Items_es.txt,resources,extract_facts_only,high,personal/levelup/evolution/eggmove binary resources and localized text,8ad201e80244f630ab5a46922ab72fb79c5ad4f4
PKHeX.Core/Resources/text/items/text_Items_fr.txt,resources,extract_facts_only,high,personal/levelup/evolution/eggmove binary resources and localized text,8ad201e80244f630ab5a46922ab72fb79c5ad4f4
PKHeX.Core/Resources/text/items/text_Items_it.txt,resources,extract_facts_only,high,personal/levelup/evolution/eggmove binary resources and localized text,8ad201e80244f630ab5a46922ab72fb79c5ad4f4
PKHeX.Core/Resources/text/items/text_Items_ja.txt,resources,extract_facts_only,high,personal/levelup/evolution/eggmove binary resources and localized text,8ad201e80244f630ab5a46922ab72fb79c5ad4f4
PKHeX.Core/Resources/text/items/text_Items_ko.txt,resources,extract_facts_only,high,personal/levelup/evolution/eggmove binary resources and localized text,8ad201e80244f630ab5a46922ab72fb79c5ad4f4
PKHeX.Core/Resources/text/items/text_Items_zh-Hans.txt,resources,extract_facts_only,high,personal/levelup/evolution/eggmove binary resources and localized text,8ad201e80244f630ab5a46922ab72fb79c5ad4f4
PKHeX.Core/Resources/text/items/text_Items_zh-Hant.txt,resources,extract_facts_only,high,personal/levelup/evolution/eggmove binary resources and localized text,8ad201e80244f630ab5a46922ab72fb79c5ad4f4
PKHeX.Core/Resources/text/locale3DS/consoleregions/text_console3ds_de.txt,resources,extract_facts_only,high,personal/levelup/evolution/eggmove binary resources and localized text,8ad201e80244f630ab5a46922ab72fb79c5ad4f4
PKHeX.Core/Resources/text/locale3DS/consoleregions/text_console3ds_en.txt,resources,extract_facts_only,high,personal/levelup/evolution/eggmove binary resources and localized text,8ad201e80244f630ab5a46922ab72fb79c5ad4f4
PKHeX.Core/Resources/text/locale3DS/consoleregions/text_console3ds_es-419.txt,resources,extract_facts_only,high,personal/levelup/evolution/eggmove binary resources and localized text,8ad201e80244f630ab5a46922ab72fb79c5ad4f4
PKHeX.Core/Resources/text/locale3DS/consoleregions/text_console3ds_es.txt,resources,extract_facts_only,high,personal/levelup/evolution/eggmove binary resources and localized text,8ad201e80244f630ab5a46922ab72fb79c5ad4f4
PKHeX.Core/Resources/text/locale3DS/consoleregions/text_console3ds_fr.txt,resources,extract_facts_only,high,personal/levelup/evolution/eggmove binary resources and localized text,8ad201e80244f630ab5a46922ab72fb79c5ad4f4
PKHeX.Core/Resources/text/locale3DS/consoleregions/text_console3ds_it.txt,resources,extract_facts_only,high,personal/levelup/evolution/eggmove binary resources and localized text,8ad201e80244f630ab5a46922ab72fb79c5ad4f4
PKHeX.Core/Resources/text/locale3DS/consoleregions/text_console3ds_ja.txt,resources,extract_facts_only,high,personal/levelup/evolution/eggmove binary resources and localized text,8ad201e80244f630ab5a46922ab72fb79c5ad4f4
PKHeX.Core/Resources/text/locale3DS/consoleregions/text_console3ds_ko.txt,resources,extract_facts_only,high,personal/levelup/evolution/eggmove binary resources and localized text,8ad201e80244f630ab5a46922ab72fb79c5ad4f4
PKHeX.Core/Resources/text/locale3DS/consoleregions/text_console3ds_zh-Hans.txt,resources,extract_facts_only,high,personal/levelup/evolution/eggmove binary resources and localized text,8ad201e80244f630ab5a46922ab72fb79c5ad4f4
PKHeX.Core/Resources/text/locale3DS/consoleregions/text_console3ds_zh-Hant.txt,resources,extract_facts_only,high,personal/levelup/evolution/eggmove binary resources and localized text,8ad201e80244f630ab5a46922ab72fb79c5ad4f4
PKHeX.Core/Resources/text/locale3DS/countries.txt,resources,extract_facts_only,high,personal/levelup/evolution/eggmove binary resources and localized text,8ad201e80244f630ab5a46922ab72fb79c5ad4f4
PKHeX.Core/Resources/text/locale3DS/subregions/sr_001.txt,resources,extract_facts_only,high,personal/levelup/evolution/eggmove binary resources and localized text,8ad201e80244f630ab5a46922ab72fb79c5ad4f4
PKHeX.Core/Resources/text/locale3DS/subregions/sr_008.txt,resources,extract_facts_only,high,personal/levelup/evolution/eggmove binary resources and localized text,8ad201e80244f630ab5a46922ab72fb79c5ad4f4
PKHeX.Core/Resources/text/locale3DS/subregions/sr_009.txt,resources,extract_facts_only,high,personal/levelup/evolution/eggmove binary resources and localized text,8ad201e80244f630ab5a46922ab72fb79c5ad4f4
PKHeX.Core/Resources/text/locale3DS/subregions/sr_010.txt,resources,extract_facts_only,high,personal/levelup/evolution/eggmove binary resources and localized text,8ad201e80244f630ab5a46922ab72fb79c5ad4f4
PKHeX.Core/Resources/text/locale3DS/subregions/sr_011.txt,resources,extract_facts_only,high,personal/levelup/evolution/eggmove binary resources and localized text,8ad201e80244f630ab5a46922ab72fb79c5ad4f4
PKHeX.Core/Resources/text/locale3DS/subregions/sr_012.txt,resources,extract_facts_only,high,personal/levelup/evolution/eggmove binary resources and localized text,8ad201e80244f630ab5a46922ab72fb79c5ad4f4
PKHeX.Core/Resources/text/locale3DS/subregions/sr_013.txt,resources,extract_facts_only,high,personal/levelup/evolution/eggmove binary resources and localized text,8ad201e80244f630ab5a46922ab72fb79c5ad4f4
PKHeX.Core/Resources/text/locale3DS/subregions/sr_014.txt,resources,extract_facts_only,high,personal/levelup/evolution/eggmove binary resources and localized text,8ad201e80244f630ab5a46922ab72fb79c5ad4f4
PKHeX.Core/Resources/text/locale3DS/subregions/sr_015.txt,resources,extract_facts_only,high,personal/levelup/evolution/eggmove binary resources and localized text,8ad201e80244f630ab5a46922ab72fb79c5ad4f4
PKHeX.Core/Resources/text/locale3DS/subregions/sr_016.txt,resources,extract_facts_only,high,personal/levelup/evolution/eggmove binary resources and localized text,8ad201e80244f630ab5a46922ab72fb79c5ad4f4
PKHeX.Core/Resources/text/locale3DS/subregions/sr_017.txt,resources,extract_facts_only,high,personal/levelup/evolution/eggmove binary resources and localized text,8ad201e80244f630ab5a46922ab72fb79c5ad4f4
PKHeX.Core/Resources/text/locale3DS/subregions/sr_018.txt,resources,extract_facts_only,high,personal/levelup/evolution/eggmove binary resources and localized text,8ad201e80244f630ab5a46922ab72fb79c5ad4f4
PKHeX.Core/Resources/text/locale3DS/subregions/sr_019.txt,resources,extract_facts_only,high,personal/levelup/evolution/eggmove binary resources and localized text,8ad201e80244f630ab5a46922ab72fb79c5ad4f4
PKHeX.Core/Resources/text/locale3DS/subregions/sr_020.txt,resources,extract_facts_only,high,personal/levelup/evolution/eggmove binary resources and localized text,8ad201e80244f630ab5a46922ab72fb79c5ad4f4
PKHeX.Core/Resources/text/locale3DS/subregions/sr_021.txt,resources,extract_facts_only,high,personal/levelup/evolution/eggmove binary resources and localized text,8ad201e80244f630ab5a46922ab72fb79c5ad4f4
PKHeX.Core/Resources/text/locale3DS/subregions/sr_022.txt,resources,extract_facts_only,high,personal/levelup/evolution/eggmove binary resources and localized text,8ad201e80244f630ab5a46922ab72fb79c5ad4f4
PKHeX.Core/Resources/text/locale3DS/subregions/sr_023.txt,resources,extract_facts_only,high,personal/levelup/evolution/eggmove binary resources and localized text,8ad201e80244f630ab5a46922ab72fb79c5ad4f4
PKHeX.Core/Resources/text/locale3DS/subregions/sr_024.txt,resources,extract_facts_only,high,personal/levelup/evolution/eggmove binary resources and localized text,8ad201e80244f630ab5a46922ab72fb79c5ad4f4
PKHeX.Core/Resources/text/locale3DS/subregions/sr_025.txt,resources,extract_facts_only,high,personal/levelup/evolution/eggmove binary resources and localized text,8ad201e80244f630ab5a46922ab72fb79c5ad4f4
PKHeX.Core/Resources/text/locale3DS/subregions/sr_026.txt,resources,extract_facts_only,high,personal/levelup/evolution/eggmove binary resources and localized text,8ad201e80244f630ab5a46922ab72fb79c5ad4f4
PKHeX.Core/Resources/text/locale3DS/subregions/sr_027.txt,resources,extract_facts_only,high,personal/levelup/evolution/eggmove binary resources and localized text,8ad201e80244f630ab5a46922ab72fb79c5ad4f4
PKHeX.Core/Resources/text/locale3DS/subregions/sr_028.txt,resources,extract_facts_only,high,personal/levelup/evolution/eggmove binary resources and localized text,8ad201e80244f630ab5a46922ab72fb79c5ad4f4
PKHeX.Core/Resources/text/locale3DS/subregions/sr_029.txt,resources,extract_facts_only,high,personal/levelup/evolution/eggmove binary resources and localized text,8ad201e80244f630ab5a46922ab72fb79c5ad4f4
PKHeX.Core/Resources/text/locale3DS/subregions/sr_030.txt,resources,extract_facts_only,high,personal/levelup/evolution/eggmove binary resources and localized text,8ad201e80244f630ab5a46922ab72fb79c5ad4f4
PKHeX.Core/Resources/text/locale3DS/subregions/sr_031.txt,resources,extract_facts_only,high,personal/levelup/evolution/eggmove binary resources and localized text,8ad201e80244f630ab5a46922ab72fb79c5ad4f4
PKHeX.Core/Resources/text/locale3DS/subregions/sr_032.txt,resources,extract_facts_only,high,personal/levelup/evolution/eggmove binary resources and localized text,8ad201e80244f630ab5a46922ab72fb79c5ad4f4
PKHeX.Core/Resources/text/locale3DS/subregions/sr_033.txt,resources,extract_facts_only,high,personal/levelup/evolution/eggmove binary resources and localized text,8ad201e80244f630ab5a46922ab72fb79c5ad4f4
PKHeX.Core/Resources/text/locale3DS/subregions/sr_034.txt,resources,extract_facts_only,high,personal/levelup/evolution/eggmove binary resources and localized text,8ad201e80244f630ab5a46922ab72fb79c5ad4f4
PKHeX.Core/Resources/text/locale3DS/subregions/sr_035.txt,resources,extract_facts_only,high,personal/levelup/evolution/eggmove binary resources and localized text,8ad201e80244f630ab5a46922ab72fb79c5ad4f4
PKHeX.Core/Resources/text/locale3DS/subregions/sr_036.txt,resources,extract_facts_only,high,personal/levelup/evolution/eggmove binary resources and localized text,8ad201e80244f630ab5a46922ab72fb79c5ad4f4
PKHeX.Core/Resources/text/locale3DS/subregions/sr_037.txt,resources,extract_facts_only,high,personal/levelup/evolution/eggmove binary resources and localized text,8ad201e80244f630ab5a46922ab72fb79c5ad4f4
PKHeX.Core/Resources/text/locale3DS/subregions/sr_038.txt,resources,extract_facts_only,high,personal/levelup/evolution/eggmove binary resources and localized text,8ad201e80244f630ab5a46922ab72fb79c5ad4f4
PKHeX.Core/Resources/text/locale3DS/subregions/sr_039.txt,resources,extract_facts_only,high,personal/levelup/evolution/eggmove binary resources and localized text,8ad201e80244f630ab5a46922ab72fb79c5ad4f4
PKHeX.Core/Resources/text/locale3DS/subregions/sr_040.txt,resources,extract_facts_only,high,personal/levelup/evolution/eggmove binary resources and localized text,8ad201e80244f630ab5a46922ab72fb79c5ad4f4
PKHeX.Core/Resources/text/locale3DS/subregions/sr_041.txt,resources,extract_facts_only,high,personal/levelup/evolution/eggmove binary resources and localized text,8ad201e80244f630ab5a46922ab72fb79c5ad4f4
PKHeX.Core/Resources/text/locale3DS/subregions/sr_042.txt,resources,extract_facts_only,high,personal/levelup/evolution/eggmove binary resources and localized text,8ad201e80244f630ab5a46922ab72fb79c5ad4f4
PKHeX.Core/Resources/text/locale3DS/subregions/sr_043.txt,resources,extract_facts_only,high,personal/levelup/evolution/eggmove binary resources and localized text,8ad201e80244f630ab5a46922ab72fb79c5ad4f4
PKHeX.Core/Resources/text/locale3DS/subregions/sr_044.txt,resources,extract_facts_only,high,personal/levelup/evolution/eggmove binary resources and localized text,8ad201e80244f630ab5a46922ab72fb79c5ad4f4
PKHeX.Core/Resources/text/locale3DS/subregions/sr_045.txt,resources,extract_facts_only,high,personal/levelup/evolution/eggmove binary resources and localized text,8ad201e80244f630ab5a46922ab72fb79c5ad4f4
PKHeX.Core/Resources/text/locale3DS/subregions/sr_046.txt,resources,extract_facts_only,high,personal/levelup/evolution/eggmove binary resources and localized text,8ad201e80244f630ab5a46922ab72fb79c5ad4f4
PKHeX.Core/Resources/text/locale3DS/subregions/sr_047.txt,resources,extract_facts_only,high,personal/levelup/evolution/eggmove binary resources and localized text,8ad201e80244f630ab5a46922ab72fb79c5ad4f4
PKHeX.Core/Resources/text/locale3DS/subregions/sr_048.txt,resources,extract_facts_only,high,personal/levelup/evolution/eggmove binary resources and localized text,8ad201e80244f630ab5a46922ab72fb79c5ad4f4
PKHeX.Core/Resources/text/locale3DS/subregions/sr_049.txt,resources,extract_facts_only,high,personal/levelup/evolution/eggmove binary resources and localized text,8ad201e80244f630ab5a46922ab72fb79c5ad4f4
PKHeX.Core/Resources/text/locale3DS/subregions/sr_050.txt,resources,extract_facts_only,high,personal/levelup/evolution/eggmove binary resources and localized text,8ad201e80244f630ab5a46922ab72fb79c5ad4f4
PKHeX.Core/Resources/text/locale3DS/subregions/sr_051.txt,resources,extract_facts_only,high,personal/levelup/evolution/eggmove binary resources and localized text,8ad201e80244f630ab5a46922ab72fb79c5ad4f4
PKHeX.Core/Resources/text/locale3DS/subregions/sr_052.txt,resources,extract_facts_only,high,personal/levelup/evolution/eggmove binary resources and localized text,8ad201e80244f630ab5a46922ab72fb79c5ad4f4
PKHeX.Core/Resources/text/locale3DS/subregions/sr_064.txt,resources,extract_facts_only,high,personal/levelup/evolution/eggmove binary resources and localized text,8ad201e80244f630ab5a46922ab72fb79c5ad4f4
PKHeX.Core/Resources/text/locale3DS/subregions/sr_065.txt,resources,extract_facts_only,high,personal/levelup/evolution/eggmove binary resources and localized text,8ad201e80244f630ab5a46922ab72fb79c5ad4f4
PKHeX.Core/Resources/text/locale3DS/subregions/sr_066.txt,resources,extract_facts_only,high,personal/levelup/evolution/eggmove binary resources and localized text,8ad201e80244f630ab5a46922ab72fb79c5ad4f4
PKHeX.Core/Resources/text/locale3DS/subregions/sr_067.txt,resources,extract_facts_only,high,personal/levelup/evolution/eggmove binary resources and localized text,8ad201e80244f630ab5a46922ab72fb79c5ad4f4
PKHeX.Core/Resources/text/locale3DS/subregions/sr_068.txt,resources,extract_facts_only,high,personal/levelup/evolution/eggmove binary resources and localized text,8ad201e80244f630ab5a46922ab72fb79c5ad4f4
PKHeX.Core/Resources/text/locale3DS/subregions/sr_069.txt,resources,extract_facts_only,high,personal/levelup/evolution/eggmove binary resources and localized text,8ad201e80244f630ab5a46922ab72fb79c5ad4f4
PKHeX.Core/Resources/text/locale3DS/subregions/sr_070.txt,resources,extract_facts_only,high,personal/levelup/evolution/eggmove binary resources and localized text,8ad201e80244f630ab5a46922ab72fb79c5ad4f4
PKHeX.Core/Resources/text/locale3DS/subregions/sr_071.txt,resources,extract_facts_only,high,personal/levelup/evolution/eggmove binary resources and localized text,8ad201e80244f630ab5a46922ab72fb79c5ad4f4
PKHeX.Core/Resources/text/locale3DS/subregions/sr_072.txt,resources,extract_facts_only,high,personal/levelup/evolution/eggmove binary resources and localized text,8ad201e80244f630ab5a46922ab72fb79c5ad4f4
PKHeX.Core/Resources/text/locale3DS/subregions/sr_073.txt,resources,extract_facts_only,high,personal/levelup/evolution/eggmove binary resources and localized text,8ad201e80244f630ab5a46922ab72fb79c5ad4f4
PKHeX.Core/Resources/text/locale3DS/subregions/sr_074.txt,resources,extract_facts_only,high,personal/levelup/evolution/eggmove binary resources and localized text,8ad201e80244f630ab5a46922ab72fb79c5ad4f4
PKHeX.Core/Resources/text/locale3DS/subregions/sr_075.txt,resources,extract_facts_only,high,personal/levelup/evolution/eggmove binary resources and localized text,8ad201e80244f630ab5a46922ab72fb79c5ad4f4
PKHeX.Core/Resources/text/locale3DS/subregions/sr_076.txt,resources,extract_facts_only,high,personal/levelup/evolution/eggmove binary resources and localized text,8ad201e80244f630ab5a46922ab72fb79c5ad4f4
PKHeX.Core/Resources/text/locale3DS/subregions/sr_077.txt,resources,extract_facts_only,high,personal/levelup/evolution/eggmove binary resources and localized text,8ad201e80244f630ab5a46922ab72fb79c5ad4f4
PKHeX.Core/Resources/text/locale3DS/subregions/sr_078.txt,resources,extract_facts_only,high,personal/levelup/evolution/eggmove binary resources and localized text,8ad201e80244f630ab5a46922ab72fb79c5ad4f4
PKHeX.Core/Resources/text/locale3DS/subregions/sr_079.txt,resources,extract_facts_only,high,personal/levelup/evolution/eggmove binary resources and localized text,8ad201e80244f630ab5a46922ab72fb79c5ad4f4
PKHeX.Core/Resources/text/locale3DS/subregions/sr_080.txt,resources,extract_facts_only,high,personal/levelup/evolution/eggmove binary resources and localized text,8ad201e80244f630ab5a46922ab72fb79c5ad4f4
PKHeX.Core/Resources/text/locale3DS/subregions/sr_081.txt,resources,extract_facts_only,high,personal/levelup/evolution/eggmove binary resources and localized text,8ad201e80244f630ab5a46922ab72fb79c5ad4f4
PKHeX.Core/Resources/text/locale3DS/subregions/sr_082.txt,resources,extract_facts_only,high,personal/levelup/evolution/eggmove binary resources and localized text,8ad201e80244f630ab5a46922ab72fb79c5ad4f4
PKHeX.Core/Resources/text/locale3DS/subregions/sr_083.txt,resources,extract_facts_only,high,personal/levelup/evolution/eggmove binary resources and localized text,8ad201e80244f630ab5a46922ab72fb79c5ad4f4
PKHeX.Core/Resources/text/locale3DS/subregions/sr_084.txt,resources,extract_facts_only,high,personal/levelup/evolution/eggmove binary resources and localized text,8ad201e80244f630ab5a46922ab72fb79c5ad4f4
PKHeX.Core/Resources/text/locale3DS/subregions/sr_085.txt,resources,extract_facts_only,high,personal/levelup/evolution/eggmove binary resources and localized text,8ad201e80244f630ab5a46922ab72fb79c5ad4f4
PKHeX.Core/Resources/text/locale3DS/subregions/sr_086.txt,resources,extract_facts_only,high,personal/levelup/evolution/eggmove binary resources and localized text,8ad201e80244f630ab5a46922ab72fb79c5ad4f4
PKHeX.Core/Resources/text/locale3DS/subregions/sr_087.txt,resources,extract_facts_only,high,personal/levelup/evolution/eggmove binary resources and localized text,8ad201e80244f630ab5a46922ab72fb79c5ad4f4
PKHeX.Core/Resources/text/locale3DS/subregions/sr_088.txt,resources,extract_facts_only,high,personal/levelup/evolution/eggmove binary resources and localized text,8ad201e80244f630ab5a46922ab72fb79c5ad4f4
PKHeX.Core/Resources/text/locale3DS/subregions/sr_089.txt,resources,extract_facts_only,high,personal/levelup/evolution/eggmove binary resources and localized text,8ad201e80244f630ab5a46922ab72fb79c5ad4f4
PKHeX.Core/Resources/text/locale3DS/subregions/sr_090.txt,resources,extract_facts_only,high,personal/levelup/evolution/eggmove binary resources and localized text,8ad201e80244f630ab5a46922ab72fb79c5ad4f4
PKHeX.Core/Resources/text/locale3DS/subregions/sr_091.txt,resources,extract_facts_only,high,personal/levelup/evolution/eggmove binary resources and localized text,8ad201e80244f630ab5a46922ab72fb79c5ad4f4
PKHeX.Core/Resources/text/locale3DS/subregions/sr_092.txt,resources,extract_facts_only,high,personal/levelup/evolution/eggmove binary resources and localized text,8ad201e80244f630ab5a46922ab72fb79c5ad4f4
PKHeX.Core/Resources/text/locale3DS/subregions/sr_093.txt,resources,extract_facts_only,high,personal/levelup/evolution/eggmove binary resources and localized text,8ad201e80244f630ab5a46922ab72fb79c5ad4f4
PKHeX.Core/Resources/text/locale3DS/subregions/sr_094.txt,resources,extract_facts_only,high,personal/levelup/evolution/eggmove binary resources and localized text,8ad201e80244f630ab5a46922ab72fb79c5ad4f4
PKHeX.Core/Resources/text/locale3DS/subregions/sr_095.txt,resources,extract_facts_only,high,personal/levelup/evolution/eggmove binary resources and localized text,8ad201e80244f630ab5a46922ab72fb79c5ad4f4
PKHeX.Core/Resources/text/locale3DS/subregions/sr_096.txt,resources,extract_facts_only,high,personal/levelup/evolution/eggmove binary resources and localized text,8ad201e80244f630ab5a46922ab72fb79c5ad4f4
PKHeX.Core/Resources/text/locale3DS/subregions/sr_097.txt,resources,extract_facts_only,high,personal/levelup/evolution/eggmove binary resources and localized text,8ad201e80244f630ab5a46922ab72fb79c5ad4f4
PKHeX.Core/Resources/text/locale3DS/subregions/sr_098.txt,resources,extract_facts_only,high,personal/levelup/evolution/eggmove binary resources and localized text,8ad201e80244f630ab5a46922ab72fb79c5ad4f4
PKHeX.Core/Resources/text/locale3DS/subregions/sr_099.txt,resources,extract_facts_only,high,personal/levelup/evolution/eggmove binary resources and localized text,8ad201e80244f630ab5a46922ab72fb79c5ad4f4
PKHeX.Core/Resources/text/locale3DS/subregions/sr_100.txt,resources,extract_facts_only,high,personal/levelup/evolution/eggmove binary resources and localized text,8ad201e80244f630ab5a46922ab72fb79c5ad4f4
PKHeX.Core/Resources/text/locale3DS/subregions/sr_101.txt,resources,extract_facts_only,high,personal/levelup/evolution/eggmove binary resources and localized text,8ad201e80244f630ab5a46922ab72fb79c5ad4f4
PKHeX.Core/Resources/text/locale3DS/subregions/sr_102.txt,resources,extract_facts_only,high,personal/levelup/evolution/eggmove binary resources and localized text,8ad201e80244f630ab5a46922ab72fb79c5ad4f4
PKHeX.Core/Resources/text/locale3DS/subregions/sr_103.txt,resources,extract_facts_only,high,personal/levelup/evolution/eggmove binary resources and localized text,8ad201e80244f630ab5a46922ab72fb79c5ad4f4
PKHeX.Core/Resources/text/locale3DS/subregions/sr_104.txt,resources,extract_facts_only,high,personal/levelup/evolution/eggmove binary resources and localized text,8ad201e80244f630ab5a46922ab72fb79c5ad4f4
PKHeX.Core/Resources/text/locale3DS/subregions/sr_105.txt,resources,extract_facts_only,high,personal/levelup/evolution/eggmove binary resources and localized text,8ad201e80244f630ab5a46922ab72fb79c5ad4f4
PKHeX.Core/Resources/text/locale3DS/subregions/sr_106.txt,resources,extract_facts_only,high,personal/levelup/evolution/eggmove binary resources and localized text,8ad201e80244f630ab5a46922ab72fb79c5ad4f4
PKHeX.Core/Resources/text/locale3DS/subregions/sr_107.txt,resources,extract_facts_only,high,personal/levelup/evolution/eggmove binary resources and localized text,8ad201e80244f630ab5a46922ab72fb79c5ad4f4
PKHeX.Core/Resources/text/locale3DS/subregions/sr_108.txt,resources,extract_facts_only,high,personal/levelup/evolution/eggmove binary resources and localized text,8ad201e80244f630ab5a46922ab72fb79c5ad4f4
PKHeX.Core/Resources/text/locale3DS/subregions/sr_109.txt,resources,extract_facts_only,high,personal/levelup/evolution/eggmove binary resources and localized text,8ad201e80244f630ab5a46922ab72fb79c5ad4f4
PKHeX.Core/Resources/text/locale3DS/subregions/sr_110.txt,resources,extract_facts_only,high,personal/levelup/evolution/eggmove binary resources and localized text,8ad201e80244f630ab5a46922ab72fb79c5ad4f4
PKHeX.Core/Resources/text/locale3DS/subregions/sr_111.txt,resources,extract_facts_only,high,personal/levelup/evolution/eggmove binary resources and localized text,8ad201e80244f630ab5a46922ab72fb79c5ad4f4
PKHeX.Core/Resources/text/locale3DS/subregions/sr_112.txt,resources,extract_facts_only,high,personal/levelup/evolution/eggmove binary resources and localized text,8ad201e80244f630ab5a46922ab72fb79c5ad4f4
PKHeX.Core/Resources/text/locale3DS/subregions/sr_113.txt,resources,extract_facts_only,high,personal/levelup/evolution/eggmove binary resources and localized text,8ad201e80244f630ab5a46922ab72fb79c5ad4f4
PKHeX.Core/Resources/text/locale3DS/subregions/sr_114.txt,resources,extract_facts_only,high,personal/levelup/evolution/eggmove binary resources and localized text,8ad201e80244f630ab5a46922ab72fb79c5ad4f4
PKHeX.Core/Resources/text/locale3DS/subregions/sr_115.txt,resources,extract_facts_only,high,personal/levelup/evolution/eggmove binary resources and localized text,8ad201e80244f630ab5a46922ab72fb79c5ad4f4
PKHeX.Core/Resources/text/locale3DS/subregions/sr_116.txt,resources,extract_facts_only,high,personal/levelup/evolution/eggmove binary resources and localized text,8ad201e80244f630ab5a46922ab72fb79c5ad4f4
PKHeX.Core/Resources/text/locale3DS/subregions/sr_117.txt,resources,extract_facts_only,high,personal/levelup/evolution/eggmove binary resources and localized text,8ad201e80244f630ab5a46922ab72fb79c5ad4f4
PKHeX.Core/Resources/text/locale3DS/subregions/sr_118.txt,resources,extract_facts_only,high,personal/levelup/evolution/eggmove binary resources and localized text,8ad201e80244f630ab5a46922ab72fb79c5ad4f4
PKHeX.Core/Resources/text/locale3DS/subregions/sr_119.txt,resources,extract_facts_only,high,personal/levelup/evolution/eggmove binary resources and localized text,8ad201e80244f630ab5a46922ab72fb79c5ad4f4
PKHeX.Core/Resources/text/locale3DS/subregions/sr_120.txt,resources,extract_facts_only,high,personal/levelup/evolution/eggmove binary resources and localized text,8ad201e80244f630ab5a46922ab72fb79c5ad4f4
PKHeX.Core/Resources/text/locale3DS/subregions/sr_121.txt,resources,extract_facts_only,high,personal/levelup/evolution/eggmove binary resources and localized text,8ad201e80244f630ab5a46922ab72fb79c5ad4f4
PKHeX.Core/Resources/text/locale3DS/subregions/sr_122.txt,resources,extract_facts_only,high,personal/levelup/evolution/eggmove binary resources and localized text,8ad201e80244f630ab5a46922ab72fb79c5ad4f4
PKHeX.Core/Resources/text/locale3DS/subregions/sr_123.txt,resources,extract_facts_only,high,personal/levelup/evolution/eggmove binary resources and localized text,8ad201e80244f630ab5a46922ab72fb79c5ad4f4
PKHeX.Core/Resources/text/locale3DS/subregions/sr_124.txt,resources,extract_facts_only,high,personal/levelup/evolution/eggmove binary resources and localized text,8ad201e80244f630ab5a46922ab72fb79c5ad4f4
PKHeX.Core/Resources/text/locale3DS/subregions/sr_125.txt,resources,extract_facts_only,high,personal/levelup/evolution/eggmove binary resources and localized text,8ad201e80244f630ab5a46922ab72fb79c5ad4f4
PKHeX.Core/Resources/text/locale3DS/subregions/sr_126.txt,resources,extract_facts_only,high,personal/levelup/evolution/eggmove binary resources and localized text,8ad201e80244f630ab5a46922ab72fb79c5ad4f4
PKHeX.Core/Resources/text/locale3DS/subregions/sr_127.txt,resources,extract_facts_only,high,personal/levelup/evolution/eggmove binary resources and localized text,8ad201e80244f630ab5a46922ab72fb79c5ad4f4
PKHeX.Core/Resources/text/locale3DS/subregions/sr_128.txt,resources,extract_facts_only,high,personal/levelup/evolution/eggmove binary resources and localized text,8ad201e80244f630ab5a46922ab72fb79c5ad4f4
PKHeX.Core/Resources/text/locale3DS/subregions/sr_136.txt,resources,extract_facts_only,high,personal/levelup/evolution/eggmove binary resources and localized text,8ad201e80244f630ab5a46922ab72fb79c5ad4f4
PKHeX.Core/Resources/text/locale3DS/subregions/sr_144.txt,resources,extract_facts_only,high,personal/levelup/evolution/eggmove binary resources and localized text,8ad201e80244f630ab5a46922ab72fb79c5ad4f4
PKHeX.Core/Resources/text/locale3DS/subregions/sr_153.txt,resources,extract_facts_only,high,personal/levelup/evolution/eggmove binary resources and localized text,8ad201e80244f630ab5a46922ab72fb79c5ad4f4
PKHeX.Core/Resources/text/locale3DS/subregions/sr_156.txt,resources,extract_facts_only,high,personal/levelup/evolution/eggmove binary resources and localized text,8ad201e80244f630ab5a46922ab72fb79c5ad4f4
PKHeX.Core/Resources/text/locale3DS/subregions/sr_160.txt,resources,extract_facts_only,high,personal/levelup/evolution/eggmove binary resources and localized text,8ad201e80244f630ab5a46922ab72fb79c5ad4f4
PKHeX.Core/Resources/text/locale3DS/subregions/sr_168.txt,resources,extract_facts_only,high,personal/levelup/evolution/eggmove binary resources and localized text,8ad201e80244f630ab5a46922ab72fb79c5ad4f4
PKHeX.Core/Resources/text/locale3DS/subregions/sr_169.txt,resources,extract_facts_only,high,personal/levelup/evolution/eggmove binary resources and localized text,8ad201e80244f630ab5a46922ab72fb79c5ad4f4
PKHeX.Core/Resources/text/locale3DS/subregions/sr_174.txt,resources,extract_facts_only,high,personal/levelup/evolution/eggmove binary resources and localized text,8ad201e80244f630ab5a46922ab72fb79c5ad4f4
PKHeX.Core/Resources/text/locale3DS/subregions/sr_184.txt,resources,extract_facts_only,high,personal/levelup/evolution/eggmove binary resources and localized text,8ad201e80244f630ab5a46922ab72fb79c5ad4f4
PKHeX.Core/Resources/text/locale3DS/subregions/sr_185.txt,resources,extract_facts_only,high,personal/levelup/evolution/eggmove binary resources and localized text,8ad201e80244f630ab5a46922ab72fb79c5ad4f4
PKHeX.Core/Resources/text/locale3DS/subregions/sr_186.txt,resources,extract_facts_only,high,personal/levelup/evolution/eggmove binary resources and localized text,8ad201e80244f630ab5a46922ab72fb79c5ad4f4
PKHeX.Core/Resources/text/localeNDS/gen4/gen4_countries.txt,resources,extract_facts_only,high,personal/levelup/evolution/eggmove binary resources and localized text,8ad201e80244f630ab5a46922ab72fb79c5ad4f4
PKHeX.Core/Resources/text/localeNDS/gen4/gen4_sr_009.txt,resources,extract_facts_only,high,personal/levelup/evolution/eggmove binary resources and localized text,8ad201e80244f630ab5a46922ab72fb79c5ad4f4
PKHeX.Core/Resources/text/localeNDS/gen4/gen4_sr_012.txt,resources,extract_facts_only,high,personal/levelup/evolution/eggmove binary resources and localized text,8ad201e80244f630ab5a46922ab72fb79c5ad4f4
PKHeX.Core/Resources/text/localeNDS/gen4/gen4_sr_028.txt,resources,extract_facts_only,high,personal/levelup/evolution/eggmove binary resources and localized text,8ad201e80244f630ab5a46922ab72fb79c5ad4f4
PKHeX.Core/Resources/text/localeNDS/gen4/gen4_sr_036.txt,resources,extract_facts_only,high,personal/levelup/evolution/eggmove binary resources and localized text,8ad201e80244f630ab5a46922ab72fb79c5ad4f4
PKHeX.Core/Resources/text/localeNDS/gen4/gen4_sr_043.txt,resources,extract_facts_only,high,personal/levelup/evolution/eggmove binary resources and localized text,8ad201e80244f630ab5a46922ab72fb79c5ad4f4
PKHeX.Core/Resources/text/localeNDS/gen4/gen4_sr_070.txt,resources,extract_facts_only,high,personal/levelup/evolution/eggmove binary resources and localized text,8ad201e80244f630ab5a46922ab72fb79c5ad4f4
PKHeX.Core/Resources/text/localeNDS/gen4/gen4_sr_071.txt,resources,extract_facts_only,high,personal/levelup/evolution/eggmove binary resources and localized text,8ad201e80244f630ab5a46922ab72fb79c5ad4f4
PKHeX.Core/Resources/text/localeNDS/gen4/gen4_sr_077.txt,resources,extract_facts_only,high,personal/levelup/evolution/eggmove binary resources and localized text,8ad201e80244f630ab5a46922ab72fb79c5ad4f4
PKHeX.Core/Resources/text/localeNDS/gen4/gen4_sr_094.txt,resources,extract_facts_only,high,personal/levelup/evolution/eggmove binary resources and localized text,8ad201e80244f630ab5a46922ab72fb79c5ad4f4
PKHeX.Core/Resources/text/localeNDS/gen4/gen4_sr_101.txt,resources,extract_facts_only,high,personal/levelup/evolution/eggmove binary resources and localized text,8ad201e80244f630ab5a46922ab72fb79c5ad4f4
PKHeX.Core/Resources/text/localeNDS/gen4/gen4_sr_103.txt,resources,extract_facts_only,high,personal/levelup/evolution/eggmove binary resources and localized text,8ad201e80244f630ab5a46922ab72fb79c5ad4f4
PKHeX.Core/Resources/text/localeNDS/gen4/gen4_sr_156.txt,resources,extract_facts_only,high,personal/levelup/evolution/eggmove binary resources and localized text,8ad201e80244f630ab5a46922ab72fb79c5ad4f4
PKHeX.Core/Resources/text/localeNDS/gen4/gen4_sr_166.txt,resources,extract_facts_only,high,personal/levelup/evolution/eggmove binary resources and localized text,8ad201e80244f630ab5a46922ab72fb79c5ad4f4
PKHeX.Core/Resources/text/localeNDS/gen4/gen4_sr_172.txt,resources,extract_facts_only,high,personal/levelup/evolution/eggmove binary resources and localized text,8ad201e80244f630ab5a46922ab72fb79c5ad4f4
PKHeX.Core/Resources/text/localeNDS/gen4/gen4_sr_193.txt,resources,extract_facts_only,high,personal/levelup/evolution/eggmove binary resources and localized text,8ad201e80244f630ab5a46922ab72fb79c5ad4f4
PKHeX.Core/Resources/text/localeNDS/gen4/gen4_sr_199.txt,resources,extract_facts_only,high,personal/levelup/evolution/eggmove binary resources and localized text,8ad201e80244f630ab5a46922ab72fb79c5ad4f4
PKHeX.Core/Resources/text/localeNDS/gen4/gen4_sr_219.txt,resources,extract_facts_only,high,personal/levelup/evolution/eggmove binary resources and localized text,8ad201e80244f630ab5a46922ab72fb79c5ad4f4
PKHeX.Core/Resources/text/localeNDS/gen4/gen4_sr_220.txt,resources,extract_facts_only,high,personal/levelup/evolution/eggmove binary resources and localized text,8ad201e80244f630ab5a46922ab72fb79c5ad4f4
PKHeX.Core/Resources/text/localeNDS/gen4/gen4_sr_default.txt,resources,extract_facts_only,high,personal/levelup/evolution/eggmove binary resources and localized text,8ad201e80244f630ab5a46922ab72fb79c5ad4f4
PKHeX.Core/Resources/text/localeNDS/gen5/gen5_countries.txt,resources,extract_facts_only,high,personal/levelup/evolution/eggmove binary resources and localized text,8ad201e80244f630ab5a46922ab72fb79c5ad4f4
PKHeX.Core/Resources/text/localeNDS/gen5/gen5_sr_009.txt,resources,extract_facts_only,high,personal/levelup/evolution/eggmove binary resources and localized text,8ad201e80244f630ab5a46922ab72fb79c5ad4f4
PKHeX.Core/Resources/text/localeNDS/gen5/gen5_sr_012.txt,resources,extract_facts_only,high,personal/levelup/evolution/eggmove binary resources and localized text,8ad201e80244f630ab5a46922ab72fb79c5ad4f4
PKHeX.Core/Resources/text/localeNDS/gen5/gen5_sr_028.txt,resources,extract_facts_only,high,personal/levelup/evolution/eggmove binary resources and localized text,8ad201e80244f630ab5a46922ab72fb79c5ad4f4
PKHeX.Core/Resources/text/localeNDS/gen5/gen5_sr_036.txt,resources,extract_facts_only,high,personal/levelup/evolution/eggmove binary resources and localized text,8ad201e80244f630ab5a46922ab72fb79c5ad4f4
PKHeX.Core/Resources/text/localeNDS/gen5/gen5_sr_043.txt,resources,extract_facts_only,high,personal/levelup/evolution/eggmove binary resources and localized text,8ad201e80244f630ab5a46922ab72fb79c5ad4f4
PKHeX.Core/Resources/text/localeNDS/gen5/gen5_sr_072.txt,resources,extract_facts_only,high,personal/levelup/evolution/eggmove binary resources and localized text,8ad201e80244f630ab5a46922ab72fb79c5ad4f4
PKHeX.Core/Resources/text/localeNDS/gen5/gen5_sr_073.txt,resources,extract_facts_only,high,personal/levelup/evolution/eggmove binary resources and localized text,8ad201e80244f630ab5a46922ab72fb79c5ad4f4
PKHeX.Core/Resources/text/localeNDS/gen5/gen5_sr_079.txt,resources,extract_facts_only,high,personal/levelup/evolution/eggmove binary resources and localized text,8ad201e80244f630ab5a46922ab72fb79c5ad4f4
PKHeX.Core/Resources/text/localeNDS/gen5/gen5_sr_095.txt,resources,extract_facts_only,high,personal/levelup/evolution/eggmove binary resources and localized text,8ad201e80244f630ab5a46922ab72fb79c5ad4f4
PKHeX.Core/Resources/text/localeNDS/gen5/gen5_sr_102.txt,resources,extract_facts_only,high,personal/levelup/evolution/eggmove binary resources and localized text,8ad201e80244f630ab5a46922ab72fb79c5ad4f4
PKHeX.Core/Resources/text/localeNDS/gen5/gen5_sr_105.txt,resources,extract_facts_only,high,personal/levelup/evolution/eggmove binary resources and localized text,8ad201e80244f630ab5a46922ab72fb79c5ad4f4
PKHeX.Core/Resources/text/localeNDS/gen5/gen5_sr_155.txt,resources,extract_facts_only,high,personal/levelup/evolution/eggmove binary resources and localized text,8ad201e80244f630ab5a46922ab72fb79c5ad4f4
PKHeX.Core/Resources/text/localeNDS/gen5/gen5_sr_166.txt,resources,extract_facts_only,high,personal/levelup/evolution/eggmove binary resources and localized text,8ad201e80244f630ab5a46922ab72fb79c5ad4f4
PKHeX.Core/Resources/text/localeNDS/gen5/gen5_sr_174.txt,resources,extract_facts_only,high,personal/levelup/evolution/eggmove binary resources and localized text,8ad201e80244f630ab5a46922ab72fb79c5ad4f4
PKHeX.Core/Resources/text/localeNDS/gen5/gen5_sr_195.txt,resources,extract_facts_only,high,personal/levelup/evolution/eggmove binary resources and localized text,8ad201e80244f630ab5a46922ab72fb79c5ad4f4
PKHeX.Core/Resources/text/localeNDS/gen5/gen5_sr_200.txt,resources,extract_facts_only,high,personal/levelup/evolution/eggmove binary resources and localized text,8ad201e80244f630ab5a46922ab72fb79c5ad4f4
PKHeX.Core/Resources/text/localeNDS/gen5/gen5_sr_218.txt,resources,extract_facts_only,high,personal/levelup/evolution/eggmove binary resources and localized text,8ad201e80244f630ab5a46922ab72fb79c5ad4f4
PKHeX.Core/Resources/text/localeNDS/gen5/gen5_sr_220.txt,resources,extract_facts_only,high,personal/levelup/evolution/eggmove binary resources and localized text,8ad201e80244f630ab5a46922ab72fb79c5ad4f4
PKHeX.Core/Resources/text/localeNDS/gen5/gen5_sr_default.txt,resources,extract_facts_only,high,personal/levelup/evolution/eggmove binary resources and localized text,8ad201e80244f630ab5a46922ab72fb79c5ad4f4
PKHeX.Core/Resources/text/locations/gen2/text_gsc_00000_de.txt,resources,extract_facts_only,high,personal/levelup/evolution/eggmove binary resources and localized text,8ad201e80244f630ab5a46922ab72fb79c5ad4f4
PKHeX.Core/Resources/text/locations/gen2/text_gsc_00000_en.txt,resources,extract_facts_only,high,personal/levelup/evolution/eggmove binary resources and localized text,8ad201e80244f630ab5a46922ab72fb79c5ad4f4
PKHeX.Core/Resources/text/locations/gen2/text_gsc_00000_es-419.txt,resources,extract_facts_only,high,personal/levelup/evolution/eggmove binary resources and localized text,8ad201e80244f630ab5a46922ab72fb79c5ad4f4
PKHeX.Core/Resources/text/locations/gen2/text_gsc_00000_es.txt,resources,extract_facts_only,high,personal/levelup/evolution/eggmove binary resources and localized text,8ad201e80244f630ab5a46922ab72fb79c5ad4f4
PKHeX.Core/Resources/text/locations/gen2/text_gsc_00000_fr.txt,resources,extract_facts_only,high,personal/levelup/evolution/eggmove binary resources and localized text,8ad201e80244f630ab5a46922ab72fb79c5ad4f4
PKHeX.Core/Resources/text/locations/gen2/text_gsc_00000_it.txt,resources,extract_facts_only,high,personal/levelup/evolution/eggmove binary resources and localized text,8ad201e80244f630ab5a46922ab72fb79c5ad4f4
PKHeX.Core/Resources/text/locations/gen2/text_gsc_00000_ja.txt,resources,extract_facts_only,high,personal/levelup/evolution/eggmove binary resources and localized text,8ad201e80244f630ab5a46922ab72fb79c5ad4f4
PKHeX.Core/Resources/text/locations/gen2/text_gsc_00000_ko.txt,resources,extract_facts_only,high,personal/levelup/evolution/eggmove binary resources and localized text,8ad201e80244f630ab5a46922ab72fb79c5ad4f4
PKHeX.Core/Resources/text/locations/gen2/text_gsc_00000_zh-Hans.txt,resources,extract_facts_only,high,personal/levelup/evolution/eggmove binary resources and localized text,8ad201e80244f630ab5a46922ab72fb79c5ad4f4
PKHeX.Core/Resources/text/locations/gen2/text_gsc_00000_zh-Hant.txt,resources,extract_facts_only,high,personal/levelup/evolution/eggmove binary resources and localized text,8ad201e80244f630ab5a46922ab72fb79c5ad4f4
PKHeX.Core/Resources/text/locations/gen3/text_cxd_00000_de.txt,resources,extract_facts_only,high,personal/levelup/evolution/eggmove binary resources and localized text,8ad201e80244f630ab5a46922ab72fb79c5ad4f4
PKHeX.Core/Resources/text/locations/gen3/text_cxd_00000_en.txt,resources,extract_facts_only,high,personal/levelup/evolution/eggmove binary resources and localized text,8ad201e80244f630ab5a46922ab72fb79c5ad4f4
PKHeX.Core/Resources/text/locations/gen3/text_cxd_00000_es-419.txt,resources,extract_facts_only,high,personal/levelup/evolution/eggmove binary resources and localized text,8ad201e80244f630ab5a46922ab72fb79c5ad4f4
PKHeX.Core/Resources/text/locations/gen3/text_cxd_00000_es.txt,resources,extract_facts_only,high,personal/levelup/evolution/eggmove binary resources and localized text,8ad201e80244f630ab5a46922ab72fb79c5ad4f4
PKHeX.Core/Resources/text/locations/gen3/text_cxd_00000_fr.txt,resources,extract_facts_only,high,personal/levelup/evolution/eggmove binary resources and localized text,8ad201e80244f630ab5a46922ab72fb79c5ad4f4
PKHeX.Core/Resources/text/locations/gen3/text_cxd_00000_it.txt,resources,extract_facts_only,high,personal/levelup/evolution/eggmove binary resources and localized text,8ad201e80244f630ab5a46922ab72fb79c5ad4f4
PKHeX.Core/Resources/text/locations/gen3/text_cxd_00000_ja.txt,resources,extract_facts_only,high,personal/levelup/evolution/eggmove binary resources and localized text,8ad201e80244f630ab5a46922ab72fb79c5ad4f4
PKHeX.Core/Resources/text/locations/gen3/text_cxd_00000_zh-Hans.txt,resources,extract_facts_only,high,personal/levelup/evolution/eggmove binary resources and localized text,8ad201e80244f630ab5a46922ab72fb79c5ad4f4
PKHeX.Core/Resources/text/locations/gen3/text_cxd_00000_zh-Hant.txt,resources,extract_facts_only,high,personal/levelup/evolution/eggmove binary resources and localized text,8ad201e80244f630ab5a46922ab72fb79c5ad4f4
PKHeX.Core/Resources/text/locations/gen3/text_rsefrlg_00000_de.txt,resources,extract_facts_only,high,personal/levelup/evolution/eggmove binary resources and localized text,8ad201e80244f630ab5a46922ab72fb79c5ad4f4
PKHeX.Core/Resources/text/locations/gen3/text_rsefrlg_00000_en.txt,resources,extract_facts_only,high,personal/levelup/evolution/eggmove binary resources and localized text,8ad201e80244f630ab5a46922ab72fb79c5ad4f4
PKHeX.Core/Resources/text/locations/gen3/text_rsefrlg_00000_es-419.txt,resources,extract_facts_only,high,personal/levelup/evolution/eggmove binary resources and localized text,8ad201e80244f630ab5a46922ab72fb79c5ad4f4
PKHeX.Core/Resources/text/locations/gen3/text_rsefrlg_00000_es.txt,resources,extract_facts_only,high,personal/levelup/evolution/eggmove binary resources and localized text,8ad201e80244f630ab5a46922ab72fb79c5ad4f4
PKHeX.Core/Resources/text/locations/gen3/text_rsefrlg_00000_fr.txt,resources,extract_facts_only,high,personal/levelup/evolution/eggmove binary resources and localized text,8ad201e80244f630ab5a46922ab72fb79c5ad4f4
PKHeX.Core/Resources/text/locations/gen3/text_rsefrlg_00000_it.txt,resources,extract_facts_only,high,personal/levelup/evolution/eggmove binary resources and localized text,8ad201e80244f630ab5a46922ab72fb79c5ad4f4
PKHeX.Core/Resources/text/locations/gen3/text_rsefrlg_00000_ja.txt,resources,extract_facts_only,high,personal/levelup/evolution/eggmove binary resources and localized text,8ad201e80244f630ab5a46922ab72fb79c5ad4f4
PKHeX.Core/Resources/text/locations/gen3/text_rsefrlg_00000_ko.txt,resources,extract_facts_only,high,personal/levelup/evolution/eggmove binary resources and localized text,8ad201e80244f630ab5a46922ab72fb79c5ad4f4
PKHeX.Core/Resources/text/locations/gen3/text_rsefrlg_00000_zh-Hans.txt,resources,extract_facts_only,high,personal/levelup/evolution/eggmove binary resources and localized text,8ad201e80244f630ab5a46922ab72fb79c5ad4f4
PKHeX.Core/Resources/text/locations/gen3/text_rsefrlg_00000_zh-Hant.txt,resources,extract_facts_only,high,personal/levelup/evolution/eggmove binary resources and localized text,8ad201e80244f630ab5a46922ab72fb79c5ad4f4
PKHeX.Core/Resources/text/locations/gen4/text_hgss_00000_de.txt,resources,extract_facts_only,high,personal/levelup/evolution/eggmove binary resources and localized text,8ad201e80244f630ab5a46922ab72fb79c5ad4f4
PKHeX.Core/Resources/text/locations/gen4/text_hgss_00000_en.txt,resources,extract_facts_only,high,personal/levelup/evolution/eggmove binary resources and localized text,8ad201e80244f630ab5a46922ab72fb79c5ad4f4
PKHeX.Core/Resources/text/locations/gen4/text_hgss_00000_es-419.txt,resources,extract_facts_only,high,personal/levelup/evolution/eggmove binary resources and localized text,8ad201e80244f630ab5a46922ab72fb79c5ad4f4
PKHeX.Core/Resources/text/locations/gen4/text_hgss_00000_es.txt,resources,extract_facts_only,high,personal/levelup/evolution/eggmove binary resources and localized text,8ad201e80244f630ab5a46922ab72fb79c5ad4f4
PKHeX.Core/Resources/text/locations/gen4/text_hgss_00000_fr.txt,resources,extract_facts_only,high,personal/levelup/evolution/eggmove binary resources and localized text,8ad201e80244f630ab5a46922ab72fb79c5ad4f4
PKHeX.Core/Resources/text/locations/gen4/text_hgss_00000_it.txt,resources,extract_facts_only,high,personal/levelup/evolution/eggmove binary resources and localized text,8ad201e80244f630ab5a46922ab72fb79c5ad4f4
PKHeX.Core/Resources/text/locations/gen4/text_hgss_00000_ja.txt,resources,extract_facts_only,high,personal/levelup/evolution/eggmove binary resources and localized text,8ad201e80244f630ab5a46922ab72fb79c5ad4f4
PKHeX.Core/Resources/text/locations/gen4/text_hgss_00000_ko.txt,resources,extract_facts_only,high,personal/levelup/evolution/eggmove binary resources and localized text,8ad201e80244f630ab5a46922ab72fb79c5ad4f4
PKHeX.Core/Resources/text/locations/gen4/text_hgss_00000_zh-Hans.txt,resources,extract_facts_only,high,personal/levelup/evolution/eggmove binary resources and localized text,8ad201e80244f630ab5a46922ab72fb79c5ad4f4
PKHeX.Core/Resources/text/locations/gen4/text_hgss_00000_zh-Hant.txt,resources,extract_facts_only,high,personal/levelup/evolution/eggmove binary resources and localized text,8ad201e80244f630ab5a46922ab72fb79c5ad4f4
PKHeX.Core/Resources/text/locations/gen4/text_hgss_02000_de.txt,resources,extract_facts_only,high,personal/levelup/evolution/eggmove binary resources and localized text,8ad201e80244f630ab5a46922ab72fb79c5ad4f4
PKHeX.Core/Resources/text/locations/gen4/text_hgss_02000_en.txt,resources,extract_facts_only,high,personal/levelup/evolution/eggmove binary resources and localized text,8ad201e80244f630ab5a46922ab72fb79c5ad4f4
PKHeX.Core/Resources/text/locations/gen4/text_hgss_02000_es-419.txt,resources,extract_facts_only,high,personal/levelup/evolution/eggmove binary resources and localized text,8ad201e80244f630ab5a46922ab72fb79c5ad4f4
PKHeX.Core/Resources/text/locations/gen4/text_hgss_02000_es.txt,resources,extract_facts_only,high,personal/levelup/evolution/eggmove binary resources and localized text,8ad201e80244f630ab5a46922ab72fb79c5ad4f4
PKHeX.Core/Resources/text/locations/gen4/text_hgss_02000_fr.txt,resources,extract_facts_only,high,personal/levelup/evolution/eggmove binary resources and localized text,8ad201e80244f630ab5a46922ab72fb79c5ad4f4
PKHeX.Core/Resources/text/locations/gen4/text_hgss_02000_it.txt,resources,extract_facts_only,high,personal/levelup/evolution/eggmove binary resources and localized text,8ad201e80244f630ab5a46922ab72fb79c5ad4f4
PKHeX.Core/Resources/text/locations/gen4/text_hgss_02000_ja.txt,resources,extract_facts_only,high,personal/levelup/evolution/eggmove binary resources and localized text,8ad201e80244f630ab5a46922ab72fb79c5ad4f4
PKHeX.Core/Resources/text/locations/gen4/text_hgss_02000_ko.txt,resources,extract_facts_only,high,personal/levelup/evolution/eggmove binary resources and localized text,8ad201e80244f630ab5a46922ab72fb79c5ad4f4
PKHeX.Core/Resources/text/locations/gen4/text_hgss_02000_zh-Hans.txt,resources,extract_facts_only,high,personal/levelup/evolution/eggmove binary resources and localized text,8ad201e80244f630ab5a46922ab72fb79c5ad4f4
PKHeX.Core/Resources/text/locations/gen4/text_hgss_02000_zh-Hant.txt,resources,extract_facts_only,high,personal/levelup/evolution/eggmove binary resources and localized text,8ad201e80244f630ab5a46922ab72fb79c5ad4f4
PKHeX.Core/Resources/text/locations/gen4/text_hgss_03000_de.txt,resources,extract_facts_only,high,personal/levelup/evolution/eggmove binary resources and localized text,8ad201e80244f630ab5a46922ab72fb79c5ad4f4
PKHeX.Core/Resources/text/locations/gen4/text_hgss_03000_en.txt,resources,extract_facts_only,high,personal/levelup/evolution/eggmove binary resources and localized text,8ad201e80244f630ab5a46922ab72fb79c5ad4f4
PKHeX.Core/Resources/text/locations/gen4/text_hgss_03000_es-419.txt,resources,extract_facts_only,high,personal/levelup/evolution/eggmove binary resources and localized text,8ad201e80244f630ab5a46922ab72fb79c5ad4f4
PKHeX.Core/Resources/text/locations/gen4/text_hgss_03000_es.txt,resources,extract_facts_only,high,personal/levelup/evolution/eggmove binary resources and localized text,8ad201e80244f630ab5a46922ab72fb79c5ad4f4
PKHeX.Core/Resources/text/locations/gen4/text_hgss_03000_fr.txt,resources,extract_facts_only,high,personal/levelup/evolution/eggmove binary resources and localized text,8ad201e80244f630ab5a46922ab72fb79c5ad4f4
PKHeX.Core/Resources/text/locations/gen4/text_hgss_03000_it.txt,resources,extract_facts_only,high,personal/levelup/evolution/eggmove binary resources and localized text,8ad201e80244f630ab5a46922ab72fb79c5ad4f4
PKHeX.Core/Resources/text/locations/gen4/text_hgss_03000_ja.txt,resources,extract_facts_only,high,personal/levelup/evolution/eggmove binary resources and localized text,8ad201e80244f630ab5a46922ab72fb79c5ad4f4
PKHeX.Core/Resources/text/locations/gen4/text_hgss_03000_ko.txt,resources,extract_facts_only,high,personal/levelup/evolution/eggmove binary resources and localized text,8ad201e80244f630ab5a46922ab72fb79c5ad4f4
PKHeX.Core/Resources/text/locations/gen4/text_hgss_03000_zh-Hans.txt,resources,extract_facts_only,high,personal/levelup/evolution/eggmove binary resources and localized text,8ad201e80244f630ab5a46922ab72fb79c5ad4f4
PKHeX.Core/Resources/text/locations/gen4/text_hgss_03000_zh-Hant.txt,resources,extract_facts_only,high,personal/levelup/evolution/eggmove binary resources and localized text,8ad201e80244f630ab5a46922ab72fb79c5ad4f4
PKHeX.Core/Resources/text/locations/gen5/text_bw2_00000_de.txt,resources,extract_facts_only,high,personal/levelup/evolution/eggmove binary resources and localized text,8ad201e80244f630ab5a46922ab72fb79c5ad4f4
PKHeX.Core/Resources/text/locations/gen5/text_bw2_00000_en.txt,resources,extract_facts_only,high,personal/levelup/evolution/eggmove binary resources and localized text,8ad201e80244f630ab5a46922ab72fb79c5ad4f4
PKHeX.Core/Resources/text/locations/gen5/text_bw2_00000_es-419.txt,resources,extract_facts_only,high,personal/levelup/evolution/eggmove binary resources and localized text,8ad201e80244f630ab5a46922ab72fb79c5ad4f4
PKHeX.Core/Resources/text/locations/gen5/text_bw2_00000_es.txt,resources,extract_facts_only,high,personal/levelup/evolution/eggmove binary resources and localized text,8ad201e80244f630ab5a46922ab72fb79c5ad4f4
PKHeX.Core/Resources/text/locations/gen5/text_bw2_00000_fr.txt,resources,extract_facts_only,high,personal/levelup/evolution/eggmove binary resources and localized text,8ad201e80244f630ab5a46922ab72fb79c5ad4f4
PKHeX.Core/Resources/text/locations/gen5/text_bw2_00000_it.txt,resources,extract_facts_only,high,personal/levelup/evolution/eggmove binary resources and localized text,8ad201e80244f630ab5a46922ab72fb79c5ad4f4
PKHeX.Core/Resources/text/locations/gen5/text_bw2_00000_ja.txt,resources,extract_facts_only,high,personal/levelup/evolution/eggmove binary resources and localized text,8ad201e80244f630ab5a46922ab72fb79c5ad4f4
PKHeX.Core/Resources/text/locations/gen5/text_bw2_00000_ko.txt,resources,extract_facts_only,high,personal/levelup/evolution/eggmove binary resources and localized text,8ad201e80244f630ab5a46922ab72fb79c5ad4f4
PKHeX.Core/Resources/text/locations/gen5/text_bw2_00000_zh-Hans.txt,resources,extract_facts_only,high,personal/levelup/evolution/eggmove binary resources and localized text,8ad201e80244f630ab5a46922ab72fb79c5ad4f4
PKHeX.Core/Resources/text/locations/gen5/text_bw2_00000_zh-Hant.txt,resources,extract_facts_only,high,personal/levelup/evolution/eggmove binary resources and localized text,8ad201e80244f630ab5a46922ab72fb79c5ad4f4
PKHeX.Core/Resources/text/locations/gen5/text_bw2_30000_de.txt,resources,extract_facts_only,high,personal/levelup/evolution/eggmove binary resources and localized text,8ad201e80244f630ab5a46922ab72fb79c5ad4f4
PKHeX.Core/Resources/text/locations/gen5/text_bw2_30000_en.txt,resources,extract_facts_only,high,personal/levelup/evolution/eggmove binary resources and localized text,8ad201e80244f630ab5a46922ab72fb79c5ad4f4
PKHeX.Core/Resources/text/locations/gen5/text_bw2_30000_es-419.txt,resources,extract_facts_only,high,personal/levelup/evolution/eggmove binary resources and localized text,8ad201e80244f630ab5a46922ab72fb79c5ad4f4
PKHeX.Core/Resources/text/locations/gen5/text_bw2_30000_es.txt,resources,extract_facts_only,high,personal/levelup/evolution/eggmove binary resources and localized text,8ad201e80244f630ab5a46922ab72fb79c5ad4f4
PKHeX.Core/Resources/text/locations/gen5/text_bw2_30000_fr.txt,resources,extract_facts_only,high,personal/levelup/evolution/eggmove binary resources and localized text,8ad201e80244f630ab5a46922ab72fb79c5ad4f4
PKHeX.Core/Resources/text/locations/gen5/text_bw2_30000_it.txt,resources,extract_facts_only,high,personal/levelup/evolution/eggmove binary resources and localized text,8ad201e80244f630ab5a46922ab72fb79c5ad4f4
PKHeX.Core/Resources/text/locations/gen5/text_bw2_30000_ja.txt,resources,extract_facts_only,high,personal/levelup/evolution/eggmove binary resources and localized text,8ad201e80244f630ab5a46922ab72fb79c5ad4f4
PKHeX.Core/Resources/text/locations/gen5/text_bw2_30000_ko.txt,resources,extract_facts_only,high,personal/levelup/evolution/eggmove binary resources and localized text,8ad201e80244f630ab5a46922ab72fb79c5ad4f4
PKHeX.Core/Resources/text/locations/gen5/text_bw2_30000_zh-Hans.txt,resources,extract_facts_only,high,personal/levelup/evolution/eggmove binary resources and localized text,8ad201e80244f630ab5a46922ab72fb79c5ad4f4
PKHeX.Core/Resources/text/locations/gen5/text_bw2_30000_zh-Hant.txt,resources,extract_facts_only,high,personal/levelup/evolution/eggmove binary resources and localized text,8ad201e80244f630ab5a46922ab72fb79c5ad4f4
PKHeX.Core/Resources/text/locations/gen5/text_bw2_40000_de.txt,resources,extract_facts_only,high,personal/levelup/evolution/eggmove binary resources and localized text,8ad201e80244f630ab5a46922ab72fb79c5ad4f4
PKHeX.Core/Resources/text/locations/gen5/text_bw2_40000_en.txt,resources,extract_facts_only,high,personal/levelup/evolution/eggmove binary resources and localized text,8ad201e80244f630ab5a46922ab72fb79c5ad4f4
PKHeX.Core/Resources/text/locations/gen5/text_bw2_40000_es-419.txt,resources,extract_facts_only,high,personal/levelup/evolution/eggmove binary resources and localized text,8ad201e80244f630ab5a46922ab72fb79c5ad4f4
PKHeX.Core/Resources/text/locations/gen5/text_bw2_40000_es.txt,resources,extract_facts_only,high,personal/levelup/evolution/eggmove binary resources and localized text,8ad201e80244f630ab5a46922ab72fb79c5ad4f4
PKHeX.Core/Resources/text/locations/gen5/text_bw2_40000_fr.txt,resources,extract_facts_only,high,personal/levelup/evolution/eggmove binary resources and localized text,8ad201e80244f630ab5a46922ab72fb79c5ad4f4
PKHeX.Core/Resources/text/locations/gen5/text_bw2_40000_it.txt,resources,extract_facts_only,high,personal/levelup/evolution/eggmove binary resources and localized text,8ad201e80244f630ab5a46922ab72fb79c5ad4f4
PKHeX.Core/Resources/text/locations/gen5/text_bw2_40000_ja.txt,resources,extract_facts_only,high,personal/levelup/evolution/eggmove binary resources and localized text,8ad201e80244f630ab5a46922ab72fb79c5ad4f4
PKHeX.Core/Resources/text/locations/gen5/text_bw2_40000_ko.txt,resources,extract_facts_only,high,personal/levelup/evolution/eggmove binary resources and localized text,8ad201e80244f630ab5a46922ab72fb79c5ad4f4
PKHeX.Core/Resources/text/locations/gen5/text_bw2_40000_zh-Hans.txt,resources,extract_facts_only,high,personal/levelup/evolution/eggmove binary resources and localized text,8ad201e80244f630ab5a46922ab72fb79c5ad4f4
PKHeX.Core/Resources/text/locations/gen5/text_bw2_40000_zh-Hant.txt,resources,extract_facts_only,high,personal/levelup/evolution/eggmove binary resources and localized text,8ad201e80244f630ab5a46922ab72fb79c5ad4f4
PKHeX.Core/Resources/text/locations/gen5/text_bw2_60000_de.txt,resources,extract_facts_only,high,personal/levelup/evolution/eggmove binary resources and localized text,8ad201e80244f630ab5a46922ab72fb79c5ad4f4
PKHeX.Core/Resources/text/locations/gen5/text_bw2_60000_en.txt,resources,extract_facts_only,high,personal/levelup/evolution/eggmove binary resources and localized text,8ad201e80244f630ab5a46922ab72fb79c5ad4f4
PKHeX.Core/Resources/text/locations/gen5/text_bw2_60000_es-419.txt,resources,extract_facts_only,high,personal/levelup/evolution/eggmove binary resources and localized text,8ad201e80244f630ab5a46922ab72fb79c5ad4f4
PKHeX.Core/Resources/text/locations/gen5/text_bw2_60000_es.txt,resources,extract_facts_only,high,personal/levelup/evolution/eggmove binary resources and localized text,8ad201e80244f630ab5a46922ab72fb79c5ad4f4
PKHeX.Core/Resources/text/locations/gen5/text_bw2_60000_fr.txt,resources,extract_facts_only,high,personal/levelup/evolution/eggmove binary resources and localized text,8ad201e80244f630ab5a46922ab72fb79c5ad4f4
PKHeX.Core/Resources/text/locations/gen5/text_bw2_60000_it.txt,resources,extract_facts_only,high,personal/levelup/evolution/eggmove binary resources and localized text,8ad201e80244f630ab5a46922ab72fb79c5ad4f4
PKHeX.Core/Resources/text/locations/gen5/text_bw2_60000_ja.txt,resources,extract_facts_only,high,personal/levelup/evolution/eggmove binary resources and localized text,8ad201e80244f630ab5a46922ab72fb79c5ad4f4
PKHeX.Core/Resources/text/locations/gen5/text_bw2_60000_ko.txt,resources,extract_facts_only,high,personal/levelup/evolution/eggmove binary resources and localized text,8ad201e80244f630ab5a46922ab72fb79c5ad4f4
PKHeX.Core/Resources/text/locations/gen5/text_bw2_60000_zh-Hans.txt,resources,extract_facts_only,high,personal/levelup/evolution/eggmove binary resources and localized text,8ad201e80244f630ab5a46922ab72fb79c5ad4f4
PKHeX.Core/Resources/text/locations/gen5/text_bw2_60000_zh-Hant.txt,resources,extract_facts_only,high,personal/levelup/evolution/eggmove binary resources and localized text,8ad201e80244f630ab5a46922ab72fb79c5ad4f4
PKHeX.Core/Resources/text/locations/gen6/text_xy_00000_de.txt,resources,extract_facts_only,high,personal/levelup/evolution/eggmove binary resources and localized text,8ad201e80244f630ab5a46922ab72fb79c5ad4f4
PKHeX.Core/Resources/text/locations/gen6/text_xy_00000_en.txt,resources,extract_facts_only,high,personal/levelup/evolution/eggmove binary resources and localized text,8ad201e80244f630ab5a46922ab72fb79c5ad4f4
PKHeX.Core/Resources/text/locations/gen6/text_xy_00000_es-419.txt,resources,extract_facts_only,high,personal/levelup/evolution/eggmove binary resources and localized text,8ad201e80244f630ab5a46922ab72fb79c5ad4f4
PKHeX.Core/Resources/text/locations/gen6/text_xy_00000_es.txt,resources,extract_facts_only,high,personal/levelup/evolution/eggmove binary resources and localized text,8ad201e80244f630ab5a46922ab72fb79c5ad4f4
PKHeX.Core/Resources/text/locations/gen6/text_xy_00000_fr.txt,resources,extract_facts_only,high,personal/levelup/evolution/eggmove binary resources and localized text,8ad201e80244f630ab5a46922ab72fb79c5ad4f4
PKHeX.Core/Resources/text/locations/gen6/text_xy_00000_it.txt,resources,extract_facts_only,high,personal/levelup/evolution/eggmove binary resources and localized text,8ad201e80244f630ab5a46922ab72fb79c5ad4f4
PKHeX.Core/Resources/text/locations/gen6/text_xy_00000_ja.txt,resources,extract_facts_only,high,personal/levelup/evolution/eggmove binary resources and localized text,8ad201e80244f630ab5a46922ab72fb79c5ad4f4
PKHeX.Core/Resources/text/locations/gen6/text_xy_00000_ko.txt,resources,extract_facts_only,high,personal/levelup/evolution/eggmove binary resources and localized text,8ad201e80244f630ab5a46922ab72fb79c5ad4f4
PKHeX.Core/Resources/text/locations/gen6/text_xy_00000_zh-Hans.txt,resources,extract_facts_only,high,personal/levelup/evolution/eggmove binary resources and localized text,8ad201e80244f630ab5a46922ab72fb79c5ad4f4
PKHeX.Core/Resources/text/locations/gen6/text_xy_00000_zh-Hant.txt,resources,extract_facts_only,high,personal/levelup/evolution/eggmove binary resources and localized text,8ad201e80244f630ab5a46922ab72fb79c5ad4f4
PKHeX.Core/Resources/text/locations/gen6/text_xy_30000_de.txt,resources,extract_facts_only,high,personal/levelup/evolution/eggmove binary resources and localized text,8ad201e80244f630ab5a46922ab72fb79c5ad4f4
PKHeX.Core/Resources/text/locations/gen6/text_xy_30000_en.txt,resources,extract_facts_only,high,personal/levelup/evolution/eggmove binary resources and localized text,8ad201e80244f630ab5a46922ab72fb79c5ad4f4
PKHeX.Core/Resources/text/locations/gen6/text_xy_30000_es-419.txt,resources,extract_facts_only,high,personal/levelup/evolution/eggmove binary resources and localized text,8ad201e80244f630ab5a46922ab72fb79c5ad4f4
PKHeX.Core/Resources/text/locations/gen6/text_xy_30000_es.txt,resources,extract_facts_only,high,personal/levelup/evolution/eggmove binary resources and localized text,8ad201e80244f630ab5a46922ab72fb79c5ad4f4
PKHeX.Core/Resources/text/locations/gen6/text_xy_30000_fr.txt,resources,extract_facts_only,high,personal/levelup/evolution/eggmove binary resources and localized text,8ad201e80244f630ab5a46922ab72fb79c5ad4f4
PKHeX.Core/Resources/text/locations/gen6/text_xy_30000_it.txt,resources,extract_facts_only,high,personal/levelup/evolution/eggmove binary resources and localized text,8ad201e80244f630ab5a46922ab72fb79c5ad4f4
PKHeX.Core/Resources/text/locations/gen6/text_xy_30000_ja.txt,resources,extract_facts_only,high,personal/levelup/evolution/eggmove binary resources and localized text,8ad201e80244f630ab5a46922ab72fb79c5ad4f4
PKHeX.Core/Resources/text/locations/gen6/text_xy_30000_ko.txt,resources,extract_facts_only,high,personal/levelup/evolution/eggmove binary resources and localized text,8ad201e80244f630ab5a46922ab72fb79c5ad4f4
PKHeX.Core/Resources/text/locations/gen6/text_xy_30000_zh-Hans.txt,resources,extract_facts_only,high,personal/levelup/evolution/eggmove binary resources and localized text,8ad201e80244f630ab5a46922ab72fb79c5ad4f4
PKHeX.Core/Resources/text/locations/gen6/text_xy_30000_zh-Hant.txt,resources,extract_facts_only,high,personal/levelup/evolution/eggmove binary resources and localized text,8ad201e80244f630ab5a46922ab72fb79c5ad4f4
PKHeX.Core/Resources/text/locations/gen6/text_xy_40000_de.txt,resources,extract_facts_only,high,personal/levelup/evolution/eggmove binary resources and localized text,8ad201e80244f630ab5a46922ab72fb79c5ad4f4
PKHeX.Core/Resources/text/locations/gen6/text_xy_40000_en.txt,resources,extract_facts_only,high,personal/levelup/evolution/eggmove binary resources and localized text,8ad201e80244f630ab5a46922ab72fb79c5ad4f4
PKHeX.Core/Resources/text/locations/gen6/text_xy_40000_es-419.txt,resources,extract_facts_only,high,personal/levelup/evolution/eggmove binary resources and localized text,8ad201e80244f630ab5a46922ab72fb79c5ad4f4
PKHeX.Core/Resources/text/locations/gen6/text_xy_40000_es.txt,resources,extract_facts_only,high,personal/levelup/evolution/eggmove binary resources and localized text,8ad201e80244f630ab5a46922ab72fb79c5ad4f4
PKHeX.Core/Resources/text/locations/gen6/text_xy_40000_fr.txt,resources,extract_facts_only,high,personal/levelup/evolution/eggmove binary resources and localized text,8ad201e80244f630ab5a46922ab72fb79c5ad4f4
PKHeX.Core/Resources/text/locations/gen6/text_xy_40000_it.txt,resources,extract_facts_only,high,personal/levelup/evolution/eggmove binary resources and localized text,8ad201e80244f630ab5a46922ab72fb79c5ad4f4
PKHeX.Core/Resources/text/locations/gen6/text_xy_40000_ja.txt,resources,extract_facts_only,high,personal/levelup/evolution/eggmove binary resources and localized text,8ad201e80244f630ab5a46922ab72fb79c5ad4f4
PKHeX.Core/Resources/text/locations/gen6/text_xy_40000_ko.txt,resources,extract_facts_only,high,personal/levelup/evolution/eggmove binary resources and localized text,8ad201e80244f630ab5a46922ab72fb79c5ad4f4
PKHeX.Core/Resources/text/locations/gen6/text_xy_40000_zh-Hans.txt,resources,extract_facts_only,high,personal/levelup/evolution/eggmove binary resources and localized text,8ad201e80244f630ab5a46922ab72fb79c5ad4f4
PKHeX.Core/Resources/text/locations/gen6/text_xy_40000_zh-Hant.txt,resources,extract_facts_only,high,personal/levelup/evolution/eggmove binary resources and localized text,8ad201e80244f630ab5a46922ab72fb79c5ad4f4
PKHeX.Core/Resources/text/locations/gen6/text_xy_60000_de.txt,resources,extract_facts_only,high,personal/levelup/evolution/eggmove binary resources and localized text,8ad201e80244f630ab5a46922ab72fb79c5ad4f4
PKHeX.Core/Resources/text/locations/gen6/text_xy_60000_en.txt,resources,extract_facts_only,high,personal/levelup/evolution/eggmove binary resources and localized text,8ad201e80244f630ab5a46922ab72fb79c5ad4f4
PKHeX.Core/Resources/text/locations/gen6/text_xy_60000_es-419.txt,resources,extract_facts_only,high,personal/levelup/evolution/eggmove binary resources and localized text,8ad201e80244f630ab5a46922ab72fb79c5ad4f4
PKHeX.Core/Resources/text/locations/gen6/text_xy_60000_es.txt,resources,extract_facts_only,high,personal/levelup/evolution/eggmove binary resources and localized text,8ad201e80244f630ab5a46922ab72fb79c5ad4f4
PKHeX.Core/Resources/text/locations/gen6/text_xy_60000_fr.txt,resources,extract_facts_only,high,personal/levelup/evolution/eggmove binary resources and localized text,8ad201e80244f630ab5a46922ab72fb79c5ad4f4
PKHeX.Core/Resources/text/locations/gen6/text_xy_60000_it.txt,resources,extract_facts_only,high,personal/levelup/evolution/eggmove binary resources and localized text,8ad201e80244f630ab5a46922ab72fb79c5ad4f4
PKHeX.Core/Resources/text/locations/gen6/text_xy_60000_ja.txt,resources,extract_facts_only,high,personal/levelup/evolution/eggmove binary resources and localized text,8ad201e80244f630ab5a46922ab72fb79c5ad4f4
PKHeX.Core/Resources/text/locations/gen6/text_xy_60000_ko.txt,resources,extract_facts_only,high,personal/levelup/evolution/eggmove binary resources and localized text,8ad201e80244f630ab5a46922ab72fb79c5ad4f4
PKHeX.Core/Resources/text/locations/gen6/text_xy_60000_zh-Hans.txt,resources,extract_facts_only,high,personal/levelup/evolution/eggmove binary resources and localized text,8ad201e80244f630ab5a46922ab72fb79c5ad4f4
PKHeX.Core/Resources/text/locations/gen6/text_xy_60000_zh-Hant.txt,resources,extract_facts_only,high,personal/levelup/evolution/eggmove binary resources and localized text,8ad201e80244f630ab5a46922ab72fb79c5ad4f4
PKHeX.Core/Resources/text/locations/gen7/text_gg_00000_de.txt,resources,extract_facts_only,high,personal/levelup/evolution/eggmove binary resources and localized text,8ad201e80244f630ab5a46922ab72fb79c5ad4f4
PKHeX.Core/Resources/text/locations/gen7/text_gg_00000_en.txt,resources,extract_facts_only,high,personal/levelup/evolution/eggmove binary resources and localized text,8ad201e80244f630ab5a46922ab72fb79c5ad4f4
PKHeX.Core/Resources/text/locations/gen7/text_gg_00000_es-419.txt,resources,extract_facts_only,high,personal/levelup/evolution/eggmove binary resources and localized text,8ad201e80244f630ab5a46922ab72fb79c5ad4f4
PKHeX.Core/Resources/text/locations/gen7/text_gg_00000_es.txt,resources,extract_facts_only,high,personal/levelup/evolution/eggmove binary resources and localized text,8ad201e80244f630ab5a46922ab72fb79c5ad4f4
PKHeX.Core/Resources/text/locations/gen7/text_gg_00000_fr.txt,resources,extract_facts_only,high,personal/levelup/evolution/eggmove binary resources and localized text,8ad201e80244f630ab5a46922ab72fb79c5ad4f4
PKHeX.Core/Resources/text/locations/gen7/text_gg_00000_it.txt,resources,extract_facts_only,high,personal/levelup/evolution/eggmove binary resources and localized text,8ad201e80244f630ab5a46922ab72fb79c5ad4f4
PKHeX.Core/Resources/text/locations/gen7/text_gg_00000_ja.txt,resources,extract_facts_only,high,personal/levelup/evolution/eggmove binary resources and localized text,8ad201e80244f630ab5a46922ab72fb79c5ad4f4
PKHeX.Core/Resources/text/locations/gen7/text_gg_00000_ko.txt,resources,extract_facts_only,high,personal/levelup/evolution/eggmove binary resources and localized text,8ad201e80244f630ab5a46922ab72fb79c5ad4f4
PKHeX.Core/Resources/text/locations/gen7/text_gg_00000_zh-Hans.txt,resources,extract_facts_only,high,personal/levelup/evolution/eggmove binary resources and localized text,8ad201e80244f630ab5a46922ab72fb79c5ad4f4
PKHeX.Core/Resources/text/locations/gen7/text_gg_00000_zh-Hant.txt,resources,extract_facts_only,high,personal/levelup/evolution/eggmove binary resources and localized text,8ad201e80244f630ab5a46922ab72fb79c5ad4f4
PKHeX.Core/Resources/text/locations/gen7/text_gg_40000_de.txt,resources,extract_facts_only,high,personal/levelup/evolution/eggmove binary resources and localized text,8ad201e80244f630ab5a46922ab72fb79c5ad4f4
PKHeX.Core/Resources/text/locations/gen7/text_gg_40000_en.txt,resources,extract_facts_only,high,personal/levelup/evolution/eggmove binary resources and localized text,8ad201e80244f630ab5a46922ab72fb79c5ad4f4
PKHeX.Core/Resources/text/locations/gen7/text_gg_40000_es-419.txt,resources,extract_facts_only,high,personal/levelup/evolution/eggmove binary resources and localized text,8ad201e80244f630ab5a46922ab72fb79c5ad4f4
PKHeX.Core/Resources/text/locations/gen7/text_gg_40000_es.txt,resources,extract_facts_only,high,personal/levelup/evolution/eggmove binary resources and localized text,8ad201e80244f630ab5a46922ab72fb79c5ad4f4
PKHeX.Core/Resources/text/locations/gen7/text_gg_40000_fr.txt,resources,extract_facts_only,high,personal/levelup/evolution/eggmove binary resources and localized text,8ad201e80244f630ab5a46922ab72fb79c5ad4f4
PKHeX.Core/Resources/text/locations/gen7/text_gg_40000_it.txt,resources,extract_facts_only,high,personal/levelup/evolution/eggmove binary resources and localized text,8ad201e80244f630ab5a46922ab72fb79c5ad4f4
PKHeX.Core/Resources/text/locations/gen7/text_gg_40000_ja.txt,resources,extract_facts_only,high,personal/levelup/evolution/eggmove binary resources and localized text,8ad201e80244f630ab5a46922ab72fb79c5ad4f4
PKHeX.Core/Resources/text/locations/gen7/text_gg_40000_ko.txt,resources,extract_facts_only,high,personal/levelup/evolution/eggmove binary resources and localized text,8ad201e80244f630ab5a46922ab72fb79c5ad4f4
PKHeX.Core/Resources/text/locations/gen7/text_gg_40000_zh-Hans.txt,resources,extract_facts_only,high,personal/levelup/evolution/eggmove binary resources and localized text,8ad201e80244f630ab5a46922ab72fb79c5ad4f4
PKHeX.Core/Resources/text/locations/gen7/text_gg_40000_zh-Hant.txt,resources,extract_facts_only,high,personal/levelup/evolution/eggmove binary resources and localized text,8ad201e80244f630ab5a46922ab72fb79c5ad4f4
PKHeX.Core/Resources/text/locations/gen7/text_sm_00000_de.txt,resources,extract_facts_only,high,personal/levelup/evolution/eggmove binary resources and localized text,8ad201e80244f630ab5a46922ab72fb79c5ad4f4
PKHeX.Core/Resources/text/locations/gen7/text_sm_00000_en.txt,resources,extract_facts_only,high,personal/levelup/evolution/eggmove binary resources and localized text,8ad201e80244f630ab5a46922ab72fb79c5ad4f4
PKHeX.Core/Resources/text/locations/gen7/text_sm_00000_es-419.txt,resources,extract_facts_only,high,personal/levelup/evolution/eggmove binary resources and localized text,8ad201e80244f630ab5a46922ab72fb79c5ad4f4
PKHeX.Core/Resources/text/locations/gen7/text_sm_00000_es.txt,resources,extract_facts_only,high,personal/levelup/evolution/eggmove binary resources and localized text,8ad201e80244f630ab5a46922ab72fb79c5ad4f4
PKHeX.Core/Resources/text/locations/gen7/text_sm_00000_fr.txt,resources,extract_facts_only,high,personal/levelup/evolution/eggmove binary resources and localized text,8ad201e80244f630ab5a46922ab72fb79c5ad4f4
PKHeX.Core/Resources/text/locations/gen7/text_sm_00000_it.txt,resources,extract_facts_only,high,personal/levelup/evolution/eggmove binary resources and localized text,8ad201e80244f630ab5a46922ab72fb79c5ad4f4
PKHeX.Core/Resources/text/locations/gen7/text_sm_00000_ja.txt,resources,extract_facts_only,high,personal/levelup/evolution/eggmove binary resources and localized text,8ad201e80244f630ab5a46922ab72fb79c5ad4f4
PKHeX.Core/Resources/text/locations/gen7/text_sm_00000_ko.txt,resources,extract_facts_only,high,personal/levelup/evolution/eggmove binary resources and localized text,8ad201e80244f630ab5a46922ab72fb79c5ad4f4
PKHeX.Core/Resources/text/locations/gen7/text_sm_00000_zh-Hans.txt,resources,extract_facts_only,high,personal/levelup/evolution/eggmove binary resources and localized text,8ad201e80244f630ab5a46922ab72fb79c5ad4f4
PKHeX.Core/Resources/text/locations/gen7/text_sm_00000_zh-Hant.txt,resources,extract_facts_only,high,personal/levelup/evolution/eggmove binary resources and localized text,8ad201e80244f630ab5a46922ab72fb79c5ad4f4
PKHeX.Core/Resources/text/locations/gen7/text_sm_30000_de.txt,resources,extract_facts_only,high,personal/levelup/evolution/eggmove binary resources and localized text,8ad201e80244f630ab5a46922ab72fb79c5ad4f4
PKHeX.Core/Resources/text/locations/gen7/text_sm_30000_en.txt,resources,extract_facts_only,high,personal/levelup/evolution/eggmove binary resources and localized text,8ad201e80244f630ab5a46922ab72fb79c5ad4f4
PKHeX.Core/Resources/text/locations/gen7/text_sm_30000_es-419.txt,resources,extract_facts_only,high,personal/levelup/evolution/eggmove binary resources and localized text,8ad201e80244f630ab5a46922ab72fb79c5ad4f4
PKHeX.Core/Resources/text/locations/gen7/text_sm_30000_es.txt,resources,extract_facts_only,high,personal/levelup/evolution/eggmove binary resources and localized text,8ad201e80244f630ab5a46922ab72fb79c5ad4f4
PKHeX.Core/Resources/text/locations/gen7/text_sm_30000_fr.txt,resources,extract_facts_only,high,personal/levelup/evolution/eggmove binary resources and localized text,8ad201e80244f630ab5a46922ab72fb79c5ad4f4
PKHeX.Core/Resources/text/locations/gen7/text_sm_30000_it.txt,resources,extract_facts_only,high,personal/levelup/evolution/eggmove binary resources and localized text,8ad201e80244f630ab5a46922ab72fb79c5ad4f4
PKHeX.Core/Resources/text/locations/gen7/text_sm_30000_ja.txt,resources,extract_facts_only,high,personal/levelup/evolution/eggmove binary resources and localized text,8ad201e80244f630ab5a46922ab72fb79c5ad4f4
PKHeX.Core/Resources/text/locations/gen7/text_sm_30000_ko.txt,resources,extract_facts_only,high,personal/levelup/evolution/eggmove binary resources and localized text,8ad201e80244f630ab5a46922ab72fb79c5ad4f4
PKHeX.Core/Resources/text/locations/gen7/text_sm_30000_zh-Hans.txt,resources,extract_facts_only,high,personal/levelup/evolution/eggmove binary resources and localized text,8ad201e80244f630ab5a46922ab72fb79c5ad4f4
PKHeX.Core/Resources/text/locations/gen7/text_sm_30000_zh-Hant.txt,resources,extract_facts_only,high,personal/levelup/evolution/eggmove binary resources and localized text,8ad201e80244f630ab5a46922ab72fb79c5ad4f4
PKHeX.Core/Resources/text/locations/gen7/text_sm_40000_de.txt,resources,extract_facts_only,high,personal/levelup/evolution/eggmove binary resources and localized text,8ad201e80244f630ab5a46922ab72fb79c5ad4f4
PKHeX.Core/Resources/text/locations/gen7/text_sm_40000_en.txt,resources,extract_facts_only,high,personal/levelup/evolution/eggmove binary resources and localized text,8ad201e80244f630ab5a46922ab72fb79c5ad4f4
PKHeX.Core/Resources/text/locations/gen7/text_sm_40000_es-419.txt,resources,extract_facts_only,high,personal/levelup/evolution/eggmove binary resources and localized text,8ad201e80244f630ab5a46922ab72fb79c5ad4f4
PKHeX.Core/Resources/text/locations/gen7/text_sm_40000_es.txt,resources,extract_facts_only,high,personal/levelup/evolution/eggmove binary resources and localized text,8ad201e80244f630ab5a46922ab72fb79c5ad4f4
PKHeX.Core/Resources/text/locations/gen7/text_sm_40000_fr.txt,resources,extract_facts_only,high,personal/levelup/evolution/eggmove binary resources and localized text,8ad201e80244f630ab5a46922ab72fb79c5ad4f4
PKHeX.Core/Resources/text/locations/gen7/text_sm_40000_it.txt,resources,extract_facts_only,high,personal/levelup/evolution/eggmove binary resources and localized text,8ad201e80244f630ab5a46922ab72fb79c5ad4f4
PKHeX.Core/Resources/text/locations/gen7/text_sm_40000_ja.txt,resources,extract_facts_only,high,personal/levelup/evolution/eggmove binary resources and localized text,8ad201e80244f630ab5a46922ab72fb79c5ad4f4
PKHeX.Core/Resources/text/locations/gen7/text_sm_40000_ko.txt,resources,extract_facts_only,high,personal/levelup/evolution/eggmove binary resources and localized text,8ad201e80244f630ab5a46922ab72fb79c5ad4f4
PKHeX.Core/Resources/text/locations/gen7/text_sm_40000_zh-Hans.txt,resources,extract_facts_only,high,personal/levelup/evolution/eggmove binary resources and localized text,8ad201e80244f630ab5a46922ab72fb79c5ad4f4
PKHeX.Core/Resources/text/locations/gen7/text_sm_40000_zh-Hant.txt,resources,extract_facts_only,high,personal/levelup/evolution/eggmove binary resources and localized text,8ad201e80244f630ab5a46922ab72fb79c5ad4f4
PKHeX.Core/Resources/text/locations/gen7/text_sm_60000_de.txt,resources,extract_facts_only,high,personal/levelup/evolution/eggmove binary resources and localized text,8ad201e80244f630ab5a46922ab72fb79c5ad4f4
PKHeX.Core/Resources/text/locations/gen7/text_sm_60000_en.txt,resources,extract_facts_only,high,personal/levelup/evolution/eggmove binary resources and localized text,8ad201e80244f630ab5a46922ab72fb79c5ad4f4
PKHeX.Core/Resources/text/locations/gen7/text_sm_60000_es-419.txt,resources,extract_facts_only,high,personal/levelup/evolution/eggmove binary resources and localized text,8ad201e80244f630ab5a46922ab72fb79c5ad4f4
PKHeX.Core/Resources/text/locations/gen7/text_sm_60000_es.txt,resources,extract_facts_only,high,personal/levelup/evolution/eggmove binary resources and localized text,8ad201e80244f630ab5a46922ab72fb79c5ad4f4
PKHeX.Core/Resources/text/locations/gen7/text_sm_60000_fr.txt,resources,extract_facts_only,high,personal/levelup/evolution/eggmove binary resources and localized text,8ad201e80244f630ab5a46922ab72fb79c5ad4f4
PKHeX.Core/Resources/text/locations/gen7/text_sm_60000_it.txt,resources,extract_facts_only,high,personal/levelup/evolution/eggmove binary resources and localized text,8ad201e80244f630ab5a46922ab72fb79c5ad4f4
PKHeX.Core/Resources/text/locations/gen7/text_sm_60000_ja.txt,resources,extract_facts_only,high,personal/levelup/evolution/eggmove binary resources and localized text,8ad201e80244f630ab5a46922ab72fb79c5ad4f4
PKHeX.Core/Resources/text/locations/gen7/text_sm_60000_ko.txt,resources,extract_facts_only,high,personal/levelup/evolution/eggmove binary resources and localized text,8ad201e80244f630ab5a46922ab72fb79c5ad4f4
PKHeX.Core/Resources/text/locations/gen7/text_sm_60000_zh-Hans.txt,resources,extract_facts_only,high,personal/levelup/evolution/eggmove binary resources and localized text,8ad201e80244f630ab5a46922ab72fb79c5ad4f4
PKHeX.Core/Resources/text/locations/gen7/text_sm_60000_zh-Hant.txt,resources,extract_facts_only,high,personal/levelup/evolution/eggmove binary resources and localized text,8ad201e80244f630ab5a46922ab72fb79c5ad4f4
PKHeX.Core/Resources/text/locations/gen8/text_swsh_00000_de.txt,resources,extract_facts_only,high,personal/levelup/evolution/eggmove binary resources and localized text,8ad201e80244f630ab5a46922ab72fb79c5ad4f4
PKHeX.Core/Resources/text/locations/gen8/text_swsh_00000_en.txt,resources,extract_facts_only,high,personal/levelup/evolution/eggmove binary resources and localized text,8ad201e80244f630ab5a46922ab72fb79c5ad4f4
PKHeX.Core/Resources/text/locations/gen8/text_swsh_00000_es-419.txt,resources,extract_facts_only,high,personal/levelup/evolution/eggmove binary resources and localized text,8ad201e80244f630ab5a46922ab72fb79c5ad4f4
PKHeX.Core/Resources/text/locations/gen8/text_swsh_00000_es.txt,resources,extract_facts_only,high,personal/levelup/evolution/eggmove binary resources and localized text,8ad201e80244f630ab5a46922ab72fb79c5ad4f4
PKHeX.Core/Resources/text/locations/gen8/text_swsh_00000_fr.txt,resources,extract_facts_only,high,personal/levelup/evolution/eggmove binary resources and localized text,8ad201e80244f630ab5a46922ab72fb79c5ad4f4
PKHeX.Core/Resources/text/locations/gen8/text_swsh_00000_it.txt,resources,extract_facts_only,high,personal/levelup/evolution/eggmove binary resources and localized text,8ad201e80244f630ab5a46922ab72fb79c5ad4f4
PKHeX.Core/Resources/text/locations/gen8/text_swsh_00000_ja.txt,resources,extract_facts_only,high,personal/levelup/evolution/eggmove binary resources and localized text,8ad201e80244f630ab5a46922ab72fb79c5ad4f4
PKHeX.Core/Resources/text/locations/gen8/text_swsh_00000_ko.txt,resources,extract_facts_only,high,personal/levelup/evolution/eggmove binary resources and localized text,8ad201e80244f630ab5a46922ab72fb79c5ad4f4
PKHeX.Core/Resources/text/locations/gen8/text_swsh_00000_zh-Hans.txt,resources,extract_facts_only,high,personal/levelup/evolution/eggmove binary resources and localized text,8ad201e80244f630ab5a46922ab72fb79c5ad4f4
PKHeX.Core/Resources/text/locations/gen8/text_swsh_00000_zh-Hant.txt,resources,extract_facts_only,high,personal/levelup/evolution/eggmove binary resources and localized text,8ad201e80244f630ab5a46922ab72fb79c5ad4f4
PKHeX.Core/Resources/text/locations/gen8/text_swsh_30000_de.txt,resources,extract_facts_only,high,personal/levelup/evolution/eggmove binary resources and localized text,8ad201e80244f630ab5a46922ab72fb79c5ad4f4
PKHeX.Core/Resources/text/locations/gen8/text_swsh_30000_en.txt,resources,extract_facts_only,high,personal/levelup/evolution/eggmove binary resources and localized text,8ad201e80244f630ab5a46922ab72fb79c5ad4f4
PKHeX.Core/Resources/text/locations/gen8/text_swsh_30000_es-419.txt,resources,extract_facts_only,high,personal/levelup/evolution/eggmove binary resources and localized text,8ad201e80244f630ab5a46922ab72fb79c5ad4f4
PKHeX.Core/Resources/text/locations/gen8/text_swsh_30000_es.txt,resources,extract_facts_only,high,personal/levelup/evolution/eggmove binary resources and localized text,8ad201e80244f630ab5a46922ab72fb79c5ad4f4
PKHeX.Core/Resources/text/locations/gen8/text_swsh_30000_fr.txt,resources,extract_facts_only,high,personal/levelup/evolution/eggmove binary resources and localized text,8ad201e80244f630ab5a46922ab72fb79c5ad4f4
PKHeX.Core/Resources/text/locations/gen8/text_swsh_30000_it.txt,resources,extract_facts_only,high,personal/levelup/evolution/eggmove binary resources and localized text,8ad201e80244f630ab5a46922ab72fb79c5ad4f4
PKHeX.Core/Resources/text/locations/gen8/text_swsh_30000_ja.txt,resources,extract_facts_only,high,personal/levelup/evolution/eggmove binary resources and localized text,8ad201e80244f630ab5a46922ab72fb79c5ad4f4
PKHeX.Core/Resources/text/locations/gen8/text_swsh_30000_ko.txt,resources,extract_facts_only,high,personal/levelup/evolution/eggmove binary resources and localized text,8ad201e80244f630ab5a46922ab72fb79c5ad4f4
PKHeX.Core/Resources/text/locations/gen8/text_swsh_30000_zh-Hans.txt,resources,extract_facts_only,high,personal/levelup/evolution/eggmove binary resources and localized text,8ad201e80244f630ab5a46922ab72fb79c5ad4f4
PKHeX.Core/Resources/text/locations/gen8/text_swsh_30000_zh-Hant.txt,resources,extract_facts_only,high,personal/levelup/evolution/eggmove binary resources and localized text,8ad201e80244f630ab5a46922ab72fb79c5ad4f4
PKHeX.Core/Resources/text/locations/gen8/text_swsh_40000_de.txt,resources,extract_facts_only,high,personal/levelup/evolution/eggmove binary resources and localized text,8ad201e80244f630ab5a46922ab72fb79c5ad4f4
PKHeX.Core/Resources/text/locations/gen8/text_swsh_40000_en.txt,resources,extract_facts_only,high,personal/levelup/evolution/eggmove binary resources and localized text,8ad201e80244f630ab5a46922ab72fb79c5ad4f4
PKHeX.Core/Resources/text/locations/gen8/text_swsh_40000_es-419.txt,resources,extract_facts_only,high,personal/levelup/evolution/eggmove binary resources and localized text,8ad201e80244f630ab5a46922ab72fb79c5ad4f4
PKHeX.Core/Resources/text/locations/gen8/text_swsh_40000_es.txt,resources,extract_facts_only,high,personal/levelup/evolution/eggmove binary resources and localized text,8ad201e80244f630ab5a46922ab72fb79c5ad4f4
PKHeX.Core/Resources/text/locations/gen8/text_swsh_40000_fr.txt,resources,extract_facts_only,high,personal/levelup/evolution/eggmove binary resources and localized text,8ad201e80244f630ab5a46922ab72fb79c5ad4f4
PKHeX.Core/Resources/text/locations/gen8/text_swsh_40000_it.txt,resources,extract_facts_only,high,personal/levelup/evolution/eggmove binary resources and localized text,8ad201e80244f630ab5a46922ab72fb79c5ad4f4
PKHeX.Core/Resources/text/locations/gen8/text_swsh_40000_ja.txt,resources,extract_facts_only,high,personal/levelup/evolution/eggmove binary resources and localized text,8ad201e80244f630ab5a46922ab72fb79c5ad4f4
PKHeX.Core/Resources/text/locations/gen8/text_swsh_40000_ko.txt,resources,extract_facts_only,high,personal/levelup/evolution/eggmove binary resources and localized text,8ad201e80244f630ab5a46922ab72fb79c5ad4f4
PKHeX.Core/Resources/text/locations/gen8/text_swsh_40000_zh-Hans.txt,resources,extract_facts_only,high,personal/levelup/evolution/eggmove binary resources and localized text,8ad201e80244f630ab5a46922ab72fb79c5ad4f4
PKHeX.Core/Resources/text/locations/gen8/text_swsh_40000_zh-Hant.txt,resources,extract_facts_only,high,personal/levelup/evolution/eggmove binary resources and localized text,8ad201e80244f630ab5a46922ab72fb79c5ad4f4
PKHeX.Core/Resources/text/locations/gen8/text_swsh_60000_de.txt,resources,extract_facts_only,high,personal/levelup/evolution/eggmove binary resources and localized text,8ad201e80244f630ab5a46922ab72fb79c5ad4f4
PKHeX.Core/Resources/text/locations/gen8/text_swsh_60000_en.txt,resources,extract_facts_only,high,personal/levelup/evolution/eggmove binary resources and localized text,8ad201e80244f630ab5a46922ab72fb79c5ad4f4
PKHeX.Core/Resources/text/locations/gen8/text_swsh_60000_es-419.txt,resources,extract_facts_only,high,personal/levelup/evolution/eggmove binary resources and localized text,8ad201e80244f630ab5a46922ab72fb79c5ad4f4
PKHeX.Core/Resources/text/locations/gen8/text_swsh_60000_es.txt,resources,extract_facts_only,high,personal/levelup/evolution/eggmove binary resources and localized text,8ad201e80244f630ab5a46922ab72fb79c5ad4f4
PKHeX.Core/Resources/text/locations/gen8/text_swsh_60000_fr.txt,resources,extract_facts_only,high,personal/levelup/evolution/eggmove binary resources and localized text,8ad201e80244f630ab5a46922ab72fb79c5ad4f4
PKHeX.Core/Resources/text/locations/gen8/text_swsh_60000_it.txt,resources,extract_facts_only,high,personal/levelup/evolution/eggmove binary resources and localized text,8ad201e80244f630ab5a46922ab72fb79c5ad4f4
PKHeX.Core/Resources/text/locations/gen8/text_swsh_60000_ja.txt,resources,extract_facts_only,high,personal/levelup/evolution/eggmove binary resources and localized text,8ad201e80244f630ab5a46922ab72fb79c5ad4f4
PKHeX.Core/Resources/text/locations/gen8/text_swsh_60000_ko.txt,resources,extract_facts_only,high,personal/levelup/evolution/eggmove binary resources and localized text,8ad201e80244f630ab5a46922ab72fb79c5ad4f4
PKHeX.Core/Resources/text/locations/gen8/text_swsh_60000_zh-Hans.txt,resources,extract_facts_only,high,personal/levelup/evolution/eggmove binary resources and localized text,8ad201e80244f630ab5a46922ab72fb79c5ad4f4
PKHeX.Core/Resources/text/locations/gen8/text_swsh_60000_zh-Hant.txt,resources,extract_facts_only,high,personal/levelup/evolution/eggmove binary resources and localized text,8ad201e80244f630ab5a46922ab72fb79c5ad4f4
PKHeX.Core/Resources/text/locations/gen8a/text_la_00000_de.txt,resources,extract_facts_only,high,personal/levelup/evolution/eggmove binary resources and localized text,8ad201e80244f630ab5a46922ab72fb79c5ad4f4
PKHeX.Core/Resources/text/locations/gen8a/text_la_00000_en.txt,resources,extract_facts_only,high,personal/levelup/evolution/eggmove binary resources and localized text,8ad201e80244f630ab5a46922ab72fb79c5ad4f4
PKHeX.Core/Resources/text/locations/gen8a/text_la_00000_es-419.txt,resources,extract_facts_only,high,personal/levelup/evolution/eggmove binary resources and localized text,8ad201e80244f630ab5a46922ab72fb79c5ad4f4
PKHeX.Core/Resources/text/locations/gen8a/text_la_00000_es.txt,resources,extract_facts_only,high,personal/levelup/evolution/eggmove binary resources and localized text,8ad201e80244f630ab5a46922ab72fb79c5ad4f4
PKHeX.Core/Resources/text/locations/gen8a/text_la_00000_fr.txt,resources,extract_facts_only,high,personal/levelup/evolution/eggmove binary resources and localized text,8ad201e80244f630ab5a46922ab72fb79c5ad4f4
PKHeX.Core/Resources/text/locations/gen8a/text_la_00000_it.txt,resources,extract_facts_only,high,personal/levelup/evolution/eggmove binary resources and localized text,8ad201e80244f630ab5a46922ab72fb79c5ad4f4
PKHeX.Core/Resources/text/locations/gen8a/text_la_00000_ja.txt,resources,extract_facts_only,high,personal/levelup/evolution/eggmove binary resources and localized text,8ad201e80244f630ab5a46922ab72fb79c5ad4f4
PKHeX.Core/Resources/text/locations/gen8a/text_la_00000_ko.txt,resources,extract_facts_only,high,personal/levelup/evolution/eggmove binary resources and localized text,8ad201e80244f630ab5a46922ab72fb79c5ad4f4
PKHeX.Core/Resources/text/locations/gen8a/text_la_00000_zh-Hans.txt,resources,extract_facts_only,high,personal/levelup/evolution/eggmove binary resources and localized text,8ad201e80244f630ab5a46922ab72fb79c5ad4f4
PKHeX.Core/Resources/text/locations/gen8a/text_la_00000_zh-Hant.txt,resources,extract_facts_only,high,personal/levelup/evolution/eggmove binary resources and localized text,8ad201e80244f630ab5a46922ab72fb79c5ad4f4
PKHeX.Core/Resources/text/locations/gen8a/text_la_30000_de.txt,resources,extract_facts_only,high,personal/levelup/evolution/eggmove binary resources and localized text,8ad201e80244f630ab5a46922ab72fb79c5ad4f4
PKHeX.Core/Resources/text/locations/gen8a/text_la_30000_en.txt,resources,extract_facts_only,high,personal/levelup/evolution/eggmove binary resources and localized text,8ad201e80244f630ab5a46922ab72fb79c5ad4f4
PKHeX.Core/Resources/text/locations/gen8a/text_la_30000_es-419.txt,resources,extract_facts_only,high,personal/levelup/evolution/eggmove binary resources and localized text,8ad201e80244f630ab5a46922ab72fb79c5ad4f4
PKHeX.Core/Resources/text/locations/gen8a/text_la_30000_es.txt,resources,extract_facts_only,high,personal/levelup/evolution/eggmove binary resources and localized text,8ad201e80244f630ab5a46922ab72fb79c5ad4f4
PKHeX.Core/Resources/text/locations/gen8a/text_la_30000_fr.txt,resources,extract_facts_only,high,personal/levelup/evolution/eggmove binary resources and localized text,8ad201e80244f630ab5a46922ab72fb79c5ad4f4
PKHeX.Core/Resources/text/locations/gen8a/text_la_30000_it.txt,resources,extract_facts_only,high,personal/levelup/evolution/eggmove binary resources and localized text,8ad201e80244f630ab5a46922ab72fb79c5ad4f4
PKHeX.Core/Resources/text/locations/gen8a/text_la_30000_ja.txt,resources,extract_facts_only,high,personal/levelup/evolution/eggmove binary resources and localized text,8ad201e80244f630ab5a46922ab72fb79c5ad4f4
PKHeX.Core/Resources/text/locations/gen8a/text_la_30000_ko.txt,resources,extract_facts_only,high,personal/levelup/evolution/eggmove binary resources and localized text,8ad201e80244f630ab5a46922ab72fb79c5ad4f4
PKHeX.Core/Resources/text/locations/gen8a/text_la_30000_zh-Hans.txt,resources,extract_facts_only,high,personal/levelup/evolution/eggmove binary resources and localized text,8ad201e80244f630ab5a46922ab72fb79c5ad4f4
PKHeX.Core/Resources/text/locations/gen8a/text_la_30000_zh-Hant.txt,resources,extract_facts_only,high,personal/levelup/evolution/eggmove binary resources and localized text,8ad201e80244f630ab5a46922ab72fb79c5ad4f4
PKHeX.Core/Resources/text/locations/gen8a/text_la_40000_de.txt,resources,extract_facts_only,high,personal/levelup/evolution/eggmove binary resources and localized text,8ad201e80244f630ab5a46922ab72fb79c5ad4f4
PKHeX.Core/Resources/text/locations/gen8a/text_la_40000_en.txt,resources,extract_facts_only,high,personal/levelup/evolution/eggmove binary resources and localized text,8ad201e80244f630ab5a46922ab72fb79c5ad4f4
PKHeX.Core/Resources/text/locations/gen8a/text_la_40000_es-419.txt,resources,extract_facts_only,high,personal/levelup/evolution/eggmove binary resources and localized text,8ad201e80244f630ab5a46922ab72fb79c5ad4f4
PKHeX.Core/Resources/text/locations/gen8a/text_la_40000_es.txt,resources,extract_facts_only,high,personal/levelup/evolution/eggmove binary resources and localized text,8ad201e80244f630ab5a46922ab72fb79c5ad4f4
PKHeX.Core/Resources/text/locations/gen8a/text_la_40000_fr.txt,resources,extract_facts_only,high,personal/levelup/evolution/eggmove binary resources and localized text,8ad201e80244f630ab5a46922ab72fb79c5ad4f4
PKHeX.Core/Resources/text/locations/gen8a/text_la_40000_it.txt,resources,extract_facts_only,high,personal/levelup/evolution/eggmove binary resources and localized text,8ad201e80244f630ab5a46922ab72fb79c5ad4f4
PKHeX.Core/Resources/text/locations/gen8a/text_la_40000_ja.txt,resources,extract_facts_only,high,personal/levelup/evolution/eggmove binary resources and localized text,8ad201e80244f630ab5a46922ab72fb79c5ad4f4
PKHeX.Core/Resources/text/locations/gen8a/text_la_40000_ko.txt,resources,extract_facts_only,high,personal/levelup/evolution/eggmove binary resources and localized text,8ad201e80244f630ab5a46922ab72fb79c5ad4f4
PKHeX.Core/Resources/text/locations/gen8a/text_la_40000_zh-Hans.txt,resources,extract_facts_only,high,personal/levelup/evolution/eggmove binary resources and localized text,8ad201e80244f630ab5a46922ab72fb79c5ad4f4
PKHeX.Core/Resources/text/locations/gen8a/text_la_40000_zh-Hant.txt,resources,extract_facts_only,high,personal/levelup/evolution/eggmove binary resources and localized text,8ad201e80244f630ab5a46922ab72fb79c5ad4f4
PKHeX.Core/Resources/text/locations/gen8a/text_la_60000_de.txt,resources,extract_facts_only,high,personal/levelup/evolution/eggmove binary resources and localized text,8ad201e80244f630ab5a46922ab72fb79c5ad4f4
PKHeX.Core/Resources/text/locations/gen8a/text_la_60000_en.txt,resources,extract_facts_only,high,personal/levelup/evolution/eggmove binary resources and localized text,8ad201e80244f630ab5a46922ab72fb79c5ad4f4
PKHeX.Core/Resources/text/locations/gen8a/text_la_60000_es-419.txt,resources,extract_facts_only,high,personal/levelup/evolution/eggmove binary resources and localized text,8ad201e80244f630ab5a46922ab72fb79c5ad4f4
PKHeX.Core/Resources/text/locations/gen8a/text_la_60000_es.txt,resources,extract_facts_only,high,personal/levelup/evolution/eggmove binary resources and localized text,8ad201e80244f630ab5a46922ab72fb79c5ad4f4
PKHeX.Core/Resources/text/locations/gen8a/text_la_60000_fr.txt,resources,extract_facts_only,high,personal/levelup/evolution/eggmove binary resources and localized text,8ad201e80244f630ab5a46922ab72fb79c5ad4f4
PKHeX.Core/Resources/text/locations/gen8a/text_la_60000_it.txt,resources,extract_facts_only,high,personal/levelup/evolution/eggmove binary resources and localized text,8ad201e80244f630ab5a46922ab72fb79c5ad4f4
PKHeX.Core/Resources/text/locations/gen8a/text_la_60000_ja.txt,resources,extract_facts_only,high,personal/levelup/evolution/eggmove binary resources and localized text,8ad201e80244f630ab5a46922ab72fb79c5ad4f4
PKHeX.Core/Resources/text/locations/gen8a/text_la_60000_ko.txt,resources,extract_facts_only,high,personal/levelup/evolution/eggmove binary resources and localized text,8ad201e80244f630ab5a46922ab72fb79c5ad4f4
PKHeX.Core/Resources/text/locations/gen8a/text_la_60000_zh-Hans.txt,resources,extract_facts_only,high,personal/levelup/evolution/eggmove binary resources and localized text,8ad201e80244f630ab5a46922ab72fb79c5ad4f4
PKHeX.Core/Resources/text/locations/gen8a/text_la_60000_zh-Hant.txt,resources,extract_facts_only,high,personal/levelup/evolution/eggmove binary resources and localized text,8ad201e80244f630ab5a46922ab72fb79c5ad4f4
PKHeX.Core/Resources/text/locations/gen8b/text_bdsp_00000_de.txt,resources,extract_facts_only,high,personal/levelup/evolution/eggmove binary resources and localized text,8ad201e80244f630ab5a46922ab72fb79c5ad4f4
PKHeX.Core/Resources/text/locations/gen8b/text_bdsp_00000_en.txt,resources,extract_facts_only,high,personal/levelup/evolution/eggmove binary resources and localized text,8ad201e80244f630ab5a46922ab72fb79c5ad4f4
PKHeX.Core/Resources/text/locations/gen8b/text_bdsp_00000_es-419.txt,resources,extract_facts_only,high,personal/levelup/evolution/eggmove binary resources and localized text,8ad201e80244f630ab5a46922ab72fb79c5ad4f4
PKHeX.Core/Resources/text/locations/gen8b/text_bdsp_00000_es.txt,resources,extract_facts_only,high,personal/levelup/evolution/eggmove binary resources and localized text,8ad201e80244f630ab5a46922ab72fb79c5ad4f4
PKHeX.Core/Resources/text/locations/gen8b/text_bdsp_00000_fr.txt,resources,extract_facts_only,high,personal/levelup/evolution/eggmove binary resources and localized text,8ad201e80244f630ab5a46922ab72fb79c5ad4f4
PKHeX.Core/Resources/text/locations/gen8b/text_bdsp_00000_it.txt,resources,extract_facts_only,high,personal/levelup/evolution/eggmove binary resources and localized text,8ad201e80244f630ab5a46922ab72fb79c5ad4f4
PKHeX.Core/Resources/text/locations/gen8b/text_bdsp_00000_ja.txt,resources,extract_facts_only,high,personal/levelup/evolution/eggmove binary resources and localized text,8ad201e80244f630ab5a46922ab72fb79c5ad4f4
PKHeX.Core/Resources/text/locations/gen8b/text_bdsp_00000_ko.txt,resources,extract_facts_only,high,personal/levelup/evolution/eggmove binary resources and localized text,8ad201e80244f630ab5a46922ab72fb79c5ad4f4
PKHeX.Core/Resources/text/locations/gen8b/text_bdsp_00000_zh-Hans.txt,resources,extract_facts_only,high,personal/levelup/evolution/eggmove binary resources and localized text,8ad201e80244f630ab5a46922ab72fb79c5ad4f4
PKHeX.Core/Resources/text/locations/gen8b/text_bdsp_00000_zh-Hant.txt,resources,extract_facts_only,high,personal/levelup/evolution/eggmove binary resources and localized text,8ad201e80244f630ab5a46922ab72fb79c5ad4f4
PKHeX.Core/Resources/text/locations/gen8b/text_bdsp_30000_de.txt,resources,extract_facts_only,high,personal/levelup/evolution/eggmove binary resources and localized text,8ad201e80244f630ab5a46922ab72fb79c5ad4f4
PKHeX.Core/Resources/text/locations/gen8b/text_bdsp_30000_en.txt,resources,extract_facts_only,high,personal/levelup/evolution/eggmove binary resources and localized text,8ad201e80244f630ab5a46922ab72fb79c5ad4f4
PKHeX.Core/Resources/text/locations/gen8b/text_bdsp_30000_es-419.txt,resources,extract_facts_only,high,personal/levelup/evolution/eggmove binary resources and localized text,8ad201e80244f630ab5a46922ab72fb79c5ad4f4
PKHeX.Core/Resources/text/locations/gen8b/text_bdsp_30000_es.txt,resources,extract_facts_only,high,personal/levelup/evolution/eggmove binary resources and localized text,8ad201e80244f630ab5a46922ab72fb79c5ad4f4
PKHeX.Core/Resources/text/locations/gen8b/text_bdsp_30000_fr.txt,resources,extract_facts_only,high,personal/levelup/evolution/eggmove binary resources and localized text,8ad201e80244f630ab5a46922ab72fb79c5ad4f4
PKHeX.Core/Resources/text/locations/gen8b/text_bdsp_30000_it.txt,resources,extract_facts_only,high,personal/levelup/evolution/eggmove binary resources and localized text,8ad201e80244f630ab5a46922ab72fb79c5ad4f4
PKHeX.Core/Resources/text/locations/gen8b/text_bdsp_30000_ja.txt,resources,extract_facts_only,high,personal/levelup/evolution/eggmove binary resources and localized text,8ad201e80244f630ab5a46922ab72fb79c5ad4f4
PKHeX.Core/Resources/text/locations/gen8b/text_bdsp_30000_ko.txt,resources,extract_facts_only,high,personal/levelup/evolution/eggmove binary resources and localized text,8ad201e80244f630ab5a46922ab72fb79c5ad4f4
PKHeX.Core/Resources/text/locations/gen8b/text_bdsp_30000_zh-Hans.txt,resources,extract_facts_only,high,personal/levelup/evolution/eggmove binary resources and localized text,8ad201e80244f630ab5a46922ab72fb79c5ad4f4
PKHeX.Core/Resources/text/locations/gen8b/text_bdsp_30000_zh-Hant.txt,resources,extract_facts_only,high,personal/levelup/evolution/eggmove binary resources and localized text,8ad201e80244f630ab5a46922ab72fb79c5ad4f4
PKHeX.Core/Resources/text/locations/gen8b/text_bdsp_40000_de.txt,resources,extract_facts_only,high,personal/levelup/evolution/eggmove binary resources and localized text,8ad201e80244f630ab5a46922ab72fb79c5ad4f4
PKHeX.Core/Resources/text/locations/gen8b/text_bdsp_40000_en.txt,resources,extract_facts_only,high,personal/levelup/evolution/eggmove binary resources and localized text,8ad201e80244f630ab5a46922ab72fb79c5ad4f4
PKHeX.Core/Resources/text/locations/gen8b/text_bdsp_40000_es-419.txt,resources,extract_facts_only,high,personal/levelup/evolution/eggmove binary resources and localized text,8ad201e80244f630ab5a46922ab72fb79c5ad4f4
PKHeX.Core/Resources/text/locations/gen8b/text_bdsp_40000_es.txt,resources,extract_facts_only,high,personal/levelup/evolution/eggmove binary resources and localized text,8ad201e80244f630ab5a46922ab72fb79c5ad4f4
PKHeX.Core/Resources/text/locations/gen8b/text_bdsp_40000_fr.txt,resources,extract_facts_only,high,personal/levelup/evolution/eggmove binary resources and localized text,8ad201e80244f630ab5a46922ab72fb79c5ad4f4
PKHeX.Core/Resources/text/locations/gen8b/text_bdsp_40000_it.txt,resources,extract_facts_only,high,personal/levelup/evolution/eggmove binary resources and localized text,8ad201e80244f630ab5a46922ab72fb79c5ad4f4
PKHeX.Core/Resources/text/locations/gen8b/text_bdsp_40000_ja.txt,resources,extract_facts_only,high,personal/levelup/evolution/eggmove binary resources and localized text,8ad201e80244f630ab5a46922ab72fb79c5ad4f4
PKHeX.Core/Resources/text/locations/gen8b/text_bdsp_40000_ko.txt,resources,extract_facts_only,high,personal/levelup/evolution/eggmove binary resources and localized text,8ad201e80244f630ab5a46922ab72fb79c5ad4f4
PKHeX.Core/Resources/text/locations/gen8b/text_bdsp_40000_zh-Hans.txt,resources,extract_facts_only,high,personal/levelup/evolution/eggmove binary resources and localized text,8ad201e80244f630ab5a46922ab72fb79c5ad4f4
PKHeX.Core/Resources/text/locations/gen8b/text_bdsp_40000_zh-Hant.txt,resources,extract_facts_only,high,personal/levelup/evolution/eggmove binary resources and localized text,8ad201e80244f630ab5a46922ab72fb79c5ad4f4
PKHeX.Core/Resources/text/locations/gen8b/text_bdsp_60000_de.txt,resources,extract_facts_only,high,personal/levelup/evolution/eggmove binary resources and localized text,8ad201e80244f630ab5a46922ab72fb79c5ad4f4
PKHeX.Core/Resources/text/locations/gen8b/text_bdsp_60000_en.txt,resources,extract_facts_only,high,personal/levelup/evolution/eggmove binary resources and localized text,8ad201e80244f630ab5a46922ab72fb79c5ad4f4
PKHeX.Core/Resources/text/locations/gen8b/text_bdsp_60000_es-419.txt,resources,extract_facts_only,high,personal/levelup/evolution/eggmove binary resources and localized text,8ad201e80244f630ab5a46922ab72fb79c5ad4f4
PKHeX.Core/Resources/text/locations/gen8b/text_bdsp_60000_es.txt,resources,extract_facts_only,high,personal/levelup/evolution/eggmove binary resources and localized text,8ad201e80244f630ab5a46922ab72fb79c5ad4f4
PKHeX.Core/Resources/text/locations/gen8b/text_bdsp_60000_fr.txt,resources,extract_facts_only,high,personal/levelup/evolution/eggmove binary resources and localized text,8ad201e80244f630ab5a46922ab72fb79c5ad4f4
PKHeX.Core/Resources/text/locations/gen8b/text_bdsp_60000_it.txt,resources,extract_facts_only,high,personal/levelup/evolution/eggmove binary resources and localized text,8ad201e80244f630ab5a46922ab72fb79c5ad4f4
PKHeX.Core/Resources/text/locations/gen8b/text_bdsp_60000_ja.txt,resources,extract_facts_only,high,personal/levelup/evolution/eggmove binary resources and localized text,8ad201e80244f630ab5a46922ab72fb79c5ad4f4
PKHeX.Core/Resources/text/locations/gen8b/text_bdsp_60000_ko.txt,resources,extract_facts_only,high,personal/levelup/evolution/eggmove binary resources and localized text,8ad201e80244f630ab5a46922ab72fb79c5ad4f4
PKHeX.Core/Resources/text/locations/gen8b/text_bdsp_60000_zh-Hans.txt,resources,extract_facts_only,high,personal/levelup/evolution/eggmove binary resources and localized text,8ad201e80244f630ab5a46922ab72fb79c5ad4f4
PKHeX.Core/Resources/text/locations/gen8b/text_bdsp_60000_zh-Hant.txt,resources,extract_facts_only,high,personal/levelup/evolution/eggmove binary resources and localized text,8ad201e80244f630ab5a46922ab72fb79c5ad4f4
PKHeX.Core/Resources/text/locations/gen9/text_sv_00000_de.txt,resources,extract_facts_only,high,personal/levelup/evolution/eggmove binary resources and localized text,8ad201e80244f630ab5a46922ab72fb79c5ad4f4
PKHeX.Core/Resources/text/locations/gen9/text_sv_00000_en.txt,resources,extract_facts_only,high,personal/levelup/evolution/eggmove binary resources and localized text,8ad201e80244f630ab5a46922ab72fb79c5ad4f4
PKHeX.Core/Resources/text/locations/gen9/text_sv_00000_es-419.txt,resources,extract_facts_only,high,personal/levelup/evolution/eggmove binary resources and localized text,8ad201e80244f630ab5a46922ab72fb79c5ad4f4
PKHeX.Core/Resources/text/locations/gen9/text_sv_00000_es.txt,resources,extract_facts_only,high,personal/levelup/evolution/eggmove binary resources and localized text,8ad201e80244f630ab5a46922ab72fb79c5ad4f4
PKHeX.Core/Resources/text/locations/gen9/text_sv_00000_fr.txt,resources,extract_facts_only,high,personal/levelup/evolution/eggmove binary resources and localized text,8ad201e80244f630ab5a46922ab72fb79c5ad4f4
PKHeX.Core/Resources/text/locations/gen9/text_sv_00000_it.txt,resources,extract_facts_only,high,personal/levelup/evolution/eggmove binary resources and localized text,8ad201e80244f630ab5a46922ab72fb79c5ad4f4
PKHeX.Core/Resources/text/locations/gen9/text_sv_00000_ja.txt,resources,extract_facts_only,high,personal/levelup/evolution/eggmove binary resources and localized text,8ad201e80244f630ab5a46922ab72fb79c5ad4f4
PKHeX.Core/Resources/text/locations/gen9/text_sv_00000_ko.txt,resources,extract_facts_only,high,personal/levelup/evolution/eggmove binary resources and localized text,8ad201e80244f630ab5a46922ab72fb79c5ad4f4
PKHeX.Core/Resources/text/locations/gen9/text_sv_00000_zh-Hans.txt,resources,extract_facts_only,high,personal/levelup/evolution/eggmove binary resources and localized text,8ad201e80244f630ab5a46922ab72fb79c5ad4f4
PKHeX.Core/Resources/text/locations/gen9/text_sv_00000_zh-Hant.txt,resources,extract_facts_only,high,personal/levelup/evolution/eggmove binary resources and localized text,8ad201e80244f630ab5a46922ab72fb79c5ad4f4
PKHeX.Core/Resources/text/locations/gen9/text_sv_30000_de.txt,resources,extract_facts_only,high,personal/levelup/evolution/eggmove binary resources and localized text,8ad201e80244f630ab5a46922ab72fb79c5ad4f4
PKHeX.Core/Resources/text/locations/gen9/text_sv_30000_en.txt,resources,extract_facts_only,high,personal/levelup/evolution/eggmove binary resources and localized text,8ad201e80244f630ab5a46922ab72fb79c5ad4f4
PKHeX.Core/Resources/text/locations/gen9/text_sv_30000_es-419.txt,resources,extract_facts_only,high,personal/levelup/evolution/eggmove binary resources and localized text,8ad201e80244f630ab5a46922ab72fb79c5ad4f4
PKHeX.Core/Resources/text/locations/gen9/text_sv_30000_es.txt,resources,extract_facts_only,high,personal/levelup/evolution/eggmove binary resources and localized text,8ad201e80244f630ab5a46922ab72fb79c5ad4f4
PKHeX.Core/Resources/text/locations/gen9/text_sv_30000_fr.txt,resources,extract_facts_only,high,personal/levelup/evolution/eggmove binary resources and localized text,8ad201e80244f630ab5a46922ab72fb79c5ad4f4
PKHeX.Core/Resources/text/locations/gen9/text_sv_30000_it.txt,resources,extract_facts_only,high,personal/levelup/evolution/eggmove binary resources and localized text,8ad201e80244f630ab5a46922ab72fb79c5ad4f4
PKHeX.Core/Resources/text/locations/gen9/text_sv_30000_ja.txt,resources,extract_facts_only,high,personal/levelup/evolution/eggmove binary resources and localized text,8ad201e80244f630ab5a46922ab72fb79c5ad4f4
PKHeX.Core/Resources/text/locations/gen9/text_sv_30000_ko.txt,resources,extract_facts_only,high,personal/levelup/evolution/eggmove binary resources and localized text,8ad201e80244f630ab5a46922ab72fb79c5ad4f4
PKHeX.Core/Resources/text/locations/gen9/text_sv_30000_zh-Hans.txt,resources,extract_facts_only,high,personal/levelup/evolution/eggmove binary resources and localized text,8ad201e80244f630ab5a46922ab72fb79c5ad4f4
PKHeX.Core/Resources/text/locations/gen9/text_sv_30000_zh-Hant.txt,resources,extract_facts_only,high,personal/levelup/evolution/eggmove binary resources and localized text,8ad201e80244f630ab5a46922ab72fb79c5ad4f4
PKHeX.Core/Resources/text/locations/gen9/text_sv_40000_de.txt,resources,extract_facts_only,high,personal/levelup/evolution/eggmove binary resources and localized text,8ad201e80244f630ab5a46922ab72fb79c5ad4f4
PKHeX.Core/Resources/text/locations/gen9/text_sv_40000_en.txt,resources,extract_facts_only,high,personal/levelup/evolution/eggmove binary resources and localized text,8ad201e80244f630ab5a46922ab72fb79c5ad4f4
PKHeX.Core/Resources/text/locations/gen9/text_sv_40000_es-419.txt,resources,extract_facts_only,high,personal/levelup/evolution/eggmove binary resources and localized text,8ad201e80244f630ab5a46922ab72fb79c5ad4f4
PKHeX.Core/Resources/text/locations/gen9/text_sv_40000_es.txt,resources,extract_facts_only,high,personal/levelup/evolution/eggmove binary resources and localized text,8ad201e80244f630ab5a46922ab72fb79c5ad4f4
PKHeX.Core/Resources/text/locations/gen9/text_sv_40000_fr.txt,resources,extract_facts_only,high,personal/levelup/evolution/eggmove binary resources and localized text,8ad201e80244f630ab5a46922ab72fb79c5ad4f4
PKHeX.Core/Resources/text/locations/gen9/text_sv_40000_it.txt,resources,extract_facts_only,high,personal/levelup/evolution/eggmove binary resources and localized text,8ad201e80244f630ab5a46922ab72fb79c5ad4f4
PKHeX.Core/Resources/text/locations/gen9/text_sv_40000_ja.txt,resources,extract_facts_only,high,personal/levelup/evolution/eggmove binary resources and localized text,8ad201e80244f630ab5a46922ab72fb79c5ad4f4
PKHeX.Core/Resources/text/locations/gen9/text_sv_40000_ko.txt,resources,extract_facts_only,high,personal/levelup/evolution/eggmove binary resources and localized text,8ad201e80244f630ab5a46922ab72fb79c5ad4f4
PKHeX.Core/Resources/text/locations/gen9/text_sv_40000_zh-Hans.txt,resources,extract_facts_only,high,personal/levelup/evolution/eggmove binary resources and localized text,8ad201e80244f630ab5a46922ab72fb79c5ad4f4
PKHeX.Core/Resources/text/locations/gen9/text_sv_40000_zh-Hant.txt,resources,extract_facts_only,high,personal/levelup/evolution/eggmove binary resources and localized text,8ad201e80244f630ab5a46922ab72fb79c5ad4f4
PKHeX.Core/Resources/text/locations/gen9/text_sv_60000_de.txt,resources,extract_facts_only,high,personal/levelup/evolution/eggmove binary resources and localized text,8ad201e80244f630ab5a46922ab72fb79c5ad4f4
PKHeX.Core/Resources/text/locations/gen9/text_sv_60000_en.txt,resources,extract_facts_only,high,personal/levelup/evolution/eggmove binary resources and localized text,8ad201e80244f630ab5a46922ab72fb79c5ad4f4
PKHeX.Core/Resources/text/locations/gen9/text_sv_60000_es-419.txt,resources,extract_facts_only,high,personal/levelup/evolution/eggmove binary resources and localized text,8ad201e80244f630ab5a46922ab72fb79c5ad4f4
PKHeX.Core/Resources/text/locations/gen9/text_sv_60000_es.txt,resources,extract_facts_only,high,personal/levelup/evolution/eggmove binary resources and localized text,8ad201e80244f630ab5a46922ab72fb79c5ad4f4
PKHeX.Core/Resources/text/locations/gen9/text_sv_60000_fr.txt,resources,extract_facts_only,high,personal/levelup/evolution/eggmove binary resources and localized text,8ad201e80244f630ab5a46922ab72fb79c5ad4f4
PKHeX.Core/Resources/text/locations/gen9/text_sv_60000_it.txt,resources,extract_facts_only,high,personal/levelup/evolution/eggmove binary resources and localized text,8ad201e80244f630ab5a46922ab72fb79c5ad4f4
PKHeX.Core/Resources/text/locations/gen9/text_sv_60000_ja.txt,resources,extract_facts_only,high,personal/levelup/evolution/eggmove binary resources and localized text,8ad201e80244f630ab5a46922ab72fb79c5ad4f4
PKHeX.Core/Resources/text/locations/gen9/text_sv_60000_ko.txt,resources,extract_facts_only,high,personal/levelup/evolution/eggmove binary resources and localized text,8ad201e80244f630ab5a46922ab72fb79c5ad4f4
PKHeX.Core/Resources/text/locations/gen9/text_sv_60000_zh-Hans.txt,resources,extract_facts_only,high,personal/levelup/evolution/eggmove binary resources and localized text,8ad201e80244f630ab5a46922ab72fb79c5ad4f4
PKHeX.Core/Resources/text/locations/gen9/text_sv_60000_zh-Hant.txt,resources,extract_facts_only,high,personal/levelup/evolution/eggmove binary resources and localized text,8ad201e80244f630ab5a46922ab72fb79c5ad4f4
PKHeX.Core/Resources/text/locations/gen9a/text_za_00000_de.txt,resources,extract_facts_only,high,personal/levelup/evolution/eggmove binary resources and localized text,8ad201e80244f630ab5a46922ab72fb79c5ad4f4
PKHeX.Core/Resources/text/locations/gen9a/text_za_00000_en.txt,resources,extract_facts_only,high,personal/levelup/evolution/eggmove binary resources and localized text,8ad201e80244f630ab5a46922ab72fb79c5ad4f4
PKHeX.Core/Resources/text/locations/gen9a/text_za_00000_es-419.txt,resources,extract_facts_only,high,personal/levelup/evolution/eggmove binary resources and localized text,8ad201e80244f630ab5a46922ab72fb79c5ad4f4
PKHeX.Core/Resources/text/locations/gen9a/text_za_00000_es.txt,resources,extract_facts_only,high,personal/levelup/evolution/eggmove binary resources and localized text,8ad201e80244f630ab5a46922ab72fb79c5ad4f4
PKHeX.Core/Resources/text/locations/gen9a/text_za_00000_fr.txt,resources,extract_facts_only,high,personal/levelup/evolution/eggmove binary resources and localized text,8ad201e80244f630ab5a46922ab72fb79c5ad4f4
PKHeX.Core/Resources/text/locations/gen9a/text_za_00000_it.txt,resources,extract_facts_only,high,personal/levelup/evolution/eggmove binary resources and localized text,8ad201e80244f630ab5a46922ab72fb79c5ad4f4
PKHeX.Core/Resources/text/locations/gen9a/text_za_00000_ja.txt,resources,extract_facts_only,high,personal/levelup/evolution/eggmove binary resources and localized text,8ad201e80244f630ab5a46922ab72fb79c5ad4f4
PKHeX.Core/Resources/text/locations/gen9a/text_za_00000_ko.txt,resources,extract_facts_only,high,personal/levelup/evolution/eggmove binary resources and localized text,8ad201e80244f630ab5a46922ab72fb79c5ad4f4
PKHeX.Core/Resources/text/locations/gen9a/text_za_00000_zh-Hans.txt,resources,extract_facts_only,high,personal/levelup/evolution/eggmove binary resources and localized text,8ad201e80244f630ab5a46922ab72fb79c5ad4f4
PKHeX.Core/Resources/text/locations/gen9a/text_za_00000_zh-Hant.txt,resources,extract_facts_only,high,personal/levelup/evolution/eggmove binary resources and localized text,8ad201e80244f630ab5a46922ab72fb79c5ad4f4
PKHeX.Core/Resources/text/locations/gen9a/text_za_30000_de.txt,resources,extract_facts_only,high,personal/levelup/evolution/eggmove binary resources and localized text,8ad201e80244f630ab5a46922ab72fb79c5ad4f4
PKHeX.Core/Resources/text/locations/gen9a/text_za_30000_en.txt,resources,extract_facts_only,high,personal/levelup/evolution/eggmove binary resources and localized text,8ad201e80244f630ab5a46922ab72fb79c5ad4f4
PKHeX.Core/Resources/text/locations/gen9a/text_za_30000_es-419.txt,resources,extract_facts_only,high,personal/levelup/evolution/eggmove binary resources and localized text,8ad201e80244f630ab5a46922ab72fb79c5ad4f4
PKHeX.Core/Resources/text/locations/gen9a/text_za_30000_es.txt,resources,extract_facts_only,high,personal/levelup/evolution/eggmove binary resources and localized text,8ad201e80244f630ab5a46922ab72fb79c5ad4f4
PKHeX.Core/Resources/text/locations/gen9a/text_za_30000_fr.txt,resources,extract_facts_only,high,personal/levelup/evolution/eggmove binary resources and localized text,8ad201e80244f630ab5a46922ab72fb79c5ad4f4
PKHeX.Core/Resources/text/locations/gen9a/text_za_30000_it.txt,resources,extract_facts_only,high,personal/levelup/evolution/eggmove binary resources and localized text,8ad201e80244f630ab5a46922ab72fb79c5ad4f4
PKHeX.Core/Resources/text/locations/gen9a/text_za_30000_ja.txt,resources,extract_facts_only,high,personal/levelup/evolution/eggmove binary resources and localized text,8ad201e80244f630ab5a46922ab72fb79c5ad4f4
PKHeX.Core/Resources/text/locations/gen9a/text_za_30000_ko.txt,resources,extract_facts_only,high,personal/levelup/evolution/eggmove binary resources and localized text,8ad201e80244f630ab5a46922ab72fb79c5ad4f4
PKHeX.Core/Resources/text/locations/gen9a/text_za_30000_zh-Hans.txt,resources,extract_facts_only,high,personal/levelup/evolution/eggmove binary resources and localized text,8ad201e80244f630ab5a46922ab72fb79c5ad4f4
PKHeX.Core/Resources/text/locations/gen9a/text_za_30000_zh-Hant.txt,resources,extract_facts_only,high,personal/levelup/evolution/eggmove binary resources and localized text,8ad201e80244f630ab5a46922ab72fb79c5ad4f4
PKHeX.Core/Resources/text/locations/gen9a/text_za_40000_de.txt,resources,extract_facts_only,high,personal/levelup/evolution/eggmove binary resources and localized text,8ad201e80244f630ab5a46922ab72fb79c5ad4f4
PKHeX.Core/Resources/text/locations/gen9a/text_za_40000_en.txt,resources,extract_facts_only,high,personal/levelup/evolution/eggmove binary resources and localized text,8ad201e80244f630ab5a46922ab72fb79c5ad4f4
PKHeX.Core/Resources/text/locations/gen9a/text_za_40000_es-419.txt,resources,extract_facts_only,high,personal/levelup/evolution/eggmove binary resources and localized text,8ad201e80244f630ab5a46922ab72fb79c5ad4f4
PKHeX.Core/Resources/text/locations/gen9a/text_za_40000_es.txt,resources,extract_facts_only,high,personal/levelup/evolution/eggmove binary resources and localized text,8ad201e80244f630ab5a46922ab72fb79c5ad4f4
PKHeX.Core/Resources/text/locations/gen9a/text_za_40000_fr.txt,resources,extract_facts_only,high,personal/levelup/evolution/eggmove binary resources and localized text,8ad201e80244f630ab5a46922ab72fb79c5ad4f4
PKHeX.Core/Resources/text/locations/gen9a/text_za_40000_it.txt,resources,extract_facts_only,high,personal/levelup/evolution/eggmove binary resources and localized text,8ad201e80244f630ab5a46922ab72fb79c5ad4f4
PKHeX.Core/Resources/text/locations/gen9a/text_za_40000_ja.txt,resources,extract_facts_only,high,personal/levelup/evolution/eggmove binary resources and localized text,8ad201e80244f630ab5a46922ab72fb79c5ad4f4
PKHeX.Core/Resources/text/locations/gen9a/text_za_40000_ko.txt,resources,extract_facts_only,high,personal/levelup/evolution/eggmove binary resources and localized text,8ad201e80244f630ab5a46922ab72fb79c5ad4f4
PKHeX.Core/Resources/text/locations/gen9a/text_za_40000_zh-Hans.txt,resources,extract_facts_only,high,personal/levelup/evolution/eggmove binary resources and localized text,8ad201e80244f630ab5a46922ab72fb79c5ad4f4
PKHeX.Core/Resources/text/locations/gen9a/text_za_40000_zh-Hant.txt,resources,extract_facts_only,high,personal/levelup/evolution/eggmove binary resources and localized text,8ad201e80244f630ab5a46922ab72fb79c5ad4f4
PKHeX.Core/Resources/text/locations/gen9a/text_za_60000_de.txt,resources,extract_facts_only,high,personal/levelup/evolution/eggmove binary resources and localized text,8ad201e80244f630ab5a46922ab72fb79c5ad4f4
PKHeX.Core/Resources/text/locations/gen9a/text_za_60000_en.txt,resources,extract_facts_only,high,personal/levelup/evolution/eggmove binary resources and localized text,8ad201e80244f630ab5a46922ab72fb79c5ad4f4
PKHeX.Core/Resources/text/locations/gen9a/text_za_60000_es-419.txt,resources,extract_facts_only,high,personal/levelup/evolution/eggmove binary resources and localized text,8ad201e80244f630ab5a46922ab72fb79c5ad4f4
PKHeX.Core/Resources/text/locations/gen9a/text_za_60000_es.txt,resources,extract_facts_only,high,personal/levelup/evolution/eggmove binary resources and localized text,8ad201e80244f630ab5a46922ab72fb79c5ad4f4
PKHeX.Core/Resources/text/locations/gen9a/text_za_60000_fr.txt,resources,extract_facts_only,high,personal/levelup/evolution/eggmove binary resources and localized text,8ad201e80244f630ab5a46922ab72fb79c5ad4f4
PKHeX.Core/Resources/text/locations/gen9a/text_za_60000_it.txt,resources,extract_facts_only,high,personal/levelup/evolution/eggmove binary resources and localized text,8ad201e80244f630ab5a46922ab72fb79c5ad4f4
PKHeX.Core/Resources/text/locations/gen9a/text_za_60000_ja.txt,resources,extract_facts_only,high,personal/levelup/evolution/eggmove binary resources and localized text,8ad201e80244f630ab5a46922ab72fb79c5ad4f4
PKHeX.Core/Resources/text/locations/gen9a/text_za_60000_ko.txt,resources,extract_facts_only,high,personal/levelup/evolution/eggmove binary resources and localized text,8ad201e80244f630ab5a46922ab72fb79c5ad4f4
PKHeX.Core/Resources/text/locations/gen9a/text_za_60000_zh-Hans.txt,resources,extract_facts_only,high,personal/levelup/evolution/eggmove binary resources and localized text,8ad201e80244f630ab5a46922ab72fb79c5ad4f4
PKHeX.Core/Resources/text/locations/gen9a/text_za_60000_zh-Hant.txt,resources,extract_facts_only,high,personal/levelup/evolution/eggmove binary resources and localized text,8ad201e80244f630ab5a46922ab72fb79c5ad4f4
PKHeX.Core/Resources/text/memories/feeling6/text_Feeling6_de.txt,resources,extract_facts_only,high,personal/levelup/evolution/eggmove binary resources and localized text,8ad201e80244f630ab5a46922ab72fb79c5ad4f4
PKHeX.Core/Resources/text/memories/feeling6/text_Feeling6_en.txt,resources,extract_facts_only,high,personal/levelup/evolution/eggmove binary resources and localized text,8ad201e80244f630ab5a46922ab72fb79c5ad4f4
PKHeX.Core/Resources/text/memories/feeling6/text_Feeling6_es-419.txt,resources,extract_facts_only,high,personal/levelup/evolution/eggmove binary resources and localized text,8ad201e80244f630ab5a46922ab72fb79c5ad4f4
PKHeX.Core/Resources/text/memories/feeling6/text_Feeling6_es.txt,resources,extract_facts_only,high,personal/levelup/evolution/eggmove binary resources and localized text,8ad201e80244f630ab5a46922ab72fb79c5ad4f4
PKHeX.Core/Resources/text/memories/feeling6/text_Feeling6_fr.txt,resources,extract_facts_only,high,personal/levelup/evolution/eggmove binary resources and localized text,8ad201e80244f630ab5a46922ab72fb79c5ad4f4
PKHeX.Core/Resources/text/memories/feeling6/text_Feeling6_it.txt,resources,extract_facts_only,high,personal/levelup/evolution/eggmove binary resources and localized text,8ad201e80244f630ab5a46922ab72fb79c5ad4f4
PKHeX.Core/Resources/text/memories/feeling6/text_Feeling6_ja.txt,resources,extract_facts_only,high,personal/levelup/evolution/eggmove binary resources and localized text,8ad201e80244f630ab5a46922ab72fb79c5ad4f4
PKHeX.Core/Resources/text/memories/feeling6/text_Feeling6_ko.txt,resources,extract_facts_only,high,personal/levelup/evolution/eggmove binary resources and localized text,8ad201e80244f630ab5a46922ab72fb79c5ad4f4
PKHeX.Core/Resources/text/memories/feeling6/text_Feeling6_zh-Hans.txt,resources,extract_facts_only,high,personal/levelup/evolution/eggmove binary resources and localized text,8ad201e80244f630ab5a46922ab72fb79c5ad4f4
PKHeX.Core/Resources/text/memories/feeling6/text_Feeling6_zh-Hant.txt,resources,extract_facts_only,high,personal/levelup/evolution/eggmove binary resources and localized text,8ad201e80244f630ab5a46922ab72fb79c5ad4f4
PKHeX.Core/Resources/text/memories/text_Feeling_de.txt,resources,extract_facts_only,high,personal/levelup/evolution/eggmove binary resources and localized text,8ad201e80244f630ab5a46922ab72fb79c5ad4f4
PKHeX.Core/Resources/text/memories/text_Feeling_en.txt,resources,extract_facts_only,high,personal/levelup/evolution/eggmove binary resources and localized text,8ad201e80244f630ab5a46922ab72fb79c5ad4f4
PKHeX.Core/Resources/text/memories/text_Feeling_es-419.txt,resources,extract_facts_only,high,personal/levelup/evolution/eggmove binary resources and localized text,8ad201e80244f630ab5a46922ab72fb79c5ad4f4
PKHeX.Core/Resources/text/memories/text_Feeling_es.txt,resources,extract_facts_only,high,personal/levelup/evolution/eggmove binary resources and localized text,8ad201e80244f630ab5a46922ab72fb79c5ad4f4
PKHeX.Core/Resources/text/memories/text_Feeling_fr.txt,resources,extract_facts_only,high,personal/levelup/evolution/eggmove binary resources and localized text,8ad201e80244f630ab5a46922ab72fb79c5ad4f4
PKHeX.Core/Resources/text/memories/text_Feeling_it.txt,resources,extract_facts_only,high,personal/levelup/evolution/eggmove binary resources and localized text,8ad201e80244f630ab5a46922ab72fb79c5ad4f4
PKHeX.Core/Resources/text/memories/text_Feeling_ja.txt,resources,extract_facts_only,high,personal/levelup/evolution/eggmove binary resources and localized text,8ad201e80244f630ab5a46922ab72fb79c5ad4f4
PKHeX.Core/Resources/text/memories/text_Feeling_ko.txt,resources,extract_facts_only,high,personal/levelup/evolution/eggmove binary resources and localized text,8ad201e80244f630ab5a46922ab72fb79c5ad4f4
PKHeX.Core/Resources/text/memories/text_Feeling_zh-Hans.txt,resources,extract_facts_only,high,personal/levelup/evolution/eggmove binary resources and localized text,8ad201e80244f630ab5a46922ab72fb79c5ad4f4
PKHeX.Core/Resources/text/memories/text_Feeling_zh-Hant.txt,resources,extract_facts_only,high,personal/levelup/evolution/eggmove binary resources and localized text,8ad201e80244f630ab5a46922ab72fb79c5ad4f4
PKHeX.Core/Resources/text/memories/text_GenLoc_de.txt,resources,extract_facts_only,high,personal/levelup/evolution/eggmove binary resources and localized text,8ad201e80244f630ab5a46922ab72fb79c5ad4f4
PKHeX.Core/Resources/text/memories/text_GenLoc_en.txt,resources,extract_facts_only,high,personal/levelup/evolution/eggmove binary resources and localized text,8ad201e80244f630ab5a46922ab72fb79c5ad4f4
PKHeX.Core/Resources/text/memories/text_GenLoc_es-419.txt,resources,extract_facts_only,high,personal/levelup/evolution/eggmove binary resources and localized text,8ad201e80244f630ab5a46922ab72fb79c5ad4f4
PKHeX.Core/Resources/text/memories/text_GenLoc_es.txt,resources,extract_facts_only,high,personal/levelup/evolution/eggmove binary resources and localized text,8ad201e80244f630ab5a46922ab72fb79c5ad4f4
PKHeX.Core/Resources/text/memories/text_GenLoc_fr.txt,resources,extract_facts_only,high,personal/levelup/evolution/eggmove binary resources and localized text,8ad201e80244f630ab5a46922ab72fb79c5ad4f4
PKHeX.Core/Resources/text/memories/text_GenLoc_it.txt,resources,extract_facts_only,high,personal/levelup/evolution/eggmove binary resources and localized text,8ad201e80244f630ab5a46922ab72fb79c5ad4f4
PKHeX.Core/Resources/text/memories/text_GenLoc_ja.txt,resources,extract_facts_only,high,personal/levelup/evolution/eggmove binary resources and localized text,8ad201e80244f630ab5a46922ab72fb79c5ad4f4
PKHeX.Core/Resources/text/memories/text_GenLoc_ko.txt,resources,extract_facts_only,high,personal/levelup/evolution/eggmove binary resources and localized text,8ad201e80244f630ab5a46922ab72fb79c5ad4f4
PKHeX.Core/Resources/text/memories/text_GenLoc_zh-Hans.txt,resources,extract_facts_only,high,personal/levelup/evolution/eggmove binary resources and localized text,8ad201e80244f630ab5a46922ab72fb79c5ad4f4
PKHeX.Core/Resources/text/memories/text_GenLoc_zh-Hant.txt,resources,extract_facts_only,high,personal/levelup/evolution/eggmove binary resources and localized text,8ad201e80244f630ab5a46922ab72fb79c5ad4f4
PKHeX.Core/Resources/text/memories/text_Intensity_de.txt,resources,extract_facts_only,high,personal/levelup/evolution/eggmove binary resources and localized text,8ad201e80244f630ab5a46922ab72fb79c5ad4f4
PKHeX.Core/Resources/text/memories/text_Intensity_en.txt,resources,extract_facts_only,high,personal/levelup/evolution/eggmove binary resources and localized text,8ad201e80244f630ab5a46922ab72fb79c5ad4f4
PKHeX.Core/Resources/text/memories/text_Intensity_es-419.txt,resources,extract_facts_only,high,personal/levelup/evolution/eggmove binary resources and localized text,8ad201e80244f630ab5a46922ab72fb79c5ad4f4
PKHeX.Core/Resources/text/memories/text_Intensity_es.txt,resources,extract_facts_only,high,personal/levelup/evolution/eggmove binary resources and localized text,8ad201e80244f630ab5a46922ab72fb79c5ad4f4
PKHeX.Core/Resources/text/memories/text_Intensity_fr.txt,resources,extract_facts_only,high,personal/levelup/evolution/eggmove binary resources and localized text,8ad201e80244f630ab5a46922ab72fb79c5ad4f4
PKHeX.Core/Resources/text/memories/text_Intensity_it.txt,resources,extract_facts_only,high,personal/levelup/evolution/eggmove binary resources and localized text,8ad201e80244f630ab5a46922ab72fb79c5ad4f4
PKHeX.Core/Resources/text/memories/text_Intensity_ja.txt,resources,extract_facts_only,high,personal/levelup/evolution/eggmove binary resources and localized text,8ad201e80244f630ab5a46922ab72fb79c5ad4f4
PKHeX.Core/Resources/text/memories/text_Intensity_ko.txt,resources,extract_facts_only,high,personal/levelup/evolution/eggmove binary resources and localized text,8ad201e80244f630ab5a46922ab72fb79c5ad4f4
PKHeX.Core/Resources/text/memories/text_Intensity_zh-Hans.txt,resources,extract_facts_only,high,personal/levelup/evolution/eggmove binary resources and localized text,8ad201e80244f630ab5a46922ab72fb79c5ad4f4
PKHeX.Core/Resources/text/memories/text_Intensity_zh-Hant.txt,resources,extract_facts_only,high,personal/levelup/evolution/eggmove binary resources and localized text,8ad201e80244f630ab5a46922ab72fb79c5ad4f4
PKHeX.Core/Resources/text/memories/text_Memories_de.txt,resources,extract_facts_only,high,personal/levelup/evolution/eggmove binary resources and localized text,8ad201e80244f630ab5a46922ab72fb79c5ad4f4
PKHeX.Core/Resources/text/memories/text_Memories_en.txt,resources,extract_facts_only,high,personal/levelup/evolution/eggmove binary resources and localized text,8ad201e80244f630ab5a46922ab72fb79c5ad4f4
PKHeX.Core/Resources/text/memories/text_Memories_es-419.txt,resources,extract_facts_only,high,personal/levelup/evolution/eggmove binary resources and localized text,8ad201e80244f630ab5a46922ab72fb79c5ad4f4
PKHeX.Core/Resources/text/memories/text_Memories_es.txt,resources,extract_facts_only,high,personal/levelup/evolution/eggmove binary resources and localized text,8ad201e80244f630ab5a46922ab72fb79c5ad4f4
PKHeX.Core/Resources/text/memories/text_Memories_fr.txt,resources,extract_facts_only,high,personal/levelup/evolution/eggmove binary resources and localized text,8ad201e80244f630ab5a46922ab72fb79c5ad4f4
PKHeX.Core/Resources/text/memories/text_Memories_it.txt,resources,extract_facts_only,high,personal/levelup/evolution/eggmove binary resources and localized text,8ad201e80244f630ab5a46922ab72fb79c5ad4f4
PKHeX.Core/Resources/text/memories/text_Memories_ja.txt,resources,extract_facts_only,high,personal/levelup/evolution/eggmove binary resources and localized text,8ad201e80244f630ab5a46922ab72fb79c5ad4f4
PKHeX.Core/Resources/text/memories/text_Memories_ko.txt,resources,extract_facts_only,high,personal/levelup/evolution/eggmove binary resources and localized text,8ad201e80244f630ab5a46922ab72fb79c5ad4f4
PKHeX.Core/Resources/text/memories/text_Memories_zh-Hans.txt,resources,extract_facts_only,high,personal/levelup/evolution/eggmove binary resources and localized text,8ad201e80244f630ab5a46922ab72fb79c5ad4f4
PKHeX.Core/Resources/text/memories/text_Memories_zh-Hant.txt,resources,extract_facts_only,high,personal/levelup/evolution/eggmove binary resources and localized text,8ad201e80244f630ab5a46922ab72fb79c5ad4f4
PKHeX.Core/Resources/text/other/de/text_Abilities_de.txt,resources,extract_facts_only,high,personal/levelup/evolution/eggmove binary resources and localized text,8ad201e80244f630ab5a46922ab72fb79c5ad4f4
PKHeX.Core/Resources/text/other/de/text_Character_de.txt,resources,extract_facts_only,high,personal/levelup/evolution/eggmove binary resources and localized text,8ad201e80244f630ab5a46922ab72fb79c5ad4f4
PKHeX.Core/Resources/text/other/de/text_Forms_de.txt,resources,extract_facts_only,high,personal/levelup/evolution/eggmove binary resources and localized text,8ad201e80244f630ab5a46922ab72fb79c5ad4f4
PKHeX.Core/Resources/text/other/de/text_Games_de.txt,resources,extract_facts_only,high,personal/levelup/evolution/eggmove binary resources and localized text,8ad201e80244f630ab5a46922ab72fb79c5ad4f4
PKHeX.Core/Resources/text/other/de/text_GroundTile_de.txt,resources,extract_facts_only,high,personal/levelup/evolution/eggmove binary resources and localized text,8ad201e80244f630ab5a46922ab72fb79c5ad4f4
PKHeX.Core/Resources/text/other/de/text_Language_de.txt,resources,extract_facts_only,high,personal/levelup/evolution/eggmove binary resources and localized text,8ad201e80244f630ab5a46922ab72fb79c5ad4f4
PKHeX.Core/Resources/text/other/de/text_Moves_de.txt,resources,extract_facts_only,high,personal/levelup/evolution/eggmove binary resources and localized text,8ad201e80244f630ab5a46922ab72fb79c5ad4f4
PKHeX.Core/Resources/text/other/de/text_Natures_de.txt,resources,extract_facts_only,high,personal/levelup/evolution/eggmove binary resources and localized text,8ad201e80244f630ab5a46922ab72fb79c5ad4f4
PKHeX.Core/Resources/text/other/de/text_Pokeblock_de.txt,resources,extract_facts_only,high,personal/levelup/evolution/eggmove binary resources and localized text,8ad201e80244f630ab5a46922ab72fb79c5ad4f4
PKHeX.Core/Resources/text/other/de/text_Puff_de.txt,resources,extract_facts_only,high,personal/levelup/evolution/eggmove binary resources and localized text,8ad201e80244f630ab5a46922ab72fb79c5ad4f4
PKHeX.Core/Resources/text/other/de/text_Ribbons_de.txt,resources,extract_facts_only,high,personal/levelup/evolution/eggmove binary resources and localized text,8ad201e80244f630ab5a46922ab72fb79c5ad4f4
PKHeX.Core/Resources/text/other/de/text_Species_de.txt,resources,extract_facts_only,high,personal/levelup/evolution/eggmove binary resources and localized text,8ad201e80244f630ab5a46922ab72fb79c5ad4f4
PKHeX.Core/Resources/text/other/de/text_SuperTraining_de.txt,resources,extract_facts_only,high,personal/levelup/evolution/eggmove binary resources and localized text,8ad201e80244f630ab5a46922ab72fb79c5ad4f4
PKHeX.Core/Resources/text/other/de/text_TrainingBag_de.txt,resources,extract_facts_only,high,personal/levelup/evolution/eggmove binary resources and localized text,8ad201e80244f630ab5a46922ab72fb79c5ad4f4
PKHeX.Core/Resources/text/other/de/text_Types_de.txt,resources,extract_facts_only,high,personal/levelup/evolution/eggmove binary resources and localized text,8ad201e80244f630ab5a46922ab72fb79c5ad4f4
PKHeX.Core/Resources/text/other/de/text_Wallpaper_de.txt,resources,extract_facts_only,high,personal/levelup/evolution/eggmove binary resources and localized text,8ad201e80244f630ab5a46922ab72fb79c5ad4f4
PKHeX.Core/Resources/text/other/en/text_Abilities_en.txt,resources,extract_facts_only,high,personal/levelup/evolution/eggmove binary resources and localized text,8ad201e80244f630ab5a46922ab72fb79c5ad4f4
PKHeX.Core/Resources/text/other/en/text_Character_en.txt,resources,extract_facts_only,high,personal/levelup/evolution/eggmove binary resources and localized text,8ad201e80244f630ab5a46922ab72fb79c5ad4f4
PKHeX.Core/Resources/text/other/en/text_Forms_en.txt,resources,extract_facts_only,high,personal/levelup/evolution/eggmove binary resources and localized text,8ad201e80244f630ab5a46922ab72fb79c5ad4f4
PKHeX.Core/Resources/text/other/en/text_Games_en.txt,resources,extract_facts_only,high,personal/levelup/evolution/eggmove binary resources and localized text,8ad201e80244f630ab5a46922ab72fb79c5ad4f4
PKHeX.Core/Resources/text/other/en/text_GroundTile_en.txt,resources,extract_facts_only,high,personal/levelup/evolution/eggmove binary resources and localized text,8ad201e80244f630ab5a46922ab72fb79c5ad4f4
PKHeX.Core/Resources/text/other/en/text_Language_en.txt,resources,extract_facts_only,high,personal/levelup/evolution/eggmove binary resources and localized text,8ad201e80244f630ab5a46922ab72fb79c5ad4f4
PKHeX.Core/Resources/text/other/en/text_Moves_en.txt,resources,extract_facts_only,high,personal/levelup/evolution/eggmove binary resources and localized text,8ad201e80244f630ab5a46922ab72fb79c5ad4f4
PKHeX.Core/Resources/text/other/en/text_Natures_en.txt,resources,extract_facts_only,high,personal/levelup/evolution/eggmove binary resources and localized text,8ad201e80244f630ab5a46922ab72fb79c5ad4f4
PKHeX.Core/Resources/text/other/en/text_Pokeblock_en.txt,resources,extract_facts_only,high,personal/levelup/evolution/eggmove binary resources and localized text,8ad201e80244f630ab5a46922ab72fb79c5ad4f4
PKHeX.Core/Resources/text/other/en/text_Puff_en.txt,resources,extract_facts_only,high,personal/levelup/evolution/eggmove binary resources and localized text,8ad201e80244f630ab5a46922ab72fb79c5ad4f4
PKHeX.Core/Resources/text/other/en/text_Ribbons_en.txt,resources,extract_facts_only,high,personal/levelup/evolution/eggmove binary resources and localized text,8ad201e80244f630ab5a46922ab72fb79c5ad4f4
PKHeX.Core/Resources/text/other/en/text_Species_en.txt,resources,extract_facts_only,high,personal/levelup/evolution/eggmove binary resources and localized text,8ad201e80244f630ab5a46922ab72fb79c5ad4f4
PKHeX.Core/Resources/text/other/en/text_SuperTraining_en.txt,resources,extract_facts_only,high,personal/levelup/evolution/eggmove binary resources and localized text,8ad201e80244f630ab5a46922ab72fb79c5ad4f4
PKHeX.Core/Resources/text/other/en/text_TrainingBag_en.txt,resources,extract_facts_only,high,personal/levelup/evolution/eggmove binary resources and localized text,8ad201e80244f630ab5a46922ab72fb79c5ad4f4
PKHeX.Core/Resources/text/other/en/text_Types_en.txt,resources,extract_facts_only,high,personal/levelup/evolution/eggmove binary resources and localized text,8ad201e80244f630ab5a46922ab72fb79c5ad4f4
PKHeX.Core/Resources/text/other/en/text_Wallpaper_en.txt,resources,extract_facts_only,high,personal/levelup/evolution/eggmove binary resources and localized text,8ad201e80244f630ab5a46922ab72fb79c5ad4f4
PKHeX.Core/Resources/text/other/es-419/text_Abilities_es-419.txt,resources,extract_facts_only,high,personal/levelup/evolution/eggmove binary resources and localized text,8ad201e80244f630ab5a46922ab72fb79c5ad4f4
PKHeX.Core/Resources/text/other/es-419/text_Character_es-419.txt,resources,extract_facts_only,high,personal/levelup/evolution/eggmove binary resources and localized text,8ad201e80244f630ab5a46922ab72fb79c5ad4f4
PKHeX.Core/Resources/text/other/es-419/text_Forms_es-419.txt,resources,extract_facts_only,high,personal/levelup/evolution/eggmove binary resources and localized text,8ad201e80244f630ab5a46922ab72fb79c5ad4f4
PKHeX.Core/Resources/text/other/es-419/text_Games_es-419.txt,resources,extract_facts_only,high,personal/levelup/evolution/eggmove binary resources and localized text,8ad201e80244f630ab5a46922ab72fb79c5ad4f4
PKHeX.Core/Resources/text/other/es-419/text_GroundTile_es-419.txt,resources,extract_facts_only,high,personal/levelup/evolution/eggmove binary resources and localized text,8ad201e80244f630ab5a46922ab72fb79c5ad4f4
PKHeX.Core/Resources/text/other/es-419/text_Language_es-419.txt,resources,extract_facts_only,high,personal/levelup/evolution/eggmove binary resources and localized text,8ad201e80244f630ab5a46922ab72fb79c5ad4f4
PKHeX.Core/Resources/text/other/es-419/text_Moves_es-419.txt,resources,extract_facts_only,high,personal/levelup/evolution/eggmove binary resources and localized text,8ad201e80244f630ab5a46922ab72fb79c5ad4f4
PKHeX.Core/Resources/text/other/es-419/text_Natures_es-419.txt,resources,extract_facts_only,high,personal/levelup/evolution/eggmove binary resources and localized text,8ad201e80244f630ab5a46922ab72fb79c5ad4f4
PKHeX.Core/Resources/text/other/es-419/text_Pokeblock_es-419.txt,resources,extract_facts_only,high,personal/levelup/evolution/eggmove binary resources and localized text,8ad201e80244f630ab5a46922ab72fb79c5ad4f4
PKHeX.Core/Resources/text/other/es-419/text_Puff_es-419.txt,resources,extract_facts_only,high,personal/levelup/evolution/eggmove binary resources and localized text,8ad201e80244f630ab5a46922ab72fb79c5ad4f4
PKHeX.Core/Resources/text/other/es-419/text_Ribbons_es-419.txt,resources,extract_facts_only,high,personal/levelup/evolution/eggmove binary resources and localized text,8ad201e80244f630ab5a46922ab72fb79c5ad4f4
PKHeX.Core/Resources/text/other/es-419/text_Species_es-419.txt,resources,extract_facts_only,high,personal/levelup/evolution/eggmove binary resources and localized text,8ad201e80244f630ab5a46922ab72fb79c5ad4f4
PKHeX.Core/Resources/text/other/es-419/text_SuperTraining_es-419.txt,resources,extract_facts_only,high,personal/levelup/evolution/eggmove binary resources and localized text,8ad201e80244f630ab5a46922ab72fb79c5ad4f4
PKHeX.Core/Resources/text/other/es-419/text_TrainingBag_es-419.txt,resources,extract_facts_only,high,personal/levelup/evolution/eggmove binary resources and localized text,8ad201e80244f630ab5a46922ab72fb79c5ad4f4
PKHeX.Core/Resources/text/other/es-419/text_Types_es-419.txt,resources,extract_facts_only,high,personal/levelup/evolution/eggmove binary resources and localized text,8ad201e80244f630ab5a46922ab72fb79c5ad4f4
PKHeX.Core/Resources/text/other/es-419/text_Wallpaper_es-419.txt,resources,extract_facts_only,high,personal/levelup/evolution/eggmove binary resources and localized text,8ad201e80244f630ab5a46922ab72fb79c5ad4f4
PKHeX.Core/Resources/text/other/es/text_Abilities_es.txt,resources,extract_facts_only,high,personal/levelup/evolution/eggmove binary resources and localized text,8ad201e80244f630ab5a46922ab72fb79c5ad4f4
PKHeX.Core/Resources/text/other/es/text_Character_es.txt,resources,extract_facts_only,high,personal/levelup/evolution/eggmove binary resources and localized text,8ad201e80244f630ab5a46922ab72fb79c5ad4f4
PKHeX.Core/Resources/text/other/es/text_Forms_es.txt,resources,extract_facts_only,high,personal/levelup/evolution/eggmove binary resources and localized text,8ad201e80244f630ab5a46922ab72fb79c5ad4f4
PKHeX.Core/Resources/text/other/es/text_Games_es.txt,resources,extract_facts_only,high,personal/levelup/evolution/eggmove binary resources and localized text,8ad201e80244f630ab5a46922ab72fb79c5ad4f4
PKHeX.Core/Resources/text/other/es/text_GroundTile_es.txt,resources,extract_facts_only,high,personal/levelup/evolution/eggmove binary resources and localized text,8ad201e80244f630ab5a46922ab72fb79c5ad4f4
PKHeX.Core/Resources/text/other/es/text_Language_es.txt,resources,extract_facts_only,high,personal/levelup/evolution/eggmove binary resources and localized text,8ad201e80244f630ab5a46922ab72fb79c5ad4f4
PKHeX.Core/Resources/text/other/es/text_Moves_es.txt,resources,extract_facts_only,high,personal/levelup/evolution/eggmove binary resources and localized text,8ad201e80244f630ab5a46922ab72fb79c5ad4f4
PKHeX.Core/Resources/text/other/es/text_Natures_es.txt,resources,extract_facts_only,high,personal/levelup/evolution/eggmove binary resources and localized text,8ad201e80244f630ab5a46922ab72fb79c5ad4f4
PKHeX.Core/Resources/text/other/es/text_Pokeblock_es.txt,resources,extract_facts_only,high,personal/levelup/evolution/eggmove binary resources and localized text,8ad201e80244f630ab5a46922ab72fb79c5ad4f4
PKHeX.Core/Resources/text/other/es/text_Puff_es.txt,resources,extract_facts_only,high,personal/levelup/evolution/eggmove binary resources and localized text,8ad201e80244f630ab5a46922ab72fb79c5ad4f4
PKHeX.Core/Resources/text/other/es/text_Ribbons_es.txt,resources,extract_facts_only,high,personal/levelup/evolution/eggmove binary resources and localized text,8ad201e80244f630ab5a46922ab72fb79c5ad4f4
PKHeX.Core/Resources/text/other/es/text_Species_es.txt,resources,extract_facts_only,high,personal/levelup/evolution/eggmove binary resources and localized text,8ad201e80244f630ab5a46922ab72fb79c5ad4f4
PKHeX.Core/Resources/text/other/es/text_SuperTraining_es.txt,resources,extract_facts_only,high,personal/levelup/evolution/eggmove binary resources and localized text,8ad201e80244f630ab5a46922ab72fb79c5ad4f4
PKHeX.Core/Resources/text/other/es/text_TrainingBag_es.txt,resources,extract_facts_only,high,personal/levelup/evolution/eggmove binary resources and localized text,8ad201e80244f630ab5a46922ab72fb79c5ad4f4
PKHeX.Core/Resources/text/other/es/text_Types_es.txt,resources,extract_facts_only,high,personal/levelup/evolution/eggmove binary resources and localized text,8ad201e80244f630ab5a46922ab72fb79c5ad4f4
PKHeX.Core/Resources/text/other/es/text_Wallpaper_es.txt,resources,extract_facts_only,high,personal/levelup/evolution/eggmove binary resources and localized text,8ad201e80244f630ab5a46922ab72fb79c5ad4f4
PKHeX.Core/Resources/text/other/fr/text_Abilities_fr.txt,resources,extract_facts_only,high,personal/levelup/evolution/eggmove binary resources and localized text,8ad201e80244f630ab5a46922ab72fb79c5ad4f4
PKHeX.Core/Resources/text/other/fr/text_Character_fr.txt,resources,extract_facts_only,high,personal/levelup/evolution/eggmove binary resources and localized text,8ad201e80244f630ab5a46922ab72fb79c5ad4f4
PKHeX.Core/Resources/text/other/fr/text_Forms_fr.txt,resources,extract_facts_only,high,personal/levelup/evolution/eggmove binary resources and localized text,8ad201e80244f630ab5a46922ab72fb79c5ad4f4
PKHeX.Core/Resources/text/other/fr/text_Games_fr.txt,resources,extract_facts_only,high,personal/levelup/evolution/eggmove binary resources and localized text,8ad201e80244f630ab5a46922ab72fb79c5ad4f4
PKHeX.Core/Resources/text/other/fr/text_GroundTile_fr.txt,resources,extract_facts_only,high,personal/levelup/evolution/eggmove binary resources and localized text,8ad201e80244f630ab5a46922ab72fb79c5ad4f4
PKHeX.Core/Resources/text/other/fr/text_Language_fr.txt,resources,extract_facts_only,high,personal/levelup/evolution/eggmove binary resources and localized text,8ad201e80244f630ab5a46922ab72fb79c5ad4f4
PKHeX.Core/Resources/text/other/fr/text_Moves_fr.txt,resources,extract_facts_only,high,personal/levelup/evolution/eggmove binary resources and localized text,8ad201e80244f630ab5a46922ab72fb79c5ad4f4
PKHeX.Core/Resources/text/other/fr/text_Natures_fr.txt,resources,extract_facts_only,high,personal/levelup/evolution/eggmove binary resources and localized text,8ad201e80244f630ab5a46922ab72fb79c5ad4f4
PKHeX.Core/Resources/text/other/fr/text_Pokeblock_fr.txt,resources,extract_facts_only,high,personal/levelup/evolution/eggmove binary resources and localized text,8ad201e80244f630ab5a46922ab72fb79c5ad4f4
PKHeX.Core/Resources/text/other/fr/text_Puff_fr.txt,resources,extract_facts_only,high,personal/levelup/evolution/eggmove binary resources and localized text,8ad201e80244f630ab5a46922ab72fb79c5ad4f4
PKHeX.Core/Resources/text/other/fr/text_Ribbons_fr.txt,resources,extract_facts_only,high,personal/levelup/evolution/eggmove binary resources and localized text,8ad201e80244f630ab5a46922ab72fb79c5ad4f4
PKHeX.Core/Resources/text/other/fr/text_Species_fr.txt,resources,extract_facts_only,high,personal/levelup/evolution/eggmove binary resources and localized text,8ad201e80244f630ab5a46922ab72fb79c5ad4f4
PKHeX.Core/Resources/text/other/fr/text_SuperTraining_fr.txt,resources,extract_facts_only,high,personal/levelup/evolution/eggmove binary resources and localized text,8ad201e80244f630ab5a46922ab72fb79c5ad4f4
PKHeX.Core/Resources/text/other/fr/text_TrainingBag_fr.txt,resources,extract_facts_only,high,personal/levelup/evolution/eggmove binary resources and localized text,8ad201e80244f630ab5a46922ab72fb79c5ad4f4
PKHeX.Core/Resources/text/other/fr/text_Types_fr.txt,resources,extract_facts_only,high,personal/levelup/evolution/eggmove binary resources and localized text,8ad201e80244f630ab5a46922ab72fb79c5ad4f4
PKHeX.Core/Resources/text/other/fr/text_Wallpaper_fr.txt,resources,extract_facts_only,high,personal/levelup/evolution/eggmove binary resources and localized text,8ad201e80244f630ab5a46922ab72fb79c5ad4f4
PKHeX.Core/Resources/text/other/it/text_Abilities_it.txt,resources,extract_facts_only,high,personal/levelup/evolution/eggmove binary resources and localized text,8ad201e80244f630ab5a46922ab72fb79c5ad4f4
PKHeX.Core/Resources/text/other/it/text_Character_it.txt,resources,extract_facts_only,high,personal/levelup/evolution/eggmove binary resources and localized text,8ad201e80244f630ab5a46922ab72fb79c5ad4f4
PKHeX.Core/Resources/text/other/it/text_Forms_it.txt,resources,extract_facts_only,high,personal/levelup/evolution/eggmove binary resources and localized text,8ad201e80244f630ab5a46922ab72fb79c5ad4f4
PKHeX.Core/Resources/text/other/it/text_Games_it.txt,resources,extract_facts_only,high,personal/levelup/evolution/eggmove binary resources and localized text,8ad201e80244f630ab5a46922ab72fb79c5ad4f4
PKHeX.Core/Resources/text/other/it/text_GroundTile_it.txt,resources,extract_facts_only,high,personal/levelup/evolution/eggmove binary resources and localized text,8ad201e80244f630ab5a46922ab72fb79c5ad4f4
PKHeX.Core/Resources/text/other/it/text_Language_it.txt,resources,extract_facts_only,high,personal/levelup/evolution/eggmove binary resources and localized text,8ad201e80244f630ab5a46922ab72fb79c5ad4f4
PKHeX.Core/Resources/text/other/it/text_Moves_it.txt,resources,extract_facts_only,high,personal/levelup/evolution/eggmove binary resources and localized text,8ad201e80244f630ab5a46922ab72fb79c5ad4f4
PKHeX.Core/Resources/text/other/it/text_Natures_it.txt,resources,extract_facts_only,high,personal/levelup/evolution/eggmove binary resources and localized text,8ad201e80244f630ab5a46922ab72fb79c5ad4f4
PKHeX.Core/Resources/text/other/it/text_Pokeblock_it.txt,resources,extract_facts_only,high,personal/levelup/evolution/eggmove binary resources and localized text,8ad201e80244f630ab5a46922ab72fb79c5ad4f4
PKHeX.Core/Resources/text/other/it/text_Puff_it.txt,resources,extract_facts_only,high,personal/levelup/evolution/eggmove binary resources and localized text,8ad201e80244f630ab5a46922ab72fb79c5ad4f4
PKHeX.Core/Resources/text/other/it/text_Ribbons_it.txt,resources,extract_facts_only,high,personal/levelup/evolution/eggmove binary resources and localized text,8ad201e80244f630ab5a46922ab72fb79c5ad4f4
PKHeX.Core/Resources/text/other/it/text_Species_it.txt,resources,extract_facts_only,high,personal/levelup/evolution/eggmove binary resources and localized text,8ad201e80244f630ab5a46922ab72fb79c5ad4f4
PKHeX.Core/Resources/text/other/it/text_SuperTraining_it.txt,resources,extract_facts_only,high,personal/levelup/evolution/eggmove binary resources and localized text,8ad201e80244f630ab5a46922ab72fb79c5ad4f4
PKHeX.Core/Resources/text/other/it/text_TrainingBag_it.txt,resources,extract_facts_only,high,personal/levelup/evolution/eggmove binary resources and localized text,8ad201e80244f630ab5a46922ab72fb79c5ad4f4
PKHeX.Core/Resources/text/other/it/text_Types_it.txt,resources,extract_facts_only,high,personal/levelup/evolution/eggmove binary resources and localized text,8ad201e80244f630ab5a46922ab72fb79c5ad4f4
PKHeX.Core/Resources/text/other/it/text_Wallpaper_it.txt,resources,extract_facts_only,high,personal/levelup/evolution/eggmove binary resources and localized text,8ad201e80244f630ab5a46922ab72fb79c5ad4f4
PKHeX.Core/Resources/text/other/ja/text_Abilities_ja.txt,resources,extract_facts_only,high,personal/levelup/evolution/eggmove binary resources and localized text,8ad201e80244f630ab5a46922ab72fb79c5ad4f4
PKHeX.Core/Resources/text/other/ja/text_Character_ja.txt,resources,extract_facts_only,high,personal/levelup/evolution/eggmove binary resources and localized text,8ad201e80244f630ab5a46922ab72fb79c5ad4f4
PKHeX.Core/Resources/text/other/ja/text_Forms_ja.txt,resources,extract_facts_only,high,personal/levelup/evolution/eggmove binary resources and localized text,8ad201e80244f630ab5a46922ab72fb79c5ad4f4
PKHeX.Core/Resources/text/other/ja/text_Games_ja.txt,resources,extract_facts_only,high,personal/levelup/evolution/eggmove binary resources and localized text,8ad201e80244f630ab5a46922ab72fb79c5ad4f4
PKHeX.Core/Resources/text/other/ja/text_GroundTile_ja.txt,resources,extract_facts_only,high,personal/levelup/evolution/eggmove binary resources and localized text,8ad201e80244f630ab5a46922ab72fb79c5ad4f4
PKHeX.Core/Resources/text/other/ja/text_Language_ja.txt,resources,extract_facts_only,high,personal/levelup/evolution/eggmove binary resources and localized text,8ad201e80244f630ab5a46922ab72fb79c5ad4f4
PKHeX.Core/Resources/text/other/ja/text_Moves_ja.txt,resources,extract_facts_only,high,personal/levelup/evolution/eggmove binary resources and localized text,8ad201e80244f630ab5a46922ab72fb79c5ad4f4
PKHeX.Core/Resources/text/other/ja/text_Natures_ja.txt,resources,extract_facts_only,high,personal/levelup/evolution/eggmove binary resources and localized text,8ad201e80244f630ab5a46922ab72fb79c5ad4f4
PKHeX.Core/Resources/text/other/ja/text_Pokeblock_ja.txt,resources,extract_facts_only,high,personal/levelup/evolution/eggmove binary resources and localized text,8ad201e80244f630ab5a46922ab72fb79c5ad4f4
PKHeX.Core/Resources/text/other/ja/text_Puff_ja.txt,resources,extract_facts_only,high,personal/levelup/evolution/eggmove binary resources and localized text,8ad201e80244f630ab5a46922ab72fb79c5ad4f4
PKHeX.Core/Resources/text/other/ja/text_Ribbons_ja.txt,resources,extract_facts_only,high,personal/levelup/evolution/eggmove binary resources and localized text,8ad201e80244f630ab5a46922ab72fb79c5ad4f4
PKHeX.Core/Resources/text/other/ja/text_Species_ja.txt,resources,extract_facts_only,high,personal/levelup/evolution/eggmove binary resources and localized text,8ad201e80244f630ab5a46922ab72fb79c5ad4f4
PKHeX.Core/Resources/text/other/ja/text_SuperTraining_ja.txt,resources,extract_facts_only,high,personal/levelup/evolution/eggmove binary resources and localized text,8ad201e80244f630ab5a46922ab72fb79c5ad4f4
PKHeX.Core/Resources/text/other/ja/text_TrainingBag_ja.txt,resources,extract_facts_only,high,personal/levelup/evolution/eggmove binary resources and localized text,8ad201e80244f630ab5a46922ab72fb79c5ad4f4
PKHeX.Core/Resources/text/other/ja/text_Types_ja.txt,resources,extract_facts_only,high,personal/levelup/evolution/eggmove binary resources and localized text,8ad201e80244f630ab5a46922ab72fb79c5ad4f4
PKHeX.Core/Resources/text/other/ja/text_Wallpaper_ja.txt,resources,extract_facts_only,high,personal/levelup/evolution/eggmove binary resources and localized text,8ad201e80244f630ab5a46922ab72fb79c5ad4f4
PKHeX.Core/Resources/text/other/ko/text_Abilities_ko.txt,resources,extract_facts_only,high,personal/levelup/evolution/eggmove binary resources and localized text,8ad201e80244f630ab5a46922ab72fb79c5ad4f4
PKHeX.Core/Resources/text/other/ko/text_Character_ko.txt,resources,extract_facts_only,high,personal/levelup/evolution/eggmove binary resources and localized text,8ad201e80244f630ab5a46922ab72fb79c5ad4f4
PKHeX.Core/Resources/text/other/ko/text_Forms_ko.txt,resources,extract_facts_only,high,personal/levelup/evolution/eggmove binary resources and localized text,8ad201e80244f630ab5a46922ab72fb79c5ad4f4
PKHeX.Core/Resources/text/other/ko/text_Games_ko.txt,resources,extract_facts_only,high,personal/levelup/evolution/eggmove binary resources and localized text,8ad201e80244f630ab5a46922ab72fb79c5ad4f4
PKHeX.Core/Resources/text/other/ko/text_GroundTile_ko.txt,resources,extract_facts_only,high,personal/levelup/evolution/eggmove binary resources and localized text,8ad201e80244f630ab5a46922ab72fb79c5ad4f4
PKHeX.Core/Resources/text/other/ko/text_Language_ko.txt,resources,extract_facts_only,high,personal/levelup/evolution/eggmove binary resources and localized text,8ad201e80244f630ab5a46922ab72fb79c5ad4f4
PKHeX.Core/Resources/text/other/ko/text_Moves_ko.txt,resources,extract_facts_only,high,personal/levelup/evolution/eggmove binary resources and localized text,8ad201e80244f630ab5a46922ab72fb79c5ad4f4
PKHeX.Core/Resources/text/other/ko/text_Natures_ko.txt,resources,extract_facts_only,high,personal/levelup/evolution/eggmove binary resources and localized text,8ad201e80244f630ab5a46922ab72fb79c5ad4f4
PKHeX.Core/Resources/text/other/ko/text_Pokeblock_ko.txt,resources,extract_facts_only,high,personal/levelup/evolution/eggmove binary resources and localized text,8ad201e80244f630ab5a46922ab72fb79c5ad4f4
PKHeX.Core/Resources/text/other/ko/text_Puff_ko.txt,resources,extract_facts_only,high,personal/levelup/evolution/eggmove binary resources and localized text,8ad201e80244f630ab5a46922ab72fb79c5ad4f4
PKHeX.Core/Resources/text/other/ko/text_Ribbons_ko.txt,resources,extract_facts_only,high,personal/levelup/evolution/eggmove binary resources and localized text,8ad201e80244f630ab5a46922ab72fb79c5ad4f4
PKHeX.Core/Resources/text/other/ko/text_Species_ko.txt,resources,extract_facts_only,high,personal/levelup/evolution/eggmove binary resources and localized text,8ad201e80244f630ab5a46922ab72fb79c5ad4f4
PKHeX.Core/Resources/text/other/ko/text_SuperTraining_ko.txt,resources,extract_facts_only,high,personal/levelup/evolution/eggmove binary resources and localized text,8ad201e80244f630ab5a46922ab72fb79c5ad4f4
PKHeX.Core/Resources/text/other/ko/text_TrainingBag_ko.txt,resources,extract_facts_only,high,personal/levelup/evolution/eggmove binary resources and localized text,8ad201e80244f630ab5a46922ab72fb79c5ad4f4
PKHeX.Core/Resources/text/other/ko/text_Types_ko.txt,resources,extract_facts_only,high,personal/levelup/evolution/eggmove binary resources and localized text,8ad201e80244f630ab5a46922ab72fb79c5ad4f4
PKHeX.Core/Resources/text/other/ko/text_Wallpaper_ko.txt,resources,extract_facts_only,high,personal/levelup/evolution/eggmove binary resources and localized text,8ad201e80244f630ab5a46922ab72fb79c5ad4f4
PKHeX.Core/Resources/text/other/zh-Hans/text_Abilities_zh-Hans.txt,resources,extract_facts_only,high,personal/levelup/evolution/eggmove binary resources and localized text,8ad201e80244f630ab5a46922ab72fb79c5ad4f4
PKHeX.Core/Resources/text/other/zh-Hans/text_Character_zh-Hans.txt,resources,extract_facts_only,high,personal/levelup/evolution/eggmove binary resources and localized text,8ad201e80244f630ab5a46922ab72fb79c5ad4f4
PKHeX.Core/Resources/text/other/zh-Hans/text_Forms_zh-Hans.txt,resources,extract_facts_only,high,personal/levelup/evolution/eggmove binary resources and localized text,8ad201e80244f630ab5a46922ab72fb79c5ad4f4
PKHeX.Core/Resources/text/other/zh-Hans/text_Games_zh-Hans.txt,resources,extract_facts_only,high,personal/levelup/evolution/eggmove binary resources and localized text,8ad201e80244f630ab5a46922ab72fb79c5ad4f4
PKHeX.Core/Resources/text/other/zh-Hans/text_GroundTile_zh-Hans.txt,resources,extract_facts_only,high,personal/levelup/evolution/eggmove binary resources and localized text,8ad201e80244f630ab5a46922ab72fb79c5ad4f4
PKHeX.Core/Resources/text/other/zh-Hans/text_Language_zh-Hans.txt,resources,extract_facts_only,high,personal/levelup/evolution/eggmove binary resources and localized text,8ad201e80244f630ab5a46922ab72fb79c5ad4f4
PKHeX.Core/Resources/text/other/zh-Hans/text_Moves_zh-Hans.txt,resources,extract_facts_only,high,personal/levelup/evolution/eggmove binary resources and localized text,8ad201e80244f630ab5a46922ab72fb79c5ad4f4
PKHeX.Core/Resources/text/other/zh-Hans/text_Natures_zh-Hans.txt,resources,extract_facts_only,high,personal/levelup/evolution/eggmove binary resources and localized text,8ad201e80244f630ab5a46922ab72fb79c5ad4f4
PKHeX.Core/Resources/text/other/zh-Hans/text_Pokeblock_zh-Hans.txt,resources,extract_facts_only,high,personal/levelup/evolution/eggmove binary resources and localized text,8ad201e80244f630ab5a46922ab72fb79c5ad4f4
PKHeX.Core/Resources/text/other/zh-Hans/text_Puff_zh-Hans.txt,resources,extract_facts_only,high,personal/levelup/evolution/eggmove binary resources and localized text,8ad201e80244f630ab5a46922ab72fb79c5ad4f4
PKHeX.Core/Resources/text/other/zh-Hans/text_Ribbons_zh-Hans.txt,resources,extract_facts_only,high,personal/levelup/evolution/eggmove binary resources and localized text,8ad201e80244f630ab5a46922ab72fb79c5ad4f4
PKHeX.Core/Resources/text/other/zh-Hans/text_Species_zh-Hans.txt,resources,extract_facts_only,high,personal/levelup/evolution/eggmove binary resources and localized text,8ad201e80244f630ab5a46922ab72fb79c5ad4f4
PKHeX.Core/Resources/text/other/zh-Hans/text_SuperTraining_zh-Hans.txt,resources,extract_facts_only,high,personal/levelup/evolution/eggmove binary resources and localized text,8ad201e80244f630ab5a46922ab72fb79c5ad4f4
PKHeX.Core/Resources/text/other/zh-Hans/text_TrainingBag_zh-Hans.txt,resources,extract_facts_only,high,personal/levelup/evolution/eggmove binary resources and localized text,8ad201e80244f630ab5a46922ab72fb79c5ad4f4
PKHeX.Core/Resources/text/other/zh-Hans/text_Types_zh-Hans.txt,resources,extract_facts_only,high,personal/levelup/evolution/eggmove binary resources and localized text,8ad201e80244f630ab5a46922ab72fb79c5ad4f4
PKHeX.Core/Resources/text/other/zh-Hans/text_Wallpaper_zh-Hans.txt,resources,extract_facts_only,high,personal/levelup/evolution/eggmove binary resources and localized text,8ad201e80244f630ab5a46922ab72fb79c5ad4f4
PKHeX.Core/Resources/text/other/zh-Hant/text_Abilities_zh-Hant.txt,resources,extract_facts_only,high,personal/levelup/evolution/eggmove binary resources and localized text,8ad201e80244f630ab5a46922ab72fb79c5ad4f4
PKHeX.Core/Resources/text/other/zh-Hant/text_Character_zh-Hant.txt,resources,extract_facts_only,high,personal/levelup/evolution/eggmove binary resources and localized text,8ad201e80244f630ab5a46922ab72fb79c5ad4f4
PKHeX.Core/Resources/text/other/zh-Hant/text_Forms_zh-Hant.txt,resources,extract_facts_only,high,personal/levelup/evolution/eggmove binary resources and localized text,8ad201e80244f630ab5a46922ab72fb79c5ad4f4
PKHeX.Core/Resources/text/other/zh-Hant/text_Games_zh-Hant.txt,resources,extract_facts_only,high,personal/levelup/evolution/eggmove binary resources and localized text,8ad201e80244f630ab5a46922ab72fb79c5ad4f4
PKHeX.Core/Resources/text/other/zh-Hant/text_GroundTile_zh-Hant.txt,resources,extract_facts_only,high,personal/levelup/evolution/eggmove binary resources and localized text,8ad201e80244f630ab5a46922ab72fb79c5ad4f4
PKHeX.Core/Resources/text/other/zh-Hant/text_Language_zh-Hant.txt,resources,extract_facts_only,high,personal/levelup/evolution/eggmove binary resources and localized text,8ad201e80244f630ab5a46922ab72fb79c5ad4f4
PKHeX.Core/Resources/text/other/zh-Hant/text_Moves_zh-Hant.txt,resources,extract_facts_only,high,personal/levelup/evolution/eggmove binary resources and localized text,8ad201e80244f630ab5a46922ab72fb79c5ad4f4
PKHeX.Core/Resources/text/other/zh-Hant/text_Natures_zh-Hant.txt,resources,extract_facts_only,high,personal/levelup/evolution/eggmove binary resources and localized text,8ad201e80244f630ab5a46922ab72fb79c5ad4f4
PKHeX.Core/Resources/text/other/zh-Hant/text_Pokeblock_zh-Hant.txt,resources,extract_facts_only,high,personal/levelup/evolution/eggmove binary resources and localized text,8ad201e80244f630ab5a46922ab72fb79c5ad4f4
PKHeX.Core/Resources/text/other/zh-Hant/text_Puff_zh-Hant.txt,resources,extract_facts_only,high,personal/levelup/evolution/eggmove binary resources and localized text,8ad201e80244f630ab5a46922ab72fb79c5ad4f4
PKHeX.Core/Resources/text/other/zh-Hant/text_Ribbons_zh-Hant.txt,resources,extract_facts_only,high,personal/levelup/evolution/eggmove binary resources and localized text,8ad201e80244f630ab5a46922ab72fb79c5ad4f4
PKHeX.Core/Resources/text/other/zh-Hant/text_Species_zh-Hant.txt,resources,extract_facts_only,high,personal/levelup/evolution/eggmove binary resources and localized text,8ad201e80244f630ab5a46922ab72fb79c5ad4f4
PKHeX.Core/Resources/text/other/zh-Hant/text_SuperTraining_zh-Hant.txt,resources,extract_facts_only,high,personal/levelup/evolution/eggmove binary resources and localized text,8ad201e80244f630ab5a46922ab72fb79c5ad4f4
PKHeX.Core/Resources/text/other/zh-Hant/text_TrainingBag_zh-Hant.txt,resources,extract_facts_only,high,personal/levelup/evolution/eggmove binary resources and localized text,8ad201e80244f630ab5a46922ab72fb79c5ad4f4
PKHeX.Core/Resources/text/other/zh-Hant/text_Types_zh-Hant.txt,resources,extract_facts_only,high,personal/levelup/evolution/eggmove binary resources and localized text,8ad201e80244f630ab5a46922ab72fb79c5ad4f4
PKHeX.Core/Resources/text/other/zh-Hant/text_Wallpaper_zh-Hant.txt,resources,extract_facts_only,high,personal/levelup/evolution/eggmove binary resources and localized text,8ad201e80244f630ab5a46922ab72fb79c5ad4f4
PKHeX.Core/Resources/text/program/MessageStrings_de.txt,resources,extract_facts_only,high,personal/levelup/evolution/eggmove binary resources and localized text,8ad201e80244f630ab5a46922ab72fb79c5ad4f4
PKHeX.Core/Resources/text/program/MessageStrings_en.txt,resources,extract_facts_only,high,personal/levelup/evolution/eggmove binary resources and localized text,8ad201e80244f630ab5a46922ab72fb79c5ad4f4
PKHeX.Core/Resources/text/program/MessageStrings_es-419.txt,resources,extract_facts_only,high,personal/levelup/evolution/eggmove binary resources and localized text,8ad201e80244f630ab5a46922ab72fb79c5ad4f4
PKHeX.Core/Resources/text/program/MessageStrings_es.txt,resources,extract_facts_only,high,personal/levelup/evolution/eggmove binary resources and localized text,8ad201e80244f630ab5a46922ab72fb79c5ad4f4
PKHeX.Core/Resources/text/program/MessageStrings_fr.txt,resources,extract_facts_only,high,personal/levelup/evolution/eggmove binary resources and localized text,8ad201e80244f630ab5a46922ab72fb79c5ad4f4
PKHeX.Core/Resources/text/program/MessageStrings_it.txt,resources,extract_facts_only,high,personal/levelup/evolution/eggmove binary resources and localized text,8ad201e80244f630ab5a46922ab72fb79c5ad4f4
PKHeX.Core/Resources/text/program/MessageStrings_ja.txt,resources,extract_facts_only,high,personal/levelup/evolution/eggmove binary resources and localized text,8ad201e80244f630ab5a46922ab72fb79c5ad4f4
PKHeX.Core/Resources/text/program/MessageStrings_ko.txt,resources,extract_facts_only,high,personal/levelup/evolution/eggmove binary resources and localized text,8ad201e80244f630ab5a46922ab72fb79c5ad4f4
PKHeX.Core/Resources/text/program/MessageStrings_zh-Hans.txt,resources,extract_facts_only,high,personal/levelup/evolution/eggmove binary resources and localized text,8ad201e80244f630ab5a46922ab72fb79c5ad4f4
PKHeX.Core/Resources/text/program/MessageStrings_zh-Hant.txt,resources,extract_facts_only,high,personal/levelup/evolution/eggmove binary resources and localized text,8ad201e80244f630ab5a46922ab72fb79c5ad4f4
PKHeX.Core/Resources/text/script/gen2/const_c_en.txt,resources,extract_facts_only,high,personal/levelup/evolution/eggmove binary resources and localized text,8ad201e80244f630ab5a46922ab72fb79c5ad4f4
PKHeX.Core/Resources/text/script/gen2/const_c_es-419.txt,resources,extract_facts_only,high,personal/levelup/evolution/eggmove binary resources and localized text,8ad201e80244f630ab5a46922ab72fb79c5ad4f4
PKHeX.Core/Resources/text/script/gen2/const_c_es.txt,resources,extract_facts_only,high,personal/levelup/evolution/eggmove binary resources and localized text,8ad201e80244f630ab5a46922ab72fb79c5ad4f4
PKHeX.Core/Resources/text/script/gen2/const_c_fr.txt,resources,extract_facts_only,high,personal/levelup/evolution/eggmove binary resources and localized text,8ad201e80244f630ab5a46922ab72fb79c5ad4f4
PKHeX.Core/Resources/text/script/gen2/const_c_ja.txt,resources,extract_facts_only,high,personal/levelup/evolution/eggmove binary resources and localized text,8ad201e80244f630ab5a46922ab72fb79c5ad4f4
PKHeX.Core/Resources/text/script/gen2/const_c_zh-Hans.txt,resources,extract_facts_only,high,personal/levelup/evolution/eggmove binary resources and localized text,8ad201e80244f630ab5a46922ab72fb79c5ad4f4
PKHeX.Core/Resources/text/script/gen2/const_c_zh-Hant.txt,resources,extract_facts_only,high,personal/levelup/evolution/eggmove binary resources and localized text,8ad201e80244f630ab5a46922ab72fb79c5ad4f4
PKHeX.Core/Resources/text/script/gen2/const_gs_en.txt,resources,extract_facts_only,high,personal/levelup/evolution/eggmove binary resources and localized text,8ad201e80244f630ab5a46922ab72fb79c5ad4f4
PKHeX.Core/Resources/text/script/gen2/const_gs_es-419.txt,resources,extract_facts_only,high,personal/levelup/evolution/eggmove binary resources and localized text,8ad201e80244f630ab5a46922ab72fb79c5ad4f4
PKHeX.Core/Resources/text/script/gen2/const_gs_es.txt,resources,extract_facts_only,high,personal/levelup/evolution/eggmove binary resources and localized text,8ad201e80244f630ab5a46922ab72fb79c5ad4f4
PKHeX.Core/Resources/text/script/gen2/const_gs_fr.txt,resources,extract_facts_only,high,personal/levelup/evolution/eggmove binary resources and localized text,8ad201e80244f630ab5a46922ab72fb79c5ad4f4
PKHeX.Core/Resources/text/script/gen2/const_gs_ja.txt,resources,extract_facts_only,high,personal/levelup/evolution/eggmove binary resources and localized text,8ad201e80244f630ab5a46922ab72fb79c5ad4f4
PKHeX.Core/Resources/text/script/gen2/const_gs_ko.txt,resources,extract_facts_only,high,personal/levelup/evolution/eggmove binary resources and localized text,8ad201e80244f630ab5a46922ab72fb79c5ad4f4
PKHeX.Core/Resources/text/script/gen2/const_gs_zh-Hans.txt,resources,extract_facts_only,high,personal/levelup/evolution/eggmove binary resources and localized text,8ad201e80244f630ab5a46922ab72fb79c5ad4f4
PKHeX.Core/Resources/text/script/gen2/const_gs_zh-Hant.txt,resources,extract_facts_only,high,personal/levelup/evolution/eggmove binary resources and localized text,8ad201e80244f630ab5a46922ab72fb79c5ad4f4
PKHeX.Core/Resources/text/script/gen2/flags_c_en.txt,resources,extract_facts_only,high,personal/levelup/evolution/eggmove binary resources and localized text,8ad201e80244f630ab5a46922ab72fb79c5ad4f4
PKHeX.Core/Resources/text/script/gen2/flags_c_es-419.txt,resources,extract_facts_only,high,personal/levelup/evolution/eggmove binary resources and localized text,8ad201e80244f630ab5a46922ab72fb79c5ad4f4
PKHeX.Core/Resources/text/script/gen2/flags_c_es.txt,resources,extract_facts_only,high,personal/levelup/evolution/eggmove binary resources and localized text,8ad201e80244f630ab5a46922ab72fb79c5ad4f4
PKHeX.Core/Resources/text/script/gen2/flags_c_fr.txt,resources,extract_facts_only,high,personal/levelup/evolution/eggmove binary resources and localized text,8ad201e80244f630ab5a46922ab72fb79c5ad4f4
PKHeX.Core/Resources/text/script/gen2/flags_c_ja.txt,resources,extract_facts_only,high,personal/levelup/evolution/eggmove binary resources and localized text,8ad201e80244f630ab5a46922ab72fb79c5ad4f4
PKHeX.Core/Resources/text/script/gen2/flags_c_zh-Hans.txt,resources,extract_facts_only,high,personal/levelup/evolution/eggmove binary resources and localized text,8ad201e80244f630ab5a46922ab72fb79c5ad4f4
PKHeX.Core/Resources/text/script/gen2/flags_c_zh-Hant.txt,resources,extract_facts_only,high,personal/levelup/evolution/eggmove binary resources and localized text,8ad201e80244f630ab5a46922ab72fb79c5ad4f4
PKHeX.Core/Resources/text/script/gen2/flags_gs_en.txt,resources,extract_facts_only,high,personal/levelup/evolution/eggmove binary resources and localized text,8ad201e80244f630ab5a46922ab72fb79c5ad4f4
PKHeX.Core/Resources/text/script/gen2/flags_gs_es-419.txt,resources,extract_facts_only,high,personal/levelup/evolution/eggmove binary resources and localized text,8ad201e80244f630ab5a46922ab72fb79c5ad4f4
PKHeX.Core/Resources/text/script/gen2/flags_gs_es.txt,resources,extract_facts_only,high,personal/levelup/evolution/eggmove binary resources and localized text,8ad201e80244f630ab5a46922ab72fb79c5ad4f4
PKHeX.Core/Resources/text/script/gen2/flags_gs_fr.txt,resources,extract_facts_only,high,personal/levelup/evolution/eggmove binary resources and localized text,8ad201e80244f630ab5a46922ab72fb79c5ad4f4
PKHeX.Core/Resources/text/script/gen2/flags_gs_ja.txt,resources,extract_facts_only,high,personal/levelup/evolution/eggmove binary resources and localized text,8ad201e80244f630ab5a46922ab72fb79c5ad4f4
PKHeX.Core/Resources/text/script/gen2/flags_gs_ko.txt,resources,extract_facts_only,high,personal/levelup/evolution/eggmove binary resources and localized text,8ad201e80244f630ab5a46922ab72fb79c5ad4f4
PKHeX.Core/Resources/text/script/gen2/flags_gs_zh-Hans.txt,resources,extract_facts_only,high,personal/levelup/evolution/eggmove binary resources and localized text,8ad201e80244f630ab5a46922ab72fb79c5ad4f4
PKHeX.Core/Resources/text/script/gen2/flags_gs_zh-Hant.txt,resources,extract_facts_only,high,personal/levelup/evolution/eggmove binary resources and localized text,8ad201e80244f630ab5a46922ab72fb79c5ad4f4
PKHeX.Core/Resources/text/script/gen3/const_e_en.txt,resources,extract_facts_only,high,personal/levelup/evolution/eggmove binary resources and localized text,8ad201e80244f630ab5a46922ab72fb79c5ad4f4
PKHeX.Core/Resources/text/script/gen3/const_e_es-419.txt,resources,extract_facts_only,high,personal/levelup/evolution/eggmove binary resources and localized text,8ad201e80244f630ab5a46922ab72fb79c5ad4f4
PKHeX.Core/Resources/text/script/gen3/const_e_es.txt,resources,extract_facts_only,high,personal/levelup/evolution/eggmove binary resources and localized text,8ad201e80244f630ab5a46922ab72fb79c5ad4f4
PKHeX.Core/Resources/text/script/gen3/const_e_fr.txt,resources,extract_facts_only,high,personal/levelup/evolution/eggmove binary resources and localized text,8ad201e80244f630ab5a46922ab72fb79c5ad4f4
PKHeX.Core/Resources/text/script/gen3/const_e_ja.txt,resources,extract_facts_only,high,personal/levelup/evolution/eggmove binary resources and localized text,8ad201e80244f630ab5a46922ab72fb79c5ad4f4
PKHeX.Core/Resources/text/script/gen3/const_e_zh-Hans.txt,resources,extract_facts_only,high,personal/levelup/evolution/eggmove binary resources and localized text,8ad201e80244f630ab5a46922ab72fb79c5ad4f4
PKHeX.Core/Resources/text/script/gen3/const_frlg_en.txt,resources,extract_facts_only,high,personal/levelup/evolution/eggmove binary resources and localized text,8ad201e80244f630ab5a46922ab72fb79c5ad4f4
PKHeX.Core/Resources/text/script/gen3/const_frlg_es-419.txt,resources,extract_facts_only,high,personal/levelup/evolution/eggmove binary resources and localized text,8ad201e80244f630ab5a46922ab72fb79c5ad4f4
PKHeX.Core/Resources/text/script/gen3/const_frlg_es.txt,resources,extract_facts_only,high,personal/levelup/evolution/eggmove binary resources and localized text,8ad201e80244f630ab5a46922ab72fb79c5ad4f4
PKHeX.Core/Resources/text/script/gen3/const_frlg_fr.txt,resources,extract_facts_only,high,personal/levelup/evolution/eggmove binary resources and localized text,8ad201e80244f630ab5a46922ab72fb79c5ad4f4
PKHeX.Core/Resources/text/script/gen3/const_frlg_ja.txt,resources,extract_facts_only,high,personal/levelup/evolution/eggmove binary resources and localized text,8ad201e80244f630ab5a46922ab72fb79c5ad4f4
PKHeX.Core/Resources/text/script/gen3/const_frlg_zh-Hans.txt,resources,extract_facts_only,high,personal/levelup/evolution/eggmove binary resources and localized text,8ad201e80244f630ab5a46922ab72fb79c5ad4f4
PKHeX.Core/Resources/text/script/gen3/const_rs_en.txt,resources,extract_facts_only,high,personal/levelup/evolution/eggmove binary resources and localized text,8ad201e80244f630ab5a46922ab72fb79c5ad4f4
PKHeX.Core/Resources/text/script/gen3/const_rs_es-419.txt,resources,extract_facts_only,high,personal/levelup/evolution/eggmove binary resources and localized text,8ad201e80244f630ab5a46922ab72fb79c5ad4f4
PKHeX.Core/Resources/text/script/gen3/const_rs_es.txt,resources,extract_facts_only,high,personal/levelup/evolution/eggmove binary resources and localized text,8ad201e80244f630ab5a46922ab72fb79c5ad4f4
PKHeX.Core/Resources/text/script/gen3/const_rs_fr.txt,resources,extract_facts_only,high,personal/levelup/evolution/eggmove binary resources and localized text,8ad201e80244f630ab5a46922ab72fb79c5ad4f4
PKHeX.Core/Resources/text/script/gen3/const_rs_ja.txt,resources,extract_facts_only,high,personal/levelup/evolution/eggmove binary resources and localized text,8ad201e80244f630ab5a46922ab72fb79c5ad4f4
PKHeX.Core/Resources/text/script/gen3/const_rs_zh-Hans.txt,resources,extract_facts_only,high,personal/levelup/evolution/eggmove binary resources and localized text,8ad201e80244f630ab5a46922ab72fb79c5ad4f4
PKHeX.Core/Resources/text/script/gen3/flags_e_en.txt,resources,extract_facts_only,high,personal/levelup/evolution/eggmove binary resources and localized text,8ad201e80244f630ab5a46922ab72fb79c5ad4f4
PKHeX.Core/Resources/text/script/gen3/flags_e_es-419.txt,resources,extract_facts_only,high,personal/levelup/evolution/eggmove binary resources and localized text,8ad201e80244f630ab5a46922ab72fb79c5ad4f4
PKHeX.Core/Resources/text/script/gen3/flags_e_es.txt,resources,extract_facts_only,high,personal/levelup/evolution/eggmove binary resources and localized text,8ad201e80244f630ab5a46922ab72fb79c5ad4f4
PKHeX.Core/Resources/text/script/gen3/flags_e_fr.txt,resources,extract_facts_only,high,personal/levelup/evolution/eggmove binary resources and localized text,8ad201e80244f630ab5a46922ab72fb79c5ad4f4
PKHeX.Core/Resources/text/script/gen3/flags_e_ja.txt,resources,extract_facts_only,high,personal/levelup/evolution/eggmove binary resources and localized text,8ad201e80244f630ab5a46922ab72fb79c5ad4f4
PKHeX.Core/Resources/text/script/gen3/flags_e_zh-Hans.txt,resources,extract_facts_only,high,personal/levelup/evolution/eggmove binary resources and localized text,8ad201e80244f630ab5a46922ab72fb79c5ad4f4
PKHeX.Core/Resources/text/script/gen3/flags_e_zh-Hant.txt,resources,extract_facts_only,high,personal/levelup/evolution/eggmove binary resources and localized text,8ad201e80244f630ab5a46922ab72fb79c5ad4f4
PKHeX.Core/Resources/text/script/gen3/flags_frlg_en.txt,resources,extract_facts_only,high,personal/levelup/evolution/eggmove binary resources and localized text,8ad201e80244f630ab5a46922ab72fb79c5ad4f4
PKHeX.Core/Resources/text/script/gen3/flags_frlg_es-419.txt,resources,extract_facts_only,high,personal/levelup/evolution/eggmove binary resources and localized text,8ad201e80244f630ab5a46922ab72fb79c5ad4f4
PKHeX.Core/Resources/text/script/gen3/flags_frlg_es.txt,resources,extract_facts_only,high,personal/levelup/evolution/eggmove binary resources and localized text,8ad201e80244f630ab5a46922ab72fb79c5ad4f4
PKHeX.Core/Resources/text/script/gen3/flags_frlg_fr.txt,resources,extract_facts_only,high,personal/levelup/evolution/eggmove binary resources and localized text,8ad201e80244f630ab5a46922ab72fb79c5ad4f4
PKHeX.Core/Resources/text/script/gen3/flags_frlg_ja.txt,resources,extract_facts_only,high,personal/levelup/evolution/eggmove binary resources and localized text,8ad201e80244f630ab5a46922ab72fb79c5ad4f4
PKHeX.Core/Resources/text/script/gen3/flags_frlg_zh-Hans.txt,resources,extract_facts_only,high,personal/levelup/evolution/eggmove binary resources and localized text,8ad201e80244f630ab5a46922ab72fb79c5ad4f4
PKHeX.Core/Resources/text/script/gen3/flags_frlg_zh-Hant.txt,resources,extract_facts_only,high,personal/levelup/evolution/eggmove binary resources and localized text,8ad201e80244f630ab5a46922ab72fb79c5ad4f4
PKHeX.Core/Resources/text/script/gen3/flags_rs_en.txt,resources,extract_facts_only,high,personal/levelup/evolution/eggmove binary resources and localized text,8ad201e80244f630ab5a46922ab72fb79c5ad4f4
PKHeX.Core/Resources/text/script/gen3/flags_rs_es-419.txt,resources,extract_facts_only,high,personal/levelup/evolution/eggmove binary resources and localized text,8ad201e80244f630ab5a46922ab72fb79c5ad4f4
PKHeX.Core/Resources/text/script/gen3/flags_rs_es.txt,resources,extract_facts_only,high,personal/levelup/evolution/eggmove binary resources and localized text,8ad201e80244f630ab5a46922ab72fb79c5ad4f4
PKHeX.Core/Resources/text/script/gen3/flags_rs_fr.txt,resources,extract_facts_only,high,personal/levelup/evolution/eggmove binary resources and localized text,8ad201e80244f630ab5a46922ab72fb79c5ad4f4
PKHeX.Core/Resources/text/script/gen3/flags_rs_ja.txt,resources,extract_facts_only,high,personal/levelup/evolution/eggmove binary resources and localized text,8ad201e80244f630ab5a46922ab72fb79c5ad4f4
PKHeX.Core/Resources/text/script/gen3/flags_rs_zh-Hans.txt,resources,extract_facts_only,high,personal/levelup/evolution/eggmove binary resources and localized text,8ad201e80244f630ab5a46922ab72fb79c5ad4f4
PKHeX.Core/Resources/text/script/gen3/flags_rs_zh-Hant.txt,resources,extract_facts_only,high,personal/levelup/evolution/eggmove binary resources and localized text,8ad201e80244f630ab5a46922ab72fb79c5ad4f4
PKHeX.Core/Resources/text/script/gen4/const_dp_en.txt,resources,extract_facts_only,high,personal/levelup/evolution/eggmove binary resources and localized text,8ad201e80244f630ab5a46922ab72fb79c5ad4f4
PKHeX.Core/Resources/text/script/gen4/const_dp_es-419.txt,resources,extract_facts_only,high,personal/levelup/evolution/eggmove binary resources and localized text,8ad201e80244f630ab5a46922ab72fb79c5ad4f4
PKHeX.Core/Resources/text/script/gen4/const_dp_es.txt,resources,extract_facts_only,high,personal/levelup/evolution/eggmove binary resources and localized text,8ad201e80244f630ab5a46922ab72fb79c5ad4f4
PKHeX.Core/Resources/text/script/gen4/const_dp_fr.txt,resources,extract_facts_only,high,personal/levelup/evolution/eggmove binary resources and localized text,8ad201e80244f630ab5a46922ab72fb79c5ad4f4
PKHeX.Core/Resources/text/script/gen4/const_dp_ja.txt,resources,extract_facts_only,high,personal/levelup/evolution/eggmove binary resources and localized text,8ad201e80244f630ab5a46922ab72fb79c5ad4f4
PKHeX.Core/Resources/text/script/gen4/const_dp_ko.txt,resources,extract_facts_only,high,personal/levelup/evolution/eggmove binary resources and localized text,8ad201e80244f630ab5a46922ab72fb79c5ad4f4
PKHeX.Core/Resources/text/script/gen4/const_dp_zh-Hans.txt,resources,extract_facts_only,high,personal/levelup/evolution/eggmove binary resources and localized text,8ad201e80244f630ab5a46922ab72fb79c5ad4f4
PKHeX.Core/Resources/text/script/gen4/const_dp_zh-Hant.txt,resources,extract_facts_only,high,personal/levelup/evolution/eggmove binary resources and localized text,8ad201e80244f630ab5a46922ab72fb79c5ad4f4
PKHeX.Core/Resources/text/script/gen4/const_hgss_en.txt,resources,extract_facts_only,high,personal/levelup/evolution/eggmove binary resources and localized text,8ad201e80244f630ab5a46922ab72fb79c5ad4f4
PKHeX.Core/Resources/text/script/gen4/const_hgss_es-419.txt,resources,extract_facts_only,high,personal/levelup/evolution/eggmove binary resources and localized text,8ad201e80244f630ab5a46922ab72fb79c5ad4f4
PKHeX.Core/Resources/text/script/gen4/const_hgss_es.txt,resources,extract_facts_only,high,personal/levelup/evolution/eggmove binary resources and localized text,8ad201e80244f630ab5a46922ab72fb79c5ad4f4
PKHeX.Core/Resources/text/script/gen4/const_hgss_fr.txt,resources,extract_facts_only,high,personal/levelup/evolution/eggmove binary resources and localized text,8ad201e80244f630ab5a46922ab72fb79c5ad4f4
PKHeX.Core/Resources/text/script/gen4/const_hgss_ja.txt,resources,extract_facts_only,high,personal/levelup/evolution/eggmove binary resources and localized text,8ad201e80244f630ab5a46922ab72fb79c5ad4f4
PKHeX.Core/Resources/text/script/gen4/const_hgss_ko.txt,resources,extract_facts_only,high,personal/levelup/evolution/eggmove binary resources and localized text,8ad201e80244f630ab5a46922ab72fb79c5ad4f4
PKHeX.Core/Resources/text/script/gen4/const_hgss_zh-Hans.txt,resources,extract_facts_only,high,personal/levelup/evolution/eggmove binary resources and localized text,8ad201e80244f630ab5a46922ab72fb79c5ad4f4
PKHeX.Core/Resources/text/script/gen4/const_hgss_zh-Hant.txt,resources,extract_facts_only,high,personal/levelup/evolution/eggmove binary resources and localized text,8ad201e80244f630ab5a46922ab72fb79c5ad4f4
PKHeX.Core/Resources/text/script/gen4/const_pt_en.txt,resources,extract_facts_only,high,personal/levelup/evolution/eggmove binary resources and localized text,8ad201e80244f630ab5a46922ab72fb79c5ad4f4
PKHeX.Core/Resources/text/script/gen4/const_pt_es-419.txt,resources,extract_facts_only,high,personal/levelup/evolution/eggmove binary resources and localized text,8ad201e80244f630ab5a46922ab72fb79c5ad4f4
PKHeX.Core/Resources/text/script/gen4/const_pt_es.txt,resources,extract_facts_only,high,personal/levelup/evolution/eggmove binary resources and localized text,8ad201e80244f630ab5a46922ab72fb79c5ad4f4
PKHeX.Core/Resources/text/script/gen4/const_pt_fr.txt,resources,extract_facts_only,high,personal/levelup/evolution/eggmove binary resources and localized text,8ad201e80244f630ab5a46922ab72fb79c5ad4f4
PKHeX.Core/Resources/text/script/gen4/const_pt_ja.txt,resources,extract_facts_only,high,personal/levelup/evolution/eggmove binary resources and localized text,8ad201e80244f630ab5a46922ab72fb79c5ad4f4
PKHeX.Core/Resources/text/script/gen4/const_pt_ko.txt,resources,extract_facts_only,high,personal/levelup/evolution/eggmove binary resources and localized text,8ad201e80244f630ab5a46922ab72fb79c5ad4f4
PKHeX.Core/Resources/text/script/gen4/const_pt_zh-Hans.txt,resources,extract_facts_only,high,personal/levelup/evolution/eggmove binary resources and localized text,8ad201e80244f630ab5a46922ab72fb79c5ad4f4
PKHeX.Core/Resources/text/script/gen4/const_pt_zh-Hant.txt,resources,extract_facts_only,high,personal/levelup/evolution/eggmove binary resources and localized text,8ad201e80244f630ab5a46922ab72fb79c5ad4f4
PKHeX.Core/Resources/text/script/gen4/flags_dp_en.txt,resources,extract_facts_only,high,personal/levelup/evolution/eggmove binary resources and localized text,8ad201e80244f630ab5a46922ab72fb79c5ad4f4
PKHeX.Core/Resources/text/script/gen4/flags_dp_es-419.txt,resources,extract_facts_only,high,personal/levelup/evolution/eggmove binary resources and localized text,8ad201e80244f630ab5a46922ab72fb79c5ad4f4
PKHeX.Core/Resources/text/script/gen4/flags_dp_es.txt,resources,extract_facts_only,high,personal/levelup/evolution/eggmove binary resources and localized text,8ad201e80244f630ab5a46922ab72fb79c5ad4f4
PKHeX.Core/Resources/text/script/gen4/flags_dp_fr.txt,resources,extract_facts_only,high,personal/levelup/evolution/eggmove binary resources and localized text,8ad201e80244f630ab5a46922ab72fb79c5ad4f4
PKHeX.Core/Resources/text/script/gen4/flags_dp_ja.txt,resources,extract_facts_only,high,personal/levelup/evolution/eggmove binary resources and localized text,8ad201e80244f630ab5a46922ab72fb79c5ad4f4
PKHeX.Core/Resources/text/script/gen4/flags_dp_ko.txt,resources,extract_facts_only,high,personal/levelup/evolution/eggmove binary resources and localized text,8ad201e80244f630ab5a46922ab72fb79c5ad4f4
PKHeX.Core/Resources/text/script/gen4/flags_dp_zh-Hans.txt,resources,extract_facts_only,high,personal/levelup/evolution/eggmove binary resources and localized text,8ad201e80244f630ab5a46922ab72fb79c5ad4f4
PKHeX.Core/Resources/text/script/gen4/flags_dp_zh-Hant.txt,resources,extract_facts_only,high,personal/levelup/evolution/eggmove binary resources and localized text,8ad201e80244f630ab5a46922ab72fb79c5ad4f4
PKHeX.Core/Resources/text/script/gen4/flags_hgss_en.txt,resources,extract_facts_only,high,personal/levelup/evolution/eggmove binary resources and localized text,8ad201e80244f630ab5a46922ab72fb79c5ad4f4
PKHeX.Core/Resources/text/script/gen4/flags_hgss_es-419.txt,resources,extract_facts_only,high,personal/levelup/evolution/eggmove binary resources and localized text,8ad201e80244f630ab5a46922ab72fb79c5ad4f4
PKHeX.Core/Resources/text/script/gen4/flags_hgss_es.txt,resources,extract_facts_only,high,personal/levelup/evolution/eggmove binary resources and localized text,8ad201e80244f630ab5a46922ab72fb79c5ad4f4
PKHeX.Core/Resources/text/script/gen4/flags_hgss_fr.txt,resources,extract_facts_only,high,personal/levelup/evolution/eggmove binary resources and localized text,8ad201e80244f630ab5a46922ab72fb79c5ad4f4
PKHeX.Core/Resources/text/script/gen4/flags_hgss_ja.txt,resources,extract_facts_only,high,personal/levelup/evolution/eggmove binary resources and localized text,8ad201e80244f630ab5a46922ab72fb79c5ad4f4
PKHeX.Core/Resources/text/script/gen4/flags_hgss_ko.txt,resources,extract_facts_only,high,personal/levelup/evolution/eggmove binary resources and localized text,8ad201e80244f630ab5a46922ab72fb79c5ad4f4
PKHeX.Core/Resources/text/script/gen4/flags_hgss_zh-Hans.txt,resources,extract_facts_only,high,personal/levelup/evolution/eggmove binary resources and localized text,8ad201e80244f630ab5a46922ab72fb79c5ad4f4
PKHeX.Core/Resources/text/script/gen4/flags_hgss_zh-Hant.txt,resources,extract_facts_only,high,personal/levelup/evolution/eggmove binary resources and localized text,8ad201e80244f630ab5a46922ab72fb79c5ad4f4
PKHeX.Core/Resources/text/script/gen4/flags_pt_en.txt,resources,extract_facts_only,high,personal/levelup/evolution/eggmove binary resources and localized text,8ad201e80244f630ab5a46922ab72fb79c5ad4f4
PKHeX.Core/Resources/text/script/gen4/flags_pt_es-419.txt,resources,extract_facts_only,high,personal/levelup/evolution/eggmove binary resources and localized text,8ad201e80244f630ab5a46922ab72fb79c5ad4f4
PKHeX.Core/Resources/text/script/gen4/flags_pt_es.txt,resources,extract_facts_only,high,personal/levelup/evolution/eggmove binary resources and localized text,8ad201e80244f630ab5a46922ab72fb79c5ad4f4
PKHeX.Core/Resources/text/script/gen4/flags_pt_fr.txt,resources,extract_facts_only,high,personal/levelup/evolution/eggmove binary resources and localized text,8ad201e80244f630ab5a46922ab72fb79c5ad4f4
PKHeX.Core/Resources/text/script/gen4/flags_pt_ja.txt,resources,extract_facts_only,high,personal/levelup/evolution/eggmove binary resources and localized text,8ad201e80244f630ab5a46922ab72fb79c5ad4f4
PKHeX.Core/Resources/text/script/gen4/flags_pt_ko.txt,resources,extract_facts_only,high,personal/levelup/evolution/eggmove binary resources and localized text,8ad201e80244f630ab5a46922ab72fb79c5ad4f4
PKHeX.Core/Resources/text/script/gen4/flags_pt_zh-Hans.txt,resources,extract_facts_only,high,personal/levelup/evolution/eggmove binary resources and localized text,8ad201e80244f630ab5a46922ab72fb79c5ad4f4
PKHeX.Core/Resources/text/script/gen4/flags_pt_zh-Hant.txt,resources,extract_facts_only,high,personal/levelup/evolution/eggmove binary resources and localized text,8ad201e80244f630ab5a46922ab72fb79c5ad4f4
PKHeX.Core/Resources/text/script/gen5/const_b2w2_en.txt,resources,extract_facts_only,high,personal/levelup/evolution/eggmove binary resources and localized text,8ad201e80244f630ab5a46922ab72fb79c5ad4f4
PKHeX.Core/Resources/text/script/gen5/const_b2w2_es-419.txt,resources,extract_facts_only,high,personal/levelup/evolution/eggmove binary resources and localized text,8ad201e80244f630ab5a46922ab72fb79c5ad4f4
PKHeX.Core/Resources/text/script/gen5/const_b2w2_es.txt,resources,extract_facts_only,high,personal/levelup/evolution/eggmove binary resources and localized text,8ad201e80244f630ab5a46922ab72fb79c5ad4f4
PKHeX.Core/Resources/text/script/gen5/const_b2w2_fr.txt,resources,extract_facts_only,high,personal/levelup/evolution/eggmove binary resources and localized text,8ad201e80244f630ab5a46922ab72fb79c5ad4f4
PKHeX.Core/Resources/text/script/gen5/const_b2w2_ja.txt,resources,extract_facts_only,high,personal/levelup/evolution/eggmove binary resources and localized text,8ad201e80244f630ab5a46922ab72fb79c5ad4f4
PKHeX.Core/Resources/text/script/gen5/const_b2w2_ko.txt,resources,extract_facts_only,high,personal/levelup/evolution/eggmove binary resources and localized text,8ad201e80244f630ab5a46922ab72fb79c5ad4f4
PKHeX.Core/Resources/text/script/gen5/const_b2w2_zh-Hans.txt,resources,extract_facts_only,high,personal/levelup/evolution/eggmove binary resources and localized text,8ad201e80244f630ab5a46922ab72fb79c5ad4f4
PKHeX.Core/Resources/text/script/gen5/const_b2w2_zh-Hant.txt,resources,extract_facts_only,high,personal/levelup/evolution/eggmove binary resources and localized text,8ad201e80244f630ab5a46922ab72fb79c5ad4f4
PKHeX.Core/Resources/text/script/gen5/const_bw_en.txt,resources,extract_facts_only,high,personal/levelup/evolution/eggmove binary resources and localized text,8ad201e80244f630ab5a46922ab72fb79c5ad4f4
PKHeX.Core/Resources/text/script/gen5/const_bw_es-419.txt,resources,extract_facts_only,high,personal/levelup/evolution/eggmove binary resources and localized text,8ad201e80244f630ab5a46922ab72fb79c5ad4f4
PKHeX.Core/Resources/text/script/gen5/const_bw_es.txt,resources,extract_facts_only,high,personal/levelup/evolution/eggmove binary resources and localized text,8ad201e80244f630ab5a46922ab72fb79c5ad4f4
PKHeX.Core/Resources/text/script/gen5/const_bw_fr.txt,resources,extract_facts_only,high,personal/levelup/evolution/eggmove binary resources and localized text,8ad201e80244f630ab5a46922ab72fb79c5ad4f4
PKHeX.Core/Resources/text/script/gen5/const_bw_ja.txt,resources,extract_facts_only,high,personal/levelup/evolution/eggmove binary resources and localized text,8ad201e80244f630ab5a46922ab72fb79c5ad4f4
PKHeX.Core/Resources/text/script/gen5/const_bw_ko.txt,resources,extract_facts_only,high,personal/levelup/evolution/eggmove binary resources and localized text,8ad201e80244f630ab5a46922ab72fb79c5ad4f4
PKHeX.Core/Resources/text/script/gen5/const_bw_zh-Hans.txt,resources,extract_facts_only,high,personal/levelup/evolution/eggmove binary resources and localized text,8ad201e80244f630ab5a46922ab72fb79c5ad4f4
PKHeX.Core/Resources/text/script/gen5/const_bw_zh-Hant.txt,resources,extract_facts_only,high,personal/levelup/evolution/eggmove binary resources and localized text,8ad201e80244f630ab5a46922ab72fb79c5ad4f4
PKHeX.Core/Resources/text/script/gen5/flags_b2w2_en.txt,resources,extract_facts_only,high,personal/levelup/evolution/eggmove binary resources and localized text,8ad201e80244f630ab5a46922ab72fb79c5ad4f4
PKHeX.Core/Resources/text/script/gen5/flags_b2w2_es-419.txt,resources,extract_facts_only,high,personal/levelup/evolution/eggmove binary resources and localized text,8ad201e80244f630ab5a46922ab72fb79c5ad4f4
PKHeX.Core/Resources/text/script/gen5/flags_b2w2_es.txt,resources,extract_facts_only,high,personal/levelup/evolution/eggmove binary resources and localized text,8ad201e80244f630ab5a46922ab72fb79c5ad4f4
PKHeX.Core/Resources/text/script/gen5/flags_b2w2_fr.txt,resources,extract_facts_only,high,personal/levelup/evolution/eggmove binary resources and localized text,8ad201e80244f630ab5a46922ab72fb79c5ad4f4
PKHeX.Core/Resources/text/script/gen5/flags_b2w2_ja.txt,resources,extract_facts_only,high,personal/levelup/evolution/eggmove binary resources and localized text,8ad201e80244f630ab5a46922ab72fb79c5ad4f4
PKHeX.Core/Resources/text/script/gen5/flags_b2w2_ko.txt,resources,extract_facts_only,high,personal/levelup/evolution/eggmove binary resources and localized text,8ad201e80244f630ab5a46922ab72fb79c5ad4f4
PKHeX.Core/Resources/text/script/gen5/flags_b2w2_zh-Hans.txt,resources,extract_facts_only,high,personal/levelup/evolution/eggmove binary resources and localized text,8ad201e80244f630ab5a46922ab72fb79c5ad4f4
PKHeX.Core/Resources/text/script/gen5/flags_b2w2_zh-Hant.txt,resources,extract_facts_only,high,personal/levelup/evolution/eggmove binary resources and localized text,8ad201e80244f630ab5a46922ab72fb79c5ad4f4
PKHeX.Core/Resources/text/script/gen5/flags_bw_en.txt,resources,extract_facts_only,high,personal/levelup/evolution/eggmove binary resources and localized text,8ad201e80244f630ab5a46922ab72fb79c5ad4f4
PKHeX.Core/Resources/text/script/gen5/flags_bw_es-419.txt,resources,extract_facts_only,high,personal/levelup/evolution/eggmove binary resources and localized text,8ad201e80244f630ab5a46922ab72fb79c5ad4f4
PKHeX.Core/Resources/text/script/gen5/flags_bw_es.txt,resources,extract_facts_only,high,personal/levelup/evolution/eggmove binary resources and localized text,8ad201e80244f630ab5a46922ab72fb79c5ad4f4
PKHeX.Core/Resources/text/script/gen5/flags_bw_fr.txt,resources,extract_facts_only,high,personal/levelup/evolution/eggmove binary resources and localized text,8ad201e80244f630ab5a46922ab72fb79c5ad4f4
PKHeX.Core/Resources/text/script/gen5/flags_bw_ja.txt,resources,extract_facts_only,high,personal/levelup/evolution/eggmove binary resources and localized text,8ad201e80244f630ab5a46922ab72fb79c5ad4f4
PKHeX.Core/Resources/text/script/gen5/flags_bw_ko.txt,resources,extract_facts_only,high,personal/levelup/evolution/eggmove binary resources and localized text,8ad201e80244f630ab5a46922ab72fb79c5ad4f4
PKHeX.Core/Resources/text/script/gen5/flags_bw_zh-Hans.txt,resources,extract_facts_only,high,personal/levelup/evolution/eggmove binary resources and localized text,8ad201e80244f630ab5a46922ab72fb79c5ad4f4
PKHeX.Core/Resources/text/script/gen5/flags_bw_zh-Hant.txt,resources,extract_facts_only,high,personal/levelup/evolution/eggmove binary resources and localized text,8ad201e80244f630ab5a46922ab72fb79c5ad4f4
PKHeX.Core/Resources/text/script/gen6/const_oras_en.txt,resources,extract_facts_only,high,personal/levelup/evolution/eggmove binary resources and localized text,8ad201e80244f630ab5a46922ab72fb79c5ad4f4
PKHeX.Core/Resources/text/script/gen6/const_oras_es-419.txt,resources,extract_facts_only,high,personal/levelup/evolution/eggmove binary resources and localized text,8ad201e80244f630ab5a46922ab72fb79c5ad4f4
PKHeX.Core/Resources/text/script/gen6/const_oras_es.txt,resources,extract_facts_only,high,personal/levelup/evolution/eggmove binary resources and localized text,8ad201e80244f630ab5a46922ab72fb79c5ad4f4
PKHeX.Core/Resources/text/script/gen6/const_oras_fr.txt,resources,extract_facts_only,high,personal/levelup/evolution/eggmove binary resources and localized text,8ad201e80244f630ab5a46922ab72fb79c5ad4f4
PKHeX.Core/Resources/text/script/gen6/const_oras_ja.txt,resources,extract_facts_only,high,personal/levelup/evolution/eggmove binary resources and localized text,8ad201e80244f630ab5a46922ab72fb79c5ad4f4
PKHeX.Core/Resources/text/script/gen6/const_oras_ko.txt,resources,extract_facts_only,high,personal/levelup/evolution/eggmove binary resources and localized text,8ad201e80244f630ab5a46922ab72fb79c5ad4f4
PKHeX.Core/Resources/text/script/gen6/const_oras_zh-Hans.txt,resources,extract_facts_only,high,personal/levelup/evolution/eggmove binary resources and localized text,8ad201e80244f630ab5a46922ab72fb79c5ad4f4
PKHeX.Core/Resources/text/script/gen6/const_oras_zh-Hant.txt,resources,extract_facts_only,high,personal/levelup/evolution/eggmove binary resources and localized text,8ad201e80244f630ab5a46922ab72fb79c5ad4f4
PKHeX.Core/Resources/text/script/gen6/const_xy_en.txt,resources,extract_facts_only,high,personal/levelup/evolution/eggmove binary resources and localized text,8ad201e80244f630ab5a46922ab72fb79c5ad4f4
PKHeX.Core/Resources/text/script/gen6/const_xy_es-419.txt,resources,extract_facts_only,high,personal/levelup/evolution/eggmove binary resources and localized text,8ad201e80244f630ab5a46922ab72fb79c5ad4f4
PKHeX.Core/Resources/text/script/gen6/const_xy_es.txt,resources,extract_facts_only,high,personal/levelup/evolution/eggmove binary resources and localized text,8ad201e80244f630ab5a46922ab72fb79c5ad4f4
PKHeX.Core/Resources/text/script/gen6/const_xy_fr.txt,resources,extract_facts_only,high,personal/levelup/evolution/eggmove binary resources and localized text,8ad201e80244f630ab5a46922ab72fb79c5ad4f4
PKHeX.Core/Resources/text/script/gen6/const_xy_ja.txt,resources,extract_facts_only,high,personal/levelup/evolution/eggmove binary resources and localized text,8ad201e80244f630ab5a46922ab72fb79c5ad4f4
PKHeX.Core/Resources/text/script/gen6/const_xy_ko.txt,resources,extract_facts_only,high,personal/levelup/evolution/eggmove binary resources and localized text,8ad201e80244f630ab5a46922ab72fb79c5ad4f4
PKHeX.Core/Resources/text/script/gen6/const_xy_zh-Hans.txt,resources,extract_facts_only,high,personal/levelup/evolution/eggmove binary resources and localized text,8ad201e80244f630ab5a46922ab72fb79c5ad4f4
PKHeX.Core/Resources/text/script/gen6/const_xy_zh-Hant.txt,resources,extract_facts_only,high,personal/levelup/evolution/eggmove binary resources and localized text,8ad201e80244f630ab5a46922ab72fb79c5ad4f4
PKHeX.Core/Resources/text/script/gen6/flags_oras_en.txt,resources,extract_facts_only,high,personal/levelup/evolution/eggmove binary resources and localized text,8ad201e80244f630ab5a46922ab72fb79c5ad4f4
PKHeX.Core/Resources/text/script/gen6/flags_oras_es-419.txt,resources,extract_facts_only,high,personal/levelup/evolution/eggmove binary resources and localized text,8ad201e80244f630ab5a46922ab72fb79c5ad4f4
PKHeX.Core/Resources/text/script/gen6/flags_oras_es.txt,resources,extract_facts_only,high,personal/levelup/evolution/eggmove binary resources and localized text,8ad201e80244f630ab5a46922ab72fb79c5ad4f4
PKHeX.Core/Resources/text/script/gen6/flags_oras_fr.txt,resources,extract_facts_only,high,personal/levelup/evolution/eggmove binary resources and localized text,8ad201e80244f630ab5a46922ab72fb79c5ad4f4
PKHeX.Core/Resources/text/script/gen6/flags_oras_ja.txt,resources,extract_facts_only,high,personal/levelup/evolution/eggmove binary resources and localized text,8ad201e80244f630ab5a46922ab72fb79c5ad4f4
PKHeX.Core/Resources/text/script/gen6/flags_oras_ko.txt,resources,extract_facts_only,high,personal/levelup/evolution/eggmove binary resources and localized text,8ad201e80244f630ab5a46922ab72fb79c5ad4f4
PKHeX.Core/Resources/text/script/gen6/flags_oras_zh-Hans.txt,resources,extract_facts_only,high,personal/levelup/evolution/eggmove binary resources and localized text,8ad201e80244f630ab5a46922ab72fb79c5ad4f4
PKHeX.Core/Resources/text/script/gen6/flags_oras_zh-Hant.txt,resources,extract_facts_only,high,personal/levelup/evolution/eggmove binary resources and localized text,8ad201e80244f630ab5a46922ab72fb79c5ad4f4
PKHeX.Core/Resources/text/script/gen6/flags_xy_en.txt,resources,extract_facts_only,high,personal/levelup/evolution/eggmove binary resources and localized text,8ad201e80244f630ab5a46922ab72fb79c5ad4f4
PKHeX.Core/Resources/text/script/gen6/flags_xy_es-419.txt,resources,extract_facts_only,high,personal/levelup/evolution/eggmove binary resources and localized text,8ad201e80244f630ab5a46922ab72fb79c5ad4f4
PKHeX.Core/Resources/text/script/gen6/flags_xy_es.txt,resources,extract_facts_only,high,personal/levelup/evolution/eggmove binary resources and localized text,8ad201e80244f630ab5a46922ab72fb79c5ad4f4
PKHeX.Core/Resources/text/script/gen6/flags_xy_fr.txt,resources,extract_facts_only,high,personal/levelup/evolution/eggmove binary resources and localized text,8ad201e80244f630ab5a46922ab72fb79c5ad4f4
PKHeX.Core/Resources/text/script/gen6/flags_xy_ja.txt,resources,extract_facts_only,high,personal/levelup/evolution/eggmove binary resources and localized text,8ad201e80244f630ab5a46922ab72fb79c5ad4f4
PKHeX.Core/Resources/text/script/gen6/flags_xy_ko.txt,resources,extract_facts_only,high,personal/levelup/evolution/eggmove binary resources and localized text,8ad201e80244f630ab5a46922ab72fb79c5ad4f4
PKHeX.Core/Resources/text/script/gen6/flags_xy_zh-Hans.txt,resources,extract_facts_only,high,personal/levelup/evolution/eggmove binary resources and localized text,8ad201e80244f630ab5a46922ab72fb79c5ad4f4
PKHeX.Core/Resources/text/script/gen6/flags_xy_zh-Hant.txt,resources,extract_facts_only,high,personal/levelup/evolution/eggmove binary resources and localized text,8ad201e80244f630ab5a46922ab72fb79c5ad4f4
PKHeX.Core/Resources/text/script/gen7/const_gg_en.txt,resources,extract_facts_only,high,personal/levelup/evolution/eggmove binary resources and localized text,8ad201e80244f630ab5a46922ab72fb79c5ad4f4
PKHeX.Core/Resources/text/script/gen7/const_gg_es-419.txt,resources,extract_facts_only,high,personal/levelup/evolution/eggmove binary resources and localized text,8ad201e80244f630ab5a46922ab72fb79c5ad4f4
PKHeX.Core/Resources/text/script/gen7/const_gg_es.txt,resources,extract_facts_only,high,personal/levelup/evolution/eggmove binary resources and localized text,8ad201e80244f630ab5a46922ab72fb79c5ad4f4
PKHeX.Core/Resources/text/script/gen7/const_sm_en.txt,resources,extract_facts_only,high,personal/levelup/evolution/eggmove binary resources and localized text,8ad201e80244f630ab5a46922ab72fb79c5ad4f4
PKHeX.Core/Resources/text/script/gen7/const_sm_es-419.txt,resources,extract_facts_only,high,personal/levelup/evolution/eggmove binary resources and localized text,8ad201e80244f630ab5a46922ab72fb79c5ad4f4
PKHeX.Core/Resources/text/script/gen7/const_sm_es.txt,resources,extract_facts_only,high,personal/levelup/evolution/eggmove binary resources and localized text,8ad201e80244f630ab5a46922ab72fb79c5ad4f4
PKHeX.Core/Resources/text/script/gen7/const_sm_fr.txt,resources,extract_facts_only,high,personal/levelup/evolution/eggmove binary resources and localized text,8ad201e80244f630ab5a46922ab72fb79c5ad4f4
PKHeX.Core/Resources/text/script/gen7/const_sm_ja.txt,resources,extract_facts_only,high,personal/levelup/evolution/eggmove binary resources and localized text,8ad201e80244f630ab5a46922ab72fb79c5ad4f4
PKHeX.Core/Resources/text/script/gen7/const_sm_ko.txt,resources,extract_facts_only,high,personal/levelup/evolution/eggmove binary resources and localized text,8ad201e80244f630ab5a46922ab72fb79c5ad4f4
PKHeX.Core/Resources/text/script/gen7/const_sm_zh-Hans.txt,resources,extract_facts_only,high,personal/levelup/evolution/eggmove binary resources and localized text,8ad201e80244f630ab5a46922ab72fb79c5ad4f4
PKHeX.Core/Resources/text/script/gen7/const_sm_zh-Hant.txt,resources,extract_facts_only,high,personal/levelup/evolution/eggmove binary resources and localized text,8ad201e80244f630ab5a46922ab72fb79c5ad4f4
PKHeX.Core/Resources/text/script/gen7/const_usum_en.txt,resources,extract_facts_only,high,personal/levelup/evolution/eggmove binary resources and localized text,8ad201e80244f630ab5a46922ab72fb79c5ad4f4
PKHeX.Core/Resources/text/script/gen7/const_usum_es-419.txt,resources,extract_facts_only,high,personal/levelup/evolution/eggmove binary resources and localized text,8ad201e80244f630ab5a46922ab72fb79c5ad4f4
PKHeX.Core/Resources/text/script/gen7/const_usum_es.txt,resources,extract_facts_only,high,personal/levelup/evolution/eggmove binary resources and localized text,8ad201e80244f630ab5a46922ab72fb79c5ad4f4
PKHeX.Core/Resources/text/script/gen7/const_usum_fr.txt,resources,extract_facts_only,high,personal/levelup/evolution/eggmove binary resources and localized text,8ad201e80244f630ab5a46922ab72fb79c5ad4f4
PKHeX.Core/Resources/text/script/gen7/const_usum_ja.txt,resources,extract_facts_only,high,personal/levelup/evolution/eggmove binary resources and localized text,8ad201e80244f630ab5a46922ab72fb79c5ad4f4
PKHeX.Core/Resources/text/script/gen7/const_usum_ko.txt,resources,extract_facts_only,high,personal/levelup/evolution/eggmove binary resources and localized text,8ad201e80244f630ab5a46922ab72fb79c5ad4f4
PKHeX.Core/Resources/text/script/gen7/const_usum_zh-Hans.txt,resources,extract_facts_only,high,personal/levelup/evolution/eggmove binary resources and localized text,8ad201e80244f630ab5a46922ab72fb79c5ad4f4
PKHeX.Core/Resources/text/script/gen7/const_usum_zh-Hant.txt,resources,extract_facts_only,high,personal/levelup/evolution/eggmove binary resources and localized text,8ad201e80244f630ab5a46922ab72fb79c5ad4f4
PKHeX.Core/Resources/text/script/gen7/flags_gg_en.txt,resources,extract_facts_only,high,personal/levelup/evolution/eggmove binary resources and localized text,8ad201e80244f630ab5a46922ab72fb79c5ad4f4
PKHeX.Core/Resources/text/script/gen7/flags_gg_es-419.txt,resources,extract_facts_only,high,personal/levelup/evolution/eggmove binary resources and localized text,8ad201e80244f630ab5a46922ab72fb79c5ad4f4
PKHeX.Core/Resources/text/script/gen7/flags_gg_es.txt,resources,extract_facts_only,high,personal/levelup/evolution/eggmove binary resources and localized text,8ad201e80244f630ab5a46922ab72fb79c5ad4f4
PKHeX.Core/Resources/text/script/gen7/flags_gg_ko.txt,resources,extract_facts_only,high,personal/levelup/evolution/eggmove binary resources and localized text,8ad201e80244f630ab5a46922ab72fb79c5ad4f4
PKHeX.Core/Resources/text/script/gen7/flags_gg_zh-Hans.txt,resources,extract_facts_only,high,personal/levelup/evolution/eggmove binary resources and localized text,8ad201e80244f630ab5a46922ab72fb79c5ad4f4
PKHeX.Core/Resources/text/script/gen7/flags_gg_zh-Hant.txt,resources,extract_facts_only,high,personal/levelup/evolution/eggmove binary resources and localized text,8ad201e80244f630ab5a46922ab72fb79c5ad4f4
PKHeX.Core/Resources/text/script/gen7/flags_sm_en.txt,resources,extract_facts_only,high,personal/levelup/evolution/eggmove binary resources and localized text,8ad201e80244f630ab5a46922ab72fb79c5ad4f4
PKHeX.Core/Resources/text/script/gen7/flags_sm_es-419.txt,resources,extract_facts_only,high,personal/levelup/evolution/eggmove binary resources and localized text,8ad201e80244f630ab5a46922ab72fb79c5ad4f4
PKHeX.Core/Resources/text/script/gen7/flags_sm_es.txt,resources,extract_facts_only,high,personal/levelup/evolution/eggmove binary resources and localized text,8ad201e80244f630ab5a46922ab72fb79c5ad4f4
PKHeX.Core/Resources/text/script/gen7/flags_sm_fr.txt,resources,extract_facts_only,high,personal/levelup/evolution/eggmove binary resources and localized text,8ad201e80244f630ab5a46922ab72fb79c5ad4f4
PKHeX.Core/Resources/text/script/gen7/flags_sm_ja.txt,resources,extract_facts_only,high,personal/levelup/evolution/eggmove binary resources and localized text,8ad201e80244f630ab5a46922ab72fb79c5ad4f4
PKHeX.Core/Resources/text/script/gen7/flags_sm_ko.txt,resources,extract_facts_only,high,personal/levelup/evolution/eggmove binary resources and localized text,8ad201e80244f630ab5a46922ab72fb79c5ad4f4
PKHeX.Core/Resources/text/script/gen7/flags_sm_zh-Hans.txt,resources,extract_facts_only,high,personal/levelup/evolution/eggmove binary resources and localized text,8ad201e80244f630ab5a46922ab72fb79c5ad4f4
PKHeX.Core/Resources/text/script/gen7/flags_sm_zh-Hant.txt,resources,extract_facts_only,high,personal/levelup/evolution/eggmove binary resources and localized text,8ad201e80244f630ab5a46922ab72fb79c5ad4f4
PKHeX.Core/Resources/text/script/gen7/flags_usum_en.txt,resources,extract_facts_only,high,personal/levelup/evolution/eggmove binary resources and localized text,8ad201e80244f630ab5a46922ab72fb79c5ad4f4
PKHeX.Core/Resources/text/script/gen7/flags_usum_es-419.txt,resources,extract_facts_only,high,personal/levelup/evolution/eggmove binary resources and localized text,8ad201e80244f630ab5a46922ab72fb79c5ad4f4
PKHeX.Core/Resources/text/script/gen7/flags_usum_es.txt,resources,extract_facts_only,high,personal/levelup/evolution/eggmove binary resources and localized text,8ad201e80244f630ab5a46922ab72fb79c5ad4f4
PKHeX.Core/Resources/text/script/gen7/flags_usum_fr.txt,resources,extract_facts_only,high,personal/levelup/evolution/eggmove binary resources and localized text,8ad201e80244f630ab5a46922ab72fb79c5ad4f4
PKHeX.Core/Resources/text/script/gen7/flags_usum_ja.txt,resources,extract_facts_only,high,personal/levelup/evolution/eggmove binary resources and localized text,8ad201e80244f630ab5a46922ab72fb79c5ad4f4
PKHeX.Core/Resources/text/script/gen7/flags_usum_ko.txt,resources,extract_facts_only,high,personal/levelup/evolution/eggmove binary resources and localized text,8ad201e80244f630ab5a46922ab72fb79c5ad4f4
PKHeX.Core/Resources/text/script/gen7/flags_usum_zh-Hans.txt,resources,extract_facts_only,high,personal/levelup/evolution/eggmove binary resources and localized text,8ad201e80244f630ab5a46922ab72fb79c5ad4f4
PKHeX.Core/Resources/text/script/gen7/flags_usum_zh-Hant.txt,resources,extract_facts_only,high,personal/levelup/evolution/eggmove binary resources and localized text,8ad201e80244f630ab5a46922ab72fb79c5ad4f4
PKHeX.Core/Resources/text/script/gen8/flag_bdsp_en.txt,resources,extract_facts_only,high,personal/levelup/evolution/eggmove binary resources and localized text,8ad201e80244f630ab5a46922ab72fb79c5ad4f4
PKHeX.Core/Resources/text/script/gen8/flag_bdsp_es-419.txt,resources,extract_facts_only,high,personal/levelup/evolution/eggmove binary resources and localized text,8ad201e80244f630ab5a46922ab72fb79c5ad4f4
PKHeX.Core/Resources/text/script/gen8/flag_bdsp_es.txt,resources,extract_facts_only,high,personal/levelup/evolution/eggmove binary resources and localized text,8ad201e80244f630ab5a46922ab72fb79c5ad4f4
PKHeX.Core/Resources/text/script/gen8/flag_bdsp_zh-Hans.txt,resources,extract_facts_only,high,personal/levelup/evolution/eggmove binary resources and localized text,8ad201e80244f630ab5a46922ab72fb79c5ad4f4
PKHeX.Core/Resources/text/script/gen8/flag_bdsp_zh-Hant.txt,resources,extract_facts_only,high,personal/levelup/evolution/eggmove binary resources and localized text,8ad201e80244f630ab5a46922ab72fb79c5ad4f4
PKHeX.Core/Resources/text/script/gen8/system_bdsp_en.txt,resources,extract_facts_only,high,personal/levelup/evolution/eggmove binary resources and localized text,8ad201e80244f630ab5a46922ab72fb79c5ad4f4
PKHeX.Core/Resources/text/script/gen8/work_bdsp_en.txt,resources,extract_facts_only,high,personal/levelup/evolution/eggmove binary resources and localized text,8ad201e80244f630ab5a46922ab72fb79c5ad4f4
PKHeX.Core/Resources/text/script/gen8/work_bdsp_es-419.txt,resources,extract_facts_only,high,personal/levelup/evolution/eggmove binary resources and localized text,8ad201e80244f630ab5a46922ab72fb79c5ad4f4
PKHeX.Core/Resources/text/script/gen8/work_bdsp_es.txt,resources,extract_facts_only,high,personal/levelup/evolution/eggmove binary resources and localized text,8ad201e80244f630ab5a46922ab72fb79c5ad4f4
PKHeX.Core/Resources/text/script/gen8/work_bdsp_zh-Hans.txt,resources,extract_facts_only,high,personal/levelup/evolution/eggmove binary resources and localized text,8ad201e80244f630ab5a46922ab72fb79c5ad4f4
PKHeX.Core/Resources/text/script/gen8/work_bdsp_zh-Hant.txt,resources,extract_facts_only,high,personal/levelup/evolution/eggmove binary resources and localized text,8ad201e80244f630ab5a46922ab72fb79c5ad4f4
PKHeX.Core/Resources/text/wondercard/text_wondercard7_de.txt,resources,extract_facts_only,high,personal/levelup/evolution/eggmove binary resources and localized text,8ad201e80244f630ab5a46922ab72fb79c5ad4f4
PKHeX.Core/Resources/text/wondercard/text_wondercard7_en.txt,resources,extract_facts_only,high,personal/levelup/evolution/eggmove binary resources and localized text,8ad201e80244f630ab5a46922ab72fb79c5ad4f4
PKHeX.Core/Resources/text/wondercard/text_wondercard7_es.txt,resources,extract_facts_only,high,personal/levelup/evolution/eggmove binary resources and localized text,8ad201e80244f630ab5a46922ab72fb79c5ad4f4
PKHeX.Core/Resources/text/wondercard/text_wondercard7_fr.txt,resources,extract_facts_only,high,personal/levelup/evolution/eggmove binary resources and localized text,8ad201e80244f630ab5a46922ab72fb79c5ad4f4
PKHeX.Core/Resources/text/wondercard/text_wondercard7_it.txt,resources,extract_facts_only,high,personal/levelup/evolution/eggmove binary resources and localized text,8ad201e80244f630ab5a46922ab72fb79c5ad4f4
PKHeX.Core/Resources/text/wondercard/text_wondercard7_ja.txt,resources,extract_facts_only,high,personal/levelup/evolution/eggmove binary resources and localized text,8ad201e80244f630ab5a46922ab72fb79c5ad4f4
PKHeX.Core/Resources/text/wondercard/text_wondercard7_ko.txt,resources,extract_facts_only,high,personal/levelup/evolution/eggmove binary resources and localized text,8ad201e80244f630ab5a46922ab72fb79c5ad4f4
PKHeX.Core/Resources/text/wondercard/text_wondercard7_zh-Hans.txt,resources,extract_facts_only,high,personal/levelup/evolution/eggmove binary resources and localized text,8ad201e80244f630ab5a46922ab72fb79c5ad4f4
PKHeX.Core/Resources/text/wondercard/text_wondercard7_zh-Hant.txt,resources,extract_facts_only,high,personal/levelup/evolution/eggmove binary resources and localized text,8ad201e80244f630ab5a46922ab72fb79c5ad4f4
PKHeX.Core/Resources/text/wondercard/text_wondercard8_de.txt,resources,extract_facts_only,high,personal/levelup/evolution/eggmove binary resources and localized text,8ad201e80244f630ab5a46922ab72fb79c5ad4f4
PKHeX.Core/Resources/text/wondercard/text_wondercard8_en.txt,resources,extract_facts_only,high,personal/levelup/evolution/eggmove binary resources and localized text,8ad201e80244f630ab5a46922ab72fb79c5ad4f4
PKHeX.Core/Resources/text/wondercard/text_wondercard8_es.txt,resources,extract_facts_only,high,personal/levelup/evolution/eggmove binary resources and localized text,8ad201e80244f630ab5a46922ab72fb79c5ad4f4
PKHeX.Core/Resources/text/wondercard/text_wondercard8_fr.txt,resources,extract_facts_only,high,personal/levelup/evolution/eggmove binary resources and localized text,8ad201e80244f630ab5a46922ab72fb79c5ad4f4
PKHeX.Core/Resources/text/wondercard/text_wondercard8_it.txt,resources,extract_facts_only,high,personal/levelup/evolution/eggmove binary resources and localized text,8ad201e80244f630ab5a46922ab72fb79c5ad4f4
PKHeX.Core/Resources/text/wondercard/text_wondercard8_ja.txt,resources,extract_facts_only,high,personal/levelup/evolution/eggmove binary resources and localized text,8ad201e80244f630ab5a46922ab72fb79c5ad4f4
PKHeX.Core/Resources/text/wondercard/text_wondercard8_ko.txt,resources,extract_facts_only,high,personal/levelup/evolution/eggmove binary resources and localized text,8ad201e80244f630ab5a46922ab72fb79c5ad4f4
PKHeX.Core/Resources/text/wondercard/text_wondercard8_zh-Hans.txt,resources,extract_facts_only,high,personal/levelup/evolution/eggmove binary resources and localized text,8ad201e80244f630ab5a46922ab72fb79c5ad4f4
PKHeX.Core/Resources/text/wondercard/text_wondercard8_zh-Hant.txt,resources,extract_facts_only,high,personal/levelup/evolution/eggmove binary resources and localized text,8ad201e80244f630ab5a46922ab72fb79c5ad4f4
PKHeX.Core/Resources/text/wondercard/text_wondercard9_de.txt,resources,extract_facts_only,high,personal/levelup/evolution/eggmove binary resources and localized text,8ad201e80244f630ab5a46922ab72fb79c5ad4f4
PKHeX.Core/Resources/text/wondercard/text_wondercard9_en.txt,resources,extract_facts_only,high,personal/levelup/evolution/eggmove binary resources and localized text,8ad201e80244f630ab5a46922ab72fb79c5ad4f4
PKHeX.Core/Resources/text/wondercard/text_wondercard9_es-419.txt,resources,extract_facts_only,high,personal/levelup/evolution/eggmove binary resources and localized text,8ad201e80244f630ab5a46922ab72fb79c5ad4f4
PKHeX.Core/Resources/text/wondercard/text_wondercard9_es.txt,resources,extract_facts_only,high,personal/levelup/evolution/eggmove binary resources and localized text,8ad201e80244f630ab5a46922ab72fb79c5ad4f4
PKHeX.Core/Resources/text/wondercard/text_wondercard9_fr.txt,resources,extract_facts_only,high,personal/levelup/evolution/eggmove binary resources and localized text,8ad201e80244f630ab5a46922ab72fb79c5ad4f4
PKHeX.Core/Resources/text/wondercard/text_wondercard9_it.txt,resources,extract_facts_only,high,personal/levelup/evolution/eggmove binary resources and localized text,8ad201e80244f630ab5a46922ab72fb79c5ad4f4
PKHeX.Core/Resources/text/wondercard/text_wondercard9_ja.txt,resources,extract_facts_only,high,personal/levelup/evolution/eggmove binary resources and localized text,8ad201e80244f630ab5a46922ab72fb79c5ad4f4
PKHeX.Core/Resources/text/wondercard/text_wondercard9_ko.txt,resources,extract_facts_only,high,personal/levelup/evolution/eggmove binary resources and localized text,8ad201e80244f630ab5a46922ab72fb79c5ad4f4
PKHeX.Core/Resources/text/wondercard/text_wondercard9_zh-Hans.txt,resources,extract_facts_only,high,personal/levelup/evolution/eggmove binary resources and localized text,8ad201e80244f630ab5a46922ab72fb79c5ad4f4
PKHeX.Core/Resources/text/wondercard/text_wondercard9_zh-Hant.txt,resources,extract_facts_only,high,personal/levelup/evolution/eggmove binary resources and localized text,8ad201e80244f630ab5a46922ab72fb79c5ad4f4
PKHeX.Core/Saves/Abstractions/IStorageCleanup.cs,save_structures,extract_schema_and_offsets,critical,"SAV1-SAV9 structures, blocks, inventory, dex, event flags, time",8ad201e80244f630ab5a46922ab72fb79c5ad4f4
PKHeX.Core/Saves/Abstractions/ITrainerInfo.cs,save_structures,extract_schema_and_offsets,critical,"SAV1-SAV9 structures, blocks, inventory, dex, event flags, time",8ad201e80244f630ab5a46922ab72fb79c5ad4f4
PKHeX.Core/Saves/Abstractions/SimpleTrainerInfo.cs,save_structures,extract_schema_and_offsets,critical,"SAV1-SAV9 structures, blocks, inventory, dex, event flags, time",8ad201e80244f630ab5a46922ab72fb79c5ad4f4
PKHeX.Core/Saves/Access/ISaveBlock5B2W2.cs,save_structures,extract_schema_and_offsets,critical,"SAV1-SAV9 structures, blocks, inventory, dex, event flags, time",8ad201e80244f630ab5a46922ab72fb79c5ad4f4
PKHeX.Core/Saves/Access/ISaveBlock5BW.cs,save_structures,extract_schema_and_offsets,critical,"SAV1-SAV9 structures, blocks, inventory, dex, event flags, time",8ad201e80244f630ab5a46922ab72fb79c5ad4f4
PKHeX.Core/Saves/Access/ISaveBlock6AO.cs,save_structures,extract_schema_and_offsets,critical,"SAV1-SAV9 structures, blocks, inventory, dex, event flags, time",8ad201e80244f630ab5a46922ab72fb79c5ad4f4
PKHeX.Core/Saves/Access/ISaveBlock6Core.cs,save_structures,extract_schema_and_offsets,critical,"SAV1-SAV9 structures, blocks, inventory, dex, event flags, time",8ad201e80244f630ab5a46922ab72fb79c5ad4f4
PKHeX.Core/Saves/Access/ISaveBlock6Main.cs,save_structures,extract_schema_and_offsets,critical,"SAV1-SAV9 structures, blocks, inventory, dex, event flags, time",8ad201e80244f630ab5a46922ab72fb79c5ad4f4
PKHeX.Core/Saves/Access/ISaveBlock6XY.cs,save_structures,extract_schema_and_offsets,critical,"SAV1-SAV9 structures, blocks, inventory, dex, event flags, time",8ad201e80244f630ab5a46922ab72fb79c5ad4f4
PKHeX.Core/Saves/Access/ISaveBlock7b.cs,save_structures,extract_schema_and_offsets,critical,"SAV1-SAV9 structures, blocks, inventory, dex, event flags, time",8ad201e80244f630ab5a46922ab72fb79c5ad4f4
PKHeX.Core/Saves/Access/ISaveBlock7Main.cs,save_structures,extract_schema_and_offsets,critical,"SAV1-SAV9 structures, blocks, inventory, dex, event flags, time",8ad201e80244f630ab5a46922ab72fb79c5ad4f4
PKHeX.Core/Saves/Access/ISaveBlock7SM.cs,save_structures,extract_schema_and_offsets,critical,"SAV1-SAV9 structures, blocks, inventory, dex, event flags, time",8ad201e80244f630ab5a46922ab72fb79c5ad4f4
PKHeX.Core/Saves/Access/ISaveBlock7USUM.cs,save_structures,extract_schema_and_offsets,critical,"SAV1-SAV9 structures, blocks, inventory, dex, event flags, time",8ad201e80244f630ab5a46922ab72fb79c5ad4f4
PKHeX.Core/Saves/Access/ISaveBlock8LA.cs,save_structures,extract_schema_and_offsets,critical,"SAV1-SAV9 structures, blocks, inventory, dex, event flags, time",8ad201e80244f630ab5a46922ab72fb79c5ad4f4
PKHeX.Core/Saves/Access/ISaveBlock8Main.cs,save_structures,extract_schema_and_offsets,critical,"SAV1-SAV9 structures, blocks, inventory, dex, event flags, time",8ad201e80244f630ab5a46922ab72fb79c5ad4f4
PKHeX.Core/Saves/Access/ISaveBlock8SWSH.cs,save_structures,extract_schema_and_offsets,critical,"SAV1-SAV9 structures, blocks, inventory, dex, event flags, time",8ad201e80244f630ab5a46922ab72fb79c5ad4f4
PKHeX.Core/Saves/Access/ISaveBlock9Main.cs,save_structures,extract_schema_and_offsets,critical,"SAV1-SAV9 structures, blocks, inventory, dex, event flags, time",8ad201e80244f630ab5a46922ab72fb79c5ad4f4
PKHeX.Core/Saves/Access/ISaveBlockAccessor.cs,save_structures,extract_schema_and_offsets,critical,"SAV1-SAV9 structures, blocks, inventory, dex, event flags, time",8ad201e80244f630ab5a46922ab72fb79c5ad4f4
PKHeX.Core/Saves/Access/ISCBlockArray.cs,save_structures,extract_schema_and_offsets,critical,"SAV1-SAV9 structures, blocks, inventory, dex, event flags, time",8ad201e80244f630ab5a46922ab72fb79c5ad4f4
PKHeX.Core/Saves/Access/SaveBlockAccessor5B2W2.cs,save_structures,extract_schema_and_offsets,critical,"SAV1-SAV9 structures, blocks, inventory, dex, event flags, time",8ad201e80244f630ab5a46922ab72fb79c5ad4f4
PKHeX.Core/Saves/Access/SaveBlockAccessor5BW.cs,save_structures,extract_schema_and_offsets,critical,"SAV1-SAV9 structures, blocks, inventory, dex, event flags, time",8ad201e80244f630ab5a46922ab72fb79c5ad4f4
PKHeX.Core/Saves/Access/SaveBlockAccessor6AO.cs,save_structures,extract_schema_and_offsets,critical,"SAV1-SAV9 structures, blocks, inventory, dex, event flags, time",8ad201e80244f630ab5a46922ab72fb79c5ad4f4
PKHeX.Core/Saves/Access/SaveBlockAccessor6AODemo.cs,save_structures,extract_schema_and_offsets,critical,"SAV1-SAV9 structures, blocks, inventory, dex, event flags, time",8ad201e80244f630ab5a46922ab72fb79c5ad4f4
PKHeX.Core/Saves/Access/SaveBlockAccessor6XY.cs,save_structures,extract_schema_and_offsets,critical,"SAV1-SAV9 structures, blocks, inventory, dex, event flags, time",8ad201e80244f630ab5a46922ab72fb79c5ad4f4
PKHeX.Core/Saves/Access/SaveBlockAccessor7b.cs,save_structures,extract_schema_and_offsets,critical,"SAV1-SAV9 structures, blocks, inventory, dex, event flags, time",8ad201e80244f630ab5a46922ab72fb79c5ad4f4
PKHeX.Core/Saves/Access/SaveBlockAccessor7SM.cs,save_structures,extract_schema_and_offsets,critical,"SAV1-SAV9 structures, blocks, inventory, dex, event flags, time",8ad201e80244f630ab5a46922ab72fb79c5ad4f4
PKHeX.Core/Saves/Access/SaveBlockAccessor7USUM.cs,save_structures,extract_schema_and_offsets,critical,"SAV1-SAV9 structures, blocks, inventory, dex, event flags, time",8ad201e80244f630ab5a46922ab72fb79c5ad4f4
PKHeX.Core/Saves/Access/SaveBlockAccessor8LA.cs,save_structures,extract_schema_and_offsets,critical,"SAV1-SAV9 structures, blocks, inventory, dex, event flags, time",8ad201e80244f630ab5a46922ab72fb79c5ad4f4
PKHeX.Core/Saves/Access/SaveBlockAccessor8SWSH.cs,save_structures,extract_schema_and_offsets,critical,"SAV1-SAV9 structures, blocks, inventory, dex, event flags, time",8ad201e80244f630ab5a46922ab72fb79c5ad4f4
PKHeX.Core/Saves/Access/SaveBlockAccessor9SV.cs,save_structures,extract_schema_and_offsets,critical,"SAV1-SAV9 structures, blocks, inventory, dex, event flags, time",8ad201e80244f630ab5a46922ab72fb79c5ad4f4
PKHeX.Core/Saves/Access/SaveBlockAccessor9ZA.cs,save_structures,extract_schema_and_offsets,critical,"SAV1-SAV9 structures, blocks, inventory, dex, event flags, time",8ad201e80244f630ab5a46922ab72fb79c5ad4f4
PKHeX.Core/Saves/Access/SaveBlockMetadata.cs,save_structures,extract_schema_and_offsets,critical,"SAV1-SAV9 structures, blocks, inventory, dex, event flags, time",8ad201e80244f630ab5a46922ab72fb79c5ad4f4
PKHeX.Core/Saves/Access/SCBlockAccessor.cs,save_structures,extract_schema_and_offsets,critical,"SAV1-SAV9 structures, blocks, inventory, dex, event flags, time",8ad201e80244f630ab5a46922ab72fb79c5ad4f4
PKHeX.Core/Saves/Blocks/BlockInfo.cs,save_structures,extract_schema_and_offsets,critical,"SAV1-SAV9 structures, blocks, inventory, dex, event flags, time",8ad201e80244f630ab5a46922ab72fb79c5ad4f4
PKHeX.Core/Saves/Blocks/BlockInfo3DS.cs,save_structures,extract_schema_and_offsets,critical,"SAV1-SAV9 structures, blocks, inventory, dex, event flags, time",8ad201e80244f630ab5a46922ab72fb79c5ad4f4
PKHeX.Core/Saves/Blocks/BlockInfo4.cs,save_structures,extract_schema_and_offsets,critical,"SAV1-SAV9 structures, blocks, inventory, dex, event flags, time",8ad201e80244f630ab5a46922ab72fb79c5ad4f4
PKHeX.Core/Saves/Blocks/BlockInfoNDS.cs,save_structures,extract_schema_and_offsets,critical,"SAV1-SAV9 structures, blocks, inventory, dex, event flags, time",8ad201e80244f630ab5a46922ab72fb79c5ad4f4
PKHeX.Core/Saves/Blocks/BlockInfoRSBOX.cs,save_structures,extract_schema_and_offsets,critical,"SAV1-SAV9 structures, blocks, inventory, dex, event flags, time",8ad201e80244f630ab5a46922ab72fb79c5ad4f4
PKHeX.Core/Saves/Blocks/Gen3/ISaveBlock3Large.cs,save_structures,extract_schema_and_offsets,critical,"SAV1-SAV9 structures, blocks, inventory, dex, event flags, time",8ad201e80244f630ab5a46922ab72fb79c5ad4f4
PKHeX.Core/Saves/Blocks/Gen3/ISaveBlock3LargeExpansion.cs,save_structures,extract_schema_and_offsets,critical,"SAV1-SAV9 structures, blocks, inventory, dex, event flags, time",8ad201e80244f630ab5a46922ab72fb79c5ad4f4
PKHeX.Core/Saves/Blocks/Gen3/ISaveBlock3LargeHoenn.cs,save_structures,extract_schema_and_offsets,critical,"SAV1-SAV9 structures, blocks, inventory, dex, event flags, time",8ad201e80244f630ab5a46922ab72fb79c5ad4f4
PKHeX.Core/Saves/Blocks/Gen3/ISaveBlock3Small.cs,save_structures,extract_schema_and_offsets,critical,"SAV1-SAV9 structures, blocks, inventory, dex, event flags, time",8ad201e80244f630ab5a46922ab72fb79c5ad4f4
PKHeX.Core/Saves/Blocks/Gen3/ISaveBlock3SmallExpansion.cs,save_structures,extract_schema_and_offsets,critical,"SAV1-SAV9 structures, blocks, inventory, dex, event flags, time",8ad201e80244f630ab5a46922ab72fb79c5ad4f4
PKHeX.Core/Saves/Blocks/Gen3/ISaveBlock3SmallHoenn.cs,save_structures,extract_schema_and_offsets,critical,"SAV1-SAV9 structures, blocks, inventory, dex, event flags, time",8ad201e80244f630ab5a46922ab72fb79c5ad4f4
PKHeX.Core/Saves/Blocks/Gen3/SaveBlock3LargeE.cs,save_structures,extract_schema_and_offsets,critical,"SAV1-SAV9 structures, blocks, inventory, dex, event flags, time",8ad201e80244f630ab5a46922ab72fb79c5ad4f4
PKHeX.Core/Saves/Blocks/Gen3/SaveBlock3LargeFRLG.cs,save_structures,extract_schema_and_offsets,critical,"SAV1-SAV9 structures, blocks, inventory, dex, event flags, time",8ad201e80244f630ab5a46922ab72fb79c5ad4f4
PKHeX.Core/Saves/Blocks/Gen3/SaveBlock3LargeRS.cs,save_structures,extract_schema_and_offsets,critical,"SAV1-SAV9 structures, blocks, inventory, dex, event flags, time",8ad201e80244f630ab5a46922ab72fb79c5ad4f4
PKHeX.Core/Saves/Blocks/Gen3/SaveBlock3SmallE.cs,save_structures,extract_schema_and_offsets,critical,"SAV1-SAV9 structures, blocks, inventory, dex, event flags, time",8ad201e80244f630ab5a46922ab72fb79c5ad4f4
PKHeX.Core/Saves/Blocks/Gen3/SaveBlock3SmallFRLG.cs,save_structures,extract_schema_and_offsets,critical,"SAV1-SAV9 structures, blocks, inventory, dex, event flags, time",8ad201e80244f630ab5a46922ab72fb79c5ad4f4
PKHeX.Core/Saves/Blocks/Gen3/SaveBlock3SmallRS.cs,save_structures,extract_schema_and_offsets,critical,"SAV1-SAV9 structures, blocks, inventory, dex, event flags, time",8ad201e80244f630ab5a46922ab72fb79c5ad4f4
PKHeX.Core/Saves/Blocks/RecordBlock.cs,save_structures,extract_schema_and_offsets,critical,"SAV1-SAV9 structures, blocks, inventory, dex, event flags, time",8ad201e80244f630ab5a46922ab72fb79c5ad4f4
PKHeX.Core/Saves/Blocks/SaveBlock.cs,save_structures,extract_schema_and_offsets,critical,"SAV1-SAV9 structures, blocks, inventory, dex, event flags, time",8ad201e80244f630ab5a46922ab72fb79c5ad4f4
PKHeX.Core/Saves/Encryption/ColoCrypto.cs,save_structures,extract_schema_and_offsets,critical,"SAV1-SAV9 structures, blocks, inventory, dex, event flags, time",8ad201e80244f630ab5a46922ab72fb79c5ad4f4
PKHeX.Core/Saves/Encryption/GeniusCrypto.cs,save_structures,extract_schema_and_offsets,critical,"SAV1-SAV9 structures, blocks, inventory, dex, event flags, time",8ad201e80244f630ab5a46922ab72fb79c5ad4f4
PKHeX.Core/Saves/Encryption/MemeCrypto/MemeCrypto.cs,save_structures,extract_schema_and_offsets,critical,"SAV1-SAV9 structures, blocks, inventory, dex, event flags, time",8ad201e80244f630ab5a46922ab72fb79c5ad4f4
PKHeX.Core/Saves/Encryption/MemeCrypto/MemeKey.cs,save_structures,extract_schema_and_offsets,critical,"SAV1-SAV9 structures, blocks, inventory, dex, event flags, time",8ad201e80244f630ab5a46922ab72fb79c5ad4f4
PKHeX.Core/Saves/Encryption/MemeCrypto/MemeKeyIndex.cs,save_structures,extract_schema_and_offsets,critical,"SAV1-SAV9 structures, blocks, inventory, dex, event flags, time",8ad201e80244f630ab5a46922ab72fb79c5ad4f4
PKHeX.Core/Saves/Encryption/Providers/IAesCryptographyProvider.cs,save_structures,extract_schema_and_offsets,critical,"SAV1-SAV9 structures, blocks, inventory, dex, event flags, time",8ad201e80244f630ab5a46922ab72fb79c5ad4f4
PKHeX.Core/Saves/Encryption/Providers/IMd5Provider.cs,save_structures,extract_schema_and_offsets,critical,"SAV1-SAV9 structures, blocks, inventory, dex, event flags, time",8ad201e80244f630ab5a46922ab72fb79c5ad4f4
PKHeX.Core/Saves/Encryption/Providers/RuntimeCryptographyProvider.cs,save_structures,extract_schema_and_offsets,critical,"SAV1-SAV9 structures, blocks, inventory, dex, event flags, time",8ad201e80244f630ab5a46922ab72fb79c5ad4f4
PKHeX.Core/Saves/Encryption/SwishCrypto/FnvHash.cs,save_structures,extract_schema_and_offsets,critical,"SAV1-SAV9 structures, blocks, inventory, dex, event flags, time",8ad201e80244f630ab5a46922ab72fb79c5ad4f4
PKHeX.Core/Saves/Encryption/SwishCrypto/SCBlock.cs,save_structures,extract_schema_and_offsets,critical,"SAV1-SAV9 structures, blocks, inventory, dex, event flags, time",8ad201e80244f630ab5a46922ab72fb79c5ad4f4
PKHeX.Core/Saves/Encryption/SwishCrypto/SCBlockCompare.cs,save_structures,extract_schema_and_offsets,critical,"SAV1-SAV9 structures, blocks, inventory, dex, event flags, time",8ad201e80244f630ab5a46922ab72fb79c5ad4f4
PKHeX.Core/Saves/Encryption/SwishCrypto/SCBlockMetadata.cs,save_structures,extract_schema_and_offsets,critical,"SAV1-SAV9 structures, blocks, inventory, dex, event flags, time",8ad201e80244f630ab5a46922ab72fb79c5ad4f4
PKHeX.Core/Saves/Encryption/SwishCrypto/SCBlockUtil.cs,save_structures,extract_schema_and_offsets,critical,"SAV1-SAV9 structures, blocks, inventory, dex, event flags, time",8ad201e80244f630ab5a46922ab72fb79c5ad4f4
PKHeX.Core/Saves/Encryption/SwishCrypto/SCTypeCode.cs,save_structures,extract_schema_and_offsets,critical,"SAV1-SAV9 structures, blocks, inventory, dex, event flags, time",8ad201e80244f630ab5a46922ab72fb79c5ad4f4
PKHeX.Core/Saves/Encryption/SwishCrypto/SCXorShift32.cs,save_structures,extract_schema_and_offsets,critical,"SAV1-SAV9 structures, blocks, inventory, dex, event flags, time",8ad201e80244f630ab5a46922ab72fb79c5ad4f4
PKHeX.Core/Saves/Encryption/SwishCrypto/SwishCrypto.cs,save_structures,extract_schema_and_offsets,critical,"SAV1-SAV9 structures, blocks, inventory, dex, event flags, time",8ad201e80244f630ab5a46922ab72fb79c5ad4f4
PKHeX.Core/Saves/Encryption/XDCrypto.cs,save_structures,extract_schema_and_offsets,critical,"SAV1-SAV9 structures, blocks, inventory, dex, event flags, time",8ad201e80244f630ab5a46922ab72fb79c5ad4f4
PKHeX.Core/Saves/MemoryCard/DEntry.cs,save_structures,extract_schema_and_offsets,critical,"SAV1-SAV9 structures, blocks, inventory, dex, event flags, time",8ad201e80244f630ab5a46922ab72fb79c5ad4f4
PKHeX.Core/Saves/MemoryCard/MemoryCardChecksumStatus.cs,save_structures,extract_schema_and_offsets,critical,"SAV1-SAV9 structures, blocks, inventory, dex, event flags, time",8ad201e80244f630ab5a46922ab72fb79c5ad4f4
PKHeX.Core/Saves/MemoryCard/MemoryCardSaveStatus.cs,save_structures,extract_schema_and_offsets,critical,"SAV1-SAV9 structures, blocks, inventory, dex, event flags, time",8ad201e80244f630ab5a46922ab72fb79c5ad4f4
PKHeX.Core/Saves/MemoryCard/SAV3GCMemoryCard.cs,save_structures,extract_schema_and_offsets,critical,"SAV1-SAV9 structures, blocks, inventory, dex, event flags, time",8ad201e80244f630ab5a46922ab72fb79c5ad4f4
PKHeX.Core/Saves/SAV_BEEF.cs,save_structures,extract_schema_and_offsets,critical,"SAV1-SAV9 structures, blocks, inventory, dex, event flags, time",8ad201e80244f630ab5a46922ab72fb79c5ad4f4
PKHeX.Core/Saves/SAV_STADIUM.cs,save_structures,extract_schema_and_offsets,critical,"SAV1-SAV9 structures, blocks, inventory, dex, event flags, time",8ad201e80244f630ab5a46922ab72fb79c5ad4f4
PKHeX.Core/Saves/SAV1.cs,save_structures,extract_schema_and_offsets,critical,"SAV1-SAV9 structures, blocks, inventory, dex, event flags, time",8ad201e80244f630ab5a46922ab72fb79c5ad4f4
PKHeX.Core/Saves/SAV1Stadium.cs,save_structures,extract_schema_and_offsets,critical,"SAV1-SAV9 structures, blocks, inventory, dex, event flags, time",8ad201e80244f630ab5a46922ab72fb79c5ad4f4
PKHeX.Core/Saves/SAV1StadiumJ.cs,save_structures,extract_schema_and_offsets,critical,"SAV1-SAV9 structures, blocks, inventory, dex, event flags, time",8ad201e80244f630ab5a46922ab72fb79c5ad4f4
PKHeX.Core/Saves/SAV2.cs,save_structures,extract_schema_and_offsets,critical,"SAV1-SAV9 structures, blocks, inventory, dex, event flags, time",8ad201e80244f630ab5a46922ab72fb79c5ad4f4
PKHeX.Core/Saves/SAV2Stadium.cs,save_structures,extract_schema_and_offsets,critical,"SAV1-SAV9 structures, blocks, inventory, dex, event flags, time",8ad201e80244f630ab5a46922ab72fb79c5ad4f4
PKHeX.Core/Saves/SAV3.cs,save_structures,extract_schema_and_offsets,critical,"SAV1-SAV9 structures, blocks, inventory, dex, event flags, time",8ad201e80244f630ab5a46922ab72fb79c5ad4f4
PKHeX.Core/Saves/SAV3Colosseum.cs,save_structures,extract_schema_and_offsets,critical,"SAV1-SAV9 structures, blocks, inventory, dex, event flags, time",8ad201e80244f630ab5a46922ab72fb79c5ad4f4
PKHeX.Core/Saves/SAV3E.cs,save_structures,extract_schema_and_offsets,critical,"SAV1-SAV9 structures, blocks, inventory, dex, event flags, time",8ad201e80244f630ab5a46922ab72fb79c5ad4f4
PKHeX.Core/Saves/SAV3FRLG.cs,save_structures,extract_schema_and_offsets,critical,"SAV1-SAV9 structures, blocks, inventory, dex, event flags, time",8ad201e80244f630ab5a46922ab72fb79c5ad4f4
PKHeX.Core/Saves/SAV3RS.cs,save_structures,extract_schema_and_offsets,critical,"SAV1-SAV9 structures, blocks, inventory, dex, event flags, time",8ad201e80244f630ab5a46922ab72fb79c5ad4f4
PKHeX.Core/Saves/SAV3RSBox.cs,save_structures,extract_schema_and_offsets,critical,"SAV1-SAV9 structures, blocks, inventory, dex, event flags, time",8ad201e80244f630ab5a46922ab72fb79c5ad4f4
PKHeX.Core/Saves/SAV3XD.cs,save_structures,extract_schema_and_offsets,critical,"SAV1-SAV9 structures, blocks, inventory, dex, event flags, time",8ad201e80244f630ab5a46922ab72fb79c5ad4f4
PKHeX.Core/Saves/SAV4.cs,save_structures,extract_schema_and_offsets,critical,"SAV1-SAV9 structures, blocks, inventory, dex, event flags, time",8ad201e80244f630ab5a46922ab72fb79c5ad4f4
PKHeX.Core/Saves/SAV4BR.cs,save_structures,extract_schema_and_offsets,critical,"SAV1-SAV9 structures, blocks, inventory, dex, event flags, time",8ad201e80244f630ab5a46922ab72fb79c5ad4f4
PKHeX.Core/Saves/SAV4DP.cs,save_structures,extract_schema_and_offsets,critical,"SAV1-SAV9 structures, blocks, inventory, dex, event flags, time",8ad201e80244f630ab5a46922ab72fb79c5ad4f4
PKHeX.Core/Saves/SAV4HGSS.cs,save_structures,extract_schema_and_offsets,critical,"SAV1-SAV9 structures, blocks, inventory, dex, event flags, time",8ad201e80244f630ab5a46922ab72fb79c5ad4f4
PKHeX.Core/Saves/SAV4Pt.cs,save_structures,extract_schema_and_offsets,critical,"SAV1-SAV9 structures, blocks, inventory, dex, event flags, time",8ad201e80244f630ab5a46922ab72fb79c5ad4f4
PKHeX.Core/Saves/SAV4Ranch.cs,save_structures,extract_schema_and_offsets,critical,"SAV1-SAV9 structures, blocks, inventory, dex, event flags, time",8ad201e80244f630ab5a46922ab72fb79c5ad4f4
PKHeX.Core/Saves/SAV4Sinnoh.cs,save_structures,extract_schema_and_offsets,critical,"SAV1-SAV9 structures, blocks, inventory, dex, event flags, time",8ad201e80244f630ab5a46922ab72fb79c5ad4f4
PKHeX.Core/Saves/SAV5.cs,save_structures,extract_schema_and_offsets,critical,"SAV1-SAV9 structures, blocks, inventory, dex, event flags, time",8ad201e80244f630ab5a46922ab72fb79c5ad4f4
PKHeX.Core/Saves/SAV5B2W2.cs,save_structures,extract_schema_and_offsets,critical,"SAV1-SAV9 structures, blocks, inventory, dex, event flags, time",8ad201e80244f630ab5a46922ab72fb79c5ad4f4
PKHeX.Core/Saves/SAV5BW.cs,save_structures,extract_schema_and_offsets,critical,"SAV1-SAV9 structures, blocks, inventory, dex, event flags, time",8ad201e80244f630ab5a46922ab72fb79c5ad4f4
PKHeX.Core/Saves/SAV6.cs,save_structures,extract_schema_and_offsets,critical,"SAV1-SAV9 structures, blocks, inventory, dex, event flags, time",8ad201e80244f630ab5a46922ab72fb79c5ad4f4
PKHeX.Core/Saves/SAV6AO.cs,save_structures,extract_schema_and_offsets,critical,"SAV1-SAV9 structures, blocks, inventory, dex, event flags, time",8ad201e80244f630ab5a46922ab72fb79c5ad4f4
PKHeX.Core/Saves/SAV6AODemo.cs,save_structures,extract_schema_and_offsets,critical,"SAV1-SAV9 structures, blocks, inventory, dex, event flags, time",8ad201e80244f630ab5a46922ab72fb79c5ad4f4
PKHeX.Core/Saves/SAV6XY.cs,save_structures,extract_schema_and_offsets,critical,"SAV1-SAV9 structures, blocks, inventory, dex, event flags, time",8ad201e80244f630ab5a46922ab72fb79c5ad4f4
PKHeX.Core/Saves/SAV7.cs,save_structures,extract_schema_and_offsets,critical,"SAV1-SAV9 structures, blocks, inventory, dex, event flags, time",8ad201e80244f630ab5a46922ab72fb79c5ad4f4
PKHeX.Core/Saves/SAV7b.cs,save_structures,extract_schema_and_offsets,critical,"SAV1-SAV9 structures, blocks, inventory, dex, event flags, time",8ad201e80244f630ab5a46922ab72fb79c5ad4f4
PKHeX.Core/Saves/SAV7SM.cs,save_structures,extract_schema_and_offsets,critical,"SAV1-SAV9 structures, blocks, inventory, dex, event flags, time",8ad201e80244f630ab5a46922ab72fb79c5ad4f4
PKHeX.Core/Saves/SAV7USUM.cs,save_structures,extract_schema_and_offsets,critical,"SAV1-SAV9 structures, blocks, inventory, dex, event flags, time",8ad201e80244f630ab5a46922ab72fb79c5ad4f4
PKHeX.Core/Saves/SAV8BS.cs,save_structures,extract_schema_and_offsets,critical,"SAV1-SAV9 structures, blocks, inventory, dex, event flags, time",8ad201e80244f630ab5a46922ab72fb79c5ad4f4
PKHeX.Core/Saves/SAV8LA.cs,save_structures,extract_schema_and_offsets,critical,"SAV1-SAV9 structures, blocks, inventory, dex, event flags, time",8ad201e80244f630ab5a46922ab72fb79c5ad4f4
PKHeX.Core/Saves/SAV8SWSH.cs,save_structures,extract_schema_and_offsets,critical,"SAV1-SAV9 structures, blocks, inventory, dex, event flags, time",8ad201e80244f630ab5a46922ab72fb79c5ad4f4
PKHeX.Core/Saves/SAV9SV.cs,save_structures,extract_schema_and_offsets,critical,"SAV1-SAV9 structures, blocks, inventory, dex, event flags, time",8ad201e80244f630ab5a46922ab72fb79c5ad4f4
PKHeX.Core/Saves/SAV9ZA.cs,save_structures,extract_schema_and_offsets,critical,"SAV1-SAV9 structures, blocks, inventory, dex, event flags, time",8ad201e80244f630ab5a46922ab72fb79c5ad4f4
PKHeX.Core/Saves/SaveFile.cs,save_structures,extract_schema_and_offsets,critical,"SAV1-SAV9 structures, blocks, inventory, dex, event flags, time",8ad201e80244f630ab5a46922ab72fb79c5ad4f4
PKHeX.Core/Saves/SaveFileMetadata.cs,save_structures,extract_schema_and_offsets,critical,"SAV1-SAV9 structures, blocks, inventory, dex, event flags, time",8ad201e80244f630ab5a46922ab72fb79c5ad4f4
PKHeX.Core/Saves/SaveFileState.cs,save_structures,extract_schema_and_offsets,critical,"SAV1-SAV9 structures, blocks, inventory, dex, event flags, time",8ad201e80244f630ab5a46922ab72fb79c5ad4f4
PKHeX.Core/Saves/Storage/Bank3.cs,save_structures,extract_schema_and_offsets,critical,"SAV1-SAV9 structures, blocks, inventory, dex, event flags, time",8ad201e80244f630ab5a46922ab72fb79c5ad4f4
PKHeX.Core/Saves/Storage/Bank4.cs,save_structures,extract_schema_and_offsets,critical,"SAV1-SAV9 structures, blocks, inventory, dex, event flags, time",8ad201e80244f630ab5a46922ab72fb79c5ad4f4
PKHeX.Core/Saves/Storage/Bank7.cs,save_structures,extract_schema_and_offsets,critical,"SAV1-SAV9 structures, blocks, inventory, dex, event flags, time",8ad201e80244f630ab5a46922ab72fb79c5ad4f4
PKHeX.Core/Saves/Storage/BulkStorage.cs,save_structures,extract_schema_and_offsets,critical,"SAV1-SAV9 structures, blocks, inventory, dex, event flags, time",8ad201e80244f630ab5a46922ab72fb79c5ad4f4
PKHeX.Core/Saves/Storage/EntityImportSettings.cs,save_structures,extract_schema_and_offsets,critical,"SAV1-SAV9 structures, blocks, inventory, dex, event flags, time",8ad201e80244f630ab5a46922ab72fb79c5ad4f4
PKHeX.Core/Saves/Storage/SlotPointerUtil.cs,save_structures,extract_schema_and_offsets,critical,"SAV1-SAV9 structures, blocks, inventory, dex, event flags, time",8ad201e80244f630ab5a46922ab72fb79c5ad4f4
PKHeX.Core/Saves/Storage/StorageSlotSource.cs,save_structures,extract_schema_and_offsets,critical,"SAV1-SAV9 structures, blocks, inventory, dex, event flags, time",8ad201e80244f630ab5a46922ab72fb79c5ad4f4
PKHeX.Core/Saves/Substructures/Battle Videos/BattleMode.cs,save_structures,extract_schema_and_offsets,critical,"SAV1-SAV9 structures, blocks, inventory, dex, event flags, time",8ad201e80244f630ab5a46922ab72fb79c5ad4f4
PKHeX.Core/Saves/Substructures/Battle Videos/BattleStyle6.cs,save_structures,extract_schema_and_offsets,critical,"SAV1-SAV9 structures, blocks, inventory, dex, event flags, time",8ad201e80244f630ab5a46922ab72fb79c5ad4f4
PKHeX.Core/Saves/Substructures/Battle Videos/BattleVideo.cs,save_structures,extract_schema_and_offsets,critical,"SAV1-SAV9 structures, blocks, inventory, dex, event flags, time",8ad201e80244f630ab5a46922ab72fb79c5ad4f4
PKHeX.Core/Saves/Substructures/Battle Videos/BattleVideo3.cs,save_structures,extract_schema_and_offsets,critical,"SAV1-SAV9 structures, blocks, inventory, dex, event flags, time",8ad201e80244f630ab5a46922ab72fb79c5ad4f4
PKHeX.Core/Saves/Substructures/Battle Videos/BattleVideo4.cs,save_structures,extract_schema_and_offsets,critical,"SAV1-SAV9 structures, blocks, inventory, dex, event flags, time",8ad201e80244f630ab5a46922ab72fb79c5ad4f4
PKHeX.Core/Saves/Substructures/Battle Videos/BattleVideo5.cs,save_structures,extract_schema_and_offsets,critical,"SAV1-SAV9 structures, blocks, inventory, dex, event flags, time",8ad201e80244f630ab5a46922ab72fb79c5ad4f4
PKHeX.Core/Saves/Substructures/Battle Videos/BattleVideo6.cs,save_structures,extract_schema_and_offsets,critical,"SAV1-SAV9 structures, blocks, inventory, dex, event flags, time",8ad201e80244f630ab5a46922ab72fb79c5ad4f4
PKHeX.Core/Saves/Substructures/Battle Videos/BattleVideo7.cs,save_structures,extract_schema_and_offsets,critical,"SAV1-SAV9 structures, blocks, inventory, dex, event flags, time",8ad201e80244f630ab5a46922ab72fb79c5ad4f4
PKHeX.Core/Saves/Substructures/Battle Videos/BVRequestUtil.cs,save_structures,extract_schema_and_offsets,critical,"SAV1-SAV9 structures, blocks, inventory, dex, event flags, time",8ad201e80244f630ab5a46922ab72fb79c5ad4f4
PKHeX.Core/Saves/Substructures/Battle Videos/IBattleVideo.cs,save_structures,extract_schema_and_offsets,critical,"SAV1-SAV9 structures, blocks, inventory, dex, event flags, time",8ad201e80244f630ab5a46922ab72fb79c5ad4f4
PKHeX.Core/Saves/Substructures/Battle Videos/MoveTarget.cs,save_structures,extract_schema_and_offsets,critical,"SAV1-SAV9 structures, blocks, inventory, dex, event flags, time",8ad201e80244f630ab5a46922ab72fb79c5ad4f4
PKHeX.Core/Saves/Substructures/Battle Videos/RotateDirection.cs,save_structures,extract_schema_and_offsets,critical,"SAV1-SAV9 structures, blocks, inventory, dex, event flags, time",8ad201e80244f630ab5a46922ab72fb79c5ad4f4
PKHeX.Core/Saves/Substructures/Battle Videos/TurnActionCode.cs,save_structures,extract_schema_and_offsets,critical,"SAV1-SAV9 structures, blocks, inventory, dex, event flags, time",8ad201e80244f630ab5a46922ab72fb79c5ad4f4
PKHeX.Core/Saves/Substructures/Battle Videos/TurnStartCode.cs,save_structures,extract_schema_and_offsets,critical,"SAV1-SAV9 structures, blocks, inventory, dex, event flags, time",8ad201e80244f630ab5a46922ab72fb79c5ad4f4
PKHeX.Core/Saves/Substructures/Battle Videos/TurnStartInstruction.cs,save_structures,extract_schema_and_offsets,critical,"SAV1-SAV9 structures, blocks, inventory, dex, event flags, time",8ad201e80244f630ab5a46922ab72fb79c5ad4f4
PKHeX.Core/Saves/Substructures/Daycare/IDaycareEggState.cs,save_structures,extract_schema_and_offsets,critical,"SAV1-SAV9 structures, blocks, inventory, dex, event flags, time",8ad201e80244f630ab5a46922ab72fb79c5ad4f4
PKHeX.Core/Saves/Substructures/Daycare/IDaycareExperience.cs,save_structures,extract_schema_and_offsets,critical,"SAV1-SAV9 structures, blocks, inventory, dex, event flags, time",8ad201e80244f630ab5a46922ab72fb79c5ad4f4
PKHeX.Core/Saves/Substructures/Daycare/IDaycareMulti.cs,save_structures,extract_schema_and_offsets,critical,"SAV1-SAV9 structures, blocks, inventory, dex, event flags, time",8ad201e80244f630ab5a46922ab72fb79c5ad4f4
PKHeX.Core/Saves/Substructures/Daycare/IDaycareRandomState.cs,save_structures,extract_schema_and_offsets,critical,"SAV1-SAV9 structures, blocks, inventory, dex, event flags, time",8ad201e80244f630ab5a46922ab72fb79c5ad4f4
PKHeX.Core/Saves/Substructures/Daycare/IDaycareStorage.cs,save_structures,extract_schema_and_offsets,critical,"SAV1-SAV9 structures, blocks, inventory, dex, event flags, time",8ad201e80244f630ab5a46922ab72fb79c5ad4f4
PKHeX.Core/Saves/Substructures/Gen12/G1OverworldSpawner.cs,save_structures,extract_schema_and_offsets,critical,"SAV1-SAV9 structures, blocks, inventory, dex, event flags, time",8ad201e80244f630ab5a46922ab72fb79c5ad4f4
PKHeX.Core/Saves/Substructures/Gen12/HallOfFameEntity1.cs,save_structures,extract_schema_and_offsets,critical,"SAV1-SAV9 structures, blocks, inventory, dex, event flags, time",8ad201e80244f630ab5a46922ab72fb79c5ad4f4
PKHeX.Core/Saves/Substructures/Gen12/SAV1Offsets.cs,save_structures,extract_schema_and_offsets,critical,"SAV1-SAV9 structures, blocks, inventory, dex, event flags, time",8ad201e80244f630ab5a46922ab72fb79c5ad4f4
PKHeX.Core/Saves/Substructures/Gen12/SAV2Offsets.cs,save_structures,extract_schema_and_offsets,critical,"SAV1-SAV9 structures, blocks, inventory, dex, event flags, time",8ad201e80244f630ab5a46922ab72fb79c5ad4f4
PKHeX.Core/Saves/Substructures/Gen3/BattleFrontier3/BattleFrontier3.cs,save_structures,extract_schema_and_offsets,critical,"SAV1-SAV9 structures, blocks, inventory, dex, event flags, time",8ad201e80244f630ab5a46922ab72fb79c5ad4f4
PKHeX.Core/Saves/Substructures/Gen3/BattleFrontier3/BattleFrontierBattleMode3.cs,save_structures,extract_schema_and_offsets,critical,"SAV1-SAV9 structures, blocks, inventory, dex, event flags, time",8ad201e80244f630ab5a46922ab72fb79c5ad4f4
PKHeX.Core/Saves/Substructures/Gen3/BattleFrontier3/BattleFrontierFacility3.cs,save_structures,extract_schema_and_offsets,critical,"SAV1-SAV9 structures, blocks, inventory, dex, event flags, time",8ad201e80244f630ab5a46922ab72fb79c5ad4f4
PKHeX.Core/Saves/Substructures/Gen3/BattleFrontier3/BattleFrontierRecordType3.cs,save_structures,extract_schema_and_offsets,critical,"SAV1-SAV9 structures, blocks, inventory, dex, event flags, time",8ad201e80244f630ab5a46922ab72fb79c5ad4f4
PKHeX.Core/Saves/Substructures/Gen3/BattleFrontier3/BattleFrontierStatType3.cs,save_structures,extract_schema_and_offsets,critical,"SAV1-SAV9 structures, blocks, inventory, dex, event flags, time",8ad201e80244f630ab5a46922ab72fb79c5ad4f4
PKHeX.Core/Saves/Substructures/Gen3/CXD/ShadowInfoEntryColo.cs,save_structures,extract_schema_and_offsets,critical,"SAV1-SAV9 structures, blocks, inventory, dex, event flags, time",8ad201e80244f630ab5a46922ab72fb79c5ad4f4
PKHeX.Core/Saves/Substructures/Gen3/CXD/ShadowInfoEntryXD.cs,save_structures,extract_schema_and_offsets,critical,"SAV1-SAV9 structures, blocks, inventory, dex, event flags, time",8ad201e80244f630ab5a46922ab72fb79c5ad4f4
PKHeX.Core/Saves/Substructures/Gen3/CXD/ShadowInfoTableXD.cs,save_structures,extract_schema_and_offsets,critical,"SAV1-SAV9 structures, blocks, inventory, dex, event flags, time",8ad201e80244f630ab5a46922ab72fb79c5ad4f4
PKHeX.Core/Saves/Substructures/Gen3/Decoration3.cs,save_structures,extract_schema_and_offsets,critical,"SAV1-SAV9 structures, blocks, inventory, dex, event flags, time",8ad201e80244f630ab5a46922ab72fb79c5ad4f4
PKHeX.Core/Saves/Substructures/Gen3/DecorationInventory3.cs,save_structures,extract_schema_and_offsets,critical,"SAV1-SAV9 structures, blocks, inventory, dex, event flags, time",8ad201e80244f630ab5a46922ab72fb79c5ad4f4
PKHeX.Core/Saves/Substructures/Gen3/EReaderBerrySettings.cs,save_structures,extract_schema_and_offsets,critical,"SAV1-SAV9 structures, blocks, inventory, dex, event flags, time",8ad201e80244f630ab5a46922ab72fb79c5ad4f4
PKHeX.Core/Saves/Substructures/Gen3/Events/MysteryEvent3.cs,save_structures,extract_schema_and_offsets,critical,"SAV1-SAV9 structures, blocks, inventory, dex, event flags, time",8ad201e80244f630ab5a46922ab72fb79c5ad4f4
PKHeX.Core/Saves/Substructures/Gen3/Events/MysteryEvent3RS.cs,save_structures,extract_schema_and_offsets,critical,"SAV1-SAV9 structures, blocks, inventory, dex, event flags, time",8ad201e80244f630ab5a46922ab72fb79c5ad4f4
PKHeX.Core/Saves/Substructures/Gen3/Events/WonderCard3.cs,save_structures,extract_schema_and_offsets,critical,"SAV1-SAV9 structures, blocks, inventory, dex, event flags, time",8ad201e80244f630ab5a46922ab72fb79c5ad4f4
PKHeX.Core/Saves/Substructures/Gen3/Events/WonderCard3Extra.cs,save_structures,extract_schema_and_offsets,critical,"SAV1-SAV9 structures, blocks, inventory, dex, event flags, time",8ad201e80244f630ab5a46922ab72fb79c5ad4f4
PKHeX.Core/Saves/Substructures/Gen3/Events/WonderNews3.cs,save_structures,extract_schema_and_offsets,critical,"SAV1-SAV9 structures, blocks, inventory, dex, event flags, time",8ad201e80244f630ab5a46922ab72fb79c5ad4f4
PKHeX.Core/Saves/Substructures/Gen3/Gen3MysteryData.cs,save_structures,extract_schema_and_offsets,critical,"SAV1-SAV9 structures, blocks, inventory, dex, event flags, time",8ad201e80244f630ab5a46922ab72fb79c5ad4f4
PKHeX.Core/Saves/Substructures/Gen3/HallFame3.cs,save_structures,extract_schema_and_offsets,critical,"SAV1-SAV9 structures, blocks, inventory, dex, event flags, time",8ad201e80244f630ab5a46922ab72fb79c5ad4f4
PKHeX.Core/Saves/Substructures/Gen3/Paintings3.cs,save_structures,extract_schema_and_offsets,critical,"SAV1-SAV9 structures, blocks, inventory, dex, event flags, time",8ad201e80244f630ab5a46922ab72fb79c5ad4f4
PKHeX.Core/Saves/Substructures/Gen3/PokeBlock3.cs,save_structures,extract_schema_and_offsets,critical,"SAV1-SAV9 structures, blocks, inventory, dex, event flags, time",8ad201e80244f630ab5a46922ab72fb79c5ad4f4
PKHeX.Core/Saves/Substructures/Gen3/PokeBlock3Case.cs,save_structures,extract_schema_and_offsets,critical,"SAV1-SAV9 structures, blocks, inventory, dex, event flags, time",8ad201e80244f630ab5a46922ab72fb79c5ad4f4
PKHeX.Core/Saves/Substructures/Gen3/PokeBlock3Color.cs,save_structures,extract_schema_and_offsets,critical,"SAV1-SAV9 structures, blocks, inventory, dex, event flags, time",8ad201e80244f630ab5a46922ab72fb79c5ad4f4
PKHeX.Core/Saves/Substructures/Gen3/Record3.cs,save_structures,extract_schema_and_offsets,critical,"SAV1-SAV9 structures, blocks, inventory, dex, event flags, time",8ad201e80244f630ab5a46922ab72fb79c5ad4f4
PKHeX.Core/Saves/Substructures/Gen3/RecordMixing3Gift.cs,save_structures,extract_schema_and_offsets,critical,"SAV1-SAV9 structures, blocks, inventory, dex, event flags, time",8ad201e80244f630ab5a46922ab72fb79c5ad4f4
PKHeX.Core/Saves/Substructures/Gen3/Roamer3.cs,save_structures,extract_schema_and_offsets,critical,"SAV1-SAV9 structures, blocks, inventory, dex, event flags, time",8ad201e80244f630ab5a46922ab72fb79c5ad4f4
PKHeX.Core/Saves/Substructures/Gen3/RTC3.cs,save_structures,extract_schema_and_offsets,critical,"SAV1-SAV9 structures, blocks, inventory, dex, event flags, time",8ad201e80244f630ab5a46922ab72fb79c5ad4f4
PKHeX.Core/Saves/Substructures/Gen3/SAV3BlockDetection.cs,save_structures,extract_schema_and_offsets,critical,"SAV1-SAV9 structures, blocks, inventory, dex, event flags, time",8ad201e80244f630ab5a46922ab72fb79c5ad4f4
PKHeX.Core/Saves/Substructures/Gen3/SecretBase3.cs,save_structures,extract_schema_and_offsets,critical,"SAV1-SAV9 structures, blocks, inventory, dex, event flags, time",8ad201e80244f630ab5a46922ab72fb79c5ad4f4
PKHeX.Core/Saves/Substructures/Gen3/SecretBase3PKM.cs,save_structures,extract_schema_and_offsets,critical,"SAV1-SAV9 structures, blocks, inventory, dex, event flags, time",8ad201e80244f630ab5a46922ab72fb79c5ad4f4
PKHeX.Core/Saves/Substructures/Gen3/SecretBase3Team.cs,save_structures,extract_schema_and_offsets,critical,"SAV1-SAV9 structures, blocks, inventory, dex, event flags, time",8ad201e80244f630ab5a46922ab72fb79c5ad4f4
PKHeX.Core/Saves/Substructures/Gen3/SecretBaseManager3.cs,save_structures,extract_schema_and_offsets,critical,"SAV1-SAV9 structures, blocks, inventory, dex, event flags, time",8ad201e80244f630ab5a46922ab72fb79c5ad4f4
PKHeX.Core/Saves/Substructures/Gen3/StrategyMemo.cs,save_structures,extract_schema_and_offsets,critical,"SAV1-SAV9 structures, blocks, inventory, dex, event flags, time",8ad201e80244f630ab5a46922ab72fb79c5ad4f4
PKHeX.Core/Saves/Substructures/Gen3/Swarm3.cs,save_structures,extract_schema_and_offsets,critical,"SAV1-SAV9 structures, blocks, inventory, dex, event flags, time",8ad201e80244f630ab5a46922ab72fb79c5ad4f4
PKHeX.Core/Saves/Substructures/Gen3/TrainerHillMode3E.cs,save_structures,extract_schema_and_offsets,critical,"SAV1-SAV9 structures, blocks, inventory, dex, event flags, time",8ad201e80244f630ab5a46922ab72fb79c5ad4f4
PKHeX.Core/Saves/Substructures/Gen3/TrendyWord3E.cs,save_structures,extract_schema_and_offsets,critical,"SAV1-SAV9 structures, blocks, inventory, dex, event flags, time",8ad201e80244f630ab5a46922ab72fb79c5ad4f4
PKHeX.Core/Saves/Substructures/Gen4/Accessory4.cs,save_structures,extract_schema_and_offsets,critical,"SAV1-SAV9 structures, blocks, inventory, dex, event flags, time",8ad201e80244f630ab5a46922ab72fb79c5ad4f4
PKHeX.Core/Saves/Substructures/Gen4/Backdrop4.cs,save_structures,extract_schema_and_offsets,critical,"SAV1-SAV9 structures, blocks, inventory, dex, event flags, time",8ad201e80244f630ab5a46922ab72fb79c5ad4f4
PKHeX.Core/Saves/Substructures/Gen4/BattleFrontierFacility4.cs,save_structures,extract_schema_and_offsets,critical,"SAV1-SAV9 structures, blocks, inventory, dex, event flags, time",8ad201e80244f630ab5a46922ab72fb79c5ad4f4
PKHeX.Core/Saves/Substructures/Gen4/BattleFrontierPrintStatus4.cs,save_structures,extract_schema_and_offsets,critical,"SAV1-SAV9 structures, blocks, inventory, dex, event flags, time",8ad201e80244f630ab5a46922ab72fb79c5ad4f4
PKHeX.Core/Saves/Substructures/Gen4/Chatter4.cs,save_structures,extract_schema_and_offsets,critical,"SAV1-SAV9 structures, blocks, inventory, dex, event flags, time",8ad201e80244f630ab5a46922ab72fb79c5ad4f4
PKHeX.Core/Saves/Substructures/Gen4/Dendou4.cs,save_structures,extract_schema_and_offsets,critical,"SAV1-SAV9 structures, blocks, inventory, dex, event flags, time",8ad201e80244f630ab5a46922ab72fb79c5ad4f4
PKHeX.Core/Saves/Substructures/Gen4/Geonet4.cs,save_structures,extract_schema_and_offsets,critical,"SAV1-SAV9 structures, blocks, inventory, dex, event flags, time",8ad201e80244f630ab5a46922ab72fb79c5ad4f4
PKHeX.Core/Saves/Substructures/Gen4/Group4.cs,save_structures,extract_schema_and_offsets,critical,"SAV1-SAV9 structures, blocks, inventory, dex, event flags, time",8ad201e80244f630ab5a46922ab72fb79c5ad4f4
PKHeX.Core/Saves/Substructures/Gen4/Hall4.cs,save_structures,extract_schema_and_offsets,critical,"SAV1-SAV9 structures, blocks, inventory, dex, event flags, time",8ad201e80244f630ab5a46922ab72fb79c5ad4f4
PKHeX.Core/Saves/Substructures/Gen4/HoneyTreeUtil.cs,save_structures,extract_schema_and_offsets,critical,"SAV1-SAV9 structures, blocks, inventory, dex, event flags, time",8ad201e80244f630ab5a46922ab72fb79c5ad4f4
PKHeX.Core/Saves/Substructures/Gen4/HoneyTreeValue.cs,save_structures,extract_schema_and_offsets,critical,"SAV1-SAV9 structures, blocks, inventory, dex, event flags, time",8ad201e80244f630ab5a46922ab72fb79c5ad4f4
PKHeX.Core/Saves/Substructures/Gen4/PBR/BattlePass.cs,save_structures,extract_schema_and_offsets,critical,"SAV1-SAV9 structures, blocks, inventory, dex, event flags, time",8ad201e80244f630ab5a46922ab72fb79c5ad4f4
PKHeX.Core/Saves/Substructures/Gen4/PBR/BattlePassAccessor.cs,save_structures,extract_schema_and_offsets,critical,"SAV1-SAV9 structures, blocks, inventory, dex, event flags, time",8ad201e80244f630ab5a46922ab72fb79c5ad4f4
PKHeX.Core/Saves/Substructures/Gen4/PBR/BattlePassLanguage.cs,save_structures,extract_schema_and_offsets,critical,"SAV1-SAV9 structures, blocks, inventory, dex, event flags, time",8ad201e80244f630ab5a46922ab72fb79c5ad4f4
PKHeX.Core/Saves/Substructures/Gen4/PBR/BattlePassType.cs,save_structures,extract_schema_and_offsets,critical,"SAV1-SAV9 structures, blocks, inventory, dex, event flags, time",8ad201e80244f630ab5a46922ab72fb79c5ad4f4
PKHeX.Core/Saves/Substructures/Gen4/PBR/GearCategory.cs,save_structures,extract_schema_and_offsets,critical,"SAV1-SAV9 structures, blocks, inventory, dex, event flags, time",8ad201e80244f630ab5a46922ab72fb79c5ad4f4
PKHeX.Core/Saves/Substructures/Gen4/PBR/GearUnlock.cs,save_structures,extract_schema_and_offsets,critical,"SAV1-SAV9 structures, blocks, inventory, dex, event flags, time",8ad201e80244f630ab5a46922ab72fb79c5ad4f4
PKHeX.Core/Saves/Substructures/Gen4/PBR/ModelBR.cs,save_structures,extract_schema_and_offsets,critical,"SAV1-SAV9 structures, blocks, inventory, dex, event flags, time",8ad201e80244f630ab5a46922ab72fb79c5ad4f4
PKHeX.Core/Saves/Substructures/Gen4/Poffin4.cs,save_structures,extract_schema_and_offsets,critical,"SAV1-SAV9 structures, blocks, inventory, dex, event flags, time",8ad201e80244f630ab5a46922ab72fb79c5ad4f4
PKHeX.Core/Saves/Substructures/Gen4/PoffinCase4.cs,save_structures,extract_schema_and_offsets,critical,"SAV1-SAV9 structures, blocks, inventory, dex, event flags, time",8ad201e80244f630ab5a46922ab72fb79c5ad4f4
PKHeX.Core/Saves/Substructures/Gen4/PoffinFlavor4.cs,save_structures,extract_schema_and_offsets,critical,"SAV1-SAV9 structures, blocks, inventory, dex, event flags, time",8ad201e80244f630ab5a46922ab72fb79c5ad4f4
PKHeX.Core/Saves/Substructures/Gen4/Pokeathlon/Aprijuice4.cs,save_structures,extract_schema_and_offsets,critical,"SAV1-SAV9 structures, blocks, inventory, dex, event flags, time",8ad201e80244f630ab5a46922ab72fb79c5ad4f4
PKHeX.Core/Saves/Substructures/Gen4/Pokeathlon/DataCard4.cs,save_structures,extract_schema_and_offsets,critical,"SAV1-SAV9 structures, blocks, inventory, dex, event flags, time",8ad201e80244f630ab5a46922ab72fb79c5ad4f4
PKHeX.Core/Saves/Substructures/Gen4/Pokeathlon/Pokeathlon4.cs,save_structures,extract_schema_and_offsets,critical,"SAV1-SAV9 structures, blocks, inventory, dex, event flags, time",8ad201e80244f630ab5a46922ab72fb79c5ad4f4
PKHeX.Core/Saves/Substructures/Gen4/Pokeathlon/PokeathlonConnection4.cs,save_structures,extract_schema_and_offsets,critical,"SAV1-SAV9 structures, blocks, inventory, dex, event flags, time",8ad201e80244f630ab5a46922ab72fb79c5ad4f4
PKHeX.Core/Saves/Substructures/Gen4/Pokeathlon/PokeathlonCourseRecord4.cs,save_structures,extract_schema_and_offsets,critical,"SAV1-SAV9 structures, blocks, inventory, dex, event flags, time",8ad201e80244f630ab5a46922ab72fb79c5ad4f4
PKHeX.Core/Saves/Substructures/Gen4/Pokeathlon/PokeathlonEvent4.cs,save_structures,extract_schema_and_offsets,critical,"SAV1-SAV9 structures, blocks, inventory, dex, event flags, time",8ad201e80244f630ab5a46922ab72fb79c5ad4f4
PKHeX.Core/Saves/Substructures/Gen4/Pokeathlon/PokeathlonEventData4.cs,save_structures,extract_schema_and_offsets,critical,"SAV1-SAV9 structures, blocks, inventory, dex, event flags, time",8ad201e80244f630ab5a46922ab72fb79c5ad4f4
PKHeX.Core/Saves/Substructures/Gen4/Pokeathlon/PokeathlonEventRecord4.cs,save_structures,extract_schema_and_offsets,critical,"SAV1-SAV9 structures, blocks, inventory, dex, event flags, time",8ad201e80244f630ab5a46922ab72fb79c5ad4f4
PKHeX.Core/Saves/Substructures/Gen4/Pokeathlon/PokeathlonEventTrainer4.cs,save_structures,extract_schema_and_offsets,critical,"SAV1-SAV9 structures, blocks, inventory, dex, event flags, time",8ad201e80244f630ab5a46922ab72fb79c5ad4f4
PKHeX.Core/Saves/Substructures/Gen4/Pokeathlon/PokeathlonGlobalCounters4.cs,save_structures,extract_schema_and_offsets,critical,"SAV1-SAV9 structures, blocks, inventory, dex, event flags, time",8ad201e80244f630ab5a46922ab72fb79c5ad4f4
PKHeX.Core/Saves/Substructures/Gen4/Pokeathlon/PokeathlonMedalManager4.cs,save_structures,extract_schema_and_offsets,critical,"SAV1-SAV9 structures, blocks, inventory, dex, event flags, time",8ad201e80244f630ab5a46922ab72fb79c5ad4f4
PKHeX.Core/Saves/Substructures/Gen4/Pokeathlon/PokeathlonParticipant4.cs,save_structures,extract_schema_and_offsets,critical,"SAV1-SAV9 structures, blocks, inventory, dex, event flags, time",8ad201e80244f630ab5a46922ab72fb79c5ad4f4
PKHeX.Core/Saves/Substructures/Gen4/Pokeathlon/PokeathlonStat4.cs,save_structures,extract_schema_and_offsets,critical,"SAV1-SAV9 structures, blocks, inventory, dex, event flags, time",8ad201e80244f630ab5a46922ab72fb79c5ad4f4
PKHeX.Core/Saves/Substructures/Gen4/Pokeathlon/SpeciesForm10.cs,save_structures,extract_schema_and_offsets,critical,"SAV1-SAV9 structures, blocks, inventory, dex, event flags, time",8ad201e80244f630ab5a46922ab72fb79c5ad4f4
PKHeX.Core/Saves/Substructures/Gen4/PokegearNumber.cs,save_structures,extract_schema_and_offsets,critical,"SAV1-SAV9 structures, blocks, inventory, dex, event flags, time",8ad201e80244f630ab5a46922ab72fb79c5ad4f4
PKHeX.Core/Saves/Substructures/Gen4/PoketchApp.cs,save_structures,extract_schema_and_offsets,critical,"SAV1-SAV9 structures, blocks, inventory, dex, event flags, time",8ad201e80244f630ab5a46922ab72fb79c5ad4f4
PKHeX.Core/Saves/Substructures/Gen4/PoketchColor.cs,save_structures,extract_schema_and_offsets,critical,"SAV1-SAV9 structures, blocks, inventory, dex, event flags, time",8ad201e80244f630ab5a46922ab72fb79c5ad4f4
PKHeX.Core/Saves/Substructures/Gen4/Ranch/RanchLevel.cs,save_structures,extract_schema_and_offsets,critical,"SAV1-SAV9 structures, blocks, inventory, dex, event flags, time",8ad201e80244f630ab5a46922ab72fb79c5ad4f4
PKHeX.Core/Saves/Substructures/Gen4/Ranch/RanchMii.cs,save_structures,extract_schema_and_offsets,critical,"SAV1-SAV9 structures, blocks, inventory, dex, event flags, time",8ad201e80244f630ab5a46922ab72fb79c5ad4f4
PKHeX.Core/Saves/Substructures/Gen4/Ranch/RanchOwnershipType.cs,save_structures,extract_schema_and_offsets,critical,"SAV1-SAV9 structures, blocks, inventory, dex, event flags, time",8ad201e80244f630ab5a46922ab72fb79c5ad4f4
PKHeX.Core/Saves/Substructures/Gen4/Ranch/RanchToy.cs,save_structures,extract_schema_and_offsets,critical,"SAV1-SAV9 structures, blocks, inventory, dex, event flags, time",8ad201e80244f630ab5a46922ab72fb79c5ad4f4
PKHeX.Core/Saves/Substructures/Gen4/Ranch/RanchToyType.cs,save_structures,extract_schema_and_offsets,critical,"SAV1-SAV9 structures, blocks, inventory, dex, event flags, time",8ad201e80244f630ab5a46922ab72fb79c5ad4f4
PKHeX.Core/Saves/Substructures/Gen4/Ranch/RanchTrainerMii.cs,save_structures,extract_schema_and_offsets,critical,"SAV1-SAV9 structures, blocks, inventory, dex, event flags, time",8ad201e80244f630ab5a46922ab72fb79c5ad4f4
PKHeX.Core/Saves/Substructures/Gen4/Record4.cs,save_structures,extract_schema_and_offsets,critical,"SAV1-SAV9 structures, blocks, inventory, dex, event flags, time",8ad201e80244f630ab5a46922ab72fb79c5ad4f4
PKHeX.Core/Saves/Substructures/Gen4/Roamer4.cs,save_structures,extract_schema_and_offsets,critical,"SAV1-SAV9 structures, blocks, inventory, dex, event flags, time",8ad201e80244f630ab5a46922ab72fb79c5ad4f4
PKHeX.Core/Saves/Substructures/Gen4/SAV4BlockDetection.cs,save_structures,extract_schema_and_offsets,critical,"SAV1-SAV9 structures, blocks, inventory, dex, event flags, time",8ad201e80244f630ab5a46922ab72fb79c5ad4f4
PKHeX.Core/Saves/Substructures/Gen4/Seal4.cs,save_structures,extract_schema_and_offsets,critical,"SAV1-SAV9 structures, blocks, inventory, dex, event flags, time",8ad201e80244f630ab5a46922ab72fb79c5ad4f4
PKHeX.Core/Saves/Substructures/Gen4/ToughWord4.cs,save_structures,extract_schema_and_offsets,critical,"SAV1-SAV9 structures, blocks, inventory, dex, event flags, time",8ad201e80244f630ab5a46922ab72fb79c5ad4f4
PKHeX.Core/Saves/Substructures/Gen4/VillaFurniture4.cs,save_structures,extract_schema_and_offsets,critical,"SAV1-SAV9 structures, blocks, inventory, dex, event flags, time",8ad201e80244f630ab5a46922ab72fb79c5ad4f4
PKHeX.Core/Saves/Substructures/Gen4/Wallpaper4Pt.cs,save_structures,extract_schema_and_offsets,critical,"SAV1-SAV9 structures, blocks, inventory, dex, event flags, time",8ad201e80244f630ab5a46922ab72fb79c5ad4f4
PKHeX.Core/Saves/Substructures/Gen5/AdventureInfo5.cs,save_structures,extract_schema_and_offsets,critical,"SAV1-SAV9 structures, blocks, inventory, dex, event flags, time",8ad201e80244f630ab5a46922ab72fb79c5ad4f4
PKHeX.Core/Saves/Substructures/Gen5/BattleBox5.cs,save_structures,extract_schema_and_offsets,critical,"SAV1-SAV9 structures, blocks, inventory, dex, event flags, time",8ad201e80244f630ab5a46922ab72fb79c5ad4f4
PKHeX.Core/Saves/Substructures/Gen5/BattleSubway5.cs,save_structures,extract_schema_and_offsets,critical,"SAV1-SAV9 structures, blocks, inventory, dex, event flags, time",8ad201e80244f630ab5a46922ab72fb79c5ad4f4
PKHeX.Core/Saves/Substructures/Gen5/BattleSubwayPlay5.cs,save_structures,extract_schema_and_offsets,critical,"SAV1-SAV9 structures, blocks, inventory, dex, event flags, time",8ad201e80244f630ab5a46922ab72fb79c5ad4f4
PKHeX.Core/Saves/Substructures/Gen5/BattleTest5.cs,save_structures,extract_schema_and_offsets,critical,"SAV1-SAV9 structures, blocks, inventory, dex, event flags, time",8ad201e80244f630ab5a46922ab72fb79c5ad4f4
PKHeX.Core/Saves/Substructures/Gen5/BoxLayout5.cs,save_structures,extract_schema_and_offsets,critical,"SAV1-SAV9 structures, blocks, inventory, dex, event flags, time",8ad201e80244f630ab5a46922ab72fb79c5ad4f4
PKHeX.Core/Saves/Substructures/Gen5/Chatter5.cs,save_structures,extract_schema_and_offsets,critical,"SAV1-SAV9 structures, blocks, inventory, dex, event flags, time",8ad201e80244f630ab5a46922ab72fb79c5ad4f4
PKHeX.Core/Saves/Substructures/Gen5/DateQuad5.cs,save_structures,extract_schema_and_offsets,critical,"SAV1-SAV9 structures, blocks, inventory, dex, event flags, time",8ad201e80244f630ab5a46922ab72fb79c5ad4f4
PKHeX.Core/Saves/Substructures/Gen5/Daycare5.cs,save_structures,extract_schema_and_offsets,critical,"SAV1-SAV9 structures, blocks, inventory, dex, event flags, time",8ad201e80244f630ab5a46922ab72fb79c5ad4f4
PKHeX.Core/Saves/Substructures/Gen5/Encount5.cs,save_structures,extract_schema_and_offsets,critical,"SAV1-SAV9 structures, blocks, inventory, dex, event flags, time",8ad201e80244f630ab5a46922ab72fb79c5ad4f4
PKHeX.Core/Saves/Substructures/Gen5/Entralink5.cs,save_structures,extract_schema_and_offsets,critical,"SAV1-SAV9 structures, blocks, inventory, dex, event flags, time",8ad201e80244f630ab5a46922ab72fb79c5ad4f4
PKHeX.Core/Saves/Substructures/Gen5/Entree/EntreeForest.cs,save_structures,extract_schema_and_offsets,critical,"SAV1-SAV9 structures, blocks, inventory, dex, event flags, time",8ad201e80244f630ab5a46922ab72fb79c5ad4f4
PKHeX.Core/Saves/Substructures/Gen5/Entree/EntreeForestArea.cs,save_structures,extract_schema_and_offsets,critical,"SAV1-SAV9 structures, blocks, inventory, dex, event flags, time",8ad201e80244f630ab5a46922ab72fb79c5ad4f4
PKHeX.Core/Saves/Substructures/Gen5/Entree/EntreeSlot.cs,save_structures,extract_schema_and_offsets,critical,"SAV1-SAV9 structures, blocks, inventory, dex, event flags, time",8ad201e80244f630ab5a46922ab72fb79c5ad4f4
PKHeX.Core/Saves/Substructures/Gen5/EventWork5.cs,save_structures,extract_schema_and_offsets,critical,"SAV1-SAV9 structures, blocks, inventory, dex, event flags, time",8ad201e80244f630ab5a46922ab72fb79c5ad4f4
PKHeX.Core/Saves/Substructures/Gen5/FestaBlock5.cs,save_structures,extract_schema_and_offsets,critical,"SAV1-SAV9 structures, blocks, inventory, dex, event flags, time",8ad201e80244f630ab5a46922ab72fb79c5ad4f4
PKHeX.Core/Saves/Substructures/Gen5/GlobalLink5.cs,save_structures,extract_schema_and_offsets,critical,"SAV1-SAV9 structures, blocks, inventory, dex, event flags, time",8ad201e80244f630ab5a46922ab72fb79c5ad4f4
PKHeX.Core/Saves/Substructures/Gen5/GTS5.cs,save_structures,extract_schema_and_offsets,critical,"SAV1-SAV9 structures, blocks, inventory, dex, event flags, time",8ad201e80244f630ab5a46922ab72fb79c5ad4f4
PKHeX.Core/Saves/Substructures/Gen5/Join Avenue/IJoinAvenueEntity5.cs,save_structures,extract_schema_and_offsets,critical,"SAV1-SAV9 structures, blocks, inventory, dex, event flags, time",8ad201e80244f630ab5a46922ab72fb79c5ad4f4
PKHeX.Core/Saves/Substructures/Gen5/Join Avenue/JoinAvenue5.cs,save_structures,extract_schema_and_offsets,critical,"SAV1-SAV9 structures, blocks, inventory, dex, event flags, time",8ad201e80244f630ab5a46922ab72fb79c5ad4f4
PKHeX.Core/Saves/Substructures/Gen5/Join Avenue/JoinAvenueAssistant5.cs,save_structures,extract_schema_and_offsets,critical,"SAV1-SAV9 structures, blocks, inventory, dex, event flags, time",8ad201e80244f630ab5a46922ab72fb79c5ad4f4
PKHeX.Core/Saves/Substructures/Gen5/Join Avenue/JoinAvenueCeilingColor5.cs,save_structures,extract_schema_and_offsets,critical,"SAV1-SAV9 structures, blocks, inventory, dex, event flags, time",8ad201e80244f630ab5a46922ab72fb79c5ad4f4
PKHeX.Core/Saves/Substructures/Gen5/Join Avenue/JoinAvenueDate5.cs,save_structures,extract_schema_and_offsets,critical,"SAV1-SAV9 structures, blocks, inventory, dex, event flags, time",8ad201e80244f630ab5a46922ab72fb79c5ad4f4
PKHeX.Core/Saves/Substructures/Gen5/Join Avenue/JoinAvenueFan5.cs,save_structures,extract_schema_and_offsets,critical,"SAV1-SAV9 structures, blocks, inventory, dex, event flags, time",8ad201e80244f630ab5a46922ab72fb79c5ad4f4
PKHeX.Core/Saves/Substructures/Gen5/Join Avenue/JoinAvenueRecordIndex5.cs,save_structures,extract_schema_and_offsets,critical,"SAV1-SAV9 structures, blocks, inventory, dex, event flags, time",8ad201e80244f630ab5a46922ab72fb79c5ad4f4
PKHeX.Core/Saves/Substructures/Gen5/Join Avenue/JoinAvenueSettings5.cs,save_structures,extract_schema_and_offsets,critical,"SAV1-SAV9 structures, blocks, inventory, dex, event flags, time",8ad201e80244f630ab5a46922ab72fb79c5ad4f4
PKHeX.Core/Saves/Substructures/Gen5/Join Avenue/JoinAvenueShopType5.cs,save_structures,extract_schema_and_offsets,critical,"SAV1-SAV9 structures, blocks, inventory, dex, event flags, time",8ad201e80244f630ab5a46922ab72fb79c5ad4f4
PKHeX.Core/Saves/Substructures/Gen5/Join Avenue/JoinAvenueVisitor5.cs,save_structures,extract_schema_and_offsets,critical,"SAV1-SAV9 structures, blocks, inventory, dex, event flags, time",8ad201e80244f630ab5a46922ab72fb79c5ad4f4
PKHeX.Core/Saves/Substructures/Gen5/KeySystem5.cs,save_structures,extract_schema_and_offsets,critical,"SAV1-SAV9 structures, blocks, inventory, dex, event flags, time",8ad201e80244f630ab5a46922ab72fb79c5ad4f4
PKHeX.Core/Saves/Substructures/Gen5/Medal5.cs,save_structures,extract_schema_and_offsets,critical,"SAV1-SAV9 structures, blocks, inventory, dex, event flags, time",8ad201e80244f630ab5a46922ab72fb79c5ad4f4
PKHeX.Core/Saves/Substructures/Gen5/MedalList5.cs,save_structures,extract_schema_and_offsets,critical,"SAV1-SAV9 structures, blocks, inventory, dex, event flags, time",8ad201e80244f630ab5a46922ab72fb79c5ad4f4
PKHeX.Core/Saves/Substructures/Gen5/Misc5.cs,save_structures,extract_schema_and_offsets,critical,"SAV1-SAV9 structures, blocks, inventory, dex, event flags, time",8ad201e80244f630ab5a46922ab72fb79c5ad4f4
PKHeX.Core/Saves/Substructures/Gen5/Musical5.cs,save_structures,extract_schema_and_offsets,critical,"SAV1-SAV9 structures, blocks, inventory, dex, event flags, time",8ad201e80244f630ab5a46922ab72fb79c5ad4f4
PKHeX.Core/Saves/Substructures/Gen5/MusicalShow5.cs,save_structures,extract_schema_and_offsets,critical,"SAV1-SAV9 structures, blocks, inventory, dex, event flags, time",8ad201e80244f630ab5a46922ab72fb79c5ad4f4
PKHeX.Core/Saves/Substructures/Gen5/MyItem5B2W2.cs,save_structures,extract_schema_and_offsets,critical,"SAV1-SAV9 structures, blocks, inventory, dex, event flags, time",8ad201e80244f630ab5a46922ab72fb79c5ad4f4
PKHeX.Core/Saves/Substructures/Gen5/MyItem5BW.cs,save_structures,extract_schema_and_offsets,critical,"SAV1-SAV9 structures, blocks, inventory, dex, event flags, time",8ad201e80244f630ab5a46922ab72fb79c5ad4f4
PKHeX.Core/Saves/Substructures/Gen5/MysteryBlock5.cs,save_structures,extract_schema_and_offsets,critical,"SAV1-SAV9 structures, blocks, inventory, dex, event flags, time",8ad201e80244f630ab5a46922ab72fb79c5ad4f4
PKHeX.Core/Saves/Substructures/Gen5/PassPower5.cs,save_structures,extract_schema_and_offsets,critical,"SAV1-SAV9 structures, blocks, inventory, dex, event flags, time",8ad201e80244f630ab5a46922ab72fb79c5ad4f4
PKHeX.Core/Saves/Substructures/Gen5/PlayerData5.cs,save_structures,extract_schema_and_offsets,critical,"SAV1-SAV9 structures, blocks, inventory, dex, event flags, time",8ad201e80244f630ab5a46922ab72fb79c5ad4f4
PKHeX.Core/Saves/Substructures/Gen5/PlayerPosition5.cs,save_structures,extract_schema_and_offsets,critical,"SAV1-SAV9 structures, blocks, inventory, dex, event flags, time",8ad201e80244f630ab5a46922ab72fb79c5ad4f4
PKHeX.Core/Saves/Substructures/Gen5/PokestarMovie5.cs,save_structures,extract_schema_and_offsets,critical,"SAV1-SAV9 structures, blocks, inventory, dex, event flags, time",8ad201e80244f630ab5a46922ab72fb79c5ad4f4
PKHeX.Core/Saves/Substructures/Gen5/PWTBlock5.cs,save_structures,extract_schema_and_offsets,critical,"SAV1-SAV9 structures, blocks, inventory, dex, event flags, time",8ad201e80244f630ab5a46922ab72fb79c5ad4f4
PKHeX.Core/Saves/Substructures/Gen5/PWTRecordID.cs,save_structures,extract_schema_and_offsets,critical,"SAV1-SAV9 structures, blocks, inventory, dex, event flags, time",8ad201e80244f630ab5a46922ab72fb79c5ad4f4
PKHeX.Core/Saves/Substructures/Gen5/Record5.cs,save_structures,extract_schema_and_offsets,critical,"SAV1-SAV9 structures, blocks, inventory, dex, event flags, time",8ad201e80244f630ab5a46922ab72fb79c5ad4f4
PKHeX.Core/Saves/Substructures/Gen5/Roamer5.cs,save_structures,extract_schema_and_offsets,critical,"SAV1-SAV9 structures, blocks, inventory, dex, event flags, time",8ad201e80244f630ab5a46922ab72fb79c5ad4f4
PKHeX.Core/Saves/Substructures/Gen5/SkinInfo5.cs,save_structures,extract_schema_and_offsets,critical,"SAV1-SAV9 structures, blocks, inventory, dex, event flags, time",8ad201e80244f630ab5a46922ab72fb79c5ad4f4
PKHeX.Core/Saves/Substructures/Gen5/TiledImage/CGearBackground.cs,save_structures,extract_schema_and_offsets,critical,"SAV1-SAV9 structures, blocks, inventory, dex, event flags, time",8ad201e80244f630ab5a46922ab72fb79c5ad4f4
PKHeX.Core/Saves/Substructures/Gen5/TiledImage/CGearBackgroundB2W2.cs,save_structures,extract_schema_and_offsets,critical,"SAV1-SAV9 structures, blocks, inventory, dex, event flags, time",8ad201e80244f630ab5a46922ab72fb79c5ad4f4
PKHeX.Core/Saves/Substructures/Gen5/TiledImage/CGearBackgroundBW.cs,save_structures,extract_schema_and_offsets,critical,"SAV1-SAV9 structures, blocks, inventory, dex, event flags, time",8ad201e80244f630ab5a46922ab72fb79c5ad4f4
PKHeX.Core/Saves/Substructures/Gen5/TiledImage/Color15Bit.cs,save_structures,extract_schema_and_offsets,critical,"SAV1-SAV9 structures, blocks, inventory, dex, event flags, time",8ad201e80244f630ab5a46922ab72fb79c5ad4f4
PKHeX.Core/Saves/Substructures/Gen5/TiledImage/ITiledImage.cs,save_structures,extract_schema_and_offsets,critical,"SAV1-SAV9 structures, blocks, inventory, dex, event flags, time",8ad201e80244f630ab5a46922ab72fb79c5ad4f4
PKHeX.Core/Saves/Substructures/Gen5/TiledImage/PaletteColorSet.cs,save_structures,extract_schema_and_offsets,critical,"SAV1-SAV9 structures, blocks, inventory, dex, event flags, time",8ad201e80244f630ab5a46922ab72fb79c5ad4f4
PKHeX.Core/Saves/Substructures/Gen5/TiledImage/PaletteTile.cs,save_structures,extract_schema_and_offsets,critical,"SAV1-SAV9 structures, blocks, inventory, dex, event flags, time",8ad201e80244f630ab5a46922ab72fb79c5ad4f4
PKHeX.Core/Saves/Substructures/Gen5/TiledImage/PaletteTileOperations.cs,save_structures,extract_schema_and_offsets,critical,"SAV1-SAV9 structures, blocks, inventory, dex, event flags, time",8ad201e80244f630ab5a46922ab72fb79c5ad4f4
PKHeX.Core/Saves/Substructures/Gen5/TiledImage/PaletteTileRotation.cs,save_structures,extract_schema_and_offsets,critical,"SAV1-SAV9 structures, blocks, inventory, dex, event flags, time",8ad201e80244f630ab5a46922ab72fb79c5ad4f4
PKHeX.Core/Saves/Substructures/Gen5/TiledImage/PaletteTileSelection.cs,save_structures,extract_schema_and_offsets,critical,"SAV1-SAV9 structures, blocks, inventory, dex, event flags, time",8ad201e80244f630ab5a46922ab72fb79c5ad4f4
PKHeX.Core/Saves/Substructures/Gen5/TiledImage/PokeDexSkin5.cs,save_structures,extract_schema_and_offsets,critical,"SAV1-SAV9 structures, blocks, inventory, dex, event flags, time",8ad201e80244f630ab5a46922ab72fb79c5ad4f4
PKHeX.Core/Saves/Substructures/Gen5/TiledImage/TiledImageConverter.cs,save_structures,extract_schema_and_offsets,critical,"SAV1-SAV9 structures, blocks, inventory, dex, event flags, time",8ad201e80244f630ab5a46922ab72fb79c5ad4f4
PKHeX.Core/Saves/Substructures/Gen5/TiledImage/TiledImageStat.cs,save_structures,extract_schema_and_offsets,critical,"SAV1-SAV9 structures, blocks, inventory, dex, event flags, time",8ad201e80244f630ab5a46922ab72fb79c5ad4f4
PKHeX.Core/Saves/Substructures/Gen5/UnityTower5.cs,save_structures,extract_schema_and_offsets,critical,"SAV1-SAV9 structures, blocks, inventory, dex, event flags, time",8ad201e80244f630ab5a46922ab72fb79c5ad4f4
PKHeX.Core/Saves/Substructures/Gen5/WhiteBlack5.cs,save_structures,extract_schema_and_offsets,critical,"SAV1-SAV9 structures, blocks, inventory, dex, event flags, time",8ad201e80244f630ab5a46922ab72fb79c5ad4f4
PKHeX.Core/Saves/Substructures/Gen5/WorldTournament5.cs,save_structures,extract_schema_and_offsets,critical,"SAV1-SAV9 structures, blocks, inventory, dex, event flags, time",8ad201e80244f630ab5a46922ab72fb79c5ad4f4
PKHeX.Core/Saves/Substructures/Gen6/BattleBox6.cs,save_structures,extract_schema_and_offsets,critical,"SAV1-SAV9 structures, blocks, inventory, dex, event flags, time",8ad201e80244f630ab5a46922ab72fb79c5ad4f4
PKHeX.Core/Saves/Substructures/Gen6/BerryField6AO.cs,save_structures,extract_schema_and_offsets,critical,"SAV1-SAV9 structures, blocks, inventory, dex, event flags, time",8ad201e80244f630ab5a46922ab72fb79c5ad4f4
PKHeX.Core/Saves/Substructures/Gen6/BerryField6XY.cs,save_structures,extract_schema_and_offsets,critical,"SAV1-SAV9 structures, blocks, inventory, dex, event flags, time",8ad201e80244f630ab5a46922ab72fb79c5ad4f4
PKHeX.Core/Saves/Substructures/Gen6/BoxLayout6.cs,save_structures,extract_schema_and_offsets,critical,"SAV1-SAV9 structures, blocks, inventory, dex, event flags, time",8ad201e80244f630ab5a46922ab72fb79c5ad4f4
PKHeX.Core/Saves/Substructures/Gen6/ConfigSave6.cs,save_structures,extract_schema_and_offsets,critical,"SAV1-SAV9 structures, blocks, inventory, dex, event flags, time",8ad201e80244f630ab5a46922ab72fb79c5ad4f4
PKHeX.Core/Saves/Substructures/Gen6/Contest6.cs,save_structures,extract_schema_and_offsets,critical,"SAV1-SAV9 structures, blocks, inventory, dex, event flags, time",8ad201e80244f630ab5a46922ab72fb79c5ad4f4
PKHeX.Core/Saves/Substructures/Gen6/Daycare6AO.cs,save_structures,extract_schema_and_offsets,critical,"SAV1-SAV9 structures, blocks, inventory, dex, event flags, time",8ad201e80244f630ab5a46922ab72fb79c5ad4f4
PKHeX.Core/Saves/Substructures/Gen6/Encount6.cs,save_structures,extract_schema_and_offsets,critical,"SAV1-SAV9 structures, blocks, inventory, dex, event flags, time",8ad201e80244f630ab5a46922ab72fb79c5ad4f4
PKHeX.Core/Saves/Substructures/Gen6/EventWork6.cs,save_structures,extract_schema_and_offsets,critical,"SAV1-SAV9 structures, blocks, inventory, dex, event flags, time",8ad201e80244f630ab5a46922ab72fb79c5ad4f4
PKHeX.Core/Saves/Substructures/Gen6/Fashion6XY.cs,save_structures,extract_schema_and_offsets,critical,"SAV1-SAV9 structures, blocks, inventory, dex, event flags, time",8ad201e80244f630ab5a46922ab72fb79c5ad4f4
PKHeX.Core/Saves/Substructures/Gen6/FieldMoveModelSave6.cs,save_structures,extract_schema_and_offsets,critical,"SAV1-SAV9 structures, blocks, inventory, dex, event flags, time",8ad201e80244f630ab5a46922ab72fb79c5ad4f4
PKHeX.Core/Saves/Substructures/Gen6/GameTime6.cs,save_structures,extract_schema_and_offsets,critical,"SAV1-SAV9 structures, blocks, inventory, dex, event flags, time",8ad201e80244f630ab5a46922ab72fb79c5ad4f4
PKHeX.Core/Saves/Substructures/Gen6/GTS6.cs,save_structures,extract_schema_and_offsets,critical,"SAV1-SAV9 structures, blocks, inventory, dex, event flags, time",8ad201e80244f630ab5a46922ab72fb79c5ad4f4
PKHeX.Core/Saves/Substructures/Gen6/HallFame6Entity.cs,save_structures,extract_schema_and_offsets,critical,"SAV1-SAV9 structures, blocks, inventory, dex, event flags, time",8ad201e80244f630ab5a46922ab72fb79c5ad4f4
PKHeX.Core/Saves/Substructures/Gen6/HallOfFame6.cs,save_structures,extract_schema_and_offsets,critical,"SAV1-SAV9 structures, blocks, inventory, dex, event flags, time",8ad201e80244f630ab5a46922ab72fb79c5ad4f4
PKHeX.Core/Saves/Substructures/Gen6/IGymTeamInfo.cs,save_structures,extract_schema_and_offsets,critical,"SAV1-SAV9 structures, blocks, inventory, dex, event flags, time",8ad201e80244f630ab5a46922ab72fb79c5ad4f4
PKHeX.Core/Saves/Substructures/Gen6/ItemInfo6.cs,save_structures,extract_schema_and_offsets,critical,"SAV1-SAV9 structures, blocks, inventory, dex, event flags, time",8ad201e80244f630ab5a46922ab72fb79c5ad4f4
PKHeX.Core/Saves/Substructures/Gen6/LinkBlock6.cs,save_structures,extract_schema_and_offsets,critical,"SAV1-SAV9 structures, blocks, inventory, dex, event flags, time",8ad201e80244f630ab5a46922ab72fb79c5ad4f4
PKHeX.Core/Saves/Substructures/Gen6/MaisonBlock.cs,save_structures,extract_schema_and_offsets,critical,"SAV1-SAV9 structures, blocks, inventory, dex, event flags, time",8ad201e80244f630ab5a46922ab72fb79c5ad4f4
PKHeX.Core/Saves/Substructures/Gen6/Misc6AO.cs,save_structures,extract_schema_and_offsets,critical,"SAV1-SAV9 structures, blocks, inventory, dex, event flags, time",8ad201e80244f630ab5a46922ab72fb79c5ad4f4
PKHeX.Core/Saves/Substructures/Gen6/Misc6XY.cs,save_structures,extract_schema_and_offsets,critical,"SAV1-SAV9 structures, blocks, inventory, dex, event flags, time",8ad201e80244f630ab5a46922ab72fb79c5ad4f4
PKHeX.Core/Saves/Substructures/Gen6/MyItem6AO.cs,save_structures,extract_schema_and_offsets,critical,"SAV1-SAV9 structures, blocks, inventory, dex, event flags, time",8ad201e80244f630ab5a46922ab72fb79c5ad4f4
PKHeX.Core/Saves/Substructures/Gen6/MyItem6XY.cs,save_structures,extract_schema_and_offsets,critical,"SAV1-SAV9 structures, blocks, inventory, dex, event flags, time",8ad201e80244f630ab5a46922ab72fb79c5ad4f4
PKHeX.Core/Saves/Substructures/Gen6/MyStatus6.cs,save_structures,extract_schema_and_offsets,critical,"SAV1-SAV9 structures, blocks, inventory, dex, event flags, time",8ad201e80244f630ab5a46922ab72fb79c5ad4f4
PKHeX.Core/Saves/Substructures/Gen6/MyStatus6XY.cs,save_structures,extract_schema_and_offsets,critical,"SAV1-SAV9 structures, blocks, inventory, dex, event flags, time",8ad201e80244f630ab5a46922ab72fb79c5ad4f4
PKHeX.Core/Saves/Substructures/Gen6/MysteryBlock6.cs,save_structures,extract_schema_and_offsets,critical,"SAV1-SAV9 structures, blocks, inventory, dex, event flags, time",8ad201e80244f630ab5a46922ab72fb79c5ad4f4
PKHeX.Core/Saves/Substructures/Gen6/OPower/OPower6.cs,save_structures,extract_schema_and_offsets,critical,"SAV1-SAV9 structures, blocks, inventory, dex, event flags, time",8ad201e80244f630ab5a46922ab72fb79c5ad4f4
PKHeX.Core/Saves/Substructures/Gen6/OPower/OPower6BattleType.cs,save_structures,extract_schema_and_offsets,critical,"SAV1-SAV9 structures, blocks, inventory, dex, event flags, time",8ad201e80244f630ab5a46922ab72fb79c5ad4f4
PKHeX.Core/Saves/Substructures/Gen6/OPower/OPower6FieldType.cs,save_structures,extract_schema_and_offsets,critical,"SAV1-SAV9 structures, blocks, inventory, dex, event flags, time",8ad201e80244f630ab5a46922ab72fb79c5ad4f4
PKHeX.Core/Saves/Substructures/Gen6/OPower/OPower6Type.cs,save_structures,extract_schema_and_offsets,critical,"SAV1-SAV9 structures, blocks, inventory, dex, event flags, time",8ad201e80244f630ab5a46922ab72fb79c5ad4f4
PKHeX.Core/Saves/Substructures/Gen6/OPower/OPower6Value.cs,save_structures,extract_schema_and_offsets,critical,"SAV1-SAV9 structures, blocks, inventory, dex, event flags, time",8ad201e80244f630ab5a46922ab72fb79c5ad4f4
PKHeX.Core/Saves/Substructures/Gen6/OPower/OPowerFlagState.cs,save_structures,extract_schema_and_offsets,critical,"SAV1-SAV9 structures, blocks, inventory, dex, event flags, time",8ad201e80244f630ab5a46922ab72fb79c5ad4f4
PKHeX.Core/Saves/Substructures/Gen6/PlayTime6.cs,save_structures,extract_schema_and_offsets,critical,"SAV1-SAV9 structures, blocks, inventory, dex, event flags, time",8ad201e80244f630ab5a46922ab72fb79c5ad4f4
PKHeX.Core/Saves/Substructures/Gen6/PSS6.cs,save_structures,extract_schema_and_offsets,critical,"SAV1-SAV9 structures, blocks, inventory, dex, event flags, time",8ad201e80244f630ab5a46922ab72fb79c5ad4f4
PKHeX.Core/Saves/Substructures/Gen6/Puff6.cs,save_structures,extract_schema_and_offsets,critical,"SAV1-SAV9 structures, blocks, inventory, dex, event flags, time",8ad201e80244f630ab5a46922ab72fb79c5ad4f4
PKHeX.Core/Saves/Substructures/Gen6/RecordBlock6.cs,save_structures,extract_schema_and_offsets,critical,"SAV1-SAV9 structures, blocks, inventory, dex, event flags, time",8ad201e80244f630ab5a46922ab72fb79c5ad4f4
PKHeX.Core/Saves/Substructures/Gen6/SangoInfoBlock.cs,save_structures,extract_schema_and_offsets,critical,"SAV1-SAV9 structures, blocks, inventory, dex, event flags, time",8ad201e80244f630ab5a46922ab72fb79c5ad4f4
PKHeX.Core/Saves/Substructures/Gen6/SecretBase/SecretBase6.cs,save_structures,extract_schema_and_offsets,critical,"SAV1-SAV9 structures, blocks, inventory, dex, event flags, time",8ad201e80244f630ab5a46922ab72fb79c5ad4f4
PKHeX.Core/Saves/Substructures/Gen6/SecretBase/SecretBase6GoodPlacement.cs,save_structures,extract_schema_and_offsets,critical,"SAV1-SAV9 structures, blocks, inventory, dex, event flags, time",8ad201e80244f630ab5a46922ab72fb79c5ad4f4
PKHeX.Core/Saves/Substructures/Gen6/SecretBase/SecretBase6GoodStock.cs,save_structures,extract_schema_and_offsets,critical,"SAV1-SAV9 structures, blocks, inventory, dex, event flags, time",8ad201e80244f630ab5a46922ab72fb79c5ad4f4
PKHeX.Core/Saves/Substructures/Gen6/SecretBase/SecretBase6PKM.cs,save_structures,extract_schema_and_offsets,critical,"SAV1-SAV9 structures, blocks, inventory, dex, event flags, time",8ad201e80244f630ab5a46922ab72fb79c5ad4f4
PKHeX.Core/Saves/Substructures/Gen6/SecretBase/SecretBase6Rank.cs,save_structures,extract_schema_and_offsets,critical,"SAV1-SAV9 structures, blocks, inventory, dex, event flags, time",8ad201e80244f630ab5a46922ab72fb79c5ad4f4
PKHeX.Core/Saves/Substructures/Gen6/SecretBase6Block.cs,save_structures,extract_schema_and_offsets,critical,"SAV1-SAV9 structures, blocks, inventory, dex, event flags, time",8ad201e80244f630ab5a46922ab72fb79c5ad4f4
PKHeX.Core/Saves/Substructures/Gen6/Situation6.cs,save_structures,extract_schema_and_offsets,critical,"SAV1-SAV9 structures, blocks, inventory, dex, event flags, time",8ad201e80244f630ab5a46922ab72fb79c5ad4f4
PKHeX.Core/Saves/Substructures/Gen6/SubEventLog6.cs,save_structures,extract_schema_and_offsets,critical,"SAV1-SAV9 structures, blocks, inventory, dex, event flags, time",8ad201e80244f630ab5a46922ab72fb79c5ad4f4
PKHeX.Core/Saves/Substructures/Gen6/SuperTrainBlock.cs,save_structures,extract_schema_and_offsets,critical,"SAV1-SAV9 structures, blocks, inventory, dex, event flags, time",8ad201e80244f630ab5a46922ab72fb79c5ad4f4
PKHeX.Core/Saves/Substructures/Gen6/TrainerFashion6.cs,save_structures,extract_schema_and_offsets,critical,"SAV1-SAV9 structures, blocks, inventory, dex, event flags, time",8ad201e80244f630ab5a46922ab72fb79c5ad4f4
PKHeX.Core/Saves/Substructures/Gen6/TrainerSprite6.cs,save_structures,extract_schema_and_offsets,critical,"SAV1-SAV9 structures, blocks, inventory, dex, event flags, time",8ad201e80244f630ab5a46922ab72fb79c5ad4f4
PKHeX.Core/Saves/Substructures/Gen6/UnionPokemon6.cs,save_structures,extract_schema_and_offsets,critical,"SAV1-SAV9 structures, blocks, inventory, dex, event flags, time",8ad201e80244f630ab5a46922ab72fb79c5ad4f4
PKHeX.Core/Saves/Substructures/Gen7/BattleAgency7.cs,save_structures,extract_schema_and_offsets,critical,"SAV1-SAV9 structures, blocks, inventory, dex, event flags, time",8ad201e80244f630ab5a46922ab72fb79c5ad4f4
PKHeX.Core/Saves/Substructures/Gen7/BattleTree7.cs,save_structures,extract_schema_and_offsets,critical,"SAV1-SAV9 structures, blocks, inventory, dex, event flags, time",8ad201e80244f630ab5a46922ab72fb79c5ad4f4
PKHeX.Core/Saves/Substructures/Gen7/BoxLayout7.cs,save_structures,extract_schema_and_offsets,critical,"SAV1-SAV9 structures, blocks, inventory, dex, event flags, time",8ad201e80244f630ab5a46922ab72fb79c5ad4f4
PKHeX.Core/Saves/Substructures/Gen7/ConfigSave7.cs,save_structures,extract_schema_and_offsets,critical,"SAV1-SAV9 structures, blocks, inventory, dex, event flags, time",8ad201e80244f630ab5a46922ab72fb79c5ad4f4
PKHeX.Core/Saves/Substructures/Gen7/Daycare7.cs,save_structures,extract_schema_and_offsets,critical,"SAV1-SAV9 structures, blocks, inventory, dex, event flags, time",8ad201e80244f630ab5a46922ab72fb79c5ad4f4
PKHeX.Core/Saves/Substructures/Gen7/EventVarType.cs,save_structures,extract_schema_and_offsets,critical,"SAV1-SAV9 structures, blocks, inventory, dex, event flags, time",8ad201e80244f630ab5a46922ab72fb79c5ad4f4
PKHeX.Core/Saves/Substructures/Gen7/EventWork7.cs,save_structures,extract_schema_and_offsets,critical,"SAV1-SAV9 structures, blocks, inventory, dex, event flags, time",8ad201e80244f630ab5a46922ab72fb79c5ad4f4
PKHeX.Core/Saves/Substructures/Gen7/FashionBlock7.cs,save_structures,extract_schema_and_offsets,critical,"SAV1-SAV9 structures, blocks, inventory, dex, event flags, time",8ad201e80244f630ab5a46922ab72fb79c5ad4f4
PKHeX.Core/Saves/Substructures/Gen7/FestaFacility.cs,save_structures,extract_schema_and_offsets,critical,"SAV1-SAV9 structures, blocks, inventory, dex, event flags, time",8ad201e80244f630ab5a46922ab72fb79c5ad4f4
PKHeX.Core/Saves/Substructures/Gen7/FieldMenu7.cs,save_structures,extract_schema_and_offsets,critical,"SAV1-SAV9 structures, blocks, inventory, dex, event flags, time",8ad201e80244f630ab5a46922ab72fb79c5ad4f4
PKHeX.Core/Saves/Substructures/Gen7/FieldMoveModelSave7.cs,save_structures,extract_schema_and_offsets,critical,"SAV1-SAV9 structures, blocks, inventory, dex, event flags, time",8ad201e80244f630ab5a46922ab72fb79c5ad4f4
PKHeX.Core/Saves/Substructures/Gen7/GameTime7.cs,save_structures,extract_schema_and_offsets,critical,"SAV1-SAV9 structures, blocks, inventory, dex, event flags, time",8ad201e80244f630ab5a46922ab72fb79c5ad4f4
PKHeX.Core/Saves/Substructures/Gen7/GTS7.cs,save_structures,extract_schema_and_offsets,critical,"SAV1-SAV9 structures, blocks, inventory, dex, event flags, time",8ad201e80244f630ab5a46922ab72fb79c5ad4f4
PKHeX.Core/Saves/Substructures/Gen7/JoinFesta7.cs,save_structures,extract_schema_and_offsets,critical,"SAV1-SAV9 structures, blocks, inventory, dex, event flags, time",8ad201e80244f630ab5a46922ab72fb79c5ad4f4
PKHeX.Core/Saves/Substructures/Gen7/LGPE/BelugaBlockIndex.cs,save_structures,extract_schema_and_offsets,critical,"SAV1-SAV9 structures, blocks, inventory, dex, event flags, time",8ad201e80244f630ab5a46922ab72fb79c5ad4f4
PKHeX.Core/Saves/Substructures/Gen7/LGPE/CaptureRecords.cs,save_structures,extract_schema_and_offsets,critical,"SAV1-SAV9 structures, blocks, inventory, dex, event flags, time",8ad201e80244f630ab5a46922ab72fb79c5ad4f4
PKHeX.Core/Saves/Substructures/Gen7/LGPE/ConfigSave7b.cs,save_structures,extract_schema_and_offsets,critical,"SAV1-SAV9 structures, blocks, inventory, dex, event flags, time",8ad201e80244f630ab5a46922ab72fb79c5ad4f4
PKHeX.Core/Saves/Substructures/Gen7/LGPE/Coordinates7b.cs,save_structures,extract_schema_and_offsets,critical,"SAV1-SAV9 structures, blocks, inventory, dex, event flags, time",8ad201e80244f630ab5a46922ab72fb79c5ad4f4
PKHeX.Core/Saves/Substructures/Gen7/LGPE/Daycare7b.cs,save_structures,extract_schema_and_offsets,critical,"SAV1-SAV9 structures, blocks, inventory, dex, event flags, time",8ad201e80244f630ab5a46922ab72fb79c5ad4f4
PKHeX.Core/Saves/Substructures/Gen7/LGPE/EventWork7b.cs,save_structures,extract_schema_and_offsets,critical,"SAV1-SAV9 structures, blocks, inventory, dex, event flags, time",8ad201e80244f630ab5a46922ab72fb79c5ad4f4
PKHeX.Core/Saves/Substructures/Gen7/LGPE/Fashion7b.cs,save_structures,extract_schema_and_offsets,critical,"SAV1-SAV9 structures, blocks, inventory, dex, event flags, time",8ad201e80244f630ab5a46922ab72fb79c5ad4f4
PKHeX.Core/Saves/Substructures/Gen7/LGPE/GoParkStorage.cs,save_structures,extract_schema_and_offsets,critical,"SAV1-SAV9 structures, blocks, inventory, dex, event flags, time",8ad201e80244f630ab5a46922ab72fb79c5ad4f4
PKHeX.Core/Saves/Substructures/Gen7/LGPE/GP1.cs,save_structures,extract_schema_and_offsets,critical,"SAV1-SAV9 structures, blocks, inventory, dex, event flags, time",8ad201e80244f630ab5a46922ab72fb79c5ad4f4
PKHeX.Core/Saves/Substructures/Gen7/LGPE/IEventWork.cs,save_structures,extract_schema_and_offsets,critical,"SAV1-SAV9 structures, blocks, inventory, dex, event flags, time",8ad201e80244f630ab5a46922ab72fb79c5ad4f4
PKHeX.Core/Saves/Substructures/Gen7/LGPE/Misc7b.cs,save_structures,extract_schema_and_offsets,critical,"SAV1-SAV9 structures, blocks, inventory, dex, event flags, time",8ad201e80244f630ab5a46922ab72fb79c5ad4f4
PKHeX.Core/Saves/Substructures/Gen7/LGPE/MyItem7b.cs,save_structures,extract_schema_and_offsets,critical,"SAV1-SAV9 structures, blocks, inventory, dex, event flags, time",8ad201e80244f630ab5a46922ab72fb79c5ad4f4
PKHeX.Core/Saves/Substructures/Gen7/LGPE/MyStatus7b.cs,save_structures,extract_schema_and_offsets,critical,"SAV1-SAV9 structures, blocks, inventory, dex, event flags, time",8ad201e80244f630ab5a46922ab72fb79c5ad4f4
PKHeX.Core/Saves/Substructures/Gen7/LGPE/PlayerGeoLocation7b.cs,save_structures,extract_schema_and_offsets,critical,"SAV1-SAV9 structures, blocks, inventory, dex, event flags, time",8ad201e80244f630ab5a46922ab72fb79c5ad4f4
PKHeX.Core/Saves/Substructures/Gen7/LGPE/PlayTime7b.cs,save_structures,extract_schema_and_offsets,critical,"SAV1-SAV9 structures, blocks, inventory, dex, event flags, time",8ad201e80244f630ab5a46922ab72fb79c5ad4f4
PKHeX.Core/Saves/Substructures/Gen7/LGPE/PokeListHeader.cs,save_structures,extract_schema_and_offsets,critical,"SAV1-SAV9 structures, blocks, inventory, dex, event flags, time",8ad201e80244f630ab5a46922ab72fb79c5ad4f4
PKHeX.Core/Saves/Substructures/Gen7/LGPE/WB7Records.cs,save_structures,extract_schema_and_offsets,critical,"SAV1-SAV9 structures, blocks, inventory, dex, event flags, time",8ad201e80244f630ab5a46922ab72fb79c5ad4f4
PKHeX.Core/Saves/Substructures/Gen7/LGPE/WR7GiftType.cs,save_structures,extract_schema_and_offsets,critical,"SAV1-SAV9 structures, blocks, inventory, dex, event flags, time",8ad201e80244f630ab5a46922ab72fb79c5ad4f4
PKHeX.Core/Saves/Substructures/Gen7/Misc7.cs,save_structures,extract_schema_and_offsets,critical,"SAV1-SAV9 structures, blocks, inventory, dex, event flags, time",8ad201e80244f630ab5a46922ab72fb79c5ad4f4
PKHeX.Core/Saves/Substructures/Gen7/MyItem7SM.cs,save_structures,extract_schema_and_offsets,critical,"SAV1-SAV9 structures, blocks, inventory, dex, event flags, time",8ad201e80244f630ab5a46922ab72fb79c5ad4f4
PKHeX.Core/Saves/Substructures/Gen7/MyItem7USUM.cs,save_structures,extract_schema_and_offsets,critical,"SAV1-SAV9 structures, blocks, inventory, dex, event flags, time",8ad201e80244f630ab5a46922ab72fb79c5ad4f4
PKHeX.Core/Saves/Substructures/Gen7/MyStatus7.cs,save_structures,extract_schema_and_offsets,critical,"SAV1-SAV9 structures, blocks, inventory, dex, event flags, time",8ad201e80244f630ab5a46922ab72fb79c5ad4f4
PKHeX.Core/Saves/Substructures/Gen7/MysteryBlock7.cs,save_structures,extract_schema_and_offsets,critical,"SAV1-SAV9 structures, blocks, inventory, dex, event flags, time",8ad201e80244f630ab5a46922ab72fb79c5ad4f4
PKHeX.Core/Saves/Substructures/Gen7/PlayerBattleStyle7.cs,save_structures,extract_schema_and_offsets,critical,"SAV1-SAV9 structures, blocks, inventory, dex, event flags, time",8ad201e80244f630ab5a46922ab72fb79c5ad4f4
PKHeX.Core/Saves/Substructures/Gen7/PlayerSkinColor7.cs,save_structures,extract_schema_and_offsets,critical,"SAV1-SAV9 structures, blocks, inventory, dex, event flags, time",8ad201e80244f630ab5a46922ab72fb79c5ad4f4
PKHeX.Core/Saves/Substructures/Gen7/PokeFinder7.cs,save_structures,extract_schema_and_offsets,critical,"SAV1-SAV9 structures, blocks, inventory, dex, event flags, time",8ad201e80244f630ab5a46922ab72fb79c5ad4f4
PKHeX.Core/Saves/Substructures/Gen7/QR7.cs,save_structures,extract_schema_and_offsets,critical,"SAV1-SAV9 structures, blocks, inventory, dex, event flags, time",8ad201e80244f630ab5a46922ab72fb79c5ad4f4
PKHeX.Core/Saves/Substructures/Gen7/ResortSave7.cs,save_structures,extract_schema_and_offsets,critical,"SAV1-SAV9 structures, blocks, inventory, dex, event flags, time",8ad201e80244f630ab5a46922ab72fb79c5ad4f4
PKHeX.Core/Saves/Substructures/Gen7/SAV7BlockIndex.cs,save_structures,extract_schema_and_offsets,critical,"SAV1-SAV9 structures, blocks, inventory, dex, event flags, time",8ad201e80244f630ab5a46922ab72fb79c5ad4f4
PKHeX.Core/Saves/Substructures/Gen7/Situation7.cs,save_structures,extract_schema_and_offsets,critical,"SAV1-SAV9 structures, blocks, inventory, dex, event flags, time",8ad201e80244f630ab5a46922ab72fb79c5ad4f4
PKHeX.Core/Saves/Substructures/Gen7/Stamp7.cs,save_structures,extract_schema_and_offsets,critical,"SAV1-SAV9 structures, blocks, inventory, dex, event flags, time",8ad201e80244f630ab5a46922ab72fb79c5ad4f4
PKHeX.Core/Saves/Substructures/Gen7/UnionPokemon7.cs,save_structures,extract_schema_and_offsets,critical,"SAV1-SAV9 structures, blocks, inventory, dex, event flags, time",8ad201e80244f630ab5a46922ab72fb79c5ad4f4
PKHeX.Core/Saves/Substructures/Gen7/WormholeInfoReader.cs,save_structures,extract_schema_and_offsets,critical,"SAV1-SAV9 structures, blocks, inventory, dex, event flags, time",8ad201e80244f630ab5a46922ab72fb79c5ad4f4
PKHeX.Core/Saves/Substructures/Gen8/BS/BattleTowerWork8b.cs,save_structures,extract_schema_and_offsets,critical,"SAV1-SAV9 structures, blocks, inventory, dex, event flags, time",8ad201e80244f630ab5a46922ab72fb79c5ad4f4
PKHeX.Core/Saves/Substructures/Gen8/BS/BattleTrainerStatus8b.cs,save_structures,extract_schema_and_offsets,critical,"SAV1-SAV9 structures, blocks, inventory, dex, event flags, time",8ad201e80244f630ab5a46922ab72fb79c5ad4f4
PKHeX.Core/Saves/Substructures/Gen8/BS/BerryTreeGrowSave8b.cs,save_structures,extract_schema_and_offsets,critical,"SAV1-SAV9 structures, blocks, inventory, dex, event flags, time",8ad201e80244f630ab5a46922ab72fb79c5ad4f4
PKHeX.Core/Saves/Substructures/Gen8/BS/BoxLayout8b.cs,save_structures,extract_schema_and_offsets,critical,"SAV1-SAV9 structures, blocks, inventory, dex, event flags, time",8ad201e80244f630ab5a46922ab72fb79c5ad4f4
PKHeX.Core/Saves/Substructures/Gen8/BS/ConfigSave8b.cs,save_structures,extract_schema_and_offsets,critical,"SAV1-SAV9 structures, blocks, inventory, dex, event flags, time",8ad201e80244f630ab5a46922ab72fb79c5ad4f4
PKHeX.Core/Saves/Substructures/Gen8/BS/Contest8b.cs,save_structures,extract_schema_and_offsets,critical,"SAV1-SAV9 structures, blocks, inventory, dex, event flags, time",8ad201e80244f630ab5a46922ab72fb79c5ad4f4
PKHeX.Core/Saves/Substructures/Gen8/BS/ContestPhotoLanguage8b.cs,save_structures,extract_schema_and_offsets,critical,"SAV1-SAV9 structures, blocks, inventory, dex, event flags, time",8ad201e80244f630ab5a46922ab72fb79c5ad4f4
PKHeX.Core/Saves/Substructures/Gen8/BS/Daycare8b.cs,save_structures,extract_schema_and_offsets,critical,"SAV1-SAV9 structures, blocks, inventory, dex, event flags, time",8ad201e80244f630ab5a46922ab72fb79c5ad4f4
PKHeX.Core/Saves/Substructures/Gen8/BS/EncounterSave8b.cs,save_structures,extract_schema_and_offsets,critical,"SAV1-SAV9 structures, blocks, inventory, dex, event flags, time",8ad201e80244f630ab5a46922ab72fb79c5ad4f4
PKHeX.Core/Saves/Substructures/Gen8/BS/FieldGimmickSave8b.cs,save_structures,extract_schema_and_offsets,critical,"SAV1-SAV9 structures, blocks, inventory, dex, event flags, time",8ad201e80244f630ab5a46922ab72fb79c5ad4f4
PKHeX.Core/Saves/Substructures/Gen8/BS/FieldObjectSave8b.cs,save_structures,extract_schema_and_offsets,critical,"SAV1-SAV9 structures, blocks, inventory, dex, event flags, time",8ad201e80244f630ab5a46922ab72fb79c5ad4f4
PKHeX.Core/Saves/Substructures/Gen8/BS/FlagWork8b.cs,save_structures,extract_schema_and_offsets,critical,"SAV1-SAV9 structures, blocks, inventory, dex, event flags, time",8ad201e80244f630ab5a46922ab72fb79c5ad4f4
PKHeX.Core/Saves/Substructures/Gen8/BS/Gem8Version.cs,save_structures,extract_schema_and_offsets,critical,"SAV1-SAV9 structures, blocks, inventory, dex, event flags, time",8ad201e80244f630ab5a46922ab72fb79c5ad4f4
PKHeX.Core/Saves/Substructures/Gen8/BS/MenuSelect8b.cs,save_structures,extract_schema_and_offsets,critical,"SAV1-SAV9 structures, blocks, inventory, dex, event flags, time",8ad201e80244f630ab5a46922ab72fb79c5ad4f4
PKHeX.Core/Saves/Substructures/Gen8/BS/MyItem8b.cs,save_structures,extract_schema_and_offsets,critical,"SAV1-SAV9 structures, blocks, inventory, dex, event flags, time",8ad201e80244f630ab5a46922ab72fb79c5ad4f4
PKHeX.Core/Saves/Substructures/Gen8/BS/MyStatus8b.cs,save_structures,extract_schema_and_offsets,critical,"SAV1-SAV9 structures, blocks, inventory, dex, event flags, time",8ad201e80244f630ab5a46922ab72fb79c5ad4f4
PKHeX.Core/Saves/Substructures/Gen8/BS/MysteryBlock8b.cs,save_structures,extract_schema_and_offsets,critical,"SAV1-SAV9 structures, blocks, inventory, dex, event flags, time",8ad201e80244f630ab5a46922ab72fb79c5ad4f4
PKHeX.Core/Saves/Substructures/Gen8/BS/Party8b.cs,save_structures,extract_schema_and_offsets,critical,"SAV1-SAV9 structures, blocks, inventory, dex, event flags, time",8ad201e80244f630ab5a46922ab72fb79c5ad4f4
PKHeX.Core/Saves/Substructures/Gen8/BS/PlayerData8b.cs,save_structures,extract_schema_and_offsets,critical,"SAV1-SAV9 structures, blocks, inventory, dex, event flags, time",8ad201e80244f630ab5a46922ab72fb79c5ad4f4
PKHeX.Core/Saves/Substructures/Gen8/BS/PlayTime8b.cs,save_structures,extract_schema_and_offsets,critical,"SAV1-SAV9 structures, blocks, inventory, dex, event flags, time",8ad201e80244f630ab5a46922ab72fb79c5ad4f4
PKHeX.Core/Saves/Substructures/Gen8/BS/PoffinSaveData8b.cs,save_structures,extract_schema_and_offsets,critical,"SAV1-SAV9 structures, blocks, inventory, dex, event flags, time",8ad201e80244f630ab5a46922ab72fb79c5ad4f4
PKHeX.Core/Saves/Substructures/Gen8/BS/Poketch8b.cs,save_structures,extract_schema_and_offsets,critical,"SAV1-SAV9 structures, blocks, inventory, dex, event flags, time",8ad201e80244f630ab5a46922ab72fb79c5ad4f4
PKHeX.Core/Saves/Substructures/Gen8/BS/RandomGroup8b.cs,save_structures,extract_schema_and_offsets,critical,"SAV1-SAV9 structures, blocks, inventory, dex, event flags, time",8ad201e80244f630ab5a46922ab72fb79c5ad4f4
PKHeX.Core/Saves/Substructures/Gen8/BS/Record8b.cs,save_structures,extract_schema_and_offsets,critical,"SAV1-SAV9 structures, blocks, inventory, dex, event flags, time",8ad201e80244f630ab5a46922ab72fb79c5ad4f4
PKHeX.Core/Saves/Substructures/Gen8/BS/RecordAddData8b.cs,save_structures,extract_schema_and_offsets,critical,"SAV1-SAV9 structures, blocks, inventory, dex, event flags, time",8ad201e80244f630ab5a46922ab72fb79c5ad4f4
PKHeX.Core/Saves/Substructures/Gen8/BS/SaveItemShortcut8b.cs,save_structures,extract_schema_and_offsets,critical,"SAV1-SAV9 structures, blocks, inventory, dex, event flags, time",8ad201e80244f630ab5a46922ab72fb79c5ad4f4
PKHeX.Core/Saves/Substructures/Gen8/BS/SealDeco8b.cs,save_structures,extract_schema_and_offsets,critical,"SAV1-SAV9 structures, blocks, inventory, dex, event flags, time",8ad201e80244f630ab5a46922ab72fb79c5ad4f4
PKHeX.Core/Saves/Substructures/Gen8/BS/SealList8b.cs,save_structures,extract_schema_and_offsets,critical,"SAV1-SAV9 structures, blocks, inventory, dex, event flags, time",8ad201e80244f630ab5a46922ab72fb79c5ad4f4
PKHeX.Core/Saves/Substructures/Gen8/BS/SealSticker8b.cs,save_structures,extract_schema_and_offsets,critical,"SAV1-SAV9 structures, blocks, inventory, dex, event flags, time",8ad201e80244f630ab5a46922ab72fb79c5ad4f4
PKHeX.Core/Saves/Substructures/Gen8/BS/SystemData8b.cs,save_structures,extract_schema_and_offsets,critical,"SAV1-SAV9 structures, blocks, inventory, dex, event flags, time",8ad201e80244f630ab5a46922ab72fb79c5ad4f4
PKHeX.Core/Saves/Substructures/Gen8/BS/UgCountRecord8b.cs,save_structures,extract_schema_and_offsets,critical,"SAV1-SAV9 structures, blocks, inventory, dex, event flags, time",8ad201e80244f630ab5a46922ab72fb79c5ad4f4
PKHeX.Core/Saves/Substructures/Gen8/BS/UgItemType.cs,save_structures,extract_schema_and_offsets,critical,"SAV1-SAV9 structures, blocks, inventory, dex, event flags, time",8ad201e80244f630ab5a46922ab72fb79c5ad4f4
PKHeX.Core/Saves/Substructures/Gen8/BS/UgItemUtil.cs,save_structures,extract_schema_and_offsets,critical,"SAV1-SAV9 structures, blocks, inventory, dex, event flags, time",8ad201e80244f630ab5a46922ab72fb79c5ad4f4
PKHeX.Core/Saves/Substructures/Gen8/BS/UgSaveData8b.cs,save_structures,extract_schema_and_offsets,critical,"SAV1-SAV9 structures, blocks, inventory, dex, event flags, time",8ad201e80244f630ab5a46922ab72fb79c5ad4f4
PKHeX.Core/Saves/Substructures/Gen8/BS/UndergroundItem8b.cs,save_structures,extract_schema_and_offsets,critical,"SAV1-SAV9 structures, blocks, inventory, dex, event flags, time",8ad201e80244f630ab5a46922ab72fb79c5ad4f4
PKHeX.Core/Saves/Substructures/Gen8/BS/UndergroundItemList8b.cs,save_structures,extract_schema_and_offsets,critical,"SAV1-SAV9 structures, blocks, inventory, dex, event flags, time",8ad201e80244f630ab5a46922ab72fb79c5ad4f4
PKHeX.Core/Saves/Substructures/Gen8/BS/UnionSaveData8b.cs,save_structures,extract_schema_and_offsets,critical,"SAV1-SAV9 structures, blocks, inventory, dex, event flags, time",8ad201e80244f630ab5a46922ab72fb79c5ad4f4
PKHeX.Core/Saves/Substructures/Gen8/BS/Zukan8b.cs,save_structures,extract_schema_and_offsets,critical,"SAV1-SAV9 structures, blocks, inventory, dex, event flags, time",8ad201e80244f630ab5a46922ab72fb79c5ad4f4
PKHeX.Core/Saves/Substructures/Gen8/BS/ZukanSpinda8b.cs,save_structures,extract_schema_and_offsets,critical,"SAV1-SAV9 structures, blocks, inventory, dex, event flags, time",8ad201e80244f630ab5a46922ab72fb79c5ad4f4
PKHeX.Core/Saves/Substructures/Gen8/LA/BlankBlocks8a.cs,save_structures,extract_schema_and_offsets,critical,"SAV1-SAV9 structures, blocks, inventory, dex, event flags, time",8ad201e80244f630ab5a46922ab72fb79c5ad4f4
PKHeX.Core/Saves/Substructures/Gen8/LA/BoxLayout8a.cs,save_structures,extract_schema_and_offsets,critical,"SAV1-SAV9 structures, blocks, inventory, dex, event flags, time",8ad201e80244f630ab5a46922ab72fb79c5ad4f4
PKHeX.Core/Saves/Substructures/Gen8/LA/Coordinates8a.cs,save_structures,extract_schema_and_offsets,critical,"SAV1-SAV9 structures, blocks, inventory, dex, event flags, time",8ad201e80244f630ab5a46922ab72fb79c5ad4f4
PKHeX.Core/Saves/Substructures/Gen8/LA/MyItem8a.cs,save_structures,extract_schema_and_offsets,critical,"SAV1-SAV9 structures, blocks, inventory, dex, event flags, time",8ad201e80244f630ab5a46922ab72fb79c5ad4f4
PKHeX.Core/Saves/Substructures/Gen8/LA/MyStatus8a.cs,save_structures,extract_schema_and_offsets,critical,"SAV1-SAV9 structures, blocks, inventory, dex, event flags, time",8ad201e80244f630ab5a46922ab72fb79c5ad4f4
PKHeX.Core/Saves/Substructures/Gen8/LA/Party8a.cs,save_structures,extract_schema_and_offsets,critical,"SAV1-SAV9 structures, blocks, inventory, dex, event flags, time",8ad201e80244f630ab5a46922ab72fb79c5ad4f4
PKHeX.Core/Saves/Substructures/Gen8/LA/PlayerFashion8a.cs,save_structures,extract_schema_and_offsets,critical,"SAV1-SAV9 structures, blocks, inventory, dex, event flags, time",8ad201e80244f630ab5a46922ab72fb79c5ad4f4
PKHeX.Core/Saves/Substructures/Gen8/LA/Pokedex/PokedexConstants8a.cs,save_structures,extract_schema_and_offsets,critical,"SAV1-SAV9 structures, blocks, inventory, dex, event flags, time",8ad201e80244f630ab5a46922ab72fb79c5ad4f4
PKHeX.Core/Saves/Substructures/Gen8/LA/Pokedex/PokedexResearchTask8a.cs,save_structures,extract_schema_and_offsets,critical,"SAV1-SAV9 structures, blocks, inventory, dex, event flags, time",8ad201e80244f630ab5a46922ab72fb79c5ad4f4
PKHeX.Core/Saves/Substructures/Gen8/LA/Pokedex/PokedexResearchTaskType8a.cs,save_structures,extract_schema_and_offsets,critical,"SAV1-SAV9 structures, blocks, inventory, dex, event flags, time",8ad201e80244f630ab5a46922ab72fb79c5ad4f4
PKHeX.Core/Saves/Substructures/Gen8/LA/Pokedex/PokedexSave8a.cs,save_structures,extract_schema_and_offsets,critical,"SAV1-SAV9 structures, blocks, inventory, dex, event flags, time",8ad201e80244f630ab5a46922ab72fb79c5ad4f4
PKHeX.Core/Saves/Substructures/Gen8/LA/Pokedex/PokedexSaveData.cs,save_structures,extract_schema_and_offsets,critical,"SAV1-SAV9 structures, blocks, inventory, dex, event flags, time",8ad201e80244f630ab5a46922ab72fb79c5ad4f4
PKHeX.Core/Saves/Substructures/Gen8/LA/Pokedex/PokedexSaveGlobalData.cs,save_structures,extract_schema_and_offsets,critical,"SAV1-SAV9 structures, blocks, inventory, dex, event flags, time",8ad201e80244f630ab5a46922ab72fb79c5ad4f4
PKHeX.Core/Saves/Substructures/Gen8/LA/Pokedex/PokedexSaveLocalData.cs,save_structures,extract_schema_and_offsets,critical,"SAV1-SAV9 structures, blocks, inventory, dex, event flags, time",8ad201e80244f630ab5a46922ab72fb79c5ad4f4
PKHeX.Core/Saves/Substructures/Gen8/LA/Pokedex/PokedexSaveResearchEntry.cs,save_structures,extract_schema_and_offsets,critical,"SAV1-SAV9 structures, blocks, inventory, dex, event flags, time",8ad201e80244f630ab5a46922ab72fb79c5ad4f4
PKHeX.Core/Saves/Substructures/Gen8/LA/Pokedex/PokedexSaveStatisticsEntry.cs,save_structures,extract_schema_and_offsets,critical,"SAV1-SAV9 structures, blocks, inventory, dex, event flags, time",8ad201e80244f630ab5a46922ab72fb79c5ad4f4
PKHeX.Core/Saves/Substructures/Gen8/LA/Pokedex/PokedexTimeOfDay8a.cs,save_structures,extract_schema_and_offsets,critical,"SAV1-SAV9 structures, blocks, inventory, dex, event flags, time",8ad201e80244f630ab5a46922ab72fb79c5ad4f4
PKHeX.Core/Saves/Substructures/Gen8/LA/Pokedex/PokedexType8a.cs,save_structures,extract_schema_and_offsets,critical,"SAV1-SAV9 structures, blocks, inventory, dex, event flags, time",8ad201e80244f630ab5a46922ab72fb79c5ad4f4
PKHeX.Core/Saves/Substructures/Gen8/LA/Pokedex/PokedexUpdateInfo8a.cs,save_structures,extract_schema_and_offsets,critical,"SAV1-SAV9 structures, blocks, inventory, dex, event flags, time",8ad201e80244f630ab5a46922ab72fb79c5ad4f4
PKHeX.Core/Saves/Substructures/Gen8/LA/Spawners/AreaSpawnerSet8a.cs,save_structures,extract_schema_and_offsets,critical,"SAV1-SAV9 structures, blocks, inventory, dex, event flags, time",8ad201e80244f630ab5a46922ab72fb79c5ad4f4
PKHeX.Core/Saves/Substructures/Gen8/LA/Spawners/MassiveOutbreakArea8a.cs,save_structures,extract_schema_and_offsets,critical,"SAV1-SAV9 structures, blocks, inventory, dex, event flags, time",8ad201e80244f630ab5a46922ab72fb79c5ad4f4
PKHeX.Core/Saves/Substructures/Gen8/LA/Spawners/MassiveOutbreakSet8a.cs,save_structures,extract_schema_and_offsets,critical,"SAV1-SAV9 structures, blocks, inventory, dex, event flags, time",8ad201e80244f630ab5a46922ab72fb79c5ad4f4
PKHeX.Core/Saves/Substructures/Gen8/LA/Spawners/MassiveOutbreakSpawner8a.cs,save_structures,extract_schema_and_offsets,critical,"SAV1-SAV9 structures, blocks, inventory, dex, event flags, time",8ad201e80244f630ab5a46922ab72fb79c5ad4f4
PKHeX.Core/Saves/Substructures/Gen8/LA/Spawners/MassiveOutbreakSpawnerStatus.cs,save_structures,extract_schema_and_offsets,critical,"SAV1-SAV9 structures, blocks, inventory, dex, event flags, time",8ad201e80244f630ab5a46922ab72fb79c5ad4f4
PKHeX.Core/Saves/Substructures/Gen8/LA/Spawners/MassOutbreakSet8a.cs,save_structures,extract_schema_and_offsets,critical,"SAV1-SAV9 structures, blocks, inventory, dex, event flags, time",8ad201e80244f630ab5a46922ab72fb79c5ad4f4
PKHeX.Core/Saves/Substructures/Gen8/LA/Spawners/MassOutbreakSpawner8a.cs,save_structures,extract_schema_and_offsets,critical,"SAV1-SAV9 structures, blocks, inventory, dex, event flags, time",8ad201e80244f630ab5a46922ab72fb79c5ad4f4
PKHeX.Core/Saves/Substructures/Gen8/LA/Spawners/Spawner8a.cs,save_structures,extract_schema_and_offsets,critical,"SAV1-SAV9 structures, blocks, inventory, dex, event flags, time",8ad201e80244f630ab5a46922ab72fb79c5ad4f4
PKHeX.Core/Saves/Substructures/Gen8/LA/Spawners/SpawnerEntry8a.cs,save_structures,extract_schema_and_offsets,critical,"SAV1-SAV9 structures, blocks, inventory, dex, event flags, time",8ad201e80244f630ab5a46922ab72fb79c5ad4f4
PKHeX.Core/Saves/Substructures/Gen8/LA/Spawners/SpawnerMeta8a.cs,save_structures,extract_schema_and_offsets,critical,"SAV1-SAV9 structures, blocks, inventory, dex, event flags, time",8ad201e80244f630ab5a46922ab72fb79c5ad4f4
PKHeX.Core/Saves/Substructures/Gen8/LA/Spawners/SpawnerUtil8a.cs,save_structures,extract_schema_and_offsets,critical,"SAV1-SAV9 structures, blocks, inventory, dex, event flags, time",8ad201e80244f630ab5a46922ab72fb79c5ad4f4
PKHeX.Core/Saves/Substructures/Gen8/SWSH/BlankBlocks8.cs,save_structures,extract_schema_and_offsets,critical,"SAV1-SAV9 structures, blocks, inventory, dex, event flags, time",8ad201e80244f630ab5a46922ab72fb79c5ad4f4
PKHeX.Core/Saves/Substructures/Gen8/SWSH/Box8.cs,save_structures,extract_schema_and_offsets,critical,"SAV1-SAV9 structures, blocks, inventory, dex, event flags, time",8ad201e80244f630ab5a46922ab72fb79c5ad4f4
PKHeX.Core/Saves/Substructures/Gen8/SWSH/BoxLayout8.cs,save_structures,extract_schema_and_offsets,critical,"SAV1-SAV9 structures, blocks, inventory, dex, event flags, time",8ad201e80244f630ab5a46922ab72fb79c5ad4f4
PKHeX.Core/Saves/Substructures/Gen8/SWSH/Coordinates8.cs,save_structures,extract_schema_and_offsets,critical,"SAV1-SAV9 structures, blocks, inventory, dex, event flags, time",8ad201e80244f630ab5a46922ab72fb79c5ad4f4
PKHeX.Core/Saves/Substructures/Gen8/SWSH/Daycare8.cs,save_structures,extract_schema_and_offsets,critical,"SAV1-SAV9 structures, blocks, inventory, dex, event flags, time",8ad201e80244f630ab5a46922ab72fb79c5ad4f4
PKHeX.Core/Saves/Substructures/Gen8/SWSH/FashionUnlock8.cs,save_structures,extract_schema_and_offsets,critical,"SAV1-SAV9 structures, blocks, inventory, dex, event flags, time",8ad201e80244f630ab5a46922ab72fb79c5ad4f4
PKHeX.Core/Saves/Substructures/Gen8/SWSH/FieldMoveModelSave8.cs,save_structures,extract_schema_and_offsets,critical,"SAV1-SAV9 structures, blocks, inventory, dex, event flags, time",8ad201e80244f630ab5a46922ab72fb79c5ad4f4
PKHeX.Core/Saves/Substructures/Gen8/SWSH/Fused8.cs,save_structures,extract_schema_and_offsets,critical,"SAV1-SAV9 structures, blocks, inventory, dex, event flags, time",8ad201e80244f630ab5a46922ab72fb79c5ad4f4
PKHeX.Core/Saves/Substructures/Gen8/SWSH/HallOfFameTime8.cs,save_structures,extract_schema_and_offsets,critical,"SAV1-SAV9 structures, blocks, inventory, dex, event flags, time",8ad201e80244f630ab5a46922ab72fb79c5ad4f4
PKHeX.Core/Saves/Substructures/Gen8/SWSH/Misc8.cs,save_structures,extract_schema_and_offsets,critical,"SAV1-SAV9 structures, blocks, inventory, dex, event flags, time",8ad201e80244f630ab5a46922ab72fb79c5ad4f4
PKHeX.Core/Saves/Substructures/Gen8/SWSH/MyItem8.cs,save_structures,extract_schema_and_offsets,critical,"SAV1-SAV9 structures, blocks, inventory, dex, event flags, time",8ad201e80244f630ab5a46922ab72fb79c5ad4f4
PKHeX.Core/Saves/Substructures/Gen8/SWSH/MyStatus8.cs,save_structures,extract_schema_and_offsets,critical,"SAV1-SAV9 structures, blocks, inventory, dex, event flags, time",8ad201e80244f630ab5a46922ab72fb79c5ad4f4
PKHeX.Core/Saves/Substructures/Gen8/SWSH/Party8.cs,save_structures,extract_schema_and_offsets,critical,"SAV1-SAV9 structures, blocks, inventory, dex, event flags, time",8ad201e80244f630ab5a46922ab72fb79c5ad4f4
PKHeX.Core/Saves/Substructures/Gen8/SWSH/PlayerSkinColor8.cs,save_structures,extract_schema_and_offsets,critical,"SAV1-SAV9 structures, blocks, inventory, dex, event flags, time",8ad201e80244f630ab5a46922ab72fb79c5ad4f4
PKHeX.Core/Saves/Substructures/Gen8/SWSH/RaidSpawnList8.cs,save_structures,extract_schema_and_offsets,critical,"SAV1-SAV9 structures, blocks, inventory, dex, event flags, time",8ad201e80244f630ab5a46922ab72fb79c5ad4f4
PKHeX.Core/Saves/Substructures/Gen8/SWSH/Record8.cs,save_structures,extract_schema_and_offsets,critical,"SAV1-SAV9 structures, blocks, inventory, dex, event flags, time",8ad201e80244f630ab5a46922ab72fb79c5ad4f4
PKHeX.Core/Saves/Substructures/Gen8/SWSH/TeamIndexes8.cs,save_structures,extract_schema_and_offsets,critical,"SAV1-SAV9 structures, blocks, inventory, dex, event flags, time",8ad201e80244f630ab5a46922ab72fb79c5ad4f4
PKHeX.Core/Saves/Substructures/Gen8/SWSH/TitleScreen8.cs,save_structures,extract_schema_and_offsets,critical,"SAV1-SAV9 structures, blocks, inventory, dex, event flags, time",8ad201e80244f630ab5a46922ab72fb79c5ad4f4
PKHeX.Core/Saves/Substructures/Gen8/SWSH/TrainerCard8.cs,save_structures,extract_schema_and_offsets,critical,"SAV1-SAV9 structures, blocks, inventory, dex, event flags, time",8ad201e80244f630ab5a46922ab72fb79c5ad4f4
PKHeX.Core/Saves/Substructures/Gen8/ValueBlocks/MenuOrderOption.cs,save_structures,extract_schema_and_offsets,critical,"SAV1-SAV9 structures, blocks, inventory, dex, event flags, time",8ad201e80244f630ab5a46922ab72fb79c5ad4f4
PKHeX.Core/Saves/Substructures/Gen8/ValueBlocks/OptInOption.cs,save_structures,extract_schema_and_offsets,critical,"SAV1-SAV9 structures, blocks, inventory, dex, event flags, time",8ad201e80244f630ab5a46922ab72fb79c5ad4f4
PKHeX.Core/Saves/Substructures/Gen8/ValueBlocks/OptOutOption.cs,save_structures,extract_schema_and_offsets,critical,"SAV1-SAV9 structures, blocks, inventory, dex, event flags, time",8ad201e80244f630ab5a46922ab72fb79c5ad4f4
PKHeX.Core/Saves/Substructures/Gen8/ValueBlocks/TextSpeedOption.cs,save_structures,extract_schema_and_offsets,critical,"SAV1-SAV9 structures, blocks, inventory, dex, event flags, time",8ad201e80244f630ab5a46922ab72fb79c5ad4f4
PKHeX.Core/Saves/Substructures/Gen9/SV/BlankBlocks9.cs,save_structures,extract_schema_and_offsets,critical,"SAV1-SAV9 structures, blocks, inventory, dex, event flags, time",8ad201e80244f630ab5a46922ab72fb79c5ad4f4
PKHeX.Core/Saves/Substructures/Gen9/SV/BlueberryClubRoom9.cs,save_structures,extract_schema_and_offsets,critical,"SAV1-SAV9 structures, blocks, inventory, dex, event flags, time",8ad201e80244f630ab5a46922ab72fb79c5ad4f4
PKHeX.Core/Saves/Substructures/Gen9/SV/BlueberryQuestRecord9.cs,save_structures,extract_schema_and_offsets,critical,"SAV1-SAV9 structures, blocks, inventory, dex, event flags, time",8ad201e80244f630ab5a46922ab72fb79c5ad4f4
PKHeX.Core/Saves/Substructures/Gen9/SV/Box9.cs,save_structures,extract_schema_and_offsets,critical,"SAV1-SAV9 structures, blocks, inventory, dex, event flags, time",8ad201e80244f630ab5a46922ab72fb79c5ad4f4
PKHeX.Core/Saves/Substructures/Gen9/SV/BoxLayout9.cs,save_structures,extract_schema_and_offsets,critical,"SAV1-SAV9 structures, blocks, inventory, dex, event flags, time",8ad201e80244f630ab5a46922ab72fb79c5ad4f4
PKHeX.Core/Saves/Substructures/Gen9/SV/ConfigCamera9.cs,save_structures,extract_schema_and_offsets,critical,"SAV1-SAV9 structures, blocks, inventory, dex, event flags, time",8ad201e80244f630ab5a46922ab72fb79c5ad4f4
PKHeX.Core/Saves/Substructures/Gen9/SV/ConfigSave9.cs,save_structures,extract_schema_and_offsets,critical,"SAV1-SAV9 structures, blocks, inventory, dex, event flags, time",8ad201e80244f630ab5a46922ab72fb79c5ad4f4
PKHeX.Core/Saves/Substructures/Gen9/SV/DXT1.cs,save_structures,extract_schema_and_offsets,critical,"SAV1-SAV9 structures, blocks, inventory, dex, event flags, time",8ad201e80244f630ab5a46922ab72fb79c5ad4f4
PKHeX.Core/Saves/Substructures/Gen9/SV/FashionItem9.cs,save_structures,extract_schema_and_offsets,critical,"SAV1-SAV9 structures, blocks, inventory, dex, event flags, time",8ad201e80244f630ab5a46922ab72fb79c5ad4f4
PKHeX.Core/Saves/Substructures/Gen9/SV/FixedSpawnList9.cs,save_structures,extract_schema_and_offsets,critical,"SAV1-SAV9 structures, blocks, inventory, dex, event flags, time",8ad201e80244f630ab5a46922ab72fb79c5ad4f4
PKHeX.Core/Saves/Substructures/Gen9/SV/MyItem9.cs,save_structures,extract_schema_and_offsets,critical,"SAV1-SAV9 structures, blocks, inventory, dex, event flags, time",8ad201e80244f630ab5a46922ab72fb79c5ad4f4
PKHeX.Core/Saves/Substructures/Gen9/SV/MyStatus9.cs,save_structures,extract_schema_and_offsets,critical,"SAV1-SAV9 structures, blocks, inventory, dex, event flags, time",8ad201e80244f630ab5a46922ab72fb79c5ad4f4
PKHeX.Core/Saves/Substructures/Gen9/SV/Party9.cs,save_structures,extract_schema_and_offsets,critical,"SAV1-SAV9 structures, blocks, inventory, dex, event flags, time",8ad201e80244f630ab5a46922ab72fb79c5ad4f4
PKHeX.Core/Saves/Substructures/Gen9/SV/PlayerAppearance9.cs,save_structures,extract_schema_and_offsets,critical,"SAV1-SAV9 structures, blocks, inventory, dex, event flags, time",8ad201e80244f630ab5a46922ab72fb79c5ad4f4
PKHeX.Core/Saves/Substructures/Gen9/SV/PlayerFashion9.cs,save_structures,extract_schema_and_offsets,critical,"SAV1-SAV9 structures, blocks, inventory, dex, event flags, time",8ad201e80244f630ab5a46922ab72fb79c5ad4f4
PKHeX.Core/Saves/Substructures/Gen9/SV/PlayerFashionUnlock9.cs,save_structures,extract_schema_and_offsets,critical,"SAV1-SAV9 structures, blocks, inventory, dex, event flags, time",8ad201e80244f630ab5a46922ab72fb79c5ad4f4
PKHeX.Core/Saves/Substructures/Gen9/SV/PlayTime9.cs,save_structures,extract_schema_and_offsets,critical,"SAV1-SAV9 structures, blocks, inventory, dex, event flags, time",8ad201e80244f630ab5a46922ab72fb79c5ad4f4
PKHeX.Core/Saves/Substructures/Gen9/SV/RaidSevenStar9.cs,save_structures,extract_schema_and_offsets,critical,"SAV1-SAV9 structures, blocks, inventory, dex, event flags, time",8ad201e80244f630ab5a46922ab72fb79c5ad4f4
PKHeX.Core/Saves/Substructures/Gen9/SV/RaidSpawnList9.cs,save_structures,extract_schema_and_offsets,critical,"SAV1-SAV9 structures, blocks, inventory, dex, event flags, time",8ad201e80244f630ab5a46922ab72fb79c5ad4f4
PKHeX.Core/Saves/Substructures/Gen9/SV/RuntimeLanguage.cs,save_structures,extract_schema_and_offsets,critical,"SAV1-SAV9 structures, blocks, inventory, dex, event flags, time",8ad201e80244f630ab5a46922ab72fb79c5ad4f4
PKHeX.Core/Saves/Substructures/Gen9/SV/ThrowStyle9.cs,save_structures,extract_schema_and_offsets,critical,"SAV1-SAV9 structures, blocks, inventory, dex, event flags, time",8ad201e80244f630ab5a46922ab72fb79c5ad4f4
PKHeX.Core/Saves/Substructures/Gen9/ZA/BlankBlocks9a.cs,save_structures,extract_schema_and_offsets,critical,"SAV1-SAV9 structures, blocks, inventory, dex, event flags, time",8ad201e80244f630ab5a46922ab72fb79c5ad4f4
PKHeX.Core/Saves/Substructures/Gen9/ZA/BoxLayout9a.cs,save_structures,extract_schema_and_offsets,critical,"SAV1-SAV9 structures, blocks, inventory, dex, event flags, time",8ad201e80244f630ab5a46922ab72fb79c5ad4f4
PKHeX.Core/Saves/Substructures/Gen9/ZA/ColorfulScrew9a.cs,save_structures,extract_schema_and_offsets,critical,"SAV1-SAV9 structures, blocks, inventory, dex, event flags, time",8ad201e80244f630ab5a46922ab72fb79c5ad4f4
PKHeX.Core/Saves/Substructures/Gen9/ZA/ConfigSave9a.cs,save_structures,extract_schema_and_offsets,critical,"SAV1-SAV9 structures, blocks, inventory, dex, event flags, time",8ad201e80244f630ab5a46922ab72fb79c5ad4f4
PKHeX.Core/Saves/Substructures/Gen9/ZA/Coordinates9a.cs,save_structures,extract_schema_and_offsets,critical,"SAV1-SAV9 structures, blocks, inventory, dex, event flags, time",8ad201e80244f630ab5a46922ab72fb79c5ad4f4
PKHeX.Core/Saves/Substructures/Gen9/ZA/DonutPocket9a.cs,save_structures,extract_schema_and_offsets,critical,"SAV1-SAV9 structures, blocks, inventory, dex, event flags, time",8ad201e80244f630ab5a46922ab72fb79c5ad4f4
PKHeX.Core/Saves/Substructures/Gen9/ZA/EventWorkStorage64.cs,save_structures,extract_schema_and_offsets,critical,"SAV1-SAV9 structures, blocks, inventory, dex, event flags, time",8ad201e80244f630ab5a46922ab72fb79c5ad4f4
PKHeX.Core/Saves/Substructures/Gen9/ZA/FashionItem9a.cs,save_structures,extract_schema_and_offsets,critical,"SAV1-SAV9 structures, blocks, inventory, dex, event flags, time",8ad201e80244f630ab5a46922ab72fb79c5ad4f4
PKHeX.Core/Saves/Substructures/Gen9/ZA/HairMakeItem9a.cs,save_structures,extract_schema_and_offsets,critical,"SAV1-SAV9 structures, blocks, inventory, dex, event flags, time",8ad201e80244f630ab5a46922ab72fb79c5ad4f4
PKHeX.Core/Saves/Substructures/Gen9/ZA/HyperspaceZones9a.cs,save_structures,extract_schema_and_offsets,critical,"SAV1-SAV9 structures, blocks, inventory, dex, event flags, time",8ad201e80244f630ab5a46922ab72fb79c5ad4f4
PKHeX.Core/Saves/Substructures/Gen9/ZA/IEventValueStorage.cs,save_structures,extract_schema_and_offsets,critical,"SAV1-SAV9 structures, blocks, inventory, dex, event flags, time",8ad201e80244f630ab5a46922ab72fb79c5ad4f4
PKHeX.Core/Saves/Substructures/Gen9/ZA/InfiniteRoyale9a.cs,save_structures,extract_schema_and_offsets,critical,"SAV1-SAV9 structures, blocks, inventory, dex, event flags, time",8ad201e80244f630ab5a46922ab72fb79c5ad4f4
PKHeX.Core/Saves/Substructures/Gen9/ZA/MableStatus9a.cs,save_structures,extract_schema_and_offsets,critical,"SAV1-SAV9 structures, blocks, inventory, dex, event flags, time",8ad201e80244f630ab5a46922ab72fb79c5ad4f4
PKHeX.Core/Saves/Substructures/Gen9/ZA/MyItem9a.cs,save_structures,extract_schema_and_offsets,critical,"SAV1-SAV9 structures, blocks, inventory, dex, event flags, time",8ad201e80244f630ab5a46922ab72fb79c5ad4f4
PKHeX.Core/Saves/Substructures/Gen9/ZA/MyStatus9a.cs,save_structures,extract_schema_and_offsets,critical,"SAV1-SAV9 structures, blocks, inventory, dex, event flags, time",8ad201e80244f630ab5a46922ab72fb79c5ad4f4
PKHeX.Core/Saves/Substructures/Gen9/ZA/Party9a.cs,save_structures,extract_schema_and_offsets,critical,"SAV1-SAV9 structures, blocks, inventory, dex, event flags, time",8ad201e80244f630ab5a46922ab72fb79c5ad4f4
PKHeX.Core/Saves/Substructures/Gen9/ZA/PlayerAppearence9a.cs,save_structures,extract_schema_and_offsets,critical,"SAV1-SAV9 structures, blocks, inventory, dex, event flags, time",8ad201e80244f630ab5a46922ab72fb79c5ad4f4
PKHeX.Core/Saves/Substructures/Gen9/ZA/PlayerFashion9a.cs,save_structures,extract_schema_and_offsets,critical,"SAV1-SAV9 structures, blocks, inventory, dex, event flags, time",8ad201e80244f630ab5a46922ab72fb79c5ad4f4
PKHeX.Core/Saves/Substructures/Gen9/ZA/PlayTime9a.cs,save_structures,extract_schema_and_offsets,critical,"SAV1-SAV9 structures, blocks, inventory, dex, event flags, time",8ad201e80244f630ab5a46922ab72fb79c5ad4f4
PKHeX.Core/Saves/Substructures/Gen9/ZA/PokeDexEntry9a.cs,save_structures,extract_schema_and_offsets,critical,"SAV1-SAV9 structures, blocks, inventory, dex, event flags, time",8ad201e80244f630ab5a46922ab72fb79c5ad4f4
PKHeX.Core/Saves/Substructures/Gen9/ZA/TechnicalMachine9a.cs,save_structures,extract_schema_and_offsets,critical,"SAV1-SAV9 structures, blocks, inventory, dex, event flags, time",8ad201e80244f630ab5a46922ab72fb79c5ad4f4
PKHeX.Core/Saves/Substructures/Gen9/ZA/Zukan9a.cs,save_structures,extract_schema_and_offsets,critical,"SAV1-SAV9 structures, blocks, inventory, dex, event flags, time",8ad201e80244f630ab5a46922ab72fb79c5ad4f4
PKHeX.Core/Saves/Substructures/IEventFlagArray.cs,save_structures,extract_schema_and_offsets,critical,"SAV1-SAV9 structures, blocks, inventory, dex, event flags, time",8ad201e80244f630ab5a46922ab72fb79c5ad4f4
PKHeX.Core/Saves/Substructures/IMultiplayerSprite.cs,save_structures,extract_schema_and_offsets,critical,"SAV1-SAV9 structures, blocks, inventory, dex, event flags, time",8ad201e80244f630ab5a46922ab72fb79c5ad4f4
PKHeX.Core/Saves/Substructures/Inventory/IItemFavorite.cs,save_structures,extract_schema_and_offsets,critical,"SAV1-SAV9 structures, blocks, inventory, dex, event flags, time",8ad201e80244f630ab5a46922ab72fb79c5ad4f4
PKHeX.Core/Saves/Substructures/Inventory/IItemFreeSpace.cs,save_structures,extract_schema_and_offsets,critical,"SAV1-SAV9 structures, blocks, inventory, dex, event flags, time",8ad201e80244f630ab5a46922ab72fb79c5ad4f4
PKHeX.Core/Saves/Substructures/Inventory/IItemFreeSpaceIndex.cs,save_structures,extract_schema_and_offsets,critical,"SAV1-SAV9 structures, blocks, inventory, dex, event flags, time",8ad201e80244f630ab5a46922ab72fb79c5ad4f4
PKHeX.Core/Saves/Substructures/Inventory/IItemNewFlag.cs,save_structures,extract_schema_and_offsets,critical,"SAV1-SAV9 structures, blocks, inventory, dex, event flags, time",8ad201e80244f630ab5a46922ab72fb79c5ad4f4
PKHeX.Core/Saves/Substructures/Inventory/InventoryType.cs,save_structures,extract_schema_and_offsets,critical,"SAV1-SAV9 structures, blocks, inventory, dex, event flags, time",8ad201e80244f630ab5a46922ab72fb79c5ad4f4
PKHeX.Core/Saves/Substructures/Inventory/Item/InventoryItem.cs,save_structures,extract_schema_and_offsets,critical,"SAV1-SAV9 structures, blocks, inventory, dex, event flags, time",8ad201e80244f630ab5a46922ab72fb79c5ad4f4
PKHeX.Core/Saves/Substructures/Inventory/Item/InventoryItem7.cs,save_structures,extract_schema_and_offsets,critical,"SAV1-SAV9 structures, blocks, inventory, dex, event flags, time",8ad201e80244f630ab5a46922ab72fb79c5ad4f4
PKHeX.Core/Saves/Substructures/Inventory/Item/InventoryItem7b.cs,save_structures,extract_schema_and_offsets,critical,"SAV1-SAV9 structures, blocks, inventory, dex, event flags, time",8ad201e80244f630ab5a46922ab72fb79c5ad4f4
PKHeX.Core/Saves/Substructures/Inventory/Item/InventoryItem8.cs,save_structures,extract_schema_and_offsets,critical,"SAV1-SAV9 structures, blocks, inventory, dex, event flags, time",8ad201e80244f630ab5a46922ab72fb79c5ad4f4
PKHeX.Core/Saves/Substructures/Inventory/Item/InventoryItem8a.cs,save_structures,extract_schema_and_offsets,critical,"SAV1-SAV9 structures, blocks, inventory, dex, event flags, time",8ad201e80244f630ab5a46922ab72fb79c5ad4f4
PKHeX.Core/Saves/Substructures/Inventory/Item/InventoryItem8b.cs,save_structures,extract_schema_and_offsets,critical,"SAV1-SAV9 structures, blocks, inventory, dex, event flags, time",8ad201e80244f630ab5a46922ab72fb79c5ad4f4
PKHeX.Core/Saves/Substructures/Inventory/Item/InventoryItem9.cs,save_structures,extract_schema_and_offsets,critical,"SAV1-SAV9 structures, blocks, inventory, dex, event flags, time",8ad201e80244f630ab5a46922ab72fb79c5ad4f4
PKHeX.Core/Saves/Substructures/Inventory/Item/InventoryItem9a.cs,save_structures,extract_schema_and_offsets,critical,"SAV1-SAV9 structures, blocks, inventory, dex, event flags, time",8ad201e80244f630ab5a46922ab72fb79c5ad4f4
PKHeX.Core/Saves/Substructures/Inventory/MyItem.cs,save_structures,extract_schema_and_offsets,critical,"SAV1-SAV9 structures, blocks, inventory, dex, event flags, time",8ad201e80244f630ab5a46922ab72fb79c5ad4f4
PKHeX.Core/Saves/Substructures/Inventory/Pouch/InventoryPouch.cs,save_structures,extract_schema_and_offsets,critical,"SAV1-SAV9 structures, blocks, inventory, dex, event flags, time",8ad201e80244f630ab5a46922ab72fb79c5ad4f4
PKHeX.Core/Saves/Substructures/Inventory/Pouch/InventoryPouch3.cs,save_structures,extract_schema_and_offsets,critical,"SAV1-SAV9 structures, blocks, inventory, dex, event flags, time",8ad201e80244f630ab5a46922ab72fb79c5ad4f4
PKHeX.Core/Saves/Substructures/Inventory/Pouch/InventoryPouch3GC.cs,save_structures,extract_schema_and_offsets,critical,"SAV1-SAV9 structures, blocks, inventory, dex, event flags, time",8ad201e80244f630ab5a46922ab72fb79c5ad4f4
PKHeX.Core/Saves/Substructures/Inventory/Pouch/InventoryPouch4.cs,save_structures,extract_schema_and_offsets,critical,"SAV1-SAV9 structures, blocks, inventory, dex, event flags, time",8ad201e80244f630ab5a46922ab72fb79c5ad4f4
PKHeX.Core/Saves/Substructures/Inventory/Pouch/InventoryPouch7.cs,save_structures,extract_schema_and_offsets,critical,"SAV1-SAV9 structures, blocks, inventory, dex, event flags, time",8ad201e80244f630ab5a46922ab72fb79c5ad4f4
PKHeX.Core/Saves/Substructures/Inventory/Pouch/InventoryPouch7b.cs,save_structures,extract_schema_and_offsets,critical,"SAV1-SAV9 structures, blocks, inventory, dex, event flags, time",8ad201e80244f630ab5a46922ab72fb79c5ad4f4
PKHeX.Core/Saves/Substructures/Inventory/Pouch/InventoryPouch8.cs,save_structures,extract_schema_and_offsets,critical,"SAV1-SAV9 structures, blocks, inventory, dex, event flags, time",8ad201e80244f630ab5a46922ab72fb79c5ad4f4
PKHeX.Core/Saves/Substructures/Inventory/Pouch/InventoryPouch8a.cs,save_structures,extract_schema_and_offsets,critical,"SAV1-SAV9 structures, blocks, inventory, dex, event flags, time",8ad201e80244f630ab5a46922ab72fb79c5ad4f4
PKHeX.Core/Saves/Substructures/Inventory/Pouch/InventoryPouch8b.cs,save_structures,extract_schema_and_offsets,critical,"SAV1-SAV9 structures, blocks, inventory, dex, event flags, time",8ad201e80244f630ab5a46922ab72fb79c5ad4f4
PKHeX.Core/Saves/Substructures/Inventory/Pouch/InventoryPouch9.cs,save_structures,extract_schema_and_offsets,critical,"SAV1-SAV9 structures, blocks, inventory, dex, event flags, time",8ad201e80244f630ab5a46922ab72fb79c5ad4f4
PKHeX.Core/Saves/Substructures/Inventory/Pouch/InventoryPouch9a.cs,save_structures,extract_schema_and_offsets,critical,"SAV1-SAV9 structures, blocks, inventory, dex, event flags, time",8ad201e80244f630ab5a46922ab72fb79c5ad4f4
PKHeX.Core/Saves/Substructures/Inventory/Pouch/InventoryPouchGB.cs,save_structures,extract_schema_and_offsets,critical,"SAV1-SAV9 structures, blocks, inventory, dex, event flags, time",8ad201e80244f630ab5a46922ab72fb79c5ad4f4
PKHeX.Core/Saves/Substructures/ITrainerStatRecord.cs,save_structures,extract_schema_and_offsets,critical,"SAV1-SAV9 structures, blocks, inventory, dex, event flags, time",8ad201e80244f630ab5a46922ab72fb79c5ad4f4
PKHeX.Core/Saves/Substructures/Mail/Mail2.cs,save_structures,extract_schema_and_offsets,critical,"SAV1-SAV9 structures, blocks, inventory, dex, event flags, time",8ad201e80244f630ab5a46922ab72fb79c5ad4f4
PKHeX.Core/Saves/Substructures/Mail/Mail3.cs,save_structures,extract_schema_and_offsets,critical,"SAV1-SAV9 structures, blocks, inventory, dex, event flags, time",8ad201e80244f630ab5a46922ab72fb79c5ad4f4
PKHeX.Core/Saves/Substructures/Mail/Mail4.cs,save_structures,extract_schema_and_offsets,critical,"SAV1-SAV9 structures, blocks, inventory, dex, event flags, time",8ad201e80244f630ab5a46922ab72fb79c5ad4f4
PKHeX.Core/Saves/Substructures/Mail/Mail5.cs,save_structures,extract_schema_and_offsets,critical,"SAV1-SAV9 structures, blocks, inventory, dex, event flags, time",8ad201e80244f630ab5a46922ab72fb79c5ad4f4
PKHeX.Core/Saves/Substructures/Mail/MailDetail.cs,save_structures,extract_schema_and_offsets,critical,"SAV1-SAV9 structures, blocks, inventory, dex, event flags, time",8ad201e80244f630ab5a46922ab72fb79c5ad4f4
PKHeX.Core/Saves/Substructures/Misc/IBoxDetailName.cs,save_structures,extract_schema_and_offsets,critical,"SAV1-SAV9 structures, blocks, inventory, dex, event flags, time",8ad201e80244f630ab5a46922ab72fb79c5ad4f4
PKHeX.Core/Saves/Substructures/Misc/IBoxDetailWallpaper.cs,save_structures,extract_schema_and_offsets,critical,"SAV1-SAV9 structures, blocks, inventory, dex, event flags, time",8ad201e80244f630ab5a46922ab72fb79c5ad4f4
PKHeX.Core/Saves/Substructures/Misc/IChatter.cs,save_structures,extract_schema_and_offsets,critical,"SAV1-SAV9 structures, blocks, inventory, dex, event flags, time",8ad201e80244f630ab5a46922ab72fb79c5ad4f4
PKHeX.Core/Saves/Substructures/Misc/IGameSync.cs,save_structures,extract_schema_and_offsets,critical,"SAV1-SAV9 structures, blocks, inventory, dex, event flags, time",8ad201e80244f630ab5a46922ab72fb79c5ad4f4
PKHeX.Core/Saves/Substructures/Misc/IGeonet.cs,save_structures,extract_schema_and_offsets,critical,"SAV1-SAV9 structures, blocks, inventory, dex, event flags, time",8ad201e80244f630ab5a46922ab72fb79c5ad4f4
PKHeX.Core/Saves/Substructures/Misc/IPokeGroup.cs,save_structures,extract_schema_and_offsets,critical,"SAV1-SAV9 structures, blocks, inventory, dex, event flags, time",8ad201e80244f630ab5a46922ab72fb79c5ad4f4
PKHeX.Core/Saves/Substructures/Misc/IRecordStatStorage.cs,save_structures,extract_schema_and_offsets,critical,"SAV1-SAV9 structures, blocks, inventory, dex, event flags, time",8ad201e80244f630ab5a46922ab72fb79c5ad4f4
PKHeX.Core/Saves/Substructures/Misc/ISaveFileRevision.cs,save_structures,extract_schema_and_offsets,critical,"SAV1-SAV9 structures, blocks, inventory, dex, event flags, time",8ad201e80244f630ab5a46922ab72fb79c5ad4f4
PKHeX.Core/Saves/Substructures/Misc/ISecureValueStorage.cs,save_structures,extract_schema_and_offsets,critical,"SAV1-SAV9 structures, blocks, inventory, dex, event flags, time",8ad201e80244f630ab5a46922ab72fb79c5ad4f4
PKHeX.Core/Saves/Substructures/Misc/ITeamIndexSet.cs,save_structures,extract_schema_and_offsets,critical,"SAV1-SAV9 structures, blocks, inventory, dex, event flags, time",8ad201e80244f630ab5a46922ab72fb79c5ad4f4
PKHeX.Core/Saves/Substructures/Misc/SlotGroup.cs,save_structures,extract_schema_and_offsets,critical,"SAV1-SAV9 structures, blocks, inventory, dex, event flags, time",8ad201e80244f630ab5a46922ab72fb79c5ad4f4
PKHeX.Core/Saves/Substructures/MysteryGift/IMysteryGiftFlags.cs,save_structures,extract_schema_and_offsets,critical,"SAV1-SAV9 structures, blocks, inventory, dex, event flags, time",8ad201e80244f630ab5a46922ab72fb79c5ad4f4
PKHeX.Core/Saves/Substructures/MysteryGift/IMysteryGiftStorage.cs,save_structures,extract_schema_and_offsets,critical,"SAV1-SAV9 structures, blocks, inventory, dex, event flags, time",8ad201e80244f630ab5a46922ab72fb79c5ad4f4
PKHeX.Core/Saves/Substructures/MysteryGift/IMysteryGiftStorageProvider.cs,save_structures,extract_schema_and_offsets,critical,"SAV1-SAV9 structures, blocks, inventory, dex, event flags, time",8ad201e80244f630ab5a46922ab72fb79c5ad4f4
PKHeX.Core/Saves/Substructures/PokeDex/Gen9/DexBlockMode9.cs,save_structures,extract_schema_and_offsets,critical,"SAV1-SAV9 structures, blocks, inventory, dex, event flags, time",8ad201e80244f630ab5a46922ab72fb79c5ad4f4
PKHeX.Core/Saves/Substructures/PokeDex/Gen9/PokeDexEntry9Kitakami.cs,save_structures,extract_schema_and_offsets,critical,"SAV1-SAV9 structures, blocks, inventory, dex, event flags, time",8ad201e80244f630ab5a46922ab72fb79c5ad4f4
PKHeX.Core/Saves/Substructures/PokeDex/Gen9/PokeDexEntry9Paldea.cs,save_structures,extract_schema_and_offsets,critical,"SAV1-SAV9 structures, blocks, inventory, dex, event flags, time",8ad201e80244f630ab5a46922ab72fb79c5ad4f4
PKHeX.Core/Saves/Substructures/PokeDex/Gen9/Zukan9.cs,save_structures,extract_schema_and_offsets,critical,"SAV1-SAV9 structures, blocks, inventory, dex, event flags, time",8ad201e80244f630ab5a46922ab72fb79c5ad4f4
PKHeX.Core/Saves/Substructures/PokeDex/Gen9/Zukan9Kitakami.cs,save_structures,extract_schema_and_offsets,critical,"SAV1-SAV9 structures, blocks, inventory, dex, event flags, time",8ad201e80244f630ab5a46922ab72fb79c5ad4f4
PKHeX.Core/Saves/Substructures/PokeDex/Gen9/Zukan9Paldea.cs,save_structures,extract_schema_and_offsets,critical,"SAV1-SAV9 structures, blocks, inventory, dex, event flags, time",8ad201e80244f630ab5a46922ab72fb79c5ad4f4
PKHeX.Core/Saves/Substructures/PokeDex/Zukan.cs,save_structures,extract_schema_and_offsets,critical,"SAV1-SAV9 structures, blocks, inventory, dex, event flags, time",8ad201e80244f630ab5a46922ab72fb79c5ad4f4
PKHeX.Core/Saves/Substructures/PokeDex/Zukan4.cs,save_structures,extract_schema_and_offsets,critical,"SAV1-SAV9 structures, blocks, inventory, dex, event flags, time",8ad201e80244f630ab5a46922ab72fb79c5ad4f4
PKHeX.Core/Saves/Substructures/PokeDex/Zukan5.cs,save_structures,extract_schema_and_offsets,critical,"SAV1-SAV9 structures, blocks, inventory, dex, event flags, time",8ad201e80244f630ab5a46922ab72fb79c5ad4f4
PKHeX.Core/Saves/Substructures/PokeDex/Zukan6.cs,save_structures,extract_schema_and_offsets,critical,"SAV1-SAV9 structures, blocks, inventory, dex, event flags, time",8ad201e80244f630ab5a46922ab72fb79c5ad4f4
PKHeX.Core/Saves/Substructures/PokeDex/Zukan7.cs,save_structures,extract_schema_and_offsets,critical,"SAV1-SAV9 structures, blocks, inventory, dex, event flags, time",8ad201e80244f630ab5a46922ab72fb79c5ad4f4
PKHeX.Core/Saves/Substructures/PokeDex/Zukan7b.cs,save_structures,extract_schema_and_offsets,critical,"SAV1-SAV9 structures, blocks, inventory, dex, event flags, time",8ad201e80244f630ab5a46922ab72fb79c5ad4f4
PKHeX.Core/Saves/Substructures/PokeDex/Zukan8.cs,save_structures,extract_schema_and_offsets,critical,"SAV1-SAV9 structures, blocks, inventory, dex, event flags, time",8ad201e80244f630ab5a46922ab72fb79c5ad4f4
PKHeX.Core/Saves/Substructures/Records.cs,save_structures,extract_schema_and_offsets,critical,"SAV1-SAV9 structures, blocks, inventory, dex, event flags, time",8ad201e80244f630ab5a46922ab72fb79c5ad4f4
PKHeX.Core/Saves/Substructures/Rentals/IRentalTeam.cs,save_structures,extract_schema_and_offsets,critical,"SAV1-SAV9 structures, blocks, inventory, dex, event flags, time",8ad201e80244f630ab5a46922ab72fb79c5ad4f4
PKHeX.Core/Saves/Substructures/Rentals/RentalTeam8.cs,save_structures,extract_schema_and_offsets,critical,"SAV1-SAV9 structures, blocks, inventory, dex, event flags, time",8ad201e80244f630ab5a46922ab72fb79c5ad4f4
PKHeX.Core/Saves/Substructures/Rentals/RentalTeam9.cs,save_structures,extract_schema_and_offsets,critical,"SAV1-SAV9 structures, blocks, inventory, dex, event flags, time",8ad201e80244f630ab5a46922ab72fb79c5ad4f4
PKHeX.Core/Saves/Substructures/Rentals/RentalTeamSet9.cs,save_structures,extract_schema_and_offsets,critical,"SAV1-SAV9 structures, blocks, inventory, dex, event flags, time",8ad201e80244f630ab5a46922ab72fb79c5ad4f4
PKHeX.Core/Saves/Substructures/Time/Epoch0000DateTime.cs,save_structures,extract_schema_and_offsets,critical,"SAV1-SAV9 structures, blocks, inventory, dex, event flags, time",8ad201e80244f630ab5a46922ab72fb79c5ad4f4
PKHeX.Core/Saves/Substructures/Time/Epoch1900DateTimeValue.cs,save_structures,extract_schema_and_offsets,critical,"SAV1-SAV9 structures, blocks, inventory, dex, event flags, time",8ad201e80244f630ab5a46922ab72fb79c5ad4f4
PKHeX.Core/Saves/Substructures/Time/Epoch1900DateValue.cs,save_structures,extract_schema_and_offsets,critical,"SAV1-SAV9 structures, blocks, inventory, dex, event flags, time",8ad201e80244f630ab5a46922ab72fb79c5ad4f4
PKHeX.Core/Saves/Substructures/Time/Epoch1970Value.cs,save_structures,extract_schema_and_offsets,critical,"SAV1-SAV9 structures, blocks, inventory, dex, event flags, time",8ad201e80244f630ab5a46922ab72fb79c5ad4f4
PKHeX.Core/Saves/Substructures/Time/EpochDateTime.cs,save_structures,extract_schema_and_offsets,critical,"SAV1-SAV9 structures, blocks, inventory, dex, event flags, time",8ad201e80244f630ab5a46922ab72fb79c5ad4f4
PKHeX.Core/Saves/Util/BinaryExportSetting.cs,save_structures,extract_schema_and_offsets,critical,"SAV1-SAV9 structures, blocks, inventory, dex, event flags, time",8ad201e80244f630ab5a46922ab72fb79c5ad4f4
PKHeX.Core/Saves/Util/BlankSaveFile.cs,save_structures,extract_schema_and_offsets,critical,"SAV1-SAV9 structures, blocks, inventory, dex, event flags, time",8ad201e80244f630ab5a46922ab72fb79c5ad4f4
PKHeX.Core/Saves/Util/BoxUtil.cs,save_structures,extract_schema_and_offsets,critical,"SAV1-SAV9 structures, blocks, inventory, dex, event flags, time",8ad201e80244f630ab5a46922ab72fb79c5ad4f4
PKHeX.Core/Saves/Util/Checksums.cs,save_structures,extract_schema_and_offsets,critical,"SAV1-SAV9 structures, blocks, inventory, dex, event flags, time",8ad201e80244f630ab5a46922ab72fb79c5ad4f4
PKHeX.Core/Saves/Util/Detection/SaveFileType.cs,save_structures,extract_schema_and_offsets,critical,"SAV1-SAV9 structures, blocks, inventory, dex, event flags, time",8ad201e80244f630ab5a46922ab72fb79c5ad4f4
PKHeX.Core/Saves/Util/Detection/SaveTypeInfo.cs,save_structures,extract_schema_and_offsets,critical,"SAV1-SAV9 structures, blocks, inventory, dex, event flags, time",8ad201e80244f630ab5a46922ab72fb79c5ad4f4
PKHeX.Core/Saves/Util/DexFormUtil.cs,save_structures,extract_schema_and_offsets,critical,"SAV1-SAV9 structures, blocks, inventory, dex, event flags, time",8ad201e80244f630ab5a46922ab72fb79c5ad4f4
PKHeX.Core/Saves/Util/IGCSaveFile.cs,save_structures,extract_schema_and_offsets,critical,"SAV1-SAV9 structures, blocks, inventory, dex, event flags, time",8ad201e80244f630ab5a46922ab72fb79c5ad4f4
PKHeX.Core/Saves/Util/ILangDeviantSave.cs,save_structures,extract_schema_and_offsets,critical,"SAV1-SAV9 structures, blocks, inventory, dex, event flags, time",8ad201e80244f630ab5a46922ab72fb79c5ad4f4
PKHeX.Core/Saves/Util/Recognition/ISaveHandler.cs,save_structures,extract_schema_and_offsets,critical,"SAV1-SAV9 structures, blocks, inventory, dex, event flags, time",8ad201e80244f630ab5a46922ab72fb79c5ad4f4
PKHeX.Core/Saves/Util/Recognition/SaveHandlerARDS.cs,save_structures,extract_schema_and_offsets,critical,"SAV1-SAV9 structures, blocks, inventory, dex, event flags, time",8ad201e80244f630ab5a46922ab72fb79c5ad4f4
PKHeX.Core/Saves/Util/Recognition/SaveHandlerDeSmuME.cs,save_structures,extract_schema_and_offsets,critical,"SAV1-SAV9 structures, blocks, inventory, dex, event flags, time",8ad201e80244f630ab5a46922ab72fb79c5ad4f4
PKHeX.Core/Saves/Util/Recognition/SaveHandlerFooterRTC.cs,save_structures,extract_schema_and_offsets,critical,"SAV1-SAV9 structures, blocks, inventory, dex, event flags, time",8ad201e80244f630ab5a46922ab72fb79c5ad4f4
PKHeX.Core/Saves/Util/Recognition/SaveHandlerGCI.cs,save_structures,extract_schema_and_offsets,critical,"SAV1-SAV9 structures, blocks, inventory, dex, event flags, time",8ad201e80244f630ab5a46922ab72fb79c5ad4f4
PKHeX.Core/Saves/Util/Recognition/SaveHandlerNSO.cs,save_structures,extract_schema_and_offsets,critical,"SAV1-SAV9 structures, blocks, inventory, dex, event flags, time",8ad201e80244f630ab5a46922ab72fb79c5ad4f4
PKHeX.Core/Saves/Util/Recognition/SaveHandlerSplitResult.cs,save_structures,extract_schema_and_offsets,critical,"SAV1-SAV9 structures, blocks, inventory, dex, event flags, time",8ad201e80244f630ab5a46922ab72fb79c5ad4f4
PKHeX.Core/Saves/Util/Recognition/ZipReader.cs,save_structures,extract_schema_and_offsets,critical,"SAV1-SAV9 structures, blocks, inventory, dex, event flags, time",8ad201e80244f630ab5a46922ab72fb79c5ad4f4
PKHeX.Core/Saves/Util/SaveExtensions.cs,save_structures,extract_schema_and_offsets,critical,"SAV1-SAV9 structures, blocks, inventory, dex, event flags, time",8ad201e80244f630ab5a46922ab72fb79c5ad4f4
PKHeX.Core/Saves/Util/SaveFinder.cs,save_structures,extract_schema_and_offsets,critical,"SAV1-SAV9 structures, blocks, inventory, dex, event flags, time",8ad201e80244f630ab5a46922ab72fb79c5ad4f4
PKHeX.Core/Saves/Util/SaveLanguage.cs,save_structures,extract_schema_and_offsets,critical,"SAV1-SAV9 structures, blocks, inventory, dex, event flags, time",8ad201e80244f630ab5a46922ab72fb79c5ad4f4
PKHeX.Core/Saves/Util/SaveUtil.cs,save_structures,extract_schema_and_offsets,critical,"SAV1-SAV9 structures, blocks, inventory, dex, event flags, time",8ad201e80244f630ab5a46922ab72fb79c5ad4f4
PKHeX.Core/Saves/Util/StadiumUtil.cs,save_structures,extract_schema_and_offsets,critical,"SAV1-SAV9 structures, blocks, inventory, dex, event flags, time",8ad201e80244f630ab5a46922ab72fb79c5ad4f4
PKHeX.Core/Saves/Util/StorageUtil.cs,save_structures,extract_schema_and_offsets,critical,"SAV1-SAV9 structures, blocks, inventory, dex, event flags, time",8ad201e80244f630ab5a46922ab72fb79c5ad4f4
Tests/PKHeX.Core.Tests/Entity/AbilityPermissionTests.cs,verification_tests,translate_test_vectors,high,valuable regression/behavior oracle,8ad201e80244f630ab5a46922ab72fb79c5ad4f4
Tests/PKHeX.Core.Tests/Entity/BatchInstructionTests.cs,verification_tests,translate_test_vectors,high,valuable regression/behavior oracle,8ad201e80244f630ab5a46922ab72fb79c5ad4f4
Tests/PKHeX.Core.Tests/Entity/HiddenPowerTests.cs,verification_tests,translate_test_vectors,high,valuable regression/behavior oracle,8ad201e80244f630ab5a46922ab72fb79c5ad4f4
Tests/PKHeX.Core.Tests/Entity/LCRNGTest.cs,verification_tests,translate_test_vectors,high,valuable regression/behavior oracle,8ad201e80244f630ab5a46922ab72fb79c5ad4f4
Tests/PKHeX.Core.Tests/Entity/PIDIVTests.cs,verification_tests,translate_test_vectors,high,valuable regression/behavior oracle,8ad201e80244f630ab5a46922ab72fb79c5ad4f4
Tests/PKHeX.Core.Tests/Entity/PKMTests.cs,verification_tests,translate_test_vectors,high,valuable regression/behavior oracle,8ad201e80244f630ab5a46922ab72fb79c5ad4f4
Tests/PKHeX.Core.Tests/Entity/ScaleTests.cs,verification_tests,translate_test_vectors,high,valuable regression/behavior oracle,8ad201e80244f630ab5a46922ab72fb79c5ad4f4
Tests/PKHeX.Core.Tests/Entity/SpeciesConverterTests.cs,verification_tests,translate_test_vectors,high,valuable regression/behavior oracle,8ad201e80244f630ab5a46922ab72fb79c5ad4f4
Tests/PKHeX.Core.Tests/Entity/StatTest.cs,verification_tests,translate_test_vectors,high,valuable regression/behavior oracle,8ad201e80244f630ab5a46922ab72fb79c5ad4f4
Tests/PKHeX.Core.Tests/Entity/StringTests.cs,verification_tests,translate_test_vectors,high,valuable regression/behavior oracle,8ad201e80244f630ab5a46922ab72fb79c5ad4f4
Tests/PKHeX.Core.Tests/General/GeneralTests.cs,verification_tests,translate_test_vectors,high,valuable regression/behavior oracle,8ad201e80244f630ab5a46922ab72fb79c5ad4f4
Tests/PKHeX.Core.Tests/General/LocalizationTests.cs,verification_tests,translate_test_vectors,high,valuable regression/behavior oracle,8ad201e80244f630ab5a46922ab72fb79c5ad4f4
Tests/PKHeX.Core.Tests/General/MarshalTests.cs,verification_tests,translate_test_vectors,high,valuable regression/behavior oracle,8ad201e80244f630ab5a46922ab72fb79c5ad4f4
Tests/PKHeX.Core.Tests/General/Xoroshiro128bTests.cs,verification_tests,translate_test_vectors,high,valuable regression/behavior oracle,8ad201e80244f630ab5a46922ab72fb79c5ad4f4
Tests/PKHeX.Core.Tests/General/Xoroshiro128Tests.cs,verification_tests,translate_test_vectors,high,valuable regression/behavior oracle,8ad201e80244f630ab5a46922ab72fb79c5ad4f4
Tests/PKHeX.Core.Tests/General/XorShiftTests.cs,verification_tests,translate_test_vectors,high,valuable regression/behavior oracle,8ad201e80244f630ab5a46922ab72fb79c5ad4f4
Tests/PKHeX.Core.Tests/Legality/BallTests.cs,verification_tests,translate_test_vectors,high,valuable regression/behavior oracle,8ad201e80244f630ab5a46922ab72fb79c5ad4f4
Tests/PKHeX.Core.Tests/Legality/BreedTests.cs,verification_tests,translate_test_vectors,high,valuable regression/behavior oracle,8ad201e80244f630ab5a46922ab72fb79c5ad4f4
Tests/PKHeX.Core.Tests/Legality/ChainBreedLegalityTests.cs,verification_tests,translate_test_vectors,high,valuable regression/behavior oracle,8ad201e80244f630ab5a46922ab72fb79c5ad4f4
Tests/PKHeX.Core.Tests/Legality/EffortExpLegalityTests.cs,verification_tests,translate_test_vectors,high,valuable regression/behavior oracle,8ad201e80244f630ab5a46922ab72fb79c5ad4f4
Tests/PKHeX.Core.Tests/Legality/Illegal/AltForm/105-02 - Marowak - A36BF82DC6F6.pk7,verification_tests,translate_test_vectors,high,valuable regression/behavior oracle,8ad201e80244f630ab5a46922ab72fb79c5ad4f4
Tests/PKHeX.Core.Tests/Legality/Illegal/AltForm/423-01 - Gastrodon - 6CE785FF60E2.pk7,verification_tests,translate_test_vectors,high,valuable regression/behavior oracle,8ad201e80244f630ab5a46922ab72fb79c5ad4f4
Tests/PKHeX.Core.Tests/Legality/Illegal/AltForm/678-01 ★ - Meowstic - 01873505869C.pk7,verification_tests,translate_test_vectors,high,valuable regression/behavior oracle,8ad201e80244f630ab5a46922ab72fb79c5ad4f4
Tests/PKHeX.Core.Tests/Legality/Illegal/AltForm/865_-_Sirfetchd_-_DC8686B1C0B9.pk8,verification_tests,translate_test_vectors,high,valuable regression/behavior oracle,8ad201e80244f630ab5a46922ab72fb79c5ad4f4
Tests/PKHeX.Core.Tests/Legality/Illegal/Evolution/196 ★ - ESPEON - 20386C1C9080.pk4,verification_tests,translate_test_vectors,high,valuable regression/behavior oracle,8ad201e80244f630ab5a46922ab72fb79c5ad4f4
Tests/PKHeX.Core.Tests/Legality/Illegal/Gen2 Tradeback/0061 - Poliwhirl - 4B4A648BA093.pk7,verification_tests,translate_test_vectors,high,valuable regression/behavior oracle,8ad201e80244f630ab5a46922ab72fb79c5ad4f4
Tests/PKHeX.Core.Tests/Legality/Illegal/Gen2 Tradeback/0149 - Dragonite - B1A1E209D2E0.pk7,verification_tests,translate_test_vectors,high,valuable regression/behavior oracle,8ad201e80244f630ab5a46922ab72fb79c5ad4f4
Tests/PKHeX.Core.Tests/Legality/Illegal/Gen2 Tradeback/0149 - Dragonite - D1C5E209D2E0.pk7,verification_tests,translate_test_vectors,high,valuable regression/behavior oracle,8ad201e80244f630ab5a46922ab72fb79c5ad4f4
Tests/PKHeX.Core.Tests/Legality/Illegal/Gen2/043 - ODDISH - 2DCE noChain.pk2,verification_tests,translate_test_vectors,high,valuable regression/behavior oracle,8ad201e80244f630ab5a46922ab72fb79c5ad4f4
Tests/PKHeX.Core.Tests/Legality/Illegal/Gen2/107 - HITMONCHAN - 26B0.pk2,verification_tests,translate_test_vectors,high,valuable regression/behavior oracle,8ad201e80244f630ab5a46922ab72fb79c5ad4f4
Tests/PKHeX.Core.Tests/Legality/Illegal/Gen3/0032 - NIDORAN♂ - 92A9F5C939C9 - edited issue4356.pk3,verification_tests,translate_test_vectors,high,valuable regression/behavior oracle,8ad201e80244f630ab5a46922ab72fb79c5ad4f4
Tests/PKHeX.Core.Tests/Legality/Illegal/Gen7b/027-01 - Sandshrew - 1CD585997938 wrong version.pb7,verification_tests,translate_test_vectors,high,valuable regression/behavior oracle,8ad201e80244f630ab5a46922ab72fb79c5ad4f4
Tests/PKHeX.Core.Tests/Legality/Illegal/Gen7b/037-01 - Vulpix - A71285997938 wrong version.pb7,verification_tests,translate_test_vectors,high,valuable regression/behavior oracle,8ad201e80244f630ab5a46922ab72fb79c5ad4f4
Tests/PKHeX.Core.Tests/Legality/Illegal/Gen8/0292 - ヌケニン - A7D95B63395C raid shedinja bad height.pk8,verification_tests,translate_test_vectors,high,valuable regression/behavior oracle,8ad201e80244f630ab5a46922ab72fb79c5ad4f4
Tests/PKHeX.Core.Tests/Legality/Illegal/Gen8/0761 - Bounsweet - FDD89FC902E6 raid downleveled antishiny bad weight.pk8,verification_tests,translate_test_vectors,high,valuable regression/behavior oracle,8ad201e80244f630ab5a46922ab72fb79c5ad4f4
Tests/PKHeX.Core.Tests/Legality/Illegal/Misc/0123 ★ - Insécateur - BFFD5B0473FE safari badgen.pk7,verification_tests,translate_test_vectors,high,valuable regression/behavior oracle,8ad201e80244f630ab5a46922ab72fb79c5ad4f4
Tests/PKHeX.Core.Tests/Legality/Illegal/Misc/038 - タマゴ - D8E92C842F48 Evo Egg.pk3,verification_tests,translate_test_vectors,high,valuable regression/behavior oracle,8ad201e80244f630ab5a46922ab72fb79c5ad4f4
Tests/PKHeX.Core.Tests/Legality/Illegal/Misc/0382 - KYOGRE - 7D62F8447ED2 untrained 85EVs.pk4,verification_tests,translate_test_vectors,high,valuable regression/behavior oracle,8ad201e80244f630ab5a46922ab72fb79c5ad4f4
Tests/PKHeX.Core.Tests/Legality/Illegal/Misc/094 - Gengar - B781C838BA27 Transfer BadAbilNum.pk7,verification_tests,translate_test_vectors,high,valuable regression/behavior oracle,8ad201e80244f630ab5a46922ab72fb79c5ad4f4
Tests/PKHeX.Core.Tests/Legality/Illegal/Misc/121 ★ - EGG - 1B87 Evo Egg.pk2,verification_tests,translate_test_vectors,high,valuable regression/behavior oracle,8ad201e80244f630ab5a46922ab72fb79c5ad4f4
"Tests/PKHeX.Core.Tests/Legality/Illegal/Misc/146-01 - Moltres - F9E5ADA9EFD1 no overworld, bad genloc.pk8",verification_tests,translate_test_vectors,high,valuable regression/behavior oracle,8ad201e80244f630ab5a46922ab72fb79c5ad4f4
Tests/PKHeX.Core.Tests/Legality/Illegal/Misc/196 - Espeon - 84F87989E70A ability capsule evolved single ability wrongLanguage.pk8,verification_tests,translate_test_vectors,high,valuable regression/behavior oracle,8ad201e80244f630ab5a46922ab72fb79c5ad4f4
Tests/PKHeX.Core.Tests/Legality/Illegal/Misc/196 - Mentali - 16FD27C35E93 Transfer LevelUp VC1.pk7,verification_tests,translate_test_vectors,high,valuable regression/behavior oracle,8ad201e80244f630ab5a46922ab72fb79c5ad4f4
Tests/PKHeX.Core.Tests/Legality/Illegal/Misc/199 ★ - EGG - EDB6 Evo Egg.pk2,verification_tests,translate_test_vectors,high,valuable regression/behavior oracle,8ad201e80244f630ab5a46922ab72fb79c5ad4f4
Tests/PKHeX.Core.Tests/Legality/Illegal/Misc/208 - タマゴ - E4466BAA9428 Evo Egg.pk3,verification_tests,translate_test_vectors,high,valuable regression/behavior oracle,8ad201e80244f630ab5a46922ab72fb79c5ad4f4
Tests/PKHeX.Core.Tests/Legality/Illegal/Misc/251 - CELEBI - E96B nomet notradeback.pk2,verification_tests,translate_test_vectors,high,valuable regression/behavior oracle,8ad201e80244f630ab5a46922ab72fb79c5ad4f4
Tests/PKHeX.Core.Tests/Legality/Illegal/Misc/497 - Serperior - gen5 HA not available.pk7,verification_tests,translate_test_vectors,high,valuable regression/behavior oracle,8ad201e80244f630ab5a46922ab72fb79c5ad4f4
Tests/PKHeX.Core.Tests/Legality/Illegal/Misc/JPN mew long nickname.pk6,verification_tests,translate_test_vectors,high,valuable regression/behavior oracle,8ad201e80244f630ab5a46922ab72fb79c5ad4f4
Tests/PKHeX.Core.Tests/Legality/Illegal/Misc/Kingdra Korean VC1.pk7,verification_tests,translate_test_vectors,high,valuable regression/behavior oracle,8ad201e80244f630ab5a46922ab72fb79c5ad4f4
Tests/PKHeX.Core.Tests/Legality/Illegal/Misc/Regigigas No Language.pk7,verification_tests,translate_test_vectors,high,valuable regression/behavior oracle,8ad201e80244f630ab5a46922ab72fb79c5ad4f4
Tests/PKHeX.Core.Tests/Legality/Illegal/Misc/Spearow VC Contest Stats.pk7,verification_tests,translate_test_vectors,high,valuable regression/behavior oracle,8ad201e80244f630ab5a46922ab72fb79c5ad4f4
Tests/PKHeX.Core.Tests/Legality/Illegal/Misc/UltraBallTeddiursa.xk3,verification_tests,translate_test_vectors,high,valuable regression/behavior oracle,8ad201e80244f630ab5a46922ab72fb79c5ad4f4
Tests/PKHeX.Core.Tests/Legality/Illegal/Misc/VC1 Celebi transfer.pk7,verification_tests,translate_test_vectors,high,valuable regression/behavior oracle,8ad201e80244f630ab5a46922ab72fb79c5ad4f4
Tests/PKHeX.Core.Tests/Legality/Illegal/Misc/VC1 Sentret transfer.pk7,verification_tests,translate_test_vectors,high,valuable regression/behavior oracle,8ad201e80244f630ab5a46922ab72fb79c5ad4f4
Tests/PKHeX.Core.Tests/Legality/Illegal/Misc/XD Shuckle Gift no Fateful.ck3,verification_tests,translate_test_vectors,high,valuable regression/behavior oracle,8ad201e80244f630ab5a46922ab72fb79c5ad4f4
Tests/PKHeX.Core.Tests/Legality/Illegal/Moves/292 - SHEDINJA - 4E10A0E852EE (two Ninjask Moves).pk3,verification_tests,translate_test_vectors,high,valuable regression/behavior oracle,8ad201e80244f630ab5a46922ab72fb79c5ad4f4
Tests/PKHeX.Core.Tests/Legality/Illegal/Moves/803 - Poipole - C7B3534918F0.pk7,verification_tests,translate_test_vectors,high,valuable regression/behavior oracle,8ad201e80244f630ab5a46922ab72fb79c5ad4f4
Tests/PKHeX.Core.Tests/Legality/Illegal/Ribbons/Illegal (has 8 out of 8 Battle Memory).pk7,verification_tests,translate_test_vectors,high,valuable regression/behavior oracle,8ad201e80244f630ab5a46922ab72fb79c5ad4f4
Tests/PKHeX.Core.Tests/Legality/Illegal/Ribbons/Illegal (has Winning Ribbon).ck3,verification_tests,translate_test_vectors,high,valuable regression/behavior oracle,8ad201e80244f630ab5a46922ab72fb79c5ad4f4
Tests/PKHeX.Core.Tests/Legality/Illegal/WC3/001 - Bulbasaur - 4543EBE98C5F.pk7,verification_tests,translate_test_vectors,high,valuable regression/behavior oracle,8ad201e80244f630ab5a46922ab72fb79c5ad4f4
Tests/PKHeX.Core.Tests/Legality/Illegal/WC3/004 - ヒトカゲ - 1CCD0A2B1E99.pk7,verification_tests,translate_test_vectors,high,valuable regression/behavior oracle,8ad201e80244f630ab5a46922ab72fb79c5ad4f4
Tests/PKHeX.Core.Tests/Legality/Illegal/WC7/658-01 - Greninja - E95300000021.pk7,verification_tests,translate_test_vectors,high,valuable regression/behavior oracle,8ad201e80244f630ab5a46922ab72fb79c5ad4f4
Tests/PKHeX.Core.Tests/Legality/Illegal/WC7/745-01 - Lycanroc - AA223CC9A6E7.pk7,verification_tests,translate_test_vectors,high,valuable regression/behavior oracle,8ad201e80244f630ab5a46922ab72fb79c5ad4f4
Tests/PKHeX.Core.Tests/Legality/Illegal/WC7/745-02 - Lycanroc - B2A43CC9A6E7.pk7,verification_tests,translate_test_vectors,high,valuable regression/behavior oracle,8ad201e80244f630ab5a46922ab72fb79c5ad4f4
Tests/PKHeX.Core.Tests/Legality/Illegal/WC7/745-02 - Lycanroc - B3A83CC9A6E7.pk7,verification_tests,translate_test_vectors,high,valuable regression/behavior oracle,8ad201e80244f630ab5a46922ab72fb79c5ad4f4
Tests/PKHeX.Core.Tests/Legality/Illegal/WC7/Illegal Zygarde-1 10% Shiny with Aura Break (can't change).pk7,verification_tests,translate_test_vectors,high,valuable regression/behavior oracle,8ad201e80244f630ab5a46922ab72fb79c5ad4f4
Tests/PKHeX.Core.Tests/Legality/Illegal/Wild/132 - Ditto - 5CD1D273663D.pk6,verification_tests,translate_test_vectors,high,valuable regression/behavior oracle,8ad201e80244f630ab5a46922ab72fb79c5ad4f4
Tests/PKHeX.Core.Tests/Legality/Illegal/Wild/213 - Shuckle - 825B411103A3.pk6,verification_tests,translate_test_vectors,high,valuable regression/behavior oracle,8ad201e80244f630ab5a46922ab72fb79c5ad4f4
Tests/PKHeX.Core.Tests/Legality/Illegal/Wild/646-01 ★ - キュレム - 0D420000000A.pk5,verification_tests,translate_test_vectors,high,valuable regression/behavior oracle,8ad201e80244f630ab5a46922ab72fb79c5ad4f4
Tests/PKHeX.Core.Tests/Legality/Illegal/Wild/706_-_Goodra_-_971B6773DCC2.pk7,verification_tests,translate_test_vectors,high,valuable regression/behavior oracle,8ad201e80244f630ab5a46922ab72fb79c5ad4f4
Tests/PKHeX.Core.Tests/Legality/Illegal/Wild/744-01 - Rockruff - BEBC85FF60E2.pk7,verification_tests,translate_test_vectors,high,valuable regression/behavior oracle,8ad201e80244f630ab5a46922ab72fb79c5ad4f4
Tests/PKHeX.Core.Tests/Legality/Illegal/Wild/745-02 - Lycanroc - 047385FF60E2.pk7,verification_tests,translate_test_vectors,high,valuable regression/behavior oracle,8ad201e80244f630ab5a46922ab72fb79c5ad4f4
Tests/PKHeX.Core.Tests/Legality/LearnabilityTests.cs,verification_tests,translate_test_vectors,high,valuable regression/behavior oracle,8ad201e80244f630ab5a46922ab72fb79c5ad4f4
Tests/PKHeX.Core.Tests/Legality/Legal/General/004 - CHARMANDER - D5EF.pk1,verification_tests,translate_test_vectors,high,valuable regression/behavior oracle,8ad201e80244f630ab5a46922ab72fb79c5ad4f4
Tests/PKHeX.Core.Tests/Legality/Legal/General/0089-01_-_Muk_-_07FBB3839D09 move bleed HOME minimize initial GO.pk9,verification_tests,translate_test_vectors,high,valuable regression/behavior oracle,8ad201e80244f630ab5a46922ab72fb79c5ad4f4
Tests/PKHeX.Core.Tests/Legality/Legal/General/124 - ZYNX - 70DF498A2E1D.pk3,verification_tests,translate_test_vectors,high,valuable regression/behavior oracle,8ad201e80244f630ab5a46922ab72fb79c5ad4f4
Tests/PKHeX.Core.Tests/Legality/Legal/General/172 - Egg - 7D3CF55CFC10.pk4,verification_tests,translate_test_vectors,high,valuable regression/behavior oracle,8ad201e80244f630ab5a46922ab72fb79c5ad4f4
Tests/PKHeX.Core.Tests/Legality/Legal/General/183 - 알 - AA4E3344817C.pk5,verification_tests,translate_test_vectors,high,valuable regression/behavior oracle,8ad201e80244f630ab5a46922ab72fb79c5ad4f4
Tests/PKHeX.Core.Tests/Legality/Legal/General/235 - 알 - 10DB.pk2,verification_tests,translate_test_vectors,high,valuable regression/behavior oracle,8ad201e80244f630ab5a46922ab72fb79c5ad4f4
Tests/PKHeX.Core.Tests/Legality/Legal/General/236 - Oeuf - 5E05C020CB44.pk4,verification_tests,translate_test_vectors,high,valuable regression/behavior oracle,8ad201e80244f630ab5a46922ab72fb79c5ad4f4
Tests/PKHeX.Core.Tests/Legality/Legal/General/236 - 알 - F55CC3F29788.pk5,verification_tests,translate_test_vectors,high,valuable regression/behavior oracle,8ad201e80244f630ab5a46922ab72fb79c5ad4f4
Tests/PKHeX.Core.Tests/Legality/Legal/General/292 - SHEDINJA - 4889A0E852EE.pk3,verification_tests,translate_test_vectors,high,valuable regression/behavior oracle,8ad201e80244f630ab5a46922ab72fb79c5ad4f4
Tests/PKHeX.Core.Tests/Legality/Legal/General/300 - Egg - 0673311A3560.pk5,verification_tests,translate_test_vectors,high,valuable regression/behavior oracle,8ad201e80244f630ab5a46922ab72fb79c5ad4f4
Tests/PKHeX.Core.Tests/Legality/Legal/General/300 - Uovo - 0C910B68370A.pk4,verification_tests,translate_test_vectors,high,valuable regression/behavior oracle,8ad201e80244f630ab5a46922ab72fb79c5ad4f4
Tests/PKHeX.Core.Tests/Legality/Legal/General/343 - 알 - 5871F88A9BCE.pk5,verification_tests,translate_test_vectors,high,valuable regression/behavior oracle,8ad201e80244f630ab5a46922ab72fb79c5ad4f4
Tests/PKHeX.Core.Tests/Legality/Legal/General/479 - Ei - B7178C463B60.pk4,verification_tests,translate_test_vectors,high,valuable regression/behavior oracle,8ad201e80244f630ab5a46922ab72fb79c5ad4f4
Tests/PKHeX.Core.Tests/Legality/Legal/General/479 ★ - 알 - BE0D0000000A.pk5,verification_tests,translate_test_vectors,high,valuable regression/behavior oracle,8ad201e80244f630ab5a46922ab72fb79c5ad4f4
Tests/PKHeX.Core.Tests/Legality/Legal/General/610 - キバゴ - 6F91B110EED1.pk5,verification_tests,translate_test_vectors,high,valuable regression/behavior oracle,8ad201e80244f630ab5a46922ab72fb79c5ad4f4
Tests/PKHeX.Core.Tests/Legality/Legal/General/645-01 - Landorus - 57BA472C4EB8.pk6,verification_tests,translate_test_vectors,high,valuable regression/behavior oracle,8ad201e80244f630ab5a46922ab72fb79c5ad4f4
Tests/PKHeX.Core.Tests/Legality/Legal/General/Ribbons/0248 - Tyranitar - DC689F6F123B (has 7 out of 8 Battle Memory).pk7,verification_tests,translate_test_vectors,high,valuable regression/behavior oracle,8ad201e80244f630ab5a46922ab72fb79c5ad4f4
Tests/PKHeX.Core.Tests/Legality/Legal/General/Ribbons/Legal (Missing Winning Ribbon).ck3,verification_tests,translate_test_vectors,high,valuable regression/behavior oracle,8ad201e80244f630ab5a46922ab72fb79c5ad4f4
Tests/PKHeX.Core.Tests/Legality/Legal/Generation 1 Only/025 - PIKACHU - E9D3.pk1,verification_tests,translate_test_vectors,high,valuable regression/behavior oracle,8ad201e80244f630ab5a46922ab72fb79c5ad4f4
Tests/PKHeX.Core.Tests/Legality/Legal/Generation 1 Only/026 - RAZOR - 9BD7.pk1,verification_tests,translate_test_vectors,high,valuable regression/behavior oracle,8ad201e80244f630ab5a46922ab72fb79c5ad4f4
Tests/PKHeX.Core.Tests/Legality/Legal/Generation 1 Only/133 - EEVEE - D278.pk1,verification_tests,translate_test_vectors,high,valuable regression/behavior oracle,8ad201e80244f630ab5a46922ab72fb79c5ad4f4
Tests/PKHeX.Core.Tests/Legality/Legal/Generation 1 Only/134 - VAPOREON - F896.pk1,verification_tests,translate_test_vectors,high,valuable regression/behavior oracle,8ad201e80244f630ab5a46922ab72fb79c5ad4f4
Tests/PKHeX.Core.Tests/Legality/Legal/Generation 1 Only/135 - JOLTEON - 7E45.pk1,verification_tests,translate_test_vectors,high,valuable regression/behavior oracle,8ad201e80244f630ab5a46922ab72fb79c5ad4f4
Tests/PKHeX.Core.Tests/Legality/Legal/Generation 1 Only/135 - JOLTEON - 7F90.pk1,verification_tests,translate_test_vectors,high,valuable regression/behavior oracle,8ad201e80244f630ab5a46922ab72fb79c5ad4f4
Tests/PKHeX.Core.Tests/Legality/Legal/Generation 1 Only/136 - FLAREON - 50CF.pk1,verification_tests,translate_test_vectors,high,valuable regression/behavior oracle,8ad201e80244f630ab5a46922ab72fb79c5ad4f4
Tests/PKHeX.Core.Tests/Legality/Legal/Generation 1 Tradeback/107 ★ - エビワラー - 68EC Gen2 Future-Gen Evo Egg.pk1,verification_tests,translate_test_vectors,high,valuable regression/behavior oracle,8ad201e80244f630ab5a46922ab72fb79c5ad4f4
Tests/PKHeX.Core.Tests/Legality/Legal/Generation 2/0106 - HITMONLEE - EC97.pk2,verification_tests,translate_test_vectors,high,valuable regression/behavior oracle,8ad201e80244f630ab5a46922ab72fb79c5ad4f4
Tests/PKHeX.Core.Tests/Legality/Legal/Generation 2/0107 - HITMONCHAN - C054.pk2,verification_tests,translate_test_vectors,high,valuable regression/behavior oracle,8ad201e80244f630ab5a46922ab72fb79c5ad4f4
Tests/PKHeX.Core.Tests/Legality/Legal/Generation 2/0138 - AMONITAS - 071B.pk2,verification_tests,translate_test_vectors,high,valuable regression/behavior oracle,8ad201e80244f630ab5a46922ab72fb79c5ad4f4
Tests/PKHeX.Core.Tests/Legality/Legal/Generation 2/025 - PIKACHU - 2129.pk2,verification_tests,translate_test_vectors,high,valuable regression/behavior oracle,8ad201e80244f630ab5a46922ab72fb79c5ad4f4
Tests/PKHeX.Core.Tests/Legality/Legal/Generation 2/031 - NIDOQUEEN - A016.pk2,verification_tests,translate_test_vectors,high,valuable regression/behavior oracle,8ad201e80244f630ab5a46922ab72fb79c5ad4f4
Tests/PKHeX.Core.Tests/Legality/Legal/Generation 2/035 - CLEFAIRY - 8A0C.pk2,verification_tests,translate_test_vectors,high,valuable regression/behavior oracle,8ad201e80244f630ab5a46922ab72fb79c5ad4f4
Tests/PKHeX.Core.Tests/Legality/Legal/Generation 2/082 - TATO - 2D6E.pk2,verification_tests,translate_test_vectors,high,valuable regression/behavior oracle,8ad201e80244f630ab5a46922ab72fb79c5ad4f4
Tests/PKHeX.Core.Tests/Legality/Legal/Generation 2/085 - DORIS - 5C9F.pk2,verification_tests,translate_test_vectors,high,valuable regression/behavior oracle,8ad201e80244f630ab5a46922ab72fb79c5ad4f4
Tests/PKHeX.Core.Tests/Legality/Legal/Generation 2/112 - DON - 4DD6.pk2,verification_tests,translate_test_vectors,high,valuable regression/behavior oracle,8ad201e80244f630ab5a46922ab72fb79c5ad4f4
Tests/PKHeX.Core.Tests/Legality/Legal/Generation 2/142 - AEROY - 56BA.pk2,verification_tests,translate_test_vectors,high,valuable regression/behavior oracle,8ad201e80244f630ab5a46922ab72fb79c5ad4f4
Tests/PKHeX.Core.Tests/Legality/Legal/Generation 2/211 - Pvffs - 92DC vc.pk2,verification_tests,translate_test_vectors,high,valuable regression/behavior oracle,8ad201e80244f630ab5a46922ab72fb79c5ad4f4
Tests/PKHeX.Core.Tests/Legality/Legal/Generation 2/213 - SHUCKI - 3572.pk2,verification_tests,translate_test_vectors,high,valuable regression/behavior oracle,8ad201e80244f630ab5a46922ab72fb79c5ad4f4
Tests/PKHeX.Core.Tests/Legality/Legal/Generation 2/217 - リングマ - 1241 (Gold).pk2,verification_tests,translate_test_vectors,high,valuable regression/behavior oracle,8ad201e80244f630ab5a46922ab72fb79c5ad4f4
Tests/PKHeX.Core.Tests/Legality/Legal/Generation 2/230 - KINGDRA - 3712.pk2,verification_tests,translate_test_vectors,high,valuable regression/behavior oracle,8ad201e80244f630ab5a46922ab72fb79c5ad4f4
Tests/PKHeX.Core.Tests/Legality/Legal/Generation 2/230 - Kingdra - D08E85FF60E2.pk7,verification_tests,translate_test_vectors,high,valuable regression/behavior oracle,8ad201e80244f630ab5a46922ab72fb79c5ad4f4
Tests/PKHeX.Core.Tests/Legality/Legal/Generation 2/251 - Celebi - F8B063C95344.pk7,verification_tests,translate_test_vectors,high,valuable regression/behavior oracle,8ad201e80244f630ab5a46922ab72fb79c5ad4f4
Tests/PKHeX.Core.Tests/Legality/Legal/Generation 2/251_-_CELEBI_-_1EE8.pk2,verification_tests,translate_test_vectors,high,valuable regression/behavior oracle,8ad201e80244f630ab5a46922ab72fb79c5ad4f4
Tests/PKHeX.Core.Tests/Legality/Legal/Generation 3/144 - 3008 - BDFCED1D5D5B.pk3,verification_tests,translate_test_vectors,high,valuable regression/behavior oracle,8ad201e80244f630ab5a46922ab72fb79c5ad4f4
Tests/PKHeX.Core.Tests/Legality/Legal/Generation 3/297 - MAKIT - C47400009C40 evolve ability mismatch.pk3,verification_tests,translate_test_vectors,high,valuable regression/behavior oracle,8ad201e80244f630ab5a46922ab72fb79c5ad4f4
Tests/PKHeX.Core.Tests/Legality/Legal/Generation 3/Eggs/0032 - NIDORAN♂ - 92A9F5C9B9C9 - NidoranF parent issue4356.pk3,verification_tests,translate_test_vectors,high,valuable regression/behavior oracle,8ad201e80244f630ab5a46922ab72fb79c5ad4f4
Tests/PKHeX.Core.Tests/Legality/Legal/Generation 3/Eggs/0032 - NIDORAN♂ - F436F4EF3BFC - Ditto parent issue4356.pk3,verification_tests,translate_test_vectors,high,valuable regression/behavior oracle,8ad201e80244f630ab5a46922ab72fb79c5ad4f4
Tests/PKHeX.Core.Tests/Legality/Legal/Generation 3/LevelUp learn move then Evolve/195 - QUAGSIRE - E2AD60FEC722.pk3,verification_tests,translate_test_vectors,high,valuable regression/behavior oracle,8ad201e80244f630ab5a46922ab72fb79c5ad4f4
Tests/PKHeX.Core.Tests/Legality/Legal/Generation 3/LevelUp learn move then Evolve/229 - HOUNDOOM - 4311EC0CD621.pk3,verification_tests,translate_test_vectors,high,valuable regression/behavior oracle,8ad201e80244f630ab5a46922ab72fb79c5ad4f4
Tests/PKHeX.Core.Tests/Legality/Legal/Generation 3/LevelUp learn move then Evolve/284 - MASQUERAIN - 8C49324DA947.pk3,verification_tests,translate_test_vectors,high,valuable regression/behavior oracle,8ad201e80244f630ab5a46922ab72fb79c5ad4f4
Tests/PKHeX.Core.Tests/Legality/Legal/Generation 3/LevelUp learn move then Evolve/461 - Weavile - 041331D10483.pk7,verification_tests,translate_test_vectors,high,valuable regression/behavior oracle,8ad201e80244f630ab5a46922ab72fb79c5ad4f4
Tests/PKHeX.Core.Tests/Legality/Legal/Generation 3/Misc/0283 ★ - TEST - 5143F610D91A swarm lead matching.pk3,verification_tests,translate_test_vectors,high,valuable regression/behavior oracle,8ad201e80244f630ab5a46922ab72fb79c5ad4f4
Tests/PKHeX.Core.Tests/Legality/Legal/Generation 3/Misc/054 - PSYDUCK - 1FE1F661FBE0.pk3,verification_tests,translate_test_vectors,high,valuable regression/behavior oracle,8ad201e80244f630ab5a46922ab72fb79c5ad4f4
Tests/PKHeX.Core.Tests/Legality/Legal/Generation 3/Misc/134 - VAPOREON - B2D7984A102F XD split evo starter.pk3,verification_tests,translate_test_vectors,high,valuable regression/behavior oracle,8ad201e80244f630ab5a46922ab72fb79c5ad4f4
Tests/PKHeX.Core.Tests/Legality/Legal/Generation 3/Misc/228 - タマゴ - 10F596FA62A6 longOTedge.pk3,verification_tests,translate_test_vectors,high,valuable regression/behavior oracle,8ad201e80244f630ab5a46922ab72fb79c5ad4f4
Tests/PKHeX.Core.Tests/Legality/Legal/Generation 3/Misc/250 - HO-OH - 2241C625EB05 Italian longOT.ck3,verification_tests,translate_test_vectors,high,valuable regression/behavior oracle,8ad201e80244f630ab5a46922ab72fb79c5ad4f4
Tests/PKHeX.Core.Tests/Legality/Legal/Generation 3/Misc/327 - Spinda - 88283DD1BB49 Method 3.pk3,verification_tests,translate_test_vectors,high,valuable regression/behavior oracle,8ad201e80244f630ab5a46922ab72fb79c5ad4f4
Tests/PKHeX.Core.Tests/Legality/Legal/Generation 3/XD Fateful Gifts/213 - SHUCKLE - 1904411103A3 NoFateful.xk3,verification_tests,translate_test_vectors,high,valuable regression/behavior oracle,8ad201e80244f630ab5a46922ab72fb79c5ad4f4
Tests/PKHeX.Core.Tests/Legality/Legal/Generation 3/XD Fateful Gifts/213 - SHUCKLE - 475E411103A3 Fateful.xk3,verification_tests,translate_test_vectors,high,valuable regression/behavior oracle,8ad201e80244f630ab5a46922ab72fb79c5ad4f4
Tests/PKHeX.Core.Tests/Legality/Legal/Generation 4 GroundTile/Rock Smash/074 - GEODUDE - B16E2318D744.pk4,verification_tests,translate_test_vectors,high,valuable regression/behavior oracle,8ad201e80244f630ab5a46922ab72fb79c5ad4f4
Tests/PKHeX.Core.Tests/Legality/Legal/Generation 4 GroundTile/Rock Smash/098 - KRABBY - 86943584D01B.pk4,verification_tests,translate_test_vectors,high,valuable regression/behavior oracle,8ad201e80244f630ab5a46922ab72fb79c5ad4f4
Tests/PKHeX.Core.Tests/Legality/Legal/Generation 4 GroundTile/Rock Smash/098 - KRABBY - C589B4EFB45F.pk4,verification_tests,translate_test_vectors,high,valuable regression/behavior oracle,8ad201e80244f630ab5a46922ab72fb79c5ad4f4
Tests/PKHeX.Core.Tests/Legality/Legal/Generation 4 GroundTile/Special Handling/104 ★ - CUBONE - ABE400000004.pk4,verification_tests,translate_test_vectors,high,valuable regression/behavior oracle,8ad201e80244f630ab5a46922ab72fb79c5ad4f4
Tests/PKHeX.Core.Tests/Legality/Legal/Generation 4 GroundTile/Special Handling/201 - UNOWN - E8FFA68025F9.pk4,verification_tests,translate_test_vectors,high,valuable regression/behavior oracle,8ad201e80244f630ab5a46922ab72fb79c5ad4f4
Tests/PKHeX.Core.Tests/Legality/Legal/Generation 4 GroundTile/Special Handling/215 - SNEASEL - 72E6A36A07BD.pk4,verification_tests,translate_test_vectors,high,valuable regression/behavior oracle,8ad201e80244f630ab5a46922ab72fb79c5ad4f4
Tests/PKHeX.Core.Tests/Legality/Legal/Generation 4 GroundTile/Special Handling/231 - PHANPY - 579744E8F948.pk4,verification_tests,translate_test_vectors,high,valuable regression/behavior oracle,8ad201e80244f630ab5a46922ab72fb79c5ad4f4
Tests/PKHeX.Core.Tests/Legality/Legal/Generation 4 GroundTile/Special Handling/246 - LARVITAR - 2AC20000000E.pk4,verification_tests,translate_test_vectors,high,valuable regression/behavior oracle,8ad201e80244f630ab5a46922ab72fb79c5ad4f4
Tests/PKHeX.Core.Tests/Legality/Legal/Generation 4 GroundTile/Special Handling/246 ★ - LARVITAR - E4CF00000002.pk4,verification_tests,translate_test_vectors,high,valuable regression/behavior oracle,8ad201e80244f630ab5a46922ab72fb79c5ad4f4
Tests/PKHeX.Core.Tests/Legality/Legal/Generation 4 GroundTile/Special Handling/308 - MEDICHAM - 25F8A56FA3F2.pk4,verification_tests,translate_test_vectors,high,valuable regression/behavior oracle,8ad201e80244f630ab5a46922ab72fb79c5ad4f4
Tests/PKHeX.Core.Tests/Legality/Legal/Generation 4 GroundTile/Special Handling/477 - DUSKNOIR - 12DF9E28828D.pk4,verification_tests,translate_test_vectors,high,valuable regression/behavior oracle,8ad201e80244f630ab5a46922ab72fb79c5ad4f4
Tests/PKHeX.Core.Tests/Legality/Legal/Generation 4 Transfer/230 - SEASOR - 4E170000007F.pk4,verification_tests,translate_test_vectors,high,valuable regression/behavior oracle,8ad201e80244f630ab5a46922ab72fb79c5ad4f4
Tests/PKHeX.Core.Tests/Legality/Legal/Generation 4 Transfer/323 - CAMERUPT - 1EAB066E02B3.pk4,verification_tests,translate_test_vectors,high,valuable regression/behavior oracle,8ad201e80244f630ab5a46922ab72fb79c5ad4f4
Tests/PKHeX.Core.Tests/Legality/Legal/Generation 4 Transfer/479-04 - Fan - 68FCC25F9AB6 dp formchange egg.pk4,verification_tests,translate_test_vectors,high,valuable regression/behavior oracle,8ad201e80244f630ab5a46922ab72fb79c5ad4f4
Tests/PKHeX.Core.Tests/Legality/Legal/Generation 4/0081 - MAGNETI - B2F0B116BC4C safari 4iv fail.pk4,verification_tests,translate_test_vectors,high,valuable regression/behavior oracle,8ad201e80244f630ab5a46922ab72fb79c5ad4f4
Tests/PKHeX.Core.Tests/Legality/Legal/Generation 4/0095 - Egg - 3C46CD462454 pt egg.pk4,verification_tests,translate_test_vectors,high,valuable regression/behavior oracle,8ad201e80244f630ab5a46922ab72fb79c5ad4f4
Tests/PKHeX.Core.Tests/Legality/Legal/Generation 4/0095 - ONIX - D1BE00E5AE9E pt2hg hatch.pk4,verification_tests,translate_test_vectors,high,valuable regression/behavior oracle,8ad201e80244f630ab5a46922ab72fb79c5ad4f4
Tests/PKHeX.Core.Tests/Legality/Legal/Generation 4/0113 - CHANSEY - 806A14061105 swarm1 pressure.pk4,verification_tests,translate_test_vectors,high,valuable regression/behavior oracle,8ad201e80244f630ab5a46922ab72fb79c5ad4f4
Tests/PKHeX.Core.Tests/Legality/Legal/Generation 4/0113 - CHANSEY - D4E98650DFCD swarm1 pressure.pk4,verification_tests,translate_test_vectors,high,valuable regression/behavior oracle,8ad201e80244f630ab5a46922ab72fb79c5ad4f4
Tests/PKHeX.Core.Tests/Legality/Legal/Generation 4/0218 - Egg - 30859D41D013 hg egg.pk4,verification_tests,translate_test_vectors,high,valuable regression/behavior oracle,8ad201e80244f630ab5a46922ab72fb79c5ad4f4
Tests/PKHeX.Core.Tests/Legality/Legal/Generation 4/0218 - SLUGMA - 4F02838CED63 hg2pt hatch.pk4,verification_tests,translate_test_vectors,high,valuable regression/behavior oracle,8ad201e80244f630ab5a46922ab72fb79c5ad4f4
Tests/PKHeX.Core.Tests/Legality/Legal/Generation 4/0407 - ROSERADE - E24358625928.pk4,verification_tests,translate_test_vectors,high,valuable regression/behavior oracle,8ad201e80244f630ab5a46922ab72fb79c5ad4f4
Tests/PKHeX.Core.Tests/Legality/Legal/Generation 4/184 - AZUMARILL - 70F46DFFFF94 static genderchange.pk4,verification_tests,translate_test_vectors,high,valuable regression/behavior oracle,8ad201e80244f630ab5a46922ab72fb79c5ad4f4
Tests/PKHeX.Core.Tests/Legality/Legal/Generation 4/194 - Egg - B7B3E1614DCB Primo Wooper.pk4,verification_tests,translate_test_vectors,high,valuable regression/behavior oracle,8ad201e80244f630ab5a46922ab72fb79c5ad4f4
Tests/PKHeX.Core.Tests/Legality/Legal/Generation 4/242 - HEITEIRA - E83AB36E7C5C.pk4,verification_tests,translate_test_vectors,high,valuable regression/behavior oracle,8ad201e80244f630ab5a46922ab72fb79c5ad4f4
Tests/PKHeX.Core.Tests/Legality/Legal/Generation 4/440 - ピンプク - 17961FFFFFFE.pk4,verification_tests,translate_test_vectors,high,valuable regression/behavior oracle,8ad201e80244f630ab5a46922ab72fb79c5ad4f4
Tests/PKHeX.Core.Tests/Legality/Legal/Generation 4/470  - LEAFEON - 65B05FEF8D69.pk4,verification_tests,translate_test_vectors,high,valuable regression/behavior oracle,8ad201e80244f630ab5a46922ab72fb79c5ad4f4
Tests/PKHeX.Core.Tests/Legality/Legal/Generation 5/015 - Beedrill - 2F3A638FD1B9 gen3 transfer highlevel.pk5,verification_tests,translate_test_vectors,high,valuable regression/behavior oracle,8ad201e80244f630ab5a46922ab72fb79c5ad4f4
Tests/PKHeX.Core.Tests/Legality/Legal/Generation 5/0242 - Heiteira - C862311C7FE4.pk5,verification_tests,translate_test_vectors,high,valuable regression/behavior oracle,8ad201e80244f630ab5a46922ab72fb79c5ad4f4
Tests/PKHeX.Core.Tests/Legality/Legal/Generation 5/0407 - Roserade - 83F5F7E60F78.pk5,verification_tests,translate_test_vectors,high,valuable regression/behavior oracle,8ad201e80244f630ab5a46922ab72fb79c5ad4f4
Tests/PKHeX.Core.Tests/Legality/Legal/Generation 5/0550-01 - Basculin - C46358B4FA76 wrongAbility.pk5,verification_tests,translate_test_vectors,high,valuable regression/behavior oracle,8ad201e80244f630ab5a46922ab72fb79c5ad4f4
Tests/PKHeX.Core.Tests/Legality/Legal/Generation 5/143 - Tripón - D4336200001F Evolved.pk5,verification_tests,translate_test_vectors,high,valuable regression/behavior oracle,8ad201e80244f630ab5a46922ab72fb79c5ad4f4
Tests/PKHeX.Core.Tests/Legality/Legal/Generation 5/440 - Egg - 5B70552258BA Breeder Happiny.pk5,verification_tests,translate_test_vectors,high,valuable regression/behavior oracle,8ad201e80244f630ab5a46922ab72fb79c5ad4f4
Tests/PKHeX.Core.Tests/Legality/Legal/Generation 5/446 - Tripón - BDC46200001F Trade Ability Mismatch.pk5,verification_tests,translate_test_vectors,high,valuable regression/behavior oracle,8ad201e80244f630ab5a46922ab72fb79c5ad4f4
Tests/PKHeX.Core.Tests/Legality/Legal/Generation 5/546 - Jersey - C31DDBEA71D8 french accented OT name.pk5,verification_tests,translate_test_vectors,high,valuable regression/behavior oracle,8ad201e80244f630ab5a46922ab72fb79c5ad4f4
Tests/PKHeX.Core.Tests/Legality/Legal/Generation 5/612 ★ - Haxorus - A1AC5BB800F7.pk5,verification_tests,translate_test_vectors,high,valuable regression/behavior oracle,8ad201e80244f630ab5a46922ab72fb79c5ad4f4
Tests/PKHeX.Core.Tests/Legality/Legal/Generation 5/636 - Egg - F2C5552258BA Breeder Larvesta.pk5,verification_tests,translate_test_vectors,high,valuable regression/behavior oracle,8ad201e80244f630ab5a46922ab72fb79c5ad4f4
Tests/PKHeX.Core.Tests/Legality/Legal/Generation 6 Static/351 - Castform - 4988DDF4362E.pk6,verification_tests,translate_test_vectors,high,valuable regression/behavior oracle,8ad201e80244f630ab5a46922ab72fb79c5ad4f4
Tests/PKHeX.Core.Tests/Legality/Legal/Generation 6 Static/360 - Egg - 4E07D3239217 Hot Springs Wynaut.pk6,verification_tests,translate_test_vectors,high,valuable regression/behavior oracle,8ad201e80244f630ab5a46922ab72fb79c5ad4f4
Tests/PKHeX.Core.Tests/Legality/Legal/Generation 6/0061_-_Quaputzi_-_81DD3D8C0FFD safari gen3 level.pk6,verification_tests,translate_test_vectors,high,valuable regression/behavior oracle,8ad201e80244f630ab5a46922ab72fb79c5ad4f4
Tests/PKHeX.Core.Tests/Legality/Legal/Generation 6/035 - Clefairy - 2A2C8A94FA80 dexnav.pk6,verification_tests,translate_test_vectors,high,valuable regression/behavior oracle,8ad201e80244f630ab5a46922ab72fb79c5ad4f4
Tests/PKHeX.Core.Tests/Legality/Legal/Generation 6/087 - Dewgong - B33438369BC5 dexnav.pk6,verification_tests,translate_test_vectors,high,valuable regression/behavior oracle,8ad201e80244f630ab5a46922ab72fb79c5ad4f4
Tests/PKHeX.Core.Tests/Legality/Legal/Generation 6/097 - Hypno - F845514A2D54 dexnav.pk6,verification_tests,translate_test_vectors,high,valuable regression/behavior oracle,8ad201e80244f630ab5a46922ab72fb79c5ad4f4
Tests/PKHeX.Core.Tests/Legality/Legal/Generation 6/236 - Tyrogue - 88A5A8BF7345.pk6,verification_tests,translate_test_vectors,high,valuable regression/behavior oracle,8ad201e80244f630ab5a46922ab72fb79c5ad4f4
Tests/PKHeX.Core.Tests/Legality/Legal/Generation 6/263 - Zigzagoon - 2746E8288E7E.pk6,verification_tests,translate_test_vectors,high,valuable regression/behavior oracle,8ad201e80244f630ab5a46922ab72fb79c5ad4f4
Tests/PKHeX.Core.Tests/Legality/Legal/Generation 6/272 - Ludicolo - 2154AE8EDAF2 flute -4.pk7,verification_tests,translate_test_vectors,high,valuable regression/behavior oracle,8ad201e80244f630ab5a46922ab72fb79c5ad4f4
Tests/PKHeX.Core.Tests/Legality/Legal/Generation 6/276 ★ - Nirondelle - 0F8089C9AA57 flute level1.pk6,verification_tests,translate_test_vectors,high,valuable regression/behavior oracle,8ad201e80244f630ab5a46922ab72fb79c5ad4f4
Tests/PKHeX.Core.Tests/Legality/Legal/Generation 6/280 - Ralts - 4732E9FE3B34 No Nickname Trade.pk6,verification_tests,translate_test_vectors,high,valuable regression/behavior oracle,8ad201e80244f630ab5a46922ab72fb79c5ad4f4
Tests/PKHeX.Core.Tests/Legality/Legal/Generation 6/295 - Exploud - 24A2112B6A94 dexnav.pk6,verification_tests,translate_test_vectors,high,valuable regression/behavior oracle,8ad201e80244f630ab5a46922ab72fb79c5ad4f4
Tests/PKHeX.Core.Tests/Legality/Legal/Generation 6/350 - Milotic - C65D0BA29204 transfer minlevel evo.pk6,verification_tests,translate_test_vectors,high,valuable regression/behavior oracle,8ad201e80244f630ab5a46922ab72fb79c5ad4f4
Tests/PKHeX.Core.Tests/Legality/Legal/Generation 6/357 ★ - Walker Mower - 0272CF40335F.pk6,verification_tests,translate_test_vectors,high,valuable regression/behavior oracle,8ad201e80244f630ab5a46922ab72fb79c5ad4f4
Tests/PKHeX.Core.Tests/Legality/Legal/Generation 6/665-17 - Spewpa - 9DBBA19BC145 Route 7 berry field.pk6,verification_tests,translate_test_vectors,high,valuable regression/behavior oracle,8ad201e80244f630ab5a46922ab72fb79c5ad4f4
Tests/PKHeX.Core.Tests/Legality/Legal/Generation 7 Static/132 - Ditto - D2606D168C32.pk7,verification_tests,translate_test_vectors,high,valuable regression/behavior oracle,8ad201e80244f630ab5a46922ab72fb79c5ad4f4
Tests/PKHeX.Core.Tests/Legality/Legal/Generation 7 Static/133 - Egg - 9FD9E55BFB28 Daycare Eevee.pk7,verification_tests,translate_test_vectors,high,valuable regression/behavior oracle,8ad201e80244f630ab5a46922ab72fb79c5ad4f4
Tests/PKHeX.Core.Tests/Legality/Legal/Generation 7 Static/664-07 - Scatterbug - 6703815D4F75.pk7,verification_tests,translate_test_vectors,high,valuable regression/behavior oracle,8ad201e80244f630ab5a46922ab72fb79c5ad4f4
Tests/PKHeX.Core.Tests/Legality/Legal/Generation 7 Static/666-07 - Vivillon - 6560815D4F75.pk7,verification_tests,translate_test_vectors,high,valuable regression/behavior oracle,8ad201e80244f630ab5a46922ab72fb79c5ad4f4
Tests/PKHeX.Core.Tests/Legality/Legal/Generation 7 Transfer/0021 - Spearow - Hardy - 13.8.9.31.31.31 - アアアアア - 05397 - Poké - 4432DFD41B97 badPP diffLanguage.pk7,verification_tests,translate_test_vectors,high,valuable regression/behavior oracle,8ad201e80244f630ab5a46922ab72fb79c5ad4f4
Tests/PKHeX.Core.Tests/Legality/Legal/Generation 7 Transfer/0267_-_Beautifly_-_02EC2BFA04AE gen3 l5 silcoon.pk7,verification_tests,translate_test_vectors,high,valuable regression/behavior oracle,8ad201e80244f630ab5a46922ab72fb79c5ad4f4
Tests/PKHeX.Core.Tests/Legality/Legal/Generation 7 Transfer/028 ★ - Sandslash - 583900000000.pk7,verification_tests,translate_test_vectors,high,valuable regression/behavior oracle,8ad201e80244f630ab5a46922ab72fb79c5ad4f4
Tests/PKHeX.Core.Tests/Legality/Legal/Generation 7 Transfer/100 - VOLTI - B086FE1296FC FALCçN.pk7,verification_tests,translate_test_vectors,high,valuable regression/behavior oracle,8ad201e80244f630ab5a46922ab72fb79c5ad4f4
Tests/PKHeX.Core.Tests/Legality/Legal/Generation 7 Transfer/106 - Kicklee - F14B2085C4CF.pk7,verification_tests,translate_test_vectors,high,valuable regression/behavior oracle,8ad201e80244f630ab5a46922ab72fb79c5ad4f4
Tests/PKHeX.Core.Tests/Legality/Legal/Generation 7 Transfer/107 - Tygnon - AB06C469F5A7.pk7,verification_tests,translate_test_vectors,high,valuable regression/behavior oracle,8ad201e80244f630ab5a46922ab72fb79c5ad4f4
Tests/PKHeX.Core.Tests/Legality/Legal/Generation 7 Transfer/107 ★ - Hitmonchan - A6016DD483CC.pk7,verification_tests,translate_test_vectors,high,valuable regression/behavior oracle,8ad201e80244f630ab5a46922ab72fb79c5ad4f4
Tests/PKHeX.Core.Tests/Legality/Legal/Generation 7 Transfer/124 - LOLA - 0F0EBB7A9D04.pk7,verification_tests,translate_test_vectors,high,valuable regression/behavior oracle,8ad201e80244f630ab5a46922ab72fb79c5ad4f4
Tests/PKHeX.Core.Tests/Legality/Legal/Generation 7 Transfer/132 - Ditto - 3159082DBAD7.pk7,verification_tests,translate_test_vectors,high,valuable regression/behavior oracle,8ad201e80244f630ab5a46922ab72fb79c5ad4f4
Tests/PKHeX.Core.Tests/Legality/Legal/Generation 7 Transfer/144 ★ - Articuno - A4103D3BFB2D badPP.pk7,verification_tests,translate_test_vectors,high,valuable regression/behavior oracle,8ad201e80244f630ab5a46922ab72fb79c5ad4f4
Tests/PKHeX.Core.Tests/Legality/Legal/Generation 7 Transfer/145 ★ - Zapdos - 018B4D16087D badPP.pk7,verification_tests,translate_test_vectors,high,valuable regression/behavior oracle,8ad201e80244f630ab5a46922ab72fb79c5ad4f4
Tests/PKHeX.Core.Tests/Legality/Legal/Generation 7 Transfer/151 - ミュウ - 6B9DADB23EB0.pk7,verification_tests,translate_test_vectors,high,valuable regression/behavior oracle,8ad201e80244f630ab5a46922ab72fb79c5ad4f4
Tests/PKHeX.Core.Tests/Legality/Legal/Generation 7 Transfer/204 - クヌギダマ - 4CF0E7EAFE99.pk7,verification_tests,translate_test_vectors,high,valuable regression/behavior oracle,8ad201e80244f630ab5a46922ab72fb79c5ad4f4
Tests/PKHeX.Core.Tests/Legality/Legal/Generation 7 Transfer/213 - MODRI - 24E7F51FC5F2.pk7,verification_tests,translate_test_vectors,high,valuable regression/behavior oracle,8ad201e80244f630ab5a46922ab72fb79c5ad4f4
Tests/PKHeX.Core.Tests/Legality/Legal/Generation 7 Transfer/213 - SHUCKI - 736B6898378B MANôA.pk7,verification_tests,translate_test_vectors,high,valuable regression/behavior oracle,8ad201e80244f630ab5a46922ab72fb79c5ad4f4
Tests/PKHeX.Core.Tests/Legality/Legal/Generation 7 Transfer/230 - Seedraking - CC38FEBB3C31.pk7,verification_tests,translate_test_vectors,high,valuable regression/behavior oracle,8ad201e80244f630ab5a46922ab72fb79c5ad4f4
Tests/PKHeX.Core.Tests/Legality/Legal/Generation 7 Transfer/251 ★ - Celebi - 6695A818ECEA badPP.pk7,verification_tests,translate_test_vectors,high,valuable regression/behavior oracle,8ad201e80244f630ab5a46922ab72fb79c5ad4f4
Tests/PKHeX.Core.Tests/Legality/Legal/Generation 7 Transfer/466 - Electivire - FF102D8B375B.pk7,verification_tests,translate_test_vectors,high,valuable regression/behavior oracle,8ad201e80244f630ab5a46922ab72fb79c5ad4f4
Tests/PKHeX.Core.Tests/Legality/Legal/Generation 7 Transfer/466 - エレキブル - 45346A2454B8.pk7,verification_tests,translate_test_vectors,high,valuable regression/behavior oracle,8ad201e80244f630ab5a46922ab72fb79c5ad4f4
Tests/PKHeX.Core.Tests/Legality/Legal/Generation 7 Transfer/700 - ニンフィア - F093560A57A2.pk7,verification_tests,translate_test_vectors,high,valuable regression/behavior oracle,8ad201e80244f630ab5a46922ab72fb79c5ad4f4
Tests/PKHeX.Core.Tests/Legality/Legal/Generation 7 Wild/080 - Slowbro - A0935F4796B1.pk7,verification_tests,translate_test_vectors,high,valuable regression/behavior oracle,8ad201e80244f630ab5a46922ab72fb79c5ad4f4
Tests/PKHeX.Core.Tests/Legality/Legal/Generation 7 Wild/131 - Lapras - 967A2886F5BC.pb7,verification_tests,translate_test_vectors,high,valuable regression/behavior oracle,8ad201e80244f630ab5a46922ab72fb79c5ad4f4
Tests/PKHeX.Core.Tests/Legality/Legal/Generation 7 Wild/744 - Rockruff - B9D885FF60E2.pk7,verification_tests,translate_test_vectors,high,valuable regression/behavior oracle,8ad201e80244f630ab5a46922ab72fb79c5ad4f4
Tests/PKHeX.Core.Tests/Legality/Legal/Generation 7 Wild/745 - Lycanroc - F73885FF60E2.pk7,verification_tests,translate_test_vectors,high,valuable regression/behavior oracle,8ad201e80244f630ab5a46922ab72fb79c5ad4f4
Tests/PKHeX.Core.Tests/Legality/Legal/Generation 8/0037-01 - Vulpix - 94616918E5A7 home4.pa8,verification_tests,translate_test_vectors,high,valuable regression/behavior oracle,8ad201e80244f630ab5a46922ab72fb79c5ad4f4
Tests/PKHeX.Core.Tests/Legality/Legal/Generation 8/0083-01 - Egg - 219CD3317179 legal traded HT memory no HT.pk8,verification_tests,translate_test_vectors,high,valuable regression/behavior oracle,8ad201e80244f630ab5a46922ab72fb79c5ad4f4
Tests/PKHeX.Core.Tests/Legality/Legal/Generation 8/0105-01 - Test - 6DDD2B435BBC alolan evolution.pk8,verification_tests,translate_test_vectors,high,valuable regression/behavior oracle,8ad201e80244f630ab5a46922ab72fb79c5ad4f4
Tests/PKHeX.Core.Tests/Legality/Legal/Generation 8/0196 - エーフィ - 42DD7989E70A ability capsule evolved single ability.pk8,verification_tests,translate_test_vectors,high,valuable regression/behavior oracle,8ad201e80244f630ab5a46922ab72fb79c5ad4f4
Tests/PKHeX.Core.Tests/Legality/Legal/Generation 8/0292 - ヌケニン - A7DA5B63395C raid shedinja.pk8,verification_tests,translate_test_vectors,high,valuable regression/behavior oracle,8ad201e80244f630ab5a46922ab72fb79c5ad4f4
Tests/PKHeX.Core.Tests/Legality/Legal/Generation 8/0465 - Tangrowth - E181E068A61E fakeHOME sharedInherit evolve.pa8,verification_tests,translate_test_vectors,high,valuable regression/behavior oracle,8ad201e80244f630ab5a46922ab72fb79c5ad4f4
Tests/PKHeX.Core.Tests/Legality/Legal/Generation 8/0761 - Bounsweet - FE9A9FC902E6 raid downlevel antishiny.pk8,verification_tests,translate_test_vectors,high,valuable regression/behavior oracle,8ad201e80244f630ab5a46922ab72fb79c5ad4f4
Tests/PKHeX.Core.Tests/Legality/Legal/Generation 8/2026.06.08 - 0502 ■ - Dewott - Serious - 17.31.21.31.21.22 - Anubis - 042748 - Poké - 75AED7512243 home4 evo.pa8,verification_tests,translate_test_vectors,high,valuable regression/behavior oracle,8ad201e80244f630ab5a46922ab72fb79c5ad4f4
Tests/PKHeX.Core.Tests/Legality/Legal/Generation 8/454 - Toxicroak - 74B8A6FA55D1 underlevel area6-3badge.pb8,verification_tests,translate_test_vectors,high,valuable regression/behavior oracle,8ad201e80244f630ab5a46922ab72fb79c5ad4f4
Tests/PKHeX.Core.Tests/Legality/Legal/Generation 8/481 ★ - Mesprit - 1FE0DA9D86A4 roamer8 force shiny.pb8,verification_tests,translate_test_vectors,high,valuable regression/behavior oracle,8ad201e80244f630ab5a46922ab72fb79c5ad4f4
Tests/PKHeX.Core.Tests/Legality/Legal/Generation 8/780 - Sen-Long - EE8A09A6B32F LinkTrade Egg with HT memory.pk8,verification_tests,translate_test_vectors,high,valuable regression/behavior oracle,8ad201e80244f630ab5a46922ab72fb79c5ad4f4
Tests/PKHeX.Core.Tests/Legality/Legal/Generation 9/0585-01 ★ - Deerling - 11D0C90A7F2F pk6 formchange.pk9,verification_tests,translate_test_vectors,high,valuable regression/behavior oracle,8ad201e80244f630ab5a46922ab72fb79c5ad4f4
Tests/PKHeX.Core.Tests/Legality/Legal/Generation 9/0904 - Overqwil - 2F49E4F1319B inherit barb 2.pk9,verification_tests,translate_test_vectors,high,valuable regression/behavior oracle,8ad201e80244f630ab5a46922ab72fb79c5ad4f4
Tests/PKHeX.Core.Tests/Legality/Legal/Generation 9/FormArg/0979 - Second Wind - F595DB8A1056.pk9,verification_tests,translate_test_vectors,high,valuable regression/behavior oracle,8ad201e80244f630ab5a46922ab72fb79c5ad4f4
Tests/PKHeX.Core.Tests/Legality/Legal/Generation 9/FormArg/0983 - Kingambit - 6BE42E9A9EF4 0 asKing.pk9,verification_tests,translate_test_vectors,high,valuable regression/behavior oracle,8ad201e80244f630ab5a46922ab72fb79c5ad4f4
Tests/PKHeX.Core.Tests/Legality/Legal/Generation 9/FormArg/0983 - Kingambit - 6BE72E9A9EF4 3 asBisharp.pk9,verification_tests,translate_test_vectors,high,valuable regression/behavior oracle,8ad201e80244f630ab5a46922ab72fb79c5ad4f4
Tests/PKHeX.Core.Tests/Legality/LegalityData.cs,verification_tests,translate_test_vectors,high,valuable regression/behavior oracle,8ad201e80244f630ab5a46922ab72fb79c5ad4f4
Tests/PKHeX.Core.Tests/Legality/LegalityRules.cs,verification_tests,translate_test_vectors,high,valuable regression/behavior oracle,8ad201e80244f630ab5a46922ab72fb79c5ad4f4
Tests/PKHeX.Core.Tests/Legality/LegalityTests.cs,verification_tests,translate_test_vectors,high,valuable regression/behavior oracle,8ad201e80244f630ab5a46922ab72fb79c5ad4f4
Tests/PKHeX.Core.Tests/Legality/RNG/MethodJChecks.cs,verification_tests,translate_test_vectors,high,valuable regression/behavior oracle,8ad201e80244f630ab5a46922ab72fb79c5ad4f4
Tests/PKHeX.Core.Tests/Legality/RNG/MockSlot4.cs,verification_tests,translate_test_vectors,high,valuable regression/behavior oracle,8ad201e80244f630ab5a46922ab72fb79c5ad4f4
Tests/PKHeX.Core.Tests/Legality/RNG/RaidTests.cs,verification_tests,translate_test_vectors,high,valuable regression/behavior oracle,8ad201e80244f630ab5a46922ab72fb79c5ad4f4
Tests/PKHeX.Core.Tests/Legality/RNG/ShadowTeamTests.cs,verification_tests,translate_test_vectors,high,valuable regression/behavior oracle,8ad201e80244f630ab5a46922ab72fb79c5ad4f4
Tests/PKHeX.Core.Tests/Legality/RNG/ShadowTests.cs,verification_tests,translate_test_vectors,high,valuable regression/behavior oracle,8ad201e80244f630ab5a46922ab72fb79c5ad4f4
Tests/PKHeX.Core.Tests/Legality/RNG/Wild8aRNGTests.cs,verification_tests,translate_test_vectors,high,valuable regression/behavior oracle,8ad201e80244f630ab5a46922ab72fb79c5ad4f4
Tests/PKHeX.Core.Tests/Legality/RNG/Wild8bRNGTests.cs,verification_tests,translate_test_vectors,high,valuable regression/behavior oracle,8ad201e80244f630ab5a46922ab72fb79c5ad4f4
Tests/PKHeX.Core.Tests/PKHeX.Core.Tests.csproj,verification_tests,translate_test_vectors,high,valuable regression/behavior oracle,8ad201e80244f630ab5a46922ab72fb79c5ad4f4
Tests/PKHeX.Core.Tests/Saves/Gen6/SubEventLog6XYTests.cs,verification_tests,translate_test_vectors,high,valuable regression/behavior oracle,8ad201e80244f630ab5a46922ab72fb79c5ad4f4
Tests/PKHeX.Core.Tests/Saves/HomeTests.cs,verification_tests,translate_test_vectors,high,valuable regression/behavior oracle,8ad201e80244f630ab5a46922ab72fb79c5ad4f4
Tests/PKHeX.Core.Tests/Saves/MemeCrypto/MemeCryptoTests.cs,verification_tests,translate_test_vectors,high,valuable regression/behavior oracle,8ad201e80244f630ab5a46922ab72fb79c5ad4f4
Tests/PKHeX.Core.Tests/Saves/MemeCrypto/SwishCryptoTests.cs,verification_tests,translate_test_vectors,high,valuable regression/behavior oracle,8ad201e80244f630ab5a46922ab72fb79c5ad4f4
Tests/PKHeX.Core.Tests/Saves/PokeDex.cs,verification_tests,translate_test_vectors,high,valuable regression/behavior oracle,8ad201e80244f630ab5a46922ab72fb79c5ad4f4
Tests/PKHeX.Core.Tests/Saves/SAV5DLC.cs,verification_tests,translate_test_vectors,high,valuable regression/behavior oracle,8ad201e80244f630ab5a46922ab72fb79c5ad4f4
Tests/PKHeX.Core.Tests/Saves/SMTests.cs,verification_tests,translate_test_vectors,high,valuable regression/behavior oracle,8ad201e80244f630ab5a46922ab72fb79c5ad4f4
Tests/PKHeX.Core.Tests/Simulator/GeneratorTests.cs,verification_tests,translate_test_vectors,high,valuable regression/behavior oracle,8ad201e80244f630ab5a46922ab72fb79c5ad4f4
Tests/PKHeX.Core.Tests/Simulator/MysteryGiftIVTests.cs,verification_tests,translate_test_vectors,high,valuable regression/behavior oracle,8ad201e80244f630ab5a46922ab72fb79c5ad4f4
Tests/PKHeX.Core.Tests/Simulator/ShowdownSetTests.cs,verification_tests,translate_test_vectors,high,valuable regression/behavior oracle,8ad201e80244f630ab5a46922ab72fb79c5ad4f4
Tests/PKHeX.Core.Tests/TestData/001 - Bulbasaur - Impish - Anubis.eh1,verification_tests,translate_test_vectors,high,valuable regression/behavior oracle,8ad201e80244f630ab5a46922ab72fb79c5ad4f4
Tests/PKHeX.Core.Tests/TestData/001 - Bulbasaur - Quirky - Anubis.eh1,verification_tests,translate_test_vectors,high,valuable regression/behavior oracle,8ad201e80244f630ab5a46922ab72fb79c5ad4f4
Tests/PKHeX.Core.Tests/TestData/001 ■ - Bulbasaur - Calm - Anubis.eh1,verification_tests,translate_test_vectors,high,valuable regression/behavior oracle,8ad201e80244f630ab5a46922ab72fb79c5ad4f4
Tests/PKHeX.Core.Tests/TestData/003 - Venusaur - Calm - Anubis.eh1,verification_tests,translate_test_vectors,high,valuable regression/behavior oracle,8ad201e80244f630ab5a46922ab72fb79c5ad4f4
Tests/PKHeX.Core.Tests/TestData/003 - Venusaur - Rash - Anubis.eh1,verification_tests,translate_test_vectors,high,valuable regression/behavior oracle,8ad201e80244f630ab5a46922ab72fb79c5ad4f4
Tests/PKHeX.Core.Tests/TestData/025 - Pikachu - Anubis.eh2,verification_tests,translate_test_vectors,high,valuable regression/behavior oracle,8ad201e80244f630ab5a46922ab72fb79c5ad4f4
Tests/PKHeX.Core.Tests/TestData/mew.eh4,verification_tests,translate_test_vectors,high,valuable regression/behavior oracle,8ad201e80244f630ab5a46922ab72fb79c5ad4f4
Tests/PKHeX.Core.Tests/TestData/SM Project 802.main,verification_tests,translate_test_vectors,high,valuable regression/behavior oracle,8ad201e80244f630ab5a46922ab72fb79c5ad4f4
Tests/PKHeX.Core.Tests/Util/ConvertUtilTests.cs,verification_tests,translate_test_vectors,high,valuable regression/behavior oracle,8ad201e80244f630ab5a46922ab72fb79c5ad4f4
Tests/PKHeX.Core.Tests/Util/DataUtilTests.cs,verification_tests,translate_test_vectors,high,valuable regression/behavior oracle,8ad201e80244f630ab5a46922ab72fb79c5ad4f4
Tests/PKHeX.Core.Tests/Util/DateUtilTests.cs,verification_tests,translate_test_vectors,high,valuable regression/behavior oracle,8ad201e80244f630ab5a46922ab72fb79c5ad4f4
Tests/PKHeX.Core.Tests/Util/FlagUtilTests.cs,verification_tests,translate_test_vectors,high,valuable regression/behavior oracle,8ad201e80244f630ab5a46922ab72fb79c5ad4f4
Tests/PKHeX.Core.Tests/Util/GeoLocationTests.cs,verification_tests,translate_test_vectors,high,valuable regression/behavior oracle,8ad201e80244f630ab5a46922ab72fb79c5ad4f4
Tests/PKHeX.Core.Tests/Util/StringQualityTests.cs,verification_tests,translate_test_vectors,high,valuable regression/behavior oracle,8ad201e80244f630ab5a46922ab72fb79c5ad4f4
Tests/PKHeX.Core.Tests/Util/TestUtil.cs,verification_tests,translate_test_vectors,high,valuable regression/behavior oracle,8ad201e80244f630ab5a46922ab72fb79c5ad4f4
