id,name_ja,name_ko,name_en,source_repo,source_commit,source_path_ja,source_path_ko,source_path_en
0,なし,없음,None,kwsch/PKHeX,8ad201e80244f630ab5a46922ab72fb79c5ad4f4,PKHeX.Core/Resources/text/items/text_Items_ja.txt,PKHeX.Core/Resources/text/items/text_Items_ko.txt,PKHeX.Core/Resources/text/items/text_Items_en.txt
1,マスターボール,마스터볼,Master Ball,kwsch/PKHeX,8ad201e80244f630ab5a46922ab72fb79c5ad4f4,PKHeX.Core/Resources/text/items/text_Items_ja.txt,PKHeX.Core/Resources/text/items/text_Items_ko.txt,PKHeX.Core/Resources/text/items/text_Items_en.txt
2,ハイパーボール,하이퍼볼,Ultra Ball,kwsch/PKHeX,8ad201e80244f630ab5a46922ab72fb79c5ad4f4,PKHeX.Core/Resources/text/items/text_Items_ja.txt,PKHeX.Core/Resources/text/items/text_Items_ko.txt,PKHeX.Core/Resources/text/items/text_Items_en.txt
3,スーパーボール,슈퍼볼,Great Ball,kwsch/PKHeX,8ad201e80244f630ab5a46922ab72fb79c5ad4f4,PKHeX.Core/Resources/text/items/text_Items_ja.txt,PKHeX.Core/Resources/text/items/text_Items_ko.txt,PKHeX.Core/Resources/text/items/text_Items_en.txt
4,モンスターボール,몬스터볼,Poké Ball,kwsch/PKHeX,8ad201e80244f630ab5a46922ab72fb79c5ad4f4,PKHeX.Core/Resources/text/items/text_Items_ja.txt,PKHeX.Core/Resources/text/items/text_Items_ko.txt,PKHeX.Core/Resources/text/items/text_Items_en.txt
5,サファリボール,사파리볼,Safari Ball,kwsch/PKHeX,8ad201e80244f630ab5a46922ab72fb79c5ad4f4,PKHeX.Core/Resources/text/items/text_Items_ja.txt,PKHeX.Core/Resources/text/items/text_Items_ko.txt,PKHeX.Core/Resources/text/items/text_Items_en.txt
6,ネットボール,네트볼,Net Ball,kwsch/PKHeX,8ad201e80244f630ab5a46922ab72fb79c5ad4f4,PKHeX.Core/Resources/text/items/text_Items_ja.txt,PKHeX.Core/Resources/text/items/text_Items_ko.txt,PKHeX.Core/Resources/text/items/text_Items_en.txt
7,ダイブボール,다이브볼,Dive Ball,kwsch/PKHeX,8ad201e80244f630ab5a46922ab72fb79c5ad4f4,PKHeX.Core/Resources/text/items/text_Items_ja.txt,PKHeX.Core/Resources/text/items/text_Items_ko.txt,PKHeX.Core/Resources/text/items/text_Items_en.txt
8,ネストボール,네스트볼,Nest Ball,kwsch/PKHeX,8ad201e80244f630ab5a46922ab72fb79c5ad4f4,PKHeX.Core/Resources/text/items/text_Items_ja.txt,PKHeX.Core/Resources/text/items/text_Items_ko.txt,PKHeX.Core/Resources/text/items/text_Items_en.txt
9,リピートボール,리피트볼,Repeat Ball,kwsch/PKHeX,8ad201e80244f630ab5a46922ab72fb79c5ad4f4,PKHeX.Core/Resources/text/items/text_Items_ja.txt,PKHeX.Core/Resources/text/items/text_Items_ko.txt,PKHeX.Core/Resources/text/items/text_Items_en.txt
10,タイマーボール,타이머볼,Timer Ball,kwsch/PKHeX,8ad201e80244f630ab5a46922ab72fb79c5ad4f4,PKHeX.Core/Resources/text/items/text_Items_ja.txt,PKHeX.Core/Resources/text/items/text_Items_ko.txt,PKHeX.Core/Resources/text/items/text_Items_en.txt
11,ゴージャスボール,럭셔리볼,Luxury Ball,kwsch/PKHeX,8ad201e80244f630ab5a46922ab72fb79c5ad4f4,PKHeX.Core/Resources/text/items/text_Items_ja.txt,PKHeX.Core/Resources/text/items/text_Items_ko.txt,PKHeX.Core/Resources/text/items/text_Items_en.txt
12,プレミアボール,프리미어볼,Premier Ball,kwsch/PKHeX,8ad201e80244f630ab5a46922ab72fb79c5ad4f4,PKHeX.Core/Resources/text/items/text_Items_ja.txt,PKHeX.Core/Resources/text/items/text_Items_ko.txt,PKHeX.Core/Resources/text/items/text_Items_en.txt
13,ダークボール,다크볼,Dusk Ball,kwsch/PKHeX,8ad201e80244f630ab5a46922ab72fb79c5ad4f4,PKHeX.Core/Resources/text/items/text_Items_ja.txt,PKHeX.Core/Resources/text/items/text_Items_ko.txt,PKHeX.Core/Resources/text/items/text_Items_en.txt
14,ヒールボール,힐볼,Heal Ball,kwsch/PKHeX,8ad201e80244f630ab5a46922ab72fb79c5ad4f4,PKHeX.Core/Resources/text/items/text_Items_ja.txt,PKHeX.Core/Resources/text/items/text_Items_ko.txt,PKHeX.Core/Resources/text/items/text_Items_en.txt
15,クイックボール,퀵볼,Quick Ball,kwsch/PKHeX,8ad201e80244f630ab5a46922ab72fb79c5ad4f4,PKHeX.Core/Resources/text/items/text_Items_ja.txt,PKHeX.Core/Resources/text/items/text_Items_ko.txt,PKHeX.Core/Resources/text/items/text_Items_en.txt
16,プレシャスボール,프레셔스볼,Cherish Ball,kwsch/PKHeX,8ad201e80244f630ab5a46922ab72fb79c5ad4f4,PKHeX.Core/Resources/text/items/text_Items_ja.txt,PKHeX.Core/Resources/text/items/text_Items_ko.txt,PKHeX.Core/Resources/text/items/text_Items_en.txt
17,キズぐすり,상처약,Potion,kwsch/PKHeX,8ad201e80244f630ab5a46922ab72fb79c5ad4f4,PKHeX.Core/Resources/text/items/text_Items_ja.txt,PKHeX.Core/Resources/text/items/text_Items_ko.txt,PKHeX.Core/Resources/text/items/text_Items_en.txt
18,どくけし,해독제,Antidote,kwsch/PKHeX,8ad201e80244f630ab5a46922ab72fb79c5ad4f4,PKHeX.Core/Resources/text/items/text_Items_ja.txt,PKHeX.Core/Resources/text/items/text_Items_ko.txt,PKHeX.Core/Resources/text/items/text_Items_en.txt
19,やけどなおし,화상치료제,Burn Heal,kwsch/PKHeX,8ad201e80244f630ab5a46922ab72fb79c5ad4f4,PKHeX.Core/Resources/text/items/text_Items_ja.txt,PKHeX.Core/Resources/text/items/text_Items_ko.txt,PKHeX.Core/Resources/text/items/text_Items_en.txt
20,こおりなおし,얼음상태치료제,Ice Heal,kwsch/PKHeX,8ad201e80244f630ab5a46922ab72fb79c5ad4f4,PKHeX.Core/Resources/text/items/text_Items_ja.txt,PKHeX.Core/Resources/text/items/text_Items_ko.txt,PKHeX.Core/Resources/text/items/text_Items_en.txt
21,ねむけざまし,잠깨는약,Awakening,kwsch/PKHeX,8ad201e80244f630ab5a46922ab72fb79c5ad4f4,PKHeX.Core/Resources/text/items/text_Items_ja.txt,PKHeX.Core/Resources/text/items/text_Items_ko.txt,PKHeX.Core/Resources/text/items/text_Items_en.txt
22,まひなおし,마비치료제,Paralyze Heal,kwsch/PKHeX,8ad201e80244f630ab5a46922ab72fb79c5ad4f4,PKHeX.Core/Resources/text/items/text_Items_ja.txt,PKHeX.Core/Resources/text/items/text_Items_ko.txt,PKHeX.Core/Resources/text/items/text_Items_en.txt
23,かいふくのくすり,회복약,Full Restore,kwsch/PKHeX,8ad201e80244f630ab5a46922ab72fb79c5ad4f4,PKHeX.Core/Resources/text/items/text_Items_ja.txt,PKHeX.Core/Resources/text/items/text_Items_ko.txt,PKHeX.Core/Resources/text/items/text_Items_en.txt
24,まんたんのくすり,풀회복약,Max Potion,kwsch/PKHeX,8ad201e80244f630ab5a46922ab72fb79c5ad4f4,PKHeX.Core/Resources/text/items/text_Items_ja.txt,PKHeX.Core/Resources/text/items/text_Items_ko.txt,PKHeX.Core/Resources/text/items/text_Items_en.txt
25,すごいキズぐすり,고급상처약,Hyper Potion,kwsch/PKHeX,8ad201e80244f630ab5a46922ab72fb79c5ad4f4,PKHeX.Core/Resources/text/items/text_Items_ja.txt,PKHeX.Core/Resources/text/items/text_Items_ko.txt,PKHeX.Core/Resources/text/items/text_Items_en.txt
26,いいキズぐすり,좋은상처약,Super Potion,kwsch/PKHeX,8ad201e80244f630ab5a46922ab72fb79c5ad4f4,PKHeX.Core/Resources/text/items/text_Items_ja.txt,PKHeX.Core/Resources/text/items/text_Items_ko.txt,PKHeX.Core/Resources/text/items/text_Items_en.txt
27,なんでもなおし,만병통치제,Full Heal,kwsch/PKHeX,8ad201e80244f630ab5a46922ab72fb79c5ad4f4,PKHeX.Core/Resources/text/items/text_Items_ja.txt,PKHeX.Core/Resources/text/items/text_Items_ko.txt,PKHeX.Core/Resources/text/items/text_Items_en.txt
28,げんきのかけら,기력의조각,Revive,kwsch/PKHeX,8ad201e80244f630ab5a46922ab72fb79c5ad4f4,PKHeX.Core/Resources/text/items/text_Items_ja.txt,PKHeX.Core/Resources/text/items/text_Items_ko.txt,PKHeX.Core/Resources/text/items/text_Items_en.txt
29,げんきのかたまり,기력의덩어리,Max Revive,kwsch/PKHeX,8ad201e80244f630ab5a46922ab72fb79c5ad4f4,PKHeX.Core/Resources/text/items/text_Items_ja.txt,PKHeX.Core/Resources/text/items/text_Items_ko.txt,PKHeX.Core/Resources/text/items/text_Items_en.txt
30,おいしいみず,맛있는물,Fresh Water,kwsch/PKHeX,8ad201e80244f630ab5a46922ab72fb79c5ad4f4,PKHeX.Core/Resources/text/items/text_Items_ja.txt,PKHeX.Core/Resources/text/items/text_Items_ko.txt,PKHeX.Core/Resources/text/items/text_Items_en.txt
31,サイコソーダ,미네랄사이다,Soda Pop,kwsch/PKHeX,8ad201e80244f630ab5a46922ab72fb79c5ad4f4,PKHeX.Core/Resources/text/items/text_Items_ja.txt,PKHeX.Core/Resources/text/items/text_Items_ko.txt,PKHeX.Core/Resources/text/items/text_Items_en.txt
32,ミックスオレ,후르츠밀크,Lemonade,kwsch/PKHeX,8ad201e80244f630ab5a46922ab72fb79c5ad4f4,PKHeX.Core/Resources/text/items/text_Items_ja.txt,PKHeX.Core/Resources/text/items/text_Items_ko.txt,PKHeX.Core/Resources/text/items/text_Items_en.txt
33,モーモーミルク,튼튼밀크,Moomoo Milk,kwsch/PKHeX,8ad201e80244f630ab5a46922ab72fb79c5ad4f4,PKHeX.Core/Resources/text/items/text_Items_ja.txt,PKHeX.Core/Resources/text/items/text_Items_ko.txt,PKHeX.Core/Resources/text/items/text_Items_en.txt
34,ちからのこな,힘의가루,Energy Powder,kwsch/PKHeX,8ad201e80244f630ab5a46922ab72fb79c5ad4f4,PKHeX.Core/Resources/text/items/text_Items_ja.txt,PKHeX.Core/Resources/text/items/text_Items_ko.txt,PKHeX.Core/Resources/text/items/text_Items_en.txt
35,ちからのねっこ,힘의뿌리,Energy Root,kwsch/PKHeX,8ad201e80244f630ab5a46922ab72fb79c5ad4f4,PKHeX.Core/Resources/text/items/text_Items_ja.txt,PKHeX.Core/Resources/text/items/text_Items_ko.txt,PKHeX.Core/Resources/text/items/text_Items_en.txt
36,ばんのうごな,만능가루,Heal Powder,kwsch/PKHeX,8ad201e80244f630ab5a46922ab72fb79c5ad4f4,PKHeX.Core/Resources/text/items/text_Items_ja.txt,PKHeX.Core/Resources/text/items/text_Items_ko.txt,PKHeX.Core/Resources/text/items/text_Items_en.txt
37,ふっかつそう,부활초,Revival Herb,kwsch/PKHeX,8ad201e80244f630ab5a46922ab72fb79c5ad4f4,PKHeX.Core/Resources/text/items/text_Items_ja.txt,PKHeX.Core/Resources/text/items/text_Items_ko.txt,PKHeX.Core/Resources/text/items/text_Items_en.txt
38,ピーピーエイド,PP에이드,Ether,kwsch/PKHeX,8ad201e80244f630ab5a46922ab72fb79c5ad4f4,PKHeX.Core/Resources/text/items/text_Items_ja.txt,PKHeX.Core/Resources/text/items/text_Items_ko.txt,PKHeX.Core/Resources/text/items/text_Items_en.txt
39,ピーピーリカバー,PP회복,Max Ether,kwsch/PKHeX,8ad201e80244f630ab5a46922ab72fb79c5ad4f4,PKHeX.Core/Resources/text/items/text_Items_ja.txt,PKHeX.Core/Resources/text/items/text_Items_ko.txt,PKHeX.Core/Resources/text/items/text_Items_en.txt
40,ピーピーエイダー,PP에이더,Elixir,kwsch/PKHeX,8ad201e80244f630ab5a46922ab72fb79c5ad4f4,PKHeX.Core/Resources/text/items/text_Items_ja.txt,PKHeX.Core/Resources/text/items/text_Items_ko.txt,PKHeX.Core/Resources/text/items/text_Items_en.txt
41,ピーピーマックス,PP맥스,Max Elixir,kwsch/PKHeX,8ad201e80244f630ab5a46922ab72fb79c5ad4f4,PKHeX.Core/Resources/text/items/text_Items_ja.txt,PKHeX.Core/Resources/text/items/text_Items_ko.txt,PKHeX.Core/Resources/text/items/text_Items_en.txt
42,フエンせんべい,용암전병,Lava Cookie,kwsch/PKHeX,8ad201e80244f630ab5a46922ab72fb79c5ad4f4,PKHeX.Core/Resources/text/items/text_Items_ja.txt,PKHeX.Core/Resources/text/items/text_Items_ko.txt,PKHeX.Core/Resources/text/items/text_Items_en.txt
43,きのみジュース,나무열매쥬스,Berry Juice,kwsch/PKHeX,8ad201e80244f630ab5a46922ab72fb79c5ad4f4,PKHeX.Core/Resources/text/items/text_Items_ja.txt,PKHeX.Core/Resources/text/items/text_Items_ko.txt,PKHeX.Core/Resources/text/items/text_Items_en.txt
44,せいなるはい,성스러운분말,Sacred Ash,kwsch/PKHeX,8ad201e80244f630ab5a46922ab72fb79c5ad4f4,PKHeX.Core/Resources/text/items/text_Items_ja.txt,PKHeX.Core/Resources/text/items/text_Items_ko.txt,PKHeX.Core/Resources/text/items/text_Items_en.txt
45,マックスアップ,맥스업,HP Up,kwsch/PKHeX,8ad201e80244f630ab5a46922ab72fb79c5ad4f4,PKHeX.Core/Resources/text/items/text_Items_ja.txt,PKHeX.Core/Resources/text/items/text_Items_ko.txt,PKHeX.Core/Resources/text/items/text_Items_en.txt
46,タウリン,타우린,Protein,kwsch/PKHeX,8ad201e80244f630ab5a46922ab72fb79c5ad4f4,PKHeX.Core/Resources/text/items/text_Items_ja.txt,PKHeX.Core/Resources/text/items/text_Items_ko.txt,PKHeX.Core/Resources/text/items/text_Items_en.txt
47,ブロムヘキシン,사포닌,Iron,kwsch/PKHeX,8ad201e80244f630ab5a46922ab72fb79c5ad4f4,PKHeX.Core/Resources/text/items/text_Items_ja.txt,PKHeX.Core/Resources/text/items/text_Items_ko.txt,PKHeX.Core/Resources/text/items/text_Items_en.txt
48,インドメタシン,알칼로이드,Carbos,kwsch/PKHeX,8ad201e80244f630ab5a46922ab72fb79c5ad4f4,PKHeX.Core/Resources/text/items/text_Items_ja.txt,PKHeX.Core/Resources/text/items/text_Items_ko.txt,PKHeX.Core/Resources/text/items/text_Items_en.txt
49,リゾチウム,리보플라빈,Calcium,kwsch/PKHeX,8ad201e80244f630ab5a46922ab72fb79c5ad4f4,PKHeX.Core/Resources/text/items/text_Items_ja.txt,PKHeX.Core/Resources/text/items/text_Items_ko.txt,PKHeX.Core/Resources/text/items/text_Items_en.txt
50,ふしぎなアメ,이상한사탕,Rare Candy,kwsch/PKHeX,8ad201e80244f630ab5a46922ab72fb79c5ad4f4,PKHeX.Core/Resources/text/items/text_Items_ja.txt,PKHeX.Core/Resources/text/items/text_Items_ko.txt,PKHeX.Core/Resources/text/items/text_Items_en.txt
51,ポイントアップ,포인트업,PP Up,kwsch/PKHeX,8ad201e80244f630ab5a46922ab72fb79c5ad4f4,PKHeX.Core/Resources/text/items/text_Items_ja.txt,PKHeX.Core/Resources/text/items/text_Items_ko.txt,PKHeX.Core/Resources/text/items/text_Items_en.txt
52,キトサン,키토산,Zinc,kwsch/PKHeX,8ad201e80244f630ab5a46922ab72fb79c5ad4f4,PKHeX.Core/Resources/text/items/text_Items_ja.txt,PKHeX.Core/Resources/text/items/text_Items_ko.txt,PKHeX.Core/Resources/text/items/text_Items_en.txt
53,ポイントマックス,포인트맥스,PP Max,kwsch/PKHeX,8ad201e80244f630ab5a46922ab72fb79c5ad4f4,PKHeX.Core/Resources/text/items/text_Items_ja.txt,PKHeX.Core/Resources/text/items/text_Items_ko.txt,PKHeX.Core/Resources/text/items/text_Items_en.txt
54,もりのヨウカン,숲의양갱,Old Gateau,kwsch/PKHeX,8ad201e80244f630ab5a46922ab72fb79c5ad4f4,PKHeX.Core/Resources/text/items/text_Items_ja.txt,PKHeX.Core/Resources/text/items/text_Items_ko.txt,PKHeX.Core/Resources/text/items/text_Items_en.txt
55,エフェクトガード,이펙트가드,Guard Spec.,kwsch/PKHeX,8ad201e80244f630ab5a46922ab72fb79c5ad4f4,PKHeX.Core/Resources/text/items/text_Items_ja.txt,PKHeX.Core/Resources/text/items/text_Items_ko.txt,PKHeX.Core/Resources/text/items/text_Items_en.txt
56,クリティカット,크리티컬커터,Dire Hit,kwsch/PKHeX,8ad201e80244f630ab5a46922ab72fb79c5ad4f4,PKHeX.Core/Resources/text/items/text_Items_ja.txt,PKHeX.Core/Resources/text/items/text_Items_ko.txt,PKHeX.Core/Resources/text/items/text_Items_en.txt
57,プラスパワー,플러스파워,X Attack,kwsch/PKHeX,8ad201e80244f630ab5a46922ab72fb79c5ad4f4,PKHeX.Core/Resources/text/items/text_Items_ja.txt,PKHeX.Core/Resources/text/items/text_Items_ko.txt,PKHeX.Core/Resources/text/items/text_Items_en.txt
58,ディフェンダー,디펜드업,X Defense,kwsch/PKHeX,8ad201e80244f630ab5a46922ab72fb79c5ad4f4,PKHeX.Core/Resources/text/items/text_Items_ja.txt,PKHeX.Core/Resources/text/items/text_Items_ko.txt,PKHeX.Core/Resources/text/items/text_Items_en.txt
59,スピーダー,스피드업,X Speed,kwsch/PKHeX,8ad201e80244f630ab5a46922ab72fb79c5ad4f4,PKHeX.Core/Resources/text/items/text_Items_ja.txt,PKHeX.Core/Resources/text/items/text_Items_ko.txt,PKHeX.Core/Resources/text/items/text_Items_en.txt
60,ヨクアタール,잘-맞히기,X Accuracy,kwsch/PKHeX,8ad201e80244f630ab5a46922ab72fb79c5ad4f4,PKHeX.Core/Resources/text/items/text_Items_ja.txt,PKHeX.Core/Resources/text/items/text_Items_ko.txt,PKHeX.Core/Resources/text/items/text_Items_en.txt
61,スペシャルアップ,스페셜업,X Sp. Atk,kwsch/PKHeX,8ad201e80244f630ab5a46922ab72fb79c5ad4f4,PKHeX.Core/Resources/text/items/text_Items_ja.txt,PKHeX.Core/Resources/text/items/text_Items_ko.txt,PKHeX.Core/Resources/text/items/text_Items_en.txt
62,スペシャルガード,스페셜가드,X Sp. Def,kwsch/PKHeX,8ad201e80244f630ab5a46922ab72fb79c5ad4f4,PKHeX.Core/Resources/text/items/text_Items_ja.txt,PKHeX.Core/Resources/text/items/text_Items_ko.txt,PKHeX.Core/Resources/text/items/text_Items_en.txt
63,ピッピにんぎょう,삐삐인형,Poké Doll,kwsch/PKHeX,8ad201e80244f630ab5a46922ab72fb79c5ad4f4,PKHeX.Core/Resources/text/items/text_Items_ja.txt,PKHeX.Core/Resources/text/items/text_Items_ko.txt,PKHeX.Core/Resources/text/items/text_Items_en.txt
64,エネコのシッポ,에나비꼬리,Fluffy Tail,kwsch/PKHeX,8ad201e80244f630ab5a46922ab72fb79c5ad4f4,PKHeX.Core/Resources/text/items/text_Items_ja.txt,PKHeX.Core/Resources/text/items/text_Items_ko.txt,PKHeX.Core/Resources/text/items/text_Items_en.txt
65,あおいビードロ,파랑비드로,Blue Flute,kwsch/PKHeX,8ad201e80244f630ab5a46922ab72fb79c5ad4f4,PKHeX.Core/Resources/text/items/text_Items_ja.txt,PKHeX.Core/Resources/text/items/text_Items_ko.txt,PKHeX.Core/Resources/text/items/text_Items_en.txt
66,きいろビードロ,노랑비드로,Yellow Flute,kwsch/PKHeX,8ad201e80244f630ab5a46922ab72fb79c5ad4f4,PKHeX.Core/Resources/text/items/text_Items_ja.txt,PKHeX.Core/Resources/text/items/text_Items_ko.txt,PKHeX.Core/Resources/text/items/text_Items_en.txt
67,あかいビードロ,빨강비드로,Red Flute,kwsch/PKHeX,8ad201e80244f630ab5a46922ab72fb79c5ad4f4,PKHeX.Core/Resources/text/items/text_Items_ja.txt,PKHeX.Core/Resources/text/items/text_Items_ko.txt,PKHeX.Core/Resources/text/items/text_Items_en.txt
68,くろいビードロ,검정비드로,Black Flute,kwsch/PKHeX,8ad201e80244f630ab5a46922ab72fb79c5ad4f4,PKHeX.Core/Resources/text/items/text_Items_ja.txt,PKHeX.Core/Resources/text/items/text_Items_ko.txt,PKHeX.Core/Resources/text/items/text_Items_en.txt
69,しろいビードロ,하양비드로,White Flute,kwsch/PKHeX,8ad201e80244f630ab5a46922ab72fb79c5ad4f4,PKHeX.Core/Resources/text/items/text_Items_ja.txt,PKHeX.Core/Resources/text/items/text_Items_ko.txt,PKHeX.Core/Resources/text/items/text_Items_en.txt
70,あさせのしお,여울소금,Shoal Salt,kwsch/PKHeX,8ad201e80244f630ab5a46922ab72fb79c5ad4f4,PKHeX.Core/Resources/text/items/text_Items_ja.txt,PKHeX.Core/Resources/text/items/text_Items_ko.txt,PKHeX.Core/Resources/text/items/text_Items_en.txt
71,あさせのかいがら,여울조개껍질,Shoal Shell,kwsch/PKHeX,8ad201e80244f630ab5a46922ab72fb79c5ad4f4,PKHeX.Core/Resources/text/items/text_Items_ja.txt,PKHeX.Core/Resources/text/items/text_Items_ko.txt,PKHeX.Core/Resources/text/items/text_Items_en.txt
72,あかいかけら,빨강조각,Red Shard,kwsch/PKHeX,8ad201e80244f630ab5a46922ab72fb79c5ad4f4,PKHeX.Core/Resources/text/items/text_Items_ja.txt,PKHeX.Core/Resources/text/items/text_Items_ko.txt,PKHeX.Core/Resources/text/items/text_Items_en.txt
73,あおいかけら,파랑조각,Blue Shard,kwsch/PKHeX,8ad201e80244f630ab5a46922ab72fb79c5ad4f4,PKHeX.Core/Resources/text/items/text_Items_ja.txt,PKHeX.Core/Resources/text/items/text_Items_ko.txt,PKHeX.Core/Resources/text/items/text_Items_en.txt
74,きいろいかけら,노랑조각,Yellow Shard,kwsch/PKHeX,8ad201e80244f630ab5a46922ab72fb79c5ad4f4,PKHeX.Core/Resources/text/items/text_Items_ja.txt,PKHeX.Core/Resources/text/items/text_Items_ko.txt,PKHeX.Core/Resources/text/items/text_Items_en.txt
75,みどりのかけら,초록조각,Green Shard,kwsch/PKHeX,8ad201e80244f630ab5a46922ab72fb79c5ad4f4,PKHeX.Core/Resources/text/items/text_Items_ja.txt,PKHeX.Core/Resources/text/items/text_Items_ko.txt,PKHeX.Core/Resources/text/items/text_Items_en.txt
76,シルバースプレー,실버스프레이,Super Repel,kwsch/PKHeX,8ad201e80244f630ab5a46922ab72fb79c5ad4f4,PKHeX.Core/Resources/text/items/text_Items_ja.txt,PKHeX.Core/Resources/text/items/text_Items_ko.txt,PKHeX.Core/Resources/text/items/text_Items_en.txt
77,ゴールドスプレー,골드스프레이,Max Repel,kwsch/PKHeX,8ad201e80244f630ab5a46922ab72fb79c5ad4f4,PKHeX.Core/Resources/text/items/text_Items_ja.txt,PKHeX.Core/Resources/text/items/text_Items_ko.txt,PKHeX.Core/Resources/text/items/text_Items_en.txt
78,あなぬけのヒモ,동굴탈출로프,Escape Rope,kwsch/PKHeX,8ad201e80244f630ab5a46922ab72fb79c5ad4f4,PKHeX.Core/Resources/text/items/text_Items_ja.txt,PKHeX.Core/Resources/text/items/text_Items_ko.txt,PKHeX.Core/Resources/text/items/text_Items_en.txt
79,むしよけスプレー,벌레회피스프레이,Repel,kwsch/PKHeX,8ad201e80244f630ab5a46922ab72fb79c5ad4f4,PKHeX.Core/Resources/text/items/text_Items_ja.txt,PKHeX.Core/Resources/text/items/text_Items_ko.txt,PKHeX.Core/Resources/text/items/text_Items_en.txt
80,たいようのいし,태양의돌,Sun Stone,kwsch/PKHeX,8ad201e80244f630ab5a46922ab72fb79c5ad4f4,PKHeX.Core/Resources/text/items/text_Items_ja.txt,PKHeX.Core/Resources/text/items/text_Items_ko.txt,PKHeX.Core/Resources/text/items/text_Items_en.txt
81,つきのいし,달의돌,Moon Stone,kwsch/PKHeX,8ad201e80244f630ab5a46922ab72fb79c5ad4f4,PKHeX.Core/Resources/text/items/text_Items_ja.txt,PKHeX.Core/Resources/text/items/text_Items_ko.txt,PKHeX.Core/Resources/text/items/text_Items_en.txt
82,ほのおのいし,불꽃의돌,Fire Stone,kwsch/PKHeX,8ad201e80244f630ab5a46922ab72fb79c5ad4f4,PKHeX.Core/Resources/text/items/text_Items_ja.txt,PKHeX.Core/Resources/text/items/text_Items_ko.txt,PKHeX.Core/Resources/text/items/text_Items_en.txt
83,かみなりのいし,천둥의돌,Thunder Stone,kwsch/PKHeX,8ad201e80244f630ab5a46922ab72fb79c5ad4f4,PKHeX.Core/Resources/text/items/text_Items_ja.txt,PKHeX.Core/Resources/text/items/text_Items_ko.txt,PKHeX.Core/Resources/text/items/text_Items_en.txt
84,みずのいし,물의돌,Water Stone,kwsch/PKHeX,8ad201e80244f630ab5a46922ab72fb79c5ad4f4,PKHeX.Core/Resources/text/items/text_Items_ja.txt,PKHeX.Core/Resources/text/items/text_Items_ko.txt,PKHeX.Core/Resources/text/items/text_Items_en.txt
85,リーフのいし,리프의돌,Leaf Stone,kwsch/PKHeX,8ad201e80244f630ab5a46922ab72fb79c5ad4f4,PKHeX.Core/Resources/text/items/text_Items_ja.txt,PKHeX.Core/Resources/text/items/text_Items_ko.txt,PKHeX.Core/Resources/text/items/text_Items_en.txt
86,ちいさなキノコ,작은버섯,Tiny Mushroom,kwsch/PKHeX,8ad201e80244f630ab5a46922ab72fb79c5ad4f4,PKHeX.Core/Resources/text/items/text_Items_ja.txt,PKHeX.Core/Resources/text/items/text_Items_ko.txt,PKHeX.Core/Resources/text/items/text_Items_en.txt
87,おおきなキノコ,큰버섯,Big Mushroom,kwsch/PKHeX,8ad201e80244f630ab5a46922ab72fb79c5ad4f4,PKHeX.Core/Resources/text/items/text_Items_ja.txt,PKHeX.Core/Resources/text/items/text_Items_ko.txt,PKHeX.Core/Resources/text/items/text_Items_en.txt
88,しんじゅ,진주,Pearl,kwsch/PKHeX,8ad201e80244f630ab5a46922ab72fb79c5ad4f4,PKHeX.Core/Resources/text/items/text_Items_ja.txt,PKHeX.Core/Resources/text/items/text_Items_ko.txt,PKHeX.Core/Resources/text/items/text_Items_en.txt
89,おおきなしんじゅ,큰진주,Big Pearl,kwsch/PKHeX,8ad201e80244f630ab5a46922ab72fb79c5ad4f4,PKHeX.Core/Resources/text/items/text_Items_ja.txt,PKHeX.Core/Resources/text/items/text_Items_ko.txt,PKHeX.Core/Resources/text/items/text_Items_en.txt
90,ほしのすな,별의모래,Stardust,kwsch/PKHeX,8ad201e80244f630ab5a46922ab72fb79c5ad4f4,PKHeX.Core/Resources/text/items/text_Items_ja.txt,PKHeX.Core/Resources/text/items/text_Items_ko.txt,PKHeX.Core/Resources/text/items/text_Items_en.txt
91,ほしのかけら,별의조각,Star Piece,kwsch/PKHeX,8ad201e80244f630ab5a46922ab72fb79c5ad4f4,PKHeX.Core/Resources/text/items/text_Items_ja.txt,PKHeX.Core/Resources/text/items/text_Items_ko.txt,PKHeX.Core/Resources/text/items/text_Items_en.txt
92,きんのたま,금구슬,Nugget,kwsch/PKHeX,8ad201e80244f630ab5a46922ab72fb79c5ad4f4,PKHeX.Core/Resources/text/items/text_Items_ja.txt,PKHeX.Core/Resources/text/items/text_Items_ko.txt,PKHeX.Core/Resources/text/items/text_Items_en.txt
93,ハートのウロコ,하트비늘,Heart Scale,kwsch/PKHeX,8ad201e80244f630ab5a46922ab72fb79c5ad4f4,PKHeX.Core/Resources/text/items/text_Items_ja.txt,PKHeX.Core/Resources/text/items/text_Items_ko.txt,PKHeX.Core/Resources/text/items/text_Items_en.txt
94,あまいミツ,달콤한꿀,Honey,kwsch/PKHeX,8ad201e80244f630ab5a46922ab72fb79c5ad4f4,PKHeX.Core/Resources/text/items/text_Items_ja.txt,PKHeX.Core/Resources/text/items/text_Items_ko.txt,PKHeX.Core/Resources/text/items/text_Items_en.txt
95,すくすくこやし,무럭무럭비료,Growth Mulch,kwsch/PKHeX,8ad201e80244f630ab5a46922ab72fb79c5ad4f4,PKHeX.Core/Resources/text/items/text_Items_ja.txt,PKHeX.Core/Resources/text/items/text_Items_ko.txt,PKHeX.Core/Resources/text/items/text_Items_en.txt
96,じめじめこやし,축축이비료,Damp Mulch,kwsch/PKHeX,8ad201e80244f630ab5a46922ab72fb79c5ad4f4,PKHeX.Core/Resources/text/items/text_Items_ja.txt,PKHeX.Core/Resources/text/items/text_Items_ko.txt,PKHeX.Core/Resources/text/items/text_Items_en.txt
97,ながながこやし,오래오래비료,Stable Mulch,kwsch/PKHeX,8ad201e80244f630ab5a46922ab72fb79c5ad4f4,PKHeX.Core/Resources/text/items/text_Items_ja.txt,PKHeX.Core/Resources/text/items/text_Items_ko.txt,PKHeX.Core/Resources/text/items/text_Items_en.txt
98,ねばねばこやし,끈적끈적비료,Gooey Mulch,kwsch/PKHeX,8ad201e80244f630ab5a46922ab72fb79c5ad4f4,PKHeX.Core/Resources/text/items/text_Items_ja.txt,PKHeX.Core/Resources/text/items/text_Items_ko.txt,PKHeX.Core/Resources/text/items/text_Items_en.txt
99,ねっこのカセキ,뿌리화석,Root Fossil,kwsch/PKHeX,8ad201e80244f630ab5a46922ab72fb79c5ad4f4,PKHeX.Core/Resources/text/items/text_Items_ja.txt,PKHeX.Core/Resources/text/items/text_Items_ko.txt,PKHeX.Core/Resources/text/items/text_Items_en.txt
100,ツメのカセキ,발톱화석,Claw Fossil,kwsch/PKHeX,8ad201e80244f630ab5a46922ab72fb79c5ad4f4,PKHeX.Core/Resources/text/items/text_Items_ja.txt,PKHeX.Core/Resources/text/items/text_Items_ko.txt,PKHeX.Core/Resources/text/items/text_Items_en.txt
101,かいのカセキ,조개화석,Helix Fossil,kwsch/PKHeX,8ad201e80244f630ab5a46922ab72fb79c5ad4f4,PKHeX.Core/Resources/text/items/text_Items_ja.txt,PKHeX.Core/Resources/text/items/text_Items_ko.txt,PKHeX.Core/Resources/text/items/text_Items_en.txt
102,こうらのカセキ,껍질화석,Dome Fossil,kwsch/PKHeX,8ad201e80244f630ab5a46922ab72fb79c5ad4f4,PKHeX.Core/Resources/text/items/text_Items_ja.txt,PKHeX.Core/Resources/text/items/text_Items_ko.txt,PKHeX.Core/Resources/text/items/text_Items_en.txt
103,ひみつのコハク,비밀의호박,Old Amber,kwsch/PKHeX,8ad201e80244f630ab5a46922ab72fb79c5ad4f4,PKHeX.Core/Resources/text/items/text_Items_ja.txt,PKHeX.Core/Resources/text/items/text_Items_ko.txt,PKHeX.Core/Resources/text/items/text_Items_en.txt
104,たてのカセキ,방패의화석,Armor Fossil,kwsch/PKHeX,8ad201e80244f630ab5a46922ab72fb79c5ad4f4,PKHeX.Core/Resources/text/items/text_Items_ja.txt,PKHeX.Core/Resources/text/items/text_Items_ko.txt,PKHeX.Core/Resources/text/items/text_Items_en.txt
105,ずがいのカセキ,두개의화석,Skull Fossil,kwsch/PKHeX,8ad201e80244f630ab5a46922ab72fb79c5ad4f4,PKHeX.Core/Resources/text/items/text_Items_ja.txt,PKHeX.Core/Resources/text/items/text_Items_ko.txt,PKHeX.Core/Resources/text/items/text_Items_en.txt
106,きちょうなホネ,귀중한뼈,Rare Bone,kwsch/PKHeX,8ad201e80244f630ab5a46922ab72fb79c5ad4f4,PKHeX.Core/Resources/text/items/text_Items_ja.txt,PKHeX.Core/Resources/text/items/text_Items_ko.txt,PKHeX.Core/Resources/text/items/text_Items_en.txt
107,ひかりのいし,빛의돌,Shiny Stone,kwsch/PKHeX,8ad201e80244f630ab5a46922ab72fb79c5ad4f4,PKHeX.Core/Resources/text/items/text_Items_ja.txt,PKHeX.Core/Resources/text/items/text_Items_ko.txt,PKHeX.Core/Resources/text/items/text_Items_en.txt
108,やみのいし,어둠의돌,Dusk Stone,kwsch/PKHeX,8ad201e80244f630ab5a46922ab72fb79c5ad4f4,PKHeX.Core/Resources/text/items/text_Items_ja.txt,PKHeX.Core/Resources/text/items/text_Items_ko.txt,PKHeX.Core/Resources/text/items/text_Items_en.txt
109,めざめいし,각성의돌,Dawn Stone,kwsch/PKHeX,8ad201e80244f630ab5a46922ab72fb79c5ad4f4,PKHeX.Core/Resources/text/items/text_Items_ja.txt,PKHeX.Core/Resources/text/items/text_Items_ko.txt,PKHeX.Core/Resources/text/items/text_Items_en.txt
110,まんまるいし,동글동글돌,Oval Stone,kwsch/PKHeX,8ad201e80244f630ab5a46922ab72fb79c5ad4f4,PKHeX.Core/Resources/text/items/text_Items_ja.txt,PKHeX.Core/Resources/text/items/text_Items_ko.txt,PKHeX.Core/Resources/text/items/text_Items_en.txt
111,かなめいし,쐐기돌,Odd Keystone,kwsch/PKHeX,8ad201e80244f630ab5a46922ab72fb79c5ad4f4,PKHeX.Core/Resources/text/items/text_Items_ja.txt,PKHeX.Core/Resources/text/items/text_Items_ko.txt,PKHeX.Core/Resources/text/items/text_Items_en.txt
112,はっきんだま,백금옥,Griseous Orb,kwsch/PKHeX,8ad201e80244f630ab5a46922ab72fb79c5ad4f4,PKHeX.Core/Resources/text/items/text_Items_ja.txt,PKHeX.Core/Resources/text/items/text_Items_ko.txt,PKHeX.Core/Resources/text/items/text_Items_en.txt
113,おちゃ,차,Tea,kwsch/PKHeX,8ad201e80244f630ab5a46922ab72fb79c5ad4f4,PKHeX.Core/Resources/text/items/text_Items_ja.txt,PKHeX.Core/Resources/text/items/text_Items_ko.txt,PKHeX.Core/Resources/text/items/text_Items_en.txt
114,？？？,???,???,kwsch/PKHeX,8ad201e80244f630ab5a46922ab72fb79c5ad4f4,PKHeX.Core/Resources/text/items/text_Items_ja.txt,PKHeX.Core/Resources/text/items/text_Items_ko.txt,PKHeX.Core/Resources/text/items/text_Items_en.txt
115,マチスのサイン,마티스의사인,Autograph,kwsch/PKHeX,8ad201e80244f630ab5a46922ab72fb79c5ad4f4,PKHeX.Core/Resources/text/items/text_Items_ja.txt,PKHeX.Core/Resources/text/items/text_Items_ko.txt,PKHeX.Core/Resources/text/items/text_Items_en.txt
116,アクアカセット,아쿠아카세트,Douse Drive,kwsch/PKHeX,8ad201e80244f630ab5a46922ab72fb79c5ad4f4,PKHeX.Core/Resources/text/items/text_Items_ja.txt,PKHeX.Core/Resources/text/items/text_Items_ko.txt,PKHeX.Core/Resources/text/items/text_Items_en.txt
117,イナズマカセット,번개카세트,Shock Drive,kwsch/PKHeX,8ad201e80244f630ab5a46922ab72fb79c5ad4f4,PKHeX.Core/Resources/text/items/text_Items_ja.txt,PKHeX.Core/Resources/text/items/text_Items_ko.txt,PKHeX.Core/Resources/text/items/text_Items_en.txt
118,ブレイズカセット,블레이즈카세트,Burn Drive,kwsch/PKHeX,8ad201e80244f630ab5a46922ab72fb79c5ad4f4,PKHeX.Core/Resources/text/items/text_Items_ja.txt,PKHeX.Core/Resources/text/items/text_Items_ko.txt,PKHeX.Core/Resources/text/items/text_Items_en.txt
119,フリーズカセット,프리즈카세트,Chill Drive,kwsch/PKHeX,8ad201e80244f630ab5a46922ab72fb79c5ad4f4,PKHeX.Core/Resources/text/items/text_Items_ja.txt,PKHeX.Core/Resources/text/items/text_Items_ko.txt,PKHeX.Core/Resources/text/items/text_Items_en.txt
120,？？？,???,???,kwsch/PKHeX,8ad201e80244f630ab5a46922ab72fb79c5ad4f4,PKHeX.Core/Resources/text/items/text_Items_ja.txt,PKHeX.Core/Resources/text/items/text_Items_ko.txt,PKHeX.Core/Resources/text/items/text_Items_en.txt
121,ポケモンボックス,포켓몬 박스,Pokémon Box Link,kwsch/PKHeX,8ad201e80244f630ab5a46922ab72fb79c5ad4f4,PKHeX.Core/Resources/text/items/text_Items_ja.txt,PKHeX.Core/Resources/text/items/text_Items_ko.txt,PKHeX.Core/Resources/text/items/text_Items_en.txt
122,かいふくポケット,회복포켓,Medicine Pocket,kwsch/PKHeX,8ad201e80244f630ab5a46922ab72fb79c5ad4f4,PKHeX.Core/Resources/text/items/text_Items_ja.txt,PKHeX.Core/Resources/text/items/text_Items_ko.txt,PKHeX.Core/Resources/text/items/text_Items_en.txt
123,わざマシンケース,기술머신케이스,TM Case,kwsch/PKHeX,8ad201e80244f630ab5a46922ab72fb79c5ad4f4,PKHeX.Core/Resources/text/items/text_Items_ja.txt,PKHeX.Core/Resources/text/items/text_Items_ko.txt,PKHeX.Core/Resources/text/items/text_Items_en.txt
124,アメボトル,사탕보틀,Candy Jar,kwsch/PKHeX,8ad201e80244f630ab5a46922ab72fb79c5ad4f4,PKHeX.Core/Resources/text/items/text_Items_ja.txt,PKHeX.Core/Resources/text/items/text_Items_ko.txt,PKHeX.Core/Resources/text/items/text_Items_en.txt
125,きょうかポケット,강화포켓,Power-Up Pocket,kwsch/PKHeX,8ad201e80244f630ab5a46922ab72fb79c5ad4f4,PKHeX.Core/Resources/text/items/text_Items_ja.txt,PKHeX.Core/Resources/text/items/text_Items_ko.txt,PKHeX.Core/Resources/text/items/text_Items_en.txt
126,おきがえトランク,옷갈아입기트렁크,Clothing Trunk,kwsch/PKHeX,8ad201e80244f630ab5a46922ab72fb79c5ad4f4,PKHeX.Core/Resources/text/items/text_Items_ja.txt,PKHeX.Core/Resources/text/items/text_Items_ko.txt,PKHeX.Core/Resources/text/items/text_Items_en.txt
127,ほかくポケット,포획포켓,Catching Pocket,kwsch/PKHeX,8ad201e80244f630ab5a46922ab72fb79c5ad4f4,PKHeX.Core/Resources/text/items/text_Items_ja.txt,PKHeX.Core/Resources/text/items/text_Items_ko.txt,PKHeX.Core/Resources/text/items/text_Items_en.txt
128,バトルポケット,배틀포켓,Battle Pocket,kwsch/PKHeX,8ad201e80244f630ab5a46922ab72fb79c5ad4f4,PKHeX.Core/Resources/text/items/text_Items_ja.txt,PKHeX.Core/Resources/text/items/text_Items_ko.txt,PKHeX.Core/Resources/text/items/text_Items_en.txt
129,？？？,???,???,kwsch/PKHeX,8ad201e80244f630ab5a46922ab72fb79c5ad4f4,PKHeX.Core/Resources/text/items/text_Items_ja.txt,PKHeX.Core/Resources/text/items/text_Items_ko.txt,PKHeX.Core/Resources/text/items/text_Items_en.txt
130,？？？,???,???,kwsch/PKHeX,8ad201e80244f630ab5a46922ab72fb79c5ad4f4,PKHeX.Core/Resources/text/items/text_Items_ja.txt,PKHeX.Core/Resources/text/items/text_Items_ko.txt,PKHeX.Core/Resources/text/items/text_Items_en.txt
131,？？？,???,???,kwsch/PKHeX,8ad201e80244f630ab5a46922ab72fb79c5ad4f4,PKHeX.Core/Resources/text/items/text_Items_ja.txt,PKHeX.Core/Resources/text/items/text_Items_ko.txt,PKHeX.Core/Resources/text/items/text_Items_en.txt
132,？？？,???,???,kwsch/PKHeX,8ad201e80244f630ab5a46922ab72fb79c5ad4f4,PKHeX.Core/Resources/text/items/text_Items_ja.txt,PKHeX.Core/Resources/text/items/text_Items_ko.txt,PKHeX.Core/Resources/text/items/text_Items_en.txt
133,？？？,???,???,kwsch/PKHeX,8ad201e80244f630ab5a46922ab72fb79c5ad4f4,PKHeX.Core/Resources/text/items/text_Items_ja.txt,PKHeX.Core/Resources/text/items/text_Items_ko.txt,PKHeX.Core/Resources/text/items/text_Items_en.txt
134,ハートスイーツ,하트스위트,Sweet Heart,kwsch/PKHeX,8ad201e80244f630ab5a46922ab72fb79c5ad4f4,PKHeX.Core/Resources/text/items/text_Items_ja.txt,PKHeX.Core/Resources/text/items/text_Items_ko.txt,PKHeX.Core/Resources/text/items/text_Items_en.txt
135,こんごうだま,금강옥,Adamant Orb,kwsch/PKHeX,8ad201e80244f630ab5a46922ab72fb79c5ad4f4,PKHeX.Core/Resources/text/items/text_Items_ja.txt,PKHeX.Core/Resources/text/items/text_Items_ko.txt,PKHeX.Core/Resources/text/items/text_Items_en.txt
136,しらたま,백옥,Lustrous Orb,kwsch/PKHeX,8ad201e80244f630ab5a46922ab72fb79c5ad4f4,PKHeX.Core/Resources/text/items/text_Items_ja.txt,PKHeX.Core/Resources/text/items/text_Items_ko.txt,PKHeX.Core/Resources/text/items/text_Items_en.txt
137,はじめてメール,첫메일,Greet Mail,kwsch/PKHeX,8ad201e80244f630ab5a46922ab72fb79c5ad4f4,PKHeX.Core/Resources/text/items/text_Items_ja.txt,PKHeX.Core/Resources/text/items/text_Items_ko.txt,PKHeX.Core/Resources/text/items/text_Items_en.txt
138,だいすきメール,애호메일,Favored Mail,kwsch/PKHeX,8ad201e80244f630ab5a46922ab72fb79c5ad4f4,PKHeX.Core/Resources/text/items/text_Items_ja.txt,PKHeX.Core/Resources/text/items/text_Items_ko.txt,PKHeX.Core/Resources/text/items/text_Items_en.txt
139,おさそいメール,권유메일,RSVP Mail,kwsch/PKHeX,8ad201e80244f630ab5a46922ab72fb79c5ad4f4,PKHeX.Core/Resources/text/items/text_Items_ja.txt,PKHeX.Core/Resources/text/items/text_Items_ko.txt,PKHeX.Core/Resources/text/items/text_Items_en.txt
140,かんしゃメール,감사메일,Thanks Mail,kwsch/PKHeX,8ad201e80244f630ab5a46922ab72fb79c5ad4f4,PKHeX.Core/Resources/text/items/text_Items_ja.txt,PKHeX.Core/Resources/text/items/text_Items_ko.txt,PKHeX.Core/Resources/text/items/text_Items_en.txt
141,しつもんメール,질문메일,Inquiry Mail,kwsch/PKHeX,8ad201e80244f630ab5a46922ab72fb79c5ad4f4,PKHeX.Core/Resources/text/items/text_Items_ja.txt,PKHeX.Core/Resources/text/items/text_Items_ko.txt,PKHeX.Core/Resources/text/items/text_Items_en.txt
142,おすすめメール,추천메일,Like Mail,kwsch/PKHeX,8ad201e80244f630ab5a46922ab72fb79c5ad4f4,PKHeX.Core/Resources/text/items/text_Items_ja.txt,PKHeX.Core/Resources/text/items/text_Items_ko.txt,PKHeX.Core/Resources/text/items/text_Items_en.txt
143,おかえしメール,답장메일,Reply Mail,kwsch/PKHeX,8ad201e80244f630ab5a46922ab72fb79c5ad4f4,PKHeX.Core/Resources/text/items/text_Items_ja.txt,PKHeX.Core/Resources/text/items/text_Items_ko.txt,PKHeX.Core/Resources/text/items/text_Items_en.txt
144,ブリッジメールＳ,브리지메일S,Bridge Mail S,kwsch/PKHeX,8ad201e80244f630ab5a46922ab72fb79c5ad4f4,PKHeX.Core/Resources/text/items/text_Items_ja.txt,PKHeX.Core/Resources/text/items/text_Items_ko.txt,PKHeX.Core/Resources/text/items/text_Items_en.txt
145,ブリッジメールＨ,브리지메일M,Bridge Mail D,kwsch/PKHeX,8ad201e80244f630ab5a46922ab72fb79c5ad4f4,PKHeX.Core/Resources/text/items/text_Items_ja.txt,PKHeX.Core/Resources/text/items/text_Items_ko.txt,PKHeX.Core/Resources/text/items/text_Items_en.txt
146,ブリッジメールＣ,브리지메일C,Bridge Mail T,kwsch/PKHeX,8ad201e80244f630ab5a46922ab72fb79c5ad4f4,PKHeX.Core/Resources/text/items/text_Items_ja.txt,PKHeX.Core/Resources/text/items/text_Items_ko.txt,PKHeX.Core/Resources/text/items/text_Items_en.txt
147,ブリッジメールＶ,브리지메일V,Bridge Mail V,kwsch/PKHeX,8ad201e80244f630ab5a46922ab72fb79c5ad4f4,PKHeX.Core/Resources/text/items/text_Items_ja.txt,PKHeX.Core/Resources/text/items/text_Items_ko.txt,PKHeX.Core/Resources/text/items/text_Items_en.txt
148,ブリッジメールＷ,브리지메일W,Bridge Mail M,kwsch/PKHeX,8ad201e80244f630ab5a46922ab72fb79c5ad4f4,PKHeX.Core/Resources/text/items/text_Items_ja.txt,PKHeX.Core/Resources/text/items/text_Items_ko.txt,PKHeX.Core/Resources/text/items/text_Items_en.txt
149,クラボのみ,버치열매,Cheri Berry,kwsch/PKHeX,8ad201e80244f630ab5a46922ab72fb79c5ad4f4,PKHeX.Core/Resources/text/items/text_Items_ja.txt,PKHeX.Core/Resources/text/items/text_Items_ko.txt,PKHeX.Core/Resources/text/items/text_Items_en.txt
150,カゴのみ,유루열매,Chesto Berry,kwsch/PKHeX,8ad201e80244f630ab5a46922ab72fb79c5ad4f4,PKHeX.Core/Resources/text/items/text_Items_ja.txt,PKHeX.Core/Resources/text/items/text_Items_ko.txt,PKHeX.Core/Resources/text/items/text_Items_en.txt
151,モモンのみ,복슝열매,Pecha Berry,kwsch/PKHeX,8ad201e80244f630ab5a46922ab72fb79c5ad4f4,PKHeX.Core/Resources/text/items/text_Items_ja.txt,PKHeX.Core/Resources/text/items/text_Items_ko.txt,PKHeX.Core/Resources/text/items/text_Items_en.txt
152,チーゴのみ,복분열매,Rawst Berry,kwsch/PKHeX,8ad201e80244f630ab5a46922ab72fb79c5ad4f4,PKHeX.Core/Resources/text/items/text_Items_ja.txt,PKHeX.Core/Resources/text/items/text_Items_ko.txt,PKHeX.Core/Resources/text/items/text_Items_en.txt
153,ナナシのみ,배리열매,Aspear Berry,kwsch/PKHeX,8ad201e80244f630ab5a46922ab72fb79c5ad4f4,PKHeX.Core/Resources/text/items/text_Items_ja.txt,PKHeX.Core/Resources/text/items/text_Items_ko.txt,PKHeX.Core/Resources/text/items/text_Items_en.txt
154,ヒメリのみ,과사열매,Leppa Berry,kwsch/PKHeX,8ad201e80244f630ab5a46922ab72fb79c5ad4f4,PKHeX.Core/Resources/text/items/text_Items_ja.txt,PKHeX.Core/Resources/text/items/text_Items_ko.txt,PKHeX.Core/Resources/text/items/text_Items_en.txt
155,オレンのみ,오랭열매,Oran Berry,kwsch/PKHeX,8ad201e80244f630ab5a46922ab72fb79c5ad4f4,PKHeX.Core/Resources/text/items/text_Items_ja.txt,PKHeX.Core/Resources/text/items/text_Items_ko.txt,PKHeX.Core/Resources/text/items/text_Items_en.txt
156,キーのみ,시몬열매,Persim Berry,kwsch/PKHeX,8ad201e80244f630ab5a46922ab72fb79c5ad4f4,PKHeX.Core/Resources/text/items/text_Items_ja.txt,PKHeX.Core/Resources/text/items/text_Items_ko.txt,PKHeX.Core/Resources/text/items/text_Items_en.txt
157,ラムのみ,리샘열매,Lum Berry,kwsch/PKHeX,8ad201e80244f630ab5a46922ab72fb79c5ad4f4,PKHeX.Core/Resources/text/items/text_Items_ja.txt,PKHeX.Core/Resources/text/items/text_Items_ko.txt,PKHeX.Core/Resources/text/items/text_Items_en.txt
158,オボンのみ,자뭉열매,Sitrus Berry,kwsch/PKHeX,8ad201e80244f630ab5a46922ab72fb79c5ad4f4,PKHeX.Core/Resources/text/items/text_Items_ja.txt,PKHeX.Core/Resources/text/items/text_Items_ko.txt,PKHeX.Core/Resources/text/items/text_Items_en.txt
159,フィラのみ,무화열매,Figy Berry,kwsch/PKHeX,8ad201e80244f630ab5a46922ab72fb79c5ad4f4,PKHeX.Core/Resources/text/items/text_Items_ja.txt,PKHeX.Core/Resources/text/items/text_Items_ko.txt,PKHeX.Core/Resources/text/items/text_Items_en.txt
160,ウイのみ,위키열매,Wiki Berry,kwsch/PKHeX,8ad201e80244f630ab5a46922ab72fb79c5ad4f4,PKHeX.Core/Resources/text/items/text_Items_ja.txt,PKHeX.Core/Resources/text/items/text_Items_ko.txt,PKHeX.Core/Resources/text/items/text_Items_en.txt
161,マゴのみ,마고열매,Mago Berry,kwsch/PKHeX,8ad201e80244f630ab5a46922ab72fb79c5ad4f4,PKHeX.Core/Resources/text/items/text_Items_ja.txt,PKHeX.Core/Resources/text/items/text_Items_ko.txt,PKHeX.Core/Resources/text/items/text_Items_en.txt
162,バンジのみ,아바열매,Aguav Berry,kwsch/PKHeX,8ad201e80244f630ab5a46922ab72fb79c5ad4f4,PKHeX.Core/Resources/text/items/text_Items_ja.txt,PKHeX.Core/Resources/text/items/text_Items_ko.txt,PKHeX.Core/Resources/text/items/text_Items_en.txt
163,イアのみ,파야열매,Iapapa Berry,kwsch/PKHeX,8ad201e80244f630ab5a46922ab72fb79c5ad4f4,PKHeX.Core/Resources/text/items/text_Items_ja.txt,PKHeX.Core/Resources/text/items/text_Items_ko.txt,PKHeX.Core/Resources/text/items/text_Items_en.txt
164,ズリのみ,라즈열매,Razz Berry,kwsch/PKHeX,8ad201e80244f630ab5a46922ab72fb79c5ad4f4,PKHeX.Core/Resources/text/items/text_Items_ja.txt,PKHeX.Core/Resources/text/items/text_Items_ko.txt,PKHeX.Core/Resources/text/items/text_Items_en.txt
165,ブリーのみ,블리열매,Bluk Berry,kwsch/PKHeX,8ad201e80244f630ab5a46922ab72fb79c5ad4f4,PKHeX.Core/Resources/text/items/text_Items_ja.txt,PKHeX.Core/Resources/text/items/text_Items_ko.txt,PKHeX.Core/Resources/text/items/text_Items_en.txt
166,ナナのみ,나나열매,Nanab Berry,kwsch/PKHeX,8ad201e80244f630ab5a46922ab72fb79c5ad4f4,PKHeX.Core/Resources/text/items/text_Items_ja.txt,PKHeX.Core/Resources/text/items/text_Items_ko.txt,PKHeX.Core/Resources/text/items/text_Items_en.txt
167,セシナのみ,서배열매,Wepear Berry,kwsch/PKHeX,8ad201e80244f630ab5a46922ab72fb79c5ad4f4,PKHeX.Core/Resources/text/items/text_Items_ja.txt,PKHeX.Core/Resources/text/items/text_Items_ko.txt,PKHeX.Core/Resources/text/items/text_Items_en.txt
168,パイルのみ,파인열매,Pinap Berry,kwsch/PKHeX,8ad201e80244f630ab5a46922ab72fb79c5ad4f4,PKHeX.Core/Resources/text/items/text_Items_ja.txt,PKHeX.Core/Resources/text/items/text_Items_ko.txt,PKHeX.Core/Resources/text/items/text_Items_en.txt
169,ザロクのみ,유석열매,Pomeg Berry,kwsch/PKHeX,8ad201e80244f630ab5a46922ab72fb79c5ad4f4,PKHeX.Core/Resources/text/items/text_Items_ja.txt,PKHeX.Core/Resources/text/items/text_Items_ko.txt,PKHeX.Core/Resources/text/items/text_Items_en.txt
170,ネコブのみ,시마열매,Kelpsy Berry,kwsch/PKHeX,8ad201e80244f630ab5a46922ab72fb79c5ad4f4,PKHeX.Core/Resources/text/items/text_Items_ja.txt,PKHeX.Core/Resources/text/items/text_Items_ko.txt,PKHeX.Core/Resources/text/items/text_Items_en.txt
171,タポルのみ,파비열매,Qualot Berry,kwsch/PKHeX,8ad201e80244f630ab5a46922ab72fb79c5ad4f4,PKHeX.Core/Resources/text/items/text_Items_ja.txt,PKHeX.Core/Resources/text/items/text_Items_ko.txt,PKHeX.Core/Resources/text/items/text_Items_en.txt
172,ロメのみ,로매열매,Hondew Berry,kwsch/PKHeX,8ad201e80244f630ab5a46922ab72fb79c5ad4f4,PKHeX.Core/Resources/text/items/text_Items_ja.txt,PKHeX.Core/Resources/text/items/text_Items_ko.txt,PKHeX.Core/Resources/text/items/text_Items_en.txt
173,ウブのみ,또뽀열매,Grepa Berry,kwsch/PKHeX,8ad201e80244f630ab5a46922ab72fb79c5ad4f4,PKHeX.Core/Resources/text/items/text_Items_ja.txt,PKHeX.Core/Resources/text/items/text_Items_ko.txt,PKHeX.Core/Resources/text/items/text_Items_en.txt
174,マトマのみ,토망열매,Tamato Berry,kwsch/PKHeX,8ad201e80244f630ab5a46922ab72fb79c5ad4f4,PKHeX.Core/Resources/text/items/text_Items_ja.txt,PKHeX.Core/Resources/text/items/text_Items_ko.txt,PKHeX.Core/Resources/text/items/text_Items_en.txt
175,モコシのみ,수숙열매,Cornn Berry,kwsch/PKHeX,8ad201e80244f630ab5a46922ab72fb79c5ad4f4,PKHeX.Core/Resources/text/items/text_Items_ja.txt,PKHeX.Core/Resources/text/items/text_Items_ko.txt,PKHeX.Core/Resources/text/items/text_Items_en.txt
176,ゴスのみ,고스티열매,Magost Berry,kwsch/PKHeX,8ad201e80244f630ab5a46922ab72fb79c5ad4f4,PKHeX.Core/Resources/text/items/text_Items_ja.txt,PKHeX.Core/Resources/text/items/text_Items_ko.txt,PKHeX.Core/Resources/text/items/text_Items_en.txt
177,ラブタのみ,라부탐열매,Rabuta Berry,kwsch/PKHeX,8ad201e80244f630ab5a46922ab72fb79c5ad4f4,PKHeX.Core/Resources/text/items/text_Items_ja.txt,PKHeX.Core/Resources/text/items/text_Items_ko.txt,PKHeX.Core/Resources/text/items/text_Items_en.txt
178,ノメルのみ,노멜열매,Nomel Berry,kwsch/PKHeX,8ad201e80244f630ab5a46922ab72fb79c5ad4f4,PKHeX.Core/Resources/text/items/text_Items_ja.txt,PKHeX.Core/Resources/text/items/text_Items_ko.txt,PKHeX.Core/Resources/text/items/text_Items_en.txt
179,ノワキのみ,메호키열매,Spelon Berry,kwsch/PKHeX,8ad201e80244f630ab5a46922ab72fb79c5ad4f4,PKHeX.Core/Resources/text/items/text_Items_ja.txt,PKHeX.Core/Resources/text/items/text_Items_ko.txt,PKHeX.Core/Resources/text/items/text_Items_en.txt
180,シーヤのみ,자야열매,Pamtre Berry,kwsch/PKHeX,8ad201e80244f630ab5a46922ab72fb79c5ad4f4,PKHeX.Core/Resources/text/items/text_Items_ja.txt,PKHeX.Core/Resources/text/items/text_Items_ko.txt,PKHeX.Core/Resources/text/items/text_Items_en.txt
181,カイスのみ,슈박열매,Watmel Berry,kwsch/PKHeX,8ad201e80244f630ab5a46922ab72fb79c5ad4f4,PKHeX.Core/Resources/text/items/text_Items_ja.txt,PKHeX.Core/Resources/text/items/text_Items_ko.txt,PKHeX.Core/Resources/text/items/text_Items_en.txt
182,ドリのみ,두리열매,Durin Berry,kwsch/PKHeX,8ad201e80244f630ab5a46922ab72fb79c5ad4f4,PKHeX.Core/Resources/text/items/text_Items_ja.txt,PKHeX.Core/Resources/text/items/text_Items_ko.txt,PKHeX.Core/Resources/text/items/text_Items_en.txt
183,ベリブのみ,루베열매,Belue Berry,kwsch/PKHeX,8ad201e80244f630ab5a46922ab72fb79c5ad4f4,PKHeX.Core/Resources/text/items/text_Items_ja.txt,PKHeX.Core/Resources/text/items/text_Items_ko.txt,PKHeX.Core/Resources/text/items/text_Items_en.txt
184,オッカのみ,오카열매,Occa Berry,kwsch/PKHeX,8ad201e80244f630ab5a46922ab72fb79c5ad4f4,PKHeX.Core/Resources/text/items/text_Items_ja.txt,PKHeX.Core/Resources/text/items/text_Items_ko.txt,PKHeX.Core/Resources/text/items/text_Items_en.txt
185,イトケのみ,꼬시개열매,Passho Berry,kwsch/PKHeX,8ad201e80244f630ab5a46922ab72fb79c5ad4f4,PKHeX.Core/Resources/text/items/text_Items_ja.txt,PKHeX.Core/Resources/text/items/text_Items_ko.txt,PKHeX.Core/Resources/text/items/text_Items_en.txt
186,ソクノのみ,초나열매,Wacan Berry,kwsch/PKHeX,8ad201e80244f630ab5a46922ab72fb79c5ad4f4,PKHeX.Core/Resources/text/items/text_Items_ja.txt,PKHeX.Core/Resources/text/items/text_Items_ko.txt,PKHeX.Core/Resources/text/items/text_Items_en.txt
187,リンドのみ,린드열매,Rindo Berry,kwsch/PKHeX,8ad201e80244f630ab5a46922ab72fb79c5ad4f4,PKHeX.Core/Resources/text/items/text_Items_ja.txt,PKHeX.Core/Resources/text/items/text_Items_ko.txt,PKHeX.Core/Resources/text/items/text_Items_en.txt
188,ヤチェのみ,플카열매,Yache Berry,kwsch/PKHeX,8ad201e80244f630ab5a46922ab72fb79c5ad4f4,PKHeX.Core/Resources/text/items/text_Items_ja.txt,PKHeX.Core/Resources/text/items/text_Items_ko.txt,PKHeX.Core/Resources/text/items/text_Items_en.txt
189,ヨプのみ,로플열매,Chople Berry,kwsch/PKHeX,8ad201e80244f630ab5a46922ab72fb79c5ad4f4,PKHeX.Core/Resources/text/items/text_Items_ja.txt,PKHeX.Core/Resources/text/items/text_Items_ko.txt,PKHeX.Core/Resources/text/items/text_Items_en.txt
190,ビアーのみ,으름열매,Kebia Berry,kwsch/PKHeX,8ad201e80244f630ab5a46922ab72fb79c5ad4f4,PKHeX.Core/Resources/text/items/text_Items_ja.txt,PKHeX.Core/Resources/text/items/text_Items_ko.txt,PKHeX.Core/Resources/text/items/text_Items_en.txt
191,シュカのみ,슈캐열매,Shuca Berry,kwsch/PKHeX,8ad201e80244f630ab5a46922ab72fb79c5ad4f4,PKHeX.Core/Resources/text/items/text_Items_ja.txt,PKHeX.Core/Resources/text/items/text_Items_ko.txt,PKHeX.Core/Resources/text/items/text_Items_en.txt
192,バコウのみ,바코열매,Coba Berry,kwsch/PKHeX,8ad201e80244f630ab5a46922ab72fb79c5ad4f4,PKHeX.Core/Resources/text/items/text_Items_ja.txt,PKHeX.Core/Resources/text/items/text_Items_ko.txt,PKHeX.Core/Resources/text/items/text_Items_en.txt
193,ウタンのみ,야파열매,Payapa Berry,kwsch/PKHeX,8ad201e80244f630ab5a46922ab72fb79c5ad4f4,PKHeX.Core/Resources/text/items/text_Items_ja.txt,PKHeX.Core/Resources/text/items/text_Items_ko.txt,PKHeX.Core/Resources/text/items/text_Items_en.txt
194,タンガのみ,리체열매,Tanga Berry,kwsch/PKHeX,8ad201e80244f630ab5a46922ab72fb79c5ad4f4,PKHeX.Core/Resources/text/items/text_Items_ja.txt,PKHeX.Core/Resources/text/items/text_Items_ko.txt,PKHeX.Core/Resources/text/items/text_Items_en.txt
195,ヨロギのみ,루미열매,Charti Berry,kwsch/PKHeX,8ad201e80244f630ab5a46922ab72fb79c5ad4f4,PKHeX.Core/Resources/text/items/text_Items_ja.txt,PKHeX.Core/Resources/text/items/text_Items_ko.txt,PKHeX.Core/Resources/text/items/text_Items_en.txt
196,カシブのみ,수불열매,Kasib Berry,kwsch/PKHeX,8ad201e80244f630ab5a46922ab72fb79c5ad4f4,PKHeX.Core/Resources/text/items/text_Items_ja.txt,PKHeX.Core/Resources/text/items/text_Items_ko.txt,PKHeX.Core/Resources/text/items/text_Items_en.txt
197,ハバンのみ,하반열매,Haban Berry,kwsch/PKHeX,8ad201e80244f630ab5a46922ab72fb79c5ad4f4,PKHeX.Core/Resources/text/items/text_Items_ja.txt,PKHeX.Core/Resources/text/items/text_Items_ko.txt,PKHeX.Core/Resources/text/items/text_Items_en.txt
198,ナモのみ,마코열매,Colbur Berry,kwsch/PKHeX,8ad201e80244f630ab5a46922ab72fb79c5ad4f4,PKHeX.Core/Resources/text/items/text_Items_ja.txt,PKHeX.Core/Resources/text/items/text_Items_ko.txt,PKHeX.Core/Resources/text/items/text_Items_en.txt
199,リリバのみ,바리비열매,Babiri Berry,kwsch/PKHeX,8ad201e80244f630ab5a46922ab72fb79c5ad4f4,PKHeX.Core/Resources/text/items/text_Items_ja.txt,PKHeX.Core/Resources/text/items/text_Items_ko.txt,PKHeX.Core/Resources/text/items/text_Items_en.txt
200,ホズのみ,카리열매,Chilan Berry,kwsch/PKHeX,8ad201e80244f630ab5a46922ab72fb79c5ad4f4,PKHeX.Core/Resources/text/items/text_Items_ja.txt,PKHeX.Core/Resources/text/items/text_Items_ko.txt,PKHeX.Core/Resources/text/items/text_Items_en.txt
201,チイラのみ,치리열매,Liechi Berry,kwsch/PKHeX,8ad201e80244f630ab5a46922ab72fb79c5ad4f4,PKHeX.Core/Resources/text/items/text_Items_ja.txt,PKHeX.Core/Resources/text/items/text_Items_ko.txt,PKHeX.Core/Resources/text/items/text_Items_en.txt
202,リュガのみ,용아열매,Ganlon Berry,kwsch/PKHeX,8ad201e80244f630ab5a46922ab72fb79c5ad4f4,PKHeX.Core/Resources/text/items/text_Items_ja.txt,PKHeX.Core/Resources/text/items/text_Items_ko.txt,PKHeX.Core/Resources/text/items/text_Items_en.txt
203,カムラのみ,캄라열매,Salac Berry,kwsch/PKHeX,8ad201e80244f630ab5a46922ab72fb79c5ad4f4,PKHeX.Core/Resources/text/items/text_Items_ja.txt,PKHeX.Core/Resources/text/items/text_Items_ko.txt,PKHeX.Core/Resources/text/items/text_Items_en.txt
204,ヤタピのみ,야타비열매,Petaya Berry,kwsch/PKHeX,8ad201e80244f630ab5a46922ab72fb79c5ad4f4,PKHeX.Core/Resources/text/items/text_Items_ja.txt,PKHeX.Core/Resources/text/items/text_Items_ko.txt,PKHeX.Core/Resources/text/items/text_Items_en.txt
205,ズアのみ,규살열매,Apicot Berry,kwsch/PKHeX,8ad201e80244f630ab5a46922ab72fb79c5ad4f4,PKHeX.Core/Resources/text/items/text_Items_ja.txt,PKHeX.Core/Resources/text/items/text_Items_ko.txt,PKHeX.Core/Resources/text/items/text_Items_en.txt
206,サンのみ,랑사열매,Lansat Berry,kwsch/PKHeX,8ad201e80244f630ab5a46922ab72fb79c5ad4f4,PKHeX.Core/Resources/text/items/text_Items_ja.txt,PKHeX.Core/Resources/text/items/text_Items_ko.txt,PKHeX.Core/Resources/text/items/text_Items_en.txt
207,スターのみ,스타열매,Starf Berry,kwsch/PKHeX,8ad201e80244f630ab5a46922ab72fb79c5ad4f4,PKHeX.Core/Resources/text/items/text_Items_ja.txt,PKHeX.Core/Resources/text/items/text_Items_ko.txt,PKHeX.Core/Resources/text/items/text_Items_en.txt
208,ナゾのみ,의문열매,Enigma Berry,kwsch/PKHeX,8ad201e80244f630ab5a46922ab72fb79c5ad4f4,PKHeX.Core/Resources/text/items/text_Items_ja.txt,PKHeX.Core/Resources/text/items/text_Items_ko.txt,PKHeX.Core/Resources/text/items/text_Items_en.txt
209,ミクルのみ,미클열매,Micle Berry,kwsch/PKHeX,8ad201e80244f630ab5a46922ab72fb79c5ad4f4,PKHeX.Core/Resources/text/items/text_Items_ja.txt,PKHeX.Core/Resources/text/items/text_Items_ko.txt,PKHeX.Core/Resources/text/items/text_Items_en.txt
210,イバンのみ,애슈열매,Custap Berry,kwsch/PKHeX,8ad201e80244f630ab5a46922ab72fb79c5ad4f4,PKHeX.Core/Resources/text/items/text_Items_ja.txt,PKHeX.Core/Resources/text/items/text_Items_ko.txt,PKHeX.Core/Resources/text/items/text_Items_en.txt
211,ジャポのみ,자보열매,Jaboca Berry,kwsch/PKHeX,8ad201e80244f630ab5a46922ab72fb79c5ad4f4,PKHeX.Core/Resources/text/items/text_Items_ja.txt,PKHeX.Core/Resources/text/items/text_Items_ko.txt,PKHeX.Core/Resources/text/items/text_Items_en.txt
212,レンブのみ,애터열매,Rowap Berry,kwsch/PKHeX,8ad201e80244f630ab5a46922ab72fb79c5ad4f4,PKHeX.Core/Resources/text/items/text_Items_ja.txt,PKHeX.Core/Resources/text/items/text_Items_ko.txt,PKHeX.Core/Resources/text/items/text_Items_en.txt
213,ひかりのこな,반짝가루,Bright Powder,kwsch/PKHeX,8ad201e80244f630ab5a46922ab72fb79c5ad4f4,PKHeX.Core/Resources/text/items/text_Items_ja.txt,PKHeX.Core/Resources/text/items/text_Items_ko.txt,PKHeX.Core/Resources/text/items/text_Items_en.txt
214,しろいハーブ,하양허브,White Herb,kwsch/PKHeX,8ad201e80244f630ab5a46922ab72fb79c5ad4f4,PKHeX.Core/Resources/text/items/text_Items_ja.txt,PKHeX.Core/Resources/text/items/text_Items_ko.txt,PKHeX.Core/Resources/text/items/text_Items_en.txt
215,きょうせいギプス,교정깁스,Macho Brace,kwsch/PKHeX,8ad201e80244f630ab5a46922ab72fb79c5ad4f4,PKHeX.Core/Resources/text/items/text_Items_ja.txt,PKHeX.Core/Resources/text/items/text_Items_ko.txt,PKHeX.Core/Resources/text/items/text_Items_en.txt
216,がくしゅうそうち,학습장치,Exp. Share,kwsch/PKHeX,8ad201e80244f630ab5a46922ab72fb79c5ad4f4,PKHeX.Core/Resources/text/items/text_Items_ja.txt,PKHeX.Core/Resources/text/items/text_Items_ko.txt,PKHeX.Core/Resources/text/items/text_Items_en.txt
217,せんせいのツメ,선제공격손톱,Quick Claw,kwsch/PKHeX,8ad201e80244f630ab5a46922ab72fb79c5ad4f4,PKHeX.Core/Resources/text/items/text_Items_ja.txt,PKHeX.Core/Resources/text/items/text_Items_ko.txt,PKHeX.Core/Resources/text/items/text_Items_en.txt
218,やすらぎのすず,평온의방울,Soothe Bell,kwsch/PKHeX,8ad201e80244f630ab5a46922ab72fb79c5ad4f4,PKHeX.Core/Resources/text/items/text_Items_ja.txt,PKHeX.Core/Resources/text/items/text_Items_ko.txt,PKHeX.Core/Resources/text/items/text_Items_en.txt
219,メンタルハーブ,멘탈허브,Mental Herb,kwsch/PKHeX,8ad201e80244f630ab5a46922ab72fb79c5ad4f4,PKHeX.Core/Resources/text/items/text_Items_ja.txt,PKHeX.Core/Resources/text/items/text_Items_ko.txt,PKHeX.Core/Resources/text/items/text_Items_en.txt
220,こだわりハチマキ,구애머리띠,Choice Band,kwsch/PKHeX,8ad201e80244f630ab5a46922ab72fb79c5ad4f4,PKHeX.Core/Resources/text/items/text_Items_ja.txt,PKHeX.Core/Resources/text/items/text_Items_ko.txt,PKHeX.Core/Resources/text/items/text_Items_en.txt
221,おうじゃのしるし,왕의징표석,King’s Rock,kwsch/PKHeX,8ad201e80244f630ab5a46922ab72fb79c5ad4f4,PKHeX.Core/Resources/text/items/text_Items_ja.txt,PKHeX.Core/Resources/text/items/text_Items_ko.txt,PKHeX.Core/Resources/text/items/text_Items_en.txt
222,ぎんのこな,은빛가루,Silver Powder,kwsch/PKHeX,8ad201e80244f630ab5a46922ab72fb79c5ad4f4,PKHeX.Core/Resources/text/items/text_Items_ja.txt,PKHeX.Core/Resources/text/items/text_Items_ko.txt,PKHeX.Core/Resources/text/items/text_Items_en.txt
223,おまもりこばん,부적금화,Amulet Coin,kwsch/PKHeX,8ad201e80244f630ab5a46922ab72fb79c5ad4f4,PKHeX.Core/Resources/text/items/text_Items_ja.txt,PKHeX.Core/Resources/text/items/text_Items_ko.txt,PKHeX.Core/Resources/text/items/text_Items_en.txt
224,きよめのおふだ,순결의부적,Cleanse Tag,kwsch/PKHeX,8ad201e80244f630ab5a46922ab72fb79c5ad4f4,PKHeX.Core/Resources/text/items/text_Items_ja.txt,PKHeX.Core/Resources/text/items/text_Items_ko.txt,PKHeX.Core/Resources/text/items/text_Items_en.txt
225,こころのしずく,마음의물방울,Soul Dew,kwsch/PKHeX,8ad201e80244f630ab5a46922ab72fb79c5ad4f4,PKHeX.Core/Resources/text/items/text_Items_ja.txt,PKHeX.Core/Resources/text/items/text_Items_ko.txt,PKHeX.Core/Resources/text/items/text_Items_en.txt
226,しんかいのキバ,심해의이빨,Deep Sea Tooth,kwsch/PKHeX,8ad201e80244f630ab5a46922ab72fb79c5ad4f4,PKHeX.Core/Resources/text/items/text_Items_ja.txt,PKHeX.Core/Resources/text/items/text_Items_ko.txt,PKHeX.Core/Resources/text/items/text_Items_en.txt
227,しんかいのウロコ,심해의비늘,Deep Sea Scale,kwsch/PKHeX,8ad201e80244f630ab5a46922ab72fb79c5ad4f4,PKHeX.Core/Resources/text/items/text_Items_ja.txt,PKHeX.Core/Resources/text/items/text_Items_ko.txt,PKHeX.Core/Resources/text/items/text_Items_en.txt
228,けむりだま,연막탄,Smoke Ball,kwsch/PKHeX,8ad201e80244f630ab5a46922ab72fb79c5ad4f4,PKHeX.Core/Resources/text/items/text_Items_ja.txt,PKHeX.Core/Resources/text/items/text_Items_ko.txt,PKHeX.Core/Resources/text/items/text_Items_en.txt
229,かわらずのいし,변함없는돌,Everstone,kwsch/PKHeX,8ad201e80244f630ab5a46922ab72fb79c5ad4f4,PKHeX.Core/Resources/text/items/text_Items_ja.txt,PKHeX.Core/Resources/text/items/text_Items_ko.txt,PKHeX.Core/Resources/text/items/text_Items_en.txt
230,きあいのハチマキ,기합의머리띠,Focus Band,kwsch/PKHeX,8ad201e80244f630ab5a46922ab72fb79c5ad4f4,PKHeX.Core/Resources/text/items/text_Items_ja.txt,PKHeX.Core/Resources/text/items/text_Items_ko.txt,PKHeX.Core/Resources/text/items/text_Items_en.txt
231,しあわせタマゴ,행복의알,Lucky Egg,kwsch/PKHeX,8ad201e80244f630ab5a46922ab72fb79c5ad4f4,PKHeX.Core/Resources/text/items/text_Items_ja.txt,PKHeX.Core/Resources/text/items/text_Items_ko.txt,PKHeX.Core/Resources/text/items/text_Items_en.txt
232,ピントレンズ,초점렌즈,Scope Lens,kwsch/PKHeX,8ad201e80244f630ab5a46922ab72fb79c5ad4f4,PKHeX.Core/Resources/text/items/text_Items_ja.txt,PKHeX.Core/Resources/text/items/text_Items_ko.txt,PKHeX.Core/Resources/text/items/text_Items_en.txt
233,メタルコート,금속코트,Metal Coat,kwsch/PKHeX,8ad201e80244f630ab5a46922ab72fb79c5ad4f4,PKHeX.Core/Resources/text/items/text_Items_ja.txt,PKHeX.Core/Resources/text/items/text_Items_ko.txt,PKHeX.Core/Resources/text/items/text_Items_en.txt
234,たべのこし,먹다남은음식,Leftovers,kwsch/PKHeX,8ad201e80244f630ab5a46922ab72fb79c5ad4f4,PKHeX.Core/Resources/text/items/text_Items_ja.txt,PKHeX.Core/Resources/text/items/text_Items_ko.txt,PKHeX.Core/Resources/text/items/text_Items_en.txt
235,りゅうのウロコ,용의비늘,Dragon Scale,kwsch/PKHeX,8ad201e80244f630ab5a46922ab72fb79c5ad4f4,PKHeX.Core/Resources/text/items/text_Items_ja.txt,PKHeX.Core/Resources/text/items/text_Items_ko.txt,PKHeX.Core/Resources/text/items/text_Items_en.txt
236,でんきだま,전기구슬,Light Ball,kwsch/PKHeX,8ad201e80244f630ab5a46922ab72fb79c5ad4f4,PKHeX.Core/Resources/text/items/text_Items_ja.txt,PKHeX.Core/Resources/text/items/text_Items_ko.txt,PKHeX.Core/Resources/text/items/text_Items_en.txt
237,やわらかいすな,부드러운모래,Soft Sand,kwsch/PKHeX,8ad201e80244f630ab5a46922ab72fb79c5ad4f4,PKHeX.Core/Resources/text/items/text_Items_ja.txt,PKHeX.Core/Resources/text/items/text_Items_ko.txt,PKHeX.Core/Resources/text/items/text_Items_en.txt
238,かたいいし,딱딱한돌,Hard Stone,kwsch/PKHeX,8ad201e80244f630ab5a46922ab72fb79c5ad4f4,PKHeX.Core/Resources/text/items/text_Items_ja.txt,PKHeX.Core/Resources/text/items/text_Items_ko.txt,PKHeX.Core/Resources/text/items/text_Items_en.txt
239,きせきのタネ,기적의씨,Miracle Seed,kwsch/PKHeX,8ad201e80244f630ab5a46922ab72fb79c5ad4f4,PKHeX.Core/Resources/text/items/text_Items_ja.txt,PKHeX.Core/Resources/text/items/text_Items_ko.txt,PKHeX.Core/Resources/text/items/text_Items_en.txt
240,くろいメガネ,검은안경,Black Glasses,kwsch/PKHeX,8ad201e80244f630ab5a46922ab72fb79c5ad4f4,PKHeX.Core/Resources/text/items/text_Items_ja.txt,PKHeX.Core/Resources/text/items/text_Items_ko.txt,PKHeX.Core/Resources/text/items/text_Items_en.txt
241,くろおび,검은띠,Black Belt,kwsch/PKHeX,8ad201e80244f630ab5a46922ab72fb79c5ad4f4,PKHeX.Core/Resources/text/items/text_Items_ja.txt,PKHeX.Core/Resources/text/items/text_Items_ko.txt,PKHeX.Core/Resources/text/items/text_Items_en.txt
242,じしゃく,자석,Magnet,kwsch/PKHeX,8ad201e80244f630ab5a46922ab72fb79c5ad4f4,PKHeX.Core/Resources/text/items/text_Items_ja.txt,PKHeX.Core/Resources/text/items/text_Items_ko.txt,PKHeX.Core/Resources/text/items/text_Items_en.txt
243,しんぴのしずく,신비의물방울,Mystic Water,kwsch/PKHeX,8ad201e80244f630ab5a46922ab72fb79c5ad4f4,PKHeX.Core/Resources/text/items/text_Items_ja.txt,PKHeX.Core/Resources/text/items/text_Items_ko.txt,PKHeX.Core/Resources/text/items/text_Items_en.txt
244,するどいくちばし,예리한부리,Sharp Beak,kwsch/PKHeX,8ad201e80244f630ab5a46922ab72fb79c5ad4f4,PKHeX.Core/Resources/text/items/text_Items_ja.txt,PKHeX.Core/Resources/text/items/text_Items_ko.txt,PKHeX.Core/Resources/text/items/text_Items_en.txt
245,どくバリ,독바늘,Poison Barb,kwsch/PKHeX,8ad201e80244f630ab5a46922ab72fb79c5ad4f4,PKHeX.Core/Resources/text/items/text_Items_ja.txt,PKHeX.Core/Resources/text/items/text_Items_ko.txt,PKHeX.Core/Resources/text/items/text_Items_en.txt
246,とけないこおり,녹지않는얼음,Never-Melt Ice,kwsch/PKHeX,8ad201e80244f630ab5a46922ab72fb79c5ad4f4,PKHeX.Core/Resources/text/items/text_Items_ja.txt,PKHeX.Core/Resources/text/items/text_Items_ko.txt,PKHeX.Core/Resources/text/items/text_Items_en.txt
247,のろいのおふだ,저주의부적,Spell Tag,kwsch/PKHeX,8ad201e80244f630ab5a46922ab72fb79c5ad4f4,PKHeX.Core/Resources/text/items/text_Items_ja.txt,PKHeX.Core/Resources/text/items/text_Items_ko.txt,PKHeX.Core/Resources/text/items/text_Items_en.txt
248,まがったスプーン,휘어진스푼,Twisted Spoon,kwsch/PKHeX,8ad201e80244f630ab5a46922ab72fb79c5ad4f4,PKHeX.Core/Resources/text/items/text_Items_ja.txt,PKHeX.Core/Resources/text/items/text_Items_ko.txt,PKHeX.Core/Resources/text/items/text_Items_en.txt
249,もくたん,목탄,Charcoal,kwsch/PKHeX,8ad201e80244f630ab5a46922ab72fb79c5ad4f4,PKHeX.Core/Resources/text/items/text_Items_ja.txt,PKHeX.Core/Resources/text/items/text_Items_ko.txt,PKHeX.Core/Resources/text/items/text_Items_en.txt
250,りゅうのキバ,용의이빨,Dragon Fang,kwsch/PKHeX,8ad201e80244f630ab5a46922ab72fb79c5ad4f4,PKHeX.Core/Resources/text/items/text_Items_ja.txt,PKHeX.Core/Resources/text/items/text_Items_ko.txt,PKHeX.Core/Resources/text/items/text_Items_en.txt
251,シルクのスカーフ,실크스카프,Silk Scarf,kwsch/PKHeX,8ad201e80244f630ab5a46922ab72fb79c5ad4f4,PKHeX.Core/Resources/text/items/text_Items_ja.txt,PKHeX.Core/Resources/text/items/text_Items_ko.txt,PKHeX.Core/Resources/text/items/text_Items_en.txt
252,アップグレード,업그레이드,Upgrade,kwsch/PKHeX,8ad201e80244f630ab5a46922ab72fb79c5ad4f4,PKHeX.Core/Resources/text/items/text_Items_ja.txt,PKHeX.Core/Resources/text/items/text_Items_ko.txt,PKHeX.Core/Resources/text/items/text_Items_en.txt
253,かいがらのすず,조개껍질방울,Shell Bell,kwsch/PKHeX,8ad201e80244f630ab5a46922ab72fb79c5ad4f4,PKHeX.Core/Resources/text/items/text_Items_ja.txt,PKHeX.Core/Resources/text/items/text_Items_ko.txt,PKHeX.Core/Resources/text/items/text_Items_en.txt
254,うしおのおこう,바닷물향로,Sea Incense,kwsch/PKHeX,8ad201e80244f630ab5a46922ab72fb79c5ad4f4,PKHeX.Core/Resources/text/items/text_Items_ja.txt,PKHeX.Core/Resources/text/items/text_Items_ko.txt,PKHeX.Core/Resources/text/items/text_Items_en.txt
255,のんきのおこう,무사태평향로,Lax Incense,kwsch/PKHeX,8ad201e80244f630ab5a46922ab72fb79c5ad4f4,PKHeX.Core/Resources/text/items/text_Items_ja.txt,PKHeX.Core/Resources/text/items/text_Items_ko.txt,PKHeX.Core/Resources/text/items/text_Items_en.txt
256,ラッキーパンチ,럭키펀치,Lucky Punch,kwsch/PKHeX,8ad201e80244f630ab5a46922ab72fb79c5ad4f4,PKHeX.Core/Resources/text/items/text_Items_ja.txt,PKHeX.Core/Resources/text/items/text_Items_ko.txt,PKHeX.Core/Resources/text/items/text_Items_en.txt
257,メタルパウダー,금속파우더,Metal Powder,kwsch/PKHeX,8ad201e80244f630ab5a46922ab72fb79c5ad4f4,PKHeX.Core/Resources/text/items/text_Items_ja.txt,PKHeX.Core/Resources/text/items/text_Items_ko.txt,PKHeX.Core/Resources/text/items/text_Items_en.txt
258,ふといホネ,굵은뼈,Thick Club,kwsch/PKHeX,8ad201e80244f630ab5a46922ab72fb79c5ad4f4,PKHeX.Core/Resources/text/items/text_Items_ja.txt,PKHeX.Core/Resources/text/items/text_Items_ko.txt,PKHeX.Core/Resources/text/items/text_Items_en.txt
259,ながねぎ,대파,Leek,kwsch/PKHeX,8ad201e80244f630ab5a46922ab72fb79c5ad4f4,PKHeX.Core/Resources/text/items/text_Items_ja.txt,PKHeX.Core/Resources/text/items/text_Items_ko.txt,PKHeX.Core/Resources/text/items/text_Items_en.txt
260,あかいバンダナ,빨강밴드,Red Scarf,kwsch/PKHeX,8ad201e80244f630ab5a46922ab72fb79c5ad4f4,PKHeX.Core/Resources/text/items/text_Items_ja.txt,PKHeX.Core/Resources/text/items/text_Items_ko.txt,PKHeX.Core/Resources/text/items/text_Items_en.txt
261,あおいバンダナ,파랑밴드,Blue Scarf,kwsch/PKHeX,8ad201e80244f630ab5a46922ab72fb79c5ad4f4,PKHeX.Core/Resources/text/items/text_Items_ja.txt,PKHeX.Core/Resources/text/items/text_Items_ko.txt,PKHeX.Core/Resources/text/items/text_Items_en.txt
262,ピンクのバンダナ,분홍밴드,Pink Scarf,kwsch/PKHeX,8ad201e80244f630ab5a46922ab72fb79c5ad4f4,PKHeX.Core/Resources/text/items/text_Items_ja.txt,PKHeX.Core/Resources/text/items/text_Items_ko.txt,PKHeX.Core/Resources/text/items/text_Items_en.txt
263,みどりのバンダナ,초록밴드,Green Scarf,kwsch/PKHeX,8ad201e80244f630ab5a46922ab72fb79c5ad4f4,PKHeX.Core/Resources/text/items/text_Items_ja.txt,PKHeX.Core/Resources/text/items/text_Items_ko.txt,PKHeX.Core/Resources/text/items/text_Items_en.txt
264,きいろのバンダナ,노랑밴드,Yellow Scarf,kwsch/PKHeX,8ad201e80244f630ab5a46922ab72fb79c5ad4f4,PKHeX.Core/Resources/text/items/text_Items_ja.txt,PKHeX.Core/Resources/text/items/text_Items_ko.txt,PKHeX.Core/Resources/text/items/text_Items_en.txt
265,こうかくレンズ,광각렌즈,Wide Lens,kwsch/PKHeX,8ad201e80244f630ab5a46922ab72fb79c5ad4f4,PKHeX.Core/Resources/text/items/text_Items_ja.txt,PKHeX.Core/Resources/text/items/text_Items_ko.txt,PKHeX.Core/Resources/text/items/text_Items_en.txt
266,ちからのハチマキ,힘의머리띠,Muscle Band,kwsch/PKHeX,8ad201e80244f630ab5a46922ab72fb79c5ad4f4,PKHeX.Core/Resources/text/items/text_Items_ja.txt,PKHeX.Core/Resources/text/items/text_Items_ko.txt,PKHeX.Core/Resources/text/items/text_Items_en.txt
267,ものしりメガネ,박식안경,Wise Glasses,kwsch/PKHeX,8ad201e80244f630ab5a46922ab72fb79c5ad4f4,PKHeX.Core/Resources/text/items/text_Items_ja.txt,PKHeX.Core/Resources/text/items/text_Items_ko.txt,PKHeX.Core/Resources/text/items/text_Items_en.txt
268,たつじんのおび,달인의띠,Expert Belt,kwsch/PKHeX,8ad201e80244f630ab5a46922ab72fb79c5ad4f4,PKHeX.Core/Resources/text/items/text_Items_ja.txt,PKHeX.Core/Resources/text/items/text_Items_ko.txt,PKHeX.Core/Resources/text/items/text_Items_en.txt
269,ひかりのねんど,빛의점토,Light Clay,kwsch/PKHeX,8ad201e80244f630ab5a46922ab72fb79c5ad4f4,PKHeX.Core/Resources/text/items/text_Items_ja.txt,PKHeX.Core/Resources/text/items/text_Items_ko.txt,PKHeX.Core/Resources/text/items/text_Items_en.txt
270,いのちのたま,생명의구슬,Life Orb,kwsch/PKHeX,8ad201e80244f630ab5a46922ab72fb79c5ad4f4,PKHeX.Core/Resources/text/items/text_Items_ja.txt,PKHeX.Core/Resources/text/items/text_Items_ko.txt,PKHeX.Core/Resources/text/items/text_Items_en.txt
271,パワフルハーブ,파워풀허브,Power Herb,kwsch/PKHeX,8ad201e80244f630ab5a46922ab72fb79c5ad4f4,PKHeX.Core/Resources/text/items/text_Items_ja.txt,PKHeX.Core/Resources/text/items/text_Items_ko.txt,PKHeX.Core/Resources/text/items/text_Items_en.txt
272,どくどくだま,맹독구슬,Toxic Orb,kwsch/PKHeX,8ad201e80244f630ab5a46922ab72fb79c5ad4f4,PKHeX.Core/Resources/text/items/text_Items_ja.txt,PKHeX.Core/Resources/text/items/text_Items_ko.txt,PKHeX.Core/Resources/text/items/text_Items_en.txt
273,かえんだま,화염구슬,Flame Orb,kwsch/PKHeX,8ad201e80244f630ab5a46922ab72fb79c5ad4f4,PKHeX.Core/Resources/text/items/text_Items_ja.txt,PKHeX.Core/Resources/text/items/text_Items_ko.txt,PKHeX.Core/Resources/text/items/text_Items_en.txt
274,スピードパウダー,스피드파우더,Quick Powder,kwsch/PKHeX,8ad201e80244f630ab5a46922ab72fb79c5ad4f4,PKHeX.Core/Resources/text/items/text_Items_ja.txt,PKHeX.Core/Resources/text/items/text_Items_ko.txt,PKHeX.Core/Resources/text/items/text_Items_en.txt
275,きあいのタスキ,기합의띠,Focus Sash,kwsch/PKHeX,8ad201e80244f630ab5a46922ab72fb79c5ad4f4,PKHeX.Core/Resources/text/items/text_Items_ja.txt,PKHeX.Core/Resources/text/items/text_Items_ko.txt,PKHeX.Core/Resources/text/items/text_Items_en.txt
276,フォーカスレンズ,포커스렌즈,Zoom Lens,kwsch/PKHeX,8ad201e80244f630ab5a46922ab72fb79c5ad4f4,PKHeX.Core/Resources/text/items/text_Items_ja.txt,PKHeX.Core/Resources/text/items/text_Items_ko.txt,PKHeX.Core/Resources/text/items/text_Items_en.txt
277,メトロノーム,메트로놈,Metronome,kwsch/PKHeX,8ad201e80244f630ab5a46922ab72fb79c5ad4f4,PKHeX.Core/Resources/text/items/text_Items_ja.txt,PKHeX.Core/Resources/text/items/text_Items_ko.txt,PKHeX.Core/Resources/text/items/text_Items_en.txt
278,くろいてっきゅう,검은철구,Iron Ball,kwsch/PKHeX,8ad201e80244f630ab5a46922ab72fb79c5ad4f4,PKHeX.Core/Resources/text/items/text_Items_ja.txt,PKHeX.Core/Resources/text/items/text_Items_ko.txt,PKHeX.Core/Resources/text/items/text_Items_en.txt
279,こうこうのしっぽ,느림보꼬리,Lagging Tail,kwsch/PKHeX,8ad201e80244f630ab5a46922ab72fb79c5ad4f4,PKHeX.Core/Resources/text/items/text_Items_ja.txt,PKHeX.Core/Resources/text/items/text_Items_ko.txt,PKHeX.Core/Resources/text/items/text_Items_en.txt
280,あかいいと,빨간실,Destiny Knot,kwsch/PKHeX,8ad201e80244f630ab5a46922ab72fb79c5ad4f4,PKHeX.Core/Resources/text/items/text_Items_ja.txt,PKHeX.Core/Resources/text/items/text_Items_ko.txt,PKHeX.Core/Resources/text/items/text_Items_en.txt
281,くろいヘドロ,검은오물,Black Sludge,kwsch/PKHeX,8ad201e80244f630ab5a46922ab72fb79c5ad4f4,PKHeX.Core/Resources/text/items/text_Items_ja.txt,PKHeX.Core/Resources/text/items/text_Items_ko.txt,PKHeX.Core/Resources/text/items/text_Items_en.txt
282,つめたいいわ,차가운바위,Icy Rock,kwsch/PKHeX,8ad201e80244f630ab5a46922ab72fb79c5ad4f4,PKHeX.Core/Resources/text/items/text_Items_ja.txt,PKHeX.Core/Resources/text/items/text_Items_ko.txt,PKHeX.Core/Resources/text/items/text_Items_en.txt
283,さらさらいわ,보송보송바위,Smooth Rock,kwsch/PKHeX,8ad201e80244f630ab5a46922ab72fb79c5ad4f4,PKHeX.Core/Resources/text/items/text_Items_ja.txt,PKHeX.Core/Resources/text/items/text_Items_ko.txt,PKHeX.Core/Resources/text/items/text_Items_en.txt
284,あついいわ,뜨거운바위,Heat Rock,kwsch/PKHeX,8ad201e80244f630ab5a46922ab72fb79c5ad4f4,PKHeX.Core/Resources/text/items/text_Items_ja.txt,PKHeX.Core/Resources/text/items/text_Items_ko.txt,PKHeX.Core/Resources/text/items/text_Items_en.txt
285,しめったいわ,축축한바위,Damp Rock,kwsch/PKHeX,8ad201e80244f630ab5a46922ab72fb79c5ad4f4,PKHeX.Core/Resources/text/items/text_Items_ja.txt,PKHeX.Core/Resources/text/items/text_Items_ko.txt,PKHeX.Core/Resources/text/items/text_Items_en.txt
286,ねばりのかぎづめ,끈기갈고리손톱,Grip Claw,kwsch/PKHeX,8ad201e80244f630ab5a46922ab72fb79c5ad4f4,PKHeX.Core/Resources/text/items/text_Items_ja.txt,PKHeX.Core/Resources/text/items/text_Items_ko.txt,PKHeX.Core/Resources/text/items/text_Items_en.txt
287,こだわりスカーフ,구애스카프,Choice Scarf,kwsch/PKHeX,8ad201e80244f630ab5a46922ab72fb79c5ad4f4,PKHeX.Core/Resources/text/items/text_Items_ja.txt,PKHeX.Core/Resources/text/items/text_Items_ko.txt,PKHeX.Core/Resources/text/items/text_Items_en.txt
288,くっつきバリ,끈적끈적바늘,Sticky Barb,kwsch/PKHeX,8ad201e80244f630ab5a46922ab72fb79c5ad4f4,PKHeX.Core/Resources/text/items/text_Items_ja.txt,PKHeX.Core/Resources/text/items/text_Items_ko.txt,PKHeX.Core/Resources/text/items/text_Items_en.txt
289,パワーリスト,파워리스트,Power Bracer,kwsch/PKHeX,8ad201e80244f630ab5a46922ab72fb79c5ad4f4,PKHeX.Core/Resources/text/items/text_Items_ja.txt,PKHeX.Core/Resources/text/items/text_Items_ko.txt,PKHeX.Core/Resources/text/items/text_Items_en.txt
290,パワーベルト,파워벨트,Power Belt,kwsch/PKHeX,8ad201e80244f630ab5a46922ab72fb79c5ad4f4,PKHeX.Core/Resources/text/items/text_Items_ja.txt,PKHeX.Core/Resources/text/items/text_Items_ko.txt,PKHeX.Core/Resources/text/items/text_Items_en.txt
291,パワーレンズ,파워렌즈,Power Lens,kwsch/PKHeX,8ad201e80244f630ab5a46922ab72fb79c5ad4f4,PKHeX.Core/Resources/text/items/text_Items_ja.txt,PKHeX.Core/Resources/text/items/text_Items_ko.txt,PKHeX.Core/Resources/text/items/text_Items_en.txt
292,パワーバンド,파워밴드,Power Band,kwsch/PKHeX,8ad201e80244f630ab5a46922ab72fb79c5ad4f4,PKHeX.Core/Resources/text/items/text_Items_ja.txt,PKHeX.Core/Resources/text/items/text_Items_ko.txt,PKHeX.Core/Resources/text/items/text_Items_en.txt
293,パワーアンクル,파워앵클릿,Power Anklet,kwsch/PKHeX,8ad201e80244f630ab5a46922ab72fb79c5ad4f4,PKHeX.Core/Resources/text/items/text_Items_ja.txt,PKHeX.Core/Resources/text/items/text_Items_ko.txt,PKHeX.Core/Resources/text/items/text_Items_en.txt
294,パワーウエイト,파워웨이트,Power Weight,kwsch/PKHeX,8ad201e80244f630ab5a46922ab72fb79c5ad4f4,PKHeX.Core/Resources/text/items/text_Items_ja.txt,PKHeX.Core/Resources/text/items/text_Items_ko.txt,PKHeX.Core/Resources/text/items/text_Items_en.txt
295,きれいなぬけがら,아름다운허물,Shed Shell,kwsch/PKHeX,8ad201e80244f630ab5a46922ab72fb79c5ad4f4,PKHeX.Core/Resources/text/items/text_Items_ja.txt,PKHeX.Core/Resources/text/items/text_Items_ko.txt,PKHeX.Core/Resources/text/items/text_Items_en.txt
296,おおきなねっこ,큰뿌리,Big Root,kwsch/PKHeX,8ad201e80244f630ab5a46922ab72fb79c5ad4f4,PKHeX.Core/Resources/text/items/text_Items_ja.txt,PKHeX.Core/Resources/text/items/text_Items_ko.txt,PKHeX.Core/Resources/text/items/text_Items_en.txt
297,こだわりメガネ,구애안경,Choice Specs,kwsch/PKHeX,8ad201e80244f630ab5a46922ab72fb79c5ad4f4,PKHeX.Core/Resources/text/items/text_Items_ja.txt,PKHeX.Core/Resources/text/items/text_Items_ko.txt,PKHeX.Core/Resources/text/items/text_Items_en.txt
298,ひのたまプレート,불구슬플레이트,Flame Plate,kwsch/PKHeX,8ad201e80244f630ab5a46922ab72fb79c5ad4f4,PKHeX.Core/Resources/text/items/text_Items_ja.txt,PKHeX.Core/Resources/text/items/text_Items_ko.txt,PKHeX.Core/Resources/text/items/text_Items_en.txt
299,しずくプレート,물방울플레이트,Splash Plate,kwsch/PKHeX,8ad201e80244f630ab5a46922ab72fb79c5ad4f4,PKHeX.Core/Resources/text/items/text_Items_ja.txt,PKHeX.Core/Resources/text/items/text_Items_ko.txt,PKHeX.Core/Resources/text/items/text_Items_en.txt
300,いかずちプレート,우레플레이트,Zap Plate,kwsch/PKHeX,8ad201e80244f630ab5a46922ab72fb79c5ad4f4,PKHeX.Core/Resources/text/items/text_Items_ja.txt,PKHeX.Core/Resources/text/items/text_Items_ko.txt,PKHeX.Core/Resources/text/items/text_Items_en.txt
301,みどりのプレート,초록플레이트,Meadow Plate,kwsch/PKHeX,8ad201e80244f630ab5a46922ab72fb79c5ad4f4,PKHeX.Core/Resources/text/items/text_Items_ja.txt,PKHeX.Core/Resources/text/items/text_Items_ko.txt,PKHeX.Core/Resources/text/items/text_Items_en.txt
302,つららのプレート,고드름플레이트,Icicle Plate,kwsch/PKHeX,8ad201e80244f630ab5a46922ab72fb79c5ad4f4,PKHeX.Core/Resources/text/items/text_Items_ja.txt,PKHeX.Core/Resources/text/items/text_Items_ko.txt,PKHeX.Core/Resources/text/items/text_Items_en.txt
303,こぶしのプレート,주먹플레이트,Fist Plate,kwsch/PKHeX,8ad201e80244f630ab5a46922ab72fb79c5ad4f4,PKHeX.Core/Resources/text/items/text_Items_ja.txt,PKHeX.Core/Resources/text/items/text_Items_ko.txt,PKHeX.Core/Resources/text/items/text_Items_en.txt
304,もうどくプレート,맹독플레이트,Toxic Plate,kwsch/PKHeX,8ad201e80244f630ab5a46922ab72fb79c5ad4f4,PKHeX.Core/Resources/text/items/text_Items_ja.txt,PKHeX.Core/Resources/text/items/text_Items_ko.txt,PKHeX.Core/Resources/text/items/text_Items_en.txt
305,だいちのプレート,대지플레이트,Earth Plate,kwsch/PKHeX,8ad201e80244f630ab5a46922ab72fb79c5ad4f4,PKHeX.Core/Resources/text/items/text_Items_ja.txt,PKHeX.Core/Resources/text/items/text_Items_ko.txt,PKHeX.Core/Resources/text/items/text_Items_en.txt
306,あおぞらプレート,푸른하늘플레이트,Sky Plate,kwsch/PKHeX,8ad201e80244f630ab5a46922ab72fb79c5ad4f4,PKHeX.Core/Resources/text/items/text_Items_ja.txt,PKHeX.Core/Resources/text/items/text_Items_ko.txt,PKHeX.Core/Resources/text/items/text_Items_en.txt
307,ふしぎのプレート,이상한플레이트,Mind Plate,kwsch/PKHeX,8ad201e80244f630ab5a46922ab72fb79c5ad4f4,PKHeX.Core/Resources/text/items/text_Items_ja.txt,PKHeX.Core/Resources/text/items/text_Items_ko.txt,PKHeX.Core/Resources/text/items/text_Items_en.txt
308,たまむしプレート,비단벌레플레이트,Insect Plate,kwsch/PKHeX,8ad201e80244f630ab5a46922ab72fb79c5ad4f4,PKHeX.Core/Resources/text/items/text_Items_ja.txt,PKHeX.Core/Resources/text/items/text_Items_ko.txt,PKHeX.Core/Resources/text/items/text_Items_en.txt
309,がんせきプレート,암석플레이트,Stone Plate,kwsch/PKHeX,8ad201e80244f630ab5a46922ab72fb79c5ad4f4,PKHeX.Core/Resources/text/items/text_Items_ja.txt,PKHeX.Core/Resources/text/items/text_Items_ko.txt,PKHeX.Core/Resources/text/items/text_Items_en.txt
310,もののけプレート,원령플레이트,Spooky Plate,kwsch/PKHeX,8ad201e80244f630ab5a46922ab72fb79c5ad4f4,PKHeX.Core/Resources/text/items/text_Items_ja.txt,PKHeX.Core/Resources/text/items/text_Items_ko.txt,PKHeX.Core/Resources/text/items/text_Items_en.txt
311,りゅうのプレート,용의플레이트,Draco Plate,kwsch/PKHeX,8ad201e80244f630ab5a46922ab72fb79c5ad4f4,PKHeX.Core/Resources/text/items/text_Items_ja.txt,PKHeX.Core/Resources/text/items/text_Items_ko.txt,PKHeX.Core/Resources/text/items/text_Items_en.txt
312,こわもてプレート,공포플레이트,Dread Plate,kwsch/PKHeX,8ad201e80244f630ab5a46922ab72fb79c5ad4f4,PKHeX.Core/Resources/text/items/text_Items_ja.txt,PKHeX.Core/Resources/text/items/text_Items_ko.txt,PKHeX.Core/Resources/text/items/text_Items_en.txt
313,こうてつプレート,강철플레이트,Iron Plate,kwsch/PKHeX,8ad201e80244f630ab5a46922ab72fb79c5ad4f4,PKHeX.Core/Resources/text/items/text_Items_ja.txt,PKHeX.Core/Resources/text/items/text_Items_ko.txt,PKHeX.Core/Resources/text/items/text_Items_en.txt
314,あやしいおこう,괴상한향로,Odd Incense,kwsch/PKHeX,8ad201e80244f630ab5a46922ab72fb79c5ad4f4,PKHeX.Core/Resources/text/items/text_Items_ja.txt,PKHeX.Core/Resources/text/items/text_Items_ko.txt,PKHeX.Core/Resources/text/items/text_Items_en.txt
315,がんせきおこう,암석향로,Rock Incense,kwsch/PKHeX,8ad201e80244f630ab5a46922ab72fb79c5ad4f4,PKHeX.Core/Resources/text/items/text_Items_ja.txt,PKHeX.Core/Resources/text/items/text_Items_ko.txt,PKHeX.Core/Resources/text/items/text_Items_en.txt
316,まんぷくおこう,만복향로,Full Incense,kwsch/PKHeX,8ad201e80244f630ab5a46922ab72fb79c5ad4f4,PKHeX.Core/Resources/text/items/text_Items_ja.txt,PKHeX.Core/Resources/text/items/text_Items_ko.txt,PKHeX.Core/Resources/text/items/text_Items_en.txt
317,さざなみのおこう,잔물결향로,Wave Incense,kwsch/PKHeX,8ad201e80244f630ab5a46922ab72fb79c5ad4f4,PKHeX.Core/Resources/text/items/text_Items_ja.txt,PKHeX.Core/Resources/text/items/text_Items_ko.txt,PKHeX.Core/Resources/text/items/text_Items_en.txt
318,おはなのおこう,꽃향로,Rose Incense,kwsch/PKHeX,8ad201e80244f630ab5a46922ab72fb79c5ad4f4,PKHeX.Core/Resources/text/items/text_Items_ja.txt,PKHeX.Core/Resources/text/items/text_Items_ko.txt,PKHeX.Core/Resources/text/items/text_Items_en.txt
319,こううんのおこう,행운의향로,Luck Incense,kwsch/PKHeX,8ad201e80244f630ab5a46922ab72fb79c5ad4f4,PKHeX.Core/Resources/text/items/text_Items_ja.txt,PKHeX.Core/Resources/text/items/text_Items_ko.txt,PKHeX.Core/Resources/text/items/text_Items_en.txt
320,きよめのおこう,순결의향로,Pure Incense,kwsch/PKHeX,8ad201e80244f630ab5a46922ab72fb79c5ad4f4,PKHeX.Core/Resources/text/items/text_Items_ja.txt,PKHeX.Core/Resources/text/items/text_Items_ko.txt,PKHeX.Core/Resources/text/items/text_Items_en.txt
321,プロテクター,프로텍터,Protector,kwsch/PKHeX,8ad201e80244f630ab5a46922ab72fb79c5ad4f4,PKHeX.Core/Resources/text/items/text_Items_ja.txt,PKHeX.Core/Resources/text/items/text_Items_ko.txt,PKHeX.Core/Resources/text/items/text_Items_en.txt
322,エレキブースター,에레키부스터,Electirizer,kwsch/PKHeX,8ad201e80244f630ab5a46922ab72fb79c5ad4f4,PKHeX.Core/Resources/text/items/text_Items_ja.txt,PKHeX.Core/Resources/text/items/text_Items_ko.txt,PKHeX.Core/Resources/text/items/text_Items_en.txt
323,マグマブースター,마그마부스터,Magmarizer,kwsch/PKHeX,8ad201e80244f630ab5a46922ab72fb79c5ad4f4,PKHeX.Core/Resources/text/items/text_Items_ja.txt,PKHeX.Core/Resources/text/items/text_Items_ko.txt,PKHeX.Core/Resources/text/items/text_Items_en.txt
324,あやしいパッチ,괴상한패치,Dubious Disc,kwsch/PKHeX,8ad201e80244f630ab5a46922ab72fb79c5ad4f4,PKHeX.Core/Resources/text/items/text_Items_ja.txt,PKHeX.Core/Resources/text/items/text_Items_ko.txt,PKHeX.Core/Resources/text/items/text_Items_en.txt
325,れいかいのぬの,영계의천,Reaper Cloth,kwsch/PKHeX,8ad201e80244f630ab5a46922ab72fb79c5ad4f4,PKHeX.Core/Resources/text/items/text_Items_ja.txt,PKHeX.Core/Resources/text/items/text_Items_ko.txt,PKHeX.Core/Resources/text/items/text_Items_en.txt
326,するどいツメ,예리한손톱,Razor Claw,kwsch/PKHeX,8ad201e80244f630ab5a46922ab72fb79c5ad4f4,PKHeX.Core/Resources/text/items/text_Items_ja.txt,PKHeX.Core/Resources/text/items/text_Items_ko.txt,PKHeX.Core/Resources/text/items/text_Items_en.txt
327,するどいキバ,예리한이빨,Razor Fang,kwsch/PKHeX,8ad201e80244f630ab5a46922ab72fb79c5ad4f4,PKHeX.Core/Resources/text/items/text_Items_ja.txt,PKHeX.Core/Resources/text/items/text_Items_ko.txt,PKHeX.Core/Resources/text/items/text_Items_en.txt
328,わざマシン０１,기술머신01,TM01,kwsch/PKHeX,8ad201e80244f630ab5a46922ab72fb79c5ad4f4,PKHeX.Core/Resources/text/items/text_Items_ja.txt,PKHeX.Core/Resources/text/items/text_Items_ko.txt,PKHeX.Core/Resources/text/items/text_Items_en.txt
329,わざマシン０２,기술머신02,TM02,kwsch/PKHeX,8ad201e80244f630ab5a46922ab72fb79c5ad4f4,PKHeX.Core/Resources/text/items/text_Items_ja.txt,PKHeX.Core/Resources/text/items/text_Items_ko.txt,PKHeX.Core/Resources/text/items/text_Items_en.txt
330,わざマシン０３,기술머신03,TM03,kwsch/PKHeX,8ad201e80244f630ab5a46922ab72fb79c5ad4f4,PKHeX.Core/Resources/text/items/text_Items_ja.txt,PKHeX.Core/Resources/text/items/text_Items_ko.txt,PKHeX.Core/Resources/text/items/text_Items_en.txt
331,わざマシン０４,기술머신04,TM04,kwsch/PKHeX,8ad201e80244f630ab5a46922ab72fb79c5ad4f4,PKHeX.Core/Resources/text/items/text_Items_ja.txt,PKHeX.Core/Resources/text/items/text_Items_ko.txt,PKHeX.Core/Resources/text/items/text_Items_en.txt
332,わざマシン０５,기술머신05,TM05,kwsch/PKHeX,8ad201e80244f630ab5a46922ab72fb79c5ad4f4,PKHeX.Core/Resources/text/items/text_Items_ja.txt,PKHeX.Core/Resources/text/items/text_Items_ko.txt,PKHeX.Core/Resources/text/items/text_Items_en.txt
333,わざマシン０６,기술머신06,TM06,kwsch/PKHeX,8ad201e80244f630ab5a46922ab72fb79c5ad4f4,PKHeX.Core/Resources/text/items/text_Items_ja.txt,PKHeX.Core/Resources/text/items/text_Items_ko.txt,PKHeX.Core/Resources/text/items/text_Items_en.txt
334,わざマシン０７,기술머신07,TM07,kwsch/PKHeX,8ad201e80244f630ab5a46922ab72fb79c5ad4f4,PKHeX.Core/Resources/text/items/text_Items_ja.txt,PKHeX.Core/Resources/text/items/text_Items_ko.txt,PKHeX.Core/Resources/text/items/text_Items_en.txt
335,わざマシン０８,기술머신08,TM08,kwsch/PKHeX,8ad201e80244f630ab5a46922ab72fb79c5ad4f4,PKHeX.Core/Resources/text/items/text_Items_ja.txt,PKHeX.Core/Resources/text/items/text_Items_ko.txt,PKHeX.Core/Resources/text/items/text_Items_en.txt
336,わざマシン０９,기술머신09,TM09,kwsch/PKHeX,8ad201e80244f630ab5a46922ab72fb79c5ad4f4,PKHeX.Core/Resources/text/items/text_Items_ja.txt,PKHeX.Core/Resources/text/items/text_Items_ko.txt,PKHeX.Core/Resources/text/items/text_Items_en.txt
337,わざマシン１０,기술머신10,TM10,kwsch/PKHeX,8ad201e80244f630ab5a46922ab72fb79c5ad4f4,PKHeX.Core/Resources/text/items/text_Items_ja.txt,PKHeX.Core/Resources/text/items/text_Items_ko.txt,PKHeX.Core/Resources/text/items/text_Items_en.txt
338,わざマシン１１,기술머신11,TM11,kwsch/PKHeX,8ad201e80244f630ab5a46922ab72fb79c5ad4f4,PKHeX.Core/Resources/text/items/text_Items_ja.txt,PKHeX.Core/Resources/text/items/text_Items_ko.txt,PKHeX.Core/Resources/text/items/text_Items_en.txt
339,わざマシン１２,기술머신12,TM12,kwsch/PKHeX,8ad201e80244f630ab5a46922ab72fb79c5ad4f4,PKHeX.Core/Resources/text/items/text_Items_ja.txt,PKHeX.Core/Resources/text/items/text_Items_ko.txt,PKHeX.Core/Resources/text/items/text_Items_en.txt
340,わざマシン１３,기술머신13,TM13,kwsch/PKHeX,8ad201e80244f630ab5a46922ab72fb79c5ad4f4,PKHeX.Core/Resources/text/items/text_Items_ja.txt,PKHeX.Core/Resources/text/items/text_Items_ko.txt,PKHeX.Core/Resources/text/items/text_Items_en.txt
341,わざマシン１４,기술머신14,TM14,kwsch/PKHeX,8ad201e80244f630ab5a46922ab72fb79c5ad4f4,PKHeX.Core/Resources/text/items/text_Items_ja.txt,PKHeX.Core/Resources/text/items/text_Items_ko.txt,PKHeX.Core/Resources/text/items/text_Items_en.txt
342,わざマシン１５,기술머신15,TM15,kwsch/PKHeX,8ad201e80244f630ab5a46922ab72fb79c5ad4f4,PKHeX.Core/Resources/text/items/text_Items_ja.txt,PKHeX.Core/Resources/text/items/text_Items_ko.txt,PKHeX.Core/Resources/text/items/text_Items_en.txt
343,わざマシン１６,기술머신16,TM16,kwsch/PKHeX,8ad201e80244f630ab5a46922ab72fb79c5ad4f4,PKHeX.Core/Resources/text/items/text_Items_ja.txt,PKHeX.Core/Resources/text/items/text_Items_ko.txt,PKHeX.Core/Resources/text/items/text_Items_en.txt
344,わざマシン１７,기술머신17,TM17,kwsch/PKHeX,8ad201e80244f630ab5a46922ab72fb79c5ad4f4,PKHeX.Core/Resources/text/items/text_Items_ja.txt,PKHeX.Core/Resources/text/items/text_Items_ko.txt,PKHeX.Core/Resources/text/items/text_Items_en.txt
345,わざマシン１８,기술머신18,TM18,kwsch/PKHeX,8ad201e80244f630ab5a46922ab72fb79c5ad4f4,PKHeX.Core/Resources/text/items/text_Items_ja.txt,PKHeX.Core/Resources/text/items/text_Items_ko.txt,PKHeX.Core/Resources/text/items/text_Items_en.txt
346,わざマシン１９,기술머신19,TM19,kwsch/PKHeX,8ad201e80244f630ab5a46922ab72fb79c5ad4f4,PKHeX.Core/Resources/text/items/text_Items_ja.txt,PKHeX.Core/Resources/text/items/text_Items_ko.txt,PKHeX.Core/Resources/text/items/text_Items_en.txt
347,わざマシン２０,기술머신20,TM20,kwsch/PKHeX,8ad201e80244f630ab5a46922ab72fb79c5ad4f4,PKHeX.Core/Resources/text/items/text_Items_ja.txt,PKHeX.Core/Resources/text/items/text_Items_ko.txt,PKHeX.Core/Resources/text/items/text_Items_en.txt
348,わざマシン２１,기술머신21,TM21,kwsch/PKHeX,8ad201e80244f630ab5a46922ab72fb79c5ad4f4,PKHeX.Core/Resources/text/items/text_Items_ja.txt,PKHeX.Core/Resources/text/items/text_Items_ko.txt,PKHeX.Core/Resources/text/items/text_Items_en.txt
349,わざマシン２２,기술머신22,TM22,kwsch/PKHeX,8ad201e80244f630ab5a46922ab72fb79c5ad4f4,PKHeX.Core/Resources/text/items/text_Items_ja.txt,PKHeX.Core/Resources/text/items/text_Items_ko.txt,PKHeX.Core/Resources/text/items/text_Items_en.txt
350,わざマシン２３,기술머신23,TM23,kwsch/PKHeX,8ad201e80244f630ab5a46922ab72fb79c5ad4f4,PKHeX.Core/Resources/text/items/text_Items_ja.txt,PKHeX.Core/Resources/text/items/text_Items_ko.txt,PKHeX.Core/Resources/text/items/text_Items_en.txt
351,わざマシン２４,기술머신24,TM24,kwsch/PKHeX,8ad201e80244f630ab5a46922ab72fb79c5ad4f4,PKHeX.Core/Resources/text/items/text_Items_ja.txt,PKHeX.Core/Resources/text/items/text_Items_ko.txt,PKHeX.Core/Resources/text/items/text_Items_en.txt
352,わざマシン２５,기술머신25,TM25,kwsch/PKHeX,8ad201e80244f630ab5a46922ab72fb79c5ad4f4,PKHeX.Core/Resources/text/items/text_Items_ja.txt,PKHeX.Core/Resources/text/items/text_Items_ko.txt,PKHeX.Core/Resources/text/items/text_Items_en.txt
353,わざマシン２６,기술머신26,TM26,kwsch/PKHeX,8ad201e80244f630ab5a46922ab72fb79c5ad4f4,PKHeX.Core/Resources/text/items/text_Items_ja.txt,PKHeX.Core/Resources/text/items/text_Items_ko.txt,PKHeX.Core/Resources/text/items/text_Items_en.txt
354,わざマシン２７,기술머신27,TM27,kwsch/PKHeX,8ad201e80244f630ab5a46922ab72fb79c5ad4f4,PKHeX.Core/Resources/text/items/text_Items_ja.txt,PKHeX.Core/Resources/text/items/text_Items_ko.txt,PKHeX.Core/Resources/text/items/text_Items_en.txt
355,わざマシン２８,기술머신28,TM28,kwsch/PKHeX,8ad201e80244f630ab5a46922ab72fb79c5ad4f4,PKHeX.Core/Resources/text/items/text_Items_ja.txt,PKHeX.Core/Resources/text/items/text_Items_ko.txt,PKHeX.Core/Resources/text/items/text_Items_en.txt
356,わざマシン２９,기술머신29,TM29,kwsch/PKHeX,8ad201e80244f630ab5a46922ab72fb79c5ad4f4,PKHeX.Core/Resources/text/items/text_Items_ja.txt,PKHeX.Core/Resources/text/items/text_Items_ko.txt,PKHeX.Core/Resources/text/items/text_Items_en.txt
357,わざマシン３０,기술머신30,TM30,kwsch/PKHeX,8ad201e80244f630ab5a46922ab72fb79c5ad4f4,PKHeX.Core/Resources/text/items/text_Items_ja.txt,PKHeX.Core/Resources/text/items/text_Items_ko.txt,PKHeX.Core/Resources/text/items/text_Items_en.txt
358,わざマシン３１,기술머신31,TM31,kwsch/PKHeX,8ad201e80244f630ab5a46922ab72fb79c5ad4f4,PKHeX.Core/Resources/text/items/text_Items_ja.txt,PKHeX.Core/Resources/text/items/text_Items_ko.txt,PKHeX.Core/Resources/text/items/text_Items_en.txt
359,わざマシン３２,기술머신32,TM32,kwsch/PKHeX,8ad201e80244f630ab5a46922ab72fb79c5ad4f4,PKHeX.Core/Resources/text/items/text_Items_ja.txt,PKHeX.Core/Resources/text/items/text_Items_ko.txt,PKHeX.Core/Resources/text/items/text_Items_en.txt
360,わざマシン３３,기술머신33,TM33,kwsch/PKHeX,8ad201e80244f630ab5a46922ab72fb79c5ad4f4,PKHeX.Core/Resources/text/items/text_Items_ja.txt,PKHeX.Core/Resources/text/items/text_Items_ko.txt,PKHeX.Core/Resources/text/items/text_Items_en.txt
361,わざマシン３４,기술머신34,TM34,kwsch/PKHeX,8ad201e80244f630ab5a46922ab72fb79c5ad4f4,PKHeX.Core/Resources/text/items/text_Items_ja.txt,PKHeX.Core/Resources/text/items/text_Items_ko.txt,PKHeX.Core/Resources/text/items/text_Items_en.txt
362,わざマシン３５,기술머신35,TM35,kwsch/PKHeX,8ad201e80244f630ab5a46922ab72fb79c5ad4f4,PKHeX.Core/Resources/text/items/text_Items_ja.txt,PKHeX.Core/Resources/text/items/text_Items_ko.txt,PKHeX.Core/Resources/text/items/text_Items_en.txt
363,わざマシン３６,기술머신36,TM36,kwsch/PKHeX,8ad201e80244f630ab5a46922ab72fb79c5ad4f4,PKHeX.Core/Resources/text/items/text_Items_ja.txt,PKHeX.Core/Resources/text/items/text_Items_ko.txt,PKHeX.Core/Resources/text/items/text_Items_en.txt
364,わざマシン３７,기술머신37,TM37,kwsch/PKHeX,8ad201e80244f630ab5a46922ab72fb79c5ad4f4,PKHeX.Core/Resources/text/items/text_Items_ja.txt,PKHeX.Core/Resources/text/items/text_Items_ko.txt,PKHeX.Core/Resources/text/items/text_Items_en.txt
365,わざマシン３８,기술머신38,TM38,kwsch/PKHeX,8ad201e80244f630ab5a46922ab72fb79c5ad4f4,PKHeX.Core/Resources/text/items/text_Items_ja.txt,PKHeX.Core/Resources/text/items/text_Items_ko.txt,PKHeX.Core/Resources/text/items/text_Items_en.txt
366,わざマシン３９,기술머신39,TM39,kwsch/PKHeX,8ad201e80244f630ab5a46922ab72fb79c5ad4f4,PKHeX.Core/Resources/text/items/text_Items_ja.txt,PKHeX.Core/Resources/text/items/text_Items_ko.txt,PKHeX.Core/Resources/text/items/text_Items_en.txt
367,わざマシン４０,기술머신40,TM40,kwsch/PKHeX,8ad201e80244f630ab5a46922ab72fb79c5ad4f4,PKHeX.Core/Resources/text/items/text_Items_ja.txt,PKHeX.Core/Resources/text/items/text_Items_ko.txt,PKHeX.Core/Resources/text/items/text_Items_en.txt
368,わざマシン４１,기술머신41,TM41,kwsch/PKHeX,8ad201e80244f630ab5a46922ab72fb79c5ad4f4,PKHeX.Core/Resources/text/items/text_Items_ja.txt,PKHeX.Core/Resources/text/items/text_Items_ko.txt,PKHeX.Core/Resources/text/items/text_Items_en.txt
369,わざマシン４２,기술머신42,TM42,kwsch/PKHeX,8ad201e80244f630ab5a46922ab72fb79c5ad4f4,PKHeX.Core/Resources/text/items/text_Items_ja.txt,PKHeX.Core/Resources/text/items/text_Items_ko.txt,PKHeX.Core/Resources/text/items/text_Items_en.txt
370,わざマシン４３,기술머신43,TM43,kwsch/PKHeX,8ad201e80244f630ab5a46922ab72fb79c5ad4f4,PKHeX.Core/Resources/text/items/text_Items_ja.txt,PKHeX.Core/Resources/text/items/text_Items_ko.txt,PKHeX.Core/Resources/text/items/text_Items_en.txt
371,わざマシン４４,기술머신44,TM44,kwsch/PKHeX,8ad201e80244f630ab5a46922ab72fb79c5ad4f4,PKHeX.Core/Resources/text/items/text_Items_ja.txt,PKHeX.Core/Resources/text/items/text_Items_ko.txt,PKHeX.Core/Resources/text/items/text_Items_en.txt
372,わざマシン４５,기술머신45,TM45,kwsch/PKHeX,8ad201e80244f630ab5a46922ab72fb79c5ad4f4,PKHeX.Core/Resources/text/items/text_Items_ja.txt,PKHeX.Core/Resources/text/items/text_Items_ko.txt,PKHeX.Core/Resources/text/items/text_Items_en.txt
373,わざマシン４６,기술머신46,TM46,kwsch/PKHeX,8ad201e80244f630ab5a46922ab72fb79c5ad4f4,PKHeX.Core/Resources/text/items/text_Items_ja.txt,PKHeX.Core/Resources/text/items/text_Items_ko.txt,PKHeX.Core/Resources/text/items/text_Items_en.txt
374,わざマシン４７,기술머신47,TM47,kwsch/PKHeX,8ad201e80244f630ab5a46922ab72fb79c5ad4f4,PKHeX.Core/Resources/text/items/text_Items_ja.txt,PKHeX.Core/Resources/text/items/text_Items_ko.txt,PKHeX.Core/Resources/text/items/text_Items_en.txt
375,わざマシン４８,기술머신48,TM48,kwsch/PKHeX,8ad201e80244f630ab5a46922ab72fb79c5ad4f4,PKHeX.Core/Resources/text/items/text_Items_ja.txt,PKHeX.Core/Resources/text/items/text_Items_ko.txt,PKHeX.Core/Resources/text/items/text_Items_en.txt
376,わざマシン４９,기술머신49,TM49,kwsch/PKHeX,8ad201e80244f630ab5a46922ab72fb79c5ad4f4,PKHeX.Core/Resources/text/items/text_Items_ja.txt,PKHeX.Core/Resources/text/items/text_Items_ko.txt,PKHeX.Core/Resources/text/items/text_Items_en.txt
377,わざマシン５０,기술머신50,TM50,kwsch/PKHeX,8ad201e80244f630ab5a46922ab72fb79c5ad4f4,PKHeX.Core/Resources/text/items/text_Items_ja.txt,PKHeX.Core/Resources/text/items/text_Items_ko.txt,PKHeX.Core/Resources/text/items/text_Items_en.txt
378,わざマシン５１,기술머신51,TM51,kwsch/PKHeX,8ad201e80244f630ab5a46922ab72fb79c5ad4f4,PKHeX.Core/Resources/text/items/text_Items_ja.txt,PKHeX.Core/Resources/text/items/text_Items_ko.txt,PKHeX.Core/Resources/text/items/text_Items_en.txt
379,わざマシン５２,기술머신52,TM52,kwsch/PKHeX,8ad201e80244f630ab5a46922ab72fb79c5ad4f4,PKHeX.Core/Resources/text/items/text_Items_ja.txt,PKHeX.Core/Resources/text/items/text_Items_ko.txt,PKHeX.Core/Resources/text/items/text_Items_en.txt
380,わざマシン５３,기술머신53,TM53,kwsch/PKHeX,8ad201e80244f630ab5a46922ab72fb79c5ad4f4,PKHeX.Core/Resources/text/items/text_Items_ja.txt,PKHeX.Core/Resources/text/items/text_Items_ko.txt,PKHeX.Core/Resources/text/items/text_Items_en.txt
381,わざマシン５４,기술머신54,TM54,kwsch/PKHeX,8ad201e80244f630ab5a46922ab72fb79c5ad4f4,PKHeX.Core/Resources/text/items/text_Items_ja.txt,PKHeX.Core/Resources/text/items/text_Items_ko.txt,PKHeX.Core/Resources/text/items/text_Items_en.txt
382,わざマシン５５,기술머신55,TM55,kwsch/PKHeX,8ad201e80244f630ab5a46922ab72fb79c5ad4f4,PKHeX.Core/Resources/text/items/text_Items_ja.txt,PKHeX.Core/Resources/text/items/text_Items_ko.txt,PKHeX.Core/Resources/text/items/text_Items_en.txt
383,わざマシン５６,기술머신56,TM56,kwsch/PKHeX,8ad201e80244f630ab5a46922ab72fb79c5ad4f4,PKHeX.Core/Resources/text/items/text_Items_ja.txt,PKHeX.Core/Resources/text/items/text_Items_ko.txt,PKHeX.Core/Resources/text/items/text_Items_en.txt
384,わざマシン５７,기술머신57,TM57,kwsch/PKHeX,8ad201e80244f630ab5a46922ab72fb79c5ad4f4,PKHeX.Core/Resources/text/items/text_Items_ja.txt,PKHeX.Core/Resources/text/items/text_Items_ko.txt,PKHeX.Core/Resources/text/items/text_Items_en.txt
385,わざマシン５８,기술머신58,TM58,kwsch/PKHeX,8ad201e80244f630ab5a46922ab72fb79c5ad4f4,PKHeX.Core/Resources/text/items/text_Items_ja.txt,PKHeX.Core/Resources/text/items/text_Items_ko.txt,PKHeX.Core/Resources/text/items/text_Items_en.txt
386,わざマシン５９,기술머신59,TM59,kwsch/PKHeX,8ad201e80244f630ab5a46922ab72fb79c5ad4f4,PKHeX.Core/Resources/text/items/text_Items_ja.txt,PKHeX.Core/Resources/text/items/text_Items_ko.txt,PKHeX.Core/Resources/text/items/text_Items_en.txt
387,わざマシン６０,기술머신60,TM60,kwsch/PKHeX,8ad201e80244f630ab5a46922ab72fb79c5ad4f4,PKHeX.Core/Resources/text/items/text_Items_ja.txt,PKHeX.Core/Resources/text/items/text_Items_ko.txt,PKHeX.Core/Resources/text/items/text_Items_en.txt
388,わざマシン６１,기술머신61,TM61,kwsch/PKHeX,8ad201e80244f630ab5a46922ab72fb79c5ad4f4,PKHeX.Core/Resources/text/items/text_Items_ja.txt,PKHeX.Core/Resources/text/items/text_Items_ko.txt,PKHeX.Core/Resources/text/items/text_Items_en.txt
389,わざマシン６２,기술머신62,TM62,kwsch/PKHeX,8ad201e80244f630ab5a46922ab72fb79c5ad4f4,PKHeX.Core/Resources/text/items/text_Items_ja.txt,PKHeX.Core/Resources/text/items/text_Items_ko.txt,PKHeX.Core/Resources/text/items/text_Items_en.txt
390,わざマシン６３,기술머신63,TM63,kwsch/PKHeX,8ad201e80244f630ab5a46922ab72fb79c5ad4f4,PKHeX.Core/Resources/text/items/text_Items_ja.txt,PKHeX.Core/Resources/text/items/text_Items_ko.txt,PKHeX.Core/Resources/text/items/text_Items_en.txt
391,わざマシン６４,기술머신64,TM64,kwsch/PKHeX,8ad201e80244f630ab5a46922ab72fb79c5ad4f4,PKHeX.Core/Resources/text/items/text_Items_ja.txt,PKHeX.Core/Resources/text/items/text_Items_ko.txt,PKHeX.Core/Resources/text/items/text_Items_en.txt
392,わざマシン６５,기술머신65,TM65,kwsch/PKHeX,8ad201e80244f630ab5a46922ab72fb79c5ad4f4,PKHeX.Core/Resources/text/items/text_Items_ja.txt,PKHeX.Core/Resources/text/items/text_Items_ko.txt,PKHeX.Core/Resources/text/items/text_Items_en.txt
393,わざマシン６６,기술머신66,TM66,kwsch/PKHeX,8ad201e80244f630ab5a46922ab72fb79c5ad4f4,PKHeX.Core/Resources/text/items/text_Items_ja.txt,PKHeX.Core/Resources/text/items/text_Items_ko.txt,PKHeX.Core/Resources/text/items/text_Items_en.txt
394,わざマシン６７,기술머신67,TM67,kwsch/PKHeX,8ad201e80244f630ab5a46922ab72fb79c5ad4f4,PKHeX.Core/Resources/text/items/text_Items_ja.txt,PKHeX.Core/Resources/text/items/text_Items_ko.txt,PKHeX.Core/Resources/text/items/text_Items_en.txt
395,わざマシン６８,기술머신68,TM68,kwsch/PKHeX,8ad201e80244f630ab5a46922ab72fb79c5ad4f4,PKHeX.Core/Resources/text/items/text_Items_ja.txt,PKHeX.Core/Resources/text/items/text_Items_ko.txt,PKHeX.Core/Resources/text/items/text_Items_en.txt
396,わざマシン６９,기술머신69,TM69,kwsch/PKHeX,8ad201e80244f630ab5a46922ab72fb79c5ad4f4,PKHeX.Core/Resources/text/items/text_Items_ja.txt,PKHeX.Core/Resources/text/items/text_Items_ko.txt,PKHeX.Core/Resources/text/items/text_Items_en.txt
397,わざマシン７０,기술머신70,TM70,kwsch/PKHeX,8ad201e80244f630ab5a46922ab72fb79c5ad4f4,PKHeX.Core/Resources/text/items/text_Items_ja.txt,PKHeX.Core/Resources/text/items/text_Items_ko.txt,PKHeX.Core/Resources/text/items/text_Items_en.txt
398,わざマシン７１,기술머신71,TM71,kwsch/PKHeX,8ad201e80244f630ab5a46922ab72fb79c5ad4f4,PKHeX.Core/Resources/text/items/text_Items_ja.txt,PKHeX.Core/Resources/text/items/text_Items_ko.txt,PKHeX.Core/Resources/text/items/text_Items_en.txt
399,わざマシン７２,기술머신72,TM72,kwsch/PKHeX,8ad201e80244f630ab5a46922ab72fb79c5ad4f4,PKHeX.Core/Resources/text/items/text_Items_ja.txt,PKHeX.Core/Resources/text/items/text_Items_ko.txt,PKHeX.Core/Resources/text/items/text_Items_en.txt
400,わざマシン７３,기술머신73,TM73,kwsch/PKHeX,8ad201e80244f630ab5a46922ab72fb79c5ad4f4,PKHeX.Core/Resources/text/items/text_Items_ja.txt,PKHeX.Core/Resources/text/items/text_Items_ko.txt,PKHeX.Core/Resources/text/items/text_Items_en.txt
401,わざマシン７４,기술머신74,TM74,kwsch/PKHeX,8ad201e80244f630ab5a46922ab72fb79c5ad4f4,PKHeX.Core/Resources/text/items/text_Items_ja.txt,PKHeX.Core/Resources/text/items/text_Items_ko.txt,PKHeX.Core/Resources/text/items/text_Items_en.txt
402,わざマシン７５,기술머신75,TM75,kwsch/PKHeX,8ad201e80244f630ab5a46922ab72fb79c5ad4f4,PKHeX.Core/Resources/text/items/text_Items_ja.txt,PKHeX.Core/Resources/text/items/text_Items_ko.txt,PKHeX.Core/Resources/text/items/text_Items_en.txt
403,わざマシン７６,기술머신76,TM76,kwsch/PKHeX,8ad201e80244f630ab5a46922ab72fb79c5ad4f4,PKHeX.Core/Resources/text/items/text_Items_ja.txt,PKHeX.Core/Resources/text/items/text_Items_ko.txt,PKHeX.Core/Resources/text/items/text_Items_en.txt
404,わざマシン７７,기술머신77,TM77,kwsch/PKHeX,8ad201e80244f630ab5a46922ab72fb79c5ad4f4,PKHeX.Core/Resources/text/items/text_Items_ja.txt,PKHeX.Core/Resources/text/items/text_Items_ko.txt,PKHeX.Core/Resources/text/items/text_Items_en.txt
405,わざマシン７８,기술머신78,TM78,kwsch/PKHeX,8ad201e80244f630ab5a46922ab72fb79c5ad4f4,PKHeX.Core/Resources/text/items/text_Items_ja.txt,PKHeX.Core/Resources/text/items/text_Items_ko.txt,PKHeX.Core/Resources/text/items/text_Items_en.txt
406,わざマシン７９,기술머신79,TM79,kwsch/PKHeX,8ad201e80244f630ab5a46922ab72fb79c5ad4f4,PKHeX.Core/Resources/text/items/text_Items_ja.txt,PKHeX.Core/Resources/text/items/text_Items_ko.txt,PKHeX.Core/Resources/text/items/text_Items_en.txt
407,わざマシン８０,기술머신80,TM80,kwsch/PKHeX,8ad201e80244f630ab5a46922ab72fb79c5ad4f4,PKHeX.Core/Resources/text/items/text_Items_ja.txt,PKHeX.Core/Resources/text/items/text_Items_ko.txt,PKHeX.Core/Resources/text/items/text_Items_en.txt
408,わざマシン８１,기술머신81,TM81,kwsch/PKHeX,8ad201e80244f630ab5a46922ab72fb79c5ad4f4,PKHeX.Core/Resources/text/items/text_Items_ja.txt,PKHeX.Core/Resources/text/items/text_Items_ko.txt,PKHeX.Core/Resources/text/items/text_Items_en.txt
409,わざマシン８２,기술머신82,TM82,kwsch/PKHeX,8ad201e80244f630ab5a46922ab72fb79c5ad4f4,PKHeX.Core/Resources/text/items/text_Items_ja.txt,PKHeX.Core/Resources/text/items/text_Items_ko.txt,PKHeX.Core/Resources/text/items/text_Items_en.txt
410,わざマシン８３,기술머신83,TM83,kwsch/PKHeX,8ad201e80244f630ab5a46922ab72fb79c5ad4f4,PKHeX.Core/Resources/text/items/text_Items_ja.txt,PKHeX.Core/Resources/text/items/text_Items_ko.txt,PKHeX.Core/Resources/text/items/text_Items_en.txt
411,わざマシン８４,기술머신84,TM84,kwsch/PKHeX,8ad201e80244f630ab5a46922ab72fb79c5ad4f4,PKHeX.Core/Resources/text/items/text_Items_ja.txt,PKHeX.Core/Resources/text/items/text_Items_ko.txt,PKHeX.Core/Resources/text/items/text_Items_en.txt
412,わざマシン８５,기술머신85,TM85,kwsch/PKHeX,8ad201e80244f630ab5a46922ab72fb79c5ad4f4,PKHeX.Core/Resources/text/items/text_Items_ja.txt,PKHeX.Core/Resources/text/items/text_Items_ko.txt,PKHeX.Core/Resources/text/items/text_Items_en.txt
413,わざマシン８６,기술머신86,TM86,kwsch/PKHeX,8ad201e80244f630ab5a46922ab72fb79c5ad4f4,PKHeX.Core/Resources/text/items/text_Items_ja.txt,PKHeX.Core/Resources/text/items/text_Items_ko.txt,PKHeX.Core/Resources/text/items/text_Items_en.txt
414,わざマシン８７,기술머신87,TM87,kwsch/PKHeX,8ad201e80244f630ab5a46922ab72fb79c5ad4f4,PKHeX.Core/Resources/text/items/text_Items_ja.txt,PKHeX.Core/Resources/text/items/text_Items_ko.txt,PKHeX.Core/Resources/text/items/text_Items_en.txt
415,わざマシン８８,기술머신88,TM88,kwsch/PKHeX,8ad201e80244f630ab5a46922ab72fb79c5ad4f4,PKHeX.Core/Resources/text/items/text_Items_ja.txt,PKHeX.Core/Resources/text/items/text_Items_ko.txt,PKHeX.Core/Resources/text/items/text_Items_en.txt
416,わざマシン８９,기술머신89,TM89,kwsch/PKHeX,8ad201e80244f630ab5a46922ab72fb79c5ad4f4,PKHeX.Core/Resources/text/items/text_Items_ja.txt,PKHeX.Core/Resources/text/items/text_Items_ko.txt,PKHeX.Core/Resources/text/items/text_Items_en.txt
417,わざマシン９０,기술머신90,TM90,kwsch/PKHeX,8ad201e80244f630ab5a46922ab72fb79c5ad4f4,PKHeX.Core/Resources/text/items/text_Items_ja.txt,PKHeX.Core/Resources/text/items/text_Items_ko.txt,PKHeX.Core/Resources/text/items/text_Items_en.txt
418,わざマシン９１,기술머신91,TM91,kwsch/PKHeX,8ad201e80244f630ab5a46922ab72fb79c5ad4f4,PKHeX.Core/Resources/text/items/text_Items_ja.txt,PKHeX.Core/Resources/text/items/text_Items_ko.txt,PKHeX.Core/Resources/text/items/text_Items_en.txt
419,わざマシン９２,기술머신92,TM92,kwsch/PKHeX,8ad201e80244f630ab5a46922ab72fb79c5ad4f4,PKHeX.Core/Resources/text/items/text_Items_ja.txt,PKHeX.Core/Resources/text/items/text_Items_ko.txt,PKHeX.Core/Resources/text/items/text_Items_en.txt
420,ひでんマシン０１,비전머신01,HM01,kwsch/PKHeX,8ad201e80244f630ab5a46922ab72fb79c5ad4f4,PKHeX.Core/Resources/text/items/text_Items_ja.txt,PKHeX.Core/Resources/text/items/text_Items_ko.txt,PKHeX.Core/Resources/text/items/text_Items_en.txt
421,ひでんマシン０２,비전머신02,HM02,kwsch/PKHeX,8ad201e80244f630ab5a46922ab72fb79c5ad4f4,PKHeX.Core/Resources/text/items/text_Items_ja.txt,PKHeX.Core/Resources/text/items/text_Items_ko.txt,PKHeX.Core/Resources/text/items/text_Items_en.txt
422,ひでんマシン０３,비전머신03,HM03,kwsch/PKHeX,8ad201e80244f630ab5a46922ab72fb79c5ad4f4,PKHeX.Core/Resources/text/items/text_Items_ja.txt,PKHeX.Core/Resources/text/items/text_Items_ko.txt,PKHeX.Core/Resources/text/items/text_Items_en.txt
423,ひでんマシン０４,비전머신04,HM04,kwsch/PKHeX,8ad201e80244f630ab5a46922ab72fb79c5ad4f4,PKHeX.Core/Resources/text/items/text_Items_ja.txt,PKHeX.Core/Resources/text/items/text_Items_ko.txt,PKHeX.Core/Resources/text/items/text_Items_en.txt
424,ひでんマシン０５,비전머신05,HM05,kwsch/PKHeX,8ad201e80244f630ab5a46922ab72fb79c5ad4f4,PKHeX.Core/Resources/text/items/text_Items_ja.txt,PKHeX.Core/Resources/text/items/text_Items_ko.txt,PKHeX.Core/Resources/text/items/text_Items_en.txt
425,ひでんマシン０６,비전머신06,HM06,kwsch/PKHeX,8ad201e80244f630ab5a46922ab72fb79c5ad4f4,PKHeX.Core/Resources/text/items/text_Items_ja.txt,PKHeX.Core/Resources/text/items/text_Items_ko.txt,PKHeX.Core/Resources/text/items/text_Items_en.txt
426,？？？,???,???,kwsch/PKHeX,8ad201e80244f630ab5a46922ab72fb79c5ad4f4,PKHeX.Core/Resources/text/items/text_Items_ja.txt,PKHeX.Core/Resources/text/items/text_Items_ko.txt,PKHeX.Core/Resources/text/items/text_Items_en.txt
427,？？？,???,???,kwsch/PKHeX,8ad201e80244f630ab5a46922ab72fb79c5ad4f4,PKHeX.Core/Resources/text/items/text_Items_ja.txt,PKHeX.Core/Resources/text/items/text_Items_ko.txt,PKHeX.Core/Resources/text/items/text_Items_en.txt
428,たんけんセット,탐험세트,Explorer Kit,kwsch/PKHeX,8ad201e80244f630ab5a46922ab72fb79c5ad4f4,PKHeX.Core/Resources/text/items/text_Items_ja.txt,PKHeX.Core/Resources/text/items/text_Items_ko.txt,PKHeX.Core/Resources/text/items/text_Items_en.txt
429,たからぶくろ,보물주머니,Loot Sack,kwsch/PKHeX,8ad201e80244f630ab5a46922ab72fb79c5ad4f4,PKHeX.Core/Resources/text/items/text_Items_ja.txt,PKHeX.Core/Resources/text/items/text_Items_ko.txt,PKHeX.Core/Resources/text/items/text_Items_en.txt
430,ルールブック,룰북,Rule Book,kwsch/PKHeX,8ad201e80244f630ab5a46922ab72fb79c5ad4f4,PKHeX.Core/Resources/text/items/text_Items_ja.txt,PKHeX.Core/Resources/text/items/text_Items_ko.txt,PKHeX.Core/Resources/text/items/text_Items_en.txt
431,ポケトレ,포켓트레,Poké Radar,kwsch/PKHeX,8ad201e80244f630ab5a46922ab72fb79c5ad4f4,PKHeX.Core/Resources/text/items/text_Items_ja.txt,PKHeX.Core/Resources/text/items/text_Items_ko.txt,PKHeX.Core/Resources/text/items/text_Items_en.txt
432,ポイントカード,포인트카드,Point Card,kwsch/PKHeX,8ad201e80244f630ab5a46922ab72fb79c5ad4f4,PKHeX.Core/Resources/text/items/text_Items_ja.txt,PKHeX.Core/Resources/text/items/text_Items_ko.txt,PKHeX.Core/Resources/text/items/text_Items_en.txt
433,ぼうけんノート,모험노트,Guidebook,kwsch/PKHeX,8ad201e80244f630ab5a46922ab72fb79c5ad4f4,PKHeX.Core/Resources/text/items/text_Items_ja.txt,PKHeX.Core/Resources/text/items/text_Items_ko.txt,PKHeX.Core/Resources/text/items/text_Items_en.txt
434,シールいれ,실상자,Sticker Case,kwsch/PKHeX,8ad201e80244f630ab5a46922ab72fb79c5ad4f4,PKHeX.Core/Resources/text/items/text_Items_ja.txt,PKHeX.Core/Resources/text/items/text_Items_ko.txt,PKHeX.Core/Resources/text/items/text_Items_en.txt
435,アクセサリーいれ,액세서리상자,Fashion Case,kwsch/PKHeX,8ad201e80244f630ab5a46922ab72fb79c5ad4f4,PKHeX.Core/Resources/text/items/text_Items_ja.txt,PKHeX.Core/Resources/text/items/text_Items_ko.txt,PKHeX.Core/Resources/text/items/text_Items_en.txt
436,シールぶくろ,실주머니,Sticker Bag,kwsch/PKHeX,8ad201e80244f630ab5a46922ab72fb79c5ad4f4,PKHeX.Core/Resources/text/items/text_Items_ja.txt,PKHeX.Core/Resources/text/items/text_Items_ko.txt,PKHeX.Core/Resources/text/items/text_Items_en.txt
437,ともだちてちょう,친구수첩,Pal Pad,kwsch/PKHeX,8ad201e80244f630ab5a46922ab72fb79c5ad4f4,PKHeX.Core/Resources/text/items/text_Items_ja.txt,PKHeX.Core/Resources/text/items/text_Items_ko.txt,PKHeX.Core/Resources/text/items/text_Items_en.txt
438,はつでんしょキー,발전소키,Works Key,kwsch/PKHeX,8ad201e80244f630ab5a46922ab72fb79c5ad4f4,PKHeX.Core/Resources/text/items/text_Items_ja.txt,PKHeX.Core/Resources/text/items/text_Items_ko.txt,PKHeX.Core/Resources/text/items/text_Items_en.txt
439,こだいのおまもり,고대의부적,Old Charm,kwsch/PKHeX,8ad201e80244f630ab5a46922ab72fb79c5ad4f4,PKHeX.Core/Resources/text/items/text_Items_ja.txt,PKHeX.Core/Resources/text/items/text_Items_ko.txt,PKHeX.Core/Resources/text/items/text_Items_en.txt
440,ギンガだんのカギ,갤럭시단의열쇠,Galactic Key,kwsch/PKHeX,8ad201e80244f630ab5a46922ab72fb79c5ad4f4,PKHeX.Core/Resources/text/items/text_Items_ja.txt,PKHeX.Core/Resources/text/items/text_Items_ko.txt,PKHeX.Core/Resources/text/items/text_Items_en.txt
441,あかいくさり,빨강사슬,Red Chain,kwsch/PKHeX,8ad201e80244f630ab5a46922ab72fb79c5ad4f4,PKHeX.Core/Resources/text/items/text_Items_ja.txt,PKHeX.Core/Resources/text/items/text_Items_ko.txt,PKHeX.Core/Resources/text/items/text_Items_en.txt
442,タウンマップ,타운맵,Town Map,kwsch/PKHeX,8ad201e80244f630ab5a46922ab72fb79c5ad4f4,PKHeX.Core/Resources/text/items/text_Items_ja.txt,PKHeX.Core/Resources/text/items/text_Items_ko.txt,PKHeX.Core/Resources/text/items/text_Items_en.txt
443,バトルサーチャー,배틀서처,Vs. Seeker,kwsch/PKHeX,8ad201e80244f630ab5a46922ab72fb79c5ad4f4,PKHeX.Core/Resources/text/items/text_Items_ja.txt,PKHeX.Core/Resources/text/items/text_Items_ko.txt,PKHeX.Core/Resources/text/items/text_Items_en.txt
444,コインケース,동전케이스,Coin Case,kwsch/PKHeX,8ad201e80244f630ab5a46922ab72fb79c5ad4f4,PKHeX.Core/Resources/text/items/text_Items_ja.txt,PKHeX.Core/Resources/text/items/text_Items_ko.txt,PKHeX.Core/Resources/text/items/text_Items_en.txt
445,ボロのつりざお,낡은낚싯대,Old Rod,kwsch/PKHeX,8ad201e80244f630ab5a46922ab72fb79c5ad4f4,PKHeX.Core/Resources/text/items/text_Items_ja.txt,PKHeX.Core/Resources/text/items/text_Items_ko.txt,PKHeX.Core/Resources/text/items/text_Items_en.txt
446,いいつりざお,좋은낚싯대,Good Rod,kwsch/PKHeX,8ad201e80244f630ab5a46922ab72fb79c5ad4f4,PKHeX.Core/Resources/text/items/text_Items_ja.txt,PKHeX.Core/Resources/text/items/text_Items_ko.txt,PKHeX.Core/Resources/text/items/text_Items_en.txt
447,すごいつりざお,대단한낚싯대,Super Rod,kwsch/PKHeX,8ad201e80244f630ab5a46922ab72fb79c5ad4f4,PKHeX.Core/Resources/text/items/text_Items_ja.txt,PKHeX.Core/Resources/text/items/text_Items_ko.txt,PKHeX.Core/Resources/text/items/text_Items_en.txt
448,コダックじょうろ,고라파덕물뿌리개,Sprayduck,kwsch/PKHeX,8ad201e80244f630ab5a46922ab72fb79c5ad4f4,PKHeX.Core/Resources/text/items/text_Items_ja.txt,PKHeX.Core/Resources/text/items/text_Items_ko.txt,PKHeX.Core/Resources/text/items/text_Items_en.txt
449,ポフィンケース,포핀케이스,Poffin Case,kwsch/PKHeX,8ad201e80244f630ab5a46922ab72fb79c5ad4f4,PKHeX.Core/Resources/text/items/text_Items_ja.txt,PKHeX.Core/Resources/text/items/text_Items_ko.txt,PKHeX.Core/Resources/text/items/text_Items_en.txt
450,じてんしゃ,자전거,Bike,kwsch/PKHeX,8ad201e80244f630ab5a46922ab72fb79c5ad4f4,PKHeX.Core/Resources/text/items/text_Items_ja.txt,PKHeX.Core/Resources/text/items/text_Items_ko.txt,PKHeX.Core/Resources/text/items/text_Items_en.txt
451,ルームキー,룸키,Suite Key,kwsch/PKHeX,8ad201e80244f630ab5a46922ab72fb79c5ad4f4,PKHeX.Core/Resources/text/items/text_Items_ja.txt,PKHeX.Core/Resources/text/items/text_Items_ko.txt,PKHeX.Core/Resources/text/items/text_Items_en.txt
452,オーキドのてがみ,오박사의편지,Oak’s Letter,kwsch/PKHeX,8ad201e80244f630ab5a46922ab72fb79c5ad4f4,PKHeX.Core/Resources/text/items/text_Items_ja.txt,PKHeX.Core/Resources/text/items/text_Items_ko.txt,PKHeX.Core/Resources/text/items/text_Items_en.txt
453,みかづきのはね,초승달깃털,Lunar Feather,kwsch/PKHeX,8ad201e80244f630ab5a46922ab72fb79c5ad4f4,PKHeX.Core/Resources/text/items/text_Items_ja.txt,PKHeX.Core/Resources/text/items/text_Items_ko.txt,PKHeX.Core/Resources/text/items/text_Items_en.txt
454,メンバーズカード,멤버스카드,Member Card,kwsch/PKHeX,8ad201e80244f630ab5a46922ab72fb79c5ad4f4,PKHeX.Core/Resources/text/items/text_Items_ja.txt,PKHeX.Core/Resources/text/items/text_Items_ko.txt,PKHeX.Core/Resources/text/items/text_Items_en.txt
455,てんかいのふえ,천계의피리,Azure Flute,kwsch/PKHeX,8ad201e80244f630ab5a46922ab72fb79c5ad4f4,PKHeX.Core/Resources/text/items/text_Items_ja.txt,PKHeX.Core/Resources/text/items/text_Items_ko.txt,PKHeX.Core/Resources/text/items/text_Items_en.txt
456,ふねのチケット,승선티켓,S.S. Ticket,kwsch/PKHeX,8ad201e80244f630ab5a46922ab72fb79c5ad4f4,PKHeX.Core/Resources/text/items/text_Items_ja.txt,PKHeX.Core/Resources/text/items/text_Items_ko.txt,PKHeX.Core/Resources/text/items/text_Items_en.txt
457,コンテストパス,콘테스트패스,Contest Pass,kwsch/PKHeX,8ad201e80244f630ab5a46922ab72fb79c5ad4f4,PKHeX.Core/Resources/text/items/text_Items_ja.txt,PKHeX.Core/Resources/text/items/text_Items_ko.txt,PKHeX.Core/Resources/text/items/text_Items_en.txt
458,かざんのおきいし,화산의돌,Magma Stone,kwsch/PKHeX,8ad201e80244f630ab5a46922ab72fb79c5ad4f4,PKHeX.Core/Resources/text/items/text_Items_ja.txt,PKHeX.Core/Resources/text/items/text_Items_ko.txt,PKHeX.Core/Resources/text/items/text_Items_en.txt
459,おとどけもの,전해줄물건,Parcel,kwsch/PKHeX,8ad201e80244f630ab5a46922ab72fb79c5ad4f4,PKHeX.Core/Resources/text/items/text_Items_ja.txt,PKHeX.Core/Resources/text/items/text_Items_ko.txt,PKHeX.Core/Resources/text/items/text_Items_en.txt
460,ひきかえけん１,교환권1,Coupon 1,kwsch/PKHeX,8ad201e80244f630ab5a46922ab72fb79c5ad4f4,PKHeX.Core/Resources/text/items/text_Items_ja.txt,PKHeX.Core/Resources/text/items/text_Items_ko.txt,PKHeX.Core/Resources/text/items/text_Items_en.txt
461,ひきかえけん２,교환권2,Coupon 2,kwsch/PKHeX,8ad201e80244f630ab5a46922ab72fb79c5ad4f4,PKHeX.Core/Resources/text/items/text_Items_ja.txt,PKHeX.Core/Resources/text/items/text_Items_ko.txt,PKHeX.Core/Resources/text/items/text_Items_en.txt
462,ひきかえけん３,교환권3,Coupon 3,kwsch/PKHeX,8ad201e80244f630ab5a46922ab72fb79c5ad4f4,PKHeX.Core/Resources/text/items/text_Items_ja.txt,PKHeX.Core/Resources/text/items/text_Items_ko.txt,PKHeX.Core/Resources/text/items/text_Items_en.txt
463,そうこのカギ,창고열쇠,Storage Key,kwsch/PKHeX,8ad201e80244f630ab5a46922ab72fb79c5ad4f4,PKHeX.Core/Resources/text/items/text_Items_ja.txt,PKHeX.Core/Resources/text/items/text_Items_ko.txt,PKHeX.Core/Resources/text/items/text_Items_en.txt
464,ひでんのくすり,비전신약,Secret Medicine,kwsch/PKHeX,8ad201e80244f630ab5a46922ab72fb79c5ad4f4,PKHeX.Core/Resources/text/items/text_Items_ja.txt,PKHeX.Core/Resources/text/items/text_Items_ko.txt,PKHeX.Core/Resources/text/items/text_Items_en.txt
465,バトルレコーダー,배틀레코더,Vs. Recorder,kwsch/PKHeX,8ad201e80244f630ab5a46922ab72fb79c5ad4f4,PKHeX.Core/Resources/text/items/text_Items_ja.txt,PKHeX.Core/Resources/text/items/text_Items_ko.txt,PKHeX.Core/Resources/text/items/text_Items_en.txt
466,グラシデアのはな,그라시데아꽃,Gracidea,kwsch/PKHeX,8ad201e80244f630ab5a46922ab72fb79c5ad4f4,PKHeX.Core/Resources/text/items/text_Items_ja.txt,PKHeX.Core/Resources/text/items/text_Items_ko.txt,PKHeX.Core/Resources/text/items/text_Items_en.txt
467,ひみつのカギ,비밀의열쇠,Secret Key,kwsch/PKHeX,8ad201e80244f630ab5a46922ab72fb79c5ad4f4,PKHeX.Core/Resources/text/items/text_Items_ja.txt,PKHeX.Core/Resources/text/items/text_Items_ko.txt,PKHeX.Core/Resources/text/items/text_Items_en.txt
468,ぼんぐりケース,규토리케이스,Apricorn Box,kwsch/PKHeX,8ad201e80244f630ab5a46922ab72fb79c5ad4f4,PKHeX.Core/Resources/text/items/text_Items_ja.txt,PKHeX.Core/Resources/text/items/text_Items_ko.txt,PKHeX.Core/Resources/text/items/text_Items_en.txt
469,アンノーンノート,안농노트,Unown Report,kwsch/PKHeX,8ad201e80244f630ab5a46922ab72fb79c5ad4f4,PKHeX.Core/Resources/text/items/text_Items_ja.txt,PKHeX.Core/Resources/text/items/text_Items_ko.txt,PKHeX.Core/Resources/text/items/text_Items_en.txt
470,きのみプランター,나무열매플랜터,Berry Pots,kwsch/PKHeX,8ad201e80244f630ab5a46922ab72fb79c5ad4f4,PKHeX.Core/Resources/text/items/text_Items_ja.txt,PKHeX.Core/Resources/text/items/text_Items_ko.txt,PKHeX.Core/Resources/text/items/text_Items_en.txt
471,ダウジングマシン,다우징머신,Dowsing Machine,kwsch/PKHeX,8ad201e80244f630ab5a46922ab72fb79c5ad4f4,PKHeX.Core/Resources/text/items/text_Items_ja.txt,PKHeX.Core/Resources/text/items/text_Items_ko.txt,PKHeX.Core/Resources/text/items/text_Items_en.txt
472,ブルーカード,블루카드,Blue Card,kwsch/PKHeX,8ad201e80244f630ab5a46922ab72fb79c5ad4f4,PKHeX.Core/Resources/text/items/text_Items_ja.txt,PKHeX.Core/Resources/text/items/text_Items_ko.txt,PKHeX.Core/Resources/text/items/text_Items_en.txt
473,おいしいシッポ,맛있는꼬리,Slowpoke Tail,kwsch/PKHeX,8ad201e80244f630ab5a46922ab72fb79c5ad4f4,PKHeX.Core/Resources/text/items/text_Items_ja.txt,PKHeX.Core/Resources/text/items/text_Items_ko.txt,PKHeX.Core/Resources/text/items/text_Items_en.txt
474,とうめいなスズ,크리스탈방울,Clear Bell,kwsch/PKHeX,8ad201e80244f630ab5a46922ab72fb79c5ad4f4,PKHeX.Core/Resources/text/items/text_Items_ja.txt,PKHeX.Core/Resources/text/items/text_Items_ko.txt,PKHeX.Core/Resources/text/items/text_Items_en.txt
475,カードキー,카드키,Card Key,kwsch/PKHeX,8ad201e80244f630ab5a46922ab72fb79c5ad4f4,PKHeX.Core/Resources/text/items/text_Items_ja.txt,PKHeX.Core/Resources/text/items/text_Items_ko.txt,PKHeX.Core/Resources/text/items/text_Items_en.txt
476,ちかのかぎ,지하의열쇠,Basement Key,kwsch/PKHeX,8ad201e80244f630ab5a46922ab72fb79c5ad4f4,PKHeX.Core/Resources/text/items/text_Items_ja.txt,PKHeX.Core/Resources/text/items/text_Items_ko.txt,PKHeX.Core/Resources/text/items/text_Items_en.txt
477,ゼニガメじょうろ,꼬부기물뿌리개,Squirt Bottle,kwsch/PKHeX,8ad201e80244f630ab5a46922ab72fb79c5ad4f4,PKHeX.Core/Resources/text/items/text_Items_ja.txt,PKHeX.Core/Resources/text/items/text_Items_ko.txt,PKHeX.Core/Resources/text/items/text_Items_en.txt
478,あかいウロコ,빨간비늘,Red Scale,kwsch/PKHeX,8ad201e80244f630ab5a46922ab72fb79c5ad4f4,PKHeX.Core/Resources/text/items/text_Items_ja.txt,PKHeX.Core/Resources/text/items/text_Items_ko.txt,PKHeX.Core/Resources/text/items/text_Items_en.txt
479,おとしもの,분실물,Lost Item,kwsch/PKHeX,8ad201e80244f630ab5a46922ab72fb79c5ad4f4,PKHeX.Core/Resources/text/items/text_Items_ja.txt,PKHeX.Core/Resources/text/items/text_Items_ko.txt,PKHeX.Core/Resources/text/items/text_Items_en.txt
480,リニアパス,리니어패스,Pass,kwsch/PKHeX,8ad201e80244f630ab5a46922ab72fb79c5ad4f4,PKHeX.Core/Resources/text/items/text_Items_ja.txt,PKHeX.Core/Resources/text/items/text_Items_ko.txt,PKHeX.Core/Resources/text/items/text_Items_en.txt
481,きかいのぶひん,기계부품,Machine Part,kwsch/PKHeX,8ad201e80244f630ab5a46922ab72fb79c5ad4f4,PKHeX.Core/Resources/text/items/text_Items_ja.txt,PKHeX.Core/Resources/text/items/text_Items_ko.txt,PKHeX.Core/Resources/text/items/text_Items_en.txt
482,ぎんいろのはね,은빛깃털,Silver Feather,kwsch/PKHeX,8ad201e80244f630ab5a46922ab72fb79c5ad4f4,PKHeX.Core/Resources/text/items/text_Items_ja.txt,PKHeX.Core/Resources/text/items/text_Items_ko.txt,PKHeX.Core/Resources/text/items/text_Items_en.txt
483,にじいろのはね,무지갯빛깃털,Rainbow Feather,kwsch/PKHeX,8ad201e80244f630ab5a46922ab72fb79c5ad4f4,PKHeX.Core/Resources/text/items/text_Items_ja.txt,PKHeX.Core/Resources/text/items/text_Items_ko.txt,PKHeX.Core/Resources/text/items/text_Items_en.txt
484,ふしぎなタマゴ,이상한알,Mystery Egg,kwsch/PKHeX,8ad201e80244f630ab5a46922ab72fb79c5ad4f4,PKHeX.Core/Resources/text/items/text_Items_ja.txt,PKHeX.Core/Resources/text/items/text_Items_ko.txt,PKHeX.Core/Resources/text/items/text_Items_en.txt
485,あかぼんぐり,빨간규토리,Red Apricorn,kwsch/PKHeX,8ad201e80244f630ab5a46922ab72fb79c5ad4f4,PKHeX.Core/Resources/text/items/text_Items_ja.txt,PKHeX.Core/Resources/text/items/text_Items_ko.txt,PKHeX.Core/Resources/text/items/text_Items_en.txt
486,あおぼんぐり,파란규토리,Blue Apricorn,kwsch/PKHeX,8ad201e80244f630ab5a46922ab72fb79c5ad4f4,PKHeX.Core/Resources/text/items/text_Items_ja.txt,PKHeX.Core/Resources/text/items/text_Items_ko.txt,PKHeX.Core/Resources/text/items/text_Items_en.txt
487,きぼんぐり,노랑규토리,Yellow Apricorn,kwsch/PKHeX,8ad201e80244f630ab5a46922ab72fb79c5ad4f4,PKHeX.Core/Resources/text/items/text_Items_ja.txt,PKHeX.Core/Resources/text/items/text_Items_ko.txt,PKHeX.Core/Resources/text/items/text_Items_en.txt
488,みどぼんぐり,초록규토리,Green Apricorn,kwsch/PKHeX,8ad201e80244f630ab5a46922ab72fb79c5ad4f4,PKHeX.Core/Resources/text/items/text_Items_ja.txt,PKHeX.Core/Resources/text/items/text_Items_ko.txt,PKHeX.Core/Resources/text/items/text_Items_en.txt
489,ももぼんぐり,담홍규토리,Pink Apricorn,kwsch/PKHeX,8ad201e80244f630ab5a46922ab72fb79c5ad4f4,PKHeX.Core/Resources/text/items/text_Items_ja.txt,PKHeX.Core/Resources/text/items/text_Items_ko.txt,PKHeX.Core/Resources/text/items/text_Items_en.txt
490,しろぼんぐり,하얀규토리,White Apricorn,kwsch/PKHeX,8ad201e80244f630ab5a46922ab72fb79c5ad4f4,PKHeX.Core/Resources/text/items/text_Items_ja.txt,PKHeX.Core/Resources/text/items/text_Items_ko.txt,PKHeX.Core/Resources/text/items/text_Items_en.txt
491,くろぼんぐり,검은규토리,Black Apricorn,kwsch/PKHeX,8ad201e80244f630ab5a46922ab72fb79c5ad4f4,PKHeX.Core/Resources/text/items/text_Items_ja.txt,PKHeX.Core/Resources/text/items/text_Items_ko.txt,PKHeX.Core/Resources/text/items/text_Items_en.txt
492,スピードボール,스피드볼,Fast Ball,kwsch/PKHeX,8ad201e80244f630ab5a46922ab72fb79c5ad4f4,PKHeX.Core/Resources/text/items/text_Items_ja.txt,PKHeX.Core/Resources/text/items/text_Items_ko.txt,PKHeX.Core/Resources/text/items/text_Items_en.txt
493,レベルボール,레벨볼,Level Ball,kwsch/PKHeX,8ad201e80244f630ab5a46922ab72fb79c5ad4f4,PKHeX.Core/Resources/text/items/text_Items_ja.txt,PKHeX.Core/Resources/text/items/text_Items_ko.txt,PKHeX.Core/Resources/text/items/text_Items_en.txt
494,ルアーボール,루어볼,Lure Ball,kwsch/PKHeX,8ad201e80244f630ab5a46922ab72fb79c5ad4f4,PKHeX.Core/Resources/text/items/text_Items_ja.txt,PKHeX.Core/Resources/text/items/text_Items_ko.txt,PKHeX.Core/Resources/text/items/text_Items_en.txt
495,ヘビーボール,헤비볼,Heavy Ball,kwsch/PKHeX,8ad201e80244f630ab5a46922ab72fb79c5ad4f4,PKHeX.Core/Resources/text/items/text_Items_ja.txt,PKHeX.Core/Resources/text/items/text_Items_ko.txt,PKHeX.Core/Resources/text/items/text_Items_en.txt
496,ラブラブボール,러브러브볼,Love Ball,kwsch/PKHeX,8ad201e80244f630ab5a46922ab72fb79c5ad4f4,PKHeX.Core/Resources/text/items/text_Items_ja.txt,PKHeX.Core/Resources/text/items/text_Items_ko.txt,PKHeX.Core/Resources/text/items/text_Items_en.txt
497,フレンドボール,프렌드볼,Friend Ball,kwsch/PKHeX,8ad201e80244f630ab5a46922ab72fb79c5ad4f4,PKHeX.Core/Resources/text/items/text_Items_ja.txt,PKHeX.Core/Resources/text/items/text_Items_ko.txt,PKHeX.Core/Resources/text/items/text_Items_en.txt
498,ムーンボール,문볼,Moon Ball,kwsch/PKHeX,8ad201e80244f630ab5a46922ab72fb79c5ad4f4,PKHeX.Core/Resources/text/items/text_Items_ja.txt,PKHeX.Core/Resources/text/items/text_Items_ko.txt,PKHeX.Core/Resources/text/items/text_Items_en.txt
499,コンペボール,컴퍼티션볼,Sport Ball,kwsch/PKHeX,8ad201e80244f630ab5a46922ab72fb79c5ad4f4,PKHeX.Core/Resources/text/items/text_Items_ja.txt,PKHeX.Core/Resources/text/items/text_Items_ko.txt,PKHeX.Core/Resources/text/items/text_Items_en.txt
500,パークボール,파크볼,Park Ball,kwsch/PKHeX,8ad201e80244f630ab5a46922ab72fb79c5ad4f4,PKHeX.Core/Resources/text/items/text_Items_ja.txt,PKHeX.Core/Resources/text/items/text_Items_ko.txt,PKHeX.Core/Resources/text/items/text_Items_en.txt
501,フォトアルバム,포토앨범,Photo Album,kwsch/PKHeX,8ad201e80244f630ab5a46922ab72fb79c5ad4f4,PKHeX.Core/Resources/text/items/text_Items_ja.txt,PKHeX.Core/Resources/text/items/text_Items_ko.txt,PKHeX.Core/Resources/text/items/text_Items_en.txt
502,ＧＢプレイヤー,GB플레이어,GB Sounds,kwsch/PKHeX,8ad201e80244f630ab5a46922ab72fb79c5ad4f4,PKHeX.Core/Resources/text/items/text_Items_ja.txt,PKHeX.Core/Resources/text/items/text_Items_ko.txt,PKHeX.Core/Resources/text/items/text_Items_en.txt
503,うみなりのスズ,해명의방울,Tidal Bell,kwsch/PKHeX,8ad201e80244f630ab5a46922ab72fb79c5ad4f4,PKHeX.Core/Resources/text/items/text_Items_ja.txt,PKHeX.Core/Resources/text/items/text_Items_ko.txt,PKHeX.Core/Resources/text/items/text_Items_en.txt
504,いかりまんじゅう,분노의호두과자,Rage Candy Bar,kwsch/PKHeX,8ad201e80244f630ab5a46922ab72fb79c5ad4f4,PKHeX.Core/Resources/text/items/text_Items_ja.txt,PKHeX.Core/Resources/text/items/text_Items_ko.txt,PKHeX.Core/Resources/text/items/text_Items_en.txt
505,データカード０１,데이터카드01,Data Card 01,kwsch/PKHeX,8ad201e80244f630ab5a46922ab72fb79c5ad4f4,PKHeX.Core/Resources/text/items/text_Items_ja.txt,PKHeX.Core/Resources/text/items/text_Items_ko.txt,PKHeX.Core/Resources/text/items/text_Items_en.txt
506,データカード０２,데이터카드02,Data Card 02,kwsch/PKHeX,8ad201e80244f630ab5a46922ab72fb79c5ad4f4,PKHeX.Core/Resources/text/items/text_Items_ja.txt,PKHeX.Core/Resources/text/items/text_Items_ko.txt,PKHeX.Core/Resources/text/items/text_Items_en.txt
507,データカード０３,데이터카드03,Data Card 03,kwsch/PKHeX,8ad201e80244f630ab5a46922ab72fb79c5ad4f4,PKHeX.Core/Resources/text/items/text_Items_ja.txt,PKHeX.Core/Resources/text/items/text_Items_ko.txt,PKHeX.Core/Resources/text/items/text_Items_en.txt
508,データカード０４,데이터카드04,Data Card 04,kwsch/PKHeX,8ad201e80244f630ab5a46922ab72fb79c5ad4f4,PKHeX.Core/Resources/text/items/text_Items_ja.txt,PKHeX.Core/Resources/text/items/text_Items_ko.txt,PKHeX.Core/Resources/text/items/text_Items_en.txt
509,データカード０５,데이터카드05,Data Card 05,kwsch/PKHeX,8ad201e80244f630ab5a46922ab72fb79c5ad4f4,PKHeX.Core/Resources/text/items/text_Items_ja.txt,PKHeX.Core/Resources/text/items/text_Items_ko.txt,PKHeX.Core/Resources/text/items/text_Items_en.txt
510,データカード０６,데이터카드06,Data Card 06,kwsch/PKHeX,8ad201e80244f630ab5a46922ab72fb79c5ad4f4,PKHeX.Core/Resources/text/items/text_Items_ja.txt,PKHeX.Core/Resources/text/items/text_Items_ko.txt,PKHeX.Core/Resources/text/items/text_Items_en.txt
511,データカード０７,데이터카드07,Data Card 07,kwsch/PKHeX,8ad201e80244f630ab5a46922ab72fb79c5ad4f4,PKHeX.Core/Resources/text/items/text_Items_ja.txt,PKHeX.Core/Resources/text/items/text_Items_ko.txt,PKHeX.Core/Resources/text/items/text_Items_en.txt
512,データカード０８,데이터카드08,Data Card 08,kwsch/PKHeX,8ad201e80244f630ab5a46922ab72fb79c5ad4f4,PKHeX.Core/Resources/text/items/text_Items_ja.txt,PKHeX.Core/Resources/text/items/text_Items_ko.txt,PKHeX.Core/Resources/text/items/text_Items_en.txt
513,データカード０９,데이터카드09,Data Card 09,kwsch/PKHeX,8ad201e80244f630ab5a46922ab72fb79c5ad4f4,PKHeX.Core/Resources/text/items/text_Items_ja.txt,PKHeX.Core/Resources/text/items/text_Items_ko.txt,PKHeX.Core/Resources/text/items/text_Items_en.txt
514,データカード１０,데이터카드10,Data Card 10,kwsch/PKHeX,8ad201e80244f630ab5a46922ab72fb79c5ad4f4,PKHeX.Core/Resources/text/items/text_Items_ja.txt,PKHeX.Core/Resources/text/items/text_Items_ko.txt,PKHeX.Core/Resources/text/items/text_Items_en.txt
515,データカード１１,데이터카드11,Data Card 11,kwsch/PKHeX,8ad201e80244f630ab5a46922ab72fb79c5ad4f4,PKHeX.Core/Resources/text/items/text_Items_ja.txt,PKHeX.Core/Resources/text/items/text_Items_ko.txt,PKHeX.Core/Resources/text/items/text_Items_en.txt
516,データカード１２,데이터카드12,Data Card 12,kwsch/PKHeX,8ad201e80244f630ab5a46922ab72fb79c5ad4f4,PKHeX.Core/Resources/text/items/text_Items_ja.txt,PKHeX.Core/Resources/text/items/text_Items_ko.txt,PKHeX.Core/Resources/text/items/text_Items_en.txt
517,データカード１３,데이터카드13,Data Card 13,kwsch/PKHeX,8ad201e80244f630ab5a46922ab72fb79c5ad4f4,PKHeX.Core/Resources/text/items/text_Items_ja.txt,PKHeX.Core/Resources/text/items/text_Items_ko.txt,PKHeX.Core/Resources/text/items/text_Items_en.txt
518,データカード１４,데이터카드14,Data Card 14,kwsch/PKHeX,8ad201e80244f630ab5a46922ab72fb79c5ad4f4,PKHeX.Core/Resources/text/items/text_Items_ja.txt,PKHeX.Core/Resources/text/items/text_Items_ko.txt,PKHeX.Core/Resources/text/items/text_Items_en.txt
519,データカード１５,데이터카드15,Data Card 15,kwsch/PKHeX,8ad201e80244f630ab5a46922ab72fb79c5ad4f4,PKHeX.Core/Resources/text/items/text_Items_ja.txt,PKHeX.Core/Resources/text/items/text_Items_ko.txt,PKHeX.Core/Resources/text/items/text_Items_en.txt
520,データカード１６,데이터카드16,Data Card 16,kwsch/PKHeX,8ad201e80244f630ab5a46922ab72fb79c5ad4f4,PKHeX.Core/Resources/text/items/text_Items_ja.txt,PKHeX.Core/Resources/text/items/text_Items_ko.txt,PKHeX.Core/Resources/text/items/text_Items_en.txt
521,データカード１７,데이터카드17,Data Card 17,kwsch/PKHeX,8ad201e80244f630ab5a46922ab72fb79c5ad4f4,PKHeX.Core/Resources/text/items/text_Items_ja.txt,PKHeX.Core/Resources/text/items/text_Items_ko.txt,PKHeX.Core/Resources/text/items/text_Items_en.txt
522,データカード１８,데이터카드18,Data Card 18,kwsch/PKHeX,8ad201e80244f630ab5a46922ab72fb79c5ad4f4,PKHeX.Core/Resources/text/items/text_Items_ja.txt,PKHeX.Core/Resources/text/items/text_Items_ko.txt,PKHeX.Core/Resources/text/items/text_Items_en.txt
523,データカード１９,데이터카드19,Data Card 19,kwsch/PKHeX,8ad201e80244f630ab5a46922ab72fb79c5ad4f4,PKHeX.Core/Resources/text/items/text_Items_ja.txt,PKHeX.Core/Resources/text/items/text_Items_ko.txt,PKHeX.Core/Resources/text/items/text_Items_en.txt
524,データカード２０,데이터카드20,Data Card 20,kwsch/PKHeX,8ad201e80244f630ab5a46922ab72fb79c5ad4f4,PKHeX.Core/Resources/text/items/text_Items_ja.txt,PKHeX.Core/Resources/text/items/text_Items_ko.txt,PKHeX.Core/Resources/text/items/text_Items_en.txt
525,データカード２１,데이터카드21,Data Card 21,kwsch/PKHeX,8ad201e80244f630ab5a46922ab72fb79c5ad4f4,PKHeX.Core/Resources/text/items/text_Items_ja.txt,PKHeX.Core/Resources/text/items/text_Items_ko.txt,PKHeX.Core/Resources/text/items/text_Items_en.txt
526,データカード２２,데이터카드22,Data Card 22,kwsch/PKHeX,8ad201e80244f630ab5a46922ab72fb79c5ad4f4,PKHeX.Core/Resources/text/items/text_Items_ja.txt,PKHeX.Core/Resources/text/items/text_Items_ko.txt,PKHeX.Core/Resources/text/items/text_Items_en.txt
527,データカード２３,데이터카드23,Data Card 23,kwsch/PKHeX,8ad201e80244f630ab5a46922ab72fb79c5ad4f4,PKHeX.Core/Resources/text/items/text_Items_ja.txt,PKHeX.Core/Resources/text/items/text_Items_ko.txt,PKHeX.Core/Resources/text/items/text_Items_en.txt
528,データカード２４,데이터카드24,Data Card 24,kwsch/PKHeX,8ad201e80244f630ab5a46922ab72fb79c5ad4f4,PKHeX.Core/Resources/text/items/text_Items_ja.txt,PKHeX.Core/Resources/text/items/text_Items_ko.txt,PKHeX.Core/Resources/text/items/text_Items_en.txt
529,データカード２５,데이터카드25,Data Card 25,kwsch/PKHeX,8ad201e80244f630ab5a46922ab72fb79c5ad4f4,PKHeX.Core/Resources/text/items/text_Items_ja.txt,PKHeX.Core/Resources/text/items/text_Items_ko.txt,PKHeX.Core/Resources/text/items/text_Items_en.txt
530,データカード２６,데이터카드26,Data Card 26,kwsch/PKHeX,8ad201e80244f630ab5a46922ab72fb79c5ad4f4,PKHeX.Core/Resources/text/items/text_Items_ja.txt,PKHeX.Core/Resources/text/items/text_Items_ko.txt,PKHeX.Core/Resources/text/items/text_Items_en.txt
531,データカード２７,데이터카드27,Data Card 27,kwsch/PKHeX,8ad201e80244f630ab5a46922ab72fb79c5ad4f4,PKHeX.Core/Resources/text/items/text_Items_ja.txt,PKHeX.Core/Resources/text/items/text_Items_ko.txt,PKHeX.Core/Resources/text/items/text_Items_en.txt
532,もえぎいろのたま,연둣빛구슬,Jade Orb,kwsch/PKHeX,8ad201e80244f630ab5a46922ab72fb79c5ad4f4,PKHeX.Core/Resources/text/items/text_Items_ja.txt,PKHeX.Core/Resources/text/items/text_Items_ko.txt,PKHeX.Core/Resources/text/items/text_Items_en.txt
533,ロックカプセル,록캡슐,Lock Capsule,kwsch/PKHeX,8ad201e80244f630ab5a46922ab72fb79c5ad4f4,PKHeX.Core/Resources/text/items/text_Items_ja.txt,PKHeX.Core/Resources/text/items/text_Items_ko.txt,PKHeX.Core/Resources/text/items/text_Items_en.txt
534,べにいろのたま,주홍구슬,Red Orb,kwsch/PKHeX,8ad201e80244f630ab5a46922ab72fb79c5ad4f4,PKHeX.Core/Resources/text/items/text_Items_ja.txt,PKHeX.Core/Resources/text/items/text_Items_ko.txt,PKHeX.Core/Resources/text/items/text_Items_en.txt
535,あいいろのたま,쪽빛구슬,Blue Orb,kwsch/PKHeX,8ad201e80244f630ab5a46922ab72fb79c5ad4f4,PKHeX.Core/Resources/text/items/text_Items_ja.txt,PKHeX.Core/Resources/text/items/text_Items_ko.txt,PKHeX.Core/Resources/text/items/text_Items_en.txt
536,なぞのすいしょう,수수께끼의수정,Enigma Stone,kwsch/PKHeX,8ad201e80244f630ab5a46922ab72fb79c5ad4f4,PKHeX.Core/Resources/text/items/text_Items_ja.txt,PKHeX.Core/Resources/text/items/text_Items_ko.txt,PKHeX.Core/Resources/text/items/text_Items_en.txt
537,きれいなウロコ,고운비늘,Prism Scale,kwsch/PKHeX,8ad201e80244f630ab5a46922ab72fb79c5ad4f4,PKHeX.Core/Resources/text/items/text_Items_ja.txt,PKHeX.Core/Resources/text/items/text_Items_ko.txt,PKHeX.Core/Resources/text/items/text_Items_en.txt
538,しんかのきせき,진화의휘석,Eviolite,kwsch/PKHeX,8ad201e80244f630ab5a46922ab72fb79c5ad4f4,PKHeX.Core/Resources/text/items/text_Items_ja.txt,PKHeX.Core/Resources/text/items/text_Items_ko.txt,PKHeX.Core/Resources/text/items/text_Items_en.txt
539,かるいし,가벼운돌,Float Stone,kwsch/PKHeX,8ad201e80244f630ab5a46922ab72fb79c5ad4f4,PKHeX.Core/Resources/text/items/text_Items_ja.txt,PKHeX.Core/Resources/text/items/text_Items_ko.txt,PKHeX.Core/Resources/text/items/text_Items_en.txt
540,ゴツゴツメット,울퉁불퉁멧,Rocky Helmet,kwsch/PKHeX,8ad201e80244f630ab5a46922ab72fb79c5ad4f4,PKHeX.Core/Resources/text/items/text_Items_ja.txt,PKHeX.Core/Resources/text/items/text_Items_ko.txt,PKHeX.Core/Resources/text/items/text_Items_en.txt
541,ふうせん,풍선,Air Balloon,kwsch/PKHeX,8ad201e80244f630ab5a46922ab72fb79c5ad4f4,PKHeX.Core/Resources/text/items/text_Items_ja.txt,PKHeX.Core/Resources/text/items/text_Items_ko.txt,PKHeX.Core/Resources/text/items/text_Items_en.txt
542,レッドカード,레드카드,Red Card,kwsch/PKHeX,8ad201e80244f630ab5a46922ab72fb79c5ad4f4,PKHeX.Core/Resources/text/items/text_Items_ja.txt,PKHeX.Core/Resources/text/items/text_Items_ko.txt,PKHeX.Core/Resources/text/items/text_Items_en.txt
543,ねらいのまと,겨냥표적,Ring Target,kwsch/PKHeX,8ad201e80244f630ab5a46922ab72fb79c5ad4f4,PKHeX.Core/Resources/text/items/text_Items_ja.txt,PKHeX.Core/Resources/text/items/text_Items_ko.txt,PKHeX.Core/Resources/text/items/text_Items_en.txt
544,しめつけバンド,조임밴드,Binding Band,kwsch/PKHeX,8ad201e80244f630ab5a46922ab72fb79c5ad4f4,PKHeX.Core/Resources/text/items/text_Items_ja.txt,PKHeX.Core/Resources/text/items/text_Items_ko.txt,PKHeX.Core/Resources/text/items/text_Items_en.txt
545,きゅうこん,구근,Absorb Bulb,kwsch/PKHeX,8ad201e80244f630ab5a46922ab72fb79c5ad4f4,PKHeX.Core/Resources/text/items/text_Items_ja.txt,PKHeX.Core/Resources/text/items/text_Items_ko.txt,PKHeX.Core/Resources/text/items/text_Items_en.txt
546,じゅうでんち,충전지,Cell Battery,kwsch/PKHeX,8ad201e80244f630ab5a46922ab72fb79c5ad4f4,PKHeX.Core/Resources/text/items/text_Items_ja.txt,PKHeX.Core/Resources/text/items/text_Items_ko.txt,PKHeX.Core/Resources/text/items/text_Items_en.txt
547,だっしゅつボタン,탈출버튼,Eject Button,kwsch/PKHeX,8ad201e80244f630ab5a46922ab72fb79c5ad4f4,PKHeX.Core/Resources/text/items/text_Items_ja.txt,PKHeX.Core/Resources/text/items/text_Items_ko.txt,PKHeX.Core/Resources/text/items/text_Items_en.txt
548,ほのおのジュエル,불꽃주얼,Fire Gem,kwsch/PKHeX,8ad201e80244f630ab5a46922ab72fb79c5ad4f4,PKHeX.Core/Resources/text/items/text_Items_ja.txt,PKHeX.Core/Resources/text/items/text_Items_ko.txt,PKHeX.Core/Resources/text/items/text_Items_en.txt
549,みずのジュエル,물주얼,Water Gem,kwsch/PKHeX,8ad201e80244f630ab5a46922ab72fb79c5ad4f4,PKHeX.Core/Resources/text/items/text_Items_ja.txt,PKHeX.Core/Resources/text/items/text_Items_ko.txt,PKHeX.Core/Resources/text/items/text_Items_en.txt
550,でんきのジュエル,전기주얼,Electric Gem,kwsch/PKHeX,8ad201e80244f630ab5a46922ab72fb79c5ad4f4,PKHeX.Core/Resources/text/items/text_Items_ja.txt,PKHeX.Core/Resources/text/items/text_Items_ko.txt,PKHeX.Core/Resources/text/items/text_Items_en.txt
551,くさのジュエル,풀주얼,Grass Gem,kwsch/PKHeX,8ad201e80244f630ab5a46922ab72fb79c5ad4f4,PKHeX.Core/Resources/text/items/text_Items_ja.txt,PKHeX.Core/Resources/text/items/text_Items_ko.txt,PKHeX.Core/Resources/text/items/text_Items_en.txt
552,こおりのジュエル,얼음주얼,Ice Gem,kwsch/PKHeX,8ad201e80244f630ab5a46922ab72fb79c5ad4f4,PKHeX.Core/Resources/text/items/text_Items_ja.txt,PKHeX.Core/Resources/text/items/text_Items_ko.txt,PKHeX.Core/Resources/text/items/text_Items_en.txt
553,かくとうジュエル,격투주얼,Fighting Gem,kwsch/PKHeX,8ad201e80244f630ab5a46922ab72fb79c5ad4f4,PKHeX.Core/Resources/text/items/text_Items_ja.txt,PKHeX.Core/Resources/text/items/text_Items_ko.txt,PKHeX.Core/Resources/text/items/text_Items_en.txt
554,どくのジュエル,독주얼,Poison Gem,kwsch/PKHeX,8ad201e80244f630ab5a46922ab72fb79c5ad4f4,PKHeX.Core/Resources/text/items/text_Items_ja.txt,PKHeX.Core/Resources/text/items/text_Items_ko.txt,PKHeX.Core/Resources/text/items/text_Items_en.txt
555,じめんのジュエル,땅주얼,Ground Gem,kwsch/PKHeX,8ad201e80244f630ab5a46922ab72fb79c5ad4f4,PKHeX.Core/Resources/text/items/text_Items_ja.txt,PKHeX.Core/Resources/text/items/text_Items_ko.txt,PKHeX.Core/Resources/text/items/text_Items_en.txt
556,ひこうのジュエル,비행주얼,Flying Gem,kwsch/PKHeX,8ad201e80244f630ab5a46922ab72fb79c5ad4f4,PKHeX.Core/Resources/text/items/text_Items_ja.txt,PKHeX.Core/Resources/text/items/text_Items_ko.txt,PKHeX.Core/Resources/text/items/text_Items_en.txt
557,エスパージュエル,에스퍼주얼,Psychic Gem,kwsch/PKHeX,8ad201e80244f630ab5a46922ab72fb79c5ad4f4,PKHeX.Core/Resources/text/items/text_Items_ja.txt,PKHeX.Core/Resources/text/items/text_Items_ko.txt,PKHeX.Core/Resources/text/items/text_Items_en.txt
558,むしのジュエル,벌레주얼,Bug Gem,kwsch/PKHeX,8ad201e80244f630ab5a46922ab72fb79c5ad4f4,PKHeX.Core/Resources/text/items/text_Items_ja.txt,PKHeX.Core/Resources/text/items/text_Items_ko.txt,PKHeX.Core/Resources/text/items/text_Items_en.txt
559,いわのジュエル,바위주얼,Rock Gem,kwsch/PKHeX,8ad201e80244f630ab5a46922ab72fb79c5ad4f4,PKHeX.Core/Resources/text/items/text_Items_ja.txt,PKHeX.Core/Resources/text/items/text_Items_ko.txt,PKHeX.Core/Resources/text/items/text_Items_en.txt
560,ゴーストジュエル,고스트주얼,Ghost Gem,kwsch/PKHeX,8ad201e80244f630ab5a46922ab72fb79c5ad4f4,PKHeX.Core/Resources/text/items/text_Items_ja.txt,PKHeX.Core/Resources/text/items/text_Items_ko.txt,PKHeX.Core/Resources/text/items/text_Items_en.txt
561,ドラゴンジュエル,드래곤주얼,Dragon Gem,kwsch/PKHeX,8ad201e80244f630ab5a46922ab72fb79c5ad4f4,PKHeX.Core/Resources/text/items/text_Items_ja.txt,PKHeX.Core/Resources/text/items/text_Items_ko.txt,PKHeX.Core/Resources/text/items/text_Items_en.txt
562,あくのジュエル,악주얼,Dark Gem,kwsch/PKHeX,8ad201e80244f630ab5a46922ab72fb79c5ad4f4,PKHeX.Core/Resources/text/items/text_Items_ja.txt,PKHeX.Core/Resources/text/items/text_Items_ko.txt,PKHeX.Core/Resources/text/items/text_Items_en.txt
563,はがねのジュエル,강철주얼,Steel Gem,kwsch/PKHeX,8ad201e80244f630ab5a46922ab72fb79c5ad4f4,PKHeX.Core/Resources/text/items/text_Items_ja.txt,PKHeX.Core/Resources/text/items/text_Items_ko.txt,PKHeX.Core/Resources/text/items/text_Items_en.txt
564,ノーマルジュエル,노말주얼,Normal Gem,kwsch/PKHeX,8ad201e80244f630ab5a46922ab72fb79c5ad4f4,PKHeX.Core/Resources/text/items/text_Items_ja.txt,PKHeX.Core/Resources/text/items/text_Items_ko.txt,PKHeX.Core/Resources/text/items/text_Items_en.txt
565,たいりょくのハネ,체력깃털,Health Feather,kwsch/PKHeX,8ad201e80244f630ab5a46922ab72fb79c5ad4f4,PKHeX.Core/Resources/text/items/text_Items_ja.txt,PKHeX.Core/Resources/text/items/text_Items_ko.txt,PKHeX.Core/Resources/text/items/text_Items_en.txt
566,きんりょくのハネ,근력깃털,Muscle Feather,kwsch/PKHeX,8ad201e80244f630ab5a46922ab72fb79c5ad4f4,PKHeX.Core/Resources/text/items/text_Items_ja.txt,PKHeX.Core/Resources/text/items/text_Items_ko.txt,PKHeX.Core/Resources/text/items/text_Items_en.txt
567,ていこうのハネ,저항력깃털,Resist Feather,kwsch/PKHeX,8ad201e80244f630ab5a46922ab72fb79c5ad4f4,PKHeX.Core/Resources/text/items/text_Items_ja.txt,PKHeX.Core/Resources/text/items/text_Items_ko.txt,PKHeX.Core/Resources/text/items/text_Items_en.txt
568,ちりょくのハネ,지력깃털,Genius Feather,kwsch/PKHeX,8ad201e80244f630ab5a46922ab72fb79c5ad4f4,PKHeX.Core/Resources/text/items/text_Items_ja.txt,PKHeX.Core/Resources/text/items/text_Items_ko.txt,PKHeX.Core/Resources/text/items/text_Items_en.txt
569,せいしんのハネ,정신력깃털,Clever Feather,kwsch/PKHeX,8ad201e80244f630ab5a46922ab72fb79c5ad4f4,PKHeX.Core/Resources/text/items/text_Items_ja.txt,PKHeX.Core/Resources/text/items/text_Items_ko.txt,PKHeX.Core/Resources/text/items/text_Items_en.txt
570,しゅんぱつのハネ,순발력깃털,Swift Feather,kwsch/PKHeX,8ad201e80244f630ab5a46922ab72fb79c5ad4f4,PKHeX.Core/Resources/text/items/text_Items_ja.txt,PKHeX.Core/Resources/text/items/text_Items_ko.txt,PKHeX.Core/Resources/text/items/text_Items_en.txt
571,きれいなハネ,고운깃털,Pretty Feather,kwsch/PKHeX,8ad201e80244f630ab5a46922ab72fb79c5ad4f4,PKHeX.Core/Resources/text/items/text_Items_ja.txt,PKHeX.Core/Resources/text/items/text_Items_ko.txt,PKHeX.Core/Resources/text/items/text_Items_en.txt
572,ふたのカセキ,덮개화석,Cover Fossil,kwsch/PKHeX,8ad201e80244f630ab5a46922ab72fb79c5ad4f4,PKHeX.Core/Resources/text/items/text_Items_ja.txt,PKHeX.Core/Resources/text/items/text_Items_ko.txt,PKHeX.Core/Resources/text/items/text_Items_en.txt
573,はねのカセキ,깃털화석,Plume Fossil,kwsch/PKHeX,8ad201e80244f630ab5a46922ab72fb79c5ad4f4,PKHeX.Core/Resources/text/items/text_Items_ja.txt,PKHeX.Core/Resources/text/items/text_Items_ko.txt,PKHeX.Core/Resources/text/items/text_Items_en.txt
574,リバティチケット,리버티티켓,Liberty Pass,kwsch/PKHeX,8ad201e80244f630ab5a46922ab72fb79c5ad4f4,PKHeX.Core/Resources/text/items/text_Items_ja.txt,PKHeX.Core/Resources/text/items/text_Items_ko.txt,PKHeX.Core/Resources/text/items/text_Items_en.txt
575,デルダマ,딜구슬,Pass Orb,kwsch/PKHeX,8ad201e80244f630ab5a46922ab72fb79c5ad4f4,PKHeX.Core/Resources/text/items/text_Items_ja.txt,PKHeX.Core/Resources/text/items/text_Items_ko.txt,PKHeX.Core/Resources/text/items/text_Items_en.txt
576,ドリームボール,드림볼,Dream Ball,kwsch/PKHeX,8ad201e80244f630ab5a46922ab72fb79c5ad4f4,PKHeX.Core/Resources/text/items/text_Items_ja.txt,PKHeX.Core/Resources/text/items/text_Items_ko.txt,PKHeX.Core/Resources/text/items/text_Items_en.txt
577,ポケじゃらし,포켓풀,Poké Toy,kwsch/PKHeX,8ad201e80244f630ab5a46922ab72fb79c5ad4f4,PKHeX.Core/Resources/text/items/text_Items_ja.txt,PKHeX.Core/Resources/text/items/text_Items_ko.txt,PKHeX.Core/Resources/text/items/text_Items_en.txt
578,グッズケース,굿즈케이스,Prop Case,kwsch/PKHeX,8ad201e80244f630ab5a46922ab72fb79c5ad4f4,PKHeX.Core/Resources/text/items/text_Items_ja.txt,PKHeX.Core/Resources/text/items/text_Items_ko.txt,PKHeX.Core/Resources/text/items/text_Items_en.txt
579,ドラゴンのホネ,드래곤의뼈,Dragon Skull,kwsch/PKHeX,8ad201e80244f630ab5a46922ab72fb79c5ad4f4,PKHeX.Core/Resources/text/items/text_Items_ja.txt,PKHeX.Core/Resources/text/items/text_Items_ko.txt,PKHeX.Core/Resources/text/items/text_Items_en.txt
580,かおるキノコ,향기버섯,Balm Mushroom,kwsch/PKHeX,8ad201e80244f630ab5a46922ab72fb79c5ad4f4,PKHeX.Core/Resources/text/items/text_Items_ja.txt,PKHeX.Core/Resources/text/items/text_Items_ko.txt,PKHeX.Core/Resources/text/items/text_Items_en.txt
581,でかいきんのたま,큰금구슬,Big Nugget,kwsch/PKHeX,8ad201e80244f630ab5a46922ab72fb79c5ad4f4,PKHeX.Core/Resources/text/items/text_Items_ja.txt,PKHeX.Core/Resources/text/items/text_Items_ko.txt,PKHeX.Core/Resources/text/items/text_Items_en.txt
582,おだんごしんじゅ,경단진주,Pearl String,kwsch/PKHeX,8ad201e80244f630ab5a46922ab72fb79c5ad4f4,PKHeX.Core/Resources/text/items/text_Items_ja.txt,PKHeX.Core/Resources/text/items/text_Items_ko.txt,PKHeX.Core/Resources/text/items/text_Items_en.txt
583,すいせいのかけら,혜성조각,Comet Shard,kwsch/PKHeX,8ad201e80244f630ab5a46922ab72fb79c5ad4f4,PKHeX.Core/Resources/text/items/text_Items_ja.txt,PKHeX.Core/Resources/text/items/text_Items_ko.txt,PKHeX.Core/Resources/text/items/text_Items_en.txt
584,こだいのどうか,고대의동화,Relic Copper,kwsch/PKHeX,8ad201e80244f630ab5a46922ab72fb79c5ad4f4,PKHeX.Core/Resources/text/items/text_Items_ja.txt,PKHeX.Core/Resources/text/items/text_Items_ko.txt,PKHeX.Core/Resources/text/items/text_Items_en.txt
585,こだいのぎんか,고대의은화,Relic Silver,kwsch/PKHeX,8ad201e80244f630ab5a46922ab72fb79c5ad4f4,PKHeX.Core/Resources/text/items/text_Items_ja.txt,PKHeX.Core/Resources/text/items/text_Items_ko.txt,PKHeX.Core/Resources/text/items/text_Items_en.txt
586,こだいのきんか,고대의금화,Relic Gold,kwsch/PKHeX,8ad201e80244f630ab5a46922ab72fb79c5ad4f4,PKHeX.Core/Resources/text/items/text_Items_ja.txt,PKHeX.Core/Resources/text/items/text_Items_ko.txt,PKHeX.Core/Resources/text/items/text_Items_en.txt
587,こだいのツボ,고대의항아리,Relic Vase,kwsch/PKHeX,8ad201e80244f630ab5a46922ab72fb79c5ad4f4,PKHeX.Core/Resources/text/items/text_Items_ja.txt,PKHeX.Core/Resources/text/items/text_Items_ko.txt,PKHeX.Core/Resources/text/items/text_Items_en.txt
588,こだいのうでわ,고대의팔찌,Relic Band,kwsch/PKHeX,8ad201e80244f630ab5a46922ab72fb79c5ad4f4,PKHeX.Core/Resources/text/items/text_Items_ja.txt,PKHeX.Core/Resources/text/items/text_Items_ko.txt,PKHeX.Core/Resources/text/items/text_Items_en.txt
589,こだいのせきぞう,고대의석상,Relic Statue,kwsch/PKHeX,8ad201e80244f630ab5a46922ab72fb79c5ad4f4,PKHeX.Core/Resources/text/items/text_Items_ja.txt,PKHeX.Core/Resources/text/items/text_Items_ko.txt,PKHeX.Core/Resources/text/items/text_Items_en.txt
590,こだいのおうかん,고대의왕관,Relic Crown,kwsch/PKHeX,8ad201e80244f630ab5a46922ab72fb79c5ad4f4,PKHeX.Core/Resources/text/items/text_Items_ja.txt,PKHeX.Core/Resources/text/items/text_Items_ko.txt,PKHeX.Core/Resources/text/items/text_Items_en.txt
591,ヒウンアイス,구름아이스,Casteliacone,kwsch/PKHeX,8ad201e80244f630ab5a46922ab72fb79c5ad4f4,PKHeX.Core/Resources/text/items/text_Items_ja.txt,PKHeX.Core/Resources/text/items/text_Items_ko.txt,PKHeX.Core/Resources/text/items/text_Items_en.txt
592,クリティカット２,크리티컬커터2,Dire Hit 2,kwsch/PKHeX,8ad201e80244f630ab5a46922ab72fb79c5ad4f4,PKHeX.Core/Resources/text/items/text_Items_ja.txt,PKHeX.Core/Resources/text/items/text_Items_ko.txt,PKHeX.Core/Resources/text/items/text_Items_en.txt
593,スピーダー２,스피드업2,X Speed 2,kwsch/PKHeX,8ad201e80244f630ab5a46922ab72fb79c5ad4f4,PKHeX.Core/Resources/text/items/text_Items_ja.txt,PKHeX.Core/Resources/text/items/text_Items_ko.txt,PKHeX.Core/Resources/text/items/text_Items_en.txt
594,ＳＰアップ２,스페셜업2,X Sp. Atk 2,kwsch/PKHeX,8ad201e80244f630ab5a46922ab72fb79c5ad4f4,PKHeX.Core/Resources/text/items/text_Items_ja.txt,PKHeX.Core/Resources/text/items/text_Items_ko.txt,PKHeX.Core/Resources/text/items/text_Items_en.txt
595,ＳＰガード２,스페셜가드2,X Sp. Def 2,kwsch/PKHeX,8ad201e80244f630ab5a46922ab72fb79c5ad4f4,PKHeX.Core/Resources/text/items/text_Items_ja.txt,PKHeX.Core/Resources/text/items/text_Items_ko.txt,PKHeX.Core/Resources/text/items/text_Items_en.txt
596,ディフェンダー２,디펜드업2,X Defense 2,kwsch/PKHeX,8ad201e80244f630ab5a46922ab72fb79c5ad4f4,PKHeX.Core/Resources/text/items/text_Items_ja.txt,PKHeX.Core/Resources/text/items/text_Items_ko.txt,PKHeX.Core/Resources/text/items/text_Items_en.txt
597,プラスパワー２,플러스파워2,X Attack 2,kwsch/PKHeX,8ad201e80244f630ab5a46922ab72fb79c5ad4f4,PKHeX.Core/Resources/text/items/text_Items_ja.txt,PKHeX.Core/Resources/text/items/text_Items_ko.txt,PKHeX.Core/Resources/text/items/text_Items_en.txt
598,ヨクアタール２,잘-맞히기2,X Accuracy 2,kwsch/PKHeX,8ad201e80244f630ab5a46922ab72fb79c5ad4f4,PKHeX.Core/Resources/text/items/text_Items_ja.txt,PKHeX.Core/Resources/text/items/text_Items_ko.txt,PKHeX.Core/Resources/text/items/text_Items_en.txt
599,スピーダー３,스피드업3,X Speed 3,kwsch/PKHeX,8ad201e80244f630ab5a46922ab72fb79c5ad4f4,PKHeX.Core/Resources/text/items/text_Items_ja.txt,PKHeX.Core/Resources/text/items/text_Items_ko.txt,PKHeX.Core/Resources/text/items/text_Items_en.txt
600,ＳＰアップ３,스페셜업3,X Sp. Atk 3,kwsch/PKHeX,8ad201e80244f630ab5a46922ab72fb79c5ad4f4,PKHeX.Core/Resources/text/items/text_Items_ja.txt,PKHeX.Core/Resources/text/items/text_Items_ko.txt,PKHeX.Core/Resources/text/items/text_Items_en.txt
601,ＳＰガード３,스페셜가드3,X Sp. Def 3,kwsch/PKHeX,8ad201e80244f630ab5a46922ab72fb79c5ad4f4,PKHeX.Core/Resources/text/items/text_Items_ja.txt,PKHeX.Core/Resources/text/items/text_Items_ko.txt,PKHeX.Core/Resources/text/items/text_Items_en.txt
602,ディフェンダー３,디펜드업3,X Defense 3,kwsch/PKHeX,8ad201e80244f630ab5a46922ab72fb79c5ad4f4,PKHeX.Core/Resources/text/items/text_Items_ja.txt,PKHeX.Core/Resources/text/items/text_Items_ko.txt,PKHeX.Core/Resources/text/items/text_Items_en.txt
603,プラスパワー３,플러스파워3,X Attack 3,kwsch/PKHeX,8ad201e80244f630ab5a46922ab72fb79c5ad4f4,PKHeX.Core/Resources/text/items/text_Items_ja.txt,PKHeX.Core/Resources/text/items/text_Items_ko.txt,PKHeX.Core/Resources/text/items/text_Items_en.txt
604,ヨクアタール３,잘-맞히기3,X Accuracy 3,kwsch/PKHeX,8ad201e80244f630ab5a46922ab72fb79c5ad4f4,PKHeX.Core/Resources/text/items/text_Items_ja.txt,PKHeX.Core/Resources/text/items/text_Items_ko.txt,PKHeX.Core/Resources/text/items/text_Items_en.txt
605,スピーダー６,스피드업6,X Speed 6,kwsch/PKHeX,8ad201e80244f630ab5a46922ab72fb79c5ad4f4,PKHeX.Core/Resources/text/items/text_Items_ja.txt,PKHeX.Core/Resources/text/items/text_Items_ko.txt,PKHeX.Core/Resources/text/items/text_Items_en.txt
606,ＳＰアップ６,스페셜업6,X Sp. Atk 6,kwsch/PKHeX,8ad201e80244f630ab5a46922ab72fb79c5ad4f4,PKHeX.Core/Resources/text/items/text_Items_ja.txt,PKHeX.Core/Resources/text/items/text_Items_ko.txt,PKHeX.Core/Resources/text/items/text_Items_en.txt
607,ＳＰガード６,스페셜가드6,X Sp. Def 6,kwsch/PKHeX,8ad201e80244f630ab5a46922ab72fb79c5ad4f4,PKHeX.Core/Resources/text/items/text_Items_ja.txt,PKHeX.Core/Resources/text/items/text_Items_ko.txt,PKHeX.Core/Resources/text/items/text_Items_en.txt
608,ディフェンダー６,디펜드업6,X Defense 6,kwsch/PKHeX,8ad201e80244f630ab5a46922ab72fb79c5ad4f4,PKHeX.Core/Resources/text/items/text_Items_ja.txt,PKHeX.Core/Resources/text/items/text_Items_ko.txt,PKHeX.Core/Resources/text/items/text_Items_en.txt
609,プラスパワー６,플러스파워6,X Attack 6,kwsch/PKHeX,8ad201e80244f630ab5a46922ab72fb79c5ad4f4,PKHeX.Core/Resources/text/items/text_Items_ja.txt,PKHeX.Core/Resources/text/items/text_Items_ko.txt,PKHeX.Core/Resources/text/items/text_Items_en.txt
610,ヨクアタール６,잘-맞히기6,X Accuracy 6,kwsch/PKHeX,8ad201e80244f630ab5a46922ab72fb79c5ad4f4,PKHeX.Core/Resources/text/items/text_Items_ja.txt,PKHeX.Core/Resources/text/items/text_Items_ko.txt,PKHeX.Core/Resources/text/items/text_Items_en.txt
611,スキルコール,스킬콜,Ability Urge,kwsch/PKHeX,8ad201e80244f630ab5a46922ab72fb79c5ad4f4,PKHeX.Core/Resources/text/items/text_Items_ja.txt,PKHeX.Core/Resources/text/items/text_Items_ko.txt,PKHeX.Core/Resources/text/items/text_Items_en.txt
612,アイテムドロップ,아이템드롭,Item Drop,kwsch/PKHeX,8ad201e80244f630ab5a46922ab72fb79c5ad4f4,PKHeX.Core/Resources/text/items/text_Items_ja.txt,PKHeX.Core/Resources/text/items/text_Items_ko.txt,PKHeX.Core/Resources/text/items/text_Items_en.txt
613,アイテムコール,아이템콜,Item Urge,kwsch/PKHeX,8ad201e80244f630ab5a46922ab72fb79c5ad4f4,PKHeX.Core/Resources/text/items/text_Items_ja.txt,PKHeX.Core/Resources/text/items/text_Items_ko.txt,PKHeX.Core/Resources/text/items/text_Items_en.txt
614,フラットコール,플랫콜,Reset Urge,kwsch/PKHeX,8ad201e80244f630ab5a46922ab72fb79c5ad4f4,PKHeX.Core/Resources/text/items/text_Items_ja.txt,PKHeX.Core/Resources/text/items/text_Items_ko.txt,PKHeX.Core/Resources/text/items/text_Items_en.txt
615,クリティカット３,크리티컬커터3,Dire Hit 3,kwsch/PKHeX,8ad201e80244f630ab5a46922ab72fb79c5ad4f4,PKHeX.Core/Resources/text/items/text_Items_ja.txt,PKHeX.Core/Resources/text/items/text_Items_ko.txt,PKHeX.Core/Resources/text/items/text_Items_en.txt
616,ライトストーン,라이트스톤,Light Stone,kwsch/PKHeX,8ad201e80244f630ab5a46922ab72fb79c5ad4f4,PKHeX.Core/Resources/text/items/text_Items_ja.txt,PKHeX.Core/Resources/text/items/text_Items_ko.txt,PKHeX.Core/Resources/text/items/text_Items_en.txt
617,ダークストーン,다크스톤,Dark Stone,kwsch/PKHeX,8ad201e80244f630ab5a46922ab72fb79c5ad4f4,PKHeX.Core/Resources/text/items/text_Items_ja.txt,PKHeX.Core/Resources/text/items/text_Items_ko.txt,PKHeX.Core/Resources/text/items/text_Items_en.txt
618,わざマシン９３,기술머신93,TM93,kwsch/PKHeX,8ad201e80244f630ab5a46922ab72fb79c5ad4f4,PKHeX.Core/Resources/text/items/text_Items_ja.txt,PKHeX.Core/Resources/text/items/text_Items_ko.txt,PKHeX.Core/Resources/text/items/text_Items_en.txt
619,わざマシン９４,기술머신94,TM94,kwsch/PKHeX,8ad201e80244f630ab5a46922ab72fb79c5ad4f4,PKHeX.Core/Resources/text/items/text_Items_ja.txt,PKHeX.Core/Resources/text/items/text_Items_ko.txt,PKHeX.Core/Resources/text/items/text_Items_en.txt
620,わざマシン９５,기술머신95,TM95,kwsch/PKHeX,8ad201e80244f630ab5a46922ab72fb79c5ad4f4,PKHeX.Core/Resources/text/items/text_Items_ja.txt,PKHeX.Core/Resources/text/items/text_Items_ko.txt,PKHeX.Core/Resources/text/items/text_Items_en.txt
621,ライブキャスター,라이브캐스터,Xtransceiver,kwsch/PKHeX,8ad201e80244f630ab5a46922ab72fb79c5ad4f4,PKHeX.Core/Resources/text/items/text_Items_ja.txt,PKHeX.Core/Resources/text/items/text_Items_ko.txt,PKHeX.Core/Resources/text/items/text_Items_en.txt
622,ゴッドストーン,???,???,kwsch/PKHeX,8ad201e80244f630ab5a46922ab72fb79c5ad4f4,PKHeX.Core/Resources/text/items/text_Items_ja.txt,PKHeX.Core/Resources/text/items/text_Items_ko.txt,PKHeX.Core/Resources/text/items/text_Items_en.txt
623,はいたつぶつ１,배달물1,Gram 1,kwsch/PKHeX,8ad201e80244f630ab5a46922ab72fb79c5ad4f4,PKHeX.Core/Resources/text/items/text_Items_ja.txt,PKHeX.Core/Resources/text/items/text_Items_ko.txt,PKHeX.Core/Resources/text/items/text_Items_en.txt
624,はいたつぶつ２,배달물2,Gram 2,kwsch/PKHeX,8ad201e80244f630ab5a46922ab72fb79c5ad4f4,PKHeX.Core/Resources/text/items/text_Items_ja.txt,PKHeX.Core/Resources/text/items/text_Items_ko.txt,PKHeX.Core/Resources/text/items/text_Items_en.txt
625,はいたつぶつ３,배달물3,Gram 3,kwsch/PKHeX,8ad201e80244f630ab5a46922ab72fb79c5ad4f4,PKHeX.Core/Resources/text/items/text_Items_ja.txt,PKHeX.Core/Resources/text/items/text_Items_ko.txt,PKHeX.Core/Resources/text/items/text_Items_en.txt
626,ライブキャスター,라이브캐스터,Xtransceiver,kwsch/PKHeX,8ad201e80244f630ab5a46922ab72fb79c5ad4f4,PKHeX.Core/Resources/text/items/text_Items_ja.txt,PKHeX.Core/Resources/text/items/text_Items_ko.txt,PKHeX.Core/Resources/text/items/text_Items_en.txt
627,メダルボックス,메달박스,Medal Box,kwsch/PKHeX,8ad201e80244f630ab5a46922ab72fb79c5ad4f4,PKHeX.Core/Resources/text/items/text_Items_ja.txt,PKHeX.Core/Resources/text/items/text_Items_ko.txt,PKHeX.Core/Resources/text/items/text_Items_en.txt
628,いでんしのくさび,유전자쐐기,DNA Splicers,kwsch/PKHeX,8ad201e80244f630ab5a46922ab72fb79c5ad4f4,PKHeX.Core/Resources/text/items/text_Items_ja.txt,PKHeX.Core/Resources/text/items/text_Items_ko.txt,PKHeX.Core/Resources/text/items/text_Items_en.txt
629,いでんしのくさび,유전자쐐기,DNA Splicers,kwsch/PKHeX,8ad201e80244f630ab5a46922ab72fb79c5ad4f4,PKHeX.Core/Resources/text/items/text_Items_ja.txt,PKHeX.Core/Resources/text/items/text_Items_ko.txt,PKHeX.Core/Resources/text/items/text_Items_en.txt
630,きょかしょう,허가증,Permit,kwsch/PKHeX,8ad201e80244f630ab5a46922ab72fb79c5ad4f4,PKHeX.Core/Resources/text/items/text_Items_ja.txt,PKHeX.Core/Resources/text/items/text_Items_ko.txt,PKHeX.Core/Resources/text/items/text_Items_en.txt
631,まるいおまもり,둥근부적,Oval Charm,kwsch/PKHeX,8ad201e80244f630ab5a46922ab72fb79c5ad4f4,PKHeX.Core/Resources/text/items/text_Items_ja.txt,PKHeX.Core/Resources/text/items/text_Items_ko.txt,PKHeX.Core/Resources/text/items/text_Items_en.txt
632,ひかるおまもり,빛나는부적,Shiny Charm,kwsch/PKHeX,8ad201e80244f630ab5a46922ab72fb79c5ad4f4,PKHeX.Core/Resources/text/items/text_Items_ja.txt,PKHeX.Core/Resources/text/items/text_Items_ko.txt,PKHeX.Core/Resources/text/items/text_Items_en.txt
633,プラズマカード,플라스마카드,Plasma Card,kwsch/PKHeX,8ad201e80244f630ab5a46922ab72fb79c5ad4f4,PKHeX.Core/Resources/text/items/text_Items_ja.txt,PKHeX.Core/Resources/text/items/text_Items_ko.txt,PKHeX.Core/Resources/text/items/text_Items_en.txt
634,よごれたハンカチ,더러운손수건,Grubby Hanky,kwsch/PKHeX,8ad201e80244f630ab5a46922ab72fb79c5ad4f4,PKHeX.Core/Resources/text/items/text_Items_ja.txt,PKHeX.Core/Resources/text/items/text_Items_ko.txt,PKHeX.Core/Resources/text/items/text_Items_en.txt
635,アクロママシーン,아크로마머신,Colress Machine,kwsch/PKHeX,8ad201e80244f630ab5a46922ab72fb79c5ad4f4,PKHeX.Core/Resources/text/items/text_Items_ja.txt,PKHeX.Core/Resources/text/items/text_Items_ko.txt,PKHeX.Core/Resources/text/items/text_Items_en.txt
636,わすれもの,잊은물건,Dropped Item,kwsch/PKHeX,8ad201e80244f630ab5a46922ab72fb79c5ad4f4,PKHeX.Core/Resources/text/items/text_Items_ja.txt,PKHeX.Core/Resources/text/items/text_Items_ko.txt,PKHeX.Core/Resources/text/items/text_Items_en.txt
637,わすれもの,잊은물건,Dropped Item,kwsch/PKHeX,8ad201e80244f630ab5a46922ab72fb79c5ad4f4,PKHeX.Core/Resources/text/items/text_Items_ja.txt,PKHeX.Core/Resources/text/items/text_Items_ko.txt,PKHeX.Core/Resources/text/items/text_Items_en.txt
638,うつしかがみ,비추는거울,Reveal Glass,kwsch/PKHeX,8ad201e80244f630ab5a46922ab72fb79c5ad4f4,PKHeX.Core/Resources/text/items/text_Items_ja.txt,PKHeX.Core/Resources/text/items/text_Items_ko.txt,PKHeX.Core/Resources/text/items/text_Items_en.txt
639,じゃくてんほけん,약점보험,Weakness Policy,kwsch/PKHeX,8ad201e80244f630ab5a46922ab72fb79c5ad4f4,PKHeX.Core/Resources/text/items/text_Items_ja.txt,PKHeX.Core/Resources/text/items/text_Items_ko.txt,PKHeX.Core/Resources/text/items/text_Items_en.txt
640,とつげきチョッキ,돌격조끼,Assault Vest,kwsch/PKHeX,8ad201e80244f630ab5a46922ab72fb79c5ad4f4,PKHeX.Core/Resources/text/items/text_Items_ja.txt,PKHeX.Core/Resources/text/items/text_Items_ko.txt,PKHeX.Core/Resources/text/items/text_Items_en.txt
641,ホロキャスター,홀로캐스터,Holo Caster,kwsch/PKHeX,8ad201e80244f630ab5a46922ab72fb79c5ad4f4,PKHeX.Core/Resources/text/items/text_Items_ja.txt,PKHeX.Core/Resources/text/items/text_Items_ko.txt,PKHeX.Core/Resources/text/items/text_Items_en.txt
642,はかせのてがみ,박사의편지,Prof’s Letter,kwsch/PKHeX,8ad201e80244f630ab5a46922ab72fb79c5ad4f4,PKHeX.Core/Resources/text/items/text_Items_ja.txt,PKHeX.Core/Resources/text/items/text_Items_ko.txt,PKHeX.Core/Resources/text/items/text_Items_en.txt
643,ローラースケート,롤러스케이트,Roller Skates,kwsch/PKHeX,8ad201e80244f630ab5a46922ab72fb79c5ad4f4,PKHeX.Core/Resources/text/items/text_Items_ja.txt,PKHeX.Core/Resources/text/items/text_Items_ko.txt,PKHeX.Core/Resources/text/items/text_Items_en.txt
644,せいれいプレート,정령플레이트,Pixie Plate,kwsch/PKHeX,8ad201e80244f630ab5a46922ab72fb79c5ad4f4,PKHeX.Core/Resources/text/items/text_Items_ja.txt,PKHeX.Core/Resources/text/items/text_Items_ko.txt,PKHeX.Core/Resources/text/items/text_Items_en.txt
645,とくせいカプセル,특성캡슐,Ability Capsule,kwsch/PKHeX,8ad201e80244f630ab5a46922ab72fb79c5ad4f4,PKHeX.Core/Resources/text/items/text_Items_ja.txt,PKHeX.Core/Resources/text/items/text_Items_ko.txt,PKHeX.Core/Resources/text/items/text_Items_en.txt
646,ホイップポップ,휘핑팝,Whipped Dream,kwsch/PKHeX,8ad201e80244f630ab5a46922ab72fb79c5ad4f4,PKHeX.Core/Resources/text/items/text_Items_ja.txt,PKHeX.Core/Resources/text/items/text_Items_ko.txt,PKHeX.Core/Resources/text/items/text_Items_en.txt
647,においぶくろ,향기주머니,Sachet,kwsch/PKHeX,8ad201e80244f630ab5a46922ab72fb79c5ad4f4,PKHeX.Core/Resources/text/items/text_Items_ja.txt,PKHeX.Core/Resources/text/items/text_Items_ko.txt,PKHeX.Core/Resources/text/items/text_Items_en.txt
648,ひかりごけ,빛이끼,Luminous Moss,kwsch/PKHeX,8ad201e80244f630ab5a46922ab72fb79c5ad4f4,PKHeX.Core/Resources/text/items/text_Items_ja.txt,PKHeX.Core/Resources/text/items/text_Items_ko.txt,PKHeX.Core/Resources/text/items/text_Items_en.txt
649,ゆきだま,눈덩이,Snowball,kwsch/PKHeX,8ad201e80244f630ab5a46922ab72fb79c5ad4f4,PKHeX.Core/Resources/text/items/text_Items_ja.txt,PKHeX.Core/Resources/text/items/text_Items_ko.txt,PKHeX.Core/Resources/text/items/text_Items_en.txt
650,ぼうじんゴーグル,방진고글,Safety Goggles,kwsch/PKHeX,8ad201e80244f630ab5a46922ab72fb79c5ad4f4,PKHeX.Core/Resources/text/items/text_Items_ja.txt,PKHeX.Core/Resources/text/items/text_Items_ko.txt,PKHeX.Core/Resources/text/items/text_Items_en.txt
651,ポケモンのふえ,포켓몬피리,Poké Flute,kwsch/PKHeX,8ad201e80244f630ab5a46922ab72fb79c5ad4f4,PKHeX.Core/Resources/text/items/text_Items_ja.txt,PKHeX.Core/Resources/text/items/text_Items_ko.txt,PKHeX.Core/Resources/text/items/text_Items_en.txt
652,たわわこやし,주렁주렁비료,Rich Mulch,kwsch/PKHeX,8ad201e80244f630ab5a46922ab72fb79c5ad4f4,PKHeX.Core/Resources/text/items/text_Items_ja.txt,PKHeX.Core/Resources/text/items/text_Items_ko.txt,PKHeX.Core/Resources/text/items/text_Items_en.txt
653,びっくりこやし,깜놀비료,Surprise Mulch,kwsch/PKHeX,8ad201e80244f630ab5a46922ab72fb79c5ad4f4,PKHeX.Core/Resources/text/items/text_Items_ja.txt,PKHeX.Core/Resources/text/items/text_Items_ko.txt,PKHeX.Core/Resources/text/items/text_Items_en.txt
654,ぐんぐんこやし,부쩍부쩍비료,Boost Mulch,kwsch/PKHeX,8ad201e80244f630ab5a46922ab72fb79c5ad4f4,PKHeX.Core/Resources/text/items/text_Items_ja.txt,PKHeX.Core/Resources/text/items/text_Items_ko.txt,PKHeX.Core/Resources/text/items/text_Items_en.txt
655,とんでもこやし,기절초풍비료,Amaze Mulch,kwsch/PKHeX,8ad201e80244f630ab5a46922ab72fb79c5ad4f4,PKHeX.Core/Resources/text/items/text_Items_ja.txt,PKHeX.Core/Resources/text/items/text_Items_ko.txt,PKHeX.Core/Resources/text/items/text_Items_en.txt
656,ゲンガナイト,팬텀나이트,Gengarite,kwsch/PKHeX,8ad201e80244f630ab5a46922ab72fb79c5ad4f4,PKHeX.Core/Resources/text/items/text_Items_ja.txt,PKHeX.Core/Resources/text/items/text_Items_ko.txt,PKHeX.Core/Resources/text/items/text_Items_en.txt
657,サーナイトナイト,가디안나이트,Gardevoirite,kwsch/PKHeX,8ad201e80244f630ab5a46922ab72fb79c5ad4f4,PKHeX.Core/Resources/text/items/text_Items_ja.txt,PKHeX.Core/Resources/text/items/text_Items_ko.txt,PKHeX.Core/Resources/text/items/text_Items_en.txt
658,デンリュウナイト,전룡나이트,Ampharosite,kwsch/PKHeX,8ad201e80244f630ab5a46922ab72fb79c5ad4f4,PKHeX.Core/Resources/text/items/text_Items_ja.txt,PKHeX.Core/Resources/text/items/text_Items_ko.txt,PKHeX.Core/Resources/text/items/text_Items_en.txt
659,フシギバナイト,이상해꽃나이트,Venusaurite,kwsch/PKHeX,8ad201e80244f630ab5a46922ab72fb79c5ad4f4,PKHeX.Core/Resources/text/items/text_Items_ja.txt,PKHeX.Core/Resources/text/items/text_Items_ko.txt,PKHeX.Core/Resources/text/items/text_Items_en.txt
660,リザードナイトＸ,리자몽나이트X,Charizardite X,kwsch/PKHeX,8ad201e80244f630ab5a46922ab72fb79c5ad4f4,PKHeX.Core/Resources/text/items/text_Items_ja.txt,PKHeX.Core/Resources/text/items/text_Items_ko.txt,PKHeX.Core/Resources/text/items/text_Items_en.txt
661,カメックスナイト,거북왕나이트,Blastoisinite,kwsch/PKHeX,8ad201e80244f630ab5a46922ab72fb79c5ad4f4,PKHeX.Core/Resources/text/items/text_Items_ja.txt,PKHeX.Core/Resources/text/items/text_Items_ko.txt,PKHeX.Core/Resources/text/items/text_Items_en.txt
662,ミュウツナイトＸ,뮤츠나이트X,Mewtwonite X,kwsch/PKHeX,8ad201e80244f630ab5a46922ab72fb79c5ad4f4,PKHeX.Core/Resources/text/items/text_Items_ja.txt,PKHeX.Core/Resources/text/items/text_Items_ko.txt,PKHeX.Core/Resources/text/items/text_Items_en.txt
663,ミュウツナイトＹ,뮤츠나이트Y,Mewtwonite Y,kwsch/PKHeX,8ad201e80244f630ab5a46922ab72fb79c5ad4f4,PKHeX.Core/Resources/text/items/text_Items_ja.txt,PKHeX.Core/Resources/text/items/text_Items_ko.txt,PKHeX.Core/Resources/text/items/text_Items_en.txt
664,バシャーモナイト,번치코나이트,Blazikenite,kwsch/PKHeX,8ad201e80244f630ab5a46922ab72fb79c5ad4f4,PKHeX.Core/Resources/text/items/text_Items_ja.txt,PKHeX.Core/Resources/text/items/text_Items_ko.txt,PKHeX.Core/Resources/text/items/text_Items_en.txt
665,チャーレムナイト,요가램나이트,Medichamite,kwsch/PKHeX,8ad201e80244f630ab5a46922ab72fb79c5ad4f4,PKHeX.Core/Resources/text/items/text_Items_ja.txt,PKHeX.Core/Resources/text/items/text_Items_ko.txt,PKHeX.Core/Resources/text/items/text_Items_en.txt
666,ヘルガナイト,헬가나이트,Houndoominite,kwsch/PKHeX,8ad201e80244f630ab5a46922ab72fb79c5ad4f4,PKHeX.Core/Resources/text/items/text_Items_ja.txt,PKHeX.Core/Resources/text/items/text_Items_ko.txt,PKHeX.Core/Resources/text/items/text_Items_en.txt
667,ボスゴドラナイト,보스로라나이트,Aggronite,kwsch/PKHeX,8ad201e80244f630ab5a46922ab72fb79c5ad4f4,PKHeX.Core/Resources/text/items/text_Items_ja.txt,PKHeX.Core/Resources/text/items/text_Items_ko.txt,PKHeX.Core/Resources/text/items/text_Items_en.txt
668,ジュペッタナイト,다크펫나이트,Banettite,kwsch/PKHeX,8ad201e80244f630ab5a46922ab72fb79c5ad4f4,PKHeX.Core/Resources/text/items/text_Items_ja.txt,PKHeX.Core/Resources/text/items/text_Items_ko.txt,PKHeX.Core/Resources/text/items/text_Items_en.txt
669,バンギラスナイト,마기라스나이트,Tyranitarite,kwsch/PKHeX,8ad201e80244f630ab5a46922ab72fb79c5ad4f4,PKHeX.Core/Resources/text/items/text_Items_ja.txt,PKHeX.Core/Resources/text/items/text_Items_ko.txt,PKHeX.Core/Resources/text/items/text_Items_en.txt
670,ハッサムナイト,핫삼나이트,Scizorite,kwsch/PKHeX,8ad201e80244f630ab5a46922ab72fb79c5ad4f4,PKHeX.Core/Resources/text/items/text_Items_ja.txt,PKHeX.Core/Resources/text/items/text_Items_ko.txt,PKHeX.Core/Resources/text/items/text_Items_en.txt
671,カイロスナイト,쁘사이저나이트,Pinsirite,kwsch/PKHeX,8ad201e80244f630ab5a46922ab72fb79c5ad4f4,PKHeX.Core/Resources/text/items/text_Items_ja.txt,PKHeX.Core/Resources/text/items/text_Items_ko.txt,PKHeX.Core/Resources/text/items/text_Items_en.txt
672,プテラナイト,프테라나이트,Aerodactylite,kwsch/PKHeX,8ad201e80244f630ab5a46922ab72fb79c5ad4f4,PKHeX.Core/Resources/text/items/text_Items_ja.txt,PKHeX.Core/Resources/text/items/text_Items_ko.txt,PKHeX.Core/Resources/text/items/text_Items_en.txt
673,ルカリオナイト,루카리오나이트,Lucarionite,kwsch/PKHeX,8ad201e80244f630ab5a46922ab72fb79c5ad4f4,PKHeX.Core/Resources/text/items/text_Items_ja.txt,PKHeX.Core/Resources/text/items/text_Items_ko.txt,PKHeX.Core/Resources/text/items/text_Items_en.txt
674,ユキノオナイト,눈설왕나이트,Abomasite,kwsch/PKHeX,8ad201e80244f630ab5a46922ab72fb79c5ad4f4,PKHeX.Core/Resources/text/items/text_Items_ja.txt,PKHeX.Core/Resources/text/items/text_Items_ko.txt,PKHeX.Core/Resources/text/items/text_Items_en.txt
675,ガルーラナイト,캥카나이트,Kangaskhanite,kwsch/PKHeX,8ad201e80244f630ab5a46922ab72fb79c5ad4f4,PKHeX.Core/Resources/text/items/text_Items_ja.txt,PKHeX.Core/Resources/text/items/text_Items_ko.txt,PKHeX.Core/Resources/text/items/text_Items_en.txt
676,ギャラドスナイト,갸라도스나이트,Gyaradosite,kwsch/PKHeX,8ad201e80244f630ab5a46922ab72fb79c5ad4f4,PKHeX.Core/Resources/text/items/text_Items_ja.txt,PKHeX.Core/Resources/text/items/text_Items_ko.txt,PKHeX.Core/Resources/text/items/text_Items_en.txt
677,アブソルナイト,앱솔나이트,Absolite,kwsch/PKHeX,8ad201e80244f630ab5a46922ab72fb79c5ad4f4,PKHeX.Core/Resources/text/items/text_Items_ja.txt,PKHeX.Core/Resources/text/items/text_Items_ko.txt,PKHeX.Core/Resources/text/items/text_Items_en.txt
678,リザードナイトＹ,리자몽나이트Y,Charizardite Y,kwsch/PKHeX,8ad201e80244f630ab5a46922ab72fb79c5ad4f4,PKHeX.Core/Resources/text/items/text_Items_ja.txt,PKHeX.Core/Resources/text/items/text_Items_ko.txt,PKHeX.Core/Resources/text/items/text_Items_en.txt
679,フーディナイト,후디나이트,Alakazite,kwsch/PKHeX,8ad201e80244f630ab5a46922ab72fb79c5ad4f4,PKHeX.Core/Resources/text/items/text_Items_ja.txt,PKHeX.Core/Resources/text/items/text_Items_ko.txt,PKHeX.Core/Resources/text/items/text_Items_en.txt
680,ヘラクロスナイト,헤라크로스나이트,Heracronite,kwsch/PKHeX,8ad201e80244f630ab5a46922ab72fb79c5ad4f4,PKHeX.Core/Resources/text/items/text_Items_ja.txt,PKHeX.Core/Resources/text/items/text_Items_ko.txt,PKHeX.Core/Resources/text/items/text_Items_en.txt
681,クチートナイト,입치트나이트,Mawilite,kwsch/PKHeX,8ad201e80244f630ab5a46922ab72fb79c5ad4f4,PKHeX.Core/Resources/text/items/text_Items_ja.txt,PKHeX.Core/Resources/text/items/text_Items_ko.txt,PKHeX.Core/Resources/text/items/text_Items_en.txt
682,ライボルトナイト,썬더볼트나이트,Manectite,kwsch/PKHeX,8ad201e80244f630ab5a46922ab72fb79c5ad4f4,PKHeX.Core/Resources/text/items/text_Items_ja.txt,PKHeX.Core/Resources/text/items/text_Items_ko.txt,PKHeX.Core/Resources/text/items/text_Items_en.txt
683,ガブリアスナイト,한카리아스나이트,Garchompite,kwsch/PKHeX,8ad201e80244f630ab5a46922ab72fb79c5ad4f4,PKHeX.Core/Resources/text/items/text_Items_ja.txt,PKHeX.Core/Resources/text/items/text_Items_ko.txt,PKHeX.Core/Resources/text/items/text_Items_en.txt
684,ラティアスナイト,라티아스나이트,Latiasite,kwsch/PKHeX,8ad201e80244f630ab5a46922ab72fb79c5ad4f4,PKHeX.Core/Resources/text/items/text_Items_ja.txt,PKHeX.Core/Resources/text/items/text_Items_ko.txt,PKHeX.Core/Resources/text/items/text_Items_en.txt
685,ラティオスナイト,라티오스나이트,Latiosite,kwsch/PKHeX,8ad201e80244f630ab5a46922ab72fb79c5ad4f4,PKHeX.Core/Resources/text/items/text_Items_ja.txt,PKHeX.Core/Resources/text/items/text_Items_ko.txt,PKHeX.Core/Resources/text/items/text_Items_en.txt
686,ロゼルのみ,로셀열매,Roseli Berry,kwsch/PKHeX,8ad201e80244f630ab5a46922ab72fb79c5ad4f4,PKHeX.Core/Resources/text/items/text_Items_ja.txt,PKHeX.Core/Resources/text/items/text_Items_ko.txt,PKHeX.Core/Resources/text/items/text_Items_en.txt
687,アッキのみ,악키열매,Kee Berry,kwsch/PKHeX,8ad201e80244f630ab5a46922ab72fb79c5ad4f4,PKHeX.Core/Resources/text/items/text_Items_ja.txt,PKHeX.Core/Resources/text/items/text_Items_ko.txt,PKHeX.Core/Resources/text/items/text_Items_en.txt
688,タラプのみ,타라프열매,Maranga Berry,kwsch/PKHeX,8ad201e80244f630ab5a46922ab72fb79c5ad4f4,PKHeX.Core/Resources/text/items/text_Items_ja.txt,PKHeX.Core/Resources/text/items/text_Items_ko.txt,PKHeX.Core/Resources/text/items/text_Items_en.txt
689,ハスボーじょうろ,연꽃몬물뿌리개,Sprinklotad,kwsch/PKHeX,8ad201e80244f630ab5a46922ab72fb79c5ad4f4,PKHeX.Core/Resources/text/items/text_Items_ja.txt,PKHeX.Core/Resources/text/items/text_Items_ko.txt,PKHeX.Core/Resources/text/items/text_Items_en.txt
690,わざマシン９６,기술머신96,TM96,kwsch/PKHeX,8ad201e80244f630ab5a46922ab72fb79c5ad4f4,PKHeX.Core/Resources/text/items/text_Items_ja.txt,PKHeX.Core/Resources/text/items/text_Items_ko.txt,PKHeX.Core/Resources/text/items/text_Items_en.txt
691,わざマシン９７,기술머신97,TM97,kwsch/PKHeX,8ad201e80244f630ab5a46922ab72fb79c5ad4f4,PKHeX.Core/Resources/text/items/text_Items_ja.txt,PKHeX.Core/Resources/text/items/text_Items_ko.txt,PKHeX.Core/Resources/text/items/text_Items_en.txt
692,わざマシン９８,기술머신98,TM98,kwsch/PKHeX,8ad201e80244f630ab5a46922ab72fb79c5ad4f4,PKHeX.Core/Resources/text/items/text_Items_ja.txt,PKHeX.Core/Resources/text/items/text_Items_ko.txt,PKHeX.Core/Resources/text/items/text_Items_en.txt
693,わざマシン９９,기술머신99,TM99,kwsch/PKHeX,8ad201e80244f630ab5a46922ab72fb79c5ad4f4,PKHeX.Core/Resources/text/items/text_Items_ja.txt,PKHeX.Core/Resources/text/items/text_Items_ko.txt,PKHeX.Core/Resources/text/items/text_Items_en.txt
694,わざマシン１００,기술머신100,TM100,kwsch/PKHeX,8ad201e80244f630ab5a46922ab72fb79c5ad4f4,PKHeX.Core/Resources/text/items/text_Items_ja.txt,PKHeX.Core/Resources/text/items/text_Items_ko.txt,PKHeX.Core/Resources/text/items/text_Items_en.txt
695,はつでんしょパス,발전소패스,Power Plant Pass,kwsch/PKHeX,8ad201e80244f630ab5a46922ab72fb79c5ad4f4,PKHeX.Core/Resources/text/items/text_Items_ja.txt,PKHeX.Core/Resources/text/items/text_Items_ko.txt,PKHeX.Core/Resources/text/items/text_Items_en.txt
696,メガリング,메가링,Mega Ring,kwsch/PKHeX,8ad201e80244f630ab5a46922ab72fb79c5ad4f4,PKHeX.Core/Resources/text/items/text_Items_ja.txt,PKHeX.Core/Resources/text/items/text_Items_ko.txt,PKHeX.Core/Resources/text/items/text_Items_en.txt
697,すごそうないし,대단할듯한돌,Intriguing Stone,kwsch/PKHeX,8ad201e80244f630ab5a46922ab72fb79c5ad4f4,PKHeX.Core/Resources/text/items/text_Items_ja.txt,PKHeX.Core/Resources/text/items/text_Items_ko.txt,PKHeX.Core/Resources/text/items/text_Items_en.txt
698,ありふれたいし,흔해빠진돌,Common Stone,kwsch/PKHeX,8ad201e80244f630ab5a46922ab72fb79c5ad4f4,PKHeX.Core/Resources/text/items/text_Items_ja.txt,PKHeX.Core/Resources/text/items/text_Items_ko.txt,PKHeX.Core/Resources/text/items/text_Items_en.txt
699,バーゲンチケット,바겐세일티켓,Discount Coupon,kwsch/PKHeX,8ad201e80244f630ab5a46922ab72fb79c5ad4f4,PKHeX.Core/Resources/text/items/text_Items_ja.txt,PKHeX.Core/Resources/text/items/text_Items_ko.txt,PKHeX.Core/Resources/text/items/text_Items_en.txt
700,エレベータのキー,엘리베이터키,Elevator Key,kwsch/PKHeX,8ad201e80244f630ab5a46922ab72fb79c5ad4f4,PKHeX.Core/Resources/text/items/text_Items_ja.txt,PKHeX.Core/Resources/text/items/text_Items_ko.txt,PKHeX.Core/Resources/text/items/text_Items_en.txt
701,ＴＭＶパス,TMV패스,TMV Pass,kwsch/PKHeX,8ad201e80244f630ab5a46922ab72fb79c5ad4f4,PKHeX.Core/Resources/text/items/text_Items_ja.txt,PKHeX.Core/Resources/text/items/text_Items_ko.txt,PKHeX.Core/Resources/text/items/text_Items_en.txt
702,カロスエンブレム,칼로스엠블럼,Honor of Kalos,kwsch/PKHeX,8ad201e80244f630ab5a46922ab72fb79c5ad4f4,PKHeX.Core/Resources/text/items/text_Items_ja.txt,PKHeX.Core/Resources/text/items/text_Items_ko.txt,PKHeX.Core/Resources/text/items/text_Items_en.txt
703,たんけんこころえ,탐험수칙,Adventure Guide,kwsch/PKHeX,8ad201e80244f630ab5a46922ab72fb79c5ad4f4,PKHeX.Core/Resources/text/items/text_Items_ja.txt,PKHeX.Core/Resources/text/items/text_Items_ko.txt,PKHeX.Core/Resources/text/items/text_Items_en.txt
704,ふしぎなおきもの,이상한장식품,Strange Souvenir,kwsch/PKHeX,8ad201e80244f630ab5a46922ab72fb79c5ad4f4,PKHeX.Core/Resources/text/items/text_Items_ja.txt,PKHeX.Core/Resources/text/items/text_Items_ko.txt,PKHeX.Core/Resources/text/items/text_Items_en.txt
705,レンズケース,렌즈케이스,Lens Case,kwsch/PKHeX,8ad201e80244f630ab5a46922ab72fb79c5ad4f4,PKHeX.Core/Resources/text/items/text_Items_ja.txt,PKHeX.Core/Resources/text/items/text_Items_ko.txt,PKHeX.Core/Resources/text/items/text_Items_en.txt
706,コスメポーチ,코스메틱파우치,Makeup Bag,kwsch/PKHeX,8ad201e80244f630ab5a46922ab72fb79c5ad4f4,PKHeX.Core/Resources/text/items/text_Items_ja.txt,PKHeX.Core/Resources/text/items/text_Items_ko.txt,PKHeX.Core/Resources/text/items/text_Items_en.txt
707,いしょうトランク,의상트렁크,Travel Trunk,kwsch/PKHeX,8ad201e80244f630ab5a46922ab72fb79c5ad4f4,PKHeX.Core/Resources/text/items/text_Items_ja.txt,PKHeX.Core/Resources/text/items/text_Items_ko.txt,PKHeX.Core/Resources/text/items/text_Items_en.txt
708,ミアレガレット,미르갈레트,Lumiose Galette,kwsch/PKHeX,8ad201e80244f630ab5a46922ab72fb79c5ad4f4,PKHeX.Core/Resources/text/items/text_Items_ja.txt,PKHeX.Core/Resources/text/items/text_Items_ko.txt,PKHeX.Core/Resources/text/items/text_Items_en.txt
709,シャラサブレ,사라사블레,Shalour Sable,kwsch/PKHeX,8ad201e80244f630ab5a46922ab72fb79c5ad4f4,PKHeX.Core/Resources/text/items/text_Items_ja.txt,PKHeX.Core/Resources/text/items/text_Items_ko.txt,PKHeX.Core/Resources/text/items/text_Items_en.txt
710,アゴのカセキ,턱화석,Jaw Fossil,kwsch/PKHeX,8ad201e80244f630ab5a46922ab72fb79c5ad4f4,PKHeX.Core/Resources/text/items/text_Items_ja.txt,PKHeX.Core/Resources/text/items/text_Items_ko.txt,PKHeX.Core/Resources/text/items/text_Items_en.txt
711,ヒレのカセキ,지느러미화석,Sail Fossil,kwsch/PKHeX,8ad201e80244f630ab5a46922ab72fb79c5ad4f4,PKHeX.Core/Resources/text/items/text_Items_ja.txt,PKHeX.Core/Resources/text/items/text_Items_ko.txt,PKHeX.Core/Resources/text/items/text_Items_en.txt
712,ハンサムチケット,핸섬티켓,Looker Ticket,kwsch/PKHeX,8ad201e80244f630ab5a46922ab72fb79c5ad4f4,PKHeX.Core/Resources/text/items/text_Items_ja.txt,PKHeX.Core/Resources/text/items/text_Items_ko.txt,PKHeX.Core/Resources/text/items/text_Items_en.txt
713,じてんしゃ,자전거,Bike,kwsch/PKHeX,8ad201e80244f630ab5a46922ab72fb79c5ad4f4,PKHeX.Core/Resources/text/items/text_Items_ja.txt,PKHeX.Core/Resources/text/items/text_Items_ko.txt,PKHeX.Core/Resources/text/items/text_Items_en.txt
714,ホロキャスター,홀로캐스터,Holo Caster,kwsch/PKHeX,8ad201e80244f630ab5a46922ab72fb79c5ad4f4,PKHeX.Core/Resources/text/items/text_Items_ja.txt,PKHeX.Core/Resources/text/items/text_Items_ko.txt,PKHeX.Core/Resources/text/items/text_Items_en.txt
715,ようせいジュエル,페어리주얼,Fairy Gem,kwsch/PKHeX,8ad201e80244f630ab5a46922ab72fb79c5ad4f4,PKHeX.Core/Resources/text/items/text_Items_ja.txt,PKHeX.Core/Resources/text/items/text_Items_ko.txt,PKHeX.Core/Resources/text/items/text_Items_en.txt
716,メガチャーム,메가참,Mega Charm,kwsch/PKHeX,8ad201e80244f630ab5a46922ab72fb79c5ad4f4,PKHeX.Core/Resources/text/items/text_Items_ja.txt,PKHeX.Core/Resources/text/items/text_Items_ko.txt,PKHeX.Core/Resources/text/items/text_Items_en.txt
717,メガグローブ,메가글러브,Mega Glove,kwsch/PKHeX,8ad201e80244f630ab5a46922ab72fb79c5ad4f4,PKHeX.Core/Resources/text/items/text_Items_ja.txt,PKHeX.Core/Resources/text/items/text_Items_ko.txt,PKHeX.Core/Resources/text/items/text_Items_en.txt
718,マッハじてんしゃ,마하자전거,Mach Bike,kwsch/PKHeX,8ad201e80244f630ab5a46922ab72fb79c5ad4f4,PKHeX.Core/Resources/text/items/text_Items_ja.txt,PKHeX.Core/Resources/text/items/text_Items_ko.txt,PKHeX.Core/Resources/text/items/text_Items_en.txt
719,ダートじてんしゃ,더트자전거,Acro Bike,kwsch/PKHeX,8ad201e80244f630ab5a46922ab72fb79c5ad4f4,PKHeX.Core/Resources/text/items/text_Items_ja.txt,PKHeX.Core/Resources/text/items/text_Items_ko.txt,PKHeX.Core/Resources/text/items/text_Items_en.txt
720,ホエルコじょうろ,고래왕자물뿌리개,Wailmer Pail,kwsch/PKHeX,8ad201e80244f630ab5a46922ab72fb79c5ad4f4,PKHeX.Core/Resources/text/items/text_Items_ja.txt,PKHeX.Core/Resources/text/items/text_Items_ko.txt,PKHeX.Core/Resources/text/items/text_Items_en.txt
721,デボンのにもつ,데봉화물,Devon Parts,kwsch/PKHeX,8ad201e80244f630ab5a46922ab72fb79c5ad4f4,PKHeX.Core/Resources/text/items/text_Items_ja.txt,PKHeX.Core/Resources/text/items/text_Items_ko.txt,PKHeX.Core/Resources/text/items/text_Items_en.txt
722,はいぶくろ,재주머니,Soot Sack,kwsch/PKHeX,8ad201e80244f630ab5a46922ab72fb79c5ad4f4,PKHeX.Core/Resources/text/items/text_Items_ja.txt,PKHeX.Core/Resources/text/items/text_Items_ko.txt,PKHeX.Core/Resources/text/items/text_Items_en.txt
723,ちかのカギ,지하열쇠,Basement Key,kwsch/PKHeX,8ad201e80244f630ab5a46922ab72fb79c5ad4f4,PKHeX.Core/Resources/text/items/text_Items_ja.txt,PKHeX.Core/Resources/text/items/text_Items_ko.txt,PKHeX.Core/Resources/text/items/text_Items_en.txt
724,ポロックキット,포켓몬스낵키트,Pokéblock Kit,kwsch/PKHeX,8ad201e80244f630ab5a46922ab72fb79c5ad4f4,PKHeX.Core/Resources/text/items/text_Items_ja.txt,PKHeX.Core/Resources/text/items/text_Items_ko.txt,PKHeX.Core/Resources/text/items/text_Items_en.txt
725,ダイゴへのてがみ,성호에게줄편지,Letter,kwsch/PKHeX,8ad201e80244f630ab5a46922ab72fb79c5ad4f4,PKHeX.Core/Resources/text/items/text_Items_ja.txt,PKHeX.Core/Resources/text/items/text_Items_ko.txt,PKHeX.Core/Resources/text/items/text_Items_en.txt
726,むげんのチケット,무한티켓,Eon Ticket,kwsch/PKHeX,8ad201e80244f630ab5a46922ab72fb79c5ad4f4,PKHeX.Core/Resources/text/items/text_Items_ja.txt,PKHeX.Core/Resources/text/items/text_Items_ko.txt,PKHeX.Core/Resources/text/items/text_Items_en.txt
727,たんちき,탐지기,Scanner,kwsch/PKHeX,8ad201e80244f630ab5a46922ab72fb79c5ad4f4,PKHeX.Core/Resources/text/items/text_Items_ja.txt,PKHeX.Core/Resources/text/items/text_Items_ko.txt,PKHeX.Core/Resources/text/items/text_Items_en.txt
728,ゴーゴーゴーグル,고고고글,Go-Goggles,kwsch/PKHeX,8ad201e80244f630ab5a46922ab72fb79c5ad4f4,PKHeX.Core/Resources/text/items/text_Items_ja.txt,PKHeX.Core/Resources/text/items/text_Items_ko.txt,PKHeX.Core/Resources/text/items/text_Items_en.txt
729,いんせき,운석,Meteorite,kwsch/PKHeX,8ad201e80244f630ab5a46922ab72fb79c5ad4f4,PKHeX.Core/Resources/text/items/text_Items_ja.txt,PKHeX.Core/Resources/text/items/text_Items_ko.txt,PKHeX.Core/Resources/text/items/text_Items_en.txt
730,１ごうしつのカギ,1호실열쇠,Key to Room 1,kwsch/PKHeX,8ad201e80244f630ab5a46922ab72fb79c5ad4f4,PKHeX.Core/Resources/text/items/text_Items_ja.txt,PKHeX.Core/Resources/text/items/text_Items_ko.txt,PKHeX.Core/Resources/text/items/text_Items_en.txt
731,２ごうしつのカギ,2호실열쇠,Key to Room 2,kwsch/PKHeX,8ad201e80244f630ab5a46922ab72fb79c5ad4f4,PKHeX.Core/Resources/text/items/text_Items_ja.txt,PKHeX.Core/Resources/text/items/text_Items_ko.txt,PKHeX.Core/Resources/text/items/text_Items_en.txt
732,４ごうしつのカギ,4호실열쇠,Key to Room 4,kwsch/PKHeX,8ad201e80244f630ab5a46922ab72fb79c5ad4f4,PKHeX.Core/Resources/text/items/text_Items_ja.txt,PKHeX.Core/Resources/text/items/text_Items_ko.txt,PKHeX.Core/Resources/text/items/text_Items_en.txt
733,６ごうしつのカギ,6호실열쇠,Key to Room 6,kwsch/PKHeX,8ad201e80244f630ab5a46922ab72fb79c5ad4f4,PKHeX.Core/Resources/text/items/text_Items_ja.txt,PKHeX.Core/Resources/text/items/text_Items_ko.txt,PKHeX.Core/Resources/text/items/text_Items_en.txt
734,そうこのカギ,창고열쇠,Storage Key,kwsch/PKHeX,8ad201e80244f630ab5a46922ab72fb79c5ad4f4,PKHeX.Core/Resources/text/items/text_Items_ja.txt,PKHeX.Core/Resources/text/items/text_Items_ko.txt,PKHeX.Core/Resources/text/items/text_Items_en.txt
735,デボンスコープ,데봉스코프,Devon Scope,kwsch/PKHeX,8ad201e80244f630ab5a46922ab72fb79c5ad4f4,PKHeX.Core/Resources/text/items/text_Items_ja.txt,PKHeX.Core/Resources/text/items/text_Items_ko.txt,PKHeX.Core/Resources/text/items/text_Items_en.txt
736,ふねのチケット,승선티켓,S.S. Ticket,kwsch/PKHeX,8ad201e80244f630ab5a46922ab72fb79c5ad4f4,PKHeX.Core/Resources/text/items/text_Items_ja.txt,PKHeX.Core/Resources/text/items/text_Items_ko.txt,PKHeX.Core/Resources/text/items/text_Items_en.txt
737,ひでんマシン０７,비전머신07,HM07,kwsch/PKHeX,8ad201e80244f630ab5a46922ab72fb79c5ad4f4,PKHeX.Core/Resources/text/items/text_Items_ja.txt,PKHeX.Core/Resources/text/items/text_Items_ko.txt,PKHeX.Core/Resources/text/items/text_Items_en.txt
738,デボンボンベ,데봉봄베,Devon Scuba Gear,kwsch/PKHeX,8ad201e80244f630ab5a46922ab72fb79c5ad4f4,PKHeX.Core/Resources/text/items/text_Items_ja.txt,PKHeX.Core/Resources/text/items/text_Items_ko.txt,PKHeX.Core/Resources/text/items/text_Items_en.txt
739,ライブスーツ,라이브슈트,Contest Costume,kwsch/PKHeX,8ad201e80244f630ab5a46922ab72fb79c5ad4f4,PKHeX.Core/Resources/text/items/text_Items_ja.txt,PKHeX.Core/Resources/text/items/text_Items_ko.txt,PKHeX.Core/Resources/text/items/text_Items_en.txt
740,ライブドレス,라이브드레스,Contest Costume,kwsch/PKHeX,8ad201e80244f630ab5a46922ab72fb79c5ad4f4,PKHeX.Core/Resources/text/items/text_Items_ja.txt,PKHeX.Core/Resources/text/items/text_Items_ko.txt,PKHeX.Core/Resources/text/items/text_Items_en.txt
741,マグマスーツ,마그마슈트,Magma Suit,kwsch/PKHeX,8ad201e80244f630ab5a46922ab72fb79c5ad4f4,PKHeX.Core/Resources/text/items/text_Items_ja.txt,PKHeX.Core/Resources/text/items/text_Items_ko.txt,PKHeX.Core/Resources/text/items/text_Items_en.txt
742,アクアスーツ,아쿠아슈트,Aqua Suit,kwsch/PKHeX,8ad201e80244f630ab5a46922ab72fb79c5ad4f4,PKHeX.Core/Resources/text/items/text_Items_ja.txt,PKHeX.Core/Resources/text/items/text_Items_ko.txt,PKHeX.Core/Resources/text/items/text_Items_en.txt
743,ペアチケット,페어티켓,Pair of Tickets,kwsch/PKHeX,8ad201e80244f630ab5a46922ab72fb79c5ad4f4,PKHeX.Core/Resources/text/items/text_Items_ja.txt,PKHeX.Core/Resources/text/items/text_Items_ko.txt,PKHeX.Core/Resources/text/items/text_Items_en.txt
744,メガバングル,메가뱅글,Mega Bracelet,kwsch/PKHeX,8ad201e80244f630ab5a46922ab72fb79c5ad4f4,PKHeX.Core/Resources/text/items/text_Items_ja.txt,PKHeX.Core/Resources/text/items/text_Items_ko.txt,PKHeX.Core/Resources/text/items/text_Items_en.txt
745,メガペンダント,메가펜던트,Mega Pendant,kwsch/PKHeX,8ad201e80244f630ab5a46922ab72fb79c5ad4f4,PKHeX.Core/Resources/text/items/text_Items_ja.txt,PKHeX.Core/Resources/text/items/text_Items_ko.txt,PKHeX.Core/Resources/text/items/text_Items_en.txt
746,メガメガネ,메가글라스,Mega Glasses,kwsch/PKHeX,8ad201e80244f630ab5a46922ab72fb79c5ad4f4,PKHeX.Core/Resources/text/items/text_Items_ja.txt,PKHeX.Core/Resources/text/items/text_Items_ko.txt,PKHeX.Core/Resources/text/items/text_Items_en.txt
747,メガイカリ,메가앵커,Mega Anchor,kwsch/PKHeX,8ad201e80244f630ab5a46922ab72fb79c5ad4f4,PKHeX.Core/Resources/text/items/text_Items_ja.txt,PKHeX.Core/Resources/text/items/text_Items_ko.txt,PKHeX.Core/Resources/text/items/text_Items_en.txt
748,メガラペルピン,메가라펠핀,Mega Stickpin,kwsch/PKHeX,8ad201e80244f630ab5a46922ab72fb79c5ad4f4,PKHeX.Core/Resources/text/items/text_Items_ja.txt,PKHeX.Core/Resources/text/items/text_Items_ko.txt,PKHeX.Core/Resources/text/items/text_Items_en.txt
749,メガティアラ,메가티아라,Mega Tiara,kwsch/PKHeX,8ad201e80244f630ab5a46922ab72fb79c5ad4f4,PKHeX.Core/Resources/text/items/text_Items_ja.txt,PKHeX.Core/Resources/text/items/text_Items_ko.txt,PKHeX.Core/Resources/text/items/text_Items_en.txt
750,メガアンクレット,메가앵클릿,Mega Anklet,kwsch/PKHeX,8ad201e80244f630ab5a46922ab72fb79c5ad4f4,PKHeX.Core/Resources/text/items/text_Items_ja.txt,PKHeX.Core/Resources/text/items/text_Items_ko.txt,PKHeX.Core/Resources/text/items/text_Items_en.txt
751,いんせき,운석,Meteorite,kwsch/PKHeX,8ad201e80244f630ab5a46922ab72fb79c5ad4f4,PKHeX.Core/Resources/text/items/text_Items_ja.txt,PKHeX.Core/Resources/text/items/text_Items_ko.txt,PKHeX.Core/Resources/text/items/text_Items_en.txt
752,ラグラージナイト,대짱이나이트,Swampertite,kwsch/PKHeX,8ad201e80244f630ab5a46922ab72fb79c5ad4f4,PKHeX.Core/Resources/text/items/text_Items_ja.txt,PKHeX.Core/Resources/text/items/text_Items_ko.txt,PKHeX.Core/Resources/text/items/text_Items_en.txt
753,ジュカインナイト,나무킹나이트,Sceptilite,kwsch/PKHeX,8ad201e80244f630ab5a46922ab72fb79c5ad4f4,PKHeX.Core/Resources/text/items/text_Items_ja.txt,PKHeX.Core/Resources/text/items/text_Items_ko.txt,PKHeX.Core/Resources/text/items/text_Items_en.txt
754,ヤミラミナイト,깜까미나이트,Sablenite,kwsch/PKHeX,8ad201e80244f630ab5a46922ab72fb79c5ad4f4,PKHeX.Core/Resources/text/items/text_Items_ja.txt,PKHeX.Core/Resources/text/items/text_Items_ko.txt,PKHeX.Core/Resources/text/items/text_Items_en.txt
755,チルタリスナイト,파비코리나이트,Altarianite,kwsch/PKHeX,8ad201e80244f630ab5a46922ab72fb79c5ad4f4,PKHeX.Core/Resources/text/items/text_Items_ja.txt,PKHeX.Core/Resources/text/items/text_Items_ko.txt,PKHeX.Core/Resources/text/items/text_Items_en.txt
756,エルレイドナイト,엘레이드나이트,Galladite,kwsch/PKHeX,8ad201e80244f630ab5a46922ab72fb79c5ad4f4,PKHeX.Core/Resources/text/items/text_Items_ja.txt,PKHeX.Core/Resources/text/items/text_Items_ko.txt,PKHeX.Core/Resources/text/items/text_Items_en.txt
757,タブンネナイト,다부니나이트,Audinite,kwsch/PKHeX,8ad201e80244f630ab5a46922ab72fb79c5ad4f4,PKHeX.Core/Resources/text/items/text_Items_ja.txt,PKHeX.Core/Resources/text/items/text_Items_ko.txt,PKHeX.Core/Resources/text/items/text_Items_en.txt
758,メタグロスナイト,메타그로스나이트,Metagrossite,kwsch/PKHeX,8ad201e80244f630ab5a46922ab72fb79c5ad4f4,PKHeX.Core/Resources/text/items/text_Items_ja.txt,PKHeX.Core/Resources/text/items/text_Items_ko.txt,PKHeX.Core/Resources/text/items/text_Items_en.txt
759,サメハダナイト,샤크니아나이트,Sharpedonite,kwsch/PKHeX,8ad201e80244f630ab5a46922ab72fb79c5ad4f4,PKHeX.Core/Resources/text/items/text_Items_ja.txt,PKHeX.Core/Resources/text/items/text_Items_ko.txt,PKHeX.Core/Resources/text/items/text_Items_en.txt
760,ヤドランナイト,야도란나이트,Slowbronite,kwsch/PKHeX,8ad201e80244f630ab5a46922ab72fb79c5ad4f4,PKHeX.Core/Resources/text/items/text_Items_ja.txt,PKHeX.Core/Resources/text/items/text_Items_ko.txt,PKHeX.Core/Resources/text/items/text_Items_en.txt
761,ハガネールナイト,강철톤나이트,Steelixite,kwsch/PKHeX,8ad201e80244f630ab5a46922ab72fb79c5ad4f4,PKHeX.Core/Resources/text/items/text_Items_ja.txt,PKHeX.Core/Resources/text/items/text_Items_ko.txt,PKHeX.Core/Resources/text/items/text_Items_en.txt
762,ピジョットナイト,피죤투나이트,Pidgeotite,kwsch/PKHeX,8ad201e80244f630ab5a46922ab72fb79c5ad4f4,PKHeX.Core/Resources/text/items/text_Items_ja.txt,PKHeX.Core/Resources/text/items/text_Items_ko.txt,PKHeX.Core/Resources/text/items/text_Items_en.txt
763,オニゴーリナイト,얼음귀신나이트,Glalitite,kwsch/PKHeX,8ad201e80244f630ab5a46922ab72fb79c5ad4f4,PKHeX.Core/Resources/text/items/text_Items_ja.txt,PKHeX.Core/Resources/text/items/text_Items_ko.txt,PKHeX.Core/Resources/text/items/text_Items_en.txt
764,ディアンシナイト,디안시나이트,Diancite,kwsch/PKHeX,8ad201e80244f630ab5a46922ab72fb79c5ad4f4,PKHeX.Core/Resources/text/items/text_Items_ja.txt,PKHeX.Core/Resources/text/items/text_Items_ko.txt,PKHeX.Core/Resources/text/items/text_Items_en.txt
765,いましめのツボ,굴레의항아리,Prison Bottle,kwsch/PKHeX,8ad201e80244f630ab5a46922ab72fb79c5ad4f4,PKHeX.Core/Resources/text/items/text_Items_ja.txt,PKHeX.Core/Resources/text/items/text_Items_ko.txt,PKHeX.Core/Resources/text/items/text_Items_en.txt
766,メガブレス,메가브레스,Mega Cuff,kwsch/PKHeX,8ad201e80244f630ab5a46922ab72fb79c5ad4f4,PKHeX.Core/Resources/text/items/text_Items_ja.txt,PKHeX.Core/Resources/text/items/text_Items_ko.txt,PKHeX.Core/Resources/text/items/text_Items_en.txt
767,バクーダナイト,폭타나이트,Cameruptite,kwsch/PKHeX,8ad201e80244f630ab5a46922ab72fb79c5ad4f4,PKHeX.Core/Resources/text/items/text_Items_ja.txt,PKHeX.Core/Resources/text/items/text_Items_ko.txt,PKHeX.Core/Resources/text/items/text_Items_en.txt
768,ミミロップナイト,이어롭나이트,Lopunnite,kwsch/PKHeX,8ad201e80244f630ab5a46922ab72fb79c5ad4f4,PKHeX.Core/Resources/text/items/text_Items_ja.txt,PKHeX.Core/Resources/text/items/text_Items_ko.txt,PKHeX.Core/Resources/text/items/text_Items_en.txt
769,ボーマンダナイト,보만다나이트,Salamencite,kwsch/PKHeX,8ad201e80244f630ab5a46922ab72fb79c5ad4f4,PKHeX.Core/Resources/text/items/text_Items_ja.txt,PKHeX.Core/Resources/text/items/text_Items_ko.txt,PKHeX.Core/Resources/text/items/text_Items_en.txt
770,スピアナイト,독침붕나이트,Beedrillite,kwsch/PKHeX,8ad201e80244f630ab5a46922ab72fb79c5ad4f4,PKHeX.Core/Resources/text/items/text_Items_ja.txt,PKHeX.Core/Resources/text/items/text_Items_ko.txt,PKHeX.Core/Resources/text/items/text_Items_en.txt
771,いんせき,운석,Meteorite,kwsch/PKHeX,8ad201e80244f630ab5a46922ab72fb79c5ad4f4,PKHeX.Core/Resources/text/items/text_Items_ja.txt,PKHeX.Core/Resources/text/items/text_Items_ko.txt,PKHeX.Core/Resources/text/items/text_Items_en.txt
772,いんせき,운석,Meteorite,kwsch/PKHeX,8ad201e80244f630ab5a46922ab72fb79c5ad4f4,PKHeX.Core/Resources/text/items/text_Items_ja.txt,PKHeX.Core/Resources/text/items/text_Items_ko.txt,PKHeX.Core/Resources/text/items/text_Items_en.txt
773,キーストーン,키스톤,Key Stone,kwsch/PKHeX,8ad201e80244f630ab5a46922ab72fb79c5ad4f4,PKHeX.Core/Resources/text/items/text_Items_ja.txt,PKHeX.Core/Resources/text/items/text_Items_ko.txt,PKHeX.Core/Resources/text/items/text_Items_en.txt
774,いんせきのかけら,운석조각,Meteorite Shard,kwsch/PKHeX,8ad201e80244f630ab5a46922ab72fb79c5ad4f4,PKHeX.Core/Resources/text/items/text_Items_ja.txt,PKHeX.Core/Resources/text/items/text_Items_ko.txt,PKHeX.Core/Resources/text/items/text_Items_en.txt
775,むげんのふえ,무한의피리,Eon Flute,kwsch/PKHeX,8ad201e80244f630ab5a46922ab72fb79c5ad4f4,PKHeX.Core/Resources/text/items/text_Items_ja.txt,PKHeX.Core/Resources/text/items/text_Items_ko.txt,PKHeX.Core/Resources/text/items/text_Items_en.txt
776,ノーマルＺ,노말Z,Normalium Z,kwsch/PKHeX,8ad201e80244f630ab5a46922ab72fb79c5ad4f4,PKHeX.Core/Resources/text/items/text_Items_ja.txt,PKHeX.Core/Resources/text/items/text_Items_ko.txt,PKHeX.Core/Resources/text/items/text_Items_en.txt
777,ホノオＺ,불꽃Z,Firium Z,kwsch/PKHeX,8ad201e80244f630ab5a46922ab72fb79c5ad4f4,PKHeX.Core/Resources/text/items/text_Items_ja.txt,PKHeX.Core/Resources/text/items/text_Items_ko.txt,PKHeX.Core/Resources/text/items/text_Items_en.txt
778,ミズＺ,물Z,Waterium Z,kwsch/PKHeX,8ad201e80244f630ab5a46922ab72fb79c5ad4f4,PKHeX.Core/Resources/text/items/text_Items_ja.txt,PKHeX.Core/Resources/text/items/text_Items_ko.txt,PKHeX.Core/Resources/text/items/text_Items_en.txt
779,デンキＺ,전기Z,Electrium Z,kwsch/PKHeX,8ad201e80244f630ab5a46922ab72fb79c5ad4f4,PKHeX.Core/Resources/text/items/text_Items_ja.txt,PKHeX.Core/Resources/text/items/text_Items_ko.txt,PKHeX.Core/Resources/text/items/text_Items_en.txt
780,クサＺ,풀Z,Grassium Z,kwsch/PKHeX,8ad201e80244f630ab5a46922ab72fb79c5ad4f4,PKHeX.Core/Resources/text/items/text_Items_ja.txt,PKHeX.Core/Resources/text/items/text_Items_ko.txt,PKHeX.Core/Resources/text/items/text_Items_en.txt
781,コオリＺ,얼음Z,Icium Z,kwsch/PKHeX,8ad201e80244f630ab5a46922ab72fb79c5ad4f4,PKHeX.Core/Resources/text/items/text_Items_ja.txt,PKHeX.Core/Resources/text/items/text_Items_ko.txt,PKHeX.Core/Resources/text/items/text_Items_en.txt
782,カクトウＺ,격투Z,Fightinium Z,kwsch/PKHeX,8ad201e80244f630ab5a46922ab72fb79c5ad4f4,PKHeX.Core/Resources/text/items/text_Items_ja.txt,PKHeX.Core/Resources/text/items/text_Items_ko.txt,PKHeX.Core/Resources/text/items/text_Items_en.txt
783,ドクＺ,독Z,Poisonium Z,kwsch/PKHeX,8ad201e80244f630ab5a46922ab72fb79c5ad4f4,PKHeX.Core/Resources/text/items/text_Items_ja.txt,PKHeX.Core/Resources/text/items/text_Items_ko.txt,PKHeX.Core/Resources/text/items/text_Items_en.txt
784,ジメンＺ,땅Z,Groundium Z,kwsch/PKHeX,8ad201e80244f630ab5a46922ab72fb79c5ad4f4,PKHeX.Core/Resources/text/items/text_Items_ja.txt,PKHeX.Core/Resources/text/items/text_Items_ko.txt,PKHeX.Core/Resources/text/items/text_Items_en.txt
785,ヒコウＺ,비행Z,Flyinium Z,kwsch/PKHeX,8ad201e80244f630ab5a46922ab72fb79c5ad4f4,PKHeX.Core/Resources/text/items/text_Items_ja.txt,PKHeX.Core/Resources/text/items/text_Items_ko.txt,PKHeX.Core/Resources/text/items/text_Items_en.txt
786,エスパーＺ,에스퍼Z,Psychium Z,kwsch/PKHeX,8ad201e80244f630ab5a46922ab72fb79c5ad4f4,PKHeX.Core/Resources/text/items/text_Items_ja.txt,PKHeX.Core/Resources/text/items/text_Items_ko.txt,PKHeX.Core/Resources/text/items/text_Items_en.txt
787,ムシＺ,벌레Z,Buginium Z,kwsch/PKHeX,8ad201e80244f630ab5a46922ab72fb79c5ad4f4,PKHeX.Core/Resources/text/items/text_Items_ja.txt,PKHeX.Core/Resources/text/items/text_Items_ko.txt,PKHeX.Core/Resources/text/items/text_Items_en.txt
788,イワＺ,바위Z,Rockium Z,kwsch/PKHeX,8ad201e80244f630ab5a46922ab72fb79c5ad4f4,PKHeX.Core/Resources/text/items/text_Items_ja.txt,PKHeX.Core/Resources/text/items/text_Items_ko.txt,PKHeX.Core/Resources/text/items/text_Items_en.txt
789,ゴーストＺ,고스트Z,Ghostium Z,kwsch/PKHeX,8ad201e80244f630ab5a46922ab72fb79c5ad4f4,PKHeX.Core/Resources/text/items/text_Items_ja.txt,PKHeX.Core/Resources/text/items/text_Items_ko.txt,PKHeX.Core/Resources/text/items/text_Items_en.txt
790,ドラゴンＺ,드래곤Z,Dragonium Z,kwsch/PKHeX,8ad201e80244f630ab5a46922ab72fb79c5ad4f4,PKHeX.Core/Resources/text/items/text_Items_ja.txt,PKHeX.Core/Resources/text/items/text_Items_ko.txt,PKHeX.Core/Resources/text/items/text_Items_en.txt
791,アクＺ,악Z,Darkinium Z,kwsch/PKHeX,8ad201e80244f630ab5a46922ab72fb79c5ad4f4,PKHeX.Core/Resources/text/items/text_Items_ja.txt,PKHeX.Core/Resources/text/items/text_Items_ko.txt,PKHeX.Core/Resources/text/items/text_Items_en.txt
792,ハガネＺ,강철Z,Steelium Z,kwsch/PKHeX,8ad201e80244f630ab5a46922ab72fb79c5ad4f4,PKHeX.Core/Resources/text/items/text_Items_ja.txt,PKHeX.Core/Resources/text/items/text_Items_ko.txt,PKHeX.Core/Resources/text/items/text_Items_en.txt
793,フェアリーＺ,페어리Z,Fairium Z,kwsch/PKHeX,8ad201e80244f630ab5a46922ab72fb79c5ad4f4,PKHeX.Core/Resources/text/items/text_Items_ja.txt,PKHeX.Core/Resources/text/items/text_Items_ko.txt,PKHeX.Core/Resources/text/items/text_Items_en.txt
794,ピカチュウＺ,피카츄Z,Pikanium Z,kwsch/PKHeX,8ad201e80244f630ab5a46922ab72fb79c5ad4f4,PKHeX.Core/Resources/text/items/text_Items_ja.txt,PKHeX.Core/Resources/text/items/text_Items_ko.txt,PKHeX.Core/Resources/text/items/text_Items_en.txt
795,ぎんのおうかん,은색병뚜껑,Bottle Cap,kwsch/PKHeX,8ad201e80244f630ab5a46922ab72fb79c5ad4f4,PKHeX.Core/Resources/text/items/text_Items_ja.txt,PKHeX.Core/Resources/text/items/text_Items_ko.txt,PKHeX.Core/Resources/text/items/text_Items_en.txt
796,きんのおうかん,금색병뚜껑,Gold Bottle Cap,kwsch/PKHeX,8ad201e80244f630ab5a46922ab72fb79c5ad4f4,PKHeX.Core/Resources/text/items/text_Items_ja.txt,PKHeX.Core/Resources/text/items/text_Items_ko.txt,PKHeX.Core/Resources/text/items/text_Items_en.txt
797,Ｚリング,Z링,Z-Ring,kwsch/PKHeX,8ad201e80244f630ab5a46922ab72fb79c5ad4f4,PKHeX.Core/Resources/text/items/text_Items_ja.txt,PKHeX.Core/Resources/text/items/text_Items_ko.txt,PKHeX.Core/Resources/text/items/text_Items_en.txt
798,ジュナイパーＺ,모크나이퍼Z,Decidium Z,kwsch/PKHeX,8ad201e80244f630ab5a46922ab72fb79c5ad4f4,PKHeX.Core/Resources/text/items/text_Items_ja.txt,PKHeX.Core/Resources/text/items/text_Items_ko.txt,PKHeX.Core/Resources/text/items/text_Items_en.txt
799,ガオガエンＺ,어흥염Z,Incinium Z,kwsch/PKHeX,8ad201e80244f630ab5a46922ab72fb79c5ad4f4,PKHeX.Core/Resources/text/items/text_Items_ja.txt,PKHeX.Core/Resources/text/items/text_Items_ko.txt,PKHeX.Core/Resources/text/items/text_Items_en.txt
800,アシレーヌＺ,누리레느Z,Primarium Z,kwsch/PKHeX,8ad201e80244f630ab5a46922ab72fb79c5ad4f4,PKHeX.Core/Resources/text/items/text_Items_ja.txt,PKHeX.Core/Resources/text/items/text_Items_ko.txt,PKHeX.Core/Resources/text/items/text_Items_en.txt
801,カプＺ,카푸Z,Tapunium Z,kwsch/PKHeX,8ad201e80244f630ab5a46922ab72fb79c5ad4f4,PKHeX.Core/Resources/text/items/text_Items_ja.txt,PKHeX.Core/Resources/text/items/text_Items_ko.txt,PKHeX.Core/Resources/text/items/text_Items_en.txt
802,マーシャドーＺ,마샤도Z,Marshadium Z,kwsch/PKHeX,8ad201e80244f630ab5a46922ab72fb79c5ad4f4,PKHeX.Core/Resources/text/items/text_Items_ja.txt,PKHeX.Core/Resources/text/items/text_Items_ko.txt,PKHeX.Core/Resources/text/items/text_Items_en.txt
803,アロライＺ,알로라이Z,Aloraichium Z,kwsch/PKHeX,8ad201e80244f630ab5a46922ab72fb79c5ad4f4,PKHeX.Core/Resources/text/items/text_Items_ja.txt,PKHeX.Core/Resources/text/items/text_Items_ko.txt,PKHeX.Core/Resources/text/items/text_Items_en.txt
804,カビゴンＺ,잠만보Z,Snorlium Z,kwsch/PKHeX,8ad201e80244f630ab5a46922ab72fb79c5ad4f4,PKHeX.Core/Resources/text/items/text_Items_ja.txt,PKHeX.Core/Resources/text/items/text_Items_ko.txt,PKHeX.Core/Resources/text/items/text_Items_en.txt
805,イーブイＺ,이브이Z,Eevium Z,kwsch/PKHeX,8ad201e80244f630ab5a46922ab72fb79c5ad4f4,PKHeX.Core/Resources/text/items/text_Items_ja.txt,PKHeX.Core/Resources/text/items/text_Items_ko.txt,PKHeX.Core/Resources/text/items/text_Items_en.txt
806,ミュウＺ,뮤Z,Mewnium Z,kwsch/PKHeX,8ad201e80244f630ab5a46922ab72fb79c5ad4f4,PKHeX.Core/Resources/text/items/text_Items_ja.txt,PKHeX.Core/Resources/text/items/text_Items_ko.txt,PKHeX.Core/Resources/text/items/text_Items_en.txt
807,ノーマルＺ,노말Z,Normalium Z,kwsch/PKHeX,8ad201e80244f630ab5a46922ab72fb79c5ad4f4,PKHeX.Core/Resources/text/items/text_Items_ja.txt,PKHeX.Core/Resources/text/items/text_Items_ko.txt,PKHeX.Core/Resources/text/items/text_Items_en.txt
808,ホノオＺ,불꽃Z,Firium Z,kwsch/PKHeX,8ad201e80244f630ab5a46922ab72fb79c5ad4f4,PKHeX.Core/Resources/text/items/text_Items_ja.txt,PKHeX.Core/Resources/text/items/text_Items_ko.txt,PKHeX.Core/Resources/text/items/text_Items_en.txt
809,ミズＺ,물Z,Waterium Z,kwsch/PKHeX,8ad201e80244f630ab5a46922ab72fb79c5ad4f4,PKHeX.Core/Resources/text/items/text_Items_ja.txt,PKHeX.Core/Resources/text/items/text_Items_ko.txt,PKHeX.Core/Resources/text/items/text_Items_en.txt
810,デンキＺ,전기Z,Electrium Z,kwsch/PKHeX,8ad201e80244f630ab5a46922ab72fb79c5ad4f4,PKHeX.Core/Resources/text/items/text_Items_ja.txt,PKHeX.Core/Resources/text/items/text_Items_ko.txt,PKHeX.Core/Resources/text/items/text_Items_en.txt
811,クサＺ,풀Z,Grassium Z,kwsch/PKHeX,8ad201e80244f630ab5a46922ab72fb79c5ad4f4,PKHeX.Core/Resources/text/items/text_Items_ja.txt,PKHeX.Core/Resources/text/items/text_Items_ko.txt,PKHeX.Core/Resources/text/items/text_Items_en.txt
812,コオリＺ,얼음Z,Icium Z,kwsch/PKHeX,8ad201e80244f630ab5a46922ab72fb79c5ad4f4,PKHeX.Core/Resources/text/items/text_Items_ja.txt,PKHeX.Core/Resources/text/items/text_Items_ko.txt,PKHeX.Core/Resources/text/items/text_Items_en.txt
813,カクトウＺ,격투Z,Fightinium Z,kwsch/PKHeX,8ad201e80244f630ab5a46922ab72fb79c5ad4f4,PKHeX.Core/Resources/text/items/text_Items_ja.txt,PKHeX.Core/Resources/text/items/text_Items_ko.txt,PKHeX.Core/Resources/text/items/text_Items_en.txt
814,ドクＺ,독Z,Poisonium Z,kwsch/PKHeX,8ad201e80244f630ab5a46922ab72fb79c5ad4f4,PKHeX.Core/Resources/text/items/text_Items_ja.txt,PKHeX.Core/Resources/text/items/text_Items_ko.txt,PKHeX.Core/Resources/text/items/text_Items_en.txt
815,ジメンＺ,땅Z,Groundium Z,kwsch/PKHeX,8ad201e80244f630ab5a46922ab72fb79c5ad4f4,PKHeX.Core/Resources/text/items/text_Items_ja.txt,PKHeX.Core/Resources/text/items/text_Items_ko.txt,PKHeX.Core/Resources/text/items/text_Items_en.txt
816,ヒコウＺ,비행Z,Flyinium Z,kwsch/PKHeX,8ad201e80244f630ab5a46922ab72fb79c5ad4f4,PKHeX.Core/Resources/text/items/text_Items_ja.txt,PKHeX.Core/Resources/text/items/text_Items_ko.txt,PKHeX.Core/Resources/text/items/text_Items_en.txt
817,エスパーＺ,에스퍼Z,Psychium Z,kwsch/PKHeX,8ad201e80244f630ab5a46922ab72fb79c5ad4f4,PKHeX.Core/Resources/text/items/text_Items_ja.txt,PKHeX.Core/Resources/text/items/text_Items_ko.txt,PKHeX.Core/Resources/text/items/text_Items_en.txt
818,ムシＺ,벌레Z,Buginium Z,kwsch/PKHeX,8ad201e80244f630ab5a46922ab72fb79c5ad4f4,PKHeX.Core/Resources/text/items/text_Items_ja.txt,PKHeX.Core/Resources/text/items/text_Items_ko.txt,PKHeX.Core/Resources/text/items/text_Items_en.txt
819,イワＺ,바위Z,Rockium Z,kwsch/PKHeX,8ad201e80244f630ab5a46922ab72fb79c5ad4f4,PKHeX.Core/Resources/text/items/text_Items_ja.txt,PKHeX.Core/Resources/text/items/text_Items_ko.txt,PKHeX.Core/Resources/text/items/text_Items_en.txt
820,ゴーストＺ,고스트Z,Ghostium Z,kwsch/PKHeX,8ad201e80244f630ab5a46922ab72fb79c5ad4f4,PKHeX.Core/Resources/text/items/text_Items_ja.txt,PKHeX.Core/Resources/text/items/text_Items_ko.txt,PKHeX.Core/Resources/text/items/text_Items_en.txt
821,ドラゴンＺ,드래곤Z,Dragonium Z,kwsch/PKHeX,8ad201e80244f630ab5a46922ab72fb79c5ad4f4,PKHeX.Core/Resources/text/items/text_Items_ja.txt,PKHeX.Core/Resources/text/items/text_Items_ko.txt,PKHeX.Core/Resources/text/items/text_Items_en.txt
822,アクＺ,악Z,Darkinium Z,kwsch/PKHeX,8ad201e80244f630ab5a46922ab72fb79c5ad4f4,PKHeX.Core/Resources/text/items/text_Items_ja.txt,PKHeX.Core/Resources/text/items/text_Items_ko.txt,PKHeX.Core/Resources/text/items/text_Items_en.txt
823,ハガネＺ,강철Z,Steelium Z,kwsch/PKHeX,8ad201e80244f630ab5a46922ab72fb79c5ad4f4,PKHeX.Core/Resources/text/items/text_Items_ja.txt,PKHeX.Core/Resources/text/items/text_Items_ko.txt,PKHeX.Core/Resources/text/items/text_Items_en.txt
824,フェアリーＺ,페어리Z,Fairium Z,kwsch/PKHeX,8ad201e80244f630ab5a46922ab72fb79c5ad4f4,PKHeX.Core/Resources/text/items/text_Items_ja.txt,PKHeX.Core/Resources/text/items/text_Items_ko.txt,PKHeX.Core/Resources/text/items/text_Items_en.txt
825,ピカチュウＺ,피카츄Z,Pikanium Z,kwsch/PKHeX,8ad201e80244f630ab5a46922ab72fb79c5ad4f4,PKHeX.Core/Resources/text/items/text_Items_ja.txt,PKHeX.Core/Resources/text/items/text_Items_ko.txt,PKHeX.Core/Resources/text/items/text_Items_en.txt
826,ジュナイパーＺ,모크나이퍼Z,Decidium Z,kwsch/PKHeX,8ad201e80244f630ab5a46922ab72fb79c5ad4f4,PKHeX.Core/Resources/text/items/text_Items_ja.txt,PKHeX.Core/Resources/text/items/text_Items_ko.txt,PKHeX.Core/Resources/text/items/text_Items_en.txt
827,ガオガエンＺ,어흥염Z,Incinium Z,kwsch/PKHeX,8ad201e80244f630ab5a46922ab72fb79c5ad4f4,PKHeX.Core/Resources/text/items/text_Items_ja.txt,PKHeX.Core/Resources/text/items/text_Items_ko.txt,PKHeX.Core/Resources/text/items/text_Items_en.txt
828,アシレーヌＺ,누리레느Z,Primarium Z,kwsch/PKHeX,8ad201e80244f630ab5a46922ab72fb79c5ad4f4,PKHeX.Core/Resources/text/items/text_Items_ja.txt,PKHeX.Core/Resources/text/items/text_Items_ko.txt,PKHeX.Core/Resources/text/items/text_Items_en.txt
829,カプＺ,카푸Z,Tapunium Z,kwsch/PKHeX,8ad201e80244f630ab5a46922ab72fb79c5ad4f4,PKHeX.Core/Resources/text/items/text_Items_ja.txt,PKHeX.Core/Resources/text/items/text_Items_ko.txt,PKHeX.Core/Resources/text/items/text_Items_en.txt
830,マーシャドーＺ,마샤도Z,Marshadium Z,kwsch/PKHeX,8ad201e80244f630ab5a46922ab72fb79c5ad4f4,PKHeX.Core/Resources/text/items/text_Items_ja.txt,PKHeX.Core/Resources/text/items/text_Items_ko.txt,PKHeX.Core/Resources/text/items/text_Items_en.txt
831,アロライＺ,알로라이Z,Aloraichium Z,kwsch/PKHeX,8ad201e80244f630ab5a46922ab72fb79c5ad4f4,PKHeX.Core/Resources/text/items/text_Items_ja.txt,PKHeX.Core/Resources/text/items/text_Items_ko.txt,PKHeX.Core/Resources/text/items/text_Items_en.txt
832,カビゴンＺ,잠만보Z,Snorlium Z,kwsch/PKHeX,8ad201e80244f630ab5a46922ab72fb79c5ad4f4,PKHeX.Core/Resources/text/items/text_Items_ja.txt,PKHeX.Core/Resources/text/items/text_Items_ko.txt,PKHeX.Core/Resources/text/items/text_Items_en.txt
833,イーブイＺ,이브이Z,Eevium Z,kwsch/PKHeX,8ad201e80244f630ab5a46922ab72fb79c5ad4f4,PKHeX.Core/Resources/text/items/text_Items_ja.txt,PKHeX.Core/Resources/text/items/text_Items_ko.txt,PKHeX.Core/Resources/text/items/text_Items_en.txt
834,ミュウＺ,뮤Z,Mewnium Z,kwsch/PKHeX,8ad201e80244f630ab5a46922ab72fb79c5ad4f4,PKHeX.Core/Resources/text/items/text_Items_ja.txt,PKHeX.Core/Resources/text/items/text_Items_ko.txt,PKHeX.Core/Resources/text/items/text_Items_en.txt
835,サトピカＺ,지우피카Z,Pikashunium Z,kwsch/PKHeX,8ad201e80244f630ab5a46922ab72fb79c5ad4f4,PKHeX.Core/Resources/text/items/text_Items_ja.txt,PKHeX.Core/Resources/text/items/text_Items_ko.txt,PKHeX.Core/Resources/text/items/text_Items_en.txt
836,サトピカＺ,지우피카Z,Pikashunium Z,kwsch/PKHeX,8ad201e80244f630ab5a46922ab72fb79c5ad4f4,PKHeX.Core/Resources/text/items/text_Items_ja.txt,PKHeX.Core/Resources/text/items/text_Items_ko.txt,PKHeX.Core/Resources/text/items/text_Items_en.txt
837,？？？,???,???,kwsch/PKHeX,8ad201e80244f630ab5a46922ab72fb79c5ad4f4,PKHeX.Core/Resources/text/items/text_Items_ja.txt,PKHeX.Core/Resources/text/items/text_Items_ko.txt,PKHeX.Core/Resources/text/items/text_Items_en.txt
838,？？？,???,???,kwsch/PKHeX,8ad201e80244f630ab5a46922ab72fb79c5ad4f4,PKHeX.Core/Resources/text/items/text_Items_ja.txt,PKHeX.Core/Resources/text/items/text_Items_ko.txt,PKHeX.Core/Resources/text/items/text_Items_en.txt
839,？？？,???,???,kwsch/PKHeX,8ad201e80244f630ab5a46922ab72fb79c5ad4f4,PKHeX.Core/Resources/text/items/text_Items_ja.txt,PKHeX.Core/Resources/text/items/text_Items_ko.txt,PKHeX.Core/Resources/text/items/text_Items_en.txt
840,？？？,???,???,kwsch/PKHeX,8ad201e80244f630ab5a46922ab72fb79c5ad4f4,PKHeX.Core/Resources/text/items/text_Items_ja.txt,PKHeX.Core/Resources/text/items/text_Items_ko.txt,PKHeX.Core/Resources/text/items/text_Items_en.txt
841,ざいりょうぶくろ,재료주머니,Forage Bag,kwsch/PKHeX,8ad201e80244f630ab5a46922ab72fb79c5ad4f4,PKHeX.Core/Resources/text/items/text_Items_ja.txt,PKHeX.Core/Resources/text/items/text_Items_ko.txt,PKHeX.Core/Resources/text/items/text_Items_en.txt
842,つりざお,낚싯대,Fishing Rod,kwsch/PKHeX,8ad201e80244f630ab5a46922ab72fb79c5ad4f4,PKHeX.Core/Resources/text/items/text_Items_ja.txt,PKHeX.Core/Resources/text/items/text_Items_ko.txt,PKHeX.Core/Resources/text/items/text_Items_en.txt
843,はかせのふくめん,박사의복면,Professor’s Mask,kwsch/PKHeX,8ad201e80244f630ab5a46922ab72fb79c5ad4f4,PKHeX.Core/Resources/text/items/text_Items_ja.txt,PKHeX.Core/Resources/text/items/text_Items_ko.txt,PKHeX.Core/Resources/text/items/text_Items_en.txt
844,フェスチケット,페스티켓,Festival Ticket,kwsch/PKHeX,8ad201e80244f630ab5a46922ab72fb79c5ad4f4,PKHeX.Core/Resources/text/items/text_Items_ja.txt,PKHeX.Core/Resources/text/items/text_Items_ko.txt,PKHeX.Core/Resources/text/items/text_Items_en.txt
845,かがやくいし,빛나는돌,Sparkling Stone,kwsch/PKHeX,8ad201e80244f630ab5a46922ab72fb79c5ad4f4,PKHeX.Core/Resources/text/items/text_Items_ja.txt,PKHeX.Core/Resources/text/items/text_Items_ko.txt,PKHeX.Core/Resources/text/items/text_Items_en.txt
846,ビビリだま,주눅구슬,Adrenaline Orb,kwsch/PKHeX,8ad201e80244f630ab5a46922ab72fb79c5ad4f4,PKHeX.Core/Resources/text/items/text_Items_ja.txt,PKHeX.Core/Resources/text/items/text_Items_ko.txt,PKHeX.Core/Resources/text/items/text_Items_en.txt
847,ジガルデキューブ,지가르데큐브,Zygarde Cube,kwsch/PKHeX,8ad201e80244f630ab5a46922ab72fb79c5ad4f4,PKHeX.Core/Resources/text/items/text_Items_ja.txt,PKHeX.Core/Resources/text/items/text_Items_ko.txt,PKHeX.Core/Resources/text/items/text_Items_en.txt
848,？？？,???,???,kwsch/PKHeX,8ad201e80244f630ab5a46922ab72fb79c5ad4f4,PKHeX.Core/Resources/text/items/text_Items_ja.txt,PKHeX.Core/Resources/text/items/text_Items_ko.txt,PKHeX.Core/Resources/text/items/text_Items_en.txt
849,こおりのいし,얼음의돌,Ice Stone,kwsch/PKHeX,8ad201e80244f630ab5a46922ab72fb79c5ad4f4,PKHeX.Core/Resources/text/items/text_Items_ja.txt,PKHeX.Core/Resources/text/items/text_Items_ko.txt,PKHeX.Core/Resources/text/items/text_Items_en.txt
850,ライドギア,라이드기어,Ride Pager,kwsch/PKHeX,8ad201e80244f630ab5a46922ab72fb79c5ad4f4,PKHeX.Core/Resources/text/items/text_Items_ja.txt,PKHeX.Core/Resources/text/items/text_Items_ko.txt,PKHeX.Core/Resources/text/items/text_Items_en.txt
851,ウルトラボール,울트라볼,Beast Ball,kwsch/PKHeX,8ad201e80244f630ab5a46922ab72fb79c5ad4f4,PKHeX.Core/Resources/text/items/text_Items_ja.txt,PKHeX.Core/Resources/text/items/text_Items_ko.txt,PKHeX.Core/Resources/text/items/text_Items_en.txt
852,おおきいマラサダ,큰 말라사다,Big Malasada,kwsch/PKHeX,8ad201e80244f630ab5a46922ab72fb79c5ad4f4,PKHeX.Core/Resources/text/items/text_Items_ja.txt,PKHeX.Core/Resources/text/items/text_Items_ko.txt,PKHeX.Core/Resources/text/items/text_Items_en.txt
853,くれないのミツ,다홍꿀,Red Nectar,kwsch/PKHeX,8ad201e80244f630ab5a46922ab72fb79c5ad4f4,PKHeX.Core/Resources/text/items/text_Items_ja.txt,PKHeX.Core/Resources/text/items/text_Items_ko.txt,PKHeX.Core/Resources/text/items/text_Items_en.txt
854,やまぶきのミツ,진노랑꿀,Yellow Nectar,kwsch/PKHeX,8ad201e80244f630ab5a46922ab72fb79c5ad4f4,PKHeX.Core/Resources/text/items/text_Items_ja.txt,PKHeX.Core/Resources/text/items/text_Items_ko.txt,PKHeX.Core/Resources/text/items/text_Items_en.txt
855,うすもものミツ,연분홍꿀,Pink Nectar,kwsch/PKHeX,8ad201e80244f630ab5a46922ab72fb79c5ad4f4,PKHeX.Core/Resources/text/items/text_Items_ja.txt,PKHeX.Core/Resources/text/items/text_Items_ko.txt,PKHeX.Core/Resources/text/items/text_Items_en.txt
856,むらさきのミツ,보라꿀,Purple Nectar,kwsch/PKHeX,8ad201e80244f630ab5a46922ab72fb79c5ad4f4,PKHeX.Core/Resources/text/items/text_Items_ja.txt,PKHeX.Core/Resources/text/items/text_Items_ko.txt,PKHeX.Core/Resources/text/items/text_Items_en.txt
857,たいようのふえ,태양의피리,Sun Flute,kwsch/PKHeX,8ad201e80244f630ab5a46922ab72fb79c5ad4f4,PKHeX.Core/Resources/text/items/text_Items_ja.txt,PKHeX.Core/Resources/text/items/text_Items_ko.txt,PKHeX.Core/Resources/text/items/text_Items_en.txt
858,つきのふえ,달의피리,Moon Flute,kwsch/PKHeX,8ad201e80244f630ab5a46922ab72fb79c5ad4f4,PKHeX.Core/Resources/text/items/text_Items_ja.txt,PKHeX.Core/Resources/text/items/text_Items_ko.txt,PKHeX.Core/Resources/text/items/text_Items_en.txt
859,？？？,???,???,kwsch/PKHeX,8ad201e80244f630ab5a46922ab72fb79c5ad4f4,PKHeX.Core/Resources/text/items/text_Items_ja.txt,PKHeX.Core/Resources/text/items/text_Items_ko.txt,PKHeX.Core/Resources/text/items/text_Items_en.txt
860,あやしいカード,괴상한카드,Enigmatic Card,kwsch/PKHeX,8ad201e80244f630ab5a46922ab72fb79c5ad4f4,PKHeX.Core/Resources/text/items/text_Items_ja.txt,PKHeX.Core/Resources/text/items/text_Items_ko.txt,PKHeX.Core/Resources/text/items/text_Items_en.txt
861,ぎんのズリのみ,은 라즈열매,Silver Razz Berry,kwsch/PKHeX,8ad201e80244f630ab5a46922ab72fb79c5ad4f4,PKHeX.Core/Resources/text/items/text_Items_ja.txt,PKHeX.Core/Resources/text/items/text_Items_ko.txt,PKHeX.Core/Resources/text/items/text_Items_en.txt
862,きんのズリのみ,황금 라즈열매,Golden Razz Berry,kwsch/PKHeX,8ad201e80244f630ab5a46922ab72fb79c5ad4f4,PKHeX.Core/Resources/text/items/text_Items_ja.txt,PKHeX.Core/Resources/text/items/text_Items_ko.txt,PKHeX.Core/Resources/text/items/text_Items_en.txt
863,ぎんのナナのみ,은 나나열매,Silver Nanab Berry,kwsch/PKHeX,8ad201e80244f630ab5a46922ab72fb79c5ad4f4,PKHeX.Core/Resources/text/items/text_Items_ja.txt,PKHeX.Core/Resources/text/items/text_Items_ko.txt,PKHeX.Core/Resources/text/items/text_Items_en.txt
864,きんのナナのみ,황금 나나열매,Golden Nanab Berry,kwsch/PKHeX,8ad201e80244f630ab5a46922ab72fb79c5ad4f4,PKHeX.Core/Resources/text/items/text_Items_ja.txt,PKHeX.Core/Resources/text/items/text_Items_ko.txt,PKHeX.Core/Resources/text/items/text_Items_en.txt
865,ぎんのパイルのみ,은 파인열매,Silver Pinap Berry,kwsch/PKHeX,8ad201e80244f630ab5a46922ab72fb79c5ad4f4,PKHeX.Core/Resources/text/items/text_Items_ja.txt,PKHeX.Core/Resources/text/items/text_Items_ko.txt,PKHeX.Core/Resources/text/items/text_Items_en.txt
866,きんのパイルのみ,황금 파인열매,Golden Pinap Berry,kwsch/PKHeX,8ad201e80244f630ab5a46922ab72fb79c5ad4f4,PKHeX.Core/Resources/text/items/text_Items_ja.txt,PKHeX.Core/Resources/text/items/text_Items_ko.txt,PKHeX.Core/Resources/text/items/text_Items_en.txt
867,？？？,???,???,kwsch/PKHeX,8ad201e80244f630ab5a46922ab72fb79c5ad4f4,PKHeX.Core/Resources/text/items/text_Items_ja.txt,PKHeX.Core/Resources/text/items/text_Items_ko.txt,PKHeX.Core/Resources/text/items/text_Items_en.txt
868,？？？,???,???,kwsch/PKHeX,8ad201e80244f630ab5a46922ab72fb79c5ad4f4,PKHeX.Core/Resources/text/items/text_Items_ja.txt,PKHeX.Core/Resources/text/items/text_Items_ko.txt,PKHeX.Core/Resources/text/items/text_Items_en.txt
869,？？？,???,???,kwsch/PKHeX,8ad201e80244f630ab5a46922ab72fb79c5ad4f4,PKHeX.Core/Resources/text/items/text_Items_ja.txt,PKHeX.Core/Resources/text/items/text_Items_ko.txt,PKHeX.Core/Resources/text/items/text_Items_en.txt
870,？？？,???,???,kwsch/PKHeX,8ad201e80244f630ab5a46922ab72fb79c5ad4f4,PKHeX.Core/Resources/text/items/text_Items_ja.txt,PKHeX.Core/Resources/text/items/text_Items_ko.txt,PKHeX.Core/Resources/text/items/text_Items_en.txt
871,？？？,???,???,kwsch/PKHeX,8ad201e80244f630ab5a46922ab72fb79c5ad4f4,PKHeX.Core/Resources/text/items/text_Items_ja.txt,PKHeX.Core/Resources/text/items/text_Items_ko.txt,PKHeX.Core/Resources/text/items/text_Items_en.txt
872,ひみつのカギ,비밀의열쇠,Secret Key,kwsch/PKHeX,8ad201e80244f630ab5a46922ab72fb79c5ad4f4,PKHeX.Core/Resources/text/items/text_Items_ja.txt,PKHeX.Core/Resources/text/items/text_Items_ko.txt,PKHeX.Core/Resources/text/items/text_Items_en.txt
873,ふねのチケット,승선티켓,S.S. Ticket,kwsch/PKHeX,8ad201e80244f630ab5a46922ab72fb79c5ad4f4,PKHeX.Core/Resources/text/items/text_Items_ja.txt,PKHeX.Core/Resources/text/items/text_Items_ko.txt,PKHeX.Core/Resources/text/items/text_Items_en.txt
874,シルフスコープ,실프스코프,Silph Scope,kwsch/PKHeX,8ad201e80244f630ab5a46922ab72fb79c5ad4f4,PKHeX.Core/Resources/text/items/text_Items_ja.txt,PKHeX.Core/Resources/text/items/text_Items_ko.txt,PKHeX.Core/Resources/text/items/text_Items_en.txt
875,おとどけもの,전해줄물건,Parcel,kwsch/PKHeX,8ad201e80244f630ab5a46922ab72fb79c5ad4f4,PKHeX.Core/Resources/text/items/text_Items_ja.txt,PKHeX.Core/Resources/text/items/text_Items_ko.txt,PKHeX.Core/Resources/text/items/text_Items_en.txt
876,カードキー,카드키,Card Key,kwsch/PKHeX,8ad201e80244f630ab5a46922ab72fb79c5ad4f4,PKHeX.Core/Resources/text/items/text_Items_ja.txt,PKHeX.Core/Resources/text/items/text_Items_ko.txt,PKHeX.Core/Resources/text/items/text_Items_en.txt
877,きんのいれば,금틀니,Gold Teeth,kwsch/PKHeX,8ad201e80244f630ab5a46922ab72fb79c5ad4f4,PKHeX.Core/Resources/text/items/text_Items_ja.txt,PKHeX.Core/Resources/text/items/text_Items_ko.txt,PKHeX.Core/Resources/text/items/text_Items_en.txt
878,エレベータのカギ,엘리베이터열쇠,Lift Key,kwsch/PKHeX,8ad201e80244f630ab5a46922ab72fb79c5ad4f4,PKHeX.Core/Resources/text/items/text_Items_ja.txt,PKHeX.Core/Resources/text/items/text_Items_ko.txt,PKHeX.Core/Resources/text/items/text_Items_en.txt
879,グランドコート,그라운드코트,Terrain Extender,kwsch/PKHeX,8ad201e80244f630ab5a46922ab72fb79c5ad4f4,PKHeX.Core/Resources/text/items/text_Items_ja.txt,PKHeX.Core/Resources/text/items/text_Items_ko.txt,PKHeX.Core/Resources/text/items/text_Items_en.txt
880,ぼうごパット,방호패드,Protective Pads,kwsch/PKHeX,8ad201e80244f630ab5a46922ab72fb79c5ad4f4,PKHeX.Core/Resources/text/items/text_Items_ja.txt,PKHeX.Core/Resources/text/items/text_Items_ko.txt,PKHeX.Core/Resources/text/items/text_Items_en.txt
881,エレキシード,일렉트릭시드,Electric Seed,kwsch/PKHeX,8ad201e80244f630ab5a46922ab72fb79c5ad4f4,PKHeX.Core/Resources/text/items/text_Items_ja.txt,PKHeX.Core/Resources/text/items/text_Items_ko.txt,PKHeX.Core/Resources/text/items/text_Items_en.txt
882,サイコシード,사이코시드,Psychic Seed,kwsch/PKHeX,8ad201e80244f630ab5a46922ab72fb79c5ad4f4,PKHeX.Core/Resources/text/items/text_Items_ja.txt,PKHeX.Core/Resources/text/items/text_Items_ko.txt,PKHeX.Core/Resources/text/items/text_Items_en.txt
883,ミストシード,미스트시드,Misty Seed,kwsch/PKHeX,8ad201e80244f630ab5a46922ab72fb79c5ad4f4,PKHeX.Core/Resources/text/items/text_Items_ja.txt,PKHeX.Core/Resources/text/items/text_Items_ko.txt,PKHeX.Core/Resources/text/items/text_Items_en.txt
884,グラスシード,그래스시드,Grassy Seed,kwsch/PKHeX,8ad201e80244f630ab5a46922ab72fb79c5ad4f4,PKHeX.Core/Resources/text/items/text_Items_ja.txt,PKHeX.Core/Resources/text/items/text_Items_ko.txt,PKHeX.Core/Resources/text/items/text_Items_en.txt
885,のびたバネ,늘어난용수철,Stretchy Spring,kwsch/PKHeX,8ad201e80244f630ab5a46922ab72fb79c5ad4f4,PKHeX.Core/Resources/text/items/text_Items_ja.txt,PKHeX.Core/Resources/text/items/text_Items_ko.txt,PKHeX.Core/Resources/text/items/text_Items_en.txt
886,チョークいし,초크돌,Chalky Stone,kwsch/PKHeX,8ad201e80244f630ab5a46922ab72fb79c5ad4f4,PKHeX.Core/Resources/text/items/text_Items_ja.txt,PKHeX.Core/Resources/text/items/text_Items_ko.txt,PKHeX.Core/Resources/text/items/text_Items_en.txt
887,ビーだま,유리구슬,Marble,kwsch/PKHeX,8ad201e80244f630ab5a46922ab72fb79c5ad4f4,PKHeX.Core/Resources/text/items/text_Items_ja.txt,PKHeX.Core/Resources/text/items/text_Items_ko.txt,PKHeX.Core/Resources/text/items/text_Items_en.txt
888,かたっぽピアス,한쪽귀고리,Lone Earring,kwsch/PKHeX,8ad201e80244f630ab5a46922ab72fb79c5ad4f4,PKHeX.Core/Resources/text/items/text_Items_ja.txt,PKHeX.Core/Resources/text/items/text_Items_ko.txt,PKHeX.Core/Resources/text/items/text_Items_en.txt
889,うみべのガラス,바닷가유리,Beach Glass,kwsch/PKHeX,8ad201e80244f630ab5a46922ab72fb79c5ad4f4,PKHeX.Core/Resources/text/items/text_Items_ja.txt,PKHeX.Core/Resources/text/items/text_Items_ko.txt,PKHeX.Core/Resources/text/items/text_Items_en.txt
890,きんのはっぱ,금빛잎사귀,Gold Leaf,kwsch/PKHeX,8ad201e80244f630ab5a46922ab72fb79c5ad4f4,PKHeX.Core/Resources/text/items/text_Items_ja.txt,PKHeX.Core/Resources/text/items/text_Items_ko.txt,PKHeX.Core/Resources/text/items/text_Items_en.txt
891,ぎんのはっぱ,은빛잎사귀,Silver Leaf,kwsch/PKHeX,8ad201e80244f630ab5a46922ab72fb79c5ad4f4,PKHeX.Core/Resources/text/items/text_Items_ja.txt,PKHeX.Core/Resources/text/items/text_Items_ko.txt,PKHeX.Core/Resources/text/items/text_Items_en.txt
892,ピカピカだんご,반짝반짝경단,Polished Mud Ball,kwsch/PKHeX,8ad201e80244f630ab5a46922ab72fb79c5ad4f4,PKHeX.Core/Resources/text/items/text_Items_ja.txt,PKHeX.Core/Resources/text/items/text_Items_ko.txt,PKHeX.Core/Resources/text/items/text_Items_en.txt
893,なんごくかいがら,트로피컬조개껍질,Tropical Shell,kwsch/PKHeX,8ad201e80244f630ab5a46922ab72fb79c5ad4f4,PKHeX.Core/Resources/text/items/text_Items_ja.txt,PKHeX.Core/Resources/text/items/text_Items_ko.txt,PKHeX.Core/Resources/text/items/text_Items_en.txt
894,このはのおてがみ,나뭇잎편지,Leaf Letter,kwsch/PKHeX,8ad201e80244f630ab5a46922ab72fb79c5ad4f4,PKHeX.Core/Resources/text/items/text_Items_ja.txt,PKHeX.Core/Resources/text/items/text_Items_ko.txt,PKHeX.Core/Resources/text/items/text_Items_en.txt
895,このはのおてがみ,나뭇잎편지,Leaf Letter,kwsch/PKHeX,8ad201e80244f630ab5a46922ab72fb79c5ad4f4,PKHeX.Core/Resources/text/items/text_Items_ja.txt,PKHeX.Core/Resources/text/items/text_Items_ko.txt,PKHeX.Core/Resources/text/items/text_Items_en.txt
896,ちいさなはなたば,작은꽃다발,Small Bouquet,kwsch/PKHeX,8ad201e80244f630ab5a46922ab72fb79c5ad4f4,PKHeX.Core/Resources/text/items/text_Items_ja.txt,PKHeX.Core/Resources/text/items/text_Items_ko.txt,PKHeX.Core/Resources/text/items/text_Items_en.txt
897,？？？,???,???,kwsch/PKHeX,8ad201e80244f630ab5a46922ab72fb79c5ad4f4,PKHeX.Core/Resources/text/items/text_Items_ja.txt,PKHeX.Core/Resources/text/items/text_Items_ko.txt,PKHeX.Core/Resources/text/items/text_Items_en.txt
898,？？？,???,???,kwsch/PKHeX,8ad201e80244f630ab5a46922ab72fb79c5ad4f4,PKHeX.Core/Resources/text/items/text_Items_ja.txt,PKHeX.Core/Resources/text/items/text_Items_ko.txt,PKHeX.Core/Resources/text/items/text_Items_en.txt
899,？？？,???,???,kwsch/PKHeX,8ad201e80244f630ab5a46922ab72fb79c5ad4f4,PKHeX.Core/Resources/text/items/text_Items_ja.txt,PKHeX.Core/Resources/text/items/text_Items_ko.txt,PKHeX.Core/Resources/text/items/text_Items_en.txt
900,むしよせコロン,벌레유인코롱,Lure,kwsch/PKHeX,8ad201e80244f630ab5a46922ab72fb79c5ad4f4,PKHeX.Core/Resources/text/items/text_Items_ja.txt,PKHeX.Core/Resources/text/items/text_Items_ko.txt,PKHeX.Core/Resources/text/items/text_Items_en.txt
901,シルバーコロン,실버코롱,Super Lure,kwsch/PKHeX,8ad201e80244f630ab5a46922ab72fb79c5ad4f4,PKHeX.Core/Resources/text/items/text_Items_ja.txt,PKHeX.Core/Resources/text/items/text_Items_ko.txt,PKHeX.Core/Resources/text/items/text_Items_en.txt
902,ゴールドコロン,골드코롱,Max Lure,kwsch/PKHeX,8ad201e80244f630ab5a46922ab72fb79c5ad4f4,PKHeX.Core/Resources/text/items/text_Items_ja.txt,PKHeX.Core/Resources/text/items/text_Items_ko.txt,PKHeX.Core/Resources/text/items/text_Items_en.txt
903,ニビあられ,회색강정,Pewter Crunchies,kwsch/PKHeX,8ad201e80244f630ab5a46922ab72fb79c5ad4f4,PKHeX.Core/Resources/text/items/text_Items_ja.txt,PKHeX.Core/Resources/text/items/text_Items_ko.txt,PKHeX.Core/Resources/text/items/text_Items_en.txt
904,ファイトメモリ,파이팅메모리,Fighting Memory,kwsch/PKHeX,8ad201e80244f630ab5a46922ab72fb79c5ad4f4,PKHeX.Core/Resources/text/items/text_Items_ja.txt,PKHeX.Core/Resources/text/items/text_Items_ko.txt,PKHeX.Core/Resources/text/items/text_Items_en.txt
905,フライングメモリ,플라잉메모리,Flying Memory,kwsch/PKHeX,8ad201e80244f630ab5a46922ab72fb79c5ad4f4,PKHeX.Core/Resources/text/items/text_Items_ja.txt,PKHeX.Core/Resources/text/items/text_Items_ko.txt,PKHeX.Core/Resources/text/items/text_Items_en.txt
906,ポイズンメモリ,포이즌메모리,Poison Memory,kwsch/PKHeX,8ad201e80244f630ab5a46922ab72fb79c5ad4f4,PKHeX.Core/Resources/text/items/text_Items_ja.txt,PKHeX.Core/Resources/text/items/text_Items_ko.txt,PKHeX.Core/Resources/text/items/text_Items_en.txt
907,グラウンドメモリ,그라운드메모리,Ground Memory,kwsch/PKHeX,8ad201e80244f630ab5a46922ab72fb79c5ad4f4,PKHeX.Core/Resources/text/items/text_Items_ja.txt,PKHeX.Core/Resources/text/items/text_Items_ko.txt,PKHeX.Core/Resources/text/items/text_Items_en.txt
908,ロックメモリ,록메모리,Rock Memory,kwsch/PKHeX,8ad201e80244f630ab5a46922ab72fb79c5ad4f4,PKHeX.Core/Resources/text/items/text_Items_ja.txt,PKHeX.Core/Resources/text/items/text_Items_ko.txt,PKHeX.Core/Resources/text/items/text_Items_en.txt
909,バグメモリ,버그메모리,Bug Memory,kwsch/PKHeX,8ad201e80244f630ab5a46922ab72fb79c5ad4f4,PKHeX.Core/Resources/text/items/text_Items_ja.txt,PKHeX.Core/Resources/text/items/text_Items_ko.txt,PKHeX.Core/Resources/text/items/text_Items_en.txt
910,ゴーストメモリ,고스트메모리,Ghost Memory,kwsch/PKHeX,8ad201e80244f630ab5a46922ab72fb79c5ad4f4,PKHeX.Core/Resources/text/items/text_Items_ja.txt,PKHeX.Core/Resources/text/items/text_Items_ko.txt,PKHeX.Core/Resources/text/items/text_Items_en.txt
911,スチールメモリ,스틸메모리,Steel Memory,kwsch/PKHeX,8ad201e80244f630ab5a46922ab72fb79c5ad4f4,PKHeX.Core/Resources/text/items/text_Items_ja.txt,PKHeX.Core/Resources/text/items/text_Items_ko.txt,PKHeX.Core/Resources/text/items/text_Items_en.txt
912,ファイヤーメモリ,파이어메모리,Fire Memory,kwsch/PKHeX,8ad201e80244f630ab5a46922ab72fb79c5ad4f4,PKHeX.Core/Resources/text/items/text_Items_ja.txt,PKHeX.Core/Resources/text/items/text_Items_ko.txt,PKHeX.Core/Resources/text/items/text_Items_en.txt
913,ウオーターメモリ,워터메모리,Water Memory,kwsch/PKHeX,8ad201e80244f630ab5a46922ab72fb79c5ad4f4,PKHeX.Core/Resources/text/items/text_Items_ja.txt,PKHeX.Core/Resources/text/items/text_Items_ko.txt,PKHeX.Core/Resources/text/items/text_Items_en.txt
914,グラスメモリ,그래스메모리,Grass Memory,kwsch/PKHeX,8ad201e80244f630ab5a46922ab72fb79c5ad4f4,PKHeX.Core/Resources/text/items/text_Items_ja.txt,PKHeX.Core/Resources/text/items/text_Items_ko.txt,PKHeX.Core/Resources/text/items/text_Items_en.txt
915,エレクトロメモリ,일렉트릭메모리,Electric Memory,kwsch/PKHeX,8ad201e80244f630ab5a46922ab72fb79c5ad4f4,PKHeX.Core/Resources/text/items/text_Items_ja.txt,PKHeX.Core/Resources/text/items/text_Items_ko.txt,PKHeX.Core/Resources/text/items/text_Items_en.txt
916,サイキックメモリ,사이킥메모리,Psychic Memory,kwsch/PKHeX,8ad201e80244f630ab5a46922ab72fb79c5ad4f4,PKHeX.Core/Resources/text/items/text_Items_ja.txt,PKHeX.Core/Resources/text/items/text_Items_ko.txt,PKHeX.Core/Resources/text/items/text_Items_en.txt
917,アイスメモリ,아이스메모리,Ice Memory,kwsch/PKHeX,8ad201e80244f630ab5a46922ab72fb79c5ad4f4,PKHeX.Core/Resources/text/items/text_Items_ja.txt,PKHeX.Core/Resources/text/items/text_Items_ko.txt,PKHeX.Core/Resources/text/items/text_Items_en.txt
918,ドラゴンメモリ,드래곤메모리,Dragon Memory,kwsch/PKHeX,8ad201e80244f630ab5a46922ab72fb79c5ad4f4,PKHeX.Core/Resources/text/items/text_Items_ja.txt,PKHeX.Core/Resources/text/items/text_Items_ko.txt,PKHeX.Core/Resources/text/items/text_Items_en.txt
919,ダークメモリ,다크메모리,Dark Memory,kwsch/PKHeX,8ad201e80244f630ab5a46922ab72fb79c5ad4f4,PKHeX.Core/Resources/text/items/text_Items_ja.txt,PKHeX.Core/Resources/text/items/text_Items_ko.txt,PKHeX.Core/Resources/text/items/text_Items_en.txt
920,フェアリーメモリ,페어리메모리,Fairy Memory,kwsch/PKHeX,8ad201e80244f630ab5a46922ab72fb79c5ad4f4,PKHeX.Core/Resources/text/items/text_Items_ja.txt,PKHeX.Core/Resources/text/items/text_Items_ko.txt,PKHeX.Core/Resources/text/items/text_Items_en.txt
921,ソルガレオＺ,솔가레오Z,Solganium Z,kwsch/PKHeX,8ad201e80244f630ab5a46922ab72fb79c5ad4f4,PKHeX.Core/Resources/text/items/text_Items_ja.txt,PKHeX.Core/Resources/text/items/text_Items_ko.txt,PKHeX.Core/Resources/text/items/text_Items_en.txt
922,ルナアーラＺ,루나아라Z,Lunalium Z,kwsch/PKHeX,8ad201e80244f630ab5a46922ab72fb79c5ad4f4,PKHeX.Core/Resources/text/items/text_Items_ja.txt,PKHeX.Core/Resources/text/items/text_Items_ko.txt,PKHeX.Core/Resources/text/items/text_Items_en.txt
923,ウルトラネクロＺ,울트라네크로Z,Ultranecrozium Z,kwsch/PKHeX,8ad201e80244f630ab5a46922ab72fb79c5ad4f4,PKHeX.Core/Resources/text/items/text_Items_ja.txt,PKHeX.Core/Resources/text/items/text_Items_ko.txt,PKHeX.Core/Resources/text/items/text_Items_en.txt
924,ミミッキュＺ,따라큐Z,Mimikium Z,kwsch/PKHeX,8ad201e80244f630ab5a46922ab72fb79c5ad4f4,PKHeX.Core/Resources/text/items/text_Items_ja.txt,PKHeX.Core/Resources/text/items/text_Items_ko.txt,PKHeX.Core/Resources/text/items/text_Items_en.txt
925,ルガルガンＺ,루가루암Z,Lycanium Z,kwsch/PKHeX,8ad201e80244f630ab5a46922ab72fb79c5ad4f4,PKHeX.Core/Resources/text/items/text_Items_ja.txt,PKHeX.Core/Resources/text/items/text_Items_ko.txt,PKHeX.Core/Resources/text/items/text_Items_en.txt
926,ジャラランガＺ,짜랑고우거Z,Kommonium Z,kwsch/PKHeX,8ad201e80244f630ab5a46922ab72fb79c5ad4f4,PKHeX.Core/Resources/text/items/text_Items_ja.txt,PKHeX.Core/Resources/text/items/text_Items_ko.txt,PKHeX.Core/Resources/text/items/text_Items_en.txt
927,ソルガレオＺ,솔가레오Z,Solganium Z,kwsch/PKHeX,8ad201e80244f630ab5a46922ab72fb79c5ad4f4,PKHeX.Core/Resources/text/items/text_Items_ja.txt,PKHeX.Core/Resources/text/items/text_Items_ko.txt,PKHeX.Core/Resources/text/items/text_Items_en.txt
928,ルナアーラＺ,루나아라Z,Lunalium Z,kwsch/PKHeX,8ad201e80244f630ab5a46922ab72fb79c5ad4f4,PKHeX.Core/Resources/text/items/text_Items_ja.txt,PKHeX.Core/Resources/text/items/text_Items_ko.txt,PKHeX.Core/Resources/text/items/text_Items_en.txt
929,ウルトラネクロＺ,울트라네크로Z,Ultranecrozium Z,kwsch/PKHeX,8ad201e80244f630ab5a46922ab72fb79c5ad4f4,PKHeX.Core/Resources/text/items/text_Items_ja.txt,PKHeX.Core/Resources/text/items/text_Items_ko.txt,PKHeX.Core/Resources/text/items/text_Items_en.txt
930,ミミッキュＺ,따라큐Z,Mimikium Z,kwsch/PKHeX,8ad201e80244f630ab5a46922ab72fb79c5ad4f4,PKHeX.Core/Resources/text/items/text_Items_ja.txt,PKHeX.Core/Resources/text/items/text_Items_ko.txt,PKHeX.Core/Resources/text/items/text_Items_en.txt
931,ルガルガンＺ,루가루암Z,Lycanium Z,kwsch/PKHeX,8ad201e80244f630ab5a46922ab72fb79c5ad4f4,PKHeX.Core/Resources/text/items/text_Items_ja.txt,PKHeX.Core/Resources/text/items/text_Items_ko.txt,PKHeX.Core/Resources/text/items/text_Items_en.txt
932,ジャラランガＺ,짜랑고우거Z,Kommonium Z,kwsch/PKHeX,8ad201e80244f630ab5a46922ab72fb79c5ad4f4,PKHeX.Core/Resources/text/items/text_Items_ja.txt,PKHeX.Core/Resources/text/items/text_Items_ko.txt,PKHeX.Core/Resources/text/items/text_Items_en.txt
933,Ｚパワーリング,Z파워링,Z-Power Ring,kwsch/PKHeX,8ad201e80244f630ab5a46922ab72fb79c5ad4f4,PKHeX.Core/Resources/text/items/text_Items_ja.txt,PKHeX.Core/Resources/text/items/text_Items_ko.txt,PKHeX.Core/Resources/text/items/text_Items_en.txt
934,ももいろはなびら,담홍꽃잎,Pink Petal,kwsch/PKHeX,8ad201e80244f630ab5a46922ab72fb79c5ad4f4,PKHeX.Core/Resources/text/items/text_Items_ja.txt,PKHeX.Core/Resources/text/items/text_Items_ko.txt,PKHeX.Core/Resources/text/items/text_Items_en.txt
935,だいだいはなびら,주황꽃잎,Orange Petal,kwsch/PKHeX,8ad201e80244f630ab5a46922ab72fb79c5ad4f4,PKHeX.Core/Resources/text/items/text_Items_ja.txt,PKHeX.Core/Resources/text/items/text_Items_ko.txt,PKHeX.Core/Resources/text/items/text_Items_en.txt
936,あおのはなびら,파랑꽃잎,Blue Petal,kwsch/PKHeX,8ad201e80244f630ab5a46922ab72fb79c5ad4f4,PKHeX.Core/Resources/text/items/text_Items_ja.txt,PKHeX.Core/Resources/text/items/text_Items_ko.txt,PKHeX.Core/Resources/text/items/text_Items_en.txt
937,あかのはなびら,빨강꽃잎,Red Petal,kwsch/PKHeX,8ad201e80244f630ab5a46922ab72fb79c5ad4f4,PKHeX.Core/Resources/text/items/text_Items_ja.txt,PKHeX.Core/Resources/text/items/text_Items_ko.txt,PKHeX.Core/Resources/text/items/text_Items_en.txt
938,みどりのはなびら,초록꽃잎,Green Petal,kwsch/PKHeX,8ad201e80244f630ab5a46922ab72fb79c5ad4f4,PKHeX.Core/Resources/text/items/text_Items_ja.txt,PKHeX.Core/Resources/text/items/text_Items_ko.txt,PKHeX.Core/Resources/text/items/text_Items_en.txt
939,きいろのはなびら,노랑꽃잎,Yellow Petal,kwsch/PKHeX,8ad201e80244f630ab5a46922ab72fb79c5ad4f4,PKHeX.Core/Resources/text/items/text_Items_ja.txt,PKHeX.Core/Resources/text/items/text_Items_ko.txt,PKHeX.Core/Resources/text/items/text_Items_en.txt
940,むらさきはなびら,보라꽃잎,Purple Petal,kwsch/PKHeX,8ad201e80244f630ab5a46922ab72fb79c5ad4f4,PKHeX.Core/Resources/text/items/text_Items_ja.txt,PKHeX.Core/Resources/text/items/text_Items_ko.txt,PKHeX.Core/Resources/text/items/text_Items_en.txt
941,にじいろのはな,무지개꽃,Rainbow Flower,kwsch/PKHeX,8ad201e80244f630ab5a46922ab72fb79c5ad4f4,PKHeX.Core/Resources/text/items/text_Items_ja.txt,PKHeX.Core/Resources/text/items/text_Items_ko.txt,PKHeX.Core/Resources/text/items/text_Items_en.txt
942,だいだいバッジ,주황배지,Surge Badge,kwsch/PKHeX,8ad201e80244f630ab5a46922ab72fb79c5ad4f4,PKHeX.Core/Resources/text/items/text_Items_ja.txt,PKHeX.Core/Resources/text/items/text_Items_ko.txt,PKHeX.Core/Resources/text/items/text_Items_en.txt
943,ネクロプラスソル,네크로플러스솔,N-Solarizer,kwsch/PKHeX,8ad201e80244f630ab5a46922ab72fb79c5ad4f4,PKHeX.Core/Resources/text/items/text_Items_ja.txt,PKHeX.Core/Resources/text/items/text_Items_ko.txt,PKHeX.Core/Resources/text/items/text_Items_en.txt
944,ネクロプラスルナ,네크로플러스루나,N-Lunarizer,kwsch/PKHeX,8ad201e80244f630ab5a46922ab72fb79c5ad4f4,PKHeX.Core/Resources/text/items/text_Items_ja.txt,PKHeX.Core/Resources/text/items/text_Items_ko.txt,PKHeX.Core/Resources/text/items/text_Items_en.txt
945,ネクロプラスソル,네크로플러스솔,N-Solarizer,kwsch/PKHeX,8ad201e80244f630ab5a46922ab72fb79c5ad4f4,PKHeX.Core/Resources/text/items/text_Items_ja.txt,PKHeX.Core/Resources/text/items/text_Items_ko.txt,PKHeX.Core/Resources/text/items/text_Items_en.txt
946,ネクロプラスルナ,네크로플러스루나,N-Lunarizer,kwsch/PKHeX,8ad201e80244f630ab5a46922ab72fb79c5ad4f4,PKHeX.Core/Resources/text/items/text_Items_ja.txt,PKHeX.Core/Resources/text/items/text_Items_ko.txt,PKHeX.Core/Resources/text/items/text_Items_en.txt
947,イリマノーマルＺ,일리마의 노말Z,Ilima’s Normalium Z,kwsch/PKHeX,8ad201e80244f630ab5a46922ab72fb79c5ad4f4,PKHeX.Core/Resources/text/items/text_Items_ja.txt,PKHeX.Core/Resources/text/items/text_Items_ko.txt,PKHeX.Core/Resources/text/items/text_Items_en.txt
948,のこされたボール,남겨진 볼,Left Poké Ball,kwsch/PKHeX,8ad201e80244f630ab5a46922ab72fb79c5ad4f4,PKHeX.Core/Resources/text/items/text_Items_ja.txt,PKHeX.Core/Resources/text/items/text_Items_ko.txt,PKHeX.Core/Resources/text/items/text_Items_en.txt
949,タマゴふかポン,알부화캡슐토이,Roto Hatch,kwsch/PKHeX,8ad201e80244f630ab5a46922ab72fb79c5ad4f4,PKHeX.Core/Resources/text/items/text_Items_ja.txt,PKHeX.Core/Resources/text/items/text_Items_ko.txt,PKHeX.Core/Resources/text/items/text_Items_en.txt
950,やすうりポン,할인캡슐토이,Roto Bargain,kwsch/PKHeX,8ad201e80244f630ab5a46922ab72fb79c5ad4f4,PKHeX.Core/Resources/text/items/text_Items_ja.txt,PKHeX.Core/Resources/text/items/text_Items_ko.txt,PKHeX.Core/Resources/text/items/text_Items_en.txt
951,おこづかいポン,용돈캡슐토이,Roto Prize Money,kwsch/PKHeX,8ad201e80244f630ab5a46922ab72fb79c5ad4f4,PKHeX.Core/Resources/text/items/text_Items_ja.txt,PKHeX.Core/Resources/text/items/text_Items_ko.txt,PKHeX.Core/Resources/text/items/text_Items_en.txt
952,けいけんポン,경험캡슐토이,Roto Exp. Points,kwsch/PKHeX,8ad201e80244f630ab5a46922ab72fb79c5ad4f4,PKHeX.Core/Resources/text/items/text_Items_ja.txt,PKHeX.Core/Resources/text/items/text_Items_ko.txt,PKHeX.Core/Resources/text/items/text_Items_en.txt
953,なつきポン,친밀도캡슐토이,Roto Friendship,kwsch/PKHeX,8ad201e80244f630ab5a46922ab72fb79c5ad4f4,PKHeX.Core/Resources/text/items/text_Items_ja.txt,PKHeX.Core/Resources/text/items/text_Items_ko.txt,PKHeX.Core/Resources/text/items/text_Items_en.txt
954,みっけポン,발견캡슐토이,Roto Encounter,kwsch/PKHeX,8ad201e80244f630ab5a46922ab72fb79c5ad4f4,PKHeX.Core/Resources/text/items/text_Items_ja.txt,PKHeX.Core/Resources/text/items/text_Items_ko.txt,PKHeX.Core/Resources/text/items/text_Items_en.txt
955,かくれポン,숨기캡슐토이,Roto Stealth,kwsch/PKHeX,8ad201e80244f630ab5a46922ab72fb79c5ad4f4,PKHeX.Core/Resources/text/items/text_Items_ja.txt,PKHeX.Core/Resources/text/items/text_Items_ko.txt,PKHeX.Core/Resources/text/items/text_Items_en.txt
956,ＨＰかいふくポン,HP회복캡슐토이,Roto HP Restore,kwsch/PKHeX,8ad201e80244f630ab5a46922ab72fb79c5ad4f4,PKHeX.Core/Resources/text/items/text_Items_ja.txt,PKHeX.Core/Resources/text/items/text_Items_ko.txt,PKHeX.Core/Resources/text/items/text_Items_en.txt
957,ＰＰかいふくポン,PP회복캡슐토이,Roto PP Restore,kwsch/PKHeX,8ad201e80244f630ab5a46922ab72fb79c5ad4f4,PKHeX.Core/Resources/text/items/text_Items_ja.txt,PKHeX.Core/Resources/text/items/text_Items_ko.txt,PKHeX.Core/Resources/text/items/text_Items_en.txt
958,おうえんポン,응원캡슐토이,Roto Boost,kwsch/PKHeX,8ad201e80244f630ab5a46922ab72fb79c5ad4f4,PKHeX.Core/Resources/text/items/text_Items_ja.txt,PKHeX.Core/Resources/text/items/text_Items_ko.txt,PKHeX.Core/Resources/text/items/text_Items_en.txt
959,つかまえポン,잡기캡슐토이,Roto Catch,kwsch/PKHeX,8ad201e80244f630ab5a46922ab72fb79c5ad4f4,PKHeX.Core/Resources/text/items/text_Items_ja.txt,PKHeX.Core/Resources/text/items/text_Items_ko.txt,PKHeX.Core/Resources/text/items/text_Items_en.txt
960,げんきのアメ,기력의사탕,Health Candy,kwsch/PKHeX,8ad201e80244f630ab5a46922ab72fb79c5ad4f4,PKHeX.Core/Resources/text/items/text_Items_ja.txt,PKHeX.Core/Resources/text/items/text_Items_ko.txt,PKHeX.Core/Resources/text/items/text_Items_en.txt
961,ちからのアメ,힘의사탕,Mighty Candy,kwsch/PKHeX,8ad201e80244f630ab5a46922ab72fb79c5ad4f4,PKHeX.Core/Resources/text/items/text_Items_ja.txt,PKHeX.Core/Resources/text/items/text_Items_ko.txt,PKHeX.Core/Resources/text/items/text_Items_en.txt
962,まもりのアメ,수비의사탕,Tough Candy,kwsch/PKHeX,8ad201e80244f630ab5a46922ab72fb79c5ad4f4,PKHeX.Core/Resources/text/items/text_Items_ja.txt,PKHeX.Core/Resources/text/items/text_Items_ko.txt,PKHeX.Core/Resources/text/items/text_Items_en.txt
963,ちしきのアメ,지식의사탕,Smart Candy,kwsch/PKHeX,8ad201e80244f630ab5a46922ab72fb79c5ad4f4,PKHeX.Core/Resources/text/items/text_Items_ja.txt,PKHeX.Core/Resources/text/items/text_Items_ko.txt,PKHeX.Core/Resources/text/items/text_Items_en.txt
964,こころのアメ,마음의사탕,Courage Candy,kwsch/PKHeX,8ad201e80244f630ab5a46922ab72fb79c5ad4f4,PKHeX.Core/Resources/text/items/text_Items_ja.txt,PKHeX.Core/Resources/text/items/text_Items_ko.txt,PKHeX.Core/Resources/text/items/text_Items_en.txt
965,はやさのアメ,속도의사탕,Quick Candy,kwsch/PKHeX,8ad201e80244f630ab5a46922ab72fb79c5ad4f4,PKHeX.Core/Resources/text/items/text_Items_ja.txt,PKHeX.Core/Resources/text/items/text_Items_ko.txt,PKHeX.Core/Resources/text/items/text_Items_en.txt
966,げんきのアメＬ,기력의사탕L,Health Candy L,kwsch/PKHeX,8ad201e80244f630ab5a46922ab72fb79c5ad4f4,PKHeX.Core/Resources/text/items/text_Items_ja.txt,PKHeX.Core/Resources/text/items/text_Items_ko.txt,PKHeX.Core/Resources/text/items/text_Items_en.txt
967,ちからのアメＬ,힘의사탕L,Mighty Candy L,kwsch/PKHeX,8ad201e80244f630ab5a46922ab72fb79c5ad4f4,PKHeX.Core/Resources/text/items/text_Items_ja.txt,PKHeX.Core/Resources/text/items/text_Items_ko.txt,PKHeX.Core/Resources/text/items/text_Items_en.txt
968,まもりのアメＬ,수비의사탕L,Tough Candy L,kwsch/PKHeX,8ad201e80244f630ab5a46922ab72fb79c5ad4f4,PKHeX.Core/Resources/text/items/text_Items_ja.txt,PKHeX.Core/Resources/text/items/text_Items_ko.txt,PKHeX.Core/Resources/text/items/text_Items_en.txt
969,ちしきのアメＬ,지식의사탕L,Smart Candy L,kwsch/PKHeX,8ad201e80244f630ab5a46922ab72fb79c5ad4f4,PKHeX.Core/Resources/text/items/text_Items_ja.txt,PKHeX.Core/Resources/text/items/text_Items_ko.txt,PKHeX.Core/Resources/text/items/text_Items_en.txt
970,こころのアメＬ,마음의사탕L,Courage Candy L,kwsch/PKHeX,8ad201e80244f630ab5a46922ab72fb79c5ad4f4,PKHeX.Core/Resources/text/items/text_Items_ja.txt,PKHeX.Core/Resources/text/items/text_Items_ko.txt,PKHeX.Core/Resources/text/items/text_Items_en.txt
971,はやさのアメＬ,속도의사탕L,Quick Candy L,kwsch/PKHeX,8ad201e80244f630ab5a46922ab72fb79c5ad4f4,PKHeX.Core/Resources/text/items/text_Items_ja.txt,PKHeX.Core/Resources/text/items/text_Items_ko.txt,PKHeX.Core/Resources/text/items/text_Items_en.txt
972,げんきのアメＸＬ,기력의사탕XL,Health Candy XL,kwsch/PKHeX,8ad201e80244f630ab5a46922ab72fb79c5ad4f4,PKHeX.Core/Resources/text/items/text_Items_ja.txt,PKHeX.Core/Resources/text/items/text_Items_ko.txt,PKHeX.Core/Resources/text/items/text_Items_en.txt
973,ちからのアメＸＬ,힘의사탕XL,Mighty Candy XL,kwsch/PKHeX,8ad201e80244f630ab5a46922ab72fb79c5ad4f4,PKHeX.Core/Resources/text/items/text_Items_ja.txt,PKHeX.Core/Resources/text/items/text_Items_ko.txt,PKHeX.Core/Resources/text/items/text_Items_en.txt
974,まもりのアメＸＬ,수비의사탕XL,Tough Candy XL,kwsch/PKHeX,8ad201e80244f630ab5a46922ab72fb79c5ad4f4,PKHeX.Core/Resources/text/items/text_Items_ja.txt,PKHeX.Core/Resources/text/items/text_Items_ko.txt,PKHeX.Core/Resources/text/items/text_Items_en.txt
975,ちしきのアメＸＬ,지식의사탕XL,Smart Candy XL,kwsch/PKHeX,8ad201e80244f630ab5a46922ab72fb79c5ad4f4,PKHeX.Core/Resources/text/items/text_Items_ja.txt,PKHeX.Core/Resources/text/items/text_Items_ko.txt,PKHeX.Core/Resources/text/items/text_Items_en.txt
976,こころのアメＸＬ,마음의사탕XL,Courage Candy XL,kwsch/PKHeX,8ad201e80244f630ab5a46922ab72fb79c5ad4f4,PKHeX.Core/Resources/text/items/text_Items_ja.txt,PKHeX.Core/Resources/text/items/text_Items_ko.txt,PKHeX.Core/Resources/text/items/text_Items_en.txt
977,はやさのアメＸＬ,속도의사탕XL,Quick Candy XL,kwsch/PKHeX,8ad201e80244f630ab5a46922ab72fb79c5ad4f4,PKHeX.Core/Resources/text/items/text_Items_ja.txt,PKHeX.Core/Resources/text/items/text_Items_ko.txt,PKHeX.Core/Resources/text/items/text_Items_en.txt
978,フシギダネのアメ,이상해씨의사탕,Bulbasaur Candy,kwsch/PKHeX,8ad201e80244f630ab5a46922ab72fb79c5ad4f4,PKHeX.Core/Resources/text/items/text_Items_ja.txt,PKHeX.Core/Resources/text/items/text_Items_ko.txt,PKHeX.Core/Resources/text/items/text_Items_en.txt
979,ヒトカゲのアメ,파이리의사탕,Charmander Candy,kwsch/PKHeX,8ad201e80244f630ab5a46922ab72fb79c5ad4f4,PKHeX.Core/Resources/text/items/text_Items_ja.txt,PKHeX.Core/Resources/text/items/text_Items_ko.txt,PKHeX.Core/Resources/text/items/text_Items_en.txt
980,ゼニガメのアメ,꼬부기의사탕,Squirtle Candy,kwsch/PKHeX,8ad201e80244f630ab5a46922ab72fb79c5ad4f4,PKHeX.Core/Resources/text/items/text_Items_ja.txt,PKHeX.Core/Resources/text/items/text_Items_ko.txt,PKHeX.Core/Resources/text/items/text_Items_en.txt
981,キャタピーのアメ,캐터피의사탕,Caterpie Candy,kwsch/PKHeX,8ad201e80244f630ab5a46922ab72fb79c5ad4f4,PKHeX.Core/Resources/text/items/text_Items_ja.txt,PKHeX.Core/Resources/text/items/text_Items_ko.txt,PKHeX.Core/Resources/text/items/text_Items_en.txt
982,ビードルのアメ,뿔충이의사탕,Weedle Candy,kwsch/PKHeX,8ad201e80244f630ab5a46922ab72fb79c5ad4f4,PKHeX.Core/Resources/text/items/text_Items_ja.txt,PKHeX.Core/Resources/text/items/text_Items_ko.txt,PKHeX.Core/Resources/text/items/text_Items_en.txt
983,ポッポのアメ,구구의사탕,Pidgey Candy,kwsch/PKHeX,8ad201e80244f630ab5a46922ab72fb79c5ad4f4,PKHeX.Core/Resources/text/items/text_Items_ja.txt,PKHeX.Core/Resources/text/items/text_Items_ko.txt,PKHeX.Core/Resources/text/items/text_Items_en.txt
984,コラッタのアメ,꼬렛의사탕,Rattata Candy,kwsch/PKHeX,8ad201e80244f630ab5a46922ab72fb79c5ad4f4,PKHeX.Core/Resources/text/items/text_Items_ja.txt,PKHeX.Core/Resources/text/items/text_Items_ko.txt,PKHeX.Core/Resources/text/items/text_Items_en.txt
985,オニスズメのアメ,깨비참의사탕,Spearow Candy,kwsch/PKHeX,8ad201e80244f630ab5a46922ab72fb79c5ad4f4,PKHeX.Core/Resources/text/items/text_Items_ja.txt,PKHeX.Core/Resources/text/items/text_Items_ko.txt,PKHeX.Core/Resources/text/items/text_Items_en.txt
986,アーボのアメ,아보의사탕,Ekans Candy,kwsch/PKHeX,8ad201e80244f630ab5a46922ab72fb79c5ad4f4,PKHeX.Core/Resources/text/items/text_Items_ja.txt,PKHeX.Core/Resources/text/items/text_Items_ko.txt,PKHeX.Core/Resources/text/items/text_Items_en.txt
987,ピカチュウのアメ,피카츄의사탕,Pikachu Candy,kwsch/PKHeX,8ad201e80244f630ab5a46922ab72fb79c5ad4f4,PKHeX.Core/Resources/text/items/text_Items_ja.txt,PKHeX.Core/Resources/text/items/text_Items_ko.txt,PKHeX.Core/Resources/text/items/text_Items_en.txt
988,サンドのアメ,모래두지의사탕,Sandshrew Candy,kwsch/PKHeX,8ad201e80244f630ab5a46922ab72fb79c5ad4f4,PKHeX.Core/Resources/text/items/text_Items_ja.txt,PKHeX.Core/Resources/text/items/text_Items_ko.txt,PKHeX.Core/Resources/text/items/text_Items_en.txt
989,ニドラン♀のアメ,니드런♀의사탕,Nidoran♀ Candy,kwsch/PKHeX,8ad201e80244f630ab5a46922ab72fb79c5ad4f4,PKHeX.Core/Resources/text/items/text_Items_ja.txt,PKHeX.Core/Resources/text/items/text_Items_ko.txt,PKHeX.Core/Resources/text/items/text_Items_en.txt
990,ニドラン♂のアメ,니드런♂의사탕,Nidoran♂ Candy,kwsch/PKHeX,8ad201e80244f630ab5a46922ab72fb79c5ad4f4,PKHeX.Core/Resources/text/items/text_Items_ja.txt,PKHeX.Core/Resources/text/items/text_Items_ko.txt,PKHeX.Core/Resources/text/items/text_Items_en.txt
991,ピッピのアメ,삐삐의사탕,Clefairy Candy,kwsch/PKHeX,8ad201e80244f630ab5a46922ab72fb79c5ad4f4,PKHeX.Core/Resources/text/items/text_Items_ja.txt,PKHeX.Core/Resources/text/items/text_Items_ko.txt,PKHeX.Core/Resources/text/items/text_Items_en.txt
992,ロコンのアメ,식스테일의사탕,Vulpix Candy,kwsch/PKHeX,8ad201e80244f630ab5a46922ab72fb79c5ad4f4,PKHeX.Core/Resources/text/items/text_Items_ja.txt,PKHeX.Core/Resources/text/items/text_Items_ko.txt,PKHeX.Core/Resources/text/items/text_Items_en.txt
993,プリンのアメ,푸린의사탕,Jigglypuff Candy,kwsch/PKHeX,8ad201e80244f630ab5a46922ab72fb79c5ad4f4,PKHeX.Core/Resources/text/items/text_Items_ja.txt,PKHeX.Core/Resources/text/items/text_Items_ko.txt,PKHeX.Core/Resources/text/items/text_Items_en.txt
994,ズバットのアメ,주뱃의사탕,Zubat Candy,kwsch/PKHeX,8ad201e80244f630ab5a46922ab72fb79c5ad4f4,PKHeX.Core/Resources/text/items/text_Items_ja.txt,PKHeX.Core/Resources/text/items/text_Items_ko.txt,PKHeX.Core/Resources/text/items/text_Items_en.txt
995,ナゾノクサのアメ,뚜벅쵸의사탕,Oddish Candy,kwsch/PKHeX,8ad201e80244f630ab5a46922ab72fb79c5ad4f4,PKHeX.Core/Resources/text/items/text_Items_ja.txt,PKHeX.Core/Resources/text/items/text_Items_ko.txt,PKHeX.Core/Resources/text/items/text_Items_en.txt
996,パラスのアメ,파라스의사탕,Paras Candy,kwsch/PKHeX,8ad201e80244f630ab5a46922ab72fb79c5ad4f4,PKHeX.Core/Resources/text/items/text_Items_ja.txt,PKHeX.Core/Resources/text/items/text_Items_ko.txt,PKHeX.Core/Resources/text/items/text_Items_en.txt
997,コンパンのアメ,콘팡의사탕,Venonat Candy,kwsch/PKHeX,8ad201e80244f630ab5a46922ab72fb79c5ad4f4,PKHeX.Core/Resources/text/items/text_Items_ja.txt,PKHeX.Core/Resources/text/items/text_Items_ko.txt,PKHeX.Core/Resources/text/items/text_Items_en.txt
998,ディグダのアメ,디그다의사탕,Diglett Candy,kwsch/PKHeX,8ad201e80244f630ab5a46922ab72fb79c5ad4f4,PKHeX.Core/Resources/text/items/text_Items_ja.txt,PKHeX.Core/Resources/text/items/text_Items_ko.txt,PKHeX.Core/Resources/text/items/text_Items_en.txt
999,ニャースのアメ,나옹의사탕,Meowth Candy,kwsch/PKHeX,8ad201e80244f630ab5a46922ab72fb79c5ad4f4,PKHeX.Core/Resources/text/items/text_Items_ja.txt,PKHeX.Core/Resources/text/items/text_Items_ko.txt,PKHeX.Core/Resources/text/items/text_Items_en.txt
1000,コダックのアメ,고라파덕의사탕,Psyduck Candy,kwsch/PKHeX,8ad201e80244f630ab5a46922ab72fb79c5ad4f4,PKHeX.Core/Resources/text/items/text_Items_ja.txt,PKHeX.Core/Resources/text/items/text_Items_ko.txt,PKHeX.Core/Resources/text/items/text_Items_en.txt
1001,マンキーのアメ,망키의사탕,Mankey Candy,kwsch/PKHeX,8ad201e80244f630ab5a46922ab72fb79c5ad4f4,PKHeX.Core/Resources/text/items/text_Items_ja.txt,PKHeX.Core/Resources/text/items/text_Items_ko.txt,PKHeX.Core/Resources/text/items/text_Items_en.txt
1002,ガーディのアメ,가디의사탕,Growlithe Candy,kwsch/PKHeX,8ad201e80244f630ab5a46922ab72fb79c5ad4f4,PKHeX.Core/Resources/text/items/text_Items_ja.txt,PKHeX.Core/Resources/text/items/text_Items_ko.txt,PKHeX.Core/Resources/text/items/text_Items_en.txt
1003,ニョロモのアメ,발챙이의사탕,Poliwag Candy,kwsch/PKHeX,8ad201e80244f630ab5a46922ab72fb79c5ad4f4,PKHeX.Core/Resources/text/items/text_Items_ja.txt,PKHeX.Core/Resources/text/items/text_Items_ko.txt,PKHeX.Core/Resources/text/items/text_Items_en.txt
1004,ケーシィのアメ,캐이시의사탕,Abra Candy,kwsch/PKHeX,8ad201e80244f630ab5a46922ab72fb79c5ad4f4,PKHeX.Core/Resources/text/items/text_Items_ja.txt,PKHeX.Core/Resources/text/items/text_Items_ko.txt,PKHeX.Core/Resources/text/items/text_Items_en.txt
1005,ワンリキーのアメ,알통몬의사탕,Machop Candy,kwsch/PKHeX,8ad201e80244f630ab5a46922ab72fb79c5ad4f4,PKHeX.Core/Resources/text/items/text_Items_ja.txt,PKHeX.Core/Resources/text/items/text_Items_ko.txt,PKHeX.Core/Resources/text/items/text_Items_en.txt
1006,マダツボミのアメ,모다피의사탕,Bellsprout Candy,kwsch/PKHeX,8ad201e80244f630ab5a46922ab72fb79c5ad4f4,PKHeX.Core/Resources/text/items/text_Items_ja.txt,PKHeX.Core/Resources/text/items/text_Items_ko.txt,PKHeX.Core/Resources/text/items/text_Items_en.txt
1007,メノクラゲのアメ,왕눈해의사탕,Tentacool Candy,kwsch/PKHeX,8ad201e80244f630ab5a46922ab72fb79c5ad4f4,PKHeX.Core/Resources/text/items/text_Items_ja.txt,PKHeX.Core/Resources/text/items/text_Items_ko.txt,PKHeX.Core/Resources/text/items/text_Items_en.txt
1008,イシツブテのアメ,꼬마돌의사탕,Geodude Candy,kwsch/PKHeX,8ad201e80244f630ab5a46922ab72fb79c5ad4f4,PKHeX.Core/Resources/text/items/text_Items_ja.txt,PKHeX.Core/Resources/text/items/text_Items_ko.txt,PKHeX.Core/Resources/text/items/text_Items_en.txt
1009,ポニータのアメ,포니타의사탕,Ponyta Candy,kwsch/PKHeX,8ad201e80244f630ab5a46922ab72fb79c5ad4f4,PKHeX.Core/Resources/text/items/text_Items_ja.txt,PKHeX.Core/Resources/text/items/text_Items_ko.txt,PKHeX.Core/Resources/text/items/text_Items_en.txt
1010,ヤドンのアメ,야돈의사탕,Slowpoke Candy,kwsch/PKHeX,8ad201e80244f630ab5a46922ab72fb79c5ad4f4,PKHeX.Core/Resources/text/items/text_Items_ja.txt,PKHeX.Core/Resources/text/items/text_Items_ko.txt,PKHeX.Core/Resources/text/items/text_Items_en.txt
1011,コイルのアメ,코일의사탕,Magnemite Candy,kwsch/PKHeX,8ad201e80244f630ab5a46922ab72fb79c5ad4f4,PKHeX.Core/Resources/text/items/text_Items_ja.txt,PKHeX.Core/Resources/text/items/text_Items_ko.txt,PKHeX.Core/Resources/text/items/text_Items_en.txt
1012,カモネギのアメ,파오리의사탕,Farfetch’d Candy,kwsch/PKHeX,8ad201e80244f630ab5a46922ab72fb79c5ad4f4,PKHeX.Core/Resources/text/items/text_Items_ja.txt,PKHeX.Core/Resources/text/items/text_Items_ko.txt,PKHeX.Core/Resources/text/items/text_Items_en.txt
1013,ドードーのアメ,두두의사탕,Doduo Candy,kwsch/PKHeX,8ad201e80244f630ab5a46922ab72fb79c5ad4f4,PKHeX.Core/Resources/text/items/text_Items_ja.txt,PKHeX.Core/Resources/text/items/text_Items_ko.txt,PKHeX.Core/Resources/text/items/text_Items_en.txt
1014,パウワウのアメ,쥬쥬의사탕,Seel Candy,kwsch/PKHeX,8ad201e80244f630ab5a46922ab72fb79c5ad4f4,PKHeX.Core/Resources/text/items/text_Items_ja.txt,PKHeX.Core/Resources/text/items/text_Items_ko.txt,PKHeX.Core/Resources/text/items/text_Items_en.txt
1015,ベトベターのアメ,질퍽이의사탕,Grimer Candy,kwsch/PKHeX,8ad201e80244f630ab5a46922ab72fb79c5ad4f4,PKHeX.Core/Resources/text/items/text_Items_ja.txt,PKHeX.Core/Resources/text/items/text_Items_ko.txt,PKHeX.Core/Resources/text/items/text_Items_en.txt
1016,シェルダーのアメ,셀러의사탕,Shellder Candy,kwsch/PKHeX,8ad201e80244f630ab5a46922ab72fb79c5ad4f4,PKHeX.Core/Resources/text/items/text_Items_ja.txt,PKHeX.Core/Resources/text/items/text_Items_ko.txt,PKHeX.Core/Resources/text/items/text_Items_en.txt
1017,ゴースのアメ,고오스의사탕,Gastly Candy,kwsch/PKHeX,8ad201e80244f630ab5a46922ab72fb79c5ad4f4,PKHeX.Core/Resources/text/items/text_Items_ja.txt,PKHeX.Core/Resources/text/items/text_Items_ko.txt,PKHeX.Core/Resources/text/items/text_Items_en.txt
1018,イワークのアメ,롱스톤의사탕,Onix Candy,kwsch/PKHeX,8ad201e80244f630ab5a46922ab72fb79c5ad4f4,PKHeX.Core/Resources/text/items/text_Items_ja.txt,PKHeX.Core/Resources/text/items/text_Items_ko.txt,PKHeX.Core/Resources/text/items/text_Items_en.txt
1019,スリープのアメ,슬리프의사탕,Drowzee Candy,kwsch/PKHeX,8ad201e80244f630ab5a46922ab72fb79c5ad4f4,PKHeX.Core/Resources/text/items/text_Items_ja.txt,PKHeX.Core/Resources/text/items/text_Items_ko.txt,PKHeX.Core/Resources/text/items/text_Items_en.txt
1020,クラブのアメ,크랩의사탕,Krabby Candy,kwsch/PKHeX,8ad201e80244f630ab5a46922ab72fb79c5ad4f4,PKHeX.Core/Resources/text/items/text_Items_ja.txt,PKHeX.Core/Resources/text/items/text_Items_ko.txt,PKHeX.Core/Resources/text/items/text_Items_en.txt
1021,ビリリダマのアメ,찌리리공의사탕,Voltorb Candy,kwsch/PKHeX,8ad201e80244f630ab5a46922ab72fb79c5ad4f4,PKHeX.Core/Resources/text/items/text_Items_ja.txt,PKHeX.Core/Resources/text/items/text_Items_ko.txt,PKHeX.Core/Resources/text/items/text_Items_en.txt
1022,タマタマのアメ,아라리의사탕,Exeggcute Candy,kwsch/PKHeX,8ad201e80244f630ab5a46922ab72fb79c5ad4f4,PKHeX.Core/Resources/text/items/text_Items_ja.txt,PKHeX.Core/Resources/text/items/text_Items_ko.txt,PKHeX.Core/Resources/text/items/text_Items_en.txt
1023,カラカラのアメ,탕구리의사탕,Cubone Candy,kwsch/PKHeX,8ad201e80244f630ab5a46922ab72fb79c5ad4f4,PKHeX.Core/Resources/text/items/text_Items_ja.txt,PKHeX.Core/Resources/text/items/text_Items_ko.txt,PKHeX.Core/Resources/text/items/text_Items_en.txt
1024,サワムラーのアメ,시라소몬의사탕,Hitmonlee Candy,kwsch/PKHeX,8ad201e80244f630ab5a46922ab72fb79c5ad4f4,PKHeX.Core/Resources/text/items/text_Items_ja.txt,PKHeX.Core/Resources/text/items/text_Items_ko.txt,PKHeX.Core/Resources/text/items/text_Items_en.txt
1025,エビワラーのアメ,홍수몬의사탕,Hitmonchan Candy,kwsch/PKHeX,8ad201e80244f630ab5a46922ab72fb79c5ad4f4,PKHeX.Core/Resources/text/items/text_Items_ja.txt,PKHeX.Core/Resources/text/items/text_Items_ko.txt,PKHeX.Core/Resources/text/items/text_Items_en.txt
1026,ベロリンガのアメ,내루미의사탕,Lickitung Candy,kwsch/PKHeX,8ad201e80244f630ab5a46922ab72fb79c5ad4f4,PKHeX.Core/Resources/text/items/text_Items_ja.txt,PKHeX.Core/Resources/text/items/text_Items_ko.txt,PKHeX.Core/Resources/text/items/text_Items_en.txt
1027,ドガースのアメ,또가스의사탕,Koffing Candy,kwsch/PKHeX,8ad201e80244f630ab5a46922ab72fb79c5ad4f4,PKHeX.Core/Resources/text/items/text_Items_ja.txt,PKHeX.Core/Resources/text/items/text_Items_ko.txt,PKHeX.Core/Resources/text/items/text_Items_en.txt
1028,サイホーンのアメ,뿔카노의사탕,Rhyhorn Candy,kwsch/PKHeX,8ad201e80244f630ab5a46922ab72fb79c5ad4f4,PKHeX.Core/Resources/text/items/text_Items_ja.txt,PKHeX.Core/Resources/text/items/text_Items_ko.txt,PKHeX.Core/Resources/text/items/text_Items_en.txt
1029,ラッキーのアメ,럭키의사탕,Chansey Candy,kwsch/PKHeX,8ad201e80244f630ab5a46922ab72fb79c5ad4f4,PKHeX.Core/Resources/text/items/text_Items_ja.txt,PKHeX.Core/Resources/text/items/text_Items_ko.txt,PKHeX.Core/Resources/text/items/text_Items_en.txt
1030,モンジャラのアメ,덩쿠리의사탕,Tangela Candy,kwsch/PKHeX,8ad201e80244f630ab5a46922ab72fb79c5ad4f4,PKHeX.Core/Resources/text/items/text_Items_ja.txt,PKHeX.Core/Resources/text/items/text_Items_ko.txt,PKHeX.Core/Resources/text/items/text_Items_en.txt
1031,ガルーラのアメ,캥카의사탕,Kangaskhan Candy,kwsch/PKHeX,8ad201e80244f630ab5a46922ab72fb79c5ad4f4,PKHeX.Core/Resources/text/items/text_Items_ja.txt,PKHeX.Core/Resources/text/items/text_Items_ko.txt,PKHeX.Core/Resources/text/items/text_Items_en.txt
1032,タッツーのアメ,쏘드라의사탕,Horsea Candy,kwsch/PKHeX,8ad201e80244f630ab5a46922ab72fb79c5ad4f4,PKHeX.Core/Resources/text/items/text_Items_ja.txt,PKHeX.Core/Resources/text/items/text_Items_ko.txt,PKHeX.Core/Resources/text/items/text_Items_en.txt
1033,トサキントのアメ,콘치의사탕,Goldeen Candy,kwsch/PKHeX,8ad201e80244f630ab5a46922ab72fb79c5ad4f4,PKHeX.Core/Resources/text/items/text_Items_ja.txt,PKHeX.Core/Resources/text/items/text_Items_ko.txt,PKHeX.Core/Resources/text/items/text_Items_en.txt
1034,ヒトデマンのアメ,별가사리의사탕,Staryu Candy,kwsch/PKHeX,8ad201e80244f630ab5a46922ab72fb79c5ad4f4,PKHeX.Core/Resources/text/items/text_Items_ja.txt,PKHeX.Core/Resources/text/items/text_Items_ko.txt,PKHeX.Core/Resources/text/items/text_Items_en.txt
1035,バリヤードのアメ,마임맨의사탕,Mr. Mime Candy,kwsch/PKHeX,8ad201e80244f630ab5a46922ab72fb79c5ad4f4,PKHeX.Core/Resources/text/items/text_Items_ja.txt,PKHeX.Core/Resources/text/items/text_Items_ko.txt,PKHeX.Core/Resources/text/items/text_Items_en.txt
1036,ストライクのアメ,스라크의사탕,Scyther Candy,kwsch/PKHeX,8ad201e80244f630ab5a46922ab72fb79c5ad4f4,PKHeX.Core/Resources/text/items/text_Items_ja.txt,PKHeX.Core/Resources/text/items/text_Items_ko.txt,PKHeX.Core/Resources/text/items/text_Items_en.txt
1037,ルージュラのアメ,루주라의사탕,Jynx Candy,kwsch/PKHeX,8ad201e80244f630ab5a46922ab72fb79c5ad4f4,PKHeX.Core/Resources/text/items/text_Items_ja.txt,PKHeX.Core/Resources/text/items/text_Items_ko.txt,PKHeX.Core/Resources/text/items/text_Items_en.txt
1038,エレブーのアメ,에레브의사탕,Electabuzz Candy,kwsch/PKHeX,8ad201e80244f630ab5a46922ab72fb79c5ad4f4,PKHeX.Core/Resources/text/items/text_Items_ja.txt,PKHeX.Core/Resources/text/items/text_Items_ko.txt,PKHeX.Core/Resources/text/items/text_Items_en.txt
1039,カイロスのアメ,쁘사이저의사탕,Pinsir Candy,kwsch/PKHeX,8ad201e80244f630ab5a46922ab72fb79c5ad4f4,PKHeX.Core/Resources/text/items/text_Items_ja.txt,PKHeX.Core/Resources/text/items/text_Items_ko.txt,PKHeX.Core/Resources/text/items/text_Items_en.txt
1040,ケンタロスのアメ,켄타로스의사탕,Tauros Candy,kwsch/PKHeX,8ad201e80244f630ab5a46922ab72fb79c5ad4f4,PKHeX.Core/Resources/text/items/text_Items_ja.txt,PKHeX.Core/Resources/text/items/text_Items_ko.txt,PKHeX.Core/Resources/text/items/text_Items_en.txt
1041,コイキングのアメ,잉어킹의사탕,Magikarp Candy,kwsch/PKHeX,8ad201e80244f630ab5a46922ab72fb79c5ad4f4,PKHeX.Core/Resources/text/items/text_Items_ja.txt,PKHeX.Core/Resources/text/items/text_Items_ko.txt,PKHeX.Core/Resources/text/items/text_Items_en.txt
1042,ラプラスのアメ,라프라스의사탕,Lapras Candy,kwsch/PKHeX,8ad201e80244f630ab5a46922ab72fb79c5ad4f4,PKHeX.Core/Resources/text/items/text_Items_ja.txt,PKHeX.Core/Resources/text/items/text_Items_ko.txt,PKHeX.Core/Resources/text/items/text_Items_en.txt
1043,メタモンのアメ,메타몽의사탕,Ditto Candy,kwsch/PKHeX,8ad201e80244f630ab5a46922ab72fb79c5ad4f4,PKHeX.Core/Resources/text/items/text_Items_ja.txt,PKHeX.Core/Resources/text/items/text_Items_ko.txt,PKHeX.Core/Resources/text/items/text_Items_en.txt
1044,イーブイのアメ,이브이의사탕,Eevee Candy,kwsch/PKHeX,8ad201e80244f630ab5a46922ab72fb79c5ad4f4,PKHeX.Core/Resources/text/items/text_Items_ja.txt,PKHeX.Core/Resources/text/items/text_Items_ko.txt,PKHeX.Core/Resources/text/items/text_Items_en.txt
1045,ポリゴンのアメ,폴리곤의사탕,Porygon Candy,kwsch/PKHeX,8ad201e80244f630ab5a46922ab72fb79c5ad4f4,PKHeX.Core/Resources/text/items/text_Items_ja.txt,PKHeX.Core/Resources/text/items/text_Items_ko.txt,PKHeX.Core/Resources/text/items/text_Items_en.txt
1046,オムナイトのアメ,암나이트의사탕,Omanyte Candy,kwsch/PKHeX,8ad201e80244f630ab5a46922ab72fb79c5ad4f4,PKHeX.Core/Resources/text/items/text_Items_ja.txt,PKHeX.Core/Resources/text/items/text_Items_ko.txt,PKHeX.Core/Resources/text/items/text_Items_en.txt
1047,カブトのアメ,투구의사탕,Kabuto Candy,kwsch/PKHeX,8ad201e80244f630ab5a46922ab72fb79c5ad4f4,PKHeX.Core/Resources/text/items/text_Items_ja.txt,PKHeX.Core/Resources/text/items/text_Items_ko.txt,PKHeX.Core/Resources/text/items/text_Items_en.txt
1048,プテラのアメ,프테라의사탕,Aerodactyl Candy,kwsch/PKHeX,8ad201e80244f630ab5a46922ab72fb79c5ad4f4,PKHeX.Core/Resources/text/items/text_Items_ja.txt,PKHeX.Core/Resources/text/items/text_Items_ko.txt,PKHeX.Core/Resources/text/items/text_Items_en.txt
1049,カビゴンのアメ,잠만보의사탕,Snorlax Candy,kwsch/PKHeX,8ad201e80244f630ab5a46922ab72fb79c5ad4f4,PKHeX.Core/Resources/text/items/text_Items_ja.txt,PKHeX.Core/Resources/text/items/text_Items_ko.txt,PKHeX.Core/Resources/text/items/text_Items_en.txt
1050,フリーザーのアメ,프리져의사탕,Articuno Candy,kwsch/PKHeX,8ad201e80244f630ab5a46922ab72fb79c5ad4f4,PKHeX.Core/Resources/text/items/text_Items_ja.txt,PKHeX.Core/Resources/text/items/text_Items_ko.txt,PKHeX.Core/Resources/text/items/text_Items_en.txt
1051,サンダーのアメ,썬더의사탕,Zapdos Candy,kwsch/PKHeX,8ad201e80244f630ab5a46922ab72fb79c5ad4f4,PKHeX.Core/Resources/text/items/text_Items_ja.txt,PKHeX.Core/Resources/text/items/text_Items_ko.txt,PKHeX.Core/Resources/text/items/text_Items_en.txt
1052,ファイヤーのアメ,파이어의사탕,Moltres Candy,kwsch/PKHeX,8ad201e80244f630ab5a46922ab72fb79c5ad4f4,PKHeX.Core/Resources/text/items/text_Items_ja.txt,PKHeX.Core/Resources/text/items/text_Items_ko.txt,PKHeX.Core/Resources/text/items/text_Items_en.txt
1053,ミニリュウのアメ,미뇽의사탕,Dratini Candy,kwsch/PKHeX,8ad201e80244f630ab5a46922ab72fb79c5ad4f4,PKHeX.Core/Resources/text/items/text_Items_ja.txt,PKHeX.Core/Resources/text/items/text_Items_ko.txt,PKHeX.Core/Resources/text/items/text_Items_en.txt
1054,ミュウツーのアメ,뮤츠의사탕,Mewtwo Candy,kwsch/PKHeX,8ad201e80244f630ab5a46922ab72fb79c5ad4f4,PKHeX.Core/Resources/text/items/text_Items_ja.txt,PKHeX.Core/Resources/text/items/text_Items_ko.txt,PKHeX.Core/Resources/text/items/text_Items_en.txt
1055,ミュウのアメ,뮤의사탕,Mew Candy,kwsch/PKHeX,8ad201e80244f630ab5a46922ab72fb79c5ad4f4,PKHeX.Core/Resources/text/items/text_Items_ja.txt,PKHeX.Core/Resources/text/items/text_Items_ko.txt,PKHeX.Core/Resources/text/items/text_Items_en.txt
1056,メルタンのアメ,멜탄의사탕,Meltan Candy,kwsch/PKHeX,8ad201e80244f630ab5a46922ab72fb79c5ad4f4,PKHeX.Core/Resources/text/items/text_Items_ja.txt,PKHeX.Core/Resources/text/items/text_Items_ko.txt,PKHeX.Core/Resources/text/items/text_Items_en.txt
1057,ブーバーのアメ,마그마의사탕,Magmar Candy,kwsch/PKHeX,8ad201e80244f630ab5a46922ab72fb79c5ad4f4,PKHeX.Core/Resources/text/items/text_Items_ja.txt,PKHeX.Core/Resources/text/items/text_Items_ko.txt,PKHeX.Core/Resources/text/items/text_Items_en.txt
1058,？？？,???,???,kwsch/PKHeX,8ad201e80244f630ab5a46922ab72fb79c5ad4f4,PKHeX.Core/Resources/text/items/text_Items_ja.txt,PKHeX.Core/Resources/text/items/text_Items_ko.txt,PKHeX.Core/Resources/text/items/text_Items_en.txt
1059,？？？,???,???,kwsch/PKHeX,8ad201e80244f630ab5a46922ab72fb79c5ad4f4,PKHeX.Core/Resources/text/items/text_Items_ja.txt,PKHeX.Core/Resources/text/items/text_Items_ko.txt,PKHeX.Core/Resources/text/items/text_Items_en.txt
1060,？？？,???,???,kwsch/PKHeX,8ad201e80244f630ab5a46922ab72fb79c5ad4f4,PKHeX.Core/Resources/text/items/text_Items_ja.txt,PKHeX.Core/Resources/text/items/text_Items_ko.txt,PKHeX.Core/Resources/text/items/text_Items_en.txt
1061,？？？,???,???,kwsch/PKHeX,8ad201e80244f630ab5a46922ab72fb79c5ad4f4,PKHeX.Core/Resources/text/items/text_Items_ja.txt,PKHeX.Core/Resources/text/items/text_Items_ko.txt,PKHeX.Core/Resources/text/items/text_Items_en.txt
1062,？？？,???,???,kwsch/PKHeX,8ad201e80244f630ab5a46922ab72fb79c5ad4f4,PKHeX.Core/Resources/text/items/text_Items_ja.txt,PKHeX.Core/Resources/text/items/text_Items_ko.txt,PKHeX.Core/Resources/text/items/text_Items_en.txt
1063,？？？,???,???,kwsch/PKHeX,8ad201e80244f630ab5a46922ab72fb79c5ad4f4,PKHeX.Core/Resources/text/items/text_Items_ja.txt,PKHeX.Core/Resources/text/items/text_Items_ko.txt,PKHeX.Core/Resources/text/items/text_Items_en.txt
1064,？？？,???,???,kwsch/PKHeX,8ad201e80244f630ab5a46922ab72fb79c5ad4f4,PKHeX.Core/Resources/text/items/text_Items_ja.txt,PKHeX.Core/Resources/text/items/text_Items_ko.txt,PKHeX.Core/Resources/text/items/text_Items_en.txt
1065,？？？,???,???,kwsch/PKHeX,8ad201e80244f630ab5a46922ab72fb79c5ad4f4,PKHeX.Core/Resources/text/items/text_Items_ja.txt,PKHeX.Core/Resources/text/items/text_Items_ko.txt,PKHeX.Core/Resources/text/items/text_Items_en.txt
1066,？？？,???,???,kwsch/PKHeX,8ad201e80244f630ab5a46922ab72fb79c5ad4f4,PKHeX.Core/Resources/text/items/text_Items_ja.txt,PKHeX.Core/Resources/text/items/text_Items_ko.txt,PKHeX.Core/Resources/text/items/text_Items_en.txt
1067,？？？,???,???,kwsch/PKHeX,8ad201e80244f630ab5a46922ab72fb79c5ad4f4,PKHeX.Core/Resources/text/items/text_Items_ja.txt,PKHeX.Core/Resources/text/items/text_Items_ko.txt,PKHeX.Core/Resources/text/items/text_Items_en.txt
1068,？？？,???,???,kwsch/PKHeX,8ad201e80244f630ab5a46922ab72fb79c5ad4f4,PKHeX.Core/Resources/text/items/text_Items_ja.txt,PKHeX.Core/Resources/text/items/text_Items_ko.txt,PKHeX.Core/Resources/text/items/text_Items_en.txt
1069,？？？,???,???,kwsch/PKHeX,8ad201e80244f630ab5a46922ab72fb79c5ad4f4,PKHeX.Core/Resources/text/items/text_Items_ja.txt,PKHeX.Core/Resources/text/items/text_Items_ko.txt,PKHeX.Core/Resources/text/items/text_Items_en.txt
1070,？？？,???,???,kwsch/PKHeX,8ad201e80244f630ab5a46922ab72fb79c5ad4f4,PKHeX.Core/Resources/text/items/text_Items_ja.txt,PKHeX.Core/Resources/text/items/text_Items_ko.txt,PKHeX.Core/Resources/text/items/text_Items_en.txt
1071,？？？,???,???,kwsch/PKHeX,8ad201e80244f630ab5a46922ab72fb79c5ad4f4,PKHeX.Core/Resources/text/items/text_Items_ja.txt,PKHeX.Core/Resources/text/items/text_Items_ko.txt,PKHeX.Core/Resources/text/items/text_Items_en.txt
1072,？？？,???,???,kwsch/PKHeX,8ad201e80244f630ab5a46922ab72fb79c5ad4f4,PKHeX.Core/Resources/text/items/text_Items_ja.txt,PKHeX.Core/Resources/text/items/text_Items_ko.txt,PKHeX.Core/Resources/text/items/text_Items_en.txt
1073,？？？,???,???,kwsch/PKHeX,8ad201e80244f630ab5a46922ab72fb79c5ad4f4,PKHeX.Core/Resources/text/items/text_Items_ja.txt,PKHeX.Core/Resources/text/items/text_Items_ko.txt,PKHeX.Core/Resources/text/items/text_Items_en.txt
1074,すいせんじょう,추천장,Endorsement,kwsch/PKHeX,8ad201e80244f630ab5a46922ab72fb79c5ad4f4,PKHeX.Core/Resources/text/items/text_Items_ja.txt,PKHeX.Core/Resources/text/items/text_Items_ko.txt,PKHeX.Core/Resources/text/items/text_Items_en.txt
1075,ポケモンボックス,포켓몬 박스,Pokémon Box Link,kwsch/PKHeX,8ad201e80244f630ab5a46922ab72fb79c5ad4f4,PKHeX.Core/Resources/text/items/text_Items_ja.txt,PKHeX.Core/Resources/text/items/text_Items_ko.txt,PKHeX.Core/Resources/text/items/text_Items_en.txt
1076,ねがいぼし,소원의별,Wishing Star,kwsch/PKHeX,8ad201e80244f630ab5a46922ab72fb79c5ad4f4,PKHeX.Core/Resources/text/items/text_Items_ja.txt,PKHeX.Core/Resources/text/items/text_Items_ko.txt,PKHeX.Core/Resources/text/items/text_Items_en.txt
1077,ダイマックスＢ,다이맥스 밴드,Dynamax Band,kwsch/PKHeX,8ad201e80244f630ab5a46922ab72fb79c5ad4f4,PKHeX.Core/Resources/text/items/text_Items_ja.txt,PKHeX.Core/Resources/text/items/text_Items_ko.txt,PKHeX.Core/Resources/text/items/text_Items_en.txt
1078,？？？,???,???,kwsch/PKHeX,8ad201e80244f630ab5a46922ab72fb79c5ad4f4,PKHeX.Core/Resources/text/items/text_Items_ja.txt,PKHeX.Core/Resources/text/items/text_Items_ko.txt,PKHeX.Core/Resources/text/items/text_Items_en.txt
1079,？？？,???,???,kwsch/PKHeX,8ad201e80244f630ab5a46922ab72fb79c5ad4f4,PKHeX.Core/Resources/text/items/text_Items_ja.txt,PKHeX.Core/Resources/text/items/text_Items_ko.txt,PKHeX.Core/Resources/text/items/text_Items_en.txt
1080,つりざお,낚싯대,Fishing Rod,kwsch/PKHeX,8ad201e80244f630ab5a46922ab72fb79c5ad4f4,PKHeX.Core/Resources/text/items/text_Items_ja.txt,PKHeX.Core/Resources/text/items/text_Items_ko.txt,PKHeX.Core/Resources/text/items/text_Items_en.txt
1081,ロトムじてんしゃ,로토무자전거,Rotom Bike,kwsch/PKHeX,8ad201e80244f630ab5a46922ab72fb79c5ad4f4,PKHeX.Core/Resources/text/items/text_Items_ja.txt,PKHeX.Core/Resources/text/items/text_Items_ko.txt,PKHeX.Core/Resources/text/items/text_Items_en.txt
1082,？？？,???,???,kwsch/PKHeX,8ad201e80244f630ab5a46922ab72fb79c5ad4f4,PKHeX.Core/Resources/text/items/text_Items_ja.txt,PKHeX.Core/Resources/text/items/text_Items_ko.txt,PKHeX.Core/Resources/text/items/text_Items_en.txt
1083,？？？,???,???,kwsch/PKHeX,8ad201e80244f630ab5a46922ab72fb79c5ad4f4,PKHeX.Core/Resources/text/items/text_Items_ja.txt,PKHeX.Core/Resources/text/items/text_Items_ko.txt,PKHeX.Core/Resources/text/items/text_Items_en.txt
1084,あらびきヴルスト,탱글탱글부어스트,Sausages,kwsch/PKHeX,8ad201e80244f630ab5a46922ab72fb79c5ad4f4,PKHeX.Core/Resources/text/items/text_Items_ja.txt,PKHeX.Core/Resources/text/items/text_Items_ko.txt,PKHeX.Core/Resources/text/items/text_Items_en.txt
1085,ボブのかんづめ,밥의통조림,Bob’s Food Tin,kwsch/PKHeX,8ad201e80244f630ab5a46922ab72fb79c5ad4f4,PKHeX.Core/Resources/text/items/text_Items_ja.txt,PKHeX.Core/Resources/text/items/text_Items_ko.txt,PKHeX.Core/Resources/text/items/text_Items_en.txt
1086,バックのかんづめ,바크의통조림,Bach’s Food Tin,kwsch/PKHeX,8ad201e80244f630ab5a46922ab72fb79c5ad4f4,PKHeX.Core/Resources/text/items/text_Items_ja.txt,PKHeX.Core/Resources/text/items/text_Items_ko.txt,PKHeX.Core/Resources/text/items/text_Items_en.txt
1087,マメかん,콩통조림,Tin of Beans,kwsch/PKHeX,8ad201e80244f630ab5a46922ab72fb79c5ad4f4,PKHeX.Core/Resources/text/items/text_Items_ja.txt,PKHeX.Core/Resources/text/items/text_Items_ko.txt,PKHeX.Core/Resources/text/items/text_Items_en.txt
1088,しょくパン,식빵,Bread,kwsch/PKHeX,8ad201e80244f630ab5a46922ab72fb79c5ad4f4,PKHeX.Core/Resources/text/items/text_Items_ja.txt,PKHeX.Core/Resources/text/items/text_Items_ko.txt,PKHeX.Core/Resources/text/items/text_Items_en.txt
1089,パスタ,파스타,Pasta,kwsch/PKHeX,8ad201e80244f630ab5a46922ab72fb79c5ad4f4,PKHeX.Core/Resources/text/items/text_Items_ja.txt,PKHeX.Core/Resources/text/items/text_Items_ko.txt,PKHeX.Core/Resources/text/items/text_Items_en.txt
1090,キノコパック,버섯팩,Mixed Mushrooms,kwsch/PKHeX,8ad201e80244f630ab5a46922ab72fb79c5ad4f4,PKHeX.Core/Resources/text/items/text_Items_ja.txt,PKHeX.Core/Resources/text/items/text_Items_ko.txt,PKHeX.Core/Resources/text/items/text_Items_en.txt
1091,しっぽのくんせい,꼬리훈제,Smoke-Poke Tail,kwsch/PKHeX,8ad201e80244f630ab5a46922ab72fb79c5ad4f4,PKHeX.Core/Resources/text/items/text_Items_ja.txt,PKHeX.Core/Resources/text/items/text_Items_ko.txt,PKHeX.Core/Resources/text/items/text_Items_en.txt
1092,ふといながねぎ,굵은대파,Large Leek,kwsch/PKHeX,8ad201e80244f630ab5a46922ab72fb79c5ad4f4,PKHeX.Core/Resources/text/items/text_Items_ja.txt,PKHeX.Core/Resources/text/items/text_Items_ko.txt,PKHeX.Core/Resources/text/items/text_Items_en.txt
1093,とくせんリンゴ,특선사과,Fancy Apple,kwsch/PKHeX,8ad201e80244f630ab5a46922ab72fb79c5ad4f4,PKHeX.Core/Resources/text/items/text_Items_ja.txt,PKHeX.Core/Resources/text/items/text_Items_ko.txt,PKHeX.Core/Resources/text/items/text_Items_en.txt
1094,かぼそいホネ,가느다란뼈,Brittle Bones,kwsch/PKHeX,8ad201e80244f630ab5a46922ab72fb79c5ad4f4,PKHeX.Core/Resources/text/items/text_Items_ja.txt,PKHeX.Core/Resources/text/items/text_Items_ko.txt,PKHeX.Core/Resources/text/items/text_Items_en.txt
1095,ポテトパック,포테이토팩,Pack of Potatoes,kwsch/PKHeX,8ad201e80244f630ab5a46922ab72fb79c5ad4f4,PKHeX.Core/Resources/text/items/text_Items_ja.txt,PKHeX.Core/Resources/text/items/text_Items_ko.txt,PKHeX.Core/Resources/text/items/text_Items_en.txt
1096,みずべのハーブ,물가허브팩,Pungent Root,kwsch/PKHeX,8ad201e80244f630ab5a46922ab72fb79c5ad4f4,PKHeX.Core/Resources/text/items/text_Items_ja.txt,PKHeX.Core/Resources/text/items/text_Items_ko.txt,PKHeX.Core/Resources/text/items/text_Items_en.txt
1097,やさいパック,채소팩,Salad Mix,kwsch/PKHeX,8ad201e80244f630ab5a46922ab72fb79c5ad4f4,PKHeX.Core/Resources/text/items/text_Items_ja.txt,PKHeX.Core/Resources/text/items/text_Items_ko.txt,PKHeX.Core/Resources/text/items/text_Items_en.txt
1098,フライもりあわせ,모둠튀김,Fried Food,kwsch/PKHeX,8ad201e80244f630ab5a46922ab72fb79c5ad4f4,PKHeX.Core/Resources/text/items/text_Items_ja.txt,PKHeX.Core/Resources/text/items/text_Items_ko.txt,PKHeX.Core/Resources/text/items/text_Items_en.txt
1099,ゆでタマゴ,삶은알,Boiled Egg,kwsch/PKHeX,8ad201e80244f630ab5a46922ab72fb79c5ad4f4,PKHeX.Core/Resources/text/items/text_Items_ja.txt,PKHeX.Core/Resources/text/items/text_Items_ko.txt,PKHeX.Core/Resources/text/items/text_Items_en.txt
1100,キャンプセット,캠프세트,Camping Gear,kwsch/PKHeX,8ad201e80244f630ab5a46922ab72fb79c5ad4f4,PKHeX.Core/Resources/text/items/text_Items_ja.txt,PKHeX.Core/Resources/text/items/text_Items_ko.txt,PKHeX.Core/Resources/text/items/text_Items_en.txt
1101,？？？,???,???,kwsch/PKHeX,8ad201e80244f630ab5a46922ab72fb79c5ad4f4,PKHeX.Core/Resources/text/items/text_Items_ja.txt,PKHeX.Core/Resources/text/items/text_Items_ko.txt,PKHeX.Core/Resources/text/items/text_Items_en.txt
1102,？？？,???,???,kwsch/PKHeX,8ad201e80244f630ab5a46922ab72fb79c5ad4f4,PKHeX.Core/Resources/text/items/text_Items_ja.txt,PKHeX.Core/Resources/text/items/text_Items_ko.txt,PKHeX.Core/Resources/text/items/text_Items_en.txt
1103,くちたけん,녹슨검,Rusted Sword,kwsch/PKHeX,8ad201e80244f630ab5a46922ab72fb79c5ad4f4,PKHeX.Core/Resources/text/items/text_Items_ja.txt,PKHeX.Core/Resources/text/items/text_Items_ko.txt,PKHeX.Core/Resources/text/items/text_Items_en.txt
1104,くちたたて,녹슨방패,Rusted Shield,kwsch/PKHeX,8ad201e80244f630ab5a46922ab72fb79c5ad4f4,PKHeX.Core/Resources/text/items/text_Items_ja.txt,PKHeX.Core/Resources/text/items/text_Items_ko.txt,PKHeX.Core/Resources/text/items/text_Items_en.txt
1105,カセキのトリ,화석새,Fossilized Bird,kwsch/PKHeX,8ad201e80244f630ab5a46922ab72fb79c5ad4f4,PKHeX.Core/Resources/text/items/text_Items_ja.txt,PKHeX.Core/Resources/text/items/text_Items_ko.txt,PKHeX.Core/Resources/text/items/text_Items_en.txt
1106,カセキのサカナ,화석물고기,Fossilized Fish,kwsch/PKHeX,8ad201e80244f630ab5a46922ab72fb79c5ad4f4,PKHeX.Core/Resources/text/items/text_Items_ja.txt,PKHeX.Core/Resources/text/items/text_Items_ko.txt,PKHeX.Core/Resources/text/items/text_Items_en.txt
1107,カセキのリュウ,화석용,Fossilized Drake,kwsch/PKHeX,8ad201e80244f630ab5a46922ab72fb79c5ad4f4,PKHeX.Core/Resources/text/items/text_Items_ja.txt,PKHeX.Core/Resources/text/items/text_Items_ko.txt,PKHeX.Core/Resources/text/items/text_Items_en.txt
1108,カセキのクビナガ,화석긴목,Fossilized Dino,kwsch/PKHeX,8ad201e80244f630ab5a46922ab72fb79c5ad4f4,PKHeX.Core/Resources/text/items/text_Items_ja.txt,PKHeX.Core/Resources/text/items/text_Items_ko.txt,PKHeX.Core/Resources/text/items/text_Items_en.txt
1109,いちごアメざいく,딸기사탕공예,Strawberry Sweet,kwsch/PKHeX,8ad201e80244f630ab5a46922ab72fb79c5ad4f4,PKHeX.Core/Resources/text/items/text_Items_ja.txt,PKHeX.Core/Resources/text/items/text_Items_ko.txt,PKHeX.Core/Resources/text/items/text_Items_en.txt
1110,ハートアメざいく,하트사탕공예,Love Sweet,kwsch/PKHeX,8ad201e80244f630ab5a46922ab72fb79c5ad4f4,PKHeX.Core/Resources/text/items/text_Items_ja.txt,PKHeX.Core/Resources/text/items/text_Items_ko.txt,PKHeX.Core/Resources/text/items/text_Items_en.txt
1111,ベリーアメざいく,베리사탕공예,Berry Sweet,kwsch/PKHeX,8ad201e80244f630ab5a46922ab72fb79c5ad4f4,PKHeX.Core/Resources/text/items/text_Items_ja.txt,PKHeX.Core/Resources/text/items/text_Items_ko.txt,PKHeX.Core/Resources/text/items/text_Items_en.txt
1112,よつばアメざいく,네잎사탕공예,Clover Sweet,kwsch/PKHeX,8ad201e80244f630ab5a46922ab72fb79c5ad4f4,PKHeX.Core/Resources/text/items/text_Items_ja.txt,PKHeX.Core/Resources/text/items/text_Items_ko.txt,PKHeX.Core/Resources/text/items/text_Items_en.txt
1113,おはなアメざいく,꽃사탕공예,Flower Sweet,kwsch/PKHeX,8ad201e80244f630ab5a46922ab72fb79c5ad4f4,PKHeX.Core/Resources/text/items/text_Items_ja.txt,PKHeX.Core/Resources/text/items/text_Items_ko.txt,PKHeX.Core/Resources/text/items/text_Items_en.txt
1114,スターアメざいく,스타사탕공예,Star Sweet,kwsch/PKHeX,8ad201e80244f630ab5a46922ab72fb79c5ad4f4,PKHeX.Core/Resources/text/items/text_Items_ja.txt,PKHeX.Core/Resources/text/items/text_Items_ko.txt,PKHeX.Core/Resources/text/items/text_Items_en.txt
1115,リボンアメざいく,리본사탕공예,Ribbon Sweet,kwsch/PKHeX,8ad201e80244f630ab5a46922ab72fb79c5ad4f4,PKHeX.Core/Resources/text/items/text_Items_ja.txt,PKHeX.Core/Resources/text/items/text_Items_ko.txt,PKHeX.Core/Resources/text/items/text_Items_en.txt
1116,あまーいりんご,달콤한사과,Sweet Apple,kwsch/PKHeX,8ad201e80244f630ab5a46922ab72fb79c5ad4f4,PKHeX.Core/Resources/text/items/text_Items_ja.txt,PKHeX.Core/Resources/text/items/text_Items_ko.txt,PKHeX.Core/Resources/text/items/text_Items_en.txt
1117,すっぱいりんご,새콤한사과,Tart Apple,kwsch/PKHeX,8ad201e80244f630ab5a46922ab72fb79c5ad4f4,PKHeX.Core/Resources/text/items/text_Items_ja.txt,PKHeX.Core/Resources/text/items/text_Items_ko.txt,PKHeX.Core/Resources/text/items/text_Items_en.txt
1118,のどスプレー,목스프레이,Throat Spray,kwsch/PKHeX,8ad201e80244f630ab5a46922ab72fb79c5ad4f4,PKHeX.Core/Resources/text/items/text_Items_ja.txt,PKHeX.Core/Resources/text/items/text_Items_ko.txt,PKHeX.Core/Resources/text/items/text_Items_en.txt
1119,だっしゅつパック,탈출팩,Eject Pack,kwsch/PKHeX,8ad201e80244f630ab5a46922ab72fb79c5ad4f4,PKHeX.Core/Resources/text/items/text_Items_ja.txt,PKHeX.Core/Resources/text/items/text_Items_ko.txt,PKHeX.Core/Resources/text/items/text_Items_en.txt
1120,あつぞこブーツ,통굽부츠,Heavy-Duty Boots,kwsch/PKHeX,8ad201e80244f630ab5a46922ab72fb79c5ad4f4,PKHeX.Core/Resources/text/items/text_Items_ja.txt,PKHeX.Core/Resources/text/items/text_Items_ko.txt,PKHeX.Core/Resources/text/items/text_Items_en.txt
1121,からぶりほけん,허탕보험,Blunder Policy,kwsch/PKHeX,8ad201e80244f630ab5a46922ab72fb79c5ad4f4,PKHeX.Core/Resources/text/items/text_Items_ja.txt,PKHeX.Core/Resources/text/items/text_Items_ko.txt,PKHeX.Core/Resources/text/items/text_Items_en.txt
1122,ルームサービス,룸서비스,Room Service,kwsch/PKHeX,8ad201e80244f630ab5a46922ab72fb79c5ad4f4,PKHeX.Core/Resources/text/items/text_Items_ja.txt,PKHeX.Core/Resources/text/items/text_Items_ko.txt,PKHeX.Core/Resources/text/items/text_Items_en.txt
1123,ばんのうがさ,만능우산,Utility Umbrella,kwsch/PKHeX,8ad201e80244f630ab5a46922ab72fb79c5ad4f4,PKHeX.Core/Resources/text/items/text_Items_ja.txt,PKHeX.Core/Resources/text/items/text_Items_ko.txt,PKHeX.Core/Resources/text/items/text_Items_en.txt
1124,けいけんアメＸＳ,경험사탕XS,Exp. Candy XS,kwsch/PKHeX,8ad201e80244f630ab5a46922ab72fb79c5ad4f4,PKHeX.Core/Resources/text/items/text_Items_ja.txt,PKHeX.Core/Resources/text/items/text_Items_ko.txt,PKHeX.Core/Resources/text/items/text_Items_en.txt
1125,けいけんアメＳ,경험사탕S,Exp. Candy S,kwsch/PKHeX,8ad201e80244f630ab5a46922ab72fb79c5ad4f4,PKHeX.Core/Resources/text/items/text_Items_ja.txt,PKHeX.Core/Resources/text/items/text_Items_ko.txt,PKHeX.Core/Resources/text/items/text_Items_en.txt
1126,けいけんアメＭ,경험사탕M,Exp. Candy M,kwsch/PKHeX,8ad201e80244f630ab5a46922ab72fb79c5ad4f4,PKHeX.Core/Resources/text/items/text_Items_ja.txt,PKHeX.Core/Resources/text/items/text_Items_ko.txt,PKHeX.Core/Resources/text/items/text_Items_en.txt
1127,けいけんアメＬ,경험사탕L,Exp. Candy L,kwsch/PKHeX,8ad201e80244f630ab5a46922ab72fb79c5ad4f4,PKHeX.Core/Resources/text/items/text_Items_ja.txt,PKHeX.Core/Resources/text/items/text_Items_ko.txt,PKHeX.Core/Resources/text/items/text_Items_en.txt
1128,けいけんアメＸＬ,경험사탕XL,Exp. Candy XL,kwsch/PKHeX,8ad201e80244f630ab5a46922ab72fb79c5ad4f4,PKHeX.Core/Resources/text/items/text_Items_ja.txt,PKHeX.Core/Resources/text/items/text_Items_ko.txt,PKHeX.Core/Resources/text/items/text_Items_en.txt
1129,ダイマックスアメ,다이맥스사탕,Dynamax Candy,kwsch/PKHeX,8ad201e80244f630ab5a46922ab72fb79c5ad4f4,PKHeX.Core/Resources/text/items/text_Items_ja.txt,PKHeX.Core/Resources/text/items/text_Items_ko.txt,PKHeX.Core/Resources/text/items/text_Items_en.txt
1130,わざレコード００,기술레코드00,TR00,kwsch/PKHeX,8ad201e80244f630ab5a46922ab72fb79c5ad4f4,PKHeX.Core/Resources/text/items/text_Items_ja.txt,PKHeX.Core/Resources/text/items/text_Items_ko.txt,PKHeX.Core/Resources/text/items/text_Items_en.txt
1131,わざレコード０１,기술레코드01,TR01,kwsch/PKHeX,8ad201e80244f630ab5a46922ab72fb79c5ad4f4,PKHeX.Core/Resources/text/items/text_Items_ja.txt,PKHeX.Core/Resources/text/items/text_Items_ko.txt,PKHeX.Core/Resources/text/items/text_Items_en.txt
1132,わざレコード０２,기술레코드02,TR02,kwsch/PKHeX,8ad201e80244f630ab5a46922ab72fb79c5ad4f4,PKHeX.Core/Resources/text/items/text_Items_ja.txt,PKHeX.Core/Resources/text/items/text_Items_ko.txt,PKHeX.Core/Resources/text/items/text_Items_en.txt
1133,わざレコード０３,기술레코드03,TR03,kwsch/PKHeX,8ad201e80244f630ab5a46922ab72fb79c5ad4f4,PKHeX.Core/Resources/text/items/text_Items_ja.txt,PKHeX.Core/Resources/text/items/text_Items_ko.txt,PKHeX.Core/Resources/text/items/text_Items_en.txt
1134,わざレコード０４,기술레코드04,TR04,kwsch/PKHeX,8ad201e80244f630ab5a46922ab72fb79c5ad4f4,PKHeX.Core/Resources/text/items/text_Items_ja.txt,PKHeX.Core/Resources/text/items/text_Items_ko.txt,PKHeX.Core/Resources/text/items/text_Items_en.txt
1135,わざレコード０５,기술레코드05,TR05,kwsch/PKHeX,8ad201e80244f630ab5a46922ab72fb79c5ad4f4,PKHeX.Core/Resources/text/items/text_Items_ja.txt,PKHeX.Core/Resources/text/items/text_Items_ko.txt,PKHeX.Core/Resources/text/items/text_Items_en.txt
1136,わざレコード０６,기술레코드06,TR06,kwsch/PKHeX,8ad201e80244f630ab5a46922ab72fb79c5ad4f4,PKHeX.Core/Resources/text/items/text_Items_ja.txt,PKHeX.Core/Resources/text/items/text_Items_ko.txt,PKHeX.Core/Resources/text/items/text_Items_en.txt
1137,わざレコード０７,기술레코드07,TR07,kwsch/PKHeX,8ad201e80244f630ab5a46922ab72fb79c5ad4f4,PKHeX.Core/Resources/text/items/text_Items_ja.txt,PKHeX.Core/Resources/text/items/text_Items_ko.txt,PKHeX.Core/Resources/text/items/text_Items_en.txt
1138,わざレコード０８,기술레코드08,TR08,kwsch/PKHeX,8ad201e80244f630ab5a46922ab72fb79c5ad4f4,PKHeX.Core/Resources/text/items/text_Items_ja.txt,PKHeX.Core/Resources/text/items/text_Items_ko.txt,PKHeX.Core/Resources/text/items/text_Items_en.txt
1139,わざレコード０９,기술레코드09,TR09,kwsch/PKHeX,8ad201e80244f630ab5a46922ab72fb79c5ad4f4,PKHeX.Core/Resources/text/items/text_Items_ja.txt,PKHeX.Core/Resources/text/items/text_Items_ko.txt,PKHeX.Core/Resources/text/items/text_Items_en.txt
1140,わざレコード１０,기술레코드10,TR10,kwsch/PKHeX,8ad201e80244f630ab5a46922ab72fb79c5ad4f4,PKHeX.Core/Resources/text/items/text_Items_ja.txt,PKHeX.Core/Resources/text/items/text_Items_ko.txt,PKHeX.Core/Resources/text/items/text_Items_en.txt
1141,わざレコード１１,기술레코드11,TR11,kwsch/PKHeX,8ad201e80244f630ab5a46922ab72fb79c5ad4f4,PKHeX.Core/Resources/text/items/text_Items_ja.txt,PKHeX.Core/Resources/text/items/text_Items_ko.txt,PKHeX.Core/Resources/text/items/text_Items_en.txt
1142,わざレコード１２,기술레코드12,TR12,kwsch/PKHeX,8ad201e80244f630ab5a46922ab72fb79c5ad4f4,PKHeX.Core/Resources/text/items/text_Items_ja.txt,PKHeX.Core/Resources/text/items/text_Items_ko.txt,PKHeX.Core/Resources/text/items/text_Items_en.txt
1143,わざレコード１３,기술레코드13,TR13,kwsch/PKHeX,8ad201e80244f630ab5a46922ab72fb79c5ad4f4,PKHeX.Core/Resources/text/items/text_Items_ja.txt,PKHeX.Core/Resources/text/items/text_Items_ko.txt,PKHeX.Core/Resources/text/items/text_Items_en.txt
1144,わざレコード１４,기술레코드14,TR14,kwsch/PKHeX,8ad201e80244f630ab5a46922ab72fb79c5ad4f4,PKHeX.Core/Resources/text/items/text_Items_ja.txt,PKHeX.Core/Resources/text/items/text_Items_ko.txt,PKHeX.Core/Resources/text/items/text_Items_en.txt
1145,わざレコード１５,기술레코드15,TR15,kwsch/PKHeX,8ad201e80244f630ab5a46922ab72fb79c5ad4f4,PKHeX.Core/Resources/text/items/text_Items_ja.txt,PKHeX.Core/Resources/text/items/text_Items_ko.txt,PKHeX.Core/Resources/text/items/text_Items_en.txt
1146,わざレコード１６,기술레코드16,TR16,kwsch/PKHeX,8ad201e80244f630ab5a46922ab72fb79c5ad4f4,PKHeX.Core/Resources/text/items/text_Items_ja.txt,PKHeX.Core/Resources/text/items/text_Items_ko.txt,PKHeX.Core/Resources/text/items/text_Items_en.txt
1147,わざレコード１７,기술레코드17,TR17,kwsch/PKHeX,8ad201e80244f630ab5a46922ab72fb79c5ad4f4,PKHeX.Core/Resources/text/items/text_Items_ja.txt,PKHeX.Core/Resources/text/items/text_Items_ko.txt,PKHeX.Core/Resources/text/items/text_Items_en.txt
1148,わざレコード１８,기술레코드18,TR18,kwsch/PKHeX,8ad201e80244f630ab5a46922ab72fb79c5ad4f4,PKHeX.Core/Resources/text/items/text_Items_ja.txt,PKHeX.Core/Resources/text/items/text_Items_ko.txt,PKHeX.Core/Resources/text/items/text_Items_en.txt
1149,わざレコード１９,기술레코드19,TR19,kwsch/PKHeX,8ad201e80244f630ab5a46922ab72fb79c5ad4f4,PKHeX.Core/Resources/text/items/text_Items_ja.txt,PKHeX.Core/Resources/text/items/text_Items_ko.txt,PKHeX.Core/Resources/text/items/text_Items_en.txt
1150,わざレコード２０,기술레코드20,TR20,kwsch/PKHeX,8ad201e80244f630ab5a46922ab72fb79c5ad4f4,PKHeX.Core/Resources/text/items/text_Items_ja.txt,PKHeX.Core/Resources/text/items/text_Items_ko.txt,PKHeX.Core/Resources/text/items/text_Items_en.txt
1151,わざレコード２１,기술레코드21,TR21,kwsch/PKHeX,8ad201e80244f630ab5a46922ab72fb79c5ad4f4,PKHeX.Core/Resources/text/items/text_Items_ja.txt,PKHeX.Core/Resources/text/items/text_Items_ko.txt,PKHeX.Core/Resources/text/items/text_Items_en.txt
1152,わざレコード２２,기술레코드22,TR22,kwsch/PKHeX,8ad201e80244f630ab5a46922ab72fb79c5ad4f4,PKHeX.Core/Resources/text/items/text_Items_ja.txt,PKHeX.Core/Resources/text/items/text_Items_ko.txt,PKHeX.Core/Resources/text/items/text_Items_en.txt
1153,わざレコード２３,기술레코드23,TR23,kwsch/PKHeX,8ad201e80244f630ab5a46922ab72fb79c5ad4f4,PKHeX.Core/Resources/text/items/text_Items_ja.txt,PKHeX.Core/Resources/text/items/text_Items_ko.txt,PKHeX.Core/Resources/text/items/text_Items_en.txt
1154,わざレコード２４,기술레코드24,TR24,kwsch/PKHeX,8ad201e80244f630ab5a46922ab72fb79c5ad4f4,PKHeX.Core/Resources/text/items/text_Items_ja.txt,PKHeX.Core/Resources/text/items/text_Items_ko.txt,PKHeX.Core/Resources/text/items/text_Items_en.txt
1155,わざレコード２５,기술레코드25,TR25,kwsch/PKHeX,8ad201e80244f630ab5a46922ab72fb79c5ad4f4,PKHeX.Core/Resources/text/items/text_Items_ja.txt,PKHeX.Core/Resources/text/items/text_Items_ko.txt,PKHeX.Core/Resources/text/items/text_Items_en.txt
1156,わざレコード２６,기술레코드26,TR26,kwsch/PKHeX,8ad201e80244f630ab5a46922ab72fb79c5ad4f4,PKHeX.Core/Resources/text/items/text_Items_ja.txt,PKHeX.Core/Resources/text/items/text_Items_ko.txt,PKHeX.Core/Resources/text/items/text_Items_en.txt
1157,わざレコード２７,기술레코드27,TR27,kwsch/PKHeX,8ad201e80244f630ab5a46922ab72fb79c5ad4f4,PKHeX.Core/Resources/text/items/text_Items_ja.txt,PKHeX.Core/Resources/text/items/text_Items_ko.txt,PKHeX.Core/Resources/text/items/text_Items_en.txt
1158,わざレコード２８,기술레코드28,TR28,kwsch/PKHeX,8ad201e80244f630ab5a46922ab72fb79c5ad4f4,PKHeX.Core/Resources/text/items/text_Items_ja.txt,PKHeX.Core/Resources/text/items/text_Items_ko.txt,PKHeX.Core/Resources/text/items/text_Items_en.txt
1159,わざレコード２９,기술레코드29,TR29,kwsch/PKHeX,8ad201e80244f630ab5a46922ab72fb79c5ad4f4,PKHeX.Core/Resources/text/items/text_Items_ja.txt,PKHeX.Core/Resources/text/items/text_Items_ko.txt,PKHeX.Core/Resources/text/items/text_Items_en.txt
1160,わざレコード３０,기술레코드30,TR30,kwsch/PKHeX,8ad201e80244f630ab5a46922ab72fb79c5ad4f4,PKHeX.Core/Resources/text/items/text_Items_ja.txt,PKHeX.Core/Resources/text/items/text_Items_ko.txt,PKHeX.Core/Resources/text/items/text_Items_en.txt
1161,わざレコード３１,기술레코드31,TR31,kwsch/PKHeX,8ad201e80244f630ab5a46922ab72fb79c5ad4f4,PKHeX.Core/Resources/text/items/text_Items_ja.txt,PKHeX.Core/Resources/text/items/text_Items_ko.txt,PKHeX.Core/Resources/text/items/text_Items_en.txt
1162,わざレコード３２,기술레코드32,TR32,kwsch/PKHeX,8ad201e80244f630ab5a46922ab72fb79c5ad4f4,PKHeX.Core/Resources/text/items/text_Items_ja.txt,PKHeX.Core/Resources/text/items/text_Items_ko.txt,PKHeX.Core/Resources/text/items/text_Items_en.txt
1163,わざレコード３３,기술레코드33,TR33,kwsch/PKHeX,8ad201e80244f630ab5a46922ab72fb79c5ad4f4,PKHeX.Core/Resources/text/items/text_Items_ja.txt,PKHeX.Core/Resources/text/items/text_Items_ko.txt,PKHeX.Core/Resources/text/items/text_Items_en.txt
1164,わざレコード３４,기술레코드34,TR34,kwsch/PKHeX,8ad201e80244f630ab5a46922ab72fb79c5ad4f4,PKHeX.Core/Resources/text/items/text_Items_ja.txt,PKHeX.Core/Resources/text/items/text_Items_ko.txt,PKHeX.Core/Resources/text/items/text_Items_en.txt
1165,わざレコード３５,기술레코드35,TR35,kwsch/PKHeX,8ad201e80244f630ab5a46922ab72fb79c5ad4f4,PKHeX.Core/Resources/text/items/text_Items_ja.txt,PKHeX.Core/Resources/text/items/text_Items_ko.txt,PKHeX.Core/Resources/text/items/text_Items_en.txt
1166,わざレコード３６,기술레코드36,TR36,kwsch/PKHeX,8ad201e80244f630ab5a46922ab72fb79c5ad4f4,PKHeX.Core/Resources/text/items/text_Items_ja.txt,PKHeX.Core/Resources/text/items/text_Items_ko.txt,PKHeX.Core/Resources/text/items/text_Items_en.txt
1167,わざレコード３７,기술레코드37,TR37,kwsch/PKHeX,8ad201e80244f630ab5a46922ab72fb79c5ad4f4,PKHeX.Core/Resources/text/items/text_Items_ja.txt,PKHeX.Core/Resources/text/items/text_Items_ko.txt,PKHeX.Core/Resources/text/items/text_Items_en.txt
1168,わざレコード３８,기술레코드38,TR38,kwsch/PKHeX,8ad201e80244f630ab5a46922ab72fb79c5ad4f4,PKHeX.Core/Resources/text/items/text_Items_ja.txt,PKHeX.Core/Resources/text/items/text_Items_ko.txt,PKHeX.Core/Resources/text/items/text_Items_en.txt
1169,わざレコード３９,기술레코드39,TR39,kwsch/PKHeX,8ad201e80244f630ab5a46922ab72fb79c5ad4f4,PKHeX.Core/Resources/text/items/text_Items_ja.txt,PKHeX.Core/Resources/text/items/text_Items_ko.txt,PKHeX.Core/Resources/text/items/text_Items_en.txt
1170,わざレコード４０,기술레코드40,TR40,kwsch/PKHeX,8ad201e80244f630ab5a46922ab72fb79c5ad4f4,PKHeX.Core/Resources/text/items/text_Items_ja.txt,PKHeX.Core/Resources/text/items/text_Items_ko.txt,PKHeX.Core/Resources/text/items/text_Items_en.txt
1171,わざレコード４１,기술레코드41,TR41,kwsch/PKHeX,8ad201e80244f630ab5a46922ab72fb79c5ad4f4,PKHeX.Core/Resources/text/items/text_Items_ja.txt,PKHeX.Core/Resources/text/items/text_Items_ko.txt,PKHeX.Core/Resources/text/items/text_Items_en.txt
1172,わざレコード４２,기술레코드42,TR42,kwsch/PKHeX,8ad201e80244f630ab5a46922ab72fb79c5ad4f4,PKHeX.Core/Resources/text/items/text_Items_ja.txt,PKHeX.Core/Resources/text/items/text_Items_ko.txt,PKHeX.Core/Resources/text/items/text_Items_en.txt
1173,わざレコード４３,기술레코드43,TR43,kwsch/PKHeX,8ad201e80244f630ab5a46922ab72fb79c5ad4f4,PKHeX.Core/Resources/text/items/text_Items_ja.txt,PKHeX.Core/Resources/text/items/text_Items_ko.txt,PKHeX.Core/Resources/text/items/text_Items_en.txt
1174,わざレコード４４,기술레코드44,TR44,kwsch/PKHeX,8ad201e80244f630ab5a46922ab72fb79c5ad4f4,PKHeX.Core/Resources/text/items/text_Items_ja.txt,PKHeX.Core/Resources/text/items/text_Items_ko.txt,PKHeX.Core/Resources/text/items/text_Items_en.txt
1175,わざレコード４５,기술레코드45,TR45,kwsch/PKHeX,8ad201e80244f630ab5a46922ab72fb79c5ad4f4,PKHeX.Core/Resources/text/items/text_Items_ja.txt,PKHeX.Core/Resources/text/items/text_Items_ko.txt,PKHeX.Core/Resources/text/items/text_Items_en.txt
1176,わざレコード４６,기술레코드46,TR46,kwsch/PKHeX,8ad201e80244f630ab5a46922ab72fb79c5ad4f4,PKHeX.Core/Resources/text/items/text_Items_ja.txt,PKHeX.Core/Resources/text/items/text_Items_ko.txt,PKHeX.Core/Resources/text/items/text_Items_en.txt
1177,わざレコード４７,기술레코드47,TR47,kwsch/PKHeX,8ad201e80244f630ab5a46922ab72fb79c5ad4f4,PKHeX.Core/Resources/text/items/text_Items_ja.txt,PKHeX.Core/Resources/text/items/text_Items_ko.txt,PKHeX.Core/Resources/text/items/text_Items_en.txt
1178,わざレコード４８,기술레코드48,TR48,kwsch/PKHeX,8ad201e80244f630ab5a46922ab72fb79c5ad4f4,PKHeX.Core/Resources/text/items/text_Items_ja.txt,PKHeX.Core/Resources/text/items/text_Items_ko.txt,PKHeX.Core/Resources/text/items/text_Items_en.txt
1179,わざレコード４９,기술레코드49,TR49,kwsch/PKHeX,8ad201e80244f630ab5a46922ab72fb79c5ad4f4,PKHeX.Core/Resources/text/items/text_Items_ja.txt,PKHeX.Core/Resources/text/items/text_Items_ko.txt,PKHeX.Core/Resources/text/items/text_Items_en.txt
1180,わざレコード５０,기술레코드50,TR50,kwsch/PKHeX,8ad201e80244f630ab5a46922ab72fb79c5ad4f4,PKHeX.Core/Resources/text/items/text_Items_ja.txt,PKHeX.Core/Resources/text/items/text_Items_ko.txt,PKHeX.Core/Resources/text/items/text_Items_en.txt
1181,わざレコード５１,기술레코드51,TR51,kwsch/PKHeX,8ad201e80244f630ab5a46922ab72fb79c5ad4f4,PKHeX.Core/Resources/text/items/text_Items_ja.txt,PKHeX.Core/Resources/text/items/text_Items_ko.txt,PKHeX.Core/Resources/text/items/text_Items_en.txt
1182,わざレコード５２,기술레코드52,TR52,kwsch/PKHeX,8ad201e80244f630ab5a46922ab72fb79c5ad4f4,PKHeX.Core/Resources/text/items/text_Items_ja.txt,PKHeX.Core/Resources/text/items/text_Items_ko.txt,PKHeX.Core/Resources/text/items/text_Items_en.txt
1183,わざレコード５３,기술레코드53,TR53,kwsch/PKHeX,8ad201e80244f630ab5a46922ab72fb79c5ad4f4,PKHeX.Core/Resources/text/items/text_Items_ja.txt,PKHeX.Core/Resources/text/items/text_Items_ko.txt,PKHeX.Core/Resources/text/items/text_Items_en.txt
1184,わざレコード５４,기술레코드54,TR54,kwsch/PKHeX,8ad201e80244f630ab5a46922ab72fb79c5ad4f4,PKHeX.Core/Resources/text/items/text_Items_ja.txt,PKHeX.Core/Resources/text/items/text_Items_ko.txt,PKHeX.Core/Resources/text/items/text_Items_en.txt
1185,わざレコード５５,기술레코드55,TR55,kwsch/PKHeX,8ad201e80244f630ab5a46922ab72fb79c5ad4f4,PKHeX.Core/Resources/text/items/text_Items_ja.txt,PKHeX.Core/Resources/text/items/text_Items_ko.txt,PKHeX.Core/Resources/text/items/text_Items_en.txt
1186,わざレコード５６,기술레코드56,TR56,kwsch/PKHeX,8ad201e80244f630ab5a46922ab72fb79c5ad4f4,PKHeX.Core/Resources/text/items/text_Items_ja.txt,PKHeX.Core/Resources/text/items/text_Items_ko.txt,PKHeX.Core/Resources/text/items/text_Items_en.txt
1187,わざレコード５７,기술레코드57,TR57,kwsch/PKHeX,8ad201e80244f630ab5a46922ab72fb79c5ad4f4,PKHeX.Core/Resources/text/items/text_Items_ja.txt,PKHeX.Core/Resources/text/items/text_Items_ko.txt,PKHeX.Core/Resources/text/items/text_Items_en.txt
1188,わざレコード５８,기술레코드58,TR58,kwsch/PKHeX,8ad201e80244f630ab5a46922ab72fb79c5ad4f4,PKHeX.Core/Resources/text/items/text_Items_ja.txt,PKHeX.Core/Resources/text/items/text_Items_ko.txt,PKHeX.Core/Resources/text/items/text_Items_en.txt
1189,わざレコード５９,기술레코드59,TR59,kwsch/PKHeX,8ad201e80244f630ab5a46922ab72fb79c5ad4f4,PKHeX.Core/Resources/text/items/text_Items_ja.txt,PKHeX.Core/Resources/text/items/text_Items_ko.txt,PKHeX.Core/Resources/text/items/text_Items_en.txt
1190,わざレコード６０,기술레코드60,TR60,kwsch/PKHeX,8ad201e80244f630ab5a46922ab72fb79c5ad4f4,PKHeX.Core/Resources/text/items/text_Items_ja.txt,PKHeX.Core/Resources/text/items/text_Items_ko.txt,PKHeX.Core/Resources/text/items/text_Items_en.txt
1191,わざレコード６１,기술레코드61,TR61,kwsch/PKHeX,8ad201e80244f630ab5a46922ab72fb79c5ad4f4,PKHeX.Core/Resources/text/items/text_Items_ja.txt,PKHeX.Core/Resources/text/items/text_Items_ko.txt,PKHeX.Core/Resources/text/items/text_Items_en.txt
1192,わざレコード６２,기술레코드62,TR62,kwsch/PKHeX,8ad201e80244f630ab5a46922ab72fb79c5ad4f4,PKHeX.Core/Resources/text/items/text_Items_ja.txt,PKHeX.Core/Resources/text/items/text_Items_ko.txt,PKHeX.Core/Resources/text/items/text_Items_en.txt
1193,わざレコード６３,기술레코드63,TR63,kwsch/PKHeX,8ad201e80244f630ab5a46922ab72fb79c5ad4f4,PKHeX.Core/Resources/text/items/text_Items_ja.txt,PKHeX.Core/Resources/text/items/text_Items_ko.txt,PKHeX.Core/Resources/text/items/text_Items_en.txt
1194,わざレコード６４,기술레코드64,TR64,kwsch/PKHeX,8ad201e80244f630ab5a46922ab72fb79c5ad4f4,PKHeX.Core/Resources/text/items/text_Items_ja.txt,PKHeX.Core/Resources/text/items/text_Items_ko.txt,PKHeX.Core/Resources/text/items/text_Items_en.txt
1195,わざレコード６５,기술레코드65,TR65,kwsch/PKHeX,8ad201e80244f630ab5a46922ab72fb79c5ad4f4,PKHeX.Core/Resources/text/items/text_Items_ja.txt,PKHeX.Core/Resources/text/items/text_Items_ko.txt,PKHeX.Core/Resources/text/items/text_Items_en.txt
1196,わざレコード６６,기술레코드66,TR66,kwsch/PKHeX,8ad201e80244f630ab5a46922ab72fb79c5ad4f4,PKHeX.Core/Resources/text/items/text_Items_ja.txt,PKHeX.Core/Resources/text/items/text_Items_ko.txt,PKHeX.Core/Resources/text/items/text_Items_en.txt
1197,わざレコード６７,기술레코드67,TR67,kwsch/PKHeX,8ad201e80244f630ab5a46922ab72fb79c5ad4f4,PKHeX.Core/Resources/text/items/text_Items_ja.txt,PKHeX.Core/Resources/text/items/text_Items_ko.txt,PKHeX.Core/Resources/text/items/text_Items_en.txt
1198,わざレコード６８,기술레코드68,TR68,kwsch/PKHeX,8ad201e80244f630ab5a46922ab72fb79c5ad4f4,PKHeX.Core/Resources/text/items/text_Items_ja.txt,PKHeX.Core/Resources/text/items/text_Items_ko.txt,PKHeX.Core/Resources/text/items/text_Items_en.txt
1199,わざレコード６９,기술레코드69,TR69,kwsch/PKHeX,8ad201e80244f630ab5a46922ab72fb79c5ad4f4,PKHeX.Core/Resources/text/items/text_Items_ja.txt,PKHeX.Core/Resources/text/items/text_Items_ko.txt,PKHeX.Core/Resources/text/items/text_Items_en.txt
1200,わざレコード７０,기술레코드70,TR70,kwsch/PKHeX,8ad201e80244f630ab5a46922ab72fb79c5ad4f4,PKHeX.Core/Resources/text/items/text_Items_ja.txt,PKHeX.Core/Resources/text/items/text_Items_ko.txt,PKHeX.Core/Resources/text/items/text_Items_en.txt
1201,わざレコード７１,기술레코드71,TR71,kwsch/PKHeX,8ad201e80244f630ab5a46922ab72fb79c5ad4f4,PKHeX.Core/Resources/text/items/text_Items_ja.txt,PKHeX.Core/Resources/text/items/text_Items_ko.txt,PKHeX.Core/Resources/text/items/text_Items_en.txt
1202,わざレコード７２,기술레코드72,TR72,kwsch/PKHeX,8ad201e80244f630ab5a46922ab72fb79c5ad4f4,PKHeX.Core/Resources/text/items/text_Items_ja.txt,PKHeX.Core/Resources/text/items/text_Items_ko.txt,PKHeX.Core/Resources/text/items/text_Items_en.txt
1203,わざレコード７３,기술레코드73,TR73,kwsch/PKHeX,8ad201e80244f630ab5a46922ab72fb79c5ad4f4,PKHeX.Core/Resources/text/items/text_Items_ja.txt,PKHeX.Core/Resources/text/items/text_Items_ko.txt,PKHeX.Core/Resources/text/items/text_Items_en.txt
1204,わざレコード７４,기술레코드74,TR74,kwsch/PKHeX,8ad201e80244f630ab5a46922ab72fb79c5ad4f4,PKHeX.Core/Resources/text/items/text_Items_ja.txt,PKHeX.Core/Resources/text/items/text_Items_ko.txt,PKHeX.Core/Resources/text/items/text_Items_en.txt
1205,わざレコード７５,기술레코드75,TR75,kwsch/PKHeX,8ad201e80244f630ab5a46922ab72fb79c5ad4f4,PKHeX.Core/Resources/text/items/text_Items_ja.txt,PKHeX.Core/Resources/text/items/text_Items_ko.txt,PKHeX.Core/Resources/text/items/text_Items_en.txt
1206,わざレコード７６,기술레코드76,TR76,kwsch/PKHeX,8ad201e80244f630ab5a46922ab72fb79c5ad4f4,PKHeX.Core/Resources/text/items/text_Items_ja.txt,PKHeX.Core/Resources/text/items/text_Items_ko.txt,PKHeX.Core/Resources/text/items/text_Items_en.txt
1207,わざレコード７７,기술레코드77,TR77,kwsch/PKHeX,8ad201e80244f630ab5a46922ab72fb79c5ad4f4,PKHeX.Core/Resources/text/items/text_Items_ja.txt,PKHeX.Core/Resources/text/items/text_Items_ko.txt,PKHeX.Core/Resources/text/items/text_Items_en.txt
1208,わざレコード７８,기술레코드78,TR78,kwsch/PKHeX,8ad201e80244f630ab5a46922ab72fb79c5ad4f4,PKHeX.Core/Resources/text/items/text_Items_ja.txt,PKHeX.Core/Resources/text/items/text_Items_ko.txt,PKHeX.Core/Resources/text/items/text_Items_en.txt
1209,わざレコード７９,기술레코드79,TR79,kwsch/PKHeX,8ad201e80244f630ab5a46922ab72fb79c5ad4f4,PKHeX.Core/Resources/text/items/text_Items_ja.txt,PKHeX.Core/Resources/text/items/text_Items_ko.txt,PKHeX.Core/Resources/text/items/text_Items_en.txt
1210,わざレコード８０,기술레코드80,TR80,kwsch/PKHeX,8ad201e80244f630ab5a46922ab72fb79c5ad4f4,PKHeX.Core/Resources/text/items/text_Items_ja.txt,PKHeX.Core/Resources/text/items/text_Items_ko.txt,PKHeX.Core/Resources/text/items/text_Items_en.txt
1211,わざレコード８１,기술레코드81,TR81,kwsch/PKHeX,8ad201e80244f630ab5a46922ab72fb79c5ad4f4,PKHeX.Core/Resources/text/items/text_Items_ja.txt,PKHeX.Core/Resources/text/items/text_Items_ko.txt,PKHeX.Core/Resources/text/items/text_Items_en.txt
1212,わざレコード８２,기술레코드82,TR82,kwsch/PKHeX,8ad201e80244f630ab5a46922ab72fb79c5ad4f4,PKHeX.Core/Resources/text/items/text_Items_ja.txt,PKHeX.Core/Resources/text/items/text_Items_ko.txt,PKHeX.Core/Resources/text/items/text_Items_en.txt
1213,わざレコード８３,기술레코드83,TR83,kwsch/PKHeX,8ad201e80244f630ab5a46922ab72fb79c5ad4f4,PKHeX.Core/Resources/text/items/text_Items_ja.txt,PKHeX.Core/Resources/text/items/text_Items_ko.txt,PKHeX.Core/Resources/text/items/text_Items_en.txt
1214,わざレコード８４,기술레코드84,TR84,kwsch/PKHeX,8ad201e80244f630ab5a46922ab72fb79c5ad4f4,PKHeX.Core/Resources/text/items/text_Items_ja.txt,PKHeX.Core/Resources/text/items/text_Items_ko.txt,PKHeX.Core/Resources/text/items/text_Items_en.txt
1215,わざレコード８５,기술레코드85,TR85,kwsch/PKHeX,8ad201e80244f630ab5a46922ab72fb79c5ad4f4,PKHeX.Core/Resources/text/items/text_Items_ja.txt,PKHeX.Core/Resources/text/items/text_Items_ko.txt,PKHeX.Core/Resources/text/items/text_Items_en.txt
1216,わざレコード８６,기술레코드86,TR86,kwsch/PKHeX,8ad201e80244f630ab5a46922ab72fb79c5ad4f4,PKHeX.Core/Resources/text/items/text_Items_ja.txt,PKHeX.Core/Resources/text/items/text_Items_ko.txt,PKHeX.Core/Resources/text/items/text_Items_en.txt
1217,わざレコード８７,기술레코드87,TR87,kwsch/PKHeX,8ad201e80244f630ab5a46922ab72fb79c5ad4f4,PKHeX.Core/Resources/text/items/text_Items_ja.txt,PKHeX.Core/Resources/text/items/text_Items_ko.txt,PKHeX.Core/Resources/text/items/text_Items_en.txt
1218,わざレコード８８,기술레코드88,TR88,kwsch/PKHeX,8ad201e80244f630ab5a46922ab72fb79c5ad4f4,PKHeX.Core/Resources/text/items/text_Items_ja.txt,PKHeX.Core/Resources/text/items/text_Items_ko.txt,PKHeX.Core/Resources/text/items/text_Items_en.txt
1219,わざレコード８９,기술레코드89,TR89,kwsch/PKHeX,8ad201e80244f630ab5a46922ab72fb79c5ad4f4,PKHeX.Core/Resources/text/items/text_Items_ja.txt,PKHeX.Core/Resources/text/items/text_Items_ko.txt,PKHeX.Core/Resources/text/items/text_Items_en.txt
1220,わざレコード９０,기술레코드90,TR90,kwsch/PKHeX,8ad201e80244f630ab5a46922ab72fb79c5ad4f4,PKHeX.Core/Resources/text/items/text_Items_ja.txt,PKHeX.Core/Resources/text/items/text_Items_ko.txt,PKHeX.Core/Resources/text/items/text_Items_en.txt
1221,わざレコード９１,기술레코드91,TR91,kwsch/PKHeX,8ad201e80244f630ab5a46922ab72fb79c5ad4f4,PKHeX.Core/Resources/text/items/text_Items_ja.txt,PKHeX.Core/Resources/text/items/text_Items_ko.txt,PKHeX.Core/Resources/text/items/text_Items_en.txt
1222,わざレコード９２,기술레코드92,TR92,kwsch/PKHeX,8ad201e80244f630ab5a46922ab72fb79c5ad4f4,PKHeX.Core/Resources/text/items/text_Items_ja.txt,PKHeX.Core/Resources/text/items/text_Items_ko.txt,PKHeX.Core/Resources/text/items/text_Items_en.txt
1223,わざレコード９３,기술레코드93,TR93,kwsch/PKHeX,8ad201e80244f630ab5a46922ab72fb79c5ad4f4,PKHeX.Core/Resources/text/items/text_Items_ja.txt,PKHeX.Core/Resources/text/items/text_Items_ko.txt,PKHeX.Core/Resources/text/items/text_Items_en.txt
1224,わざレコード９４,기술레코드94,TR94,kwsch/PKHeX,8ad201e80244f630ab5a46922ab72fb79c5ad4f4,PKHeX.Core/Resources/text/items/text_Items_ja.txt,PKHeX.Core/Resources/text/items/text_Items_ko.txt,PKHeX.Core/Resources/text/items/text_Items_en.txt
1225,わざレコード９５,기술레코드95,TR95,kwsch/PKHeX,8ad201e80244f630ab5a46922ab72fb79c5ad4f4,PKHeX.Core/Resources/text/items/text_Items_ja.txt,PKHeX.Core/Resources/text/items/text_Items_ko.txt,PKHeX.Core/Resources/text/items/text_Items_en.txt
1226,わざレコード９６,기술레코드96,TR96,kwsch/PKHeX,8ad201e80244f630ab5a46922ab72fb79c5ad4f4,PKHeX.Core/Resources/text/items/text_Items_ja.txt,PKHeX.Core/Resources/text/items/text_Items_ko.txt,PKHeX.Core/Resources/text/items/text_Items_en.txt
1227,わざレコード９７,기술레코드97,TR97,kwsch/PKHeX,8ad201e80244f630ab5a46922ab72fb79c5ad4f4,PKHeX.Core/Resources/text/items/text_Items_ja.txt,PKHeX.Core/Resources/text/items/text_Items_ko.txt,PKHeX.Core/Resources/text/items/text_Items_en.txt
1228,わざレコード９８,기술레코드98,TR98,kwsch/PKHeX,8ad201e80244f630ab5a46922ab72fb79c5ad4f4,PKHeX.Core/Resources/text/items/text_Items_ja.txt,PKHeX.Core/Resources/text/items/text_Items_ko.txt,PKHeX.Core/Resources/text/items/text_Items_en.txt
1229,わざレコード９９,기술레코드99,TR99,kwsch/PKHeX,8ad201e80244f630ab5a46922ab72fb79c5ad4f4,PKHeX.Core/Resources/text/items/text_Items_ja.txt,PKHeX.Core/Resources/text/items/text_Items_ko.txt,PKHeX.Core/Resources/text/items/text_Items_en.txt
1230,わざマシン００,기술머신00,TM00,kwsch/PKHeX,8ad201e80244f630ab5a46922ab72fb79c5ad4f4,PKHeX.Core/Resources/text/items/text_Items_ja.txt,PKHeX.Core/Resources/text/items/text_Items_ko.txt,PKHeX.Core/Resources/text/items/text_Items_en.txt
1231,さみしがりミント,외로움민트,Lonely Mint,kwsch/PKHeX,8ad201e80244f630ab5a46922ab72fb79c5ad4f4,PKHeX.Core/Resources/text/items/text_Items_ja.txt,PKHeX.Core/Resources/text/items/text_Items_ko.txt,PKHeX.Core/Resources/text/items/text_Items_en.txt
1232,いじっぱりミント,고집민트,Adamant Mint,kwsch/PKHeX,8ad201e80244f630ab5a46922ab72fb79c5ad4f4,PKHeX.Core/Resources/text/items/text_Items_ja.txt,PKHeX.Core/Resources/text/items/text_Items_ko.txt,PKHeX.Core/Resources/text/items/text_Items_en.txt
1233,やんちゃミント,개구쟁이민트,Naughty Mint,kwsch/PKHeX,8ad201e80244f630ab5a46922ab72fb79c5ad4f4,PKHeX.Core/Resources/text/items/text_Items_ja.txt,PKHeX.Core/Resources/text/items/text_Items_ko.txt,PKHeX.Core/Resources/text/items/text_Items_en.txt
1234,ゆうかんミント,용감민트,Brave Mint,kwsch/PKHeX,8ad201e80244f630ab5a46922ab72fb79c5ad4f4,PKHeX.Core/Resources/text/items/text_Items_ja.txt,PKHeX.Core/Resources/text/items/text_Items_ko.txt,PKHeX.Core/Resources/text/items/text_Items_en.txt
1235,ずぶといミント,대담민트,Bold Mint,kwsch/PKHeX,8ad201e80244f630ab5a46922ab72fb79c5ad4f4,PKHeX.Core/Resources/text/items/text_Items_ja.txt,PKHeX.Core/Resources/text/items/text_Items_ko.txt,PKHeX.Core/Resources/text/items/text_Items_en.txt
1236,わんぱくミント,장난꾸러기민트,Impish Mint,kwsch/PKHeX,8ad201e80244f630ab5a46922ab72fb79c5ad4f4,PKHeX.Core/Resources/text/items/text_Items_ja.txt,PKHeX.Core/Resources/text/items/text_Items_ko.txt,PKHeX.Core/Resources/text/items/text_Items_en.txt
1237,のうてんきミント,촐랑민트,Lax Mint,kwsch/PKHeX,8ad201e80244f630ab5a46922ab72fb79c5ad4f4,PKHeX.Core/Resources/text/items/text_Items_ja.txt,PKHeX.Core/Resources/text/items/text_Items_ko.txt,PKHeX.Core/Resources/text/items/text_Items_en.txt
1238,のんきミント,무사태평민트,Relaxed Mint,kwsch/PKHeX,8ad201e80244f630ab5a46922ab72fb79c5ad4f4,PKHeX.Core/Resources/text/items/text_Items_ja.txt,PKHeX.Core/Resources/text/items/text_Items_ko.txt,PKHeX.Core/Resources/text/items/text_Items_en.txt
1239,ひかえめミント,조심민트,Modest Mint,kwsch/PKHeX,8ad201e80244f630ab5a46922ab72fb79c5ad4f4,PKHeX.Core/Resources/text/items/text_Items_ja.txt,PKHeX.Core/Resources/text/items/text_Items_ko.txt,PKHeX.Core/Resources/text/items/text_Items_en.txt
1240,おっとりミント,의젓민트,Mild Mint,kwsch/PKHeX,8ad201e80244f630ab5a46922ab72fb79c5ad4f4,PKHeX.Core/Resources/text/items/text_Items_ja.txt,PKHeX.Core/Resources/text/items/text_Items_ko.txt,PKHeX.Core/Resources/text/items/text_Items_en.txt
1241,うっかりやミント,덜렁민트,Rash Mint,kwsch/PKHeX,8ad201e80244f630ab5a46922ab72fb79c5ad4f4,PKHeX.Core/Resources/text/items/text_Items_ja.txt,PKHeX.Core/Resources/text/items/text_Items_ko.txt,PKHeX.Core/Resources/text/items/text_Items_en.txt
1242,れいせいミント,냉정민트,Quiet Mint,kwsch/PKHeX,8ad201e80244f630ab5a46922ab72fb79c5ad4f4,PKHeX.Core/Resources/text/items/text_Items_ja.txt,PKHeX.Core/Resources/text/items/text_Items_ko.txt,PKHeX.Core/Resources/text/items/text_Items_en.txt
1243,おだやかミント,차분민트,Calm Mint,kwsch/PKHeX,8ad201e80244f630ab5a46922ab72fb79c5ad4f4,PKHeX.Core/Resources/text/items/text_Items_ja.txt,PKHeX.Core/Resources/text/items/text_Items_ko.txt,PKHeX.Core/Resources/text/items/text_Items_en.txt
1244,おとなしいミント,얌전민트,Gentle Mint,kwsch/PKHeX,8ad201e80244f630ab5a46922ab72fb79c5ad4f4,PKHeX.Core/Resources/text/items/text_Items_ja.txt,PKHeX.Core/Resources/text/items/text_Items_ko.txt,PKHeX.Core/Resources/text/items/text_Items_en.txt
1245,しんちょうミント,신중민트,Careful Mint,kwsch/PKHeX,8ad201e80244f630ab5a46922ab72fb79c5ad4f4,PKHeX.Core/Resources/text/items/text_Items_ja.txt,PKHeX.Core/Resources/text/items/text_Items_ko.txt,PKHeX.Core/Resources/text/items/text_Items_en.txt
1246,なまいきミント,건방민트,Sassy Mint,kwsch/PKHeX,8ad201e80244f630ab5a46922ab72fb79c5ad4f4,PKHeX.Core/Resources/text/items/text_Items_ja.txt,PKHeX.Core/Resources/text/items/text_Items_ko.txt,PKHeX.Core/Resources/text/items/text_Items_en.txt
1247,おくびょうミント,겁쟁이민트,Timid Mint,kwsch/PKHeX,8ad201e80244f630ab5a46922ab72fb79c5ad4f4,PKHeX.Core/Resources/text/items/text_Items_ja.txt,PKHeX.Core/Resources/text/items/text_Items_ko.txt,PKHeX.Core/Resources/text/items/text_Items_en.txt
1248,せっかちミント,성급민트,Hasty Mint,kwsch/PKHeX,8ad201e80244f630ab5a46922ab72fb79c5ad4f4,PKHeX.Core/Resources/text/items/text_Items_ja.txt,PKHeX.Core/Resources/text/items/text_Items_ko.txt,PKHeX.Core/Resources/text/items/text_Items_en.txt
1249,ようきミント,명랑민트,Jolly Mint,kwsch/PKHeX,8ad201e80244f630ab5a46922ab72fb79c5ad4f4,PKHeX.Core/Resources/text/items/text_Items_ja.txt,PKHeX.Core/Resources/text/items/text_Items_ko.txt,PKHeX.Core/Resources/text/items/text_Items_en.txt
1250,むじゃきミント,천진난만민트,Naive Mint,kwsch/PKHeX,8ad201e80244f630ab5a46922ab72fb79c5ad4f4,PKHeX.Core/Resources/text/items/text_Items_ja.txt,PKHeX.Core/Resources/text/items/text_Items_ko.txt,PKHeX.Core/Resources/text/items/text_Items_en.txt
1251,まじめミント,성실민트,Serious Mint,kwsch/PKHeX,8ad201e80244f630ab5a46922ab72fb79c5ad4f4,PKHeX.Core/Resources/text/items/text_Items_ja.txt,PKHeX.Core/Resources/text/items/text_Items_ko.txt,PKHeX.Core/Resources/text/items/text_Items_en.txt
1252,ねがいのかたまり,소원의덩어리,Wishing Piece,kwsch/PKHeX,8ad201e80244f630ab5a46922ab72fb79c5ad4f4,PKHeX.Core/Resources/text/items/text_Items_ja.txt,PKHeX.Core/Resources/text/items/text_Items_ko.txt,PKHeX.Core/Resources/text/items/text_Items_en.txt
1253,われたポット,깨진포트,Cracked Pot,kwsch/PKHeX,8ad201e80244f630ab5a46922ab72fb79c5ad4f4,PKHeX.Core/Resources/text/items/text_Items_ja.txt,PKHeX.Core/Resources/text/items/text_Items_ko.txt,PKHeX.Core/Resources/text/items/text_Items_en.txt
1254,かけたポット,이빠진포트,Chipped Pot,kwsch/PKHeX,8ad201e80244f630ab5a46922ab72fb79c5ad4f4,PKHeX.Core/Resources/text/items/text_Items_ja.txt,PKHeX.Core/Resources/text/items/text_Items_ko.txt,PKHeX.Core/Resources/text/items/text_Items_en.txt
1255,すごいみみせん,대단한귀마개,Hi-tech Earbuds,kwsch/PKHeX,8ad201e80244f630ab5a46922ab72fb79c5ad4f4,PKHeX.Core/Resources/text/items/text_Items_ja.txt,PKHeX.Core/Resources/text/items/text_Items_ko.txt,PKHeX.Core/Resources/text/items/text_Items_en.txt
1256,フサパック,송이팩,Fruit Bunch,kwsch/PKHeX,8ad201e80244f630ab5a46922ab72fb79c5ad4f4,PKHeX.Core/Resources/text/items/text_Items_ja.txt,PKHeX.Core/Resources/text/items/text_Items_ko.txt,PKHeX.Core/Resources/text/items/text_Items_en.txt
1257,モーモーチーズ,튼튼치즈,Moomoo Cheese,kwsch/PKHeX,8ad201e80244f630ab5a46922ab72fb79c5ad4f4,PKHeX.Core/Resources/text/items/text_Items_ja.txt,PKHeX.Core/Resources/text/items/text_Items_ko.txt,PKHeX.Core/Resources/text/items/text_Items_en.txt
1258,スパイスセット,스파이스세트,Spice Mix,kwsch/PKHeX,8ad201e80244f630ab5a46922ab72fb79c5ad4f4,PKHeX.Core/Resources/text/items/text_Items_ja.txt,PKHeX.Core/Resources/text/items/text_Items_ko.txt,PKHeX.Core/Resources/text/items/text_Items_en.txt
1259,しんせんクリーム,신선한크림,Fresh Cream,kwsch/PKHeX,8ad201e80244f630ab5a46922ab72fb79c5ad4f4,PKHeX.Core/Resources/text/items/text_Items_ja.txt,PKHeX.Core/Resources/text/items/text_Items_ko.txt,PKHeX.Core/Resources/text/items/text_Items_en.txt
1260,レトルトカレー,레토르트카레,Packaged Curry,kwsch/PKHeX,8ad201e80244f630ab5a46922ab72fb79c5ad4f4,PKHeX.Core/Resources/text/items/text_Items_ja.txt,PKHeX.Core/Resources/text/items/text_Items_ko.txt,PKHeX.Core/Resources/text/items/text_Items_en.txt
1261,ヤシのミルク,야자밀크,Coconut Milk,kwsch/PKHeX,8ad201e80244f630ab5a46922ab72fb79c5ad4f4,PKHeX.Core/Resources/text/items/text_Items_ja.txt,PKHeX.Core/Resources/text/items/text_Items_ko.txt,PKHeX.Core/Resources/text/items/text_Items_en.txt
1262,レトルトめん,레토르트면,Instant Noodles,kwsch/PKHeX,8ad201e80244f630ab5a46922ab72fb79c5ad4f4,PKHeX.Core/Resources/text/items/text_Items_ja.txt,PKHeX.Core/Resources/text/items/text_Items_ko.txt,PKHeX.Core/Resources/text/items/text_Items_en.txt
1263,レトルトバーグ,레토르트햄버그,Precooked Burger,kwsch/PKHeX,8ad201e80244f630ab5a46922ab72fb79c5ad4f4,PKHeX.Core/Resources/text/items/text_Items_ja.txt,PKHeX.Core/Resources/text/items/text_Items_ko.txt,PKHeX.Core/Resources/text/items/text_Items_en.txt
1264,キョダイパウダー,거대파우더,Gigantamix,kwsch/PKHeX,8ad201e80244f630ab5a46922ab72fb79c5ad4f4,PKHeX.Core/Resources/text/items/text_Items_ja.txt,PKHeX.Core/Resources/text/items/text_Items_ko.txt,PKHeX.Core/Resources/text/items/text_Items_en.txt
1265,ねがいのかけら,소원의조각,Wishing Chip,kwsch/PKHeX,8ad201e80244f630ab5a46922ab72fb79c5ad4f4,PKHeX.Core/Resources/text/items/text_Items_ja.txt,PKHeX.Core/Resources/text/items/text_Items_ko.txt,PKHeX.Core/Resources/text/items/text_Items_en.txt
1266,ロトムじてんしゃ,로토무자전거,Rotom Bike,kwsch/PKHeX,8ad201e80244f630ab5a46922ab72fb79c5ad4f4,PKHeX.Core/Resources/text/items/text_Items_ja.txt,PKHeX.Core/Resources/text/items/text_Items_ko.txt,PKHeX.Core/Resources/text/items/text_Items_en.txt
1267,ゆれないおまもり,흔들림없는부적,Catching Charm,kwsch/PKHeX,8ad201e80244f630ab5a46922ab72fb79c5ad4f4,PKHeX.Core/Resources/text/items/text_Items_ja.txt,PKHeX.Core/Resources/text/items/text_Items_ko.txt,PKHeX.Core/Resources/text/items/text_Items_en.txt
1268,？？？,???,???,kwsch/PKHeX,8ad201e80244f630ab5a46922ab72fb79c5ad4f4,PKHeX.Core/Resources/text/items/text_Items_ja.txt,PKHeX.Core/Resources/text/items/text_Items_ko.txt,PKHeX.Core/Resources/text/items/text_Items_en.txt
1269,ふるびたてがみ,낡은편지,Old Letter,kwsch/PKHeX,8ad201e80244f630ab5a46922ab72fb79c5ad4f4,PKHeX.Core/Resources/text/items/text_Items_ja.txt,PKHeX.Core/Resources/text/items/text_Items_ko.txt,PKHeX.Core/Resources/text/items/text_Items_en.txt
1270,バンドのサイン,밴드의사인,Band Autograph,kwsch/PKHeX,8ad201e80244f630ab5a46922ab72fb79c5ad4f4,PKHeX.Core/Resources/text/items/text_Items_ja.txt,PKHeX.Core/Resources/text/items/text_Items_ko.txt,PKHeX.Core/Resources/text/items/text_Items_en.txt
1271,ソニアのほん,소니아의책,Sonia’s Book,kwsch/PKHeX,8ad201e80244f630ab5a46922ab72fb79c5ad4f4,PKHeX.Core/Resources/text/items/text_Items_ja.txt,PKHeX.Core/Resources/text/items/text_Items_ko.txt,PKHeX.Core/Resources/text/items/text_Items_en.txt
1272,？？？,???,???,kwsch/PKHeX,8ad201e80244f630ab5a46922ab72fb79c5ad4f4,PKHeX.Core/Resources/text/items/text_Items_ja.txt,PKHeX.Core/Resources/text/items/text_Items_ko.txt,PKHeX.Core/Resources/text/items/text_Items_en.txt
1273,？？？,???,???,kwsch/PKHeX,8ad201e80244f630ab5a46922ab72fb79c5ad4f4,PKHeX.Core/Resources/text/items/text_Items_ja.txt,PKHeX.Core/Resources/text/items/text_Items_ko.txt,PKHeX.Core/Resources/text/items/text_Items_en.txt
1274,？？？,???,???,kwsch/PKHeX,8ad201e80244f630ab5a46922ab72fb79c5ad4f4,PKHeX.Core/Resources/text/items/text_Items_ja.txt,PKHeX.Core/Resources/text/items/text_Items_ko.txt,PKHeX.Core/Resources/text/items/text_Items_en.txt
1275,？？？,???,???,kwsch/PKHeX,8ad201e80244f630ab5a46922ab72fb79c5ad4f4,PKHeX.Core/Resources/text/items/text_Items_ja.txt,PKHeX.Core/Resources/text/items/text_Items_ko.txt,PKHeX.Core/Resources/text/items/text_Items_en.txt
1276,？？？,???,???,kwsch/PKHeX,8ad201e80244f630ab5a46922ab72fb79c5ad4f4,PKHeX.Core/Resources/text/items/text_Items_ja.txt,PKHeX.Core/Resources/text/items/text_Items_ko.txt,PKHeX.Core/Resources/text/items/text_Items_en.txt
1277,？？？,???,???,kwsch/PKHeX,8ad201e80244f630ab5a46922ab72fb79c5ad4f4,PKHeX.Core/Resources/text/items/text_Items_ja.txt,PKHeX.Core/Resources/text/items/text_Items_ko.txt,PKHeX.Core/Resources/text/items/text_Items_en.txt
1278,ロトムのカタログ,로토무카탈로그,Rotom Catalog,kwsch/PKHeX,8ad201e80244f630ab5a46922ab72fb79c5ad4f4,PKHeX.Core/Resources/text/items/text_Items_ja.txt,PKHeX.Core/Resources/text/items/text_Items_ko.txt,PKHeX.Core/Resources/text/items/text_Items_en.txt
1279,★And458,★And458,★And458,kwsch/PKHeX,8ad201e80244f630ab5a46922ab72fb79c5ad4f4,PKHeX.Core/Resources/text/items/text_Items_ja.txt,PKHeX.Core/Resources/text/items/text_Items_ko.txt,PKHeX.Core/Resources/text/items/text_Items_en.txt
1280,★And15,★And15,★And15,kwsch/PKHeX,8ad201e80244f630ab5a46922ab72fb79c5ad4f4,PKHeX.Core/Resources/text/items/text_Items_ja.txt,PKHeX.Core/Resources/text/items/text_Items_ko.txt,PKHeX.Core/Resources/text/items/text_Items_en.txt
1281,★And337,★And337,★And337,kwsch/PKHeX,8ad201e80244f630ab5a46922ab72fb79c5ad4f4,PKHeX.Core/Resources/text/items/text_Items_ja.txt,PKHeX.Core/Resources/text/items/text_Items_ko.txt,PKHeX.Core/Resources/text/items/text_Items_en.txt
1282,★And603,★And603,★And603,kwsch/PKHeX,8ad201e80244f630ab5a46922ab72fb79c5ad4f4,PKHeX.Core/Resources/text/items/text_Items_ja.txt,PKHeX.Core/Resources/text/items/text_Items_ko.txt,PKHeX.Core/Resources/text/items/text_Items_en.txt
1283,★And390,★And390,★And390,kwsch/PKHeX,8ad201e80244f630ab5a46922ab72fb79c5ad4f4,PKHeX.Core/Resources/text/items/text_Items_ja.txt,PKHeX.Core/Resources/text/items/text_Items_ko.txt,PKHeX.Core/Resources/text/items/text_Items_en.txt
1284,★Sgr6879,★Sgr6879,★Sgr6879,kwsch/PKHeX,8ad201e80244f630ab5a46922ab72fb79c5ad4f4,PKHeX.Core/Resources/text/items/text_Items_ja.txt,PKHeX.Core/Resources/text/items/text_Items_ko.txt,PKHeX.Core/Resources/text/items/text_Items_en.txt
1285,★Sgr6859,★Sgr6859,★Sgr6859,kwsch/PKHeX,8ad201e80244f630ab5a46922ab72fb79c5ad4f4,PKHeX.Core/Resources/text/items/text_Items_ja.txt,PKHeX.Core/Resources/text/items/text_Items_ko.txt,PKHeX.Core/Resources/text/items/text_Items_en.txt
1286,★Sgr6913,★Sgr6913,★Sgr6913,kwsch/PKHeX,8ad201e80244f630ab5a46922ab72fb79c5ad4f4,PKHeX.Core/Resources/text/items/text_Items_ja.txt,PKHeX.Core/Resources/text/items/text_Items_ko.txt,PKHeX.Core/Resources/text/items/text_Items_en.txt
1287,★Sgr7348,★Sgr7348,★Sgr7348,kwsch/PKHeX,8ad201e80244f630ab5a46922ab72fb79c5ad4f4,PKHeX.Core/Resources/text/items/text_Items_ja.txt,PKHeX.Core/Resources/text/items/text_Items_ko.txt,PKHeX.Core/Resources/text/items/text_Items_en.txt
1288,★Sgr7121,★Sgr7121,★Sgr7121,kwsch/PKHeX,8ad201e80244f630ab5a46922ab72fb79c5ad4f4,PKHeX.Core/Resources/text/items/text_Items_ja.txt,PKHeX.Core/Resources/text/items/text_Items_ko.txt,PKHeX.Core/Resources/text/items/text_Items_en.txt
1289,★Sgr6746,★Sgr6746,★Sgr6746,kwsch/PKHeX,8ad201e80244f630ab5a46922ab72fb79c5ad4f4,PKHeX.Core/Resources/text/items/text_Items_ja.txt,PKHeX.Core/Resources/text/items/text_Items_ko.txt,PKHeX.Core/Resources/text/items/text_Items_en.txt
1290,★Sgr7194,★Sgr7194,★Sgr7194,kwsch/PKHeX,8ad201e80244f630ab5a46922ab72fb79c5ad4f4,PKHeX.Core/Resources/text/items/text_Items_ja.txt,PKHeX.Core/Resources/text/items/text_Items_ko.txt,PKHeX.Core/Resources/text/items/text_Items_en.txt
1291,★Sgr7337,★Sgr7337,★Sgr7337,kwsch/PKHeX,8ad201e80244f630ab5a46922ab72fb79c5ad4f4,PKHeX.Core/Resources/text/items/text_Items_ja.txt,PKHeX.Core/Resources/text/items/text_Items_ko.txt,PKHeX.Core/Resources/text/items/text_Items_en.txt
1292,★Sgr7343,★Sgr7343,★Sgr7343,kwsch/PKHeX,8ad201e80244f630ab5a46922ab72fb79c5ad4f4,PKHeX.Core/Resources/text/items/text_Items_ja.txt,PKHeX.Core/Resources/text/items/text_Items_ko.txt,PKHeX.Core/Resources/text/items/text_Items_en.txt
1293,★Sgr6812,★Sgr6812,★Sgr6812,kwsch/PKHeX,8ad201e80244f630ab5a46922ab72fb79c5ad4f4,PKHeX.Core/Resources/text/items/text_Items_ja.txt,PKHeX.Core/Resources/text/items/text_Items_ko.txt,PKHeX.Core/Resources/text/items/text_Items_en.txt
1294,★Sgr7116,★Sgr7116,★Sgr7116,kwsch/PKHeX,8ad201e80244f630ab5a46922ab72fb79c5ad4f4,PKHeX.Core/Resources/text/items/text_Items_ja.txt,PKHeX.Core/Resources/text/items/text_Items_ko.txt,PKHeX.Core/Resources/text/items/text_Items_en.txt
1295,★Sgr7264,★Sgr7264,★Sgr7264,kwsch/PKHeX,8ad201e80244f630ab5a46922ab72fb79c5ad4f4,PKHeX.Core/Resources/text/items/text_Items_ja.txt,PKHeX.Core/Resources/text/items/text_Items_ko.txt,PKHeX.Core/Resources/text/items/text_Items_en.txt
1296,★Sgr7597,★Sgr7597,★Sgr7597,kwsch/PKHeX,8ad201e80244f630ab5a46922ab72fb79c5ad4f4,PKHeX.Core/Resources/text/items/text_Items_ja.txt,PKHeX.Core/Resources/text/items/text_Items_ko.txt,PKHeX.Core/Resources/text/items/text_Items_en.txt
1297,★Del7882,★Del7882,★Del7882,kwsch/PKHeX,8ad201e80244f630ab5a46922ab72fb79c5ad4f4,PKHeX.Core/Resources/text/items/text_Items_ja.txt,PKHeX.Core/Resources/text/items/text_Items_ko.txt,PKHeX.Core/Resources/text/items/text_Items_en.txt
1298,★Del7906,★Del7906,★Del7906,kwsch/PKHeX,8ad201e80244f630ab5a46922ab72fb79c5ad4f4,PKHeX.Core/Resources/text/items/text_Items_ja.txt,PKHeX.Core/Resources/text/items/text_Items_ko.txt,PKHeX.Core/Resources/text/items/text_Items_en.txt
1299,★Del7852,★Del7852,★Del7852,kwsch/PKHeX,8ad201e80244f630ab5a46922ab72fb79c5ad4f4,PKHeX.Core/Resources/text/items/text_Items_ja.txt,PKHeX.Core/Resources/text/items/text_Items_ko.txt,PKHeX.Core/Resources/text/items/text_Items_en.txt
1300,★Psc596,★Psc596,★Psc596,kwsch/PKHeX,8ad201e80244f630ab5a46922ab72fb79c5ad4f4,PKHeX.Core/Resources/text/items/text_Items_ja.txt,PKHeX.Core/Resources/text/items/text_Items_ko.txt,PKHeX.Core/Resources/text/items/text_Items_en.txt
1301,★Psc361,★Psc361,★Psc361,kwsch/PKHeX,8ad201e80244f630ab5a46922ab72fb79c5ad4f4,PKHeX.Core/Resources/text/items/text_Items_ja.txt,PKHeX.Core/Resources/text/items/text_Items_ko.txt,PKHeX.Core/Resources/text/items/text_Items_en.txt
1302,★Psc510,★Psc510,★Psc510,kwsch/PKHeX,8ad201e80244f630ab5a46922ab72fb79c5ad4f4,PKHeX.Core/Resources/text/items/text_Items_ja.txt,PKHeX.Core/Resources/text/items/text_Items_ko.txt,PKHeX.Core/Resources/text/items/text_Items_en.txt
1303,★Psc437,★Psc437,★Psc437,kwsch/PKHeX,8ad201e80244f630ab5a46922ab72fb79c5ad4f4,PKHeX.Core/Resources/text/items/text_Items_ja.txt,PKHeX.Core/Resources/text/items/text_Items_ko.txt,PKHeX.Core/Resources/text/items/text_Items_en.txt
1304,★Psc8773,★Psc8773,★Psc8773,kwsch/PKHeX,8ad201e80244f630ab5a46922ab72fb79c5ad4f4,PKHeX.Core/Resources/text/items/text_Items_ja.txt,PKHeX.Core/Resources/text/items/text_Items_ko.txt,PKHeX.Core/Resources/text/items/text_Items_en.txt
1305,★Lep1865,★Lep1865,★Lep1865,kwsch/PKHeX,8ad201e80244f630ab5a46922ab72fb79c5ad4f4,PKHeX.Core/Resources/text/items/text_Items_ja.txt,PKHeX.Core/Resources/text/items/text_Items_ko.txt,PKHeX.Core/Resources/text/items/text_Items_en.txt
1306,★Lep1829,★Lep1829,★Lep1829,kwsch/PKHeX,8ad201e80244f630ab5a46922ab72fb79c5ad4f4,PKHeX.Core/Resources/text/items/text_Items_ja.txt,PKHeX.Core/Resources/text/items/text_Items_ko.txt,PKHeX.Core/Resources/text/items/text_Items_en.txt
1307,★Boo5340,★Boo5340,★Boo5340,kwsch/PKHeX,8ad201e80244f630ab5a46922ab72fb79c5ad4f4,PKHeX.Core/Resources/text/items/text_Items_ja.txt,PKHeX.Core/Resources/text/items/text_Items_ko.txt,PKHeX.Core/Resources/text/items/text_Items_en.txt
1308,★Boo5506,★Boo5506,★Boo5506,kwsch/PKHeX,8ad201e80244f630ab5a46922ab72fb79c5ad4f4,PKHeX.Core/Resources/text/items/text_Items_ja.txt,PKHeX.Core/Resources/text/items/text_Items_ko.txt,PKHeX.Core/Resources/text/items/text_Items_en.txt
1309,★Boo5435,★Boo5435,★Boo5435,kwsch/PKHeX,8ad201e80244f630ab5a46922ab72fb79c5ad4f4,PKHeX.Core/Resources/text/items/text_Items_ja.txt,PKHeX.Core/Resources/text/items/text_Items_ko.txt,PKHeX.Core/Resources/text/items/text_Items_en.txt
1310,★Boo5602,★Boo5602,★Boo5602,kwsch/PKHeX,8ad201e80244f630ab5a46922ab72fb79c5ad4f4,PKHeX.Core/Resources/text/items/text_Items_ja.txt,PKHeX.Core/Resources/text/items/text_Items_ko.txt,PKHeX.Core/Resources/text/items/text_Items_en.txt
1311,★Boo5733,★Boo5733,★Boo5733,kwsch/PKHeX,8ad201e80244f630ab5a46922ab72fb79c5ad4f4,PKHeX.Core/Resources/text/items/text_Items_ja.txt,PKHeX.Core/Resources/text/items/text_Items_ko.txt,PKHeX.Core/Resources/text/items/text_Items_en.txt
1312,★Boo5235,★Boo5235,★Boo5235,kwsch/PKHeX,8ad201e80244f630ab5a46922ab72fb79c5ad4f4,PKHeX.Core/Resources/text/items/text_Items_ja.txt,PKHeX.Core/Resources/text/items/text_Items_ko.txt,PKHeX.Core/Resources/text/items/text_Items_en.txt
1313,★Boo5351,★Boo5351,★Boo5351,kwsch/PKHeX,8ad201e80244f630ab5a46922ab72fb79c5ad4f4,PKHeX.Core/Resources/text/items/text_Items_ja.txt,PKHeX.Core/Resources/text/items/text_Items_ko.txt,PKHeX.Core/Resources/text/items/text_Items_en.txt
1314,★Hya3748,★Hya3748,★Hya3748,kwsch/PKHeX,8ad201e80244f630ab5a46922ab72fb79c5ad4f4,PKHeX.Core/Resources/text/items/text_Items_ja.txt,PKHeX.Core/Resources/text/items/text_Items_ko.txt,PKHeX.Core/Resources/text/items/text_Items_en.txt
1315,★Hya3903,★Hya3903,★Hya3903,kwsch/PKHeX,8ad201e80244f630ab5a46922ab72fb79c5ad4f4,PKHeX.Core/Resources/text/items/text_Items_ja.txt,PKHeX.Core/Resources/text/items/text_Items_ko.txt,PKHeX.Core/Resources/text/items/text_Items_en.txt
1316,★Hya3418,★Hya3418,★Hya3418,kwsch/PKHeX,8ad201e80244f630ab5a46922ab72fb79c5ad4f4,PKHeX.Core/Resources/text/items/text_Items_ja.txt,PKHeX.Core/Resources/text/items/text_Items_ko.txt,PKHeX.Core/Resources/text/items/text_Items_en.txt
1317,★Hya3482,★Hya3482,★Hya3482,kwsch/PKHeX,8ad201e80244f630ab5a46922ab72fb79c5ad4f4,PKHeX.Core/Resources/text/items/text_Items_ja.txt,PKHeX.Core/Resources/text/items/text_Items_ko.txt,PKHeX.Core/Resources/text/items/text_Items_en.txt
1318,★Hya3845,★Hya3845,★Hya3845,kwsch/PKHeX,8ad201e80244f630ab5a46922ab72fb79c5ad4f4,PKHeX.Core/Resources/text/items/text_Items_ja.txt,PKHeX.Core/Resources/text/items/text_Items_ko.txt,PKHeX.Core/Resources/text/items/text_Items_en.txt
1319,★Eri1084,★Eri1084,★Eri1084,kwsch/PKHeX,8ad201e80244f630ab5a46922ab72fb79c5ad4f4,PKHeX.Core/Resources/text/items/text_Items_ja.txt,PKHeX.Core/Resources/text/items/text_Items_ko.txt,PKHeX.Core/Resources/text/items/text_Items_en.txt
1320,★Eri472,★Eri472,★Eri472,kwsch/PKHeX,8ad201e80244f630ab5a46922ab72fb79c5ad4f4,PKHeX.Core/Resources/text/items/text_Items_ja.txt,PKHeX.Core/Resources/text/items/text_Items_ko.txt,PKHeX.Core/Resources/text/items/text_Items_en.txt
1321,★Eri1666,★Eri1666,★Eri1666,kwsch/PKHeX,8ad201e80244f630ab5a46922ab72fb79c5ad4f4,PKHeX.Core/Resources/text/items/text_Items_ja.txt,PKHeX.Core/Resources/text/items/text_Items_ko.txt,PKHeX.Core/Resources/text/items/text_Items_en.txt
1322,★Eri897,★Eri897,★Eri897,kwsch/PKHeX,8ad201e80244f630ab5a46922ab72fb79c5ad4f4,PKHeX.Core/Resources/text/items/text_Items_ja.txt,PKHeX.Core/Resources/text/items/text_Items_ko.txt,PKHeX.Core/Resources/text/items/text_Items_en.txt
1323,★Eri1231,★Eri1231,★Eri1231,kwsch/PKHeX,8ad201e80244f630ab5a46922ab72fb79c5ad4f4,PKHeX.Core/Resources/text/items/text_Items_ja.txt,PKHeX.Core/Resources/text/items/text_Items_ko.txt,PKHeX.Core/Resources/text/items/text_Items_en.txt
1324,★Eri874,★Eri874,★Eri874,kwsch/PKHeX,8ad201e80244f630ab5a46922ab72fb79c5ad4f4,PKHeX.Core/Resources/text/items/text_Items_ja.txt,PKHeX.Core/Resources/text/items/text_Items_ko.txt,PKHeX.Core/Resources/text/items/text_Items_en.txt
1325,★Eri1298,★Eri1298,★Eri1298,kwsch/PKHeX,8ad201e80244f630ab5a46922ab72fb79c5ad4f4,PKHeX.Core/Resources/text/items/text_Items_ja.txt,PKHeX.Core/Resources/text/items/text_Items_ko.txt,PKHeX.Core/Resources/text/items/text_Items_en.txt
1326,★Eri1325,★Eri1325,★Eri1325,kwsch/PKHeX,8ad201e80244f630ab5a46922ab72fb79c5ad4f4,PKHeX.Core/Resources/text/items/text_Items_ja.txt,PKHeX.Core/Resources/text/items/text_Items_ko.txt,PKHeX.Core/Resources/text/items/text_Items_en.txt
1327,★Eri984,★Eri984,★Eri984,kwsch/PKHeX,8ad201e80244f630ab5a46922ab72fb79c5ad4f4,PKHeX.Core/Resources/text/items/text_Items_ja.txt,PKHeX.Core/Resources/text/items/text_Items_ko.txt,PKHeX.Core/Resources/text/items/text_Items_en.txt
1328,★Eri1464,★Eri1464,★Eri1464,kwsch/PKHeX,8ad201e80244f630ab5a46922ab72fb79c5ad4f4,PKHeX.Core/Resources/text/items/text_Items_ja.txt,PKHeX.Core/Resources/text/items/text_Items_ko.txt,PKHeX.Core/Resources/text/items/text_Items_en.txt
1329,★Eri1393,★Eri1393,★Eri1393,kwsch/PKHeX,8ad201e80244f630ab5a46922ab72fb79c5ad4f4,PKHeX.Core/Resources/text/items/text_Items_ja.txt,PKHeX.Core/Resources/text/items/text_Items_ko.txt,PKHeX.Core/Resources/text/items/text_Items_en.txt
1330,★Eri850,★Eri850,★Eri850,kwsch/PKHeX,8ad201e80244f630ab5a46922ab72fb79c5ad4f4,PKHeX.Core/Resources/text/items/text_Items_ja.txt,PKHeX.Core/Resources/text/items/text_Items_ko.txt,PKHeX.Core/Resources/text/items/text_Items_en.txt
1331,★Tau1409,★Tau1409,★Tau1409,kwsch/PKHeX,8ad201e80244f630ab5a46922ab72fb79c5ad4f4,PKHeX.Core/Resources/text/items/text_Items_ja.txt,PKHeX.Core/Resources/text/items/text_Items_ko.txt,PKHeX.Core/Resources/text/items/text_Items_en.txt
1332,★Tau1457,★Tau1457,★Tau1457,kwsch/PKHeX,8ad201e80244f630ab5a46922ab72fb79c5ad4f4,PKHeX.Core/Resources/text/items/text_Items_ja.txt,PKHeX.Core/Resources/text/items/text_Items_ko.txt,PKHeX.Core/Resources/text/items/text_Items_en.txt
1333,★Tau1165,★Tau1165,★Tau1165,kwsch/PKHeX,8ad201e80244f630ab5a46922ab72fb79c5ad4f4,PKHeX.Core/Resources/text/items/text_Items_ja.txt,PKHeX.Core/Resources/text/items/text_Items_ko.txt,PKHeX.Core/Resources/text/items/text_Items_en.txt
1334,★Tau1791,★Tau1791,★Tau1791,kwsch/PKHeX,8ad201e80244f630ab5a46922ab72fb79c5ad4f4,PKHeX.Core/Resources/text/items/text_Items_ja.txt,PKHeX.Core/Resources/text/items/text_Items_ko.txt,PKHeX.Core/Resources/text/items/text_Items_en.txt
1335,★Tau1910,★Tau1910,★Tau1910,kwsch/PKHeX,8ad201e80244f630ab5a46922ab72fb79c5ad4f4,PKHeX.Core/Resources/text/items/text_Items_ja.txt,PKHeX.Core/Resources/text/items/text_Items_ko.txt,PKHeX.Core/Resources/text/items/text_Items_en.txt
1336,★Tau1346,★Tau1346,★Tau1346,kwsch/PKHeX,8ad201e80244f630ab5a46922ab72fb79c5ad4f4,PKHeX.Core/Resources/text/items/text_Items_ja.txt,PKHeX.Core/Resources/text/items/text_Items_ko.txt,PKHeX.Core/Resources/text/items/text_Items_en.txt
1337,★Tau1373,★Tau1373,★Tau1373,kwsch/PKHeX,8ad201e80244f630ab5a46922ab72fb79c5ad4f4,PKHeX.Core/Resources/text/items/text_Items_ja.txt,PKHeX.Core/Resources/text/items/text_Items_ko.txt,PKHeX.Core/Resources/text/items/text_Items_en.txt
1338,★Tau1412,★Tau1412,★Tau1412,kwsch/PKHeX,8ad201e80244f630ab5a46922ab72fb79c5ad4f4,PKHeX.Core/Resources/text/items/text_Items_ja.txt,PKHeX.Core/Resources/text/items/text_Items_ko.txt,PKHeX.Core/Resources/text/items/text_Items_en.txt
1339,★CMa2491,★CMa2491,★CMa2491,kwsch/PKHeX,8ad201e80244f630ab5a46922ab72fb79c5ad4f4,PKHeX.Core/Resources/text/items/text_Items_ja.txt,PKHeX.Core/Resources/text/items/text_Items_ko.txt,PKHeX.Core/Resources/text/items/text_Items_en.txt
1340,★CMa2693,★CMa2693,★CMa2693,kwsch/PKHeX,8ad201e80244f630ab5a46922ab72fb79c5ad4f4,PKHeX.Core/Resources/text/items/text_Items_ja.txt,PKHeX.Core/Resources/text/items/text_Items_ko.txt,PKHeX.Core/Resources/text/items/text_Items_en.txt
1341,★CMa2294,★CMa2294,★CMa2294,kwsch/PKHeX,8ad201e80244f630ab5a46922ab72fb79c5ad4f4,PKHeX.Core/Resources/text/items/text_Items_ja.txt,PKHeX.Core/Resources/text/items/text_Items_ko.txt,PKHeX.Core/Resources/text/items/text_Items_en.txt
1342,★CMa2827,★CMa2827,★CMa2827,kwsch/PKHeX,8ad201e80244f630ab5a46922ab72fb79c5ad4f4,PKHeX.Core/Resources/text/items/text_Items_ja.txt,PKHeX.Core/Resources/text/items/text_Items_ko.txt,PKHeX.Core/Resources/text/items/text_Items_en.txt
1343,★CMa2282,★CMa2282,★CMa2282,kwsch/PKHeX,8ad201e80244f630ab5a46922ab72fb79c5ad4f4,PKHeX.Core/Resources/text/items/text_Items_ja.txt,PKHeX.Core/Resources/text/items/text_Items_ko.txt,PKHeX.Core/Resources/text/items/text_Items_en.txt
1344,★CMa2618,★CMa2618,★CMa2618,kwsch/PKHeX,8ad201e80244f630ab5a46922ab72fb79c5ad4f4,PKHeX.Core/Resources/text/items/text_Items_ja.txt,PKHeX.Core/Resources/text/items/text_Items_ko.txt,PKHeX.Core/Resources/text/items/text_Items_en.txt
1345,★CMa2657,★CMa2657,★CMa2657,kwsch/PKHeX,8ad201e80244f630ab5a46922ab72fb79c5ad4f4,PKHeX.Core/Resources/text/items/text_Items_ja.txt,PKHeX.Core/Resources/text/items/text_Items_ko.txt,PKHeX.Core/Resources/text/items/text_Items_en.txt
1346,★CMa2646,★CMa2646,★CMa2646,kwsch/PKHeX,8ad201e80244f630ab5a46922ab72fb79c5ad4f4,PKHeX.Core/Resources/text/items/text_Items_ja.txt,PKHeX.Core/Resources/text/items/text_Items_ko.txt,PKHeX.Core/Resources/text/items/text_Items_en.txt
1347,★UMa4905,★UMa4905,★UMa4905,kwsch/PKHeX,8ad201e80244f630ab5a46922ab72fb79c5ad4f4,PKHeX.Core/Resources/text/items/text_Items_ja.txt,PKHeX.Core/Resources/text/items/text_Items_ko.txt,PKHeX.Core/Resources/text/items/text_Items_en.txt
1348,★UMa4301,★UMa4301,★UMa4301,kwsch/PKHeX,8ad201e80244f630ab5a46922ab72fb79c5ad4f4,PKHeX.Core/Resources/text/items/text_Items_ja.txt,PKHeX.Core/Resources/text/items/text_Items_ko.txt,PKHeX.Core/Resources/text/items/text_Items_en.txt
1349,★UMa5191,★UMa5191,★UMa5191,kwsch/PKHeX,8ad201e80244f630ab5a46922ab72fb79c5ad4f4,PKHeX.Core/Resources/text/items/text_Items_ja.txt,PKHeX.Core/Resources/text/items/text_Items_ko.txt,PKHeX.Core/Resources/text/items/text_Items_en.txt
1350,★UMa5054,★UMa5054,★UMa5054,kwsch/PKHeX,8ad201e80244f630ab5a46922ab72fb79c5ad4f4,PKHeX.Core/Resources/text/items/text_Items_ja.txt,PKHeX.Core/Resources/text/items/text_Items_ko.txt,PKHeX.Core/Resources/text/items/text_Items_en.txt
1351,★UMa4295,★UMa4295,★UMa4295,kwsch/PKHeX,8ad201e80244f630ab5a46922ab72fb79c5ad4f4,PKHeX.Core/Resources/text/items/text_Items_ja.txt,PKHeX.Core/Resources/text/items/text_Items_ko.txt,PKHeX.Core/Resources/text/items/text_Items_en.txt
1352,★UMa4660,★UMa4660,★UMa4660,kwsch/PKHeX,8ad201e80244f630ab5a46922ab72fb79c5ad4f4,PKHeX.Core/Resources/text/items/text_Items_ja.txt,PKHeX.Core/Resources/text/items/text_Items_ko.txt,PKHeX.Core/Resources/text/items/text_Items_en.txt
1353,★UMa4554,★UMa4554,★UMa4554,kwsch/PKHeX,8ad201e80244f630ab5a46922ab72fb79c5ad4f4,PKHeX.Core/Resources/text/items/text_Items_ja.txt,PKHeX.Core/Resources/text/items/text_Items_ko.txt,PKHeX.Core/Resources/text/items/text_Items_en.txt
1354,★UMa4069,★UMa4069,★UMa4069,kwsch/PKHeX,8ad201e80244f630ab5a46922ab72fb79c5ad4f4,PKHeX.Core/Resources/text/items/text_Items_ja.txt,PKHeX.Core/Resources/text/items/text_Items_ko.txt,PKHeX.Core/Resources/text/items/text_Items_en.txt
1355,★UMa3569,★UMa3569,★UMa3569,kwsch/PKHeX,8ad201e80244f630ab5a46922ab72fb79c5ad4f4,PKHeX.Core/Resources/text/items/text_Items_ja.txt,PKHeX.Core/Resources/text/items/text_Items_ko.txt,PKHeX.Core/Resources/text/items/text_Items_en.txt
1356,★UMa3323,★UMa3323,★UMa3323,kwsch/PKHeX,8ad201e80244f630ab5a46922ab72fb79c5ad4f4,PKHeX.Core/Resources/text/items/text_Items_ja.txt,PKHeX.Core/Resources/text/items/text_Items_ko.txt,PKHeX.Core/Resources/text/items/text_Items_en.txt
1357,★UMa4033,★UMa4033,★UMa4033,kwsch/PKHeX,8ad201e80244f630ab5a46922ab72fb79c5ad4f4,PKHeX.Core/Resources/text/items/text_Items_ja.txt,PKHeX.Core/Resources/text/items/text_Items_ko.txt,PKHeX.Core/Resources/text/items/text_Items_en.txt
1358,★UMa4377,★UMa4377,★UMa4377,kwsch/PKHeX,8ad201e80244f630ab5a46922ab72fb79c5ad4f4,PKHeX.Core/Resources/text/items/text_Items_ja.txt,PKHeX.Core/Resources/text/items/text_Items_ko.txt,PKHeX.Core/Resources/text/items/text_Items_en.txt
1359,★UMa4375,★UMa4375,★UMa4375,kwsch/PKHeX,8ad201e80244f630ab5a46922ab72fb79c5ad4f4,PKHeX.Core/Resources/text/items/text_Items_ja.txt,PKHeX.Core/Resources/text/items/text_Items_ko.txt,PKHeX.Core/Resources/text/items/text_Items_en.txt
1360,★UMa4518,★UMa4518,★UMa4518,kwsch/PKHeX,8ad201e80244f630ab5a46922ab72fb79c5ad4f4,PKHeX.Core/Resources/text/items/text_Items_ja.txt,PKHeX.Core/Resources/text/items/text_Items_ko.txt,PKHeX.Core/Resources/text/items/text_Items_en.txt
1361,★UMa3594,★UMa3594,★UMa3594,kwsch/PKHeX,8ad201e80244f630ab5a46922ab72fb79c5ad4f4,PKHeX.Core/Resources/text/items/text_Items_ja.txt,PKHeX.Core/Resources/text/items/text_Items_ko.txt,PKHeX.Core/Resources/text/items/text_Items_en.txt
1362,★Vir5056,★Vir5056,★Vir5056,kwsch/PKHeX,8ad201e80244f630ab5a46922ab72fb79c5ad4f4,PKHeX.Core/Resources/text/items/text_Items_ja.txt,PKHeX.Core/Resources/text/items/text_Items_ko.txt,PKHeX.Core/Resources/text/items/text_Items_en.txt
1363,★Vir4825,★Vir4825,★Vir4825,kwsch/PKHeX,8ad201e80244f630ab5a46922ab72fb79c5ad4f4,PKHeX.Core/Resources/text/items/text_Items_ja.txt,PKHeX.Core/Resources/text/items/text_Items_ko.txt,PKHeX.Core/Resources/text/items/text_Items_en.txt
1364,★Vir4932,★Vir4932,★Vir4932,kwsch/PKHeX,8ad201e80244f630ab5a46922ab72fb79c5ad4f4,PKHeX.Core/Resources/text/items/text_Items_ja.txt,PKHeX.Core/Resources/text/items/text_Items_ko.txt,PKHeX.Core/Resources/text/items/text_Items_en.txt
1365,★Vir4540,★Vir4540,★Vir4540,kwsch/PKHeX,8ad201e80244f630ab5a46922ab72fb79c5ad4f4,PKHeX.Core/Resources/text/items/text_Items_ja.txt,PKHeX.Core/Resources/text/items/text_Items_ko.txt,PKHeX.Core/Resources/text/items/text_Items_en.txt
1366,★Vir4689,★Vir4689,★Vir4689,kwsch/PKHeX,8ad201e80244f630ab5a46922ab72fb79c5ad4f4,PKHeX.Core/Resources/text/items/text_Items_ja.txt,PKHeX.Core/Resources/text/items/text_Items_ko.txt,PKHeX.Core/Resources/text/items/text_Items_en.txt
1367,★Vir5338,★Vir5338,★Vir5338,kwsch/PKHeX,8ad201e80244f630ab5a46922ab72fb79c5ad4f4,PKHeX.Core/Resources/text/items/text_Items_ja.txt,PKHeX.Core/Resources/text/items/text_Items_ko.txt,PKHeX.Core/Resources/text/items/text_Items_en.txt
1368,★Vir4910,★Vir4910,★Vir4910,kwsch/PKHeX,8ad201e80244f630ab5a46922ab72fb79c5ad4f4,PKHeX.Core/Resources/text/items/text_Items_ja.txt,PKHeX.Core/Resources/text/items/text_Items_ko.txt,PKHeX.Core/Resources/text/items/text_Items_en.txt
1369,★Vir5315,★Vir5315,★Vir5315,kwsch/PKHeX,8ad201e80244f630ab5a46922ab72fb79c5ad4f4,PKHeX.Core/Resources/text/items/text_Items_ja.txt,PKHeX.Core/Resources/text/items/text_Items_ko.txt,PKHeX.Core/Resources/text/items/text_Items_en.txt
1370,★Vir5359,★Vir5359,★Vir5359,kwsch/PKHeX,8ad201e80244f630ab5a46922ab72fb79c5ad4f4,PKHeX.Core/Resources/text/items/text_Items_ja.txt,PKHeX.Core/Resources/text/items/text_Items_ko.txt,PKHeX.Core/Resources/text/items/text_Items_en.txt
1371,★Vir5409,★Vir5409,★Vir5409,kwsch/PKHeX,8ad201e80244f630ab5a46922ab72fb79c5ad4f4,PKHeX.Core/Resources/text/items/text_Items_ja.txt,PKHeX.Core/Resources/text/items/text_Items_ko.txt,PKHeX.Core/Resources/text/items/text_Items_en.txt
1372,★Vir5107,★Vir5107,★Vir5107,kwsch/PKHeX,8ad201e80244f630ab5a46922ab72fb79c5ad4f4,PKHeX.Core/Resources/text/items/text_Items_ja.txt,PKHeX.Core/Resources/text/items/text_Items_ko.txt,PKHeX.Core/Resources/text/items/text_Items_en.txt
1373,★Ari617,★Ari617,★Ari617,kwsch/PKHeX,8ad201e80244f630ab5a46922ab72fb79c5ad4f4,PKHeX.Core/Resources/text/items/text_Items_ja.txt,PKHeX.Core/Resources/text/items/text_Items_ko.txt,PKHeX.Core/Resources/text/items/text_Items_en.txt
1374,★Ari553,★Ari553,★Ari553,kwsch/PKHeX,8ad201e80244f630ab5a46922ab72fb79c5ad4f4,PKHeX.Core/Resources/text/items/text_Items_ja.txt,PKHeX.Core/Resources/text/items/text_Items_ko.txt,PKHeX.Core/Resources/text/items/text_Items_en.txt
1375,★Ari546,★Ari546,★Ari546,kwsch/PKHeX,8ad201e80244f630ab5a46922ab72fb79c5ad4f4,PKHeX.Core/Resources/text/items/text_Items_ja.txt,PKHeX.Core/Resources/text/items/text_Items_ko.txt,PKHeX.Core/Resources/text/items/text_Items_en.txt
1376,★Ari951,★Ari951,★Ari951,kwsch/PKHeX,8ad201e80244f630ab5a46922ab72fb79c5ad4f4,PKHeX.Core/Resources/text/items/text_Items_ja.txt,PKHeX.Core/Resources/text/items/text_Items_ko.txt,PKHeX.Core/Resources/text/items/text_Items_en.txt
1377,★Ori1713,★Ori1713,★Ori1713,kwsch/PKHeX,8ad201e80244f630ab5a46922ab72fb79c5ad4f4,PKHeX.Core/Resources/text/items/text_Items_ja.txt,PKHeX.Core/Resources/text/items/text_Items_ko.txt,PKHeX.Core/Resources/text/items/text_Items_en.txt
1378,★Ori2061,★Ori2061,★Ori2061,kwsch/PKHeX,8ad201e80244f630ab5a46922ab72fb79c5ad4f4,PKHeX.Core/Resources/text/items/text_Items_ja.txt,PKHeX.Core/Resources/text/items/text_Items_ko.txt,PKHeX.Core/Resources/text/items/text_Items_en.txt
1379,★Ori1790,★Ori1790,★Ori1790,kwsch/PKHeX,8ad201e80244f630ab5a46922ab72fb79c5ad4f4,PKHeX.Core/Resources/text/items/text_Items_ja.txt,PKHeX.Core/Resources/text/items/text_Items_ko.txt,PKHeX.Core/Resources/text/items/text_Items_en.txt
1380,★Ori1903,★Ori1903,★Ori1903,kwsch/PKHeX,8ad201e80244f630ab5a46922ab72fb79c5ad4f4,PKHeX.Core/Resources/text/items/text_Items_ja.txt,PKHeX.Core/Resources/text/items/text_Items_ko.txt,PKHeX.Core/Resources/text/items/text_Items_en.txt
1381,★Ori1948,★Ori1948,★Ori1948,kwsch/PKHeX,8ad201e80244f630ab5a46922ab72fb79c5ad4f4,PKHeX.Core/Resources/text/items/text_Items_ja.txt,PKHeX.Core/Resources/text/items/text_Items_ko.txt,PKHeX.Core/Resources/text/items/text_Items_en.txt
1382,★Ori2004,★Ori2004,★Ori2004,kwsch/PKHeX,8ad201e80244f630ab5a46922ab72fb79c5ad4f4,PKHeX.Core/Resources/text/items/text_Items_ja.txt,PKHeX.Core/Resources/text/items/text_Items_ko.txt,PKHeX.Core/Resources/text/items/text_Items_en.txt
1383,★Ori1852,★Ori1852,★Ori1852,kwsch/PKHeX,8ad201e80244f630ab5a46922ab72fb79c5ad4f4,PKHeX.Core/Resources/text/items/text_Items_ja.txt,PKHeX.Core/Resources/text/items/text_Items_ko.txt,PKHeX.Core/Resources/text/items/text_Items_en.txt
1384,★Ori1879,★Ori1879,★Ori1879,kwsch/PKHeX,8ad201e80244f630ab5a46922ab72fb79c5ad4f4,PKHeX.Core/Resources/text/items/text_Items_ja.txt,PKHeX.Core/Resources/text/items/text_Items_ko.txt,PKHeX.Core/Resources/text/items/text_Items_en.txt
1385,★Ori1899,★Ori1899,★Ori1899,kwsch/PKHeX,8ad201e80244f630ab5a46922ab72fb79c5ad4f4,PKHeX.Core/Resources/text/items/text_Items_ja.txt,PKHeX.Core/Resources/text/items/text_Items_ko.txt,PKHeX.Core/Resources/text/items/text_Items_en.txt
1386,★Ori1543,★Ori1543,★Ori1543,kwsch/PKHeX,8ad201e80244f630ab5a46922ab72fb79c5ad4f4,PKHeX.Core/Resources/text/items/text_Items_ja.txt,PKHeX.Core/Resources/text/items/text_Items_ko.txt,PKHeX.Core/Resources/text/items/text_Items_en.txt
1387,★Cas21,★Cas21,★Cas21,kwsch/PKHeX,8ad201e80244f630ab5a46922ab72fb79c5ad4f4,PKHeX.Core/Resources/text/items/text_Items_ja.txt,PKHeX.Core/Resources/text/items/text_Items_ko.txt,PKHeX.Core/Resources/text/items/text_Items_en.txt
1388,★Cas168,★Cas168,★Cas168,kwsch/PKHeX,8ad201e80244f630ab5a46922ab72fb79c5ad4f4,PKHeX.Core/Resources/text/items/text_Items_ja.txt,PKHeX.Core/Resources/text/items/text_Items_ko.txt,PKHeX.Core/Resources/text/items/text_Items_en.txt
1389,★Cas403,★Cas403,★Cas403,kwsch/PKHeX,8ad201e80244f630ab5a46922ab72fb79c5ad4f4,PKHeX.Core/Resources/text/items/text_Items_ja.txt,PKHeX.Core/Resources/text/items/text_Items_ko.txt,PKHeX.Core/Resources/text/items/text_Items_en.txt
1390,★Cas153,★Cas153,★Cas153,kwsch/PKHeX,8ad201e80244f630ab5a46922ab72fb79c5ad4f4,PKHeX.Core/Resources/text/items/text_Items_ja.txt,PKHeX.Core/Resources/text/items/text_Items_ko.txt,PKHeX.Core/Resources/text/items/text_Items_en.txt
1391,★Cas542,★Cas542,★Cas542,kwsch/PKHeX,8ad201e80244f630ab5a46922ab72fb79c5ad4f4,PKHeX.Core/Resources/text/items/text_Items_ja.txt,PKHeX.Core/Resources/text/items/text_Items_ko.txt,PKHeX.Core/Resources/text/items/text_Items_en.txt
1392,★Cas219,★Cas219,★Cas219,kwsch/PKHeX,8ad201e80244f630ab5a46922ab72fb79c5ad4f4,PKHeX.Core/Resources/text/items/text_Items_ja.txt,PKHeX.Core/Resources/text/items/text_Items_ko.txt,PKHeX.Core/Resources/text/items/text_Items_en.txt
1393,★Cas265,★Cas265,★Cas265,kwsch/PKHeX,8ad201e80244f630ab5a46922ab72fb79c5ad4f4,PKHeX.Core/Resources/text/items/text_Items_ja.txt,PKHeX.Core/Resources/text/items/text_Items_ko.txt,PKHeX.Core/Resources/text/items/text_Items_en.txt
1394,★Cnc3572,★Cnc3572,★Cnc3572,kwsch/PKHeX,8ad201e80244f630ab5a46922ab72fb79c5ad4f4,PKHeX.Core/Resources/text/items/text_Items_ja.txt,PKHeX.Core/Resources/text/items/text_Items_ko.txt,PKHeX.Core/Resources/text/items/text_Items_en.txt
1395,★Cnc3208,★Cnc3208,★Cnc3208,kwsch/PKHeX,8ad201e80244f630ab5a46922ab72fb79c5ad4f4,PKHeX.Core/Resources/text/items/text_Items_ja.txt,PKHeX.Core/Resources/text/items/text_Items_ko.txt,PKHeX.Core/Resources/text/items/text_Items_en.txt
1396,★Cnc3461,★Cnc3461,★Cnc3461,kwsch/PKHeX,8ad201e80244f630ab5a46922ab72fb79c5ad4f4,PKHeX.Core/Resources/text/items/text_Items_ja.txt,PKHeX.Core/Resources/text/items/text_Items_ko.txt,PKHeX.Core/Resources/text/items/text_Items_en.txt
1397,★Cnc3449,★Cnc3449,★Cnc3449,kwsch/PKHeX,8ad201e80244f630ab5a46922ab72fb79c5ad4f4,PKHeX.Core/Resources/text/items/text_Items_ja.txt,PKHeX.Core/Resources/text/items/text_Items_ko.txt,PKHeX.Core/Resources/text/items/text_Items_en.txt
1398,★Cnc3429,★Cnc3429,★Cnc3429,kwsch/PKHeX,8ad201e80244f630ab5a46922ab72fb79c5ad4f4,PKHeX.Core/Resources/text/items/text_Items_ja.txt,PKHeX.Core/Resources/text/items/text_Items_ko.txt,PKHeX.Core/Resources/text/items/text_Items_en.txt
1399,★Cnc3627,★Cnc3627,★Cnc3627,kwsch/PKHeX,8ad201e80244f630ab5a46922ab72fb79c5ad4f4,PKHeX.Core/Resources/text/items/text_Items_ja.txt,PKHeX.Core/Resources/text/items/text_Items_ko.txt,PKHeX.Core/Resources/text/items/text_Items_en.txt
1400,★Cnc3268,★Cnc3268,★Cnc3268,kwsch/PKHeX,8ad201e80244f630ab5a46922ab72fb79c5ad4f4,PKHeX.Core/Resources/text/items/text_Items_ja.txt,PKHeX.Core/Resources/text/items/text_Items_ko.txt,PKHeX.Core/Resources/text/items/text_Items_en.txt
1401,★Cnc3249,★Cnc3249,★Cnc3249,kwsch/PKHeX,8ad201e80244f630ab5a46922ab72fb79c5ad4f4,PKHeX.Core/Resources/text/items/text_Items_ja.txt,PKHeX.Core/Resources/text/items/text_Items_ko.txt,PKHeX.Core/Resources/text/items/text_Items_en.txt
1402,★Com4968,★Com4968,★Com4968,kwsch/PKHeX,8ad201e80244f630ab5a46922ab72fb79c5ad4f4,PKHeX.Core/Resources/text/items/text_Items_ja.txt,PKHeX.Core/Resources/text/items/text_Items_ko.txt,PKHeX.Core/Resources/text/items/text_Items_en.txt
1403,★Crv4757,★Crv4757,★Crv4757,kwsch/PKHeX,8ad201e80244f630ab5a46922ab72fb79c5ad4f4,PKHeX.Core/Resources/text/items/text_Items_ja.txt,PKHeX.Core/Resources/text/items/text_Items_ko.txt,PKHeX.Core/Resources/text/items/text_Items_en.txt
1404,★Crv4623,★Crv4623,★Crv4623,kwsch/PKHeX,8ad201e80244f630ab5a46922ab72fb79c5ad4f4,PKHeX.Core/Resources/text/items/text_Items_ja.txt,PKHeX.Core/Resources/text/items/text_Items_ko.txt,PKHeX.Core/Resources/text/items/text_Items_en.txt
1405,★Crv4662,★Crv4662,★Crv4662,kwsch/PKHeX,8ad201e80244f630ab5a46922ab72fb79c5ad4f4,PKHeX.Core/Resources/text/items/text_Items_ja.txt,PKHeX.Core/Resources/text/items/text_Items_ko.txt,PKHeX.Core/Resources/text/items/text_Items_en.txt
1406,★Crv4786,★Crv4786,★Crv4786,kwsch/PKHeX,8ad201e80244f630ab5a46922ab72fb79c5ad4f4,PKHeX.Core/Resources/text/items/text_Items_ja.txt,PKHeX.Core/Resources/text/items/text_Items_ko.txt,PKHeX.Core/Resources/text/items/text_Items_en.txt
1407,★Aur1708,★Aur1708,★Aur1708,kwsch/PKHeX,8ad201e80244f630ab5a46922ab72fb79c5ad4f4,PKHeX.Core/Resources/text/items/text_Items_ja.txt,PKHeX.Core/Resources/text/items/text_Items_ko.txt,PKHeX.Core/Resources/text/items/text_Items_en.txt
1408,★Aur2088,★Aur2088,★Aur2088,kwsch/PKHeX,8ad201e80244f630ab5a46922ab72fb79c5ad4f4,PKHeX.Core/Resources/text/items/text_Items_ja.txt,PKHeX.Core/Resources/text/items/text_Items_ko.txt,PKHeX.Core/Resources/text/items/text_Items_en.txt
1409,★Aur1605,★Aur1605,★Aur1605,kwsch/PKHeX,8ad201e80244f630ab5a46922ab72fb79c5ad4f4,PKHeX.Core/Resources/text/items/text_Items_ja.txt,PKHeX.Core/Resources/text/items/text_Items_ko.txt,PKHeX.Core/Resources/text/items/text_Items_en.txt
1410,★Aur2095,★Aur2095,★Aur2095,kwsch/PKHeX,8ad201e80244f630ab5a46922ab72fb79c5ad4f4,PKHeX.Core/Resources/text/items/text_Items_ja.txt,PKHeX.Core/Resources/text/items/text_Items_ko.txt,PKHeX.Core/Resources/text/items/text_Items_en.txt
1411,★Aur1577,★Aur1577,★Aur1577,kwsch/PKHeX,8ad201e80244f630ab5a46922ab72fb79c5ad4f4,PKHeX.Core/Resources/text/items/text_Items_ja.txt,PKHeX.Core/Resources/text/items/text_Items_ko.txt,PKHeX.Core/Resources/text/items/text_Items_en.txt
1412,★Aur1641,★Aur1641,★Aur1641,kwsch/PKHeX,8ad201e80244f630ab5a46922ab72fb79c5ad4f4,PKHeX.Core/Resources/text/items/text_Items_ja.txt,PKHeX.Core/Resources/text/items/text_Items_ko.txt,PKHeX.Core/Resources/text/items/text_Items_en.txt
1413,★Aur1612,★Aur1612,★Aur1612,kwsch/PKHeX,8ad201e80244f630ab5a46922ab72fb79c5ad4f4,PKHeX.Core/Resources/text/items/text_Items_ja.txt,PKHeX.Core/Resources/text/items/text_Items_ko.txt,PKHeX.Core/Resources/text/items/text_Items_en.txt
1414,★Pav7790,★Pav7790,★Pav7790,kwsch/PKHeX,8ad201e80244f630ab5a46922ab72fb79c5ad4f4,PKHeX.Core/Resources/text/items/text_Items_ja.txt,PKHeX.Core/Resources/text/items/text_Items_ko.txt,PKHeX.Core/Resources/text/items/text_Items_en.txt
1415,★Cet911,★Cet911,★Cet911,kwsch/PKHeX,8ad201e80244f630ab5a46922ab72fb79c5ad4f4,PKHeX.Core/Resources/text/items/text_Items_ja.txt,PKHeX.Core/Resources/text/items/text_Items_ko.txt,PKHeX.Core/Resources/text/items/text_Items_en.txt
1416,★Cet681,★Cet681,★Cet681,kwsch/PKHeX,8ad201e80244f630ab5a46922ab72fb79c5ad4f4,PKHeX.Core/Resources/text/items/text_Items_ja.txt,PKHeX.Core/Resources/text/items/text_Items_ko.txt,PKHeX.Core/Resources/text/items/text_Items_en.txt
1417,★Cet188,★Cet188,★Cet188,kwsch/PKHeX,8ad201e80244f630ab5a46922ab72fb79c5ad4f4,PKHeX.Core/Resources/text/items/text_Items_ja.txt,PKHeX.Core/Resources/text/items/text_Items_ko.txt,PKHeX.Core/Resources/text/items/text_Items_en.txt
1418,★Cet539,★Cet539,★Cet539,kwsch/PKHeX,8ad201e80244f630ab5a46922ab72fb79c5ad4f4,PKHeX.Core/Resources/text/items/text_Items_ja.txt,PKHeX.Core/Resources/text/items/text_Items_ko.txt,PKHeX.Core/Resources/text/items/text_Items_en.txt
1419,★Cet804,★Cet804,★Cet804,kwsch/PKHeX,8ad201e80244f630ab5a46922ab72fb79c5ad4f4,PKHeX.Core/Resources/text/items/text_Items_ja.txt,PKHeX.Core/Resources/text/items/text_Items_ko.txt,PKHeX.Core/Resources/text/items/text_Items_en.txt
1420,★Cep8974,★Cep8974,★Cep8974,kwsch/PKHeX,8ad201e80244f630ab5a46922ab72fb79c5ad4f4,PKHeX.Core/Resources/text/items/text_Items_ja.txt,PKHeX.Core/Resources/text/items/text_Items_ko.txt,PKHeX.Core/Resources/text/items/text_Items_en.txt
1421,★Cep8162,★Cep8162,★Cep8162,kwsch/PKHeX,8ad201e80244f630ab5a46922ab72fb79c5ad4f4,PKHeX.Core/Resources/text/items/text_Items_ja.txt,PKHeX.Core/Resources/text/items/text_Items_ko.txt,PKHeX.Core/Resources/text/items/text_Items_en.txt
1422,★Cep8238,★Cep8238,★Cep8238,kwsch/PKHeX,8ad201e80244f630ab5a46922ab72fb79c5ad4f4,PKHeX.Core/Resources/text/items/text_Items_ja.txt,PKHeX.Core/Resources/text/items/text_Items_ko.txt,PKHeX.Core/Resources/text/items/text_Items_en.txt
1423,★Cep8417,★Cep8417,★Cep8417,kwsch/PKHeX,8ad201e80244f630ab5a46922ab72fb79c5ad4f4,PKHeX.Core/Resources/text/items/text_Items_ja.txt,PKHeX.Core/Resources/text/items/text_Items_ko.txt,PKHeX.Core/Resources/text/items/text_Items_en.txt
1424,★Cen5267,★Cen5267,★Cen5267,kwsch/PKHeX,8ad201e80244f630ab5a46922ab72fb79c5ad4f4,PKHeX.Core/Resources/text/items/text_Items_ja.txt,PKHeX.Core/Resources/text/items/text_Items_ko.txt,PKHeX.Core/Resources/text/items/text_Items_en.txt
1425,★Cen5288,★Cen5288,★Cen5288,kwsch/PKHeX,8ad201e80244f630ab5a46922ab72fb79c5ad4f4,PKHeX.Core/Resources/text/items/text_Items_ja.txt,PKHeX.Core/Resources/text/items/text_Items_ko.txt,PKHeX.Core/Resources/text/items/text_Items_en.txt
1426,★Cen551,★Cen551,★Cen551,kwsch/PKHeX,8ad201e80244f630ab5a46922ab72fb79c5ad4f4,PKHeX.Core/Resources/text/items/text_Items_ja.txt,PKHeX.Core/Resources/text/items/text_Items_ko.txt,PKHeX.Core/Resources/text/items/text_Items_en.txt
1427,★Cen5459,★Cen5459,★Cen5459,kwsch/PKHeX,8ad201e80244f630ab5a46922ab72fb79c5ad4f4,PKHeX.Core/Resources/text/items/text_Items_ja.txt,PKHeX.Core/Resources/text/items/text_Items_ko.txt,PKHeX.Core/Resources/text/items/text_Items_en.txt
1428,★Cen5460,★Cen5460,★Cen5460,kwsch/PKHeX,8ad201e80244f630ab5a46922ab72fb79c5ad4f4,PKHeX.Core/Resources/text/items/text_Items_ja.txt,PKHeX.Core/Resources/text/items/text_Items_ko.txt,PKHeX.Core/Resources/text/items/text_Items_en.txt
1429,★CMi2943,★CMi2943,★CMi2943,kwsch/PKHeX,8ad201e80244f630ab5a46922ab72fb79c5ad4f4,PKHeX.Core/Resources/text/items/text_Items_ja.txt,PKHeX.Core/Resources/text/items/text_Items_ko.txt,PKHeX.Core/Resources/text/items/text_Items_en.txt
1430,★CMi2845,★CMi2845,★CMi2845,kwsch/PKHeX,8ad201e80244f630ab5a46922ab72fb79c5ad4f4,PKHeX.Core/Resources/text/items/text_Items_ja.txt,PKHeX.Core/Resources/text/items/text_Items_ko.txt,PKHeX.Core/Resources/text/items/text_Items_en.txt
1431,★Equ8131,★Equ8131,★Equ8131,kwsch/PKHeX,8ad201e80244f630ab5a46922ab72fb79c5ad4f4,PKHeX.Core/Resources/text/items/text_Items_ja.txt,PKHeX.Core/Resources/text/items/text_Items_ko.txt,PKHeX.Core/Resources/text/items/text_Items_en.txt
1432,★Vul7405,★Vul7405,★Vul7405,kwsch/PKHeX,8ad201e80244f630ab5a46922ab72fb79c5ad4f4,PKHeX.Core/Resources/text/items/text_Items_ja.txt,PKHeX.Core/Resources/text/items/text_Items_ko.txt,PKHeX.Core/Resources/text/items/text_Items_en.txt
1433,★UMi424,★UMi424,★UMi424,kwsch/PKHeX,8ad201e80244f630ab5a46922ab72fb79c5ad4f4,PKHeX.Core/Resources/text/items/text_Items_ja.txt,PKHeX.Core/Resources/text/items/text_Items_ko.txt,PKHeX.Core/Resources/text/items/text_Items_en.txt
1434,★UMi5563,★UMi5563,★UMi5563,kwsch/PKHeX,8ad201e80244f630ab5a46922ab72fb79c5ad4f4,PKHeX.Core/Resources/text/items/text_Items_ja.txt,PKHeX.Core/Resources/text/items/text_Items_ko.txt,PKHeX.Core/Resources/text/items/text_Items_en.txt
1435,★UMi5735,★UMi5735,★UMi5735,kwsch/PKHeX,8ad201e80244f630ab5a46922ab72fb79c5ad4f4,PKHeX.Core/Resources/text/items/text_Items_ja.txt,PKHeX.Core/Resources/text/items/text_Items_ko.txt,PKHeX.Core/Resources/text/items/text_Items_en.txt
1436,★UMi6789,★UMi6789,★UMi6789,kwsch/PKHeX,8ad201e80244f630ab5a46922ab72fb79c5ad4f4,PKHeX.Core/Resources/text/items/text_Items_ja.txt,PKHeX.Core/Resources/text/items/text_Items_ko.txt,PKHeX.Core/Resources/text/items/text_Items_en.txt
1437,★Crt4287,★Crt4287,★Crt4287,kwsch/PKHeX,8ad201e80244f630ab5a46922ab72fb79c5ad4f4,PKHeX.Core/Resources/text/items/text_Items_ja.txt,PKHeX.Core/Resources/text/items/text_Items_ko.txt,PKHeX.Core/Resources/text/items/text_Items_en.txt
1438,★Lyr7001,★Lyr7001,★Lyr7001,kwsch/PKHeX,8ad201e80244f630ab5a46922ab72fb79c5ad4f4,PKHeX.Core/Resources/text/items/text_Items_ja.txt,PKHeX.Core/Resources/text/items/text_Items_ko.txt,PKHeX.Core/Resources/text/items/text_Items_en.txt
1439,★Lyr7178,★Lyr7178,★Lyr7178,kwsch/PKHeX,8ad201e80244f630ab5a46922ab72fb79c5ad4f4,PKHeX.Core/Resources/text/items/text_Items_ja.txt,PKHeX.Core/Resources/text/items/text_Items_ko.txt,PKHeX.Core/Resources/text/items/text_Items_en.txt
1440,★Lyr7106,★Lyr7106,★Lyr7106,kwsch/PKHeX,8ad201e80244f630ab5a46922ab72fb79c5ad4f4,PKHeX.Core/Resources/text/items/text_Items_ja.txt,PKHeX.Core/Resources/text/items/text_Items_ko.txt,PKHeX.Core/Resources/text/items/text_Items_en.txt
1441,★Lyr7298,★Lyr7298,★Lyr7298,kwsch/PKHeX,8ad201e80244f630ab5a46922ab72fb79c5ad4f4,PKHeX.Core/Resources/text/items/text_Items_ja.txt,PKHeX.Core/Resources/text/items/text_Items_ko.txt,PKHeX.Core/Resources/text/items/text_Items_en.txt
1442,★Ara6585,★Ara6585,★Ara6585,kwsch/PKHeX,8ad201e80244f630ab5a46922ab72fb79c5ad4f4,PKHeX.Core/Resources/text/items/text_Items_ja.txt,PKHeX.Core/Resources/text/items/text_Items_ko.txt,PKHeX.Core/Resources/text/items/text_Items_en.txt
1443,★Sco6134,★Sco6134,★Sco6134,kwsch/PKHeX,8ad201e80244f630ab5a46922ab72fb79c5ad4f4,PKHeX.Core/Resources/text/items/text_Items_ja.txt,PKHeX.Core/Resources/text/items/text_Items_ko.txt,PKHeX.Core/Resources/text/items/text_Items_en.txt
1444,★Sco6527,★Sco6527,★Sco6527,kwsch/PKHeX,8ad201e80244f630ab5a46922ab72fb79c5ad4f4,PKHeX.Core/Resources/text/items/text_Items_ja.txt,PKHeX.Core/Resources/text/items/text_Items_ko.txt,PKHeX.Core/Resources/text/items/text_Items_en.txt
1445,★Sco6553,★Sco6553,★Sco6553,kwsch/PKHeX,8ad201e80244f630ab5a46922ab72fb79c5ad4f4,PKHeX.Core/Resources/text/items/text_Items_ja.txt,PKHeX.Core/Resources/text/items/text_Items_ko.txt,PKHeX.Core/Resources/text/items/text_Items_en.txt
1446,★Sco5953,★Sco5953,★Sco5953,kwsch/PKHeX,8ad201e80244f630ab5a46922ab72fb79c5ad4f4,PKHeX.Core/Resources/text/items/text_Items_ja.txt,PKHeX.Core/Resources/text/items/text_Items_ko.txt,PKHeX.Core/Resources/text/items/text_Items_en.txt
1447,★Sco5984,★Sco5984,★Sco5984,kwsch/PKHeX,8ad201e80244f630ab5a46922ab72fb79c5ad4f4,PKHeX.Core/Resources/text/items/text_Items_ja.txt,PKHeX.Core/Resources/text/items/text_Items_ko.txt,PKHeX.Core/Resources/text/items/text_Items_en.txt
1448,★Sco6508,★Sco6508,★Sco6508,kwsch/PKHeX,8ad201e80244f630ab5a46922ab72fb79c5ad4f4,PKHeX.Core/Resources/text/items/text_Items_ja.txt,PKHeX.Core/Resources/text/items/text_Items_ko.txt,PKHeX.Core/Resources/text/items/text_Items_en.txt
1449,★Sco6084,★Sco6084,★Sco6084,kwsch/PKHeX,8ad201e80244f630ab5a46922ab72fb79c5ad4f4,PKHeX.Core/Resources/text/items/text_Items_ja.txt,PKHeX.Core/Resources/text/items/text_Items_ko.txt,PKHeX.Core/Resources/text/items/text_Items_en.txt
1450,★Sco5944,★Sco5944,★Sco5944,kwsch/PKHeX,8ad201e80244f630ab5a46922ab72fb79c5ad4f4,PKHeX.Core/Resources/text/items/text_Items_ja.txt,PKHeX.Core/Resources/text/items/text_Items_ko.txt,PKHeX.Core/Resources/text/items/text_Items_en.txt
1451,★Sco6630,★Sco6630,★Sco6630,kwsch/PKHeX,8ad201e80244f630ab5a46922ab72fb79c5ad4f4,PKHeX.Core/Resources/text/items/text_Items_ja.txt,PKHeX.Core/Resources/text/items/text_Items_ko.txt,PKHeX.Core/Resources/text/items/text_Items_en.txt
1452,★Sco6027,★Sco6027,★Sco6027,kwsch/PKHeX,8ad201e80244f630ab5a46922ab72fb79c5ad4f4,PKHeX.Core/Resources/text/items/text_Items_ja.txt,PKHeX.Core/Resources/text/items/text_Items_ko.txt,PKHeX.Core/Resources/text/items/text_Items_en.txt
1453,★Sco6247,★Sco6247,★Sco6247,kwsch/PKHeX,8ad201e80244f630ab5a46922ab72fb79c5ad4f4,PKHeX.Core/Resources/text/items/text_Items_ja.txt,PKHeX.Core/Resources/text/items/text_Items_ko.txt,PKHeX.Core/Resources/text/items/text_Items_en.txt
1454,★Sco6252,★Sco6252,★Sco6252,kwsch/PKHeX,8ad201e80244f630ab5a46922ab72fb79c5ad4f4,PKHeX.Core/Resources/text/items/text_Items_ja.txt,PKHeX.Core/Resources/text/items/text_Items_ko.txt,PKHeX.Core/Resources/text/items/text_Items_en.txt
1455,★Sco5928,★Sco5928,★Sco5928,kwsch/PKHeX,8ad201e80244f630ab5a46922ab72fb79c5ad4f4,PKHeX.Core/Resources/text/items/text_Items_ja.txt,PKHeX.Core/Resources/text/items/text_Items_ko.txt,PKHeX.Core/Resources/text/items/text_Items_en.txt
1456,★Sco6241,★Sco6241,★Sco6241,kwsch/PKHeX,8ad201e80244f630ab5a46922ab72fb79c5ad4f4,PKHeX.Core/Resources/text/items/text_Items_ja.txt,PKHeX.Core/Resources/text/items/text_Items_ko.txt,PKHeX.Core/Resources/text/items/text_Items_en.txt
1457,★Sco6165,★Sco6165,★Sco6165,kwsch/PKHeX,8ad201e80244f630ab5a46922ab72fb79c5ad4f4,PKHeX.Core/Resources/text/items/text_Items_ja.txt,PKHeX.Core/Resources/text/items/text_Items_ko.txt,PKHeX.Core/Resources/text/items/text_Items_en.txt
1458,★Tri544,★Tri544,★Tri544,kwsch/PKHeX,8ad201e80244f630ab5a46922ab72fb79c5ad4f4,PKHeX.Core/Resources/text/items/text_Items_ja.txt,PKHeX.Core/Resources/text/items/text_Items_ko.txt,PKHeX.Core/Resources/text/items/text_Items_en.txt
1459,★Leo3982,★Leo3982,★Leo3982,kwsch/PKHeX,8ad201e80244f630ab5a46922ab72fb79c5ad4f4,PKHeX.Core/Resources/text/items/text_Items_ja.txt,PKHeX.Core/Resources/text/items/text_Items_ko.txt,PKHeX.Core/Resources/text/items/text_Items_en.txt
1460,★Leo4534,★Leo4534,★Leo4534,kwsch/PKHeX,8ad201e80244f630ab5a46922ab72fb79c5ad4f4,PKHeX.Core/Resources/text/items/text_Items_ja.txt,PKHeX.Core/Resources/text/items/text_Items_ko.txt,PKHeX.Core/Resources/text/items/text_Items_en.txt
1461,★Leo4357,★Leo4357,★Leo4357,kwsch/PKHeX,8ad201e80244f630ab5a46922ab72fb79c5ad4f4,PKHeX.Core/Resources/text/items/text_Items_ja.txt,PKHeX.Core/Resources/text/items/text_Items_ko.txt,PKHeX.Core/Resources/text/items/text_Items_en.txt
1462,★Leo4057,★Leo4057,★Leo4057,kwsch/PKHeX,8ad201e80244f630ab5a46922ab72fb79c5ad4f4,PKHeX.Core/Resources/text/items/text_Items_ja.txt,PKHeX.Core/Resources/text/items/text_Items_ko.txt,PKHeX.Core/Resources/text/items/text_Items_en.txt
1463,★Leo4359,★Leo4359,★Leo4359,kwsch/PKHeX,8ad201e80244f630ab5a46922ab72fb79c5ad4f4,PKHeX.Core/Resources/text/items/text_Items_ja.txt,PKHeX.Core/Resources/text/items/text_Items_ko.txt,PKHeX.Core/Resources/text/items/text_Items_en.txt
1464,★Leo4031,★Leo4031,★Leo4031,kwsch/PKHeX,8ad201e80244f630ab5a46922ab72fb79c5ad4f4,PKHeX.Core/Resources/text/items/text_Items_ja.txt,PKHeX.Core/Resources/text/items/text_Items_ko.txt,PKHeX.Core/Resources/text/items/text_Items_en.txt
1465,★Leo3852,★Leo3852,★Leo3852,kwsch/PKHeX,8ad201e80244f630ab5a46922ab72fb79c5ad4f4,PKHeX.Core/Resources/text/items/text_Items_ja.txt,PKHeX.Core/Resources/text/items/text_Items_ko.txt,PKHeX.Core/Resources/text/items/text_Items_en.txt
1466,★Leo3905,★Leo3905,★Leo3905,kwsch/PKHeX,8ad201e80244f630ab5a46922ab72fb79c5ad4f4,PKHeX.Core/Resources/text/items/text_Items_ja.txt,PKHeX.Core/Resources/text/items/text_Items_ko.txt,PKHeX.Core/Resources/text/items/text_Items_en.txt
1467,★Leo3773,★Leo3773,★Leo3773,kwsch/PKHeX,8ad201e80244f630ab5a46922ab72fb79c5ad4f4,PKHeX.Core/Resources/text/items/text_Items_ja.txt,PKHeX.Core/Resources/text/items/text_Items_ko.txt,PKHeX.Core/Resources/text/items/text_Items_en.txt
1468,★Gru8425,★Gru8425,★Gru8425,kwsch/PKHeX,8ad201e80244f630ab5a46922ab72fb79c5ad4f4,PKHeX.Core/Resources/text/items/text_Items_ja.txt,PKHeX.Core/Resources/text/items/text_Items_ko.txt,PKHeX.Core/Resources/text/items/text_Items_en.txt
1469,★Gru8636,★Gru8636,★Gru8636,kwsch/PKHeX,8ad201e80244f630ab5a46922ab72fb79c5ad4f4,PKHeX.Core/Resources/text/items/text_Items_ja.txt,PKHeX.Core/Resources/text/items/text_Items_ko.txt,PKHeX.Core/Resources/text/items/text_Items_en.txt
1470,★Gru8353,★Gru8353,★Gru8353,kwsch/PKHeX,8ad201e80244f630ab5a46922ab72fb79c5ad4f4,PKHeX.Core/Resources/text/items/text_Items_ja.txt,PKHeX.Core/Resources/text/items/text_Items_ko.txt,PKHeX.Core/Resources/text/items/text_Items_en.txt
1471,★Lib5685,★Lib5685,★Lib5685,kwsch/PKHeX,8ad201e80244f630ab5a46922ab72fb79c5ad4f4,PKHeX.Core/Resources/text/items/text_Items_ja.txt,PKHeX.Core/Resources/text/items/text_Items_ko.txt,PKHeX.Core/Resources/text/items/text_Items_en.txt
1472,★Lib5531,★Lib5531,★Lib5531,kwsch/PKHeX,8ad201e80244f630ab5a46922ab72fb79c5ad4f4,PKHeX.Core/Resources/text/items/text_Items_ja.txt,PKHeX.Core/Resources/text/items/text_Items_ko.txt,PKHeX.Core/Resources/text/items/text_Items_en.txt
1473,★Lib5787,★Lib5787,★Lib5787,kwsch/PKHeX,8ad201e80244f630ab5a46922ab72fb79c5ad4f4,PKHeX.Core/Resources/text/items/text_Items_ja.txt,PKHeX.Core/Resources/text/items/text_Items_ko.txt,PKHeX.Core/Resources/text/items/text_Items_en.txt
1474,★Lib5603,★Lib5603,★Lib5603,kwsch/PKHeX,8ad201e80244f630ab5a46922ab72fb79c5ad4f4,PKHeX.Core/Resources/text/items/text_Items_ja.txt,PKHeX.Core/Resources/text/items/text_Items_ko.txt,PKHeX.Core/Resources/text/items/text_Items_en.txt
1475,★Pup3165,★Pup3165,★Pup3165,kwsch/PKHeX,8ad201e80244f630ab5a46922ab72fb79c5ad4f4,PKHeX.Core/Resources/text/items/text_Items_ja.txt,PKHeX.Core/Resources/text/items/text_Items_ko.txt,PKHeX.Core/Resources/text/items/text_Items_en.txt
1476,★Pup3185,★Pup3185,★Pup3185,kwsch/PKHeX,8ad201e80244f630ab5a46922ab72fb79c5ad4f4,PKHeX.Core/Resources/text/items/text_Items_ja.txt,PKHeX.Core/Resources/text/items/text_Items_ko.txt,PKHeX.Core/Resources/text/items/text_Items_en.txt
1477,★Pup3045,★Pup3045,★Pup3045,kwsch/PKHeX,8ad201e80244f630ab5a46922ab72fb79c5ad4f4,PKHeX.Core/Resources/text/items/text_Items_ja.txt,PKHeX.Core/Resources/text/items/text_Items_ko.txt,PKHeX.Core/Resources/text/items/text_Items_en.txt
1478,★Cyg7924,★Cyg7924,★Cyg7924,kwsch/PKHeX,8ad201e80244f630ab5a46922ab72fb79c5ad4f4,PKHeX.Core/Resources/text/items/text_Items_ja.txt,PKHeX.Core/Resources/text/items/text_Items_ko.txt,PKHeX.Core/Resources/text/items/text_Items_en.txt
1479,★Cyg7417,★Cyg7417,★Cyg7417,kwsch/PKHeX,8ad201e80244f630ab5a46922ab72fb79c5ad4f4,PKHeX.Core/Resources/text/items/text_Items_ja.txt,PKHeX.Core/Resources/text/items/text_Items_ko.txt,PKHeX.Core/Resources/text/items/text_Items_en.txt
1480,★Cyg7796,★Cyg7796,★Cyg7796,kwsch/PKHeX,8ad201e80244f630ab5a46922ab72fb79c5ad4f4,PKHeX.Core/Resources/text/items/text_Items_ja.txt,PKHeX.Core/Resources/text/items/text_Items_ko.txt,PKHeX.Core/Resources/text/items/text_Items_en.txt
1481,★Cyg8301,★Cyg8301,★Cyg8301,kwsch/PKHeX,8ad201e80244f630ab5a46922ab72fb79c5ad4f4,PKHeX.Core/Resources/text/items/text_Items_ja.txt,PKHeX.Core/Resources/text/items/text_Items_ko.txt,PKHeX.Core/Resources/text/items/text_Items_en.txt
1482,★Cyg7949,★Cyg7949,★Cyg7949,kwsch/PKHeX,8ad201e80244f630ab5a46922ab72fb79c5ad4f4,PKHeX.Core/Resources/text/items/text_Items_ja.txt,PKHeX.Core/Resources/text/items/text_Items_ko.txt,PKHeX.Core/Resources/text/items/text_Items_en.txt
1483,★Cyg7528,★Cyg7528,★Cyg7528,kwsch/PKHeX,8ad201e80244f630ab5a46922ab72fb79c5ad4f4,PKHeX.Core/Resources/text/items/text_Items_ja.txt,PKHeX.Core/Resources/text/items/text_Items_ko.txt,PKHeX.Core/Resources/text/items/text_Items_en.txt
1484,★Oct7228,★Oct7228,★Oct7228,kwsch/PKHeX,8ad201e80244f630ab5a46922ab72fb79c5ad4f4,PKHeX.Core/Resources/text/items/text_Items_ja.txt,PKHeX.Core/Resources/text/items/text_Items_ko.txt,PKHeX.Core/Resources/text/items/text_Items_en.txt
1485,★Col1956,★Col1956,★Col1956,kwsch/PKHeX,8ad201e80244f630ab5a46922ab72fb79c5ad4f4,PKHeX.Core/Resources/text/items/text_Items_ja.txt,PKHeX.Core/Resources/text/items/text_Items_ko.txt,PKHeX.Core/Resources/text/items/text_Items_en.txt
1486,★Col2040,★Col2040,★Col2040,kwsch/PKHeX,8ad201e80244f630ab5a46922ab72fb79c5ad4f4,PKHeX.Core/Resources/text/items/text_Items_ja.txt,PKHeX.Core/Resources/text/items/text_Items_ko.txt,PKHeX.Core/Resources/text/items/text_Items_en.txt
1487,★Col2177,★Col2177,★Col2177,kwsch/PKHeX,8ad201e80244f630ab5a46922ab72fb79c5ad4f4,PKHeX.Core/Resources/text/items/text_Items_ja.txt,PKHeX.Core/Resources/text/items/text_Items_ko.txt,PKHeX.Core/Resources/text/items/text_Items_en.txt
1488,★Gem2990,★Gem2990,★Gem2990,kwsch/PKHeX,8ad201e80244f630ab5a46922ab72fb79c5ad4f4,PKHeX.Core/Resources/text/items/text_Items_ja.txt,PKHeX.Core/Resources/text/items/text_Items_ko.txt,PKHeX.Core/Resources/text/items/text_Items_en.txt
1489,★Gem2891,★Gem2891,★Gem2891,kwsch/PKHeX,8ad201e80244f630ab5a46922ab72fb79c5ad4f4,PKHeX.Core/Resources/text/items/text_Items_ja.txt,PKHeX.Core/Resources/text/items/text_Items_ko.txt,PKHeX.Core/Resources/text/items/text_Items_en.txt
1490,★Gem2421,★Gem2421,★Gem2421,kwsch/PKHeX,8ad201e80244f630ab5a46922ab72fb79c5ad4f4,PKHeX.Core/Resources/text/items/text_Items_ja.txt,PKHeX.Core/Resources/text/items/text_Items_ko.txt,PKHeX.Core/Resources/text/items/text_Items_en.txt
1491,★Gem2473,★Gem2473,★Gem2473,kwsch/PKHeX,8ad201e80244f630ab5a46922ab72fb79c5ad4f4,PKHeX.Core/Resources/text/items/text_Items_ja.txt,PKHeX.Core/Resources/text/items/text_Items_ko.txt,PKHeX.Core/Resources/text/items/text_Items_en.txt
1492,★Gem2216,★Gem2216,★Gem2216,kwsch/PKHeX,8ad201e80244f630ab5a46922ab72fb79c5ad4f4,PKHeX.Core/Resources/text/items/text_Items_ja.txt,PKHeX.Core/Resources/text/items/text_Items_ko.txt,PKHeX.Core/Resources/text/items/text_Items_en.txt
1493,★Gem2777,★Gem2777,★Gem2777,kwsch/PKHeX,8ad201e80244f630ab5a46922ab72fb79c5ad4f4,PKHeX.Core/Resources/text/items/text_Items_ja.txt,PKHeX.Core/Resources/text/items/text_Items_ko.txt,PKHeX.Core/Resources/text/items/text_Items_en.txt
1494,★Gem2650,★Gem2650,★Gem2650,kwsch/PKHeX,8ad201e80244f630ab5a46922ab72fb79c5ad4f4,PKHeX.Core/Resources/text/items/text_Items_ja.txt,PKHeX.Core/Resources/text/items/text_Items_ko.txt,PKHeX.Core/Resources/text/items/text_Items_en.txt
1495,★Gem2286,★Gem2286,★Gem2286,kwsch/PKHeX,8ad201e80244f630ab5a46922ab72fb79c5ad4f4,PKHeX.Core/Resources/text/items/text_Items_ja.txt,PKHeX.Core/Resources/text/items/text_Items_ko.txt,PKHeX.Core/Resources/text/items/text_Items_en.txt
1496,★Gem2484,★Gem2484,★Gem2484,kwsch/PKHeX,8ad201e80244f630ab5a46922ab72fb79c5ad4f4,PKHeX.Core/Resources/text/items/text_Items_ja.txt,PKHeX.Core/Resources/text/items/text_Items_ko.txt,PKHeX.Core/Resources/text/items/text_Items_en.txt
1497,★Gem2930,★Gem2930,★Gem2930,kwsch/PKHeX,8ad201e80244f630ab5a46922ab72fb79c5ad4f4,PKHeX.Core/Resources/text/items/text_Items_ja.txt,PKHeX.Core/Resources/text/items/text_Items_ko.txt,PKHeX.Core/Resources/text/items/text_Items_en.txt
1498,★Peg8775,★Peg8775,★Peg8775,kwsch/PKHeX,8ad201e80244f630ab5a46922ab72fb79c5ad4f4,PKHeX.Core/Resources/text/items/text_Items_ja.txt,PKHeX.Core/Resources/text/items/text_Items_ko.txt,PKHeX.Core/Resources/text/items/text_Items_en.txt
1499,★Peg8781,★Peg8781,★Peg8781,kwsch/PKHeX,8ad201e80244f630ab5a46922ab72fb79c5ad4f4,PKHeX.Core/Resources/text/items/text_Items_ja.txt,PKHeX.Core/Resources/text/items/text_Items_ko.txt,PKHeX.Core/Resources/text/items/text_Items_en.txt
1500,★Peg39,★Peg39,★Peg39,kwsch/PKHeX,8ad201e80244f630ab5a46922ab72fb79c5ad4f4,PKHeX.Core/Resources/text/items/text_Items_ja.txt,PKHeX.Core/Resources/text/items/text_Items_ko.txt,PKHeX.Core/Resources/text/items/text_Items_en.txt
1501,★Peg8308,★Peg8308,★Peg8308,kwsch/PKHeX,8ad201e80244f630ab5a46922ab72fb79c5ad4f4,PKHeX.Core/Resources/text/items/text_Items_ja.txt,PKHeX.Core/Resources/text/items/text_Items_ko.txt,PKHeX.Core/Resources/text/items/text_Items_en.txt
1502,★Peg8650,★Peg8650,★Peg8650,kwsch/PKHeX,8ad201e80244f630ab5a46922ab72fb79c5ad4f4,PKHeX.Core/Resources/text/items/text_Items_ja.txt,PKHeX.Core/Resources/text/items/text_Items_ko.txt,PKHeX.Core/Resources/text/items/text_Items_en.txt
1503,★Peg8634,★Peg8634,★Peg8634,kwsch/PKHeX,8ad201e80244f630ab5a46922ab72fb79c5ad4f4,PKHeX.Core/Resources/text/items/text_Items_ja.txt,PKHeX.Core/Resources/text/items/text_Items_ko.txt,PKHeX.Core/Resources/text/items/text_Items_en.txt
1504,★Peg8684,★Peg8684,★Peg8684,kwsch/PKHeX,8ad201e80244f630ab5a46922ab72fb79c5ad4f4,PKHeX.Core/Resources/text/items/text_Items_ja.txt,PKHeX.Core/Resources/text/items/text_Items_ko.txt,PKHeX.Core/Resources/text/items/text_Items_en.txt
1505,★Peg8450,★Peg8450,★Peg8450,kwsch/PKHeX,8ad201e80244f630ab5a46922ab72fb79c5ad4f4,PKHeX.Core/Resources/text/items/text_Items_ja.txt,PKHeX.Core/Resources/text/items/text_Items_ko.txt,PKHeX.Core/Resources/text/items/text_Items_en.txt
1506,★Peg8880,★Peg8880,★Peg8880,kwsch/PKHeX,8ad201e80244f630ab5a46922ab72fb79c5ad4f4,PKHeX.Core/Resources/text/items/text_Items_ja.txt,PKHeX.Core/Resources/text/items/text_Items_ko.txt,PKHeX.Core/Resources/text/items/text_Items_en.txt
1507,★Peg8905,★Peg8905,★Peg8905,kwsch/PKHeX,8ad201e80244f630ab5a46922ab72fb79c5ad4f4,PKHeX.Core/Resources/text/items/text_Items_ja.txt,PKHeX.Core/Resources/text/items/text_Items_ko.txt,PKHeX.Core/Resources/text/items/text_Items_en.txt
1508,★Oph6556,★Oph6556,★Oph6556,kwsch/PKHeX,8ad201e80244f630ab5a46922ab72fb79c5ad4f4,PKHeX.Core/Resources/text/items/text_Items_ja.txt,PKHeX.Core/Resources/text/items/text_Items_ko.txt,PKHeX.Core/Resources/text/items/text_Items_en.txt
1509,★Oph6378,★Oph6378,★Oph6378,kwsch/PKHeX,8ad201e80244f630ab5a46922ab72fb79c5ad4f4,PKHeX.Core/Resources/text/items/text_Items_ja.txt,PKHeX.Core/Resources/text/items/text_Items_ko.txt,PKHeX.Core/Resources/text/items/text_Items_en.txt
1510,★Oph6603,★Oph6603,★Oph6603,kwsch/PKHeX,8ad201e80244f630ab5a46922ab72fb79c5ad4f4,PKHeX.Core/Resources/text/items/text_Items_ja.txt,PKHeX.Core/Resources/text/items/text_Items_ko.txt,PKHeX.Core/Resources/text/items/text_Items_en.txt
1511,★Oph6149,★Oph6149,★Oph6149,kwsch/PKHeX,8ad201e80244f630ab5a46922ab72fb79c5ad4f4,PKHeX.Core/Resources/text/items/text_Items_ja.txt,PKHeX.Core/Resources/text/items/text_Items_ko.txt,PKHeX.Core/Resources/text/items/text_Items_en.txt
1512,★Oph6056,★Oph6056,★Oph6056,kwsch/PKHeX,8ad201e80244f630ab5a46922ab72fb79c5ad4f4,PKHeX.Core/Resources/text/items/text_Items_ja.txt,PKHeX.Core/Resources/text/items/text_Items_ko.txt,PKHeX.Core/Resources/text/items/text_Items_en.txt
1513,★Oph6075,★Oph6075,★Oph6075,kwsch/PKHeX,8ad201e80244f630ab5a46922ab72fb79c5ad4f4,PKHeX.Core/Resources/text/items/text_Items_ja.txt,PKHeX.Core/Resources/text/items/text_Items_ko.txt,PKHeX.Core/Resources/text/items/text_Items_en.txt
1514,★Ser5854,★Ser5854,★Ser5854,kwsch/PKHeX,8ad201e80244f630ab5a46922ab72fb79c5ad4f4,PKHeX.Core/Resources/text/items/text_Items_ja.txt,PKHeX.Core/Resources/text/items/text_Items_ko.txt,PKHeX.Core/Resources/text/items/text_Items_en.txt
1515,★Ser7141,★Ser7141,★Ser7141,kwsch/PKHeX,8ad201e80244f630ab5a46922ab72fb79c5ad4f4,PKHeX.Core/Resources/text/items/text_Items_ja.txt,PKHeX.Core/Resources/text/items/text_Items_ko.txt,PKHeX.Core/Resources/text/items/text_Items_en.txt
1516,★Ser5879,★Ser5879,★Ser5879,kwsch/PKHeX,8ad201e80244f630ab5a46922ab72fb79c5ad4f4,PKHeX.Core/Resources/text/items/text_Items_ja.txt,PKHeX.Core/Resources/text/items/text_Items_ko.txt,PKHeX.Core/Resources/text/items/text_Items_en.txt
1517,★Her6406,★Her6406,★Her6406,kwsch/PKHeX,8ad201e80244f630ab5a46922ab72fb79c5ad4f4,PKHeX.Core/Resources/text/items/text_Items_ja.txt,PKHeX.Core/Resources/text/items/text_Items_ko.txt,PKHeX.Core/Resources/text/items/text_Items_en.txt
1518,★Her6148,★Her6148,★Her6148,kwsch/PKHeX,8ad201e80244f630ab5a46922ab72fb79c5ad4f4,PKHeX.Core/Resources/text/items/text_Items_ja.txt,PKHeX.Core/Resources/text/items/text_Items_ko.txt,PKHeX.Core/Resources/text/items/text_Items_en.txt
1519,★Her6410,★Her6410,★Her6410,kwsch/PKHeX,8ad201e80244f630ab5a46922ab72fb79c5ad4f4,PKHeX.Core/Resources/text/items/text_Items_ja.txt,PKHeX.Core/Resources/text/items/text_Items_ko.txt,PKHeX.Core/Resources/text/items/text_Items_en.txt
1520,★Her6526,★Her6526,★Her6526,kwsch/PKHeX,8ad201e80244f630ab5a46922ab72fb79c5ad4f4,PKHeX.Core/Resources/text/items/text_Items_ja.txt,PKHeX.Core/Resources/text/items/text_Items_ko.txt,PKHeX.Core/Resources/text/items/text_Items_en.txt
1521,★Her6117,★Her6117,★Her6117,kwsch/PKHeX,8ad201e80244f630ab5a46922ab72fb79c5ad4f4,PKHeX.Core/Resources/text/items/text_Items_ja.txt,PKHeX.Core/Resources/text/items/text_Items_ko.txt,PKHeX.Core/Resources/text/items/text_Items_en.txt
1522,★Her6008,★Her6008,★Her6008,kwsch/PKHeX,8ad201e80244f630ab5a46922ab72fb79c5ad4f4,PKHeX.Core/Resources/text/items/text_Items_ja.txt,PKHeX.Core/Resources/text/items/text_Items_ko.txt,PKHeX.Core/Resources/text/items/text_Items_en.txt
1523,★Per936,★Per936,★Per936,kwsch/PKHeX,8ad201e80244f630ab5a46922ab72fb79c5ad4f4,PKHeX.Core/Resources/text/items/text_Items_ja.txt,PKHeX.Core/Resources/text/items/text_Items_ko.txt,PKHeX.Core/Resources/text/items/text_Items_en.txt
1524,★Per1017,★Per1017,★Per1017,kwsch/PKHeX,8ad201e80244f630ab5a46922ab72fb79c5ad4f4,PKHeX.Core/Resources/text/items/text_Items_ja.txt,PKHeX.Core/Resources/text/items/text_Items_ko.txt,PKHeX.Core/Resources/text/items/text_Items_en.txt
1525,★Per1131,★Per1131,★Per1131,kwsch/PKHeX,8ad201e80244f630ab5a46922ab72fb79c5ad4f4,PKHeX.Core/Resources/text/items/text_Items_ja.txt,PKHeX.Core/Resources/text/items/text_Items_ko.txt,PKHeX.Core/Resources/text/items/text_Items_en.txt
1526,★Per1228,★Per1228,★Per1228,kwsch/PKHeX,8ad201e80244f630ab5a46922ab72fb79c5ad4f4,PKHeX.Core/Resources/text/items/text_Items_ja.txt,PKHeX.Core/Resources/text/items/text_Items_ko.txt,PKHeX.Core/Resources/text/items/text_Items_en.txt
1527,★Per834,★Per834,★Per834,kwsch/PKHeX,8ad201e80244f630ab5a46922ab72fb79c5ad4f4,PKHeX.Core/Resources/text/items/text_Items_ja.txt,PKHeX.Core/Resources/text/items/text_Items_ko.txt,PKHeX.Core/Resources/text/items/text_Items_en.txt
1528,★Per941,★Per941,★Per941,kwsch/PKHeX,8ad201e80244f630ab5a46922ab72fb79c5ad4f4,PKHeX.Core/Resources/text/items/text_Items_ja.txt,PKHeX.Core/Resources/text/items/text_Items_ko.txt,PKHeX.Core/Resources/text/items/text_Items_en.txt
1529,★Phe99,★Phe99,★Phe99,kwsch/PKHeX,8ad201e80244f630ab5a46922ab72fb79c5ad4f4,PKHeX.Core/Resources/text/items/text_Items_ja.txt,PKHeX.Core/Resources/text/items/text_Items_ko.txt,PKHeX.Core/Resources/text/items/text_Items_en.txt
1530,★Phe338,★Phe338,★Phe338,kwsch/PKHeX,8ad201e80244f630ab5a46922ab72fb79c5ad4f4,PKHeX.Core/Resources/text/items/text_Items_ja.txt,PKHeX.Core/Resources/text/items/text_Items_ko.txt,PKHeX.Core/Resources/text/items/text_Items_en.txt
1531,★Vel3634,★Vel3634,★Vel3634,kwsch/PKHeX,8ad201e80244f630ab5a46922ab72fb79c5ad4f4,PKHeX.Core/Resources/text/items/text_Items_ja.txt,PKHeX.Core/Resources/text/items/text_Items_ko.txt,PKHeX.Core/Resources/text/items/text_Items_en.txt
1532,★Vel3485,★Vel3485,★Vel3485,kwsch/PKHeX,8ad201e80244f630ab5a46922ab72fb79c5ad4f4,PKHeX.Core/Resources/text/items/text_Items_ja.txt,PKHeX.Core/Resources/text/items/text_Items_ko.txt,PKHeX.Core/Resources/text/items/text_Items_en.txt
1533,★Vel3734,★Vel3734,★Vel3734,kwsch/PKHeX,8ad201e80244f630ab5a46922ab72fb79c5ad4f4,PKHeX.Core/Resources/text/items/text_Items_ja.txt,PKHeX.Core/Resources/text/items/text_Items_ko.txt,PKHeX.Core/Resources/text/items/text_Items_en.txt
1534,★Aqr8232,★Aqr8232,★Aqr8232,kwsch/PKHeX,8ad201e80244f630ab5a46922ab72fb79c5ad4f4,PKHeX.Core/Resources/text/items/text_Items_ja.txt,PKHeX.Core/Resources/text/items/text_Items_ko.txt,PKHeX.Core/Resources/text/items/text_Items_en.txt
1535,★Aqr8414,★Aqr8414,★Aqr8414,kwsch/PKHeX,8ad201e80244f630ab5a46922ab72fb79c5ad4f4,PKHeX.Core/Resources/text/items/text_Items_ja.txt,PKHeX.Core/Resources/text/items/text_Items_ko.txt,PKHeX.Core/Resources/text/items/text_Items_en.txt
1536,★Aqr8709,★Aqr8709,★Aqr8709,kwsch/PKHeX,8ad201e80244f630ab5a46922ab72fb79c5ad4f4,PKHeX.Core/Resources/text/items/text_Items_ja.txt,PKHeX.Core/Resources/text/items/text_Items_ko.txt,PKHeX.Core/Resources/text/items/text_Items_en.txt
1537,★Aqr8518,★Aqr8518,★Aqr8518,kwsch/PKHeX,8ad201e80244f630ab5a46922ab72fb79c5ad4f4,PKHeX.Core/Resources/text/items/text_Items_ja.txt,PKHeX.Core/Resources/text/items/text_Items_ko.txt,PKHeX.Core/Resources/text/items/text_Items_en.txt
1538,★Aqr7950,★Aqr7950,★Aqr7950,kwsch/PKHeX,8ad201e80244f630ab5a46922ab72fb79c5ad4f4,PKHeX.Core/Resources/text/items/text_Items_ja.txt,PKHeX.Core/Resources/text/items/text_Items_ko.txt,PKHeX.Core/Resources/text/items/text_Items_en.txt
1539,★Aqr8499,★Aqr8499,★Aqr8499,kwsch/PKHeX,8ad201e80244f630ab5a46922ab72fb79c5ad4f4,PKHeX.Core/Resources/text/items/text_Items_ja.txt,PKHeX.Core/Resources/text/items/text_Items_ko.txt,PKHeX.Core/Resources/text/items/text_Items_en.txt
1540,★Aqr8610,★Aqr8610,★Aqr8610,kwsch/PKHeX,8ad201e80244f630ab5a46922ab72fb79c5ad4f4,PKHeX.Core/Resources/text/items/text_Items_ja.txt,PKHeX.Core/Resources/text/items/text_Items_ko.txt,PKHeX.Core/Resources/text/items/text_Items_en.txt
1541,★Aqr8264,★Aqr8264,★Aqr8264,kwsch/PKHeX,8ad201e80244f630ab5a46922ab72fb79c5ad4f4,PKHeX.Core/Resources/text/items/text_Items_ja.txt,PKHeX.Core/Resources/text/items/text_Items_ko.txt,PKHeX.Core/Resources/text/items/text_Items_en.txt
1542,★Cru4853,★Cru4853,★Cru4853,kwsch/PKHeX,8ad201e80244f630ab5a46922ab72fb79c5ad4f4,PKHeX.Core/Resources/text/items/text_Items_ja.txt,PKHeX.Core/Resources/text/items/text_Items_ko.txt,PKHeX.Core/Resources/text/items/text_Items_en.txt
1543,★Cru4730,★Cru4730,★Cru4730,kwsch/PKHeX,8ad201e80244f630ab5a46922ab72fb79c5ad4f4,PKHeX.Core/Resources/text/items/text_Items_ja.txt,PKHeX.Core/Resources/text/items/text_Items_ko.txt,PKHeX.Core/Resources/text/items/text_Items_en.txt
1544,★Cru4763,★Cru4763,★Cru4763,kwsch/PKHeX,8ad201e80244f630ab5a46922ab72fb79c5ad4f4,PKHeX.Core/Resources/text/items/text_Items_ja.txt,PKHeX.Core/Resources/text/items/text_Items_ko.txt,PKHeX.Core/Resources/text/items/text_Items_en.txt
1545,★Cru4700,★Cru4700,★Cru4700,kwsch/PKHeX,8ad201e80244f630ab5a46922ab72fb79c5ad4f4,PKHeX.Core/Resources/text/items/text_Items_ja.txt,PKHeX.Core/Resources/text/items/text_Items_ko.txt,PKHeX.Core/Resources/text/items/text_Items_en.txt
1546,★Cru4656,★Cru4656,★Cru4656,kwsch/PKHeX,8ad201e80244f630ab5a46922ab72fb79c5ad4f4,PKHeX.Core/Resources/text/items/text_Items_ja.txt,PKHeX.Core/Resources/text/items/text_Items_ko.txt,PKHeX.Core/Resources/text/items/text_Items_en.txt
1547,★PsA8728,★PsA8728,★PsA8728,kwsch/PKHeX,8ad201e80244f630ab5a46922ab72fb79c5ad4f4,PKHeX.Core/Resources/text/items/text_Items_ja.txt,PKHeX.Core/Resources/text/items/text_Items_ko.txt,PKHeX.Core/Resources/text/items/text_Items_en.txt
1548,★TrA6217,★TrA6217,★TrA6217,kwsch/PKHeX,8ad201e80244f630ab5a46922ab72fb79c5ad4f4,PKHeX.Core/Resources/text/items/text_Items_ja.txt,PKHeX.Core/Resources/text/items/text_Items_ko.txt,PKHeX.Core/Resources/text/items/text_Items_en.txt
1549,★Cap7776,★Cap7776,★Cap7776,kwsch/PKHeX,8ad201e80244f630ab5a46922ab72fb79c5ad4f4,PKHeX.Core/Resources/text/items/text_Items_ja.txt,PKHeX.Core/Resources/text/items/text_Items_ko.txt,PKHeX.Core/Resources/text/items/text_Items_en.txt
1550,★Cap7754,★Cap7754,★Cap7754,kwsch/PKHeX,8ad201e80244f630ab5a46922ab72fb79c5ad4f4,PKHeX.Core/Resources/text/items/text_Items_ja.txt,PKHeX.Core/Resources/text/items/text_Items_ko.txt,PKHeX.Core/Resources/text/items/text_Items_en.txt
1551,★Cap8278,★Cap8278,★Cap8278,kwsch/PKHeX,8ad201e80244f630ab5a46922ab72fb79c5ad4f4,PKHeX.Core/Resources/text/items/text_Items_ja.txt,PKHeX.Core/Resources/text/items/text_Items_ko.txt,PKHeX.Core/Resources/text/items/text_Items_en.txt
1552,★Cap8322,★Cap8322,★Cap8322,kwsch/PKHeX,8ad201e80244f630ab5a46922ab72fb79c5ad4f4,PKHeX.Core/Resources/text/items/text_Items_ja.txt,PKHeX.Core/Resources/text/items/text_Items_ko.txt,PKHeX.Core/Resources/text/items/text_Items_en.txt
1553,★Cap7773,★Cap7773,★Cap7773,kwsch/PKHeX,8ad201e80244f630ab5a46922ab72fb79c5ad4f4,PKHeX.Core/Resources/text/items/text_Items_ja.txt,PKHeX.Core/Resources/text/items/text_Items_ko.txt,PKHeX.Core/Resources/text/items/text_Items_en.txt
1554,★Sge7479,★Sge7479,★Sge7479,kwsch/PKHeX,8ad201e80244f630ab5a46922ab72fb79c5ad4f4,PKHeX.Core/Resources/text/items/text_Items_ja.txt,PKHeX.Core/Resources/text/items/text_Items_ko.txt,PKHeX.Core/Resources/text/items/text_Items_en.txt
1555,★Car2326,★Car2326,★Car2326,kwsch/PKHeX,8ad201e80244f630ab5a46922ab72fb79c5ad4f4,PKHeX.Core/Resources/text/items/text_Items_ja.txt,PKHeX.Core/Resources/text/items/text_Items_ko.txt,PKHeX.Core/Resources/text/items/text_Items_en.txt
1556,★Car3685,★Car3685,★Car3685,kwsch/PKHeX,8ad201e80244f630ab5a46922ab72fb79c5ad4f4,PKHeX.Core/Resources/text/items/text_Items_ja.txt,PKHeX.Core/Resources/text/items/text_Items_ko.txt,PKHeX.Core/Resources/text/items/text_Items_en.txt
1557,★Car3307,★Car3307,★Car3307,kwsch/PKHeX,8ad201e80244f630ab5a46922ab72fb79c5ad4f4,PKHeX.Core/Resources/text/items/text_Items_ja.txt,PKHeX.Core/Resources/text/items/text_Items_ko.txt,PKHeX.Core/Resources/text/items/text_Items_en.txt
1558,★Car3699,★Car3699,★Car3699,kwsch/PKHeX,8ad201e80244f630ab5a46922ab72fb79c5ad4f4,PKHeX.Core/Resources/text/items/text_Items_ja.txt,PKHeX.Core/Resources/text/items/text_Items_ko.txt,PKHeX.Core/Resources/text/items/text_Items_en.txt
1559,★Dra5744,★Dra5744,★Dra5744,kwsch/PKHeX,8ad201e80244f630ab5a46922ab72fb79c5ad4f4,PKHeX.Core/Resources/text/items/text_Items_ja.txt,PKHeX.Core/Resources/text/items/text_Items_ko.txt,PKHeX.Core/Resources/text/items/text_Items_en.txt
1560,★Dra5291,★Dra5291,★Dra5291,kwsch/PKHeX,8ad201e80244f630ab5a46922ab72fb79c5ad4f4,PKHeX.Core/Resources/text/items/text_Items_ja.txt,PKHeX.Core/Resources/text/items/text_Items_ko.txt,PKHeX.Core/Resources/text/items/text_Items_en.txt
1561,★Dra6705,★Dra6705,★Dra6705,kwsch/PKHeX,8ad201e80244f630ab5a46922ab72fb79c5ad4f4,PKHeX.Core/Resources/text/items/text_Items_ja.txt,PKHeX.Core/Resources/text/items/text_Items_ko.txt,PKHeX.Core/Resources/text/items/text_Items_en.txt
1562,★Dra6536,★Dra6536,★Dra6536,kwsch/PKHeX,8ad201e80244f630ab5a46922ab72fb79c5ad4f4,PKHeX.Core/Resources/text/items/text_Items_ja.txt,PKHeX.Core/Resources/text/items/text_Items_ko.txt,PKHeX.Core/Resources/text/items/text_Items_en.txt
1563,★Dra7310,★Dra7310,★Dra7310,kwsch/PKHeX,8ad201e80244f630ab5a46922ab72fb79c5ad4f4,PKHeX.Core/Resources/text/items/text_Items_ja.txt,PKHeX.Core/Resources/text/items/text_Items_ko.txt,PKHeX.Core/Resources/text/items/text_Items_en.txt
1564,★Dra6688,★Dra6688,★Dra6688,kwsch/PKHeX,8ad201e80244f630ab5a46922ab72fb79c5ad4f4,PKHeX.Core/Resources/text/items/text_Items_ja.txt,PKHeX.Core/Resources/text/items/text_Items_ko.txt,PKHeX.Core/Resources/text/items/text_Items_en.txt
1565,★Dra4434,★Dra4434,★Dra4434,kwsch/PKHeX,8ad201e80244f630ab5a46922ab72fb79c5ad4f4,PKHeX.Core/Resources/text/items/text_Items_ja.txt,PKHeX.Core/Resources/text/items/text_Items_ko.txt,PKHeX.Core/Resources/text/items/text_Items_en.txt
1566,★Dra6370,★Dra6370,★Dra6370,kwsch/PKHeX,8ad201e80244f630ab5a46922ab72fb79c5ad4f4,PKHeX.Core/Resources/text/items/text_Items_ja.txt,PKHeX.Core/Resources/text/items/text_Items_ko.txt,PKHeX.Core/Resources/text/items/text_Items_en.txt
1567,★Dra7462,★Dra7462,★Dra7462,kwsch/PKHeX,8ad201e80244f630ab5a46922ab72fb79c5ad4f4,PKHeX.Core/Resources/text/items/text_Items_ja.txt,PKHeX.Core/Resources/text/items/text_Items_ko.txt,PKHeX.Core/Resources/text/items/text_Items_en.txt
1568,★Dra6396,★Dra6396,★Dra6396,kwsch/PKHeX,8ad201e80244f630ab5a46922ab72fb79c5ad4f4,PKHeX.Core/Resources/text/items/text_Items_ja.txt,PKHeX.Core/Resources/text/items/text_Items_ko.txt,PKHeX.Core/Resources/text/items/text_Items_en.txt
1569,★Dra6132,★Dra6132,★Dra6132,kwsch/PKHeX,8ad201e80244f630ab5a46922ab72fb79c5ad4f4,PKHeX.Core/Resources/text/items/text_Items_ja.txt,PKHeX.Core/Resources/text/items/text_Items_ko.txt,PKHeX.Core/Resources/text/items/text_Items_en.txt
1570,★Dra6636,★Dra6636,★Dra6636,kwsch/PKHeX,8ad201e80244f630ab5a46922ab72fb79c5ad4f4,PKHeX.Core/Resources/text/items/text_Items_ja.txt,PKHeX.Core/Resources/text/items/text_Items_ko.txt,PKHeX.Core/Resources/text/items/text_Items_en.txt
1571,★CVn4915,★CVn4915,★CVn4915,kwsch/PKHeX,8ad201e80244f630ab5a46922ab72fb79c5ad4f4,PKHeX.Core/Resources/text/items/text_Items_ja.txt,PKHeX.Core/Resources/text/items/text_Items_ko.txt,PKHeX.Core/Resources/text/items/text_Items_en.txt
1572,★CVn4785,★CVn4785,★CVn4785,kwsch/PKHeX,8ad201e80244f630ab5a46922ab72fb79c5ad4f4,PKHeX.Core/Resources/text/items/text_Items_ja.txt,PKHeX.Core/Resources/text/items/text_Items_ko.txt,PKHeX.Core/Resources/text/items/text_Items_en.txt
1573,★CVn4846,★CVn4846,★CVn4846,kwsch/PKHeX,8ad201e80244f630ab5a46922ab72fb79c5ad4f4,PKHeX.Core/Resources/text/items/text_Items_ja.txt,PKHeX.Core/Resources/text/items/text_Items_ko.txt,PKHeX.Core/Resources/text/items/text_Items_en.txt
1574,★Aql7595,★Aql7595,★Aql7595,kwsch/PKHeX,8ad201e80244f630ab5a46922ab72fb79c5ad4f4,PKHeX.Core/Resources/text/items/text_Items_ja.txt,PKHeX.Core/Resources/text/items/text_Items_ko.txt,PKHeX.Core/Resources/text/items/text_Items_en.txt
1575,★Aql7557,★Aql7557,★Aql7557,kwsch/PKHeX,8ad201e80244f630ab5a46922ab72fb79c5ad4f4,PKHeX.Core/Resources/text/items/text_Items_ja.txt,PKHeX.Core/Resources/text/items/text_Items_ko.txt,PKHeX.Core/Resources/text/items/text_Items_en.txt
1576,★Aql7525,★Aql7525,★Aql7525,kwsch/PKHeX,8ad201e80244f630ab5a46922ab72fb79c5ad4f4,PKHeX.Core/Resources/text/items/text_Items_ja.txt,PKHeX.Core/Resources/text/items/text_Items_ko.txt,PKHeX.Core/Resources/text/items/text_Items_en.txt
1577,★Aql7602,★Aql7602,★Aql7602,kwsch/PKHeX,8ad201e80244f630ab5a46922ab72fb79c5ad4f4,PKHeX.Core/Resources/text/items/text_Items_ja.txt,PKHeX.Core/Resources/text/items/text_Items_ko.txt,PKHeX.Core/Resources/text/items/text_Items_en.txt
1578,★Aql7235,★Aql7235,★Aql7235,kwsch/PKHeX,8ad201e80244f630ab5a46922ab72fb79c5ad4f4,PKHeX.Core/Resources/text/items/text_Items_ja.txt,PKHeX.Core/Resources/text/items/text_Items_ko.txt,PKHeX.Core/Resources/text/items/text_Items_en.txt
1579,ダイミツ,다이꿀,Max Honey,kwsch/PKHeX,8ad201e80244f630ab5a46922ab72fb79c5ad4f4,PKHeX.Core/Resources/text/items/text_Items_ja.txt,PKHeX.Core/Resources/text/items/text_Items_ko.txt,PKHeX.Core/Resources/text/items/text_Items_en.txt
1580,ダイキノコ,다이버섯,Max Mushrooms,kwsch/PKHeX,8ad201e80244f630ab5a46922ab72fb79c5ad4f4,PKHeX.Core/Resources/text/items/text_Items_ja.txt,PKHeX.Core/Resources/text/items/text_Items_ko.txt,PKHeX.Core/Resources/text/items/text_Items_en.txt
1581,ガラナツのえだ,가라두구가지,Galarica Twig,kwsch/PKHeX,8ad201e80244f630ab5a46922ab72fb79c5ad4f4,PKHeX.Core/Resources/text/items/text_Items_ja.txt,PKHeX.Core/Resources/text/items/text_Items_ko.txt,PKHeX.Core/Resources/text/items/text_Items_en.txt
1582,ガラナツブレス,가라두구팔찌,Galarica Cuff,kwsch/PKHeX,8ad201e80244f630ab5a46922ab72fb79c5ad4f4,PKHeX.Core/Resources/text/items/text_Items_ja.txt,PKHeX.Core/Resources/text/items/text_Items_ko.txt,PKHeX.Core/Resources/text/items/text_Items_en.txt
1583,おしゃれカード,멋쟁이카드,Style Card,kwsch/PKHeX,8ad201e80244f630ab5a46922ab72fb79c5ad4f4,PKHeX.Core/Resources/text/items/text_Items_ja.txt,PKHeX.Core/Resources/text/items/text_Items_ko.txt,PKHeX.Core/Resources/text/items/text_Items_en.txt
1584,ヨロイパス,갑옷패스,Armor Pass,kwsch/PKHeX,8ad201e80244f630ab5a46922ab72fb79c5ad4f4,PKHeX.Core/Resources/text/items/text_Items_ja.txt,PKHeX.Core/Resources/text/items/text_Items_ko.txt,PKHeX.Core/Resources/text/items/text_Items_en.txt
1585,ロトムじてんしゃ,로토무자전거,Rotom Bike,kwsch/PKHeX,8ad201e80244f630ab5a46922ab72fb79c5ad4f4,PKHeX.Core/Resources/text/items/text_Items_ja.txt,PKHeX.Core/Resources/text/items/text_Items_ko.txt,PKHeX.Core/Resources/text/items/text_Items_en.txt
1586,ロトムじてんしゃ,로토무자전거,Rotom Bike,kwsch/PKHeX,8ad201e80244f630ab5a46922ab72fb79c5ad4f4,PKHeX.Core/Resources/text/items/text_Items_ja.txt,PKHeX.Core/Resources/text/items/text_Items_ko.txt,PKHeX.Core/Resources/text/items/text_Items_en.txt
1587,けいけんおまもり,경험부적,Exp. Charm,kwsch/PKHeX,8ad201e80244f630ab5a46922ab72fb79c5ad4f4,PKHeX.Core/Resources/text/items/text_Items_ja.txt,PKHeX.Core/Resources/text/items/text_Items_ko.txt,PKHeX.Core/Resources/text/items/text_Items_en.txt
1588,ヨロイこうせき,갑옷광석,Armorite Ore,kwsch/PKHeX,8ad201e80244f630ab5a46922ab72fb79c5ad4f4,PKHeX.Core/Resources/text/items/text_Items_ja.txt,PKHeX.Core/Resources/text/items/text_Items_ko.txt,PKHeX.Core/Resources/text/items/text_Items_en.txt
1589,あかしのおまもり,증표의부적,Mark Charm,kwsch/PKHeX,8ad201e80244f630ab5a46922ab72fb79c5ad4f4,PKHeX.Core/Resources/text/items/text_Items_ja.txt,PKHeX.Core/Resources/text/items/text_Items_ko.txt,PKHeX.Core/Resources/text/items/text_Items_en.txt
1590,キズナのタヅナ,유대의고삐,Reins of Unity,kwsch/PKHeX,8ad201e80244f630ab5a46922ab72fb79c5ad4f4,PKHeX.Core/Resources/text/items/text_Items_ja.txt,PKHeX.Core/Resources/text/items/text_Items_ko.txt,PKHeX.Core/Resources/text/items/text_Items_en.txt
1591,キズナのタヅナ,유대의고삐,Reins of Unity,kwsch/PKHeX,8ad201e80244f630ab5a46922ab72fb79c5ad4f4,PKHeX.Core/Resources/text/items/text_Items_ja.txt,PKHeX.Core/Resources/text/items/text_Items_ko.txt,PKHeX.Core/Resources/text/items/text_Items_en.txt
1592,ガラナツリース,가라두구머리장식,Galarica Wreath,kwsch/PKHeX,8ad201e80244f630ab5a46922ab72fb79c5ad4f4,PKHeX.Core/Resources/text/items/text_Items_ja.txt,PKHeX.Core/Resources/text/items/text_Items_ko.txt,PKHeX.Core/Resources/text/items/text_Items_en.txt
1593,でんせつのメモ１,전설의메모1,Legendary Clue 1,kwsch/PKHeX,8ad201e80244f630ab5a46922ab72fb79c5ad4f4,PKHeX.Core/Resources/text/items/text_Items_ja.txt,PKHeX.Core/Resources/text/items/text_Items_ko.txt,PKHeX.Core/Resources/text/items/text_Items_en.txt
1594,でんせつのメモ２,전설의메모2,Legendary Clue 2,kwsch/PKHeX,8ad201e80244f630ab5a46922ab72fb79c5ad4f4,PKHeX.Core/Resources/text/items/text_Items_ja.txt,PKHeX.Core/Resources/text/items/text_Items_ko.txt,PKHeX.Core/Resources/text/items/text_Items_en.txt
1595,でんせつのメモ３,전설의메모3,Legendary Clue 3,kwsch/PKHeX,8ad201e80244f630ab5a46922ab72fb79c5ad4f4,PKHeX.Core/Resources/text/items/text_Items_ja.txt,PKHeX.Core/Resources/text/items/text_Items_ko.txt,PKHeX.Core/Resources/text/items/text_Items_en.txt
1596,でんせつのメモ？,전설의메모?,Legendary Clue?,kwsch/PKHeX,8ad201e80244f630ab5a46922ab72fb79c5ad4f4,PKHeX.Core/Resources/text/items/text_Items_ja.txt,PKHeX.Core/Resources/text/items/text_Items_ko.txt,PKHeX.Core/Resources/text/items/text_Items_en.txt
1597,カンムリパス,왕관패스,Crown Pass,kwsch/PKHeX,8ad201e80244f630ab5a46922ab72fb79c5ad4f4,PKHeX.Core/Resources/text/items/text_Items_ja.txt,PKHeX.Core/Resources/text/items/text_Items_ko.txt,PKHeX.Core/Resources/text/items/text_Items_en.txt
1598,きぼりのかんむり,목각왕관,Wooden Crown,kwsch/PKHeX,8ad201e80244f630ab5a46922ab72fb79c5ad4f4,PKHeX.Core/Resources/text/items/text_Items_ja.txt,PKHeX.Core/Resources/text/items/text_Items_ko.txt,PKHeX.Core/Resources/text/items/text_Items_en.txt
1599,かがやくはなびら,빛나는꽃잎,Radiant Petal,kwsch/PKHeX,8ad201e80244f630ab5a46922ab72fb79c5ad4f4,PKHeX.Core/Resources/text/items/text_Items_ja.txt,PKHeX.Core/Resources/text/items/text_Items_ko.txt,PKHeX.Core/Resources/text/items/text_Items_en.txt
1600,しろいたてがみ,하얀갈기,White Mane Hair,kwsch/PKHeX,8ad201e80244f630ab5a46922ab72fb79c5ad4f4,PKHeX.Core/Resources/text/items/text_Items_ja.txt,PKHeX.Core/Resources/text/items/text_Items_ko.txt,PKHeX.Core/Resources/text/items/text_Items_en.txt
1601,くろいたてがみ,검은갈기,Black Mane Hair,kwsch/PKHeX,8ad201e80244f630ab5a46922ab72fb79c5ad4f4,PKHeX.Core/Resources/text/items/text_Items_ja.txt,PKHeX.Core/Resources/text/items/text_Items_ko.txt,PKHeX.Core/Resources/text/items/text_Items_en.txt
1602,つめたいにんじん,차가운당근,Iceroot Carrot,kwsch/PKHeX,8ad201e80244f630ab5a46922ab72fb79c5ad4f4,PKHeX.Core/Resources/text/items/text_Items_ja.txt,PKHeX.Core/Resources/text/items/text_Items_ko.txt,PKHeX.Core/Resources/text/items/text_Items_en.txt
1603,くろいにんじん,검은당근,Shaderoot Carrot,kwsch/PKHeX,8ad201e80244f630ab5a46922ab72fb79c5ad4f4,PKHeX.Core/Resources/text/items/text_Items_ja.txt,PKHeX.Core/Resources/text/items/text_Items_ko.txt,PKHeX.Core/Resources/text/items/text_Items_en.txt
1604,マックスこうせき,맥스광석,Dynite Ore,kwsch/PKHeX,8ad201e80244f630ab5a46922ab72fb79c5ad4f4,PKHeX.Core/Resources/text/items/text_Items_ja.txt,PKHeX.Core/Resources/text/items/text_Items_ko.txt,PKHeX.Core/Resources/text/items/text_Items_en.txt
1605,にんじんのタネ,당근씨,Carrot Seeds,kwsch/PKHeX,8ad201e80244f630ab5a46922ab72fb79c5ad4f4,PKHeX.Core/Resources/text/items/text_Items_ja.txt,PKHeX.Core/Resources/text/items/text_Items_ko.txt,PKHeX.Core/Resources/text/items/text_Items_en.txt
1606,とくせいパッチ,특성패치,Ability Patch,kwsch/PKHeX,8ad201e80244f630ab5a46922ab72fb79c5ad4f4,PKHeX.Core/Resources/text/items/text_Items_ja.txt,PKHeX.Core/Resources/text/items/text_Items_ko.txt,PKHeX.Core/Resources/text/items/text_Items_en.txt
1607,キズナのタヅナ,유대의고삐,Reins of Unity,kwsch/PKHeX,8ad201e80244f630ab5a46922ab72fb79c5ad4f4,PKHeX.Core/Resources/text/items/text_Items_ja.txt,PKHeX.Core/Resources/text/items/text_Items_ko.txt,PKHeX.Core/Resources/text/items/text_Items_en.txt
1608,ときのシズメダマ,시간의진정환,Time Balm,kwsch/PKHeX,8ad201e80244f630ab5a46922ab72fb79c5ad4f4,PKHeX.Core/Resources/text/items/text_Items_ja.txt,PKHeX.Core/Resources/text/items/text_Items_ko.txt,PKHeX.Core/Resources/text/items/text_Items_en.txt
1609,そらのシズメダマ,공간의진정환,Space Balm,kwsch/PKHeX,8ad201e80244f630ab5a46922ab72fb79c5ad4f4,PKHeX.Core/Resources/text/items/text_Items_ja.txt,PKHeX.Core/Resources/text/items/text_Items_ko.txt,PKHeX.Core/Resources/text/items/text_Items_en.txt
1610,しずめだま,진정환,Mysterious Balm,kwsch/PKHeX,8ad201e80244f630ab5a46922ab72fb79c5ad4f4,PKHeX.Core/Resources/text/items/text_Items_ja.txt,PKHeX.Core/Resources/text/items/text_Items_ko.txt,PKHeX.Core/Resources/text/items/text_Items_en.txt
1611,つながりのヒモ,연결의끈,Linking Cord,kwsch/PKHeX,8ad201e80244f630ab5a46922ab72fb79c5ad4f4,PKHeX.Core/Resources/text/items/text_Items_ja.txt,PKHeX.Core/Resources/text/items/text_Items_ko.txt,PKHeX.Core/Resources/text/items/text_Items_en.txt
1612,ふるさとマフィン,고향머핀,Hometown Muffin,kwsch/PKHeX,8ad201e80244f630ab5a46922ab72fb79c5ad4f4,PKHeX.Core/Resources/text/items/text_Items_ja.txt,PKHeX.Core/Resources/text/items/text_Items_ko.txt,PKHeX.Core/Resources/text/items/text_Items_en.txt
1613,ぼんぐりのみ,규토리열매,Apricorn,kwsch/PKHeX,8ad201e80244f630ab5a46922ab72fb79c5ad4f4,PKHeX.Core/Resources/text/items/text_Items_ja.txt,PKHeX.Core/Resources/text/items/text_Items_ko.txt,PKHeX.Core/Resources/text/items/text_Items_en.txt
1614,コトブキマフィン,축복머핀,Jubilife Muffin,kwsch/PKHeX,8ad201e80244f630ab5a46922ab72fb79c5ad4f4,PKHeX.Core/Resources/text/items/text_Items_ja.txt,PKHeX.Core/Resources/text/items/text_Items_ko.txt,PKHeX.Core/Resources/text/items/text_Items_en.txt
1615,マルチアップ,멀티업,Aux Powerguard,kwsch/PKHeX,8ad201e80244f630ab5a46922ab72fb79c5ad4f4,PKHeX.Core/Resources/text/items/text_Items_ja.txt,PKHeX.Core/Resources/text/items/text_Items_ko.txt,PKHeX.Core/Resources/text/items/text_Items_en.txt
1616,クリティカッター,크리티컬커터,Dire Hit,kwsch/PKHeX,8ad201e80244f630ab5a46922ab72fb79c5ad4f4,PKHeX.Core/Resources/text/items/text_Items_ja.txt,PKHeX.Core/Resources/text/items/text_Items_ko.txt,PKHeX.Core/Resources/text/items/text_Items_en.txt
1617,こだわりちまき,구애잎사귀떡,Choice Dumpling,kwsch/PKHeX,8ad201e80244f630ab5a46922ab72fb79c5ad4f4,PKHeX.Core/Resources/text/items/text_Items_ja.txt,PKHeX.Core/Resources/text/items/text_Items_ko.txt,PKHeX.Core/Resources/text/items/text_Items_en.txt
1618,にばいづけ,두배절임,Twice-Spiced Radish,kwsch/PKHeX,8ad201e80244f630ab5a46922ab72fb79c5ad4f4,PKHeX.Core/Resources/text/items/text_Items_ja.txt,PKHeX.Core/Resources/text/items/text_Items_ko.txt,PKHeX.Core/Resources/text/items/text_Items_en.txt
1619,あべこべやき,뒤바뀜구이,Swap Snack,kwsch/PKHeX,8ad201e80244f630ab5a46922ab72fb79c5ad4f4,PKHeX.Core/Resources/text/items/text_Items_ja.txt,PKHeX.Core/Resources/text/items/text_Items_ko.txt,PKHeX.Core/Resources/text/items/text_Items_en.txt
1620,タマゼンマイ,둥근고비,Caster Fern,kwsch/PKHeX,8ad201e80244f630ab5a46922ab72fb79c5ad4f4,PKHeX.Core/Resources/text/items/text_Items_ja.txt,PKHeX.Core/Resources/text/items/text_Items_ko.txt,PKHeX.Core/Resources/text/items/text_Items_en.txt
1621,かいでんのタネ,숙달의씨,Seed of Mastery,kwsch/PKHeX,8ad201e80244f630ab5a46922ab72fb79c5ad4f4,PKHeX.Core/Resources/text/items/text_Items_ja.txt,PKHeX.Core/Resources/text/items/text_Items_ko.txt,PKHeX.Core/Resources/text/items/text_Items_en.txt
1622,モンスターボール,몬스터볼,Poké Ball,kwsch/PKHeX,8ad201e80244f630ab5a46922ab72fb79c5ad4f4,PKHeX.Core/Resources/text/items/text_Items_ja.txt,PKHeX.Core/Resources/text/items/text_Items_ko.txt,PKHeX.Core/Resources/text/items/text_Items_en.txt
1623,？？？,???,???,kwsch/PKHeX,8ad201e80244f630ab5a46922ab72fb79c5ad4f4,PKHeX.Core/Resources/text/items/text_Items_ja.txt,PKHeX.Core/Resources/text/items/text_Items_ko.txt,PKHeX.Core/Resources/text/items/text_Items_en.txt
1624,えいえんのこおり,영원한얼음,Eternal Ice,kwsch/PKHeX,8ad201e80244f630ab5a46922ab72fb79c5ad4f4,PKHeX.Core/Resources/text/items/text_Items_ja.txt,PKHeX.Core/Resources/text/items/text_Items_ko.txt,PKHeX.Core/Resources/text/items/text_Items_en.txt
1625,ユクシーのつめ,유크시의손톱,Uxie’s Claw,kwsch/PKHeX,8ad201e80244f630ab5a46922ab72fb79c5ad4f4,PKHeX.Core/Resources/text/items/text_Items_ja.txt,PKHeX.Core/Resources/text/items/text_Items_ko.txt,PKHeX.Core/Resources/text/items/text_Items_en.txt
1626,アグノムのきば,아그놈의이빨,Azelf’s Fang,kwsch/PKHeX,8ad201e80244f630ab5a46922ab72fb79c5ad4f4,PKHeX.Core/Resources/text/items/text_Items_ja.txt,PKHeX.Core/Resources/text/items/text_Items_ko.txt,PKHeX.Core/Resources/text/items/text_Items_en.txt
1627,エムリットのはね,엠라이트의깃털,Mesprit’s Plume,kwsch/PKHeX,8ad201e80244f630ab5a46922ab72fb79c5ad4f4,PKHeX.Core/Resources/text/items/text_Items_ja.txt,PKHeX.Core/Resources/text/items/text_Items_ko.txt,PKHeX.Core/Resources/text/items/text_Items_en.txt
1628,たまいし,옥돌,Tumblestone,kwsch/PKHeX,8ad201e80244f630ab5a46922ab72fb79c5ad4f4,PKHeX.Core/Resources/text/items/text_Items_ja.txt,PKHeX.Core/Resources/text/items/text_Items_ko.txt,PKHeX.Core/Resources/text/items/text_Items_en.txt
1629,カミナギのふえ,공신의피리,Celestica Flute,kwsch/PKHeX,8ad201e80244f630ab5a46922ab72fb79c5ad4f4,PKHeX.Core/Resources/text/items/text_Items_ja.txt,PKHeX.Core/Resources/text/items/text_Items_ko.txt,PKHeX.Core/Resources/text/items/text_Items_en.txt
1630,カンポーやく,한방약,Remedy,kwsch/PKHeX,8ad201e80244f630ab5a46922ab72fb79c5ad4f4,PKHeX.Core/Resources/text/items/text_Items_ja.txt,PKHeX.Core/Resources/text/items/text_Items_ko.txt,PKHeX.Core/Resources/text/items/text_Items_en.txt
1631,いいカンポーやく,좋은한방약,Fine Remedy,kwsch/PKHeX,8ad201e80244f630ab5a46922ab72fb79c5ad4f4,PKHeX.Core/Resources/text/items/text_Items_ja.txt,PKHeX.Core/Resources/text/items/text_Items_ko.txt,PKHeX.Core/Resources/text/items/text_Items_en.txt
1632,きらきらミツ,반짝반짝꿀,Dazzling Honey,kwsch/PKHeX,8ad201e80244f630ab5a46922ab72fb79c5ad4f4,PKHeX.Core/Resources/text/items/text_Items_ja.txt,PKHeX.Core/Resources/text/items/text_Items_ko.txt,PKHeX.Core/Resources/text/items/text_Items_en.txt
1633,いきいきイナホ,싱싱이삭,Hearty Grains,kwsch/PKHeX,8ad201e80244f630ab5a46922ab72fb79c5ad4f4,PKHeX.Core/Resources/text/items/text_Items_ja.txt,PKHeX.Core/Resources/text/items/text_Items_ko.txt,PKHeX.Core/Resources/text/items/text_Items_en.txt
1634,ころころマメ,통통콩,Plump Beans,kwsch/PKHeX,8ad201e80244f630ab5a46922ab72fb79c5ad4f4,PKHeX.Core/Resources/text/items/text_Items_ja.txt,PKHeX.Core/Resources/text/items/text_Items_ko.txt,PKHeX.Core/Resources/text/items/text_Items_en.txt
1635,もちもちキノコ,쫄깃쫄깃버섯,Springy Mushroom,kwsch/PKHeX,8ad201e80244f630ab5a46922ab72fb79c5ad4f4,PKHeX.Core/Resources/text/items/text_Items_ja.txt,PKHeX.Core/Resources/text/items/text_Items_ko.txt,PKHeX.Core/Resources/text/items/text_Items_en.txt
1636,ごりごりミネラル,단단미네랄,Crunchy Salt,kwsch/PKHeX,8ad201e80244f630ab5a46922ab72fb79c5ad4f4,PKHeX.Core/Resources/text/items/text_Items_ja.txt,PKHeX.Core/Resources/text/items/text_Items_ko.txt,PKHeX.Core/Resources/text/items/text_Items_en.txt
1637,もくざい,목재,Wood,kwsch/PKHeX,8ad201e80244f630ab5a46922ab72fb79c5ad4f4,PKHeX.Core/Resources/text/items/text_Items_ja.txt,PKHeX.Core/Resources/text/items/text_Items_ko.txt,PKHeX.Core/Resources/text/items/text_Items_en.txt
1638,キングリーフ,킹리프,King’s Leaf,kwsch/PKHeX,8ad201e80244f630ab5a46922ab72fb79c5ad4f4,PKHeX.Core/Resources/text/items/text_Items_ja.txt,PKHeX.Core/Resources/text/items/text_Items_ko.txt,PKHeX.Core/Resources/text/items/text_Items_en.txt
1639,ぬまのシズメダマ,늪의진정환,Marsh Balm,kwsch/PKHeX,8ad201e80244f630ab5a46922ab72fb79c5ad4f4,PKHeX.Core/Resources/text/items/text_Items_ja.txt,PKHeX.Core/Resources/text/items/text_Items_ko.txt,PKHeX.Core/Resources/text/items/text_Items_en.txt
1640,モンスターボール,몬스터볼,Poké Ball,kwsch/PKHeX,8ad201e80244f630ab5a46922ab72fb79c5ad4f4,PKHeX.Core/Resources/text/items/text_Items_ja.txt,PKHeX.Core/Resources/text/items/text_Items_ko.txt,PKHeX.Core/Resources/text/items/text_Items_en.txt
1641,スーパーボール,슈퍼볼,Great Ball,kwsch/PKHeX,8ad201e80244f630ab5a46922ab72fb79c5ad4f4,PKHeX.Core/Resources/text/items/text_Items_ja.txt,PKHeX.Core/Resources/text/items/text_Items_ko.txt,PKHeX.Core/Resources/text/items/text_Items_en.txt
1642,ハイパーボール,하이퍼볼,Ultra Ball,kwsch/PKHeX,8ad201e80244f630ab5a46922ab72fb79c5ad4f4,PKHeX.Core/Resources/text/items/text_Items_ja.txt,PKHeX.Core/Resources/text/items/text_Items_ko.txt,PKHeX.Core/Resources/text/items/text_Items_en.txt
1643,フェザーボール,페더볼,Feather Ball,kwsch/PKHeX,8ad201e80244f630ab5a46922ab72fb79c5ad4f4,PKHeX.Core/Resources/text/items/text_Items_ja.txt,PKHeX.Core/Resources/text/items/text_Items_ko.txt,PKHeX.Core/Resources/text/items/text_Items_en.txt
1644,ポケモンこけし,포켓몬목각인형,Pokéshi Doll,kwsch/PKHeX,8ad201e80244f630ab5a46922ab72fb79c5ad4f4,PKHeX.Core/Resources/text/items/text_Items_ja.txt,PKHeX.Core/Resources/text/items/text_Items_ko.txt,PKHeX.Core/Resources/text/items/text_Items_en.txt
1645,？？？,???,???,kwsch/PKHeX,8ad201e80244f630ab5a46922ab72fb79c5ad4f4,PKHeX.Core/Resources/text/items/text_Items_ja.txt,PKHeX.Core/Resources/text/items/text_Items_ko.txt,PKHeX.Core/Resources/text/items/text_Items_en.txt
1646,めかくしだま,눈속임환,Smoke Bomb,kwsch/PKHeX,8ad201e80244f630ab5a46922ab72fb79c5ad4f4,PKHeX.Core/Resources/text/items/text_Items_ja.txt,PKHeX.Core/Resources/text/items/text_Items_ko.txt,PKHeX.Core/Resources/text/items/text_Items_en.txt
1647,ばりばりだま,팡팡환,Scatter Bang,kwsch/PKHeX,8ad201e80244f630ab5a46922ab72fb79c5ad4f4,PKHeX.Core/Resources/text/items/text_Items_ja.txt,PKHeX.Core/Resources/text/items/text_Items_ko.txt,PKHeX.Core/Resources/text/items/text_Items_en.txt
1648,ねばりだま,끈끈환,Sticky Glob,kwsch/PKHeX,8ad201e80244f630ab5a46922ab72fb79c5ad4f4,PKHeX.Core/Resources/text/items/text_Items_ja.txt,PKHeX.Core/Resources/text/items/text_Items_ko.txt,PKHeX.Core/Resources/text/items/text_Items_en.txt
1649,ほしのかけら,별의조각,Star Piece,kwsch/PKHeX,8ad201e80244f630ab5a46922ab72fb79c5ad4f4,PKHeX.Core/Resources/text/items/text_Items_ja.txt,PKHeX.Core/Resources/text/items/text_Items_ko.txt,PKHeX.Core/Resources/text/items/text_Items_en.txt
1650,キノコよせだま,버섯유인환,Mushroom Cake,kwsch/PKHeX,8ad201e80244f630ab5a46922ab72fb79c5ad4f4,PKHeX.Core/Resources/text/items/text_Items_ja.txt,PKHeX.Core/Resources/text/items/text_Items_ko.txt,PKHeX.Core/Resources/text/items/text_Items_en.txt
1651,ムシヨケソウ,벌레회피풀,Bugwort,kwsch/PKHeX,8ad201e80244f630ab5a46922ab72fb79c5ad4f4,PKHeX.Core/Resources/text/items/text_Items_ja.txt,PKHeX.Core/Resources/text/items/text_Items_ko.txt,PKHeX.Core/Resources/text/items/text_Items_en.txt
1652,ミツよせだま,꿀유인환,Honey Cake,kwsch/PKHeX,8ad201e80244f630ab5a46922ab72fb79c5ad4f4,PKHeX.Core/Resources/text/items/text_Items_ja.txt,PKHeX.Core/Resources/text/items/text_Items_ko.txt,PKHeX.Core/Resources/text/items/text_Items_en.txt
1653,イナホよせだま,이삭유인환,Grain Cake,kwsch/PKHeX,8ad201e80244f630ab5a46922ab72fb79c5ad4f4,PKHeX.Core/Resources/text/items/text_Items_ja.txt,PKHeX.Core/Resources/text/items/text_Items_ko.txt,PKHeX.Core/Resources/text/items/text_Items_en.txt
1654,マメよせだま,콩유인환,Bean Cake,kwsch/PKHeX,8ad201e80244f630ab5a46922ab72fb79c5ad4f4,PKHeX.Core/Resources/text/items/text_Items_ja.txt,PKHeX.Core/Resources/text/items/text_Items_ko.txt,PKHeX.Core/Resources/text/items/text_Items_en.txt
1655,ミネラルよせだま,미네랄유인환,Salt Cake,kwsch/PKHeX,8ad201e80244f630ab5a46922ab72fb79c5ad4f4,PKHeX.Core/Resources/text/items/text_Items_ja.txt,PKHeX.Core/Resources/text/items/text_Items_ko.txt,PKHeX.Core/Resources/text/items/text_Items_en.txt
1656,キズぐすり,상처약,Potion,kwsch/PKHeX,8ad201e80244f630ab5a46922ab72fb79c5ad4f4,PKHeX.Core/Resources/text/items/text_Items_ja.txt,PKHeX.Core/Resources/text/items/text_Items_ko.txt,PKHeX.Core/Resources/text/items/text_Items_en.txt
1657,いいキズぐすり,좋은상처약,Super Potion,kwsch/PKHeX,8ad201e80244f630ab5a46922ab72fb79c5ad4f4,PKHeX.Core/Resources/text/items/text_Items_ja.txt,PKHeX.Core/Resources/text/items/text_Items_ko.txt,PKHeX.Core/Resources/text/items/text_Items_en.txt
1658,すごいキズぐすり,고급상처약,Hyper Potion,kwsch/PKHeX,8ad201e80244f630ab5a46922ab72fb79c5ad4f4,PKHeX.Core/Resources/text/items/text_Items_ja.txt,PKHeX.Core/Resources/text/items/text_Items_ko.txt,PKHeX.Core/Resources/text/items/text_Items_en.txt
1659,まんたんのくすり,풀회복약,Max Potion,kwsch/PKHeX,8ad201e80244f630ab5a46922ab72fb79c5ad4f4,PKHeX.Core/Resources/text/items/text_Items_ja.txt,PKHeX.Core/Resources/text/items/text_Items_ko.txt,PKHeX.Core/Resources/text/items/text_Items_en.txt
1660,かいふくのくすり,회복약,Full Restore,kwsch/PKHeX,8ad201e80244f630ab5a46922ab72fb79c5ad4f4,PKHeX.Core/Resources/text/items/text_Items_ja.txt,PKHeX.Core/Resources/text/items/text_Items_ko.txt,PKHeX.Core/Resources/text/items/text_Items_en.txt
1661,カンポーやく,한방약,Remedy,kwsch/PKHeX,8ad201e80244f630ab5a46922ab72fb79c5ad4f4,PKHeX.Core/Resources/text/items/text_Items_ja.txt,PKHeX.Core/Resources/text/items/text_Items_ko.txt,PKHeX.Core/Resources/text/items/text_Items_en.txt
1662,いいカンポーやく,좋은한방약,Fine Remedy,kwsch/PKHeX,8ad201e80244f630ab5a46922ab72fb79c5ad4f4,PKHeX.Core/Resources/text/items/text_Items_ja.txt,PKHeX.Core/Resources/text/items/text_Items_ko.txt,PKHeX.Core/Resources/text/items/text_Items_en.txt
1663,すごいカンポーやく,고급한방약,Superb Remedy,kwsch/PKHeX,8ad201e80244f630ab5a46922ab72fb79c5ad4f4,PKHeX.Core/Resources/text/items/text_Items_ja.txt,PKHeX.Core/Resources/text/items/text_Items_ko.txt,PKHeX.Core/Resources/text/items/text_Items_en.txt
1664,もりのヨウカン,숲의양갱,Old Gateau,kwsch/PKHeX,8ad201e80244f630ab5a46922ab72fb79c5ad4f4,PKHeX.Core/Resources/text/items/text_Items_ja.txt,PKHeX.Core/Resources/text/items/text_Items_ko.txt,PKHeX.Core/Resources/text/items/text_Items_en.txt
1665,コトブキマフィン,축복머핀,Jubilife Muffin,kwsch/PKHeX,8ad201e80244f630ab5a46922ab72fb79c5ad4f4,PKHeX.Core/Resources/text/items/text_Items_ja.txt,PKHeX.Core/Resources/text/items/text_Items_ko.txt,PKHeX.Core/Resources/text/items/text_Items_en.txt
1666,なんでもなおし,만병통치제,Full Heal,kwsch/PKHeX,8ad201e80244f630ab5a46922ab72fb79c5ad4f4,PKHeX.Core/Resources/text/items/text_Items_ja.txt,PKHeX.Core/Resources/text/items/text_Items_ko.txt,PKHeX.Core/Resources/text/items/text_Items_en.txt
1667,げんきのかけら,기력의조각,Revive,kwsch/PKHeX,8ad201e80244f630ab5a46922ab72fb79c5ad4f4,PKHeX.Core/Resources/text/items/text_Items_ja.txt,PKHeX.Core/Resources/text/items/text_Items_ko.txt,PKHeX.Core/Resources/text/items/text_Items_en.txt
1668,げんきのかたまり,기력의덩어리,Max Revive,kwsch/PKHeX,8ad201e80244f630ab5a46922ab72fb79c5ad4f4,PKHeX.Core/Resources/text/items/text_Items_ja.txt,PKHeX.Core/Resources/text/items/text_Items_ko.txt,PKHeX.Core/Resources/text/items/text_Items_en.txt
1669,ピーピーリカバー,PP회복,Max Ether,kwsch/PKHeX,8ad201e80244f630ab5a46922ab72fb79c5ad4f4,PKHeX.Core/Resources/text/items/text_Items_ja.txt,PKHeX.Core/Resources/text/items/text_Items_ko.txt,PKHeX.Core/Resources/text/items/text_Items_en.txt
1670,ピーピーマックス,PP맥스,Max Elixir,kwsch/PKHeX,8ad201e80244f630ab5a46922ab72fb79c5ad4f4,PKHeX.Core/Resources/text/items/text_Items_ja.txt,PKHeX.Core/Resources/text/items/text_Items_ko.txt,PKHeX.Core/Resources/text/items/text_Items_en.txt
1671,ひそやかスプレー,살금살금스프레이,Stealth Spray,kwsch/PKHeX,8ad201e80244f630ab5a46922ab72fb79c5ad4f4,PKHeX.Core/Resources/text/items/text_Items_ja.txt,PKHeX.Core/Resources/text/items/text_Items_ko.txt,PKHeX.Core/Resources/text/items/text_Items_en.txt
1672,？？？,???,???,kwsch/PKHeX,8ad201e80244f630ab5a46922ab72fb79c5ad4f4,PKHeX.Core/Resources/text/items/text_Items_ja.txt,PKHeX.Core/Resources/text/items/text_Items_ko.txt,PKHeX.Core/Resources/text/items/text_Items_en.txt
1673,せめのがんやく,공격의환약,Aux Power,kwsch/PKHeX,8ad201e80244f630ab5a46922ab72fb79c5ad4f4,PKHeX.Core/Resources/text/items/text_Items_ja.txt,PKHeX.Core/Resources/text/items/text_Items_ko.txt,PKHeX.Core/Resources/text/items/text_Items_en.txt
1674,まもりのがんやく,방어의환약,Aux Guard,kwsch/PKHeX,8ad201e80244f630ab5a46922ab72fb79c5ad4f4,PKHeX.Core/Resources/text/items/text_Items_ja.txt,PKHeX.Core/Resources/text/items/text_Items_ko.txt,PKHeX.Core/Resources/text/items/text_Items_en.txt
1675,クリティカッター,크리티컬커터,Dire Hit,kwsch/PKHeX,8ad201e80244f630ab5a46922ab72fb79c5ad4f4,PKHeX.Core/Resources/text/items/text_Items_ja.txt,PKHeX.Core/Resources/text/items/text_Items_ko.txt,PKHeX.Core/Resources/text/items/text_Items_en.txt
1676,ヨクアタラーヌ,잘-안맞기,Aux Evasion,kwsch/PKHeX,8ad201e80244f630ab5a46922ab72fb79c5ad4f4,PKHeX.Core/Resources/text/items/text_Items_ja.txt,PKHeX.Core/Resources/text/items/text_Items_ko.txt,PKHeX.Core/Resources/text/items/text_Items_en.txt
1677,マルチアップ,멀티업,Aux Powerguard,kwsch/PKHeX,8ad201e80244f630ab5a46922ab72fb79c5ad4f4,PKHeX.Core/Resources/text/items/text_Items_ja.txt,PKHeX.Core/Resources/text/items/text_Items_ko.txt,PKHeX.Core/Resources/text/items/text_Items_en.txt
1678,もりのシズメダマ,숲의진정환,Forest Balm,kwsch/PKHeX,8ad201e80244f630ab5a46922ab72fb79c5ad4f4,PKHeX.Core/Resources/text/items/text_Items_ja.txt,PKHeX.Core/Resources/text/items/text_Items_ko.txt,PKHeX.Core/Resources/text/items/text_Items_en.txt
1679,てつのかけら,철조각,Iron Chunk,kwsch/PKHeX,8ad201e80244f630ab5a46922ab72fb79c5ad4f4,PKHeX.Core/Resources/text/items/text_Items_ja.txt,PKHeX.Core/Resources/text/items/text_Items_ko.txt,PKHeX.Core/Resources/text/items/text_Items_en.txt
1680,？？？,???,???,kwsch/PKHeX,8ad201e80244f630ab5a46922ab72fb79c5ad4f4,PKHeX.Core/Resources/text/items/text_Items_ja.txt,PKHeX.Core/Resources/text/items/text_Items_ko.txt,PKHeX.Core/Resources/text/items/text_Items_en.txt
1681,くろいろたまいし,검은옥돌,Black Tumblestone,kwsch/PKHeX,8ad201e80244f630ab5a46922ab72fb79c5ad4f4,PKHeX.Core/Resources/text/items/text_Items_ja.txt,PKHeX.Core/Resources/text/items/text_Items_ko.txt,PKHeX.Core/Resources/text/items/text_Items_en.txt
1682,そらいろたまいし,하늘색옥돌,Sky Tumblestone,kwsch/PKHeX,8ad201e80244f630ab5a46922ab72fb79c5ad4f4,PKHeX.Core/Resources/text/items/text_Items_ja.txt,PKHeX.Core/Resources/text/items/text_Items_ko.txt,PKHeX.Core/Resources/text/items/text_Items_en.txt
1683,？？？,???,???,kwsch/PKHeX,8ad201e80244f630ab5a46922ab72fb79c5ad4f4,PKHeX.Core/Resources/text/items/text_Items_ja.txt,PKHeX.Core/Resources/text/items/text_Items_ko.txt,PKHeX.Core/Resources/text/items/text_Items_en.txt
1684,どろだんご,진흙경단,Ball of Mud,kwsch/PKHeX,8ad201e80244f630ab5a46922ab72fb79c5ad4f4,PKHeX.Core/Resources/text/items/text_Items_ja.txt,PKHeX.Core/Resources/text/items/text_Items_ko.txt,PKHeX.Core/Resources/text/items/text_Items_en.txt
1685,？？？,???,???,kwsch/PKHeX,8ad201e80244f630ab5a46922ab72fb79c5ad4f4,PKHeX.Core/Resources/text/items/text_Items_ja.txt,PKHeX.Core/Resources/text/items/text_Items_ko.txt,PKHeX.Core/Resources/text/items/text_Items_en.txt
1686,バリバリモ,팡팡마리모,Pop Pod,kwsch/PKHeX,8ad201e80244f630ab5a46922ab72fb79c5ad4f4,PKHeX.Core/Resources/text/items/text_Items_ja.txt,PKHeX.Core/Resources/text/items/text_Items_ko.txt,PKHeX.Core/Resources/text/items/text_Items_en.txt
1687,ケムリイモ,연기토란,Sootfoot Root,kwsch/PKHeX,8ad201e80244f630ab5a46922ab72fb79c5ad4f4,PKHeX.Core/Resources/text/items/text_Items_ja.txt,PKHeX.Core/Resources/text/items/text_Items_ko.txt,PKHeX.Core/Resources/text/items/text_Items_en.txt
1688,むしくいぼんぐり,벌레먹은규토리,Spoiled Apricorn,kwsch/PKHeX,8ad201e80244f630ab5a46922ab72fb79c5ad4f4,PKHeX.Core/Resources/text/items/text_Items_ja.txt,PKHeX.Core/Resources/text/items/text_Items_ko.txt,PKHeX.Core/Resources/text/items/text_Items_en.txt
1689,ゆきだま,눈덩이,Snowball,kwsch/PKHeX,8ad201e80244f630ab5a46922ab72fb79c5ad4f4,PKHeX.Core/Resources/text/items/text_Items_ja.txt,PKHeX.Core/Resources/text/items/text_Items_ko.txt,PKHeX.Core/Resources/text/items/text_Items_en.txt
1690,ねばりだま,끈끈환,Sticky Glob,kwsch/PKHeX,8ad201e80244f630ab5a46922ab72fb79c5ad4f4,PKHeX.Core/Resources/text/items/text_Items_ja.txt,PKHeX.Core/Resources/text/items/text_Items_ko.txt,PKHeX.Core/Resources/text/items/text_Items_en.txt
1691,くろのきせき,검은휘석,Black Augurite,kwsch/PKHeX,8ad201e80244f630ab5a46922ab72fb79c5ad4f4,PKHeX.Core/Resources/text/items/text_Items_ja.txt,PKHeX.Core/Resources/text/items/text_Items_ko.txt,PKHeX.Core/Resources/text/items/text_Items_en.txt
1692,ピートブロック,피트블록,Peat Block,kwsch/PKHeX,8ad201e80244f630ab5a46922ab72fb79c5ad4f4,PKHeX.Core/Resources/text/items/text_Items_ja.txt,PKHeX.Core/Resources/text/items/text_Items_ko.txt,PKHeX.Core/Resources/text/items/text_Items_en.txt
1693,ひそやかスプレー,살금살금스프레이,Stealth Spray,kwsch/PKHeX,8ad201e80244f630ab5a46922ab72fb79c5ad4f4,PKHeX.Core/Resources/text/items/text_Items_ja.txt,PKHeX.Core/Resources/text/items/text_Items_ko.txt,PKHeX.Core/Resources/text/items/text_Items_en.txt
1694,クスリソウ,약초,Medicinal Leek,kwsch/PKHeX,8ad201e80244f630ab5a46922ab72fb79c5ad4f4,PKHeX.Core/Resources/text/items/text_Items_ja.txt,PKHeX.Core/Resources/text/items/text_Items_ko.txt,PKHeX.Core/Resources/text/items/text_Items_en.txt
1695,ゲンキノツボミ,기력의봉오리,Vivichoke,kwsch/PKHeX,8ad201e80244f630ab5a46922ab72fb79c5ad4f4,PKHeX.Core/Resources/text/items/text_Items_ja.txt,PKHeX.Core/Resources/text/items/text_Items_ko.txt,PKHeX.Core/Resources/text/items/text_Items_en.txt
1696,ピーピーグサ,PP풀,Pep-Up Plant,kwsch/PKHeX,8ad201e80244f630ab5a46922ab72fb79c5ad4f4,PKHeX.Core/Resources/text/items/text_Items_ja.txt,PKHeX.Core/Resources/text/items/text_Items_ko.txt,PKHeX.Core/Resources/text/items/text_Items_en.txt
1697,？？？,???,???,kwsch/PKHeX,8ad201e80244f630ab5a46922ab72fb79c5ad4f4,PKHeX.Core/Resources/text/items/text_Items_ja.txt,PKHeX.Core/Resources/text/items/text_Items_ko.txt,PKHeX.Core/Resources/text/items/text_Items_en.txt
1698,？？？,???,???,kwsch/PKHeX,8ad201e80244f630ab5a46922ab72fb79c5ad4f4,PKHeX.Core/Resources/text/items/text_Items_ja.txt,PKHeX.Core/Resources/text/items/text_Items_ko.txt,PKHeX.Core/Resources/text/items/text_Items_en.txt
1699,みがわりおまもり２,대타부적2,Tempting Charm B,kwsch/PKHeX,8ad201e80244f630ab5a46922ab72fb79c5ad4f4,PKHeX.Core/Resources/text/items/text_Items_ja.txt,PKHeX.Core/Resources/text/items/text_Items_ko.txt,PKHeX.Core/Resources/text/items/text_Items_en.txt
1700,みがわりおまもり３,대타부적3,Tempting Charm P,kwsch/PKHeX,8ad201e80244f630ab5a46922ab72fb79c5ad4f4,PKHeX.Core/Resources/text/items/text_Items_ja.txt,PKHeX.Core/Resources/text/items/text_Items_ko.txt,PKHeX.Core/Resources/text/items/text_Items_en.txt
1701,ツルギマイタケ,칼춤버섯,Swordcap,kwsch/PKHeX,8ad201e80244f630ab5a46922ab72fb79c5ad4f4,PKHeX.Core/Resources/text/items/text_Items_ja.txt,PKHeX.Core/Resources/text/items/text_Items_ko.txt,PKHeX.Core/Resources/text/items/text_Items_en.txt
1702,テッペキクラゲ,철벽버섯,Iron Barktongue,kwsch/PKHeX,8ad201e80244f630ab5a46922ab72fb79c5ad4f4,PKHeX.Core/Resources/text/items/text_Items_ja.txt,PKHeX.Core/Resources/text/items/text_Items_ko.txt,PKHeX.Core/Resources/text/items/text_Items_en.txt
1703,カゲブンシメジ,그림자분신버섯,Doppel Bonnets,kwsch/PKHeX,8ad201e80244f630ab5a46922ab72fb79c5ad4f4,PKHeX.Core/Resources/text/items/text_Items_ja.txt,PKHeX.Core/Resources/text/items/text_Items_ko.txt,PKHeX.Core/Resources/text/items/text_Items_en.txt
1704,キュウショウロ,급소버섯,Direshroom,kwsch/PKHeX,8ad201e80244f630ab5a46922ab72fb79c5ad4f4,PKHeX.Core/Resources/text/items/text_Items_ja.txt,PKHeX.Core/Resources/text/items/text_Items_ko.txt,PKHeX.Core/Resources/text/items/text_Items_en.txt
1705,スナハマダイコン,모래해변무,Sand Radish,kwsch/PKHeX,8ad201e80244f630ab5a46922ab72fb79c5ad4f4,PKHeX.Core/Resources/text/items/text_Items_ja.txt,PKHeX.Core/Resources/text/items/text_Items_ko.txt,PKHeX.Core/Resources/text/items/text_Items_en.txt
1706,みがわりおまもり４,대타부적4,Tempting Charm T,kwsch/PKHeX,8ad201e80244f630ab5a46922ab72fb79c5ad4f4,PKHeX.Core/Resources/text/items/text_Items_ja.txt,PKHeX.Core/Resources/text/items/text_Items_ko.txt,PKHeX.Core/Resources/text/items/text_Items_en.txt
1707,みがわりおまもり５,대타부적5,Tempting Charm Y,kwsch/PKHeX,8ad201e80244f630ab5a46922ab72fb79c5ad4f4,PKHeX.Core/Resources/text/items/text_Items_ja.txt,PKHeX.Core/Resources/text/items/text_Items_ko.txt,PKHeX.Core/Resources/text/items/text_Items_en.txt
1708,スイートトリュフ,스위트러플,Candy Truffle,kwsch/PKHeX,8ad201e80244f630ab5a46922ab72fb79c5ad4f4,PKHeX.Core/Resources/text/items/text_Items_ja.txt,PKHeX.Core/Resources/text/items/text_Items_ko.txt,PKHeX.Core/Resources/text/items/text_Items_en.txt
1709,よせだまのもと,유인환반죽,Cake-Lure Base,kwsch/PKHeX,8ad201e80244f630ab5a46922ab72fb79c5ad4f4,PKHeX.Core/Resources/text/items/text_Items_ja.txt,PKHeX.Core/Resources/text/items/text_Items_ko.txt,PKHeX.Core/Resources/text/items/text_Items_en.txt
1710,モンスターボール,몬스터볼,Poké Ball,kwsch/PKHeX,8ad201e80244f630ab5a46922ab72fb79c5ad4f4,PKHeX.Core/Resources/text/items/text_Items_ja.txt,PKHeX.Core/Resources/text/items/text_Items_ko.txt,PKHeX.Core/Resources/text/items/text_Items_en.txt
1711,スーパーボール,슈퍼볼,Great Ball,kwsch/PKHeX,8ad201e80244f630ab5a46922ab72fb79c5ad4f4,PKHeX.Core/Resources/text/items/text_Items_ja.txt,PKHeX.Core/Resources/text/items/text_Items_ko.txt,PKHeX.Core/Resources/text/items/text_Items_en.txt
1712,ハイパーボール,하이퍼볼,Ultra Ball,kwsch/PKHeX,8ad201e80244f630ab5a46922ab72fb79c5ad4f4,PKHeX.Core/Resources/text/items/text_Items_ja.txt,PKHeX.Core/Resources/text/items/text_Items_ko.txt,PKHeX.Core/Resources/text/items/text_Items_en.txt
1713,フェザーボール,페더볼,Feather Ball,kwsch/PKHeX,8ad201e80244f630ab5a46922ab72fb79c5ad4f4,PKHeX.Core/Resources/text/items/text_Items_ja.txt,PKHeX.Core/Resources/text/items/text_Items_ko.txt,PKHeX.Core/Resources/text/items/text_Items_en.txt
1714,？？？,???,???,kwsch/PKHeX,8ad201e80244f630ab5a46922ab72fb79c5ad4f4,PKHeX.Core/Resources/text/items/text_Items_ja.txt,PKHeX.Core/Resources/text/items/text_Items_ko.txt,PKHeX.Core/Resources/text/items/text_Items_en.txt
1715,？？？,???,???,kwsch/PKHeX,8ad201e80244f630ab5a46922ab72fb79c5ad4f4,PKHeX.Core/Resources/text/items/text_Items_ja.txt,PKHeX.Core/Resources/text/items/text_Items_ko.txt,PKHeX.Core/Resources/text/items/text_Items_en.txt
1716,ばりばりだま,팡팡환,Scatter Bang,kwsch/PKHeX,8ad201e80244f630ab5a46922ab72fb79c5ad4f4,PKHeX.Core/Resources/text/items/text_Items_ja.txt,PKHeX.Core/Resources/text/items/text_Items_ko.txt,PKHeX.Core/Resources/text/items/text_Items_en.txt
1717,めかくしだま,눈속임환,Smoke Bomb,kwsch/PKHeX,8ad201e80244f630ab5a46922ab72fb79c5ad4f4,PKHeX.Core/Resources/text/items/text_Items_ja.txt,PKHeX.Core/Resources/text/items/text_Items_ko.txt,PKHeX.Core/Resources/text/items/text_Items_en.txt
1718,？？？,???,???,kwsch/PKHeX,8ad201e80244f630ab5a46922ab72fb79c5ad4f4,PKHeX.Core/Resources/text/items/text_Items_ja.txt,PKHeX.Core/Resources/text/items/text_Items_ko.txt,PKHeX.Core/Resources/text/items/text_Items_en.txt
1719,？？？,???,???,kwsch/PKHeX,8ad201e80244f630ab5a46922ab72fb79c5ad4f4,PKHeX.Core/Resources/text/items/text_Items_ja.txt,PKHeX.Core/Resources/text/items/text_Items_ko.txt,PKHeX.Core/Resources/text/items/text_Items_en.txt
1720,ポケモンこけし,포켓몬목각인형,Pokéshi Doll,kwsch/PKHeX,8ad201e80244f630ab5a46922ab72fb79c5ad4f4,PKHeX.Core/Resources/text/items/text_Items_ja.txt,PKHeX.Core/Resources/text/items/text_Items_ko.txt,PKHeX.Core/Resources/text/items/text_Items_en.txt
1721,かざんのシズメダマ,화산의진정환,Volcano Balm,kwsch/PKHeX,8ad201e80244f630ab5a46922ab72fb79c5ad4f4,PKHeX.Core/Resources/text/items/text_Items_ja.txt,PKHeX.Core/Resources/text/items/text_Items_ko.txt,PKHeX.Core/Resources/text/items/text_Items_en.txt
1722,やまのシズメダマ,산의진정환,Mountain Balm,kwsch/PKHeX,8ad201e80244f630ab5a46922ab72fb79c5ad4f4,PKHeX.Core/Resources/text/items/text_Items_ja.txt,PKHeX.Core/Resources/text/items/text_Items_ko.txt,PKHeX.Core/Resources/text/items/text_Items_en.txt
1723,ゆきのシズメダマ,눈의진정환,Snow Balm,kwsch/PKHeX,8ad201e80244f630ab5a46922ab72fb79c5ad4f4,PKHeX.Core/Resources/text/items/text_Items_ja.txt,PKHeX.Core/Resources/text/items/text_Items_ko.txt,PKHeX.Core/Resources/text/items/text_Items_en.txt
1724,ミツよせだま,꿀유인환,Honey Cake,kwsch/PKHeX,8ad201e80244f630ab5a46922ab72fb79c5ad4f4,PKHeX.Core/Resources/text/items/text_Items_ja.txt,PKHeX.Core/Resources/text/items/text_Items_ko.txt,PKHeX.Core/Resources/text/items/text_Items_en.txt
1725,イナホよせだま,이삭유인환,Grain Cake,kwsch/PKHeX,8ad201e80244f630ab5a46922ab72fb79c5ad4f4,PKHeX.Core/Resources/text/items/text_Items_ja.txt,PKHeX.Core/Resources/text/items/text_Items_ko.txt,PKHeX.Core/Resources/text/items/text_Items_en.txt
1726,マメよせだま,콩유인환,Bean Cake,kwsch/PKHeX,8ad201e80244f630ab5a46922ab72fb79c5ad4f4,PKHeX.Core/Resources/text/items/text_Items_ja.txt,PKHeX.Core/Resources/text/items/text_Items_ko.txt,PKHeX.Core/Resources/text/items/text_Items_en.txt
1727,キノコよせだま,버섯유인환,Mushroom Cake,kwsch/PKHeX,8ad201e80244f630ab5a46922ab72fb79c5ad4f4,PKHeX.Core/Resources/text/items/text_Items_ja.txt,PKHeX.Core/Resources/text/items/text_Items_ko.txt,PKHeX.Core/Resources/text/items/text_Items_en.txt
1728,ミネラルよせだま,미네랄유인환,Salt Cake,kwsch/PKHeX,8ad201e80244f630ab5a46922ab72fb79c5ad4f4,PKHeX.Core/Resources/text/items/text_Items_ja.txt,PKHeX.Core/Resources/text/items/text_Items_ko.txt,PKHeX.Core/Resources/text/items/text_Items_en.txt
1729,あべこべやき,뒤바뀜구이,Swap Snack,kwsch/PKHeX,8ad201e80244f630ab5a46922ab72fb79c5ad4f4,PKHeX.Core/Resources/text/items/text_Items_ja.txt,PKHeX.Core/Resources/text/items/text_Items_ko.txt,PKHeX.Core/Resources/text/items/text_Items_en.txt
1730,こだわりちまき,구애잎사귀떡,Choice Dumpling,kwsch/PKHeX,8ad201e80244f630ab5a46922ab72fb79c5ad4f4,PKHeX.Core/Resources/text/items/text_Items_ja.txt,PKHeX.Core/Resources/text/items/text_Items_ko.txt,PKHeX.Core/Resources/text/items/text_Items_en.txt
1731,にばいづけ,두배절임,Twice-Spiced Radish,kwsch/PKHeX,8ad201e80244f630ab5a46922ab72fb79c5ad4f4,PKHeX.Core/Resources/text/items/text_Items_ja.txt,PKHeX.Core/Resources/text/items/text_Items_ko.txt,PKHeX.Core/Resources/text/items/text_Items_en.txt
1732,あんぜんおまもり１,안전부적1,Survival Charm R,kwsch/PKHeX,8ad201e80244f630ab5a46922ab72fb79c5ad4f4,PKHeX.Core/Resources/text/items/text_Items_ja.txt,PKHeX.Core/Resources/text/items/text_Items_ko.txt,PKHeX.Core/Resources/text/items/text_Items_en.txt
1733,あんぜんおまもり２,안전부적2,Survival Charm B,kwsch/PKHeX,8ad201e80244f630ab5a46922ab72fb79c5ad4f4,PKHeX.Core/Resources/text/items/text_Items_ja.txt,PKHeX.Core/Resources/text/items/text_Items_ko.txt,PKHeX.Core/Resources/text/items/text_Items_en.txt
1734,あんぜんおまもり３,안전부적3,Survival Charm P,kwsch/PKHeX,8ad201e80244f630ab5a46922ab72fb79c5ad4f4,PKHeX.Core/Resources/text/items/text_Items_ja.txt,PKHeX.Core/Resources/text/items/text_Items_ko.txt,PKHeX.Core/Resources/text/items/text_Items_en.txt
1735,あんぜんおまもり４,안전부적4,Survival Charm T,kwsch/PKHeX,8ad201e80244f630ab5a46922ab72fb79c5ad4f4,PKHeX.Core/Resources/text/items/text_Items_ja.txt,PKHeX.Core/Resources/text/items/text_Items_ko.txt,PKHeX.Core/Resources/text/items/text_Items_en.txt
1736,あんぜんおまもり５,안전부적5,Survival Charm Y,kwsch/PKHeX,8ad201e80244f630ab5a46922ab72fb79c5ad4f4,PKHeX.Core/Resources/text/items/text_Items_ja.txt,PKHeX.Core/Resources/text/items/text_Items_ko.txt,PKHeX.Core/Resources/text/items/text_Items_en.txt
1737,やぶれたにっき,찢어진일기,Torn Journal,kwsch/PKHeX,8ad201e80244f630ab5a46922ab72fb79c5ad4f4,PKHeX.Core/Resources/text/items/text_Items_ja.txt,PKHeX.Core/Resources/text/items/text_Items_ko.txt,PKHeX.Core/Resources/text/items/text_Items_en.txt
1738,けんこうおまもり１,건강부적1,Warding Charm R,kwsch/PKHeX,8ad201e80244f630ab5a46922ab72fb79c5ad4f4,PKHeX.Core/Resources/text/items/text_Items_ja.txt,PKHeX.Core/Resources/text/items/text_Items_ko.txt,PKHeX.Core/Resources/text/items/text_Items_en.txt
1739,けんこうおまもり２,건강부적2,Warding Charm B,kwsch/PKHeX,8ad201e80244f630ab5a46922ab72fb79c5ad4f4,PKHeX.Core/Resources/text/items/text_Items_ja.txt,PKHeX.Core/Resources/text/items/text_Items_ko.txt,PKHeX.Core/Resources/text/items/text_Items_en.txt
1740,けんこうおまもり３,건강부적3,Warding Charm P,kwsch/PKHeX,8ad201e80244f630ab5a46922ab72fb79c5ad4f4,PKHeX.Core/Resources/text/items/text_Items_ja.txt,PKHeX.Core/Resources/text/items/text_Items_ko.txt,PKHeX.Core/Resources/text/items/text_Items_en.txt
1741,けんこうおまもり４,건강부적4,Warding Charm T,kwsch/PKHeX,8ad201e80244f630ab5a46922ab72fb79c5ad4f4,PKHeX.Core/Resources/text/items/text_Items_ja.txt,PKHeX.Core/Resources/text/items/text_Items_ko.txt,PKHeX.Core/Resources/text/items/text_Items_en.txt
1742,けんこうおまもり５,건강부적5,Warding Charm Y,kwsch/PKHeX,8ad201e80244f630ab5a46922ab72fb79c5ad4f4,PKHeX.Core/Resources/text/items/text_Items_ja.txt,PKHeX.Core/Resources/text/items/text_Items_ko.txt,PKHeX.Core/Resources/text/items/text_Items_en.txt
1743,せきばんのかけら,석판조각,Wall Fragment,kwsch/PKHeX,8ad201e80244f630ab5a46922ab72fb79c5ad4f4,PKHeX.Core/Resources/text/items/text_Items_ja.txt,PKHeX.Core/Resources/text/items/text_Items_ko.txt,PKHeX.Core/Resources/text/items/text_Items_en.txt
1744,イダイトウだんご,대쓰여너경단,Basculegion Food,kwsch/PKHeX,8ad201e80244f630ab5a46922ab72fb79c5ad4f4,PKHeX.Core/Resources/text/items/text_Items_ja.txt,PKHeX.Core/Resources/text/items/text_Items_ko.txt,PKHeX.Core/Resources/text/items/text_Items_en.txt
1745,ふるいにっき,낡은일기,Old Journal,kwsch/PKHeX,8ad201e80244f630ab5a46922ab72fb79c5ad4f4,PKHeX.Core/Resources/text/items/text_Items_ja.txt,PKHeX.Core/Resources/text/items/text_Items_ko.txt,PKHeX.Core/Resources/text/items/text_Items_en.txt
1746,ウイングボール,윙볼,Wing Ball,kwsch/PKHeX,8ad201e80244f630ab5a46922ab72fb79c5ad4f4,PKHeX.Core/Resources/text/items/text_Items_ja.txt,PKHeX.Core/Resources/text/items/text_Items_ko.txt,PKHeX.Core/Resources/text/items/text_Items_en.txt
1747,ジェットボール,제트볼,Jet Ball,kwsch/PKHeX,8ad201e80244f630ab5a46922ab72fb79c5ad4f4,PKHeX.Core/Resources/text/items/text_Items_ja.txt,PKHeX.Core/Resources/text/items/text_Items_ko.txt,PKHeX.Core/Resources/text/items/text_Items_en.txt
1748,ヘビーボール,헤비볼,Heavy Ball,kwsch/PKHeX,8ad201e80244f630ab5a46922ab72fb79c5ad4f4,PKHeX.Core/Resources/text/items/text_Items_ja.txt,PKHeX.Core/Resources/text/items/text_Items_ko.txt,PKHeX.Core/Resources/text/items/text_Items_en.txt
1749,メガトンボール,메가톤볼,Leaden Ball,kwsch/PKHeX,8ad201e80244f630ab5a46922ab72fb79c5ad4f4,PKHeX.Core/Resources/text/items/text_Items_ja.txt,PKHeX.Core/Resources/text/items/text_Items_ko.txt,PKHeX.Core/Resources/text/items/text_Items_en.txt
1750,ギガトンボール,기가톤볼,Gigaton Ball,kwsch/PKHeX,8ad201e80244f630ab5a46922ab72fb79c5ad4f4,PKHeX.Core/Resources/text/items/text_Items_ja.txt,PKHeX.Core/Resources/text/items/text_Items_ko.txt,PKHeX.Core/Resources/text/items/text_Items_en.txt
1751,ウイングボール,윙볼,Wing Ball,kwsch/PKHeX,8ad201e80244f630ab5a46922ab72fb79c5ad4f4,PKHeX.Core/Resources/text/items/text_Items_ja.txt,PKHeX.Core/Resources/text/items/text_Items_ko.txt,PKHeX.Core/Resources/text/items/text_Items_en.txt
1752,ジェットボール,제트볼,Jet Ball,kwsch/PKHeX,8ad201e80244f630ab5a46922ab72fb79c5ad4f4,PKHeX.Core/Resources/text/items/text_Items_ja.txt,PKHeX.Core/Resources/text/items/text_Items_ko.txt,PKHeX.Core/Resources/text/items/text_Items_en.txt
1753,ヘビーボール,헤비볼,Heavy Ball,kwsch/PKHeX,8ad201e80244f630ab5a46922ab72fb79c5ad4f4,PKHeX.Core/Resources/text/items/text_Items_ja.txt,PKHeX.Core/Resources/text/items/text_Items_ko.txt,PKHeX.Core/Resources/text/items/text_Items_en.txt
1754,ポフのみ,포흐열매,Hopo Berry,kwsch/PKHeX,8ad201e80244f630ab5a46922ab72fb79c5ad4f4,PKHeX.Core/Resources/text/items/text_Items_ja.txt,PKHeX.Core/Resources/text/items/text_Items_ko.txt,PKHeX.Core/Resources/text/items/text_Items_en.txt
1755,すごいカンポーやく,고급한방약,Superb Remedy,kwsch/PKHeX,8ad201e80244f630ab5a46922ab72fb79c5ad4f4,PKHeX.Core/Resources/text/items/text_Items_ja.txt,PKHeX.Core/Resources/text/items/text_Items_ko.txt,PKHeX.Core/Resources/text/items/text_Items_en.txt
1756,せめのがんやく,공격의환약,Aux Power,kwsch/PKHeX,8ad201e80244f630ab5a46922ab72fb79c5ad4f4,PKHeX.Core/Resources/text/items/text_Items_ja.txt,PKHeX.Core/Resources/text/items/text_Items_ko.txt,PKHeX.Core/Resources/text/items/text_Items_en.txt
1757,まもりのがんやく,방어의환약,Aux Guard,kwsch/PKHeX,8ad201e80244f630ab5a46922ab72fb79c5ad4f4,PKHeX.Core/Resources/text/items/text_Items_ja.txt,PKHeX.Core/Resources/text/items/text_Items_ko.txt,PKHeX.Core/Resources/text/items/text_Items_en.txt
1758,ヨクアタラーヌ,잘-안맞기,Aux Evasion,kwsch/PKHeX,8ad201e80244f630ab5a46922ab72fb79c5ad4f4,PKHeX.Core/Resources/text/items/text_Items_ja.txt,PKHeX.Core/Resources/text/items/text_Items_ko.txt,PKHeX.Core/Resources/text/items/text_Items_en.txt
1759,ガンバリのすな,노력의모래,Grit Dust,kwsch/PKHeX,8ad201e80244f630ab5a46922ab72fb79c5ad4f4,PKHeX.Core/Resources/text/items/text_Items_ja.txt,PKHeX.Core/Resources/text/items/text_Items_ko.txt,PKHeX.Core/Resources/text/items/text_Items_en.txt
1760,ガンバリのじゃり,노력의자갈,Grit Gravel,kwsch/PKHeX,8ad201e80244f630ab5a46922ab72fb79c5ad4f4,PKHeX.Core/Resources/text/items/text_Items_ja.txt,PKHeX.Core/Resources/text/items/text_Items_ko.txt,PKHeX.Core/Resources/text/items/text_Items_en.txt
1761,ガンバリのいし,노력의돌,Grit Pebble,kwsch/PKHeX,8ad201e80244f630ab5a46922ab72fb79c5ad4f4,PKHeX.Core/Resources/text/items/text_Items_ja.txt,PKHeX.Core/Resources/text/items/text_Items_ko.txt,PKHeX.Core/Resources/text/items/text_Items_en.txt
1762,ガンバリのいわ,노력의바위,Grit Rock,kwsch/PKHeX,8ad201e80244f630ab5a46922ab72fb79c5ad4f4,PKHeX.Core/Resources/text/items/text_Items_ja.txt,PKHeX.Core/Resources/text/items/text_Items_ko.txt,PKHeX.Core/Resources/text/items/text_Items_en.txt
1763,ひでんのくすり,비전신약,Secret Medicine,kwsch/PKHeX,8ad201e80244f630ab5a46922ab72fb79c5ad4f4,PKHeX.Core/Resources/text/items/text_Items_ja.txt,PKHeX.Core/Resources/text/items/text_Items_ko.txt,PKHeX.Core/Resources/text/items/text_Items_en.txt
1764,みがわりおまもり１,대타부적1,Tempting Charm R,kwsch/PKHeX,8ad201e80244f630ab5a46922ab72fb79c5ad4f4,PKHeX.Core/Resources/text/items/text_Items_ja.txt,PKHeX.Core/Resources/text/items/text_Items_ko.txt,PKHeX.Core/Resources/text/items/text_Items_en.txt
1765,だれかのおとしもの,누군가의분실물,Lost Satchel,kwsch/PKHeX,8ad201e80244f630ab5a46922ab72fb79c5ad4f4,PKHeX.Core/Resources/text/items/text_Items_ja.txt,PKHeX.Core/Resources/text/items/text_Items_ko.txt,PKHeX.Core/Resources/text/items/text_Items_en.txt
1766,だれかのおとしもの,누군가의분실물,Lost Satchel,kwsch/PKHeX,8ad201e80244f630ab5a46922ab72fb79c5ad4f4,PKHeX.Core/Resources/text/items/text_Items_ja.txt,PKHeX.Core/Resources/text/items/text_Items_ko.txt,PKHeX.Core/Resources/text/items/text_Items_en.txt
1767,だれかのおとしもの,누군가의분실물,Lost Satchel,kwsch/PKHeX,8ad201e80244f630ab5a46922ab72fb79c5ad4f4,PKHeX.Core/Resources/text/items/text_Items_ja.txt,PKHeX.Core/Resources/text/items/text_Items_ko.txt,PKHeX.Core/Resources/text/items/text_Items_en.txt
1768,だれかのおとしもの,누군가의분실물,Lost Satchel,kwsch/PKHeX,8ad201e80244f630ab5a46922ab72fb79c5ad4f4,PKHeX.Core/Resources/text/items/text_Items_ja.txt,PKHeX.Core/Resources/text/items/text_Items_ko.txt,PKHeX.Core/Resources/text/items/text_Items_en.txt
1769,だれかのおとしもの,누군가의분실물,Lost Satchel,kwsch/PKHeX,8ad201e80244f630ab5a46922ab72fb79c5ad4f4,PKHeX.Core/Resources/text/items/text_Items_ja.txt,PKHeX.Core/Resources/text/items/text_Items_ko.txt,PKHeX.Core/Resources/text/items/text_Items_en.txt
1770,？？？,???,???,kwsch/PKHeX,8ad201e80244f630ab5a46922ab72fb79c5ad4f4,PKHeX.Core/Resources/text/items/text_Items_ja.txt,PKHeX.Core/Resources/text/items/text_Items_ko.txt,PKHeX.Core/Resources/text/items/text_Items_en.txt
1771,オリジンボール,오리진볼,Origin Ball,kwsch/PKHeX,8ad201e80244f630ab5a46922ab72fb79c5ad4f4,PKHeX.Core/Resources/text/items/text_Items_ja.txt,PKHeX.Core/Resources/text/items/text_Items_ko.txt,PKHeX.Core/Resources/text/items/text_Items_en.txt
1772,？？？,???,???,kwsch/PKHeX,8ad201e80244f630ab5a46922ab72fb79c5ad4f4,PKHeX.Core/Resources/text/items/text_Items_ja.txt,PKHeX.Core/Resources/text/items/text_Items_ko.txt,PKHeX.Core/Resources/text/items/text_Items_en.txt
1773,？？？,???,???,kwsch/PKHeX,8ad201e80244f630ab5a46922ab72fb79c5ad4f4,PKHeX.Core/Resources/text/items/text_Items_ja.txt,PKHeX.Core/Resources/text/items/text_Items_ko.txt,PKHeX.Core/Resources/text/items/text_Items_en.txt
1774,？？？,???,???,kwsch/PKHeX,8ad201e80244f630ab5a46922ab72fb79c5ad4f4,PKHeX.Core/Resources/text/items/text_Items_ja.txt,PKHeX.Core/Resources/text/items/text_Items_ko.txt,PKHeX.Core/Resources/text/items/text_Items_en.txt
1775,？？？,???,???,kwsch/PKHeX,8ad201e80244f630ab5a46922ab72fb79c5ad4f4,PKHeX.Core/Resources/text/items/text_Items_ja.txt,PKHeX.Core/Resources/text/items/text_Items_ko.txt,PKHeX.Core/Resources/text/items/text_Items_en.txt
1776,オリジンこうせき,오리진광석,Origin Ore,kwsch/PKHeX,8ad201e80244f630ab5a46922ab72fb79c5ad4f4,PKHeX.Core/Resources/text/items/text_Items_ja.txt,PKHeX.Core/Resources/text/items/text_Items_ko.txt,PKHeX.Core/Resources/text/items/text_Items_en.txt
1777,だいこんごうだま,큰금강옥,Adamant Crystal,kwsch/PKHeX,8ad201e80244f630ab5a46922ab72fb79c5ad4f4,PKHeX.Core/Resources/text/items/text_Items_ja.txt,PKHeX.Core/Resources/text/items/text_Items_ko.txt,PKHeX.Core/Resources/text/items/text_Items_en.txt
1778,だいしらたま,큰백옥,Lustrous Globe,kwsch/PKHeX,8ad201e80244f630ab5a46922ab72fb79c5ad4f4,PKHeX.Core/Resources/text/items/text_Items_ja.txt,PKHeX.Core/Resources/text/items/text_Items_ko.txt,PKHeX.Core/Resources/text/items/text_Items_en.txt
1779,だいはっきんだま,큰백금옥,Griseous Core,kwsch/PKHeX,8ad201e80244f630ab5a46922ab72fb79c5ad4f4,PKHeX.Core/Resources/text/items/text_Items_ja.txt,PKHeX.Core/Resources/text/items/text_Items_ko.txt,PKHeX.Core/Resources/text/items/text_Items_en.txt
1780,まっさらプレート,순백플레이트,Blank Plate,kwsch/PKHeX,8ad201e80244f630ab5a46922ab72fb79c5ad4f4,PKHeX.Core/Resources/text/items/text_Items_ja.txt,PKHeX.Core/Resources/text/items/text_Items_ko.txt,PKHeX.Core/Resources/text/items/text_Items_en.txt
1781,？？？,???,???,kwsch/PKHeX,8ad201e80244f630ab5a46922ab72fb79c5ad4f4,PKHeX.Core/Resources/text/items/text_Items_ja.txt,PKHeX.Core/Resources/text/items/text_Items_ko.txt,PKHeX.Core/Resources/text/items/text_Items_en.txt
1782,クラフトキット,공작키트,Crafting Kit,kwsch/PKHeX,8ad201e80244f630ab5a46922ab72fb79c5ad4f4,PKHeX.Core/Resources/text/items/text_Items_ja.txt,PKHeX.Core/Resources/text/items/text_Items_ko.txt,PKHeX.Core/Resources/text/items/text_Items_en.txt
1783,メガトンボール,메가톤볼,Leaden Ball,kwsch/PKHeX,8ad201e80244f630ab5a46922ab72fb79c5ad4f4,PKHeX.Core/Resources/text/items/text_Items_ja.txt,PKHeX.Core/Resources/text/items/text_Items_ko.txt,PKHeX.Core/Resources/text/items/text_Items_en.txt
1784,ギガトンボール,기가톤볼,Gigaton Ball,kwsch/PKHeX,8ad201e80244f630ab5a46922ab72fb79c5ad4f4,PKHeX.Core/Resources/text/items/text_Items_ja.txt,PKHeX.Core/Resources/text/items/text_Items_ko.txt,PKHeX.Core/Resources/text/items/text_Items_en.txt
1785,ストレンジボール,스트레인지볼,Strange Ball,kwsch/PKHeX,8ad201e80244f630ab5a46922ab72fb79c5ad4f4,PKHeX.Core/Resources/text/items/text_Items_ja.txt,PKHeX.Core/Resources/text/items/text_Items_ko.txt,PKHeX.Core/Resources/text/items/text_Items_en.txt
1786,ポケモンずかん,포켓몬 도감,Pokédex,kwsch/PKHeX,8ad201e80244f630ab5a46922ab72fb79c5ad4f4,PKHeX.Core/Resources/text/items/text_Items_ja.txt,PKHeX.Core/Resources/text/items/text_Items_ko.txt,PKHeX.Core/Resources/text/items/text_Items_en.txt
1787,ふるいポエム１,오래된 시1,Old Verse 1,kwsch/PKHeX,8ad201e80244f630ab5a46922ab72fb79c5ad4f4,PKHeX.Core/Resources/text/items/text_Items_ja.txt,PKHeX.Core/Resources/text/items/text_Items_ko.txt,PKHeX.Core/Resources/text/items/text_Items_en.txt
1788,ふるいポエム２,오래된 시2,Old Verse 2,kwsch/PKHeX,8ad201e80244f630ab5a46922ab72fb79c5ad4f4,PKHeX.Core/Resources/text/items/text_Items_ja.txt,PKHeX.Core/Resources/text/items/text_Items_ko.txt,PKHeX.Core/Resources/text/items/text_Items_en.txt
1789,ふるいポエム３,오래된 시3,Old Verse 3,kwsch/PKHeX,8ad201e80244f630ab5a46922ab72fb79c5ad4f4,PKHeX.Core/Resources/text/items/text_Items_ja.txt,PKHeX.Core/Resources/text/items/text_Items_ko.txt,PKHeX.Core/Resources/text/items/text_Items_en.txt
1790,ふるいポエム４,오래된 시4,Old Verse 4,kwsch/PKHeX,8ad201e80244f630ab5a46922ab72fb79c5ad4f4,PKHeX.Core/Resources/text/items/text_Items_ja.txt,PKHeX.Core/Resources/text/items/text_Items_ko.txt,PKHeX.Core/Resources/text/items/text_Items_en.txt
1791,？？？,???,???,kwsch/PKHeX,8ad201e80244f630ab5a46922ab72fb79c5ad4f4,PKHeX.Core/Resources/text/items/text_Items_ja.txt,PKHeX.Core/Resources/text/items/text_Items_ko.txt,PKHeX.Core/Resources/text/items/text_Items_en.txt
1792,ふるいポエム５,오래된 시5,Old Verse 5,kwsch/PKHeX,8ad201e80244f630ab5a46922ab72fb79c5ad4f4,PKHeX.Core/Resources/text/items/text_Items_ja.txt,PKHeX.Core/Resources/text/items/text_Items_ko.txt,PKHeX.Core/Resources/text/items/text_Items_en.txt
1793,ふるいポエム６,오래된 시6,Old Verse 6,kwsch/PKHeX,8ad201e80244f630ab5a46922ab72fb79c5ad4f4,PKHeX.Core/Resources/text/items/text_Items_ja.txt,PKHeX.Core/Resources/text/items/text_Items_ko.txt,PKHeX.Core/Resources/text/items/text_Items_en.txt
1794,ふるいポエム７,오래된 시7,Old Verse 7,kwsch/PKHeX,8ad201e80244f630ab5a46922ab72fb79c5ad4f4,PKHeX.Core/Resources/text/items/text_Items_ja.txt,PKHeX.Core/Resources/text/items/text_Items_ko.txt,PKHeX.Core/Resources/text/items/text_Items_en.txt
1795,ふるいポエム８,오래된 시8,Old Verse 8,kwsch/PKHeX,8ad201e80244f630ab5a46922ab72fb79c5ad4f4,PKHeX.Core/Resources/text/items/text_Items_ja.txt,PKHeX.Core/Resources/text/items/text_Items_ko.txt,PKHeX.Core/Resources/text/items/text_Items_en.txt
1796,ふるいポエム９,오래된 시9,Old Verse 9,kwsch/PKHeX,8ad201e80244f630ab5a46922ab72fb79c5ad4f4,PKHeX.Core/Resources/text/items/text_Items_ja.txt,PKHeX.Core/Resources/text/items/text_Items_ko.txt,PKHeX.Core/Resources/text/items/text_Items_en.txt
1797,ふるいポエム１０,오래된 시10,Old Verse 10,kwsch/PKHeX,8ad201e80244f630ab5a46922ab72fb79c5ad4f4,PKHeX.Core/Resources/text/items/text_Items_ja.txt,PKHeX.Core/Resources/text/items/text_Items_ko.txt,PKHeX.Core/Resources/text/items/text_Items_en.txt
1798,ふるいポエム１１,오래된 시11,Old Verse 11,kwsch/PKHeX,8ad201e80244f630ab5a46922ab72fb79c5ad4f4,PKHeX.Core/Resources/text/items/text_Items_ja.txt,PKHeX.Core/Resources/text/items/text_Items_ko.txt,PKHeX.Core/Resources/text/items/text_Items_en.txt
1799,ふるいポエム１２,오래된 시12,Old Verse 12,kwsch/PKHeX,8ad201e80244f630ab5a46922ab72fb79c5ad4f4,PKHeX.Core/Resources/text/items/text_Items_ja.txt,PKHeX.Core/Resources/text/items/text_Items_ko.txt,PKHeX.Core/Resources/text/items/text_Items_en.txt
1800,ふるいポエム１３,오래된 시13,Old Verse 13,kwsch/PKHeX,8ad201e80244f630ab5a46922ab72fb79c5ad4f4,PKHeX.Core/Resources/text/items/text_Items_ja.txt,PKHeX.Core/Resources/text/items/text_Items_ko.txt,PKHeX.Core/Resources/text/items/text_Items_en.txt
1801,ふるいポエム１４,오래된 시14,Old Verse 14,kwsch/PKHeX,8ad201e80244f630ab5a46922ab72fb79c5ad4f4,PKHeX.Core/Resources/text/items/text_Items_ja.txt,PKHeX.Core/Resources/text/items/text_Items_ko.txt,PKHeX.Core/Resources/text/items/text_Items_en.txt
1802,ふるいポエム１５,오래된 시15,Old Verse 15,kwsch/PKHeX,8ad201e80244f630ab5a46922ab72fb79c5ad4f4,PKHeX.Core/Resources/text/items/text_Items_ja.txt,PKHeX.Core/Resources/text/items/text_Items_ko.txt,PKHeX.Core/Resources/text/items/text_Items_en.txt
1803,ふるいポエム１６,오래된 시16,Old Verse 16,kwsch/PKHeX,8ad201e80244f630ab5a46922ab72fb79c5ad4f4,PKHeX.Core/Resources/text/items/text_Items_ja.txt,PKHeX.Core/Resources/text/items/text_Items_ko.txt,PKHeX.Core/Resources/text/items/text_Items_en.txt
1804,ふるいポエム１７,오래된 시17,Old Verse 17,kwsch/PKHeX,8ad201e80244f630ab5a46922ab72fb79c5ad4f4,PKHeX.Core/Resources/text/items/text_Items_ja.txt,PKHeX.Core/Resources/text/items/text_Items_ko.txt,PKHeX.Core/Resources/text/items/text_Items_en.txt
1805,ふるいポエム１８,오래된 시18,Old Verse 18,kwsch/PKHeX,8ad201e80244f630ab5a46922ab72fb79c5ad4f4,PKHeX.Core/Resources/text/items/text_Items_ja.txt,PKHeX.Core/Resources/text/items/text_Items_ko.txt,PKHeX.Core/Resources/text/items/text_Items_en.txt
1806,ふるいポエム１９,오래된 시19,Old Verse 19,kwsch/PKHeX,8ad201e80244f630ab5a46922ab72fb79c5ad4f4,PKHeX.Core/Resources/text/items/text_Items_ja.txt,PKHeX.Core/Resources/text/items/text_Items_ko.txt,PKHeX.Core/Resources/text/items/text_Items_en.txt
1807,ふるいポエム２０,오래된 시20,Old Verse 20,kwsch/PKHeX,8ad201e80244f630ab5a46922ab72fb79c5ad4f4,PKHeX.Core/Resources/text/items/text_Items_ja.txt,PKHeX.Core/Resources/text/items/text_Items_ko.txt,PKHeX.Core/Resources/text/items/text_Items_en.txt
1808,なぞのかけらＳ,수수께끼의조각S,Mysterious Shard S,kwsch/PKHeX,8ad201e80244f630ab5a46922ab72fb79c5ad4f4,PKHeX.Core/Resources/text/items/text_Items_ja.txt,PKHeX.Core/Resources/text/items/text_Items_ko.txt,PKHeX.Core/Resources/text/items/text_Items_en.txt
1809,なぞのかけらＬ,수수께끼의조각L,Mysterious Shard L,kwsch/PKHeX,8ad201e80244f630ab5a46922ab72fb79c5ad4f4,PKHeX.Core/Resources/text/items/text_Items_ja.txt,PKHeX.Core/Resources/text/items/text_Items_ko.txt,PKHeX.Core/Resources/text/items/text_Items_en.txt
1810,あなほりドリル,구멍파기드릴,Digger Drill,kwsch/PKHeX,8ad201e80244f630ab5a46922ab72fb79c5ad4f4,PKHeX.Core/Resources/text/items/text_Items_ja.txt,PKHeX.Core/Resources/text/items/text_Items_ko.txt,PKHeX.Core/Resources/text/items/text_Items_en.txt
1811,カントーのせきばん,관동의석판,Kanto Slate,kwsch/PKHeX,8ad201e80244f630ab5a46922ab72fb79c5ad4f4,PKHeX.Core/Resources/text/items/text_Items_ja.txt,PKHeX.Core/Resources/text/items/text_Items_ko.txt,PKHeX.Core/Resources/text/items/text_Items_en.txt
1812,ジョウトのせきばん,성도의석판,Johto Slate,kwsch/PKHeX,8ad201e80244f630ab5a46922ab72fb79c5ad4f4,PKHeX.Core/Resources/text/items/text_Items_ja.txt,PKHeX.Core/Resources/text/items/text_Items_ko.txt,PKHeX.Core/Resources/text/items/text_Items_en.txt
1813,こころのせきばん,마음의석판,Soul Slate,kwsch/PKHeX,8ad201e80244f630ab5a46922ab72fb79c5ad4f4,PKHeX.Core/Resources/text/items/text_Items_ja.txt,PKHeX.Core/Resources/text/items/text_Items_ko.txt,PKHeX.Core/Resources/text/items/text_Items_en.txt
1814,にじのせきばん,무지개의석판,Rainbow Slate,kwsch/PKHeX,8ad201e80244f630ab5a46922ab72fb79c5ad4f4,PKHeX.Core/Resources/text/items/text_Items_ja.txt,PKHeX.Core/Resources/text/items/text_Items_ko.txt,PKHeX.Core/Resources/text/items/text_Items_en.txt
1815,あらしのせきばん,폭풍의석판,Squall Slate,kwsch/PKHeX,8ad201e80244f630ab5a46922ab72fb79c5ad4f4,PKHeX.Core/Resources/text/items/text_Items_ja.txt,PKHeX.Core/Resources/text/items/text_Items_ko.txt,PKHeX.Core/Resources/text/items/text_Items_en.txt
1816,たいかいのせきばん,대해의석판,Oceanic Slate,kwsch/PKHeX,8ad201e80244f630ab5a46922ab72fb79c5ad4f4,PKHeX.Core/Resources/text/items/text_Items_ja.txt,PKHeX.Core/Resources/text/items/text_Items_ko.txt,PKHeX.Core/Resources/text/items/text_Items_en.txt
1817,たいりくのせきばん,대륙의석판,Tectonic Slate,kwsch/PKHeX,8ad201e80244f630ab5a46922ab72fb79c5ad4f4,PKHeX.Core/Resources/text/items/text_Items_ja.txt,PKHeX.Core/Resources/text/items/text_Items_ko.txt,PKHeX.Core/Resources/text/items/text_Items_en.txt
1818,てんくうのせきばん,천공의석판,Stratospheric Slate,kwsch/PKHeX,8ad201e80244f630ab5a46922ab72fb79c5ad4f4,PKHeX.Core/Resources/text/items/text_Items_ja.txt,PKHeX.Core/Resources/text/items/text_Items_ko.txt,PKHeX.Core/Resources/text/items/text_Items_en.txt
1819,いでんしのせきばん,유전자의석판,Genome Slate,kwsch/PKHeX,8ad201e80244f630ab5a46922ab72fb79c5ad4f4,PKHeX.Core/Resources/text/items/text_Items_ja.txt,PKHeX.Core/Resources/text/items/text_Items_ko.txt,PKHeX.Core/Resources/text/items/text_Items_en.txt
1820,みちびきのせきばん,인도의석판,Discovery Slate,kwsch/PKHeX,8ad201e80244f630ab5a46922ab72fb79c5ad4f4,PKHeX.Core/Resources/text/items/text_Items_ja.txt,PKHeX.Core/Resources/text/items/text_Items_ko.txt,PKHeX.Core/Resources/text/items/text_Items_en.txt
1821,やぶれたせきばん,깨어진석판,Distortion Slate,kwsch/PKHeX,8ad201e80244f630ab5a46922ab72fb79c5ad4f4,PKHeX.Core/Resources/text/items/text_Items_ja.txt,PKHeX.Core/Resources/text/items/text_Items_ko.txt,PKHeX.Core/Resources/text/items/text_Items_en.txt
1822,ＤＳプレイヤー,DS플레이어,DS Sounds,kwsch/PKHeX,8ad201e80244f630ab5a46922ab72fb79c5ad4f4,PKHeX.Core/Resources/text/items/text_Items_ja.txt,PKHeX.Core/Resources/text/items/text_Items_ko.txt,PKHeX.Core/Resources/text/items/text_Items_en.txt
1823,,,,kwsch/PKHeX,8ad201e80244f630ab5a46922ab72fb79c5ad4f4,PKHeX.Core/Resources/text/items/text_Items_ja.txt,PKHeX.Core/Resources/text/items/text_Items_ko.txt,PKHeX.Core/Resources/text/items/text_Items_en.txt
1824,,,,kwsch/PKHeX,8ad201e80244f630ab5a46922ab72fb79c5ad4f4,PKHeX.Core/Resources/text/items/text_Items_ja.txt,PKHeX.Core/Resources/text/items/text_Items_ko.txt,PKHeX.Core/Resources/text/items/text_Items_en.txt
1825,,,,kwsch/PKHeX,8ad201e80244f630ab5a46922ab72fb79c5ad4f4,PKHeX.Core/Resources/text/items/text_Items_ja.txt,PKHeX.Core/Resources/text/items/text_Items_ko.txt,PKHeX.Core/Resources/text/items/text_Items_en.txt
1826,,,,kwsch/PKHeX,8ad201e80244f630ab5a46922ab72fb79c5ad4f4,PKHeX.Core/Resources/text/items/text_Items_ja.txt,PKHeX.Core/Resources/text/items/text_Items_ko.txt,PKHeX.Core/Resources/text/items/text_Items_en.txt
1827,,,,kwsch/PKHeX,8ad201e80244f630ab5a46922ab72fb79c5ad4f4,PKHeX.Core/Resources/text/items/text_Items_ja.txt,PKHeX.Core/Resources/text/items/text_Items_ko.txt,PKHeX.Core/Resources/text/items/text_Items_en.txt
1828,レジェンドプレート,레전드플레이트,Legend Plate,kwsch/PKHeX,8ad201e80244f630ab5a46922ab72fb79c5ad4f4,PKHeX.Core/Resources/text/items/text_Items_ja.txt,PKHeX.Core/Resources/text/items/text_Items_ko.txt,PKHeX.Core/Resources/text/items/text_Items_en.txt
1829,スマホロトム,스마트로토무,Rotom Phone,kwsch/PKHeX,8ad201e80244f630ab5a46922ab72fb79c5ad4f4,PKHeX.Core/Resources/text/items/text_Items_ja.txt,PKHeX.Core/Resources/text/items/text_Items_ko.txt,PKHeX.Core/Resources/text/items/text_Items_en.txt
1830,サンドウィッチ,샌드위치,Sandwich,kwsch/PKHeX,8ad201e80244f630ab5a46922ab72fb79c5ad4f4,PKHeX.Core/Resources/text/items/text_Items_ja.txt,PKHeX.Core/Resources/text/items/text_Items_ko.txt,PKHeX.Core/Resources/text/items/text_Items_en.txt
1831,コライドンのボール,코라이돈의 볼,Koraidon’s Poké Ball,kwsch/PKHeX,8ad201e80244f630ab5a46922ab72fb79c5ad4f4,PKHeX.Core/Resources/text/items/text_Items_ja.txt,PKHeX.Core/Resources/text/items/text_Items_ko.txt,PKHeX.Core/Resources/text/items/text_Items_en.txt
1832,ミライドンのボール,미라이돈의 볼,Miraidon’s Poké Ball,kwsch/PKHeX,8ad201e80244f630ab5a46922ab72fb79c5ad4f4,PKHeX.Core/Resources/text/items/text_Items_ja.txt,PKHeX.Core/Resources/text/items/text_Items_ko.txt,PKHeX.Core/Resources/text/items/text_Items_en.txt
1833,テラスタルオーブ,테라스탈오브,Tera Orb,kwsch/PKHeX,8ad201e80244f630ab5a46922ab72fb79c5ad4f4,PKHeX.Core/Resources/text/items/text_Items_ja.txt,PKHeX.Core/Resources/text/items/text_Items_ko.txt,PKHeX.Core/Resources/text/items/text_Items_en.txt
1834,スカーレットブック,스칼렛북,Scarlet Book,kwsch/PKHeX,8ad201e80244f630ab5a46922ab72fb79c5ad4f4,PKHeX.Core/Resources/text/items/text_Items_ja.txt,PKHeX.Core/Resources/text/items/text_Items_ko.txt,PKHeX.Core/Resources/text/items/text_Items_en.txt
1835,バイオレットブック,바이올렛북,Violet Book,kwsch/PKHeX,8ad201e80244f630ab5a46922ab72fb79c5ad4f4,PKHeX.Core/Resources/text/items/text_Items_ja.txt,PKHeX.Core/Resources/text/items/text_Items_ko.txt,PKHeX.Core/Resources/text/items/text_Items_en.txt
1836,ハイダイのサイフ,곤포의 지갑,Kofu’s Wallet,kwsch/PKHeX,8ad201e80244f630ab5a46922ab72fb79c5ad4f4,PKHeX.Core/Resources/text/items/text_Items_ja.txt,PKHeX.Core/Resources/text/items/text_Items_ko.txt,PKHeX.Core/Resources/text/items/text_Items_en.txt
1837,,,,kwsch/PKHeX,8ad201e80244f630ab5a46922ab72fb79c5ad4f4,PKHeX.Core/Resources/text/items/text_Items_ja.txt,PKHeX.Core/Resources/text/items/text_Items_ko.txt,PKHeX.Core/Resources/text/items/text_Items_en.txt
1838,,,,kwsch/PKHeX,8ad201e80244f630ab5a46922ab72fb79c5ad4f4,PKHeX.Core/Resources/text/items/text_Items_ja.txt,PKHeX.Core/Resources/text/items/text_Items_ko.txt,PKHeX.Core/Resources/text/items/text_Items_en.txt
1839,,,,kwsch/PKHeX,8ad201e80244f630ab5a46922ab72fb79c5ad4f4,PKHeX.Core/Resources/text/items/text_Items_ja.txt,PKHeX.Core/Resources/text/items/text_Items_ko.txt,PKHeX.Core/Resources/text/items/text_Items_en.txt
1840,,,,kwsch/PKHeX,8ad201e80244f630ab5a46922ab72fb79c5ad4f4,PKHeX.Core/Resources/text/items/text_Items_ja.txt,PKHeX.Core/Resources/text/items/text_Items_ko.txt,PKHeX.Core/Resources/text/items/text_Items_en.txt
1841,,,,kwsch/PKHeX,8ad201e80244f630ab5a46922ab72fb79c5ad4f4,PKHeX.Core/Resources/text/items/text_Items_ja.txt,PKHeX.Core/Resources/text/items/text_Items_ko.txt,PKHeX.Core/Resources/text/items/text_Items_en.txt
1842,ちいさなタケノコ,작은죽순,Tiny Bamboo Shoot,kwsch/PKHeX,8ad201e80244f630ab5a46922ab72fb79c5ad4f4,PKHeX.Core/Resources/text/items/text_Items_ja.txt,PKHeX.Core/Resources/text/items/text_Items_ko.txt,PKHeX.Core/Resources/text/items/text_Items_en.txt
1843,おおきなタケノコ,큰죽순,Big Bamboo Shoot,kwsch/PKHeX,8ad201e80244f630ab5a46922ab72fb79c5ad4f4,PKHeX.Core/Resources/text/items/text_Items_ja.txt,PKHeX.Core/Resources/text/items/text_Items_ko.txt,PKHeX.Core/Resources/text/items/text_Items_en.txt
1844,,,,kwsch/PKHeX,8ad201e80244f630ab5a46922ab72fb79c5ad4f4,PKHeX.Core/Resources/text/items/text_Items_ja.txt,PKHeX.Core/Resources/text/items/text_Items_ko.txt,PKHeX.Core/Resources/text/items/text_Items_en.txt
1845,,,,kwsch/PKHeX,8ad201e80244f630ab5a46922ab72fb79c5ad4f4,PKHeX.Core/Resources/text/items/text_Items_ja.txt,PKHeX.Core/Resources/text/items/text_Items_ko.txt,PKHeX.Core/Resources/text/items/text_Items_en.txt
1846,,,,kwsch/PKHeX,8ad201e80244f630ab5a46922ab72fb79c5ad4f4,PKHeX.Core/Resources/text/items/text_Items_ja.txt,PKHeX.Core/Resources/text/items/text_Items_ko.txt,PKHeX.Core/Resources/text/items/text_Items_en.txt
1847,,,,kwsch/PKHeX,8ad201e80244f630ab5a46922ab72fb79c5ad4f4,PKHeX.Core/Resources/text/items/text_Items_ja.txt,PKHeX.Core/Resources/text/items/text_Items_ko.txt,PKHeX.Core/Resources/text/items/text_Items_en.txt
1848,,,,kwsch/PKHeX,8ad201e80244f630ab5a46922ab72fb79c5ad4f4,PKHeX.Core/Resources/text/items/text_Items_ja.txt,PKHeX.Core/Resources/text/items/text_Items_ko.txt,PKHeX.Core/Resources/text/items/text_Items_en.txt
1849,,,,kwsch/PKHeX,8ad201e80244f630ab5a46922ab72fb79c5ad4f4,PKHeX.Core/Resources/text/items/text_Items_ja.txt,PKHeX.Core/Resources/text/items/text_Items_ko.txt,PKHeX.Core/Resources/text/items/text_Items_en.txt
1850,,,,kwsch/PKHeX,8ad201e80244f630ab5a46922ab72fb79c5ad4f4,PKHeX.Core/Resources/text/items/text_Items_ja.txt,PKHeX.Core/Resources/text/items/text_Items_ko.txt,PKHeX.Core/Resources/text/items/text_Items_en.txt
1851,,,,kwsch/PKHeX,8ad201e80244f630ab5a46922ab72fb79c5ad4f4,PKHeX.Core/Resources/text/items/text_Items_ja.txt,PKHeX.Core/Resources/text/items/text_Items_ko.txt,PKHeX.Core/Resources/text/items/text_Items_en.txt
1852,,,,kwsch/PKHeX,8ad201e80244f630ab5a46922ab72fb79c5ad4f4,PKHeX.Core/Resources/text/items/text_Items_ja.txt,PKHeX.Core/Resources/text/items/text_Items_ko.txt,PKHeX.Core/Resources/text/items/text_Items_en.txt
1853,,,,kwsch/PKHeX,8ad201e80244f630ab5a46922ab72fb79c5ad4f4,PKHeX.Core/Resources/text/items/text_Items_ja.txt,PKHeX.Core/Resources/text/items/text_Items_ko.txt,PKHeX.Core/Resources/text/items/text_Items_en.txt
1854,,,,kwsch/PKHeX,8ad201e80244f630ab5a46922ab72fb79c5ad4f4,PKHeX.Core/Resources/text/items/text_Items_ja.txt,PKHeX.Core/Resources/text/items/text_Items_ko.txt,PKHeX.Core/Resources/text/items/text_Items_en.txt
1855,,,,kwsch/PKHeX,8ad201e80244f630ab5a46922ab72fb79c5ad4f4,PKHeX.Core/Resources/text/items/text_Items_ja.txt,PKHeX.Core/Resources/text/items/text_Items_ko.txt,PKHeX.Core/Resources/text/items/text_Items_en.txt
1856,,,,kwsch/PKHeX,8ad201e80244f630ab5a46922ab72fb79c5ad4f4,PKHeX.Core/Resources/text/items/text_Items_ja.txt,PKHeX.Core/Resources/text/items/text_Items_ko.txt,PKHeX.Core/Resources/text/items/text_Items_en.txt
1857,あくのかけじく,악의 족자,Scroll of Darkness,kwsch/PKHeX,8ad201e80244f630ab5a46922ab72fb79c5ad4f4,PKHeX.Core/Resources/text/items/text_Items_ja.txt,PKHeX.Core/Resources/text/items/text_Items_ko.txt,PKHeX.Core/Resources/text/items/text_Items_en.txt
1858,みずのかけじく,물의 족자,Scroll of Waters,kwsch/PKHeX,8ad201e80244f630ab5a46922ab72fb79c5ad4f4,PKHeX.Core/Resources/text/items/text_Items_ja.txt,PKHeX.Core/Resources/text/items/text_Items_ko.txt,PKHeX.Core/Resources/text/items/text_Items_en.txt
1859,,,,kwsch/PKHeX,8ad201e80244f630ab5a46922ab72fb79c5ad4f4,PKHeX.Core/Resources/text/items/text_Items_ja.txt,PKHeX.Core/Resources/text/items/text_Items_ko.txt,PKHeX.Core/Resources/text/items/text_Items_en.txt
1860,,,,kwsch/PKHeX,8ad201e80244f630ab5a46922ab72fb79c5ad4f4,PKHeX.Core/Resources/text/items/text_Items_ja.txt,PKHeX.Core/Resources/text/items/text_Items_ko.txt,PKHeX.Core/Resources/text/items/text_Items_en.txt
1861,ノロイノヨロイ,저주받은갑옷,Malicious Armor,kwsch/PKHeX,8ad201e80244f630ab5a46922ab72fb79c5ad4f4,PKHeX.Core/Resources/text/items/text_Items_ja.txt,PKHeX.Core/Resources/text/items/text_Items_ko.txt,PKHeX.Core/Resources/text/items/text_Items_en.txt
1862,テラピースノーマル,테라피스 노말,Normal Tera Shard,kwsch/PKHeX,8ad201e80244f630ab5a46922ab72fb79c5ad4f4,PKHeX.Core/Resources/text/items/text_Items_ja.txt,PKHeX.Core/Resources/text/items/text_Items_ko.txt,PKHeX.Core/Resources/text/items/text_Items_en.txt
1863,テラピースほのお,테라피스 불꽃,Fire Tera Shard,kwsch/PKHeX,8ad201e80244f630ab5a46922ab72fb79c5ad4f4,PKHeX.Core/Resources/text/items/text_Items_ja.txt,PKHeX.Core/Resources/text/items/text_Items_ko.txt,PKHeX.Core/Resources/text/items/text_Items_en.txt
1864,テラピースみず,테라피스 물,Water Tera Shard,kwsch/PKHeX,8ad201e80244f630ab5a46922ab72fb79c5ad4f4,PKHeX.Core/Resources/text/items/text_Items_ja.txt,PKHeX.Core/Resources/text/items/text_Items_ko.txt,PKHeX.Core/Resources/text/items/text_Items_en.txt
1865,テラピースでんき,테라피스 전기,Electric Tera Shard,kwsch/PKHeX,8ad201e80244f630ab5a46922ab72fb79c5ad4f4,PKHeX.Core/Resources/text/items/text_Items_ja.txt,PKHeX.Core/Resources/text/items/text_Items_ko.txt,PKHeX.Core/Resources/text/items/text_Items_en.txt
1866,テラピースくさ,테라피스 풀,Grass Tera Shard,kwsch/PKHeX,8ad201e80244f630ab5a46922ab72fb79c5ad4f4,PKHeX.Core/Resources/text/items/text_Items_ja.txt,PKHeX.Core/Resources/text/items/text_Items_ko.txt,PKHeX.Core/Resources/text/items/text_Items_en.txt
1867,テラピースこおり,테라피스 얼음,Ice Tera Shard,kwsch/PKHeX,8ad201e80244f630ab5a46922ab72fb79c5ad4f4,PKHeX.Core/Resources/text/items/text_Items_ja.txt,PKHeX.Core/Resources/text/items/text_Items_ko.txt,PKHeX.Core/Resources/text/items/text_Items_en.txt
1868,テラピースかくとう,테라피스 격투,Fighting Tera Shard,kwsch/PKHeX,8ad201e80244f630ab5a46922ab72fb79c5ad4f4,PKHeX.Core/Resources/text/items/text_Items_ja.txt,PKHeX.Core/Resources/text/items/text_Items_ko.txt,PKHeX.Core/Resources/text/items/text_Items_en.txt
1869,テラピースどく,테라피스 독,Poison Tera Shard,kwsch/PKHeX,8ad201e80244f630ab5a46922ab72fb79c5ad4f4,PKHeX.Core/Resources/text/items/text_Items_ja.txt,PKHeX.Core/Resources/text/items/text_Items_ko.txt,PKHeX.Core/Resources/text/items/text_Items_en.txt
1870,テラピースじめん,테라피스 땅,Ground Tera Shard,kwsch/PKHeX,8ad201e80244f630ab5a46922ab72fb79c5ad4f4,PKHeX.Core/Resources/text/items/text_Items_ja.txt,PKHeX.Core/Resources/text/items/text_Items_ko.txt,PKHeX.Core/Resources/text/items/text_Items_en.txt
1871,テラピースひこう,테라피스 비행,Flying Tera Shard,kwsch/PKHeX,8ad201e80244f630ab5a46922ab72fb79c5ad4f4,PKHeX.Core/Resources/text/items/text_Items_ja.txt,PKHeX.Core/Resources/text/items/text_Items_ko.txt,PKHeX.Core/Resources/text/items/text_Items_en.txt
1872,テラピースエスパー,테라피스 에스퍼,Psychic Tera Shard,kwsch/PKHeX,8ad201e80244f630ab5a46922ab72fb79c5ad4f4,PKHeX.Core/Resources/text/items/text_Items_ja.txt,PKHeX.Core/Resources/text/items/text_Items_ko.txt,PKHeX.Core/Resources/text/items/text_Items_en.txt
1873,テラピースむし,테라피스 벌레,Bug Tera Shard,kwsch/PKHeX,8ad201e80244f630ab5a46922ab72fb79c5ad4f4,PKHeX.Core/Resources/text/items/text_Items_ja.txt,PKHeX.Core/Resources/text/items/text_Items_ko.txt,PKHeX.Core/Resources/text/items/text_Items_en.txt
1874,テラピースいわ,테라피스 바위,Rock Tera Shard,kwsch/PKHeX,8ad201e80244f630ab5a46922ab72fb79c5ad4f4,PKHeX.Core/Resources/text/items/text_Items_ja.txt,PKHeX.Core/Resources/text/items/text_Items_ko.txt,PKHeX.Core/Resources/text/items/text_Items_en.txt
1875,テラピースゴースト,테라피스 고스트,Ghost Tera Shard,kwsch/PKHeX,8ad201e80244f630ab5a46922ab72fb79c5ad4f4,PKHeX.Core/Resources/text/items/text_Items_ja.txt,PKHeX.Core/Resources/text/items/text_Items_ko.txt,PKHeX.Core/Resources/text/items/text_Items_en.txt
1876,テラピースドラゴン,테라피스 드래곤,Dragon Tera Shard,kwsch/PKHeX,8ad201e80244f630ab5a46922ab72fb79c5ad4f4,PKHeX.Core/Resources/text/items/text_Items_ja.txt,PKHeX.Core/Resources/text/items/text_Items_ko.txt,PKHeX.Core/Resources/text/items/text_Items_en.txt
1877,テラピースあく,테라피스 악,Dark Tera Shard,kwsch/PKHeX,8ad201e80244f630ab5a46922ab72fb79c5ad4f4,PKHeX.Core/Resources/text/items/text_Items_ja.txt,PKHeX.Core/Resources/text/items/text_Items_ko.txt,PKHeX.Core/Resources/text/items/text_Items_en.txt
1878,テラピースはがね,테라피스 강철,Steel Tera Shard,kwsch/PKHeX,8ad201e80244f630ab5a46922ab72fb79c5ad4f4,PKHeX.Core/Resources/text/items/text_Items_ja.txt,PKHeX.Core/Resources/text/items/text_Items_ko.txt,PKHeX.Core/Resources/text/items/text_Items_en.txt
1879,テラピースフェアリー,테라피스 페어리,Fairy Tera Shard,kwsch/PKHeX,8ad201e80244f630ab5a46922ab72fb79c5ad4f4,PKHeX.Core/Resources/text/items/text_Items_ja.txt,PKHeX.Core/Resources/text/items/text_Items_ko.txt,PKHeX.Core/Resources/text/items/text_Items_en.txt
1880,ブーストエナジー,부스트에너지,Booster Energy,kwsch/PKHeX,8ad201e80244f630ab5a46922ab72fb79c5ad4f4,PKHeX.Core/Resources/text/items/text_Items_ja.txt,PKHeX.Core/Resources/text/items/text_Items_ko.txt,PKHeX.Core/Resources/text/items/text_Items_en.txt
1881,とくせいガード,특성가드,Ability Shield,kwsch/PKHeX,8ad201e80244f630ab5a46922ab72fb79c5ad4f4,PKHeX.Core/Resources/text/items/text_Items_ja.txt,PKHeX.Core/Resources/text/items/text_Items_ko.txt,PKHeX.Core/Resources/text/items/text_Items_en.txt
1882,クリアチャーム,클리어참,Clear Amulet,kwsch/PKHeX,8ad201e80244f630ab5a46922ab72fb79c5ad4f4,PKHeX.Core/Resources/text/items/text_Items_ja.txt,PKHeX.Core/Resources/text/items/text_Items_ko.txt,PKHeX.Core/Resources/text/items/text_Items_en.txt
1883,ものまねハーブ,흉내허브,Mirror Herb,kwsch/PKHeX,8ad201e80244f630ab5a46922ab72fb79c5ad4f4,PKHeX.Core/Resources/text/items/text_Items_ja.txt,PKHeX.Core/Resources/text/items/text_Items_ko.txt,PKHeX.Core/Resources/text/items/text_Items_en.txt
1884,パンチグローブ,펀치글러브,Punching Glove,kwsch/PKHeX,8ad201e80244f630ab5a46922ab72fb79c5ad4f4,PKHeX.Core/Resources/text/items/text_Items_ja.txt,PKHeX.Core/Resources/text/items/text_Items_ko.txt,PKHeX.Core/Resources/text/items/text_Items_en.txt
1885,おんみつマント,은밀망토,Covert Cloak,kwsch/PKHeX,8ad201e80244f630ab5a46922ab72fb79c5ad4f4,PKHeX.Core/Resources/text/items/text_Items_ja.txt,PKHeX.Core/Resources/text/items/text_Items_ko.txt,PKHeX.Core/Resources/text/items/text_Items_en.txt
1886,いかさまダイス,속임수주사위,Loaded Dice,kwsch/PKHeX,8ad201e80244f630ab5a46922ab72fb79c5ad4f4,PKHeX.Core/Resources/text/items/text_Items_ja.txt,PKHeX.Core/Resources/text/items/text_Items_ko.txt,PKHeX.Core/Resources/text/items/text_Items_en.txt
1887,,,,kwsch/PKHeX,8ad201e80244f630ab5a46922ab72fb79c5ad4f4,PKHeX.Core/Resources/text/items/text_Items_ja.txt,PKHeX.Core/Resources/text/items/text_Items_ko.txt,PKHeX.Core/Resources/text/items/text_Items_en.txt
1888,バゲット,바게트,Baguette,kwsch/PKHeX,8ad201e80244f630ab5a46922ab72fb79c5ad4f4,PKHeX.Core/Resources/text/items/text_Items_ja.txt,PKHeX.Core/Resources/text/items/text_Items_ko.txt,PKHeX.Core/Resources/text/items/text_Items_en.txt
1889,マヨネーズ,마요네즈,Mayonnaise,kwsch/PKHeX,8ad201e80244f630ab5a46922ab72fb79c5ad4f4,PKHeX.Core/Resources/text/items/text_Items_ja.txt,PKHeX.Core/Resources/text/items/text_Items_ko.txt,PKHeX.Core/Resources/text/items/text_Items_en.txt
1890,ケチャップ,케첩,Ketchup,kwsch/PKHeX,8ad201e80244f630ab5a46922ab72fb79c5ad4f4,PKHeX.Core/Resources/text/items/text_Items_ja.txt,PKHeX.Core/Resources/text/items/text_Items_ko.txt,PKHeX.Core/Resources/text/items/text_Items_en.txt
1891,マスタード,머스터드,Mustard,kwsch/PKHeX,8ad201e80244f630ab5a46922ab72fb79c5ad4f4,PKHeX.Core/Resources/text/items/text_Items_ja.txt,PKHeX.Core/Resources/text/items/text_Items_ko.txt,PKHeX.Core/Resources/text/items/text_Items_en.txt
1892,バター,버터,Butter,kwsch/PKHeX,8ad201e80244f630ab5a46922ab72fb79c5ad4f4,PKHeX.Core/Resources/text/items/text_Items_ja.txt,PKHeX.Core/Resources/text/items/text_Items_ko.txt,PKHeX.Core/Resources/text/items/text_Items_en.txt
1893,ピーナッツバター,땅콩버터,Peanut Butter,kwsch/PKHeX,8ad201e80244f630ab5a46922ab72fb79c5ad4f4,PKHeX.Core/Resources/text/items/text_Items_ja.txt,PKHeX.Core/Resources/text/items/text_Items_ko.txt,PKHeX.Core/Resources/text/items/text_Items_en.txt
1894,チリソース,칠리소스,Chili Sauce,kwsch/PKHeX,8ad201e80244f630ab5a46922ab72fb79c5ad4f4,PKHeX.Core/Resources/text/items/text_Items_ja.txt,PKHeX.Core/Resources/text/items/text_Items_ko.txt,PKHeX.Core/Resources/text/items/text_Items_en.txt
1895,ソルト,소금,Salt,kwsch/PKHeX,8ad201e80244f630ab5a46922ab72fb79c5ad4f4,PKHeX.Core/Resources/text/items/text_Items_ja.txt,PKHeX.Core/Resources/text/items/text_Items_ko.txt,PKHeX.Core/Resources/text/items/text_Items_en.txt
1896,ペッパー,후추,Pepper,kwsch/PKHeX,8ad201e80244f630ab5a46922ab72fb79c5ad4f4,PKHeX.Core/Resources/text/items/text_Items_ja.txt,PKHeX.Core/Resources/text/items/text_Items_ko.txt,PKHeX.Core/Resources/text/items/text_Items_en.txt
1897,ヨーグルト,요구르트,Yogurt,kwsch/PKHeX,8ad201e80244f630ab5a46922ab72fb79c5ad4f4,PKHeX.Core/Resources/text/items/text_Items_ja.txt,PKHeX.Core/Resources/text/items/text_Items_ko.txt,PKHeX.Core/Resources/text/items/text_Items_en.txt
1898,ホイップクリーム,휘핑크림,Whipped Cream,kwsch/PKHeX,8ad201e80244f630ab5a46922ab72fb79c5ad4f4,PKHeX.Core/Resources/text/items/text_Items_ja.txt,PKHeX.Core/Resources/text/items/text_Items_ko.txt,PKHeX.Core/Resources/text/items/text_Items_en.txt
1899,クリームチーズ,크림치즈,Cream Cheese,kwsch/PKHeX,8ad201e80244f630ab5a46922ab72fb79c5ad4f4,PKHeX.Core/Resources/text/items/text_Items_ja.txt,PKHeX.Core/Resources/text/items/text_Items_ko.txt,PKHeX.Core/Resources/text/items/text_Items_en.txt
1900,ベリージャム,베리잼,Jam,kwsch/PKHeX,8ad201e80244f630ab5a46922ab72fb79c5ad4f4,PKHeX.Core/Resources/text/items/text_Items_ja.txt,PKHeX.Core/Resources/text/items/text_Items_ko.txt,PKHeX.Core/Resources/text/items/text_Items_en.txt
1901,マーマレード,마멀레이드,Marmalade,kwsch/PKHeX,8ad201e80244f630ab5a46922ab72fb79c5ad4f4,PKHeX.Core/Resources/text/items/text_Items_ja.txt,PKHeX.Core/Resources/text/items/text_Items_ko.txt,PKHeX.Core/Resources/text/items/text_Items_en.txt
1902,オリーブオイル,올리브오일,Olive Oil,kwsch/PKHeX,8ad201e80244f630ab5a46922ab72fb79c5ad4f4,PKHeX.Core/Resources/text/items/text_Items_ja.txt,PKHeX.Core/Resources/text/items/text_Items_ko.txt,PKHeX.Core/Resources/text/items/text_Items_en.txt
1903,ビネガー,비니거,Vinegar,kwsch/PKHeX,8ad201e80244f630ab5a46922ab72fb79c5ad4f4,PKHeX.Core/Resources/text/items/text_Items_ja.txt,PKHeX.Core/Resources/text/items/text_Items_ko.txt,PKHeX.Core/Resources/text/items/text_Items_en.txt
1904,ひでん：あまスパイス,비전 달콤스파이스,Sweet Herba Mystica,kwsch/PKHeX,8ad201e80244f630ab5a46922ab72fb79c5ad4f4,PKHeX.Core/Resources/text/items/text_Items_ja.txt,PKHeX.Core/Resources/text/items/text_Items_ko.txt,PKHeX.Core/Resources/text/items/text_Items_en.txt
1905,ひでん：しおスパイス,비전 짭짤스파이스,Salty Herba Mystica,kwsch/PKHeX,8ad201e80244f630ab5a46922ab72fb79c5ad4f4,PKHeX.Core/Resources/text/items/text_Items_ja.txt,PKHeX.Core/Resources/text/items/text_Items_ko.txt,PKHeX.Core/Resources/text/items/text_Items_en.txt
1906,ひでん：すぱスパイス,비전 새콤스파이스,Sour Herba Mystica,kwsch/PKHeX,8ad201e80244f630ab5a46922ab72fb79c5ad4f4,PKHeX.Core/Resources/text/items/text_Items_ja.txt,PKHeX.Core/Resources/text/items/text_Items_ko.txt,PKHeX.Core/Resources/text/items/text_Items_en.txt
1907,ひでん：にがスパイス,비전 쌉쌀스파이스,Bitter Herba Mystica,kwsch/PKHeX,8ad201e80244f630ab5a46922ab72fb79c5ad4f4,PKHeX.Core/Resources/text/items/text_Items_ja.txt,PKHeX.Core/Resources/text/items/text_Items_ko.txt,PKHeX.Core/Resources/text/items/text_Items_en.txt
1908,ひでん：からスパイス,비전 매콤스파이스,Spicy Herba Mystica,kwsch/PKHeX,8ad201e80244f630ab5a46922ab72fb79c5ad4f4,PKHeX.Core/Resources/text/items/text_Items_ja.txt,PKHeX.Core/Resources/text/items/text_Items_ko.txt,PKHeX.Core/Resources/text/items/text_Items_en.txt
1909,レタス,양상추,Lettuce,kwsch/PKHeX,8ad201e80244f630ab5a46922ab72fb79c5ad4f4,PKHeX.Core/Resources/text/items/text_Items_ja.txt,PKHeX.Core/Resources/text/items/text_Items_ko.txt,PKHeX.Core/Resources/text/items/text_Items_en.txt
1910,トマトスライス,토마토슬라이스,Tomato,kwsch/PKHeX,8ad201e80244f630ab5a46922ab72fb79c5ad4f4,PKHeX.Core/Resources/text/items/text_Items_ja.txt,PKHeX.Core/Resources/text/items/text_Items_ko.txt,PKHeX.Core/Resources/text/items/text_Items_en.txt
1911,カットミニトマト,방울토마토슬라이스,Cherry Tomatoes,kwsch/PKHeX,8ad201e80244f630ab5a46922ab72fb79c5ad4f4,PKHeX.Core/Resources/text/items/text_Items_ja.txt,PKHeX.Core/Resources/text/items/text_Items_ko.txt,PKHeX.Core/Resources/text/items/text_Items_en.txt
1912,キュウリスライス,오이슬라이스,Cucumber,kwsch/PKHeX,8ad201e80244f630ab5a46922ab72fb79c5ad4f4,PKHeX.Core/Resources/text/items/text_Items_ja.txt,PKHeX.Core/Resources/text/items/text_Items_ko.txt,PKHeX.Core/Resources/text/items/text_Items_en.txt
1913,ピクルススライス,피클슬라이스,Pickle,kwsch/PKHeX,8ad201e80244f630ab5a46922ab72fb79c5ad4f4,PKHeX.Core/Resources/text/items/text_Items_ja.txt,PKHeX.Core/Resources/text/items/text_Items_ko.txt,PKHeX.Core/Resources/text/items/text_Items_en.txt
1914,たまねぎスライス,양파슬라이스,Onion,kwsch/PKHeX,8ad201e80244f630ab5a46922ab72fb79c5ad4f4,PKHeX.Core/Resources/text/items/text_Items_ja.txt,PKHeX.Core/Resources/text/items/text_Items_ko.txt,PKHeX.Core/Resources/text/items/text_Items_en.txt
1915,アーリーレッド,적양파,Red Onion,kwsch/PKHeX,8ad201e80244f630ab5a46922ab72fb79c5ad4f4,PKHeX.Core/Resources/text/items/text_Items_ja.txt,PKHeX.Core/Resources/text/items/text_Items_ko.txt,PKHeX.Core/Resources/text/items/text_Items_en.txt
1916,ピーマンスライス,피망슬라이스,Green Bell Pepper,kwsch/PKHeX,8ad201e80244f630ab5a46922ab72fb79c5ad4f4,PKHeX.Core/Resources/text/items/text_Items_ja.txt,PKHeX.Core/Resources/text/items/text_Items_ko.txt,PKHeX.Core/Resources/text/items/text_Items_en.txt
1917,あかパプリカスライス,빨간파프리카슬라이스,Red Bell Pepper,kwsch/PKHeX,8ad201e80244f630ab5a46922ab72fb79c5ad4f4,PKHeX.Core/Resources/text/items/text_Items_ja.txt,PKHeX.Core/Resources/text/items/text_Items_ko.txt,PKHeX.Core/Resources/text/items/text_Items_en.txt
1918,きパプリカスライス,노란파프리카슬라이스,Yellow Bell Pepper,kwsch/PKHeX,8ad201e80244f630ab5a46922ab72fb79c5ad4f4,PKHeX.Core/Resources/text/items/text_Items_ja.txt,PKHeX.Core/Resources/text/items/text_Items_ko.txt,PKHeX.Core/Resources/text/items/text_Items_en.txt
1919,アボカド,아보카도,Avocado,kwsch/PKHeX,8ad201e80244f630ab5a46922ab72fb79c5ad4f4,PKHeX.Core/Resources/text/items/text_Items_ja.txt,PKHeX.Core/Resources/text/items/text_Items_ko.txt,PKHeX.Core/Resources/text/items/text_Items_en.txt
1920,やきベーコン,구운베이컨,Bacon,kwsch/PKHeX,8ad201e80244f630ab5a46922ab72fb79c5ad4f4,PKHeX.Core/Resources/text/items/text_Items_ja.txt,PKHeX.Core/Resources/text/items/text_Items_ko.txt,PKHeX.Core/Resources/text/items/text_Items_en.txt
1921,ハムスライス,슬라이스햄,Ham,kwsch/PKHeX,8ad201e80244f630ab5a46922ab72fb79c5ad4f4,PKHeX.Core/Resources/text/items/text_Items_ja.txt,PKHeX.Core/Resources/text/items/text_Items_ko.txt,PKHeX.Core/Resources/text/items/text_Items_en.txt
1922,なまハム,생햄,Prosciutto,kwsch/PKHeX,8ad201e80244f630ab5a46922ab72fb79c5ad4f4,PKHeX.Core/Resources/text/items/text_Items_ja.txt,PKHeX.Core/Resources/text/items/text_Items_ko.txt,PKHeX.Core/Resources/text/items/text_Items_en.txt
1923,やきチョリソー,구운초리조,Chorizo,kwsch/PKHeX,8ad201e80244f630ab5a46922ab72fb79c5ad4f4,PKHeX.Core/Resources/text/items/text_Items_ja.txt,PKHeX.Core/Resources/text/items/text_Items_ko.txt,PKHeX.Core/Resources/text/items/text_Items_en.txt
1924,ハーブソーセージ,허브소시지,Herbed Sausage,kwsch/PKHeX,8ad201e80244f630ab5a46922ab72fb79c5ad4f4,PKHeX.Core/Resources/text/items/text_Items_ja.txt,PKHeX.Core/Resources/text/items/text_Items_ko.txt,PKHeX.Core/Resources/text/items/text_Items_en.txt
1925,ハンバーグ,햄버그,Hamburger,kwsch/PKHeX,8ad201e80244f630ab5a46922ab72fb79c5ad4f4,PKHeX.Core/Resources/text/items/text_Items_ja.txt,PKHeX.Core/Resources/text/items/text_Items_ko.txt,PKHeX.Core/Resources/text/items/text_Items_en.txt
1926,ガケガニスティック,절벼게맛살,Klawf Stick,kwsch/PKHeX,8ad201e80244f630ab5a46922ab72fb79c5ad4f4,PKHeX.Core/Resources/text/items/text_Items_ja.txt,PKHeX.Core/Resources/text/items/text_Items_ko.txt,PKHeX.Core/Resources/text/items/text_Items_en.txt
1927,スモークきりみ,훈제토막,Smoked Fillet,kwsch/PKHeX,8ad201e80244f630ab5a46922ab72fb79c5ad4f4,PKHeX.Core/Resources/text/items/text_Items_ja.txt,PKHeX.Core/Resources/text/items/text_Items_ko.txt,PKHeX.Core/Resources/text/items/text_Items_en.txt
1928,きりみフライ,튀긴토막,Fried Fillet,kwsch/PKHeX,8ad201e80244f630ab5a46922ab72fb79c5ad4f4,PKHeX.Core/Resources/text/items/text_Items_ja.txt,PKHeX.Core/Resources/text/items/text_Items_ko.txt,PKHeX.Core/Resources/text/items/text_Items_en.txt
1929,スライスエッグ,에그슬라이스,Egg,kwsch/PKHeX,8ad201e80244f630ab5a46922ab72fb79c5ad4f4,PKHeX.Core/Resources/text/items/text_Items_ja.txt,PKHeX.Core/Resources/text/items/text_Items_ko.txt,PKHeX.Core/Resources/text/items/text_Items_en.txt
1930,トルティージャ,토르티야,Potato Tortilla,kwsch/PKHeX,8ad201e80244f630ab5a46922ab72fb79c5ad4f4,PKHeX.Core/Resources/text/items/text_Items_ja.txt,PKHeX.Core/Resources/text/items/text_Items_ko.txt,PKHeX.Core/Resources/text/items/text_Items_en.txt
1931,トーフ,두부,Tofu,kwsch/PKHeX,8ad201e80244f630ab5a46922ab72fb79c5ad4f4,PKHeX.Core/Resources/text/items/text_Items_ja.txt,PKHeX.Core/Resources/text/items/text_Items_ko.txt,PKHeX.Core/Resources/text/items/text_Items_en.txt
1932,ライス,라이스,Rice,kwsch/PKHeX,8ad201e80244f630ab5a46922ab72fb79c5ad4f4,PKHeX.Core/Resources/text/items/text_Items_ja.txt,PKHeX.Core/Resources/text/items/text_Items_ko.txt,PKHeX.Core/Resources/text/items/text_Items_en.txt
1933,ヌードル,누들,Noodles,kwsch/PKHeX,8ad201e80244f630ab5a46922ab72fb79c5ad4f4,PKHeX.Core/Resources/text/items/text_Items_ja.txt,PKHeX.Core/Resources/text/items/text_Items_ko.txt,PKHeX.Core/Resources/text/items/text_Items_en.txt
1934,ポテトサラダ,감자샐러드,Potato Salad,kwsch/PKHeX,8ad201e80244f630ab5a46922ab72fb79c5ad4f4,PKHeX.Core/Resources/text/items/text_Items_ja.txt,PKHeX.Core/Resources/text/items/text_Items_ko.txt,PKHeX.Core/Resources/text/items/text_Items_en.txt
1935,スライスチーズ,슬라이스치즈,Cheese,kwsch/PKHeX,8ad201e80244f630ab5a46922ab72fb79c5ad4f4,PKHeX.Core/Resources/text/items/text_Items_ja.txt,PKHeX.Core/Resources/text/items/text_Items_ko.txt,PKHeX.Core/Resources/text/items/text_Items_en.txt
1936,バナナスライス,바나나슬라이스,Banana,kwsch/PKHeX,8ad201e80244f630ab5a46922ab72fb79c5ad4f4,PKHeX.Core/Resources/text/items/text_Items_ja.txt,PKHeX.Core/Resources/text/items/text_Items_ko.txt,PKHeX.Core/Resources/text/items/text_Items_en.txt
1937,いちごスライス,딸기슬라이스,Strawberry,kwsch/PKHeX,8ad201e80244f630ab5a46922ab72fb79c5ad4f4,PKHeX.Core/Resources/text/items/text_Items_ja.txt,PKHeX.Core/Resources/text/items/text_Items_ko.txt,PKHeX.Core/Resources/text/items/text_Items_en.txt
1938,わぎりリンゴ,사과슬라이스,Apple,kwsch/PKHeX,8ad201e80244f630ab5a46922ab72fb79c5ad4f4,PKHeX.Core/Resources/text/items/text_Items_ja.txt,PKHeX.Core/Resources/text/items/text_Items_ko.txt,PKHeX.Core/Resources/text/items/text_Items_en.txt
1939,わぎりキウイ,키위슬라이스,Kiwi,kwsch/PKHeX,8ad201e80244f630ab5a46922ab72fb79c5ad4f4,PKHeX.Core/Resources/text/items/text_Items_ja.txt,PKHeX.Core/Resources/text/items/text_Items_ko.txt,PKHeX.Core/Resources/text/items/text_Items_en.txt
1940,カットパイン,파인애플슬라이스,Pineapple,kwsch/PKHeX,8ad201e80244f630ab5a46922ab72fb79c5ad4f4,PKHeX.Core/Resources/text/items/text_Items_ja.txt,PKHeX.Core/Resources/text/items/text_Items_ko.txt,PKHeX.Core/Resources/text/items/text_Items_en.txt
1941,ハラペーニョ,할라페뇨,Jalapeño,kwsch/PKHeX,8ad201e80244f630ab5a46922ab72fb79c5ad4f4,PKHeX.Core/Resources/text/items/text_Items_ja.txt,PKHeX.Core/Resources/text/items/text_Items_ko.txt,PKHeX.Core/Resources/text/items/text_Items_en.txt
1942,ホースラディッシュ,호스래디시,Horseradish,kwsch/PKHeX,8ad201e80244f630ab5a46922ab72fb79c5ad4f4,PKHeX.Core/Resources/text/items/text_Items_ja.txt,PKHeX.Core/Resources/text/items/text_Items_ko.txt,PKHeX.Core/Resources/text/items/text_Items_en.txt
1943,カレーパウダー,카레파우더,Curry Powder,kwsch/PKHeX,8ad201e80244f630ab5a46922ab72fb79c5ad4f4,PKHeX.Core/Resources/text/items/text_Items_ja.txt,PKHeX.Core/Resources/text/items/text_Items_ko.txt,PKHeX.Core/Resources/text/items/text_Items_en.txt
1944,ワサビソース,와사비소스,Wasabi,kwsch/PKHeX,8ad201e80244f630ab5a46922ab72fb79c5ad4f4,PKHeX.Core/Resources/text/items/text_Items_ja.txt,PKHeX.Core/Resources/text/items/text_Items_ko.txt,PKHeX.Core/Resources/text/items/text_Items_en.txt
1945,クレソン,물냉이,Watercress,kwsch/PKHeX,8ad201e80244f630ab5a46922ab72fb79c5ad4f4,PKHeX.Core/Resources/text/items/text_Items_ja.txt,PKHeX.Core/Resources/text/items/text_Items_ko.txt,PKHeX.Core/Resources/text/items/text_Items_en.txt
1946,バジル,바질,Basil,kwsch/PKHeX,8ad201e80244f630ab5a46922ab72fb79c5ad4f4,PKHeX.Core/Resources/text/items/text_Items_ja.txt,PKHeX.Core/Resources/text/items/text_Items_ko.txt,PKHeX.Core/Resources/text/items/text_Items_en.txt
1947,,,,kwsch/PKHeX,8ad201e80244f630ab5a46922ab72fb79c5ad4f4,PKHeX.Core/Resources/text/items/text_Items_ja.txt,PKHeX.Core/Resources/text/items/text_Items_ko.txt,PKHeX.Core/Resources/text/items/text_Items_en.txt
1948,,,,kwsch/PKHeX,8ad201e80244f630ab5a46922ab72fb79c5ad4f4,PKHeX.Core/Resources/text/items/text_Items_ja.txt,PKHeX.Core/Resources/text/items/text_Items_ko.txt,PKHeX.Core/Resources/text/items/text_Items_en.txt
1949,,,,kwsch/PKHeX,8ad201e80244f630ab5a46922ab72fb79c5ad4f4,PKHeX.Core/Resources/text/items/text_Items_ja.txt,PKHeX.Core/Resources/text/items/text_Items_ko.txt,PKHeX.Core/Resources/text/items/text_Items_en.txt
1950,,,,kwsch/PKHeX,8ad201e80244f630ab5a46922ab72fb79c5ad4f4,PKHeX.Core/Resources/text/items/text_Items_ja.txt,PKHeX.Core/Resources/text/items/text_Items_ko.txt,PKHeX.Core/Resources/text/items/text_Items_en.txt
1951,,,,kwsch/PKHeX,8ad201e80244f630ab5a46922ab72fb79c5ad4f4,PKHeX.Core/Resources/text/items/text_Items_ja.txt,PKHeX.Core/Resources/text/items/text_Items_ko.txt,PKHeX.Core/Resources/text/items/text_Items_en.txt
1952,,,,kwsch/PKHeX,8ad201e80244f630ab5a46922ab72fb79c5ad4f4,PKHeX.Core/Resources/text/items/text_Items_ja.txt,PKHeX.Core/Resources/text/items/text_Items_ko.txt,PKHeX.Core/Resources/text/items/text_Items_en.txt
1953,,,,kwsch/PKHeX,8ad201e80244f630ab5a46922ab72fb79c5ad4f4,PKHeX.Core/Resources/text/items/text_Items_ja.txt,PKHeX.Core/Resources/text/items/text_Items_ko.txt,PKHeX.Core/Resources/text/items/text_Items_en.txt
1954,,,,kwsch/PKHeX,8ad201e80244f630ab5a46922ab72fb79c5ad4f4,PKHeX.Core/Resources/text/items/text_Items_ja.txt,PKHeX.Core/Resources/text/items/text_Items_ko.txt,PKHeX.Core/Resources/text/items/text_Items_en.txt
1955,,,,kwsch/PKHeX,8ad201e80244f630ab5a46922ab72fb79c5ad4f4,PKHeX.Core/Resources/text/items/text_Items_ja.txt,PKHeX.Core/Resources/text/items/text_Items_ko.txt,PKHeX.Core/Resources/text/items/text_Items_en.txt
1956,コンパンのキバ,콘팡의이빨,Venonat Fang,kwsch/PKHeX,8ad201e80244f630ab5a46922ab72fb79c5ad4f4,PKHeX.Core/Resources/text/items/text_Items_ja.txt,PKHeX.Core/Resources/text/items/text_Items_ko.txt,PKHeX.Core/Resources/text/items/text_Items_en.txt
1957,ディグダのつち,디그다의흙,Diglett Dirt,kwsch/PKHeX,8ad201e80244f630ab5a46922ab72fb79c5ad4f4,PKHeX.Core/Resources/text/items/text_Items_ja.txt,PKHeX.Core/Resources/text/items/text_Items_ko.txt,PKHeX.Core/Resources/text/items/text_Items_en.txt
1958,ニャースのけ,나옹의털,Meowth Fur,kwsch/PKHeX,8ad201e80244f630ab5a46922ab72fb79c5ad4f4,PKHeX.Core/Resources/text/items/text_Items_ja.txt,PKHeX.Core/Resources/text/items/text_Items_ko.txt,PKHeX.Core/Resources/text/items/text_Items_en.txt
1959,コダックのうもう,고라파덕의솜털,Psyduck Down,kwsch/PKHeX,8ad201e80244f630ab5a46922ab72fb79c5ad4f4,PKHeX.Core/Resources/text/items/text_Items_ja.txt,PKHeX.Core/Resources/text/items/text_Items_ko.txt,PKHeX.Core/Resources/text/items/text_Items_en.txt
1960,マンキーのけ,망키의털,Mankey Fur,kwsch/PKHeX,8ad201e80244f630ab5a46922ab72fb79c5ad4f4,PKHeX.Core/Resources/text/items/text_Items_ja.txt,PKHeX.Core/Resources/text/items/text_Items_ko.txt,PKHeX.Core/Resources/text/items/text_Items_en.txt
1961,ガーディのけ,가디의털,Growlithe Fur,kwsch/PKHeX,8ad201e80244f630ab5a46922ab72fb79c5ad4f4,PKHeX.Core/Resources/text/items/text_Items_ja.txt,PKHeX.Core/Resources/text/items/text_Items_ko.txt,PKHeX.Core/Resources/text/items/text_Items_en.txt
1962,ヤドンのツメ,야돈의발톱,Slowpoke Claw,kwsch/PKHeX,8ad201e80244f630ab5a46922ab72fb79c5ad4f4,PKHeX.Core/Resources/text/items/text_Items_ja.txt,PKHeX.Core/Resources/text/items/text_Items_ko.txt,PKHeX.Core/Resources/text/items/text_Items_en.txt
1963,コイルのねじ,코일의나사,Magnemite Screw,kwsch/PKHeX,8ad201e80244f630ab5a46922ab72fb79c5ad4f4,PKHeX.Core/Resources/text/items/text_Items_ja.txt,PKHeX.Core/Resources/text/items/text_Items_ko.txt,PKHeX.Core/Resources/text/items/text_Items_en.txt
1964,ベトベターのどくそ,질퍽이의독소,Grimer Toxin,kwsch/PKHeX,8ad201e80244f630ab5a46922ab72fb79c5ad4f4,PKHeX.Core/Resources/text/items/text_Items_ja.txt,PKHeX.Core/Resources/text/items/text_Items_ko.txt,PKHeX.Core/Resources/text/items/text_Items_en.txt
1965,シェルダーのしんじゅ,셀러의진주,Shellder Pearl,kwsch/PKHeX,8ad201e80244f630ab5a46922ab72fb79c5ad4f4,PKHeX.Core/Resources/text/items/text_Items_ja.txt,PKHeX.Core/Resources/text/items/text_Items_ko.txt,PKHeX.Core/Resources/text/items/text_Items_en.txt
1966,ゴースのガス,고오스의가스,Gastly Gas,kwsch/PKHeX,8ad201e80244f630ab5a46922ab72fb79c5ad4f4,PKHeX.Core/Resources/text/items/text_Items_ja.txt,PKHeX.Core/Resources/text/items/text_Items_ko.txt,PKHeX.Core/Resources/text/items/text_Items_en.txt
1967,スリープのけ,슬리프의털,Drowzee Fur,kwsch/PKHeX,8ad201e80244f630ab5a46922ab72fb79c5ad4f4,PKHeX.Core/Resources/text/items/text_Items_ja.txt,PKHeX.Core/Resources/text/items/text_Items_ko.txt,PKHeX.Core/Resources/text/items/text_Items_en.txt
1968,ビリリダマのでんき,찌리리공의전기,Voltorb Sparks,kwsch/PKHeX,8ad201e80244f630ab5a46922ab72fb79c5ad4f4,PKHeX.Core/Resources/text/items/text_Items_ja.txt,PKHeX.Core/Resources/text/items/text_Items_ko.txt,PKHeX.Core/Resources/text/items/text_Items_en.txt
1969,ストライクのツメ,스라크의발톱,Scyther Claw,kwsch/PKHeX,8ad201e80244f630ab5a46922ab72fb79c5ad4f4,PKHeX.Core/Resources/text/items/text_Items_ja.txt,PKHeX.Core/Resources/text/items/text_Items_ko.txt,PKHeX.Core/Resources/text/items/text_Items_en.txt
1970,ケンタロスのけ,켄타로스의털,Tauros Hair,kwsch/PKHeX,8ad201e80244f630ab5a46922ab72fb79c5ad4f4,PKHeX.Core/Resources/text/items/text_Items_ja.txt,PKHeX.Core/Resources/text/items/text_Items_ko.txt,PKHeX.Core/Resources/text/items/text_Items_en.txt
1971,コイキングのウロコ,잉어킹의비늘,Magikarp Scales,kwsch/PKHeX,8ad201e80244f630ab5a46922ab72fb79c5ad4f4,PKHeX.Core/Resources/text/items/text_Items_ja.txt,PKHeX.Core/Resources/text/items/text_Items_ko.txt,PKHeX.Core/Resources/text/items/text_Items_en.txt
1972,メタモンのべたべた,메타몽의끈끈이,Ditto Goo,kwsch/PKHeX,8ad201e80244f630ab5a46922ab72fb79c5ad4f4,PKHeX.Core/Resources/text/items/text_Items_ja.txt,PKHeX.Core/Resources/text/items/text_Items_ko.txt,PKHeX.Core/Resources/text/items/text_Items_en.txt
1973,イーブイのけ,이브이의털,Eevee Fur,kwsch/PKHeX,8ad201e80244f630ab5a46922ab72fb79c5ad4f4,PKHeX.Core/Resources/text/items/text_Items_ja.txt,PKHeX.Core/Resources/text/items/text_Items_ko.txt,PKHeX.Core/Resources/text/items/text_Items_en.txt
1974,ミニリュウのウロコ,미뇽의비늘,Dratini Scales,kwsch/PKHeX,8ad201e80244f630ab5a46922ab72fb79c5ad4f4,PKHeX.Core/Resources/text/items/text_Items_ja.txt,PKHeX.Core/Resources/text/items/text_Items_ko.txt,PKHeX.Core/Resources/text/items/text_Items_en.txt
1975,ピチューのけ,피츄의털,Pichu Fur,kwsch/PKHeX,8ad201e80244f630ab5a46922ab72fb79c5ad4f4,PKHeX.Core/Resources/text/items/text_Items_ja.txt,PKHeX.Core/Resources/text/items/text_Items_ko.txt,PKHeX.Core/Resources/text/items/text_Items_en.txt
1976,ププリンのけ,푸푸린의털,Igglybuff Fluff,kwsch/PKHeX,8ad201e80244f630ab5a46922ab72fb79c5ad4f4,PKHeX.Core/Resources/text/items/text_Items_ja.txt,PKHeX.Core/Resources/text/items/text_Items_ko.txt,PKHeX.Core/Resources/text/items/text_Items_en.txt
1977,メリープのけだま,메리프의털뭉치,Mareep Wool,kwsch/PKHeX,8ad201e80244f630ab5a46922ab72fb79c5ad4f4,PKHeX.Core/Resources/text/items/text_Items_ja.txt,PKHeX.Core/Resources/text/items/text_Items_ko.txt,PKHeX.Core/Resources/text/items/text_Items_en.txt
1978,ハネッコのはっぱ,통통코의잎,Hoppip Leaf,kwsch/PKHeX,8ad201e80244f630ab5a46922ab72fb79c5ad4f4,PKHeX.Core/Resources/text/items/text_Items_ja.txt,PKHeX.Core/Resources/text/items/text_Items_ko.txt,PKHeX.Core/Resources/text/items/text_Items_en.txt
1979,ヒマナッツのはっぱ,해너츠의잎,Sunkern Leaf,kwsch/PKHeX,8ad201e80244f630ab5a46922ab72fb79c5ad4f4,PKHeX.Core/Resources/text/items/text_Items_ja.txt,PKHeX.Core/Resources/text/items/text_Items_ko.txt,PKHeX.Core/Resources/text/items/text_Items_en.txt
1980,ヤミカラスのおたから,니로우의보물,Murkrow Bauble,kwsch/PKHeX,8ad201e80244f630ab5a46922ab72fb79c5ad4f4,PKHeX.Core/Resources/text/items/text_Items_ja.txt,PKHeX.Core/Resources/text/items/text_Items_ko.txt,PKHeX.Core/Resources/text/items/text_Items_en.txt
1981,ムウマのなみだ,무우마의눈물,Misdreavus Tears,kwsch/PKHeX,8ad201e80244f630ab5a46922ab72fb79c5ad4f4,PKHeX.Core/Resources/text/items/text_Items_ja.txt,PKHeX.Core/Resources/text/items/text_Items_ko.txt,PKHeX.Core/Resources/text/items/text_Items_en.txt
1982,キリンリキのけ,키링키의털,Girafarig Fur,kwsch/PKHeX,8ad201e80244f630ab5a46922ab72fb79c5ad4f4,PKHeX.Core/Resources/text/items/text_Items_ja.txt,PKHeX.Core/Resources/text/items/text_Items_ko.txt,PKHeX.Core/Resources/text/items/text_Items_en.txt
1983,クヌギダマのから,피콘의껍데기,Pineco Husk,kwsch/PKHeX,8ad201e80244f630ab5a46922ab72fb79c5ad4f4,PKHeX.Core/Resources/text/items/text_Items_ja.txt,PKHeX.Core/Resources/text/items/text_Items_ko.txt,PKHeX.Core/Resources/text/items/text_Items_en.txt
1984,ノコッチのウロコ,노고치의비늘,Dunsparce Scales,kwsch/PKHeX,8ad201e80244f630ab5a46922ab72fb79c5ad4f4,PKHeX.Core/Resources/text/items/text_Items_ja.txt,PKHeX.Core/Resources/text/items/text_Items_ko.txt,PKHeX.Core/Resources/text/items/text_Items_en.txt
1985,ハリーセンのトゲ,침바루의가시,Qwilfish Spines,kwsch/PKHeX,8ad201e80244f630ab5a46922ab72fb79c5ad4f4,PKHeX.Core/Resources/text/items/text_Items_ja.txt,PKHeX.Core/Resources/text/items/text_Items_ko.txt,PKHeX.Core/Resources/text/items/text_Items_en.txt
1986,ヘラクロスのツメ,헤라크로스의발톱,Heracross Claw,kwsch/PKHeX,8ad201e80244f630ab5a46922ab72fb79c5ad4f4,PKHeX.Core/Resources/text/items/text_Items_ja.txt,PKHeX.Core/Resources/text/items/text_Items_ko.txt,PKHeX.Core/Resources/text/items/text_Items_en.txt
1987,ニューラのツメ,포푸니의손톱,Sneasel Claw,kwsch/PKHeX,8ad201e80244f630ab5a46922ab72fb79c5ad4f4,PKHeX.Core/Resources/text/items/text_Items_ja.txt,PKHeX.Core/Resources/text/items/text_Items_ko.txt,PKHeX.Core/Resources/text/items/text_Items_en.txt
1988,ヒメグマのツメ,깜지곰의손톱,Teddiursa Claw,kwsch/PKHeX,8ad201e80244f630ab5a46922ab72fb79c5ad4f4,PKHeX.Core/Resources/text/items/text_Items_ja.txt,PKHeX.Core/Resources/text/items/text_Items_ko.txt,PKHeX.Core/Resources/text/items/text_Items_en.txt
1989,デリバードのにもつ,딜리버드의짐,Delibird Parcel,kwsch/PKHeX,8ad201e80244f630ab5a46922ab72fb79c5ad4f4,PKHeX.Core/Resources/text/items/text_Items_ja.txt,PKHeX.Core/Resources/text/items/text_Items_ko.txt,PKHeX.Core/Resources/text/items/text_Items_en.txt
1990,デルビルのキバ,델빌의이빨,Houndour Fang,kwsch/PKHeX,8ad201e80244f630ab5a46922ab72fb79c5ad4f4,PKHeX.Core/Resources/text/items/text_Items_ja.txt,PKHeX.Core/Resources/text/items/text_Items_ko.txt,PKHeX.Core/Resources/text/items/text_Items_en.txt
1991,ゴマゾウのツメ,코코리의발톱,Phanpy Nail,kwsch/PKHeX,8ad201e80244f630ab5a46922ab72fb79c5ad4f4,PKHeX.Core/Resources/text/items/text_Items_ja.txt,PKHeX.Core/Resources/text/items/text_Items_ko.txt,PKHeX.Core/Resources/text/items/text_Items_en.txt
1992,オドシシのけ,노라키의털,Stantler Hair,kwsch/PKHeX,8ad201e80244f630ab5a46922ab72fb79c5ad4f4,PKHeX.Core/Resources/text/items/text_Items_ja.txt,PKHeX.Core/Resources/text/items/text_Items_ko.txt,PKHeX.Core/Resources/text/items/text_Items_en.txt
1993,ヨーギラスのツメ,애버라스의발톱,Larvitar Claw,kwsch/PKHeX,8ad201e80244f630ab5a46922ab72fb79c5ad4f4,PKHeX.Core/Resources/text/items/text_Items_ja.txt,PKHeX.Core/Resources/text/items/text_Items_ko.txt,PKHeX.Core/Resources/text/items/text_Items_en.txt
1994,キャモメのはね,갈모매의깃털,Wingull Feather,kwsch/PKHeX,8ad201e80244f630ab5a46922ab72fb79c5ad4f4,PKHeX.Core/Resources/text/items/text_Items_ja.txt,PKHeX.Core/Resources/text/items/text_Items_ko.txt,PKHeX.Core/Resources/text/items/text_Items_en.txt
1995,ラルトスのおとしもの,랄토스의유실물,Ralts Dust,kwsch/PKHeX,8ad201e80244f630ab5a46922ab72fb79c5ad4f4,PKHeX.Core/Resources/text/items/text_Items_ja.txt,PKHeX.Core/Resources/text/items/text_Items_ko.txt,PKHeX.Core/Resources/text/items/text_Items_en.txt
1996,アメタマのミツ,비구술의꿀,Surskit Syrup,kwsch/PKHeX,8ad201e80244f630ab5a46922ab72fb79c5ad4f4,PKHeX.Core/Resources/text/items/text_Items_ja.txt,PKHeX.Core/Resources/text/items/text_Items_ko.txt,PKHeX.Core/Resources/text/items/text_Items_en.txt
1997,キノココのほうし,버섯꼬의포자,Shroomish Spores,kwsch/PKHeX,8ad201e80244f630ab5a46922ab72fb79c5ad4f4,PKHeX.Core/Resources/text/items/text_Items_ja.txt,PKHeX.Core/Resources/text/items/text_Items_ko.txt,PKHeX.Core/Resources/text/items/text_Items_en.txt
1998,ナマケロのけ,게을로의털,Slakoth Fur,kwsch/PKHeX,8ad201e80244f630ab5a46922ab72fb79c5ad4f4,PKHeX.Core/Resources/text/items/text_Items_ja.txt,PKHeX.Core/Resources/text/items/text_Items_ko.txt,PKHeX.Core/Resources/text/items/text_Items_en.txt
1999,マクノシタのあせ,마크탕의땀,Makuhita Sweat,kwsch/PKHeX,8ad201e80244f630ab5a46922ab72fb79c5ad4f4,PKHeX.Core/Resources/text/items/text_Items_ja.txt,PKHeX.Core/Resources/text/items/text_Items_ko.txt,PKHeX.Core/Resources/text/items/text_Items_en.txt
2000,ルリリのけ,루리리의털,Azurill Fur,kwsch/PKHeX,8ad201e80244f630ab5a46922ab72fb79c5ad4f4,PKHeX.Core/Resources/text/items/text_Items_ja.txt,PKHeX.Core/Resources/text/items/text_Items_ko.txt,PKHeX.Core/Resources/text/items/text_Items_en.txt
2001,ヤミラミのほうせき,깜까미의보석,Sableye Gem,kwsch/PKHeX,8ad201e80244f630ab5a46922ab72fb79c5ad4f4,PKHeX.Core/Resources/text/items/text_Items_ja.txt,PKHeX.Core/Resources/text/items/text_Items_ko.txt,PKHeX.Core/Resources/text/items/text_Items_en.txt
2002,アサナンのあせ,요가랑의땀,Meditite Sweat,kwsch/PKHeX,8ad201e80244f630ab5a46922ab72fb79c5ad4f4,PKHeX.Core/Resources/text/items/text_Items_ja.txt,PKHeX.Core/Resources/text/items/text_Items_ko.txt,PKHeX.Core/Resources/text/items/text_Items_en.txt
2003,ゴクリンのねんえき,꼴깍몬의점액,Gulpin Mucus,kwsch/PKHeX,8ad201e80244f630ab5a46922ab72fb79c5ad4f4,PKHeX.Core/Resources/text/items/text_Items_ja.txt,PKHeX.Core/Resources/text/items/text_Items_ko.txt,PKHeX.Core/Resources/text/items/text_Items_en.txt
2004,ドンメルのようがん,둔타의용암,Numel Lava,kwsch/PKHeX,8ad201e80244f630ab5a46922ab72fb79c5ad4f4,PKHeX.Core/Resources/text/items/text_Items_ja.txt,PKHeX.Core/Resources/text/items/text_Items_ko.txt,PKHeX.Core/Resources/text/items/text_Items_en.txt
2005,コータスのせきたん,코터스의석탄,Torkoal Coal,kwsch/PKHeX,8ad201e80244f630ab5a46922ab72fb79c5ad4f4,PKHeX.Core/Resources/text/items/text_Items_ja.txt,PKHeX.Core/Resources/text/items/text_Items_ko.txt,PKHeX.Core/Resources/text/items/text_Items_en.txt
2006,バネブーのしんじゅ,피그점프의진주,Spoink Pearl,kwsch/PKHeX,8ad201e80244f630ab5a46922ab72fb79c5ad4f4,PKHeX.Core/Resources/text/items/text_Items_ja.txt,PKHeX.Core/Resources/text/items/text_Items_ko.txt,PKHeX.Core/Resources/text/items/text_Items_en.txt
2007,サボネアのトゲ,선인왕의가시,Cacnea Needle,kwsch/PKHeX,8ad201e80244f630ab5a46922ab72fb79c5ad4f4,PKHeX.Core/Resources/text/items/text_Items_ja.txt,PKHeX.Core/Resources/text/items/text_Items_ko.txt,PKHeX.Core/Resources/text/items/text_Items_en.txt
2008,チルットのはね,파비코의깃털,Swablu Fluff,kwsch/PKHeX,8ad201e80244f630ab5a46922ab72fb79c5ad4f4,PKHeX.Core/Resources/text/items/text_Items_ja.txt,PKHeX.Core/Resources/text/items/text_Items_ko.txt,PKHeX.Core/Resources/text/items/text_Items_en.txt
2009,ザングースのツメ,쟝고의발톱,Zangoose Claw,kwsch/PKHeX,8ad201e80244f630ab5a46922ab72fb79c5ad4f4,PKHeX.Core/Resources/text/items/text_Items_ja.txt,PKHeX.Core/Resources/text/items/text_Items_ko.txt,PKHeX.Core/Resources/text/items/text_Items_en.txt
2010,ハブネークのキバ,세비퍼의이빨,Seviper Fang,kwsch/PKHeX,8ad201e80244f630ab5a46922ab72fb79c5ad4f4,PKHeX.Core/Resources/text/items/text_Items_ja.txt,PKHeX.Core/Resources/text/items/text_Items_ko.txt,PKHeX.Core/Resources/text/items/text_Items_en.txt
2011,ドジョッチのねんえき,미꾸리의점액,Barboach Slime,kwsch/PKHeX,8ad201e80244f630ab5a46922ab72fb79c5ad4f4,PKHeX.Core/Resources/text/items/text_Items_ja.txt,PKHeX.Core/Resources/text/items/text_Items_ko.txt,PKHeX.Core/Resources/text/items/text_Items_en.txt
2012,カゲボウズのきれはし,어둠대신의천조각,Shuppet Scrap,kwsch/PKHeX,8ad201e80244f630ab5a46922ab72fb79c5ad4f4,PKHeX.Core/Resources/text/items/text_Items_ja.txt,PKHeX.Core/Resources/text/items/text_Items_ko.txt,PKHeX.Core/Resources/text/items/text_Items_en.txt
2013,トロピウスのはっぱ,트로피우스의잎,Tropius Leaf,kwsch/PKHeX,8ad201e80244f630ab5a46922ab72fb79c5ad4f4,PKHeX.Core/Resources/text/items/text_Items_ja.txt,PKHeX.Core/Resources/text/items/text_Items_ko.txt,PKHeX.Core/Resources/text/items/text_Items_en.txt
2014,ユキワラシのけ,눈꼬마의털,Snorunt Fur,kwsch/PKHeX,8ad201e80244f630ab5a46922ab72fb79c5ad4f4,PKHeX.Core/Resources/text/items/text_Items_ja.txt,PKHeX.Core/Resources/text/items/text_Items_ko.txt,PKHeX.Core/Resources/text/items/text_Items_en.txt
2015,ラブカスのウロコ,사랑동이의비늘,Luvdisc Scales,kwsch/PKHeX,8ad201e80244f630ab5a46922ab72fb79c5ad4f4,PKHeX.Core/Resources/text/items/text_Items_ja.txt,PKHeX.Core/Resources/text/items/text_Items_ko.txt,PKHeX.Core/Resources/text/items/text_Items_en.txt
2016,タツベイのウロコ,아공이의비늘,Bagon Scales,kwsch/PKHeX,8ad201e80244f630ab5a46922ab72fb79c5ad4f4,PKHeX.Core/Resources/text/items/text_Items_ja.txt,PKHeX.Core/Resources/text/items/text_Items_ko.txt,PKHeX.Core/Resources/text/items/text_Items_en.txt
2017,ムックルのはね,찌르꼬의깃털,Starly Feather,kwsch/PKHeX,8ad201e80244f630ab5a46922ab72fb79c5ad4f4,PKHeX.Core/Resources/text/items/text_Items_ja.txt,PKHeX.Core/Resources/text/items/text_Items_ko.txt,PKHeX.Core/Resources/text/items/text_Items_en.txt
2018,コロボーシのぬけがら,귀뚤뚜기의허물,Kricketot Shell,kwsch/PKHeX,8ad201e80244f630ab5a46922ab72fb79c5ad4f4,PKHeX.Core/Resources/text/items/text_Items_ja.txt,PKHeX.Core/Resources/text/items/text_Items_ko.txt,PKHeX.Core/Resources/text/items/text_Items_en.txt
2019,コリンクのキバ,꼬링크의이빨,Shinx Fang,kwsch/PKHeX,8ad201e80244f630ab5a46922ab72fb79c5ad4f4,PKHeX.Core/Resources/text/items/text_Items_ja.txt,PKHeX.Core/Resources/text/items/text_Items_ko.txt,PKHeX.Core/Resources/text/items/text_Items_en.txt
2020,ミツハニーのミツ,세꿀버리의꿀,Combee Honey,kwsch/PKHeX,8ad201e80244f630ab5a46922ab72fb79c5ad4f4,PKHeX.Core/Resources/text/items/text_Items_ja.txt,PKHeX.Core/Resources/text/items/text_Items_ko.txt,PKHeX.Core/Resources/text/items/text_Items_en.txt
2021,パチリスのけ,파치리스의털,Pachirisu Fur,kwsch/PKHeX,8ad201e80244f630ab5a46922ab72fb79c5ad4f4,PKHeX.Core/Resources/text/items/text_Items_ja.txt,PKHeX.Core/Resources/text/items/text_Items_ko.txt,PKHeX.Core/Resources/text/items/text_Items_en.txt
2022,ブイゼルのけ,브이젤의털,Buizel Fur,kwsch/PKHeX,8ad201e80244f630ab5a46922ab72fb79c5ad4f4,PKHeX.Core/Resources/text/items/text_Items_ja.txt,PKHeX.Core/Resources/text/items/text_Items_ko.txt,PKHeX.Core/Resources/text/items/text_Items_en.txt
2023,カラナクシのねんえき,깝질무의점액,Shellos Mucus,kwsch/PKHeX,8ad201e80244f630ab5a46922ab72fb79c5ad4f4,PKHeX.Core/Resources/text/items/text_Items_ja.txt,PKHeX.Core/Resources/text/items/text_Items_ko.txt,PKHeX.Core/Resources/text/items/text_Items_en.txt
2024,フワンテのガス,흔들풍손의가스,Drifloon Gas,kwsch/PKHeX,8ad201e80244f630ab5a46922ab72fb79c5ad4f4,PKHeX.Core/Resources/text/items/text_Items_ja.txt,PKHeX.Core/Resources/text/items/text_Items_ko.txt,PKHeX.Core/Resources/text/items/text_Items_en.txt
2025,スカンプーのけ,스컹뿡의털,Stunky Fur,kwsch/PKHeX,8ad201e80244f630ab5a46922ab72fb79c5ad4f4,PKHeX.Core/Resources/text/items/text_Items_ja.txt,PKHeX.Core/Resources/text/items/text_Items_ko.txt,PKHeX.Core/Resources/text/items/text_Items_en.txt
2026,ドーミラーのかけら,동미러의조각,Bronzor Fragment,kwsch/PKHeX,8ad201e80244f630ab5a46922ab72fb79c5ad4f4,PKHeX.Core/Resources/text/items/text_Items_ja.txt,PKHeX.Core/Resources/text/items/text_Items_ko.txt,PKHeX.Core/Resources/text/items/text_Items_en.txt
2027,ウソハチのなみだ,꼬지지의눈물,Bonsly Tears,kwsch/PKHeX,8ad201e80244f630ab5a46922ab72fb79c5ad4f4,PKHeX.Core/Resources/text/items/text_Items_ja.txt,PKHeX.Core/Resources/text/items/text_Items_ko.txt,PKHeX.Core/Resources/text/items/text_Items_en.txt
2028,ピンプクのおとしもの,핑복의유실물,Happiny Dust,kwsch/PKHeX,8ad201e80244f630ab5a46922ab72fb79c5ad4f4,PKHeX.Core/Resources/text/items/text_Items_ja.txt,PKHeX.Core/Resources/text/items/text_Items_ko.txt,PKHeX.Core/Resources/text/items/text_Items_en.txt
2029,ミカルゲのかけら,화강돌의조각,Spiritomb Fragment,kwsch/PKHeX,8ad201e80244f630ab5a46922ab72fb79c5ad4f4,PKHeX.Core/Resources/text/items/text_Items_ja.txt,PKHeX.Core/Resources/text/items/text_Items_ko.txt,PKHeX.Core/Resources/text/items/text_Items_en.txt
2030,フカマルのウロコ,딥상어동의비늘,Gible Scales,kwsch/PKHeX,8ad201e80244f630ab5a46922ab72fb79c5ad4f4,PKHeX.Core/Resources/text/items/text_Items_ja.txt,PKHeX.Core/Resources/text/items/text_Items_ko.txt,PKHeX.Core/Resources/text/items/text_Items_en.txt
2031,リオルのけ,리오르의털,Riolu Fur,kwsch/PKHeX,8ad201e80244f630ab5a46922ab72fb79c5ad4f4,PKHeX.Core/Resources/text/items/text_Items_ja.txt,PKHeX.Core/Resources/text/items/text_Items_ko.txt,PKHeX.Core/Resources/text/items/text_Items_en.txt
2032,ヒポポタスのすな,히포포타스의모래,Hippopotas Sand,kwsch/PKHeX,8ad201e80244f630ab5a46922ab72fb79c5ad4f4,PKHeX.Core/Resources/text/items/text_Items_ja.txt,PKHeX.Core/Resources/text/items/text_Items_ko.txt,PKHeX.Core/Resources/text/items/text_Items_en.txt
2033,グレッグルのどくそ,삐딱구리의독소,Croagunk Poison,kwsch/PKHeX,8ad201e80244f630ab5a46922ab72fb79c5ad4f4,PKHeX.Core/Resources/text/items/text_Items_ja.txt,PKHeX.Core/Resources/text/items/text_Items_ko.txt,PKHeX.Core/Resources/text/items/text_Items_en.txt
2034,ケイコウオのウロコ,형광어의비늘,Finneon Scales,kwsch/PKHeX,8ad201e80244f630ab5a46922ab72fb79c5ad4f4,PKHeX.Core/Resources/text/items/text_Items_ja.txt,PKHeX.Core/Resources/text/items/text_Items_ko.txt,PKHeX.Core/Resources/text/items/text_Items_en.txt
2035,ユキカブリのみ,눈쓰개의열매,Snover Berries,kwsch/PKHeX,8ad201e80244f630ab5a46922ab72fb79c5ad4f4,PKHeX.Core/Resources/text/items/text_Items_ja.txt,PKHeX.Core/Resources/text/items/text_Items_ko.txt,PKHeX.Core/Resources/text/items/text_Items_en.txt
2036,ロトムのでんき,로토무의전기,Rotom Sparks,kwsch/PKHeX,8ad201e80244f630ab5a46922ab72fb79c5ad4f4,PKHeX.Core/Resources/text/items/text_Items_ja.txt,PKHeX.Core/Resources/text/items/text_Items_ko.txt,PKHeX.Core/Resources/text/items/text_Items_en.txt
2037,チュリネのはっぱ,치릴리의잎,Petilil Leaf,kwsch/PKHeX,8ad201e80244f630ab5a46922ab72fb79c5ad4f4,PKHeX.Core/Resources/text/items/text_Items_ja.txt,PKHeX.Core/Resources/text/items/text_Items_ko.txt,PKHeX.Core/Resources/text/items/text_Items_en.txt
2038,バスラオのキバ,배쓰나이의이빨,Basculin Fang,kwsch/PKHeX,8ad201e80244f630ab5a46922ab72fb79c5ad4f4,PKHeX.Core/Resources/text/items/text_Items_ja.txt,PKHeX.Core/Resources/text/items/text_Items_ko.txt,PKHeX.Core/Resources/text/items/text_Items_en.txt
2039,メグロコのツメ,깜눈크의발톱,Sandile Claw,kwsch/PKHeX,8ad201e80244f630ab5a46922ab72fb79c5ad4f4,PKHeX.Core/Resources/text/items/text_Items_ja.txt,PKHeX.Core/Resources/text/items/text_Items_ko.txt,PKHeX.Core/Resources/text/items/text_Items_en.txt
2040,ゾロアのけ,조로아의털,Zorua Fur,kwsch/PKHeX,8ad201e80244f630ab5a46922ab72fb79c5ad4f4,PKHeX.Core/Resources/text/items/text_Items_ja.txt,PKHeX.Core/Resources/text/items/text_Items_ko.txt,PKHeX.Core/Resources/text/items/text_Items_en.txt
2041,ゴチムのまつげ,고디탱의속눈썹,Gothita Eyelash,kwsch/PKHeX,8ad201e80244f630ab5a46922ab72fb79c5ad4f4,PKHeX.Core/Resources/text/items/text_Items_ja.txt,PKHeX.Core/Resources/text/items/text_Items_ko.txt,PKHeX.Core/Resources/text/items/text_Items_en.txt
2042,シキジカのけ,사철록의털,Deerling Hair,kwsch/PKHeX,8ad201e80244f630ab5a46922ab72fb79c5ad4f4,PKHeX.Core/Resources/text/items/text_Items_ja.txt,PKHeX.Core/Resources/text/items/text_Items_ko.txt,PKHeX.Core/Resources/text/items/text_Items_en.txt
2043,タマゲタケのほうし,깜놀버슬의포자,Foongus Spores,kwsch/PKHeX,8ad201e80244f630ab5a46922ab72fb79c5ad4f4,PKHeX.Core/Resources/text/items/text_Items_ja.txt,PKHeX.Core/Resources/text/items/text_Items_ko.txt,PKHeX.Core/Resources/text/items/text_Items_en.txt
2044,ママンボウのねんえき,맘복치의점액,Alomomola Mucus,kwsch/PKHeX,8ad201e80244f630ab5a46922ab72fb79c5ad4f4,PKHeX.Core/Resources/text/items/text_Items_ja.txt,PKHeX.Core/Resources/text/items/text_Items_ko.txt,PKHeX.Core/Resources/text/items/text_Items_en.txt
2045,シビシラスのねんえき,저리어의점액,Tynamo Slime,kwsch/PKHeX,8ad201e80244f630ab5a46922ab72fb79c5ad4f4,PKHeX.Core/Resources/text/items/text_Items_ja.txt,PKHeX.Core/Resources/text/items/text_Items_ko.txt,PKHeX.Core/Resources/text/items/text_Items_en.txt
2046,キバゴのウロコ,터검니의비늘,Axew Scales,kwsch/PKHeX,8ad201e80244f630ab5a46922ab72fb79c5ad4f4,PKHeX.Core/Resources/text/items/text_Items_ja.txt,PKHeX.Core/Resources/text/items/text_Items_ko.txt,PKHeX.Core/Resources/text/items/text_Items_en.txt
2047,クマシュンのけ,코고미의털,Cubchoo Fur,kwsch/PKHeX,8ad201e80244f630ab5a46922ab72fb79c5ad4f4,PKHeX.Core/Resources/text/items/text_Items_ja.txt,PKHeX.Core/Resources/text/items/text_Items_ko.txt,PKHeX.Core/Resources/text/items/text_Items_en.txt
2048,フリージオのこおり,프리지오의얼음,Cryogonal Ice,kwsch/PKHeX,8ad201e80244f630ab5a46922ab72fb79c5ad4f4,PKHeX.Core/Resources/text/items/text_Items_ja.txt,PKHeX.Core/Resources/text/items/text_Items_ko.txt,PKHeX.Core/Resources/text/items/text_Items_en.txt
2049,コマタナのやいば,자망칼의칼날,Pawniard Blade,kwsch/PKHeX,8ad201e80244f630ab5a46922ab72fb79c5ad4f4,PKHeX.Core/Resources/text/items/text_Items_ja.txt,PKHeX.Core/Resources/text/items/text_Items_ko.txt,PKHeX.Core/Resources/text/items/text_Items_en.txt
2050,ワシボンのはね,수리둥보의깃털,Rufflet Feather,kwsch/PKHeX,8ad201e80244f630ab5a46922ab72fb79c5ad4f4,PKHeX.Core/Resources/text/items/text_Items_ja.txt,PKHeX.Core/Resources/text/items/text_Items_ko.txt,PKHeX.Core/Resources/text/items/text_Items_en.txt
2051,モノズのウロコ,모노두의비늘,Deino Scales,kwsch/PKHeX,8ad201e80244f630ab5a46922ab72fb79c5ad4f4,PKHeX.Core/Resources/text/items/text_Items_ja.txt,PKHeX.Core/Resources/text/items/text_Items_ko.txt,PKHeX.Core/Resources/text/items/text_Items_en.txt
2052,メラルバのけ,활화르바의털,Larvesta Fuzz,kwsch/PKHeX,8ad201e80244f630ab5a46922ab72fb79c5ad4f4,PKHeX.Core/Resources/text/items/text_Items_ja.txt,PKHeX.Core/Resources/text/items/text_Items_ko.txt,PKHeX.Core/Resources/text/items/text_Items_en.txt
2053,ヤヤコマのはね,화살꼬빈의깃털,Fletchling Feather,kwsch/PKHeX,8ad201e80244f630ab5a46922ab72fb79c5ad4f4,PKHeX.Core/Resources/text/items/text_Items_ja.txt,PKHeX.Core/Resources/text/items/text_Items_ko.txt,PKHeX.Core/Resources/text/items/text_Items_en.txt
2054,コフキムシのこな,분이벌레의가루,Scatterbug Powder,kwsch/PKHeX,8ad201e80244f630ab5a46922ab72fb79c5ad4f4,PKHeX.Core/Resources/text/items/text_Items_ja.txt,PKHeX.Core/Resources/text/items/text_Items_ko.txt,PKHeX.Core/Resources/text/items/text_Items_en.txt
2055,シシコのたてがみ,레오꼬의갈기,Litleo Tuft,kwsch/PKHeX,8ad201e80244f630ab5a46922ab72fb79c5ad4f4,PKHeX.Core/Resources/text/items/text_Items_ja.txt,PKHeX.Core/Resources/text/items/text_Items_ko.txt,PKHeX.Core/Resources/text/items/text_Items_en.txt
2056,フラベベのかふん,플라베베의꽃가루,Flabébé Pollen,kwsch/PKHeX,8ad201e80244f630ab5a46922ab72fb79c5ad4f4,PKHeX.Core/Resources/text/items/text_Items_ja.txt,PKHeX.Core/Resources/text/items/text_Items_ko.txt,PKHeX.Core/Resources/text/items/text_Items_en.txt
2057,メェークルのはっぱ,메이클의잎,Skiddo Leaf,kwsch/PKHeX,8ad201e80244f630ab5a46922ab72fb79c5ad4f4,PKHeX.Core/Resources/text/items/text_Items_ja.txt,PKHeX.Core/Resources/text/items/text_Items_ko.txt,PKHeX.Core/Resources/text/items/text_Items_en.txt
2058,クズモーのもくず,수레기의해초,Skrelp Kelp,kwsch/PKHeX,8ad201e80244f630ab5a46922ab72fb79c5ad4f4,PKHeX.Core/Resources/text/items/text_Items_ja.txt,PKHeX.Core/Resources/text/items/text_Items_ko.txt,PKHeX.Core/Resources/text/items/text_Items_en.txt
2059,ウデッポウのハサミ,완철포의집게,Clauncher Claw,kwsch/PKHeX,8ad201e80244f630ab5a46922ab72fb79c5ad4f4,PKHeX.Core/Resources/text/items/text_Items_ja.txt,PKHeX.Core/Resources/text/items/text_Items_ko.txt,PKHeX.Core/Resources/text/items/text_Items_en.txt
2060,ルチャブルのうもう,루차불의솜털,Hawlucha Down,kwsch/PKHeX,8ad201e80244f630ab5a46922ab72fb79c5ad4f4,PKHeX.Core/Resources/text/items/text_Items_ja.txt,PKHeX.Core/Resources/text/items/text_Items_ko.txt,PKHeX.Core/Resources/text/items/text_Items_en.txt
2061,デデンネのけ,데덴네의털,Dedenne Fur,kwsch/PKHeX,8ad201e80244f630ab5a46922ab72fb79c5ad4f4,PKHeX.Core/Resources/text/items/text_Items_ja.txt,PKHeX.Core/Resources/text/items/text_Items_ko.txt,PKHeX.Core/Resources/text/items/text_Items_en.txt
2062,ヌメラのねんえき,미끄메라의점액,Goomy Goo,kwsch/PKHeX,8ad201e80244f630ab5a46922ab72fb79c5ad4f4,PKHeX.Core/Resources/text/items/text_Items_ja.txt,PKHeX.Core/Resources/text/items/text_Items_ko.txt,PKHeX.Core/Resources/text/items/text_Items_en.txt
2063,クレッフィのかぎ,클레피의열쇠,Klefki Key,kwsch/PKHeX,8ad201e80244f630ab5a46922ab72fb79c5ad4f4,PKHeX.Core/Resources/text/items/text_Items_ja.txt,PKHeX.Core/Resources/text/items/text_Items_ko.txt,PKHeX.Core/Resources/text/items/text_Items_en.txt
2064,カチコールのこおり,꽁어름의얼음,Bergmite Ice,kwsch/PKHeX,8ad201e80244f630ab5a46922ab72fb79c5ad4f4,PKHeX.Core/Resources/text/items/text_Items_ja.txt,PKHeX.Core/Resources/text/items/text_Items_ko.txt,PKHeX.Core/Resources/text/items/text_Items_en.txt
2065,オンバットのけ,음뱃의털,Noibat Fur,kwsch/PKHeX,8ad201e80244f630ab5a46922ab72fb79c5ad4f4,PKHeX.Core/Resources/text/items/text_Items_ja.txt,PKHeX.Core/Resources/text/items/text_Items_ko.txt,PKHeX.Core/Resources/text/items/text_Items_en.txt
2066,ヤングースのけ,영구스의털,Yungoos Fur,kwsch/PKHeX,8ad201e80244f630ab5a46922ab72fb79c5ad4f4,PKHeX.Core/Resources/text/items/text_Items_ja.txt,PKHeX.Core/Resources/text/items/text_Items_ko.txt,PKHeX.Core/Resources/text/items/text_Items_en.txt
2067,マケンカニのから,오기지게의껍데기,Crabrawler Shell,kwsch/PKHeX,8ad201e80244f630ab5a46922ab72fb79c5ad4f4,PKHeX.Core/Resources/text/items/text_Items_ja.txt,PKHeX.Core/Resources/text/items/text_Items_ko.txt,PKHeX.Core/Resources/text/items/text_Items_en.txt
2068,オドリドリのはね,춤추새의깃털,Oricorio Feather,kwsch/PKHeX,8ad201e80244f630ab5a46922ab72fb79c5ad4f4,PKHeX.Core/Resources/text/items/text_Items_ja.txt,PKHeX.Core/Resources/text/items/text_Items_ko.txt,PKHeX.Core/Resources/text/items/text_Items_en.txt
2069,イワンコのいわ,암멍이의바위,Rockruff Rock,kwsch/PKHeX,8ad201e80244f630ab5a46922ab72fb79c5ad4f4,PKHeX.Core/Resources/text/items/text_Items_ja.txt,PKHeX.Core/Resources/text/items/text_Items_ko.txt,PKHeX.Core/Resources/text/items/text_Items_en.txt
2070,ヒドイデのトゲ,시마사리의가시,Mareanie Spike,kwsch/PKHeX,8ad201e80244f630ab5a46922ab72fb79c5ad4f4,PKHeX.Core/Resources/text/items/text_Items_ja.txt,PKHeX.Core/Resources/text/items/text_Items_ko.txt,PKHeX.Core/Resources/text/items/text_Items_en.txt
2071,ドロバンコのどろ,머드나기의진흙,Mudbray Mud,kwsch/PKHeX,8ad201e80244f630ab5a46922ab72fb79c5ad4f4,PKHeX.Core/Resources/text/items/text_Items_ja.txt,PKHeX.Core/Resources/text/items/text_Items_ko.txt,PKHeX.Core/Resources/text/items/text_Items_en.txt
2072,カリキリのはっぱ,짜랑랑의잎,Fomantis Leaf,kwsch/PKHeX,8ad201e80244f630ab5a46922ab72fb79c5ad4f4,PKHeX.Core/Resources/text/items/text_Items_ja.txt,PKHeX.Core/Resources/text/items/text_Items_ko.txt,PKHeX.Core/Resources/text/items/text_Items_en.txt
2073,ヤトウモリのガス,야도뇽의가스,Salandit Gas,kwsch/PKHeX,8ad201e80244f630ab5a46922ab72fb79c5ad4f4,PKHeX.Core/Resources/text/items/text_Items_ja.txt,PKHeX.Core/Resources/text/items/text_Items_ko.txt,PKHeX.Core/Resources/text/items/text_Items_en.txt
2074,アマカジのあせ,달콤아의땀,Bounsweet Sweat,kwsch/PKHeX,8ad201e80244f630ab5a46922ab72fb79c5ad4f4,PKHeX.Core/Resources/text/items/text_Items_ja.txt,PKHeX.Core/Resources/text/items/text_Items_ko.txt,PKHeX.Core/Resources/text/items/text_Items_en.txt
2075,ヤレユータンのけ,하랑우탄의털,Oranguru Fur,kwsch/PKHeX,8ad201e80244f630ab5a46922ab72fb79c5ad4f4,PKHeX.Core/Resources/text/items/text_Items_ja.txt,PKHeX.Core/Resources/text/items/text_Items_ko.txt,PKHeX.Core/Resources/text/items/text_Items_en.txt
2076,ナゲツケサルのけ,내던숭이의털,Passimian Fur,kwsch/PKHeX,8ad201e80244f630ab5a46922ab72fb79c5ad4f4,PKHeX.Core/Resources/text/items/text_Items_ja.txt,PKHeX.Core/Resources/text/items/text_Items_ko.txt,PKHeX.Core/Resources/text/items/text_Items_en.txt
2077,スナバァのすな,모래꿍의모래,Sandygast Sand,kwsch/PKHeX,8ad201e80244f630ab5a46922ab72fb79c5ad4f4,PKHeX.Core/Resources/text/items/text_Items_ja.txt,PKHeX.Core/Resources/text/items/text_Items_ko.txt,PKHeX.Core/Resources/text/items/text_Items_en.txt
2078,ネッコアラのツメ,자말라의발톱,Komala Claw,kwsch/PKHeX,8ad201e80244f630ab5a46922ab72fb79c5ad4f4,PKHeX.Core/Resources/text/items/text_Items_ja.txt,PKHeX.Core/Resources/text/items/text_Items_ko.txt,PKHeX.Core/Resources/text/items/text_Items_en.txt
2079,ミミッキュのきれはし,따라큐의천조각,Mimikyu Scrap,kwsch/PKHeX,8ad201e80244f630ab5a46922ab72fb79c5ad4f4,PKHeX.Core/Resources/text/items/text_Items_ja.txt,PKHeX.Core/Resources/text/items/text_Items_ko.txt,PKHeX.Core/Resources/text/items/text_Items_en.txt
2080,ハギギシリのは,치갈기의이빨,Bruxish Tooth,kwsch/PKHeX,8ad201e80244f630ab5a46922ab72fb79c5ad4f4,PKHeX.Core/Resources/text/items/text_Items_ja.txt,PKHeX.Core/Resources/text/items/text_Items_ko.txt,PKHeX.Core/Resources/text/items/text_Items_en.txt
2081,カムカメのツメ,깨물부기의발톱,Chewtle Claw,kwsch/PKHeX,8ad201e80244f630ab5a46922ab72fb79c5ad4f4,PKHeX.Core/Resources/text/items/text_Items_ja.txt,PKHeX.Core/Resources/text/items/text_Items_ko.txt,PKHeX.Core/Resources/text/items/text_Items_en.txt
2082,ホシガリスのけ,탐리스의털,Skwovet Fur,kwsch/PKHeX,8ad201e80244f630ab5a46922ab72fb79c5ad4f4,PKHeX.Core/Resources/text/items/text_Items_ja.txt,PKHeX.Core/Resources/text/items/text_Items_ko.txt,PKHeX.Core/Resources/text/items/text_Items_en.txt
2083,サシカマスのウロコ,찌로꼬치의비늘,Arrokuda Scales,kwsch/PKHeX,8ad201e80244f630ab5a46922ab72fb79c5ad4f4,PKHeX.Core/Resources/text/items/text_Items_ja.txt,PKHeX.Core/Resources/text/items/text_Items_ko.txt,PKHeX.Core/Resources/text/items/text_Items_en.txt
2084,ココガラのはね,파라꼬의깃털,Rookidee Feather,kwsch/PKHeX,8ad201e80244f630ab5a46922ab72fb79c5ad4f4,PKHeX.Core/Resources/text/items/text_Items_ja.txt,PKHeX.Core/Resources/text/items/text_Items_ko.txt,PKHeX.Core/Resources/text/items/text_Items_en.txt
2085,エレズンのでんき,일레즌의전기,Toxel Sparks,kwsch/PKHeX,8ad201e80244f630ab5a46922ab72fb79c5ad4f4,PKHeX.Core/Resources/text/items/text_Items_ja.txt,PKHeX.Core/Resources/text/items/text_Items_ko.txt,PKHeX.Core/Resources/text/items/text_Items_en.txt
2086,タイレーツのあせ,대여르의땀,Falinks Sweat,kwsch/PKHeX,8ad201e80244f630ab5a46922ab72fb79c5ad4f4,PKHeX.Core/Resources/text/items/text_Items_ja.txt,PKHeX.Core/Resources/text/items/text_Items_ko.txt,PKHeX.Core/Resources/text/items/text_Items_en.txt
2087,ゾウドウのさび,끼리동의녹,Cufant Tarnish,kwsch/PKHeX,8ad201e80244f630ab5a46922ab72fb79c5ad4f4,PKHeX.Core/Resources/text/items/text_Items_ja.txt,PKHeX.Core/Resources/text/items/text_Items_ko.txt,PKHeX.Core/Resources/text/items/text_Items_en.txt
2088,タンドンのせきたん,탄동의석탄,Rolycoly Coal,kwsch/PKHeX,8ad201e80244f630ab5a46922ab72fb79c5ad4f4,PKHeX.Core/Resources/text/items/text_Items_ja.txt,PKHeX.Core/Resources/text/items/text_Items_ko.txt,PKHeX.Core/Resources/text/items/text_Items_en.txt
2089,スナヘビのすな,모래뱀의모래,Silicobra Sand,kwsch/PKHeX,8ad201e80244f630ab5a46922ab72fb79c5ad4f4,PKHeX.Core/Resources/text/items/text_Items_ja.txt,PKHeX.Core/Resources/text/items/text_Items_ko.txt,PKHeX.Core/Resources/text/items/text_Items_en.txt
2090,イエッサンのけ,에써르의털,Indeedee Fur,kwsch/PKHeX,8ad201e80244f630ab5a46922ab72fb79c5ad4f4,PKHeX.Core/Resources/text/items/text_Items_ja.txt,PKHeX.Core/Resources/text/items/text_Items_ko.txt,PKHeX.Core/Resources/text/items/text_Items_en.txt
2091,バチンウニのはり,찌르성게의가시,Pincurchin Spines,kwsch/PKHeX,8ad201e80244f630ab5a46922ab72fb79c5ad4f4,PKHeX.Core/Resources/text/items/text_Items_ja.txt,PKHeX.Core/Resources/text/items/text_Items_ko.txt,PKHeX.Core/Resources/text/items/text_Items_en.txt
2092,ユキハミのいと,누니머기의실,Snom Thread,kwsch/PKHeX,8ad201e80244f630ab5a46922ab72fb79c5ad4f4,PKHeX.Core/Resources/text/items/text_Items_ja.txt,PKHeX.Core/Resources/text/items/text_Items_ko.txt,PKHeX.Core/Resources/text/items/text_Items_en.txt
2093,ベロバーのけ,메롱꿍의털,Impidimp Hair,kwsch/PKHeX,8ad201e80244f630ab5a46922ab72fb79c5ad4f4,PKHeX.Core/Resources/text/items/text_Items_ja.txt,PKHeX.Core/Resources/text/items/text_Items_ko.txt,PKHeX.Core/Resources/text/items/text_Items_en.txt
2094,カジッチュのかじゅう,과사삭벌레의과즙,Applin Juice,kwsch/PKHeX,8ad201e80244f630ab5a46922ab72fb79c5ad4f4,PKHeX.Core/Resources/text/items/text_Items_ja.txt,PKHeX.Core/Resources/text/items/text_Items_ko.txt,PKHeX.Core/Resources/text/items/text_Items_en.txt
2095,ヤバチャのかけら,데인차의조각,Sinistea Chip,kwsch/PKHeX,8ad201e80244f630ab5a46922ab72fb79c5ad4f4,PKHeX.Core/Resources/text/items/text_Items_ja.txt,PKHeX.Core/Resources/text/items/text_Items_ko.txt,PKHeX.Core/Resources/text/items/text_Items_en.txt
2096,ミブリムのおとしもの,몸지브림의유실물,Hatenna Dust,kwsch/PKHeX,8ad201e80244f630ab5a46922ab72fb79c5ad4f4,PKHeX.Core/Resources/text/items/text_Items_ja.txt,PKHeX.Core/Resources/text/items/text_Items_ko.txt,PKHeX.Core/Resources/text/items/text_Items_en.txt
2097,イシヘンジンのいわ,돌헨진의바위,Stonjourner Stone,kwsch/PKHeX,8ad201e80244f630ab5a46922ab72fb79c5ad4f4,PKHeX.Core/Resources/text/items/text_Items_ja.txt,PKHeX.Core/Resources/text/items/text_Items_ko.txt,PKHeX.Core/Resources/text/items/text_Items_en.txt
2098,コオリッポのうもう,빙큐보의솜털,Eiscue Down,kwsch/PKHeX,8ad201e80244f630ab5a46922ab72fb79c5ad4f4,PKHeX.Core/Resources/text/items/text_Items_ja.txt,PKHeX.Core/Resources/text/items/text_Items_ko.txt,PKHeX.Core/Resources/text/items/text_Items_en.txt
2099,ドラメシヤのこな,드라꼰의가루,Dreepy Powder,kwsch/PKHeX,8ad201e80244f630ab5a46922ab72fb79c5ad4f4,PKHeX.Core/Resources/text/items/text_Items_ja.txt,PKHeX.Core/Resources/text/items/text_Items_ko.txt,PKHeX.Core/Resources/text/items/text_Items_en.txt
2100,,,,kwsch/PKHeX,8ad201e80244f630ab5a46922ab72fb79c5ad4f4,PKHeX.Core/Resources/text/items/text_Items_ja.txt,PKHeX.Core/Resources/text/items/text_Items_ko.txt,PKHeX.Core/Resources/text/items/text_Items_en.txt
2101,,,,kwsch/PKHeX,8ad201e80244f630ab5a46922ab72fb79c5ad4f4,PKHeX.Core/Resources/text/items/text_Items_ja.txt,PKHeX.Core/Resources/text/items/text_Items_ko.txt,PKHeX.Core/Resources/text/items/text_Items_en.txt
2102,,,,kwsch/PKHeX,8ad201e80244f630ab5a46922ab72fb79c5ad4f4,PKHeX.Core/Resources/text/items/text_Items_ja.txt,PKHeX.Core/Resources/text/items/text_Items_ko.txt,PKHeX.Core/Resources/text/items/text_Items_en.txt
2103,グルトンのけ,맛보돈의털,Lechonk Hair,kwsch/PKHeX,8ad201e80244f630ab5a46922ab72fb79c5ad4f4,PKHeX.Core/Resources/text/items/text_Items_ja.txt,PKHeX.Core/Resources/text/items/text_Items_ko.txt,PKHeX.Core/Resources/text/items/text_Items_en.txt
2104,タマンチュラのいと,타랜툴라의실,Tarountula Thread,kwsch/PKHeX,8ad201e80244f630ab5a46922ab72fb79c5ad4f4,PKHeX.Core/Resources/text/items/text_Items_ja.txt,PKHeX.Core/Resources/text/items/text_Items_ko.txt,PKHeX.Core/Resources/text/items/text_Items_en.txt
2105,マメバッタのツメ,콩알뚜기의발톱,Nymble Claw,kwsch/PKHeX,8ad201e80244f630ab5a46922ab72fb79c5ad4f4,PKHeX.Core/Resources/text/items/text_Items_ja.txt,PKHeX.Core/Resources/text/items/text_Items_ko.txt,PKHeX.Core/Resources/text/items/text_Items_en.txt
2106,シガロコのどろ,구르데의진흙,Rellor Mud,kwsch/PKHeX,8ad201e80244f630ab5a46922ab72fb79c5ad4f4,PKHeX.Core/Resources/text/items/text_Items_ja.txt,PKHeX.Core/Resources/text/items/text_Items_ko.txt,PKHeX.Core/Resources/text/items/text_Items_en.txt
2107,ボチのろう,망망이의촛농,Greavard Wax,kwsch/PKHeX,8ad201e80244f630ab5a46922ab72fb79c5ad4f4,PKHeX.Core/Resources/text/items/text_Items_ja.txt,PKHeX.Core/Resources/text/items/text_Items_ko.txt,PKHeX.Core/Resources/text/items/text_Items_en.txt
2108,ヒラヒナのうもう,하느라기의솜털,Flittle Down,kwsch/PKHeX,8ad201e80244f630ab5a46922ab72fb79c5ad4f4,PKHeX.Core/Resources/text/items/text_Items_ja.txt,PKHeX.Core/Resources/text/items/text_Items_ko.txt,PKHeX.Core/Resources/text/items/text_Items_en.txt
2109,ウミディグダのすな,바다그다의모래,Wiglett Sand,kwsch/PKHeX,8ad201e80244f630ab5a46922ab72fb79c5ad4f4,PKHeX.Core/Resources/text/items/text_Items_ja.txt,PKHeX.Core/Resources/text/items/text_Items_ko.txt,PKHeX.Core/Resources/text/items/text_Items_en.txt
2110,ヘイラッシャのヒゲ,어써러셔의수염,Dondozo Whisker,kwsch/PKHeX,8ad201e80244f630ab5a46922ab72fb79c5ad4f4,PKHeX.Core/Resources/text/items/text_Items_ja.txt,PKHeX.Core/Resources/text/items/text_Items_ko.txt,PKHeX.Core/Resources/text/items/text_Items_en.txt
2111,ミガルーサのきりみ,가비루사의토막,Veluza Fillet,kwsch/PKHeX,8ad201e80244f630ab5a46922ab72fb79c5ad4f4,PKHeX.Core/Resources/text/items/text_Items_ja.txt,PKHeX.Core/Resources/text/items/text_Items_ko.txt,PKHeX.Core/Resources/text/items/text_Items_en.txt
2112,ナミイルカのねんえき,맨돌핀의점액,Finizen Mucus,kwsch/PKHeX,8ad201e80244f630ab5a46922ab72fb79c5ad4f4,PKHeX.Core/Resources/text/items/text_Items_ja.txt,PKHeX.Core/Resources/text/items/text_Items_ko.txt,PKHeX.Core/Resources/text/items/text_Items_en.txt
2113,ミニーブのオイル,미니브의오일,Smoliv Oil,kwsch/PKHeX,8ad201e80244f630ab5a46922ab72fb79c5ad4f4,PKHeX.Core/Resources/text/items/text_Items_ja.txt,PKHeX.Core/Resources/text/items/text_Items_ko.txt,PKHeX.Core/Resources/text/items/text_Items_en.txt
2114,カプサイジのたね,캡싸이의씨앗,Capsakid Seed,kwsch/PKHeX,8ad201e80244f630ab5a46922ab72fb79c5ad4f4,PKHeX.Core/Resources/text/items/text_Items_ja.txt,PKHeX.Core/Resources/text/items/text_Items_ko.txt,PKHeX.Core/Resources/text/items/text_Items_en.txt
2115,ズピカのねんえき,빈나두의점액,Tadbulb Mucus,kwsch/PKHeX,8ad201e80244f630ab5a46922ab72fb79c5ad4f4,PKHeX.Core/Resources/text/items/text_Items_ja.txt,PKHeX.Core/Resources/text/items/text_Items_ko.txt,PKHeX.Core/Resources/text/items/text_Items_en.txt
2116,ブロロンのガス,부르롱의가스,Varoom Fume,kwsch/PKHeX,8ad201e80244f630ab5a46922ab72fb79c5ad4f4,PKHeX.Core/Resources/text/items/text_Items_ja.txt,PKHeX.Core/Resources/text/items/text_Items_ko.txt,PKHeX.Core/Resources/text/items/text_Items_en.txt
2117,ミミズズのさび,꿈트렁의녹,Orthworm Tarnish,kwsch/PKHeX,8ad201e80244f630ab5a46922ab72fb79c5ad4f4,PKHeX.Core/Resources/text/items/text_Items_ja.txt,PKHeX.Core/Resources/text/items/text_Items_ko.txt,PKHeX.Core/Resources/text/items/text_Items_en.txt
2118,ワッカネズミのけ,두리쥐의털,Tandemaus Fur,kwsch/PKHeX,8ad201e80244f630ab5a46922ab72fb79c5ad4f4,PKHeX.Core/Resources/text/items/text_Items_ja.txt,PKHeX.Core/Resources/text/items/text_Items_ko.txt,PKHeX.Core/Resources/text/items/text_Items_en.txt
2119,アルクジラのあぶら,터벅고래의기름,Cetoddle Grease,kwsch/PKHeX,8ad201e80244f630ab5a46922ab72fb79c5ad4f4,PKHeX.Core/Resources/text/items/text_Items_ja.txt,PKHeX.Core/Resources/text/items/text_Items_ko.txt,PKHeX.Core/Resources/text/items/text_Items_en.txt
2120,セビエのウロコ,드니차의비늘,Frigibax Scales,kwsch/PKHeX,8ad201e80244f630ab5a46922ab72fb79c5ad4f4,PKHeX.Core/Resources/text/items/text_Items_ja.txt,PKHeX.Core/Resources/text/items/text_Items_ko.txt,PKHeX.Core/Resources/text/items/text_Items_en.txt
2121,シャリタツのウロコ,싸리용의비늘,Tatsugiri Scales,kwsch/PKHeX,8ad201e80244f630ab5a46922ab72fb79c5ad4f4,PKHeX.Core/Resources/text/items/text_Items_ja.txt,PKHeX.Core/Resources/text/items/text_Items_ko.txt,PKHeX.Core/Resources/text/items/text_Items_en.txt
2122,モトトカゲのウロコ,모토마의비늘,Cyclizar Scales,kwsch/PKHeX,8ad201e80244f630ab5a46922ab72fb79c5ad4f4,PKHeX.Core/Resources/text/items/text_Items_ja.txt,PKHeX.Core/Resources/text/items/text_Items_ko.txt,PKHeX.Core/Resources/text/items/text_Items_en.txt
2123,パモのけ,빠모의털,Pawmi Fur,kwsch/PKHeX,8ad201e80244f630ab5a46922ab72fb79c5ad4f4,PKHeX.Core/Resources/text/items/text_Items_ja.txt,PKHeX.Core/Resources/text/items/text_Items_ko.txt,PKHeX.Core/Resources/text/items/text_Items_en.txt
2124,,,,kwsch/PKHeX,8ad201e80244f630ab5a46922ab72fb79c5ad4f4,PKHeX.Core/Resources/text/items/text_Items_ja.txt,PKHeX.Core/Resources/text/items/text_Items_ko.txt,PKHeX.Core/Resources/text/items/text_Items_en.txt
2125,,,,kwsch/PKHeX,8ad201e80244f630ab5a46922ab72fb79c5ad4f4,PKHeX.Core/Resources/text/items/text_Items_ja.txt,PKHeX.Core/Resources/text/items/text_Items_ko.txt,PKHeX.Core/Resources/text/items/text_Items_en.txt
2126,カイデンのはね,찌리비의깃털,Wattrel Feather,kwsch/PKHeX,8ad201e80244f630ab5a46922ab72fb79c5ad4f4,PKHeX.Core/Resources/text/items/text_Items_ja.txt,PKHeX.Core/Resources/text/items/text_Items_ko.txt,PKHeX.Core/Resources/text/items/text_Items_en.txt
2127,オトシドリのはね,떨구새의깃털,Bombirdier Feather,kwsch/PKHeX,8ad201e80244f630ab5a46922ab72fb79c5ad4f4,PKHeX.Core/Resources/text/items/text_Items_ja.txt,PKHeX.Core/Resources/text/items/text_Items_ko.txt,PKHeX.Core/Resources/text/items/text_Items_en.txt
2128,イキリンコのはね,시비꼬의깃털,Squawkabilly Feather,kwsch/PKHeX,8ad201e80244f630ab5a46922ab72fb79c5ad4f4,PKHeX.Core/Resources/text/items/text_Items_ja.txt,PKHeX.Core/Resources/text/items/text_Items_ko.txt,PKHeX.Core/Resources/text/items/text_Items_en.txt
2129,カラミンゴのうもう,꼬이밍고의솜털,Flamigo Down,kwsch/PKHeX,8ad201e80244f630ab5a46922ab72fb79c5ad4f4,PKHeX.Core/Resources/text/items/text_Items_ja.txt,PKHeX.Core/Resources/text/items/text_Items_ko.txt,PKHeX.Core/Resources/text/items/text_Items_en.txt
2130,ガケガニのハサミ,절벼게의집게,Klawf Claw,kwsch/PKHeX,8ad201e80244f630ab5a46922ab72fb79c5ad4f4,PKHeX.Core/Resources/text/items/text_Items_ja.txt,PKHeX.Core/Resources/text/items/text_Items_ko.txt,PKHeX.Core/Resources/text/items/text_Items_en.txt
2131,コジオのしお,베베솔트의소금,Nacli Salt,kwsch/PKHeX,8ad201e80244f630ab5a46922ab72fb79c5ad4f4,PKHeX.Core/Resources/text/items/text_Items_ja.txt,PKHeX.Core/Resources/text/items/text_Items_ko.txt,PKHeX.Core/Resources/text/items/text_Items_en.txt
2132,キラーメのけっしょう,초롱순의결정,Glimmet Crystal,kwsch/PKHeX,8ad201e80244f630ab5a46922ab72fb79c5ad4f4,PKHeX.Core/Resources/text/items/text_Items_ja.txt,PKHeX.Core/Resources/text/items/text_Items_ko.txt,PKHeX.Core/Resources/text/items/text_Items_en.txt
2133,シルシュルーのインク,땃쭈르의잉크,Shroodle Ink,kwsch/PKHeX,8ad201e80244f630ab5a46922ab72fb79c5ad4f4,PKHeX.Core/Resources/text/items/text_Items_ja.txt,PKHeX.Core/Resources/text/items/text_Items_ko.txt,PKHeX.Core/Resources/text/items/text_Items_en.txt
2134,パピモッチのけ,쫀도기의털,Fidough Fur,kwsch/PKHeX,8ad201e80244f630ab5a46922ab72fb79c5ad4f4,PKHeX.Core/Resources/text/items/text_Items_ja.txt,PKHeX.Core/Resources/text/items/text_Items_ko.txt,PKHeX.Core/Resources/text/items/text_Items_en.txt
2135,オラチフのキバ,오라티프의이빨,Maschiff Fang,kwsch/PKHeX,8ad201e80244f630ab5a46922ab72fb79c5ad4f4,PKHeX.Core/Resources/text/items/text_Items_ja.txt,PKHeX.Core/Resources/text/items/text_Items_ko.txt,PKHeX.Core/Resources/text/items/text_Items_en.txt
2136,アノクサのえだ,그푸리의가지,Bramblin Twig,kwsch/PKHeX,8ad201e80244f630ab5a46922ab72fb79c5ad4f4,PKHeX.Core/Resources/text/items/text_Items_ja.txt,PKHeX.Core/Resources/text/items/text_Items_ko.txt,PKHeX.Core/Resources/text/items/text_Items_en.txt
2137,コレクレーのコイン,모으령의코인,Gimmighoul Coin,kwsch/PKHeX,8ad201e80244f630ab5a46922ab72fb79c5ad4f4,PKHeX.Core/Resources/text/items/text_Items_ja.txt,PKHeX.Core/Resources/text/items/text_Items_ko.txt,PKHeX.Core/Resources/text/items/text_Items_en.txt
2138,,,,kwsch/PKHeX,8ad201e80244f630ab5a46922ab72fb79c5ad4f4,PKHeX.Core/Resources/text/items/text_Items_ja.txt,PKHeX.Core/Resources/text/items/text_Items_ko.txt,PKHeX.Core/Resources/text/items/text_Items_en.txt
2139,,,,kwsch/PKHeX,8ad201e80244f630ab5a46922ab72fb79c5ad4f4,PKHeX.Core/Resources/text/items/text_Items_ja.txt,PKHeX.Core/Resources/text/items/text_Items_ko.txt,PKHeX.Core/Resources/text/items/text_Items_en.txt
2140,,,,kwsch/PKHeX,8ad201e80244f630ab5a46922ab72fb79c5ad4f4,PKHeX.Core/Resources/text/items/text_Items_ja.txt,PKHeX.Core/Resources/text/items/text_Items_ko.txt,PKHeX.Core/Resources/text/items/text_Items_en.txt
2141,,,,kwsch/PKHeX,8ad201e80244f630ab5a46922ab72fb79c5ad4f4,PKHeX.Core/Resources/text/items/text_Items_ja.txt,PKHeX.Core/Resources/text/items/text_Items_ko.txt,PKHeX.Core/Resources/text/items/text_Items_en.txt
2142,,,,kwsch/PKHeX,8ad201e80244f630ab5a46922ab72fb79c5ad4f4,PKHeX.Core/Resources/text/items/text_Items_ja.txt,PKHeX.Core/Resources/text/items/text_Items_ko.txt,PKHeX.Core/Resources/text/items/text_Items_en.txt
2143,,,,kwsch/PKHeX,8ad201e80244f630ab5a46922ab72fb79c5ad4f4,PKHeX.Core/Resources/text/items/text_Items_ja.txt,PKHeX.Core/Resources/text/items/text_Items_ko.txt,PKHeX.Core/Resources/text/items/text_Items_en.txt
2144,,,,kwsch/PKHeX,8ad201e80244f630ab5a46922ab72fb79c5ad4f4,PKHeX.Core/Resources/text/items/text_Items_ja.txt,PKHeX.Core/Resources/text/items/text_Items_ko.txt,PKHeX.Core/Resources/text/items/text_Items_en.txt
2145,,,,kwsch/PKHeX,8ad201e80244f630ab5a46922ab72fb79c5ad4f4,PKHeX.Core/Resources/text/items/text_Items_ja.txt,PKHeX.Core/Resources/text/items/text_Items_ko.txt,PKHeX.Core/Resources/text/items/text_Items_en.txt
2146,,,,kwsch/PKHeX,8ad201e80244f630ab5a46922ab72fb79c5ad4f4,PKHeX.Core/Resources/text/items/text_Items_ja.txt,PKHeX.Core/Resources/text/items/text_Items_ko.txt,PKHeX.Core/Resources/text/items/text_Items_en.txt
2147,,,,kwsch/PKHeX,8ad201e80244f630ab5a46922ab72fb79c5ad4f4,PKHeX.Core/Resources/text/items/text_Items_ja.txt,PKHeX.Core/Resources/text/items/text_Items_ko.txt,PKHeX.Core/Resources/text/items/text_Items_en.txt
2148,,,,kwsch/PKHeX,8ad201e80244f630ab5a46922ab72fb79c5ad4f4,PKHeX.Core/Resources/text/items/text_Items_ja.txt,PKHeX.Core/Resources/text/items/text_Items_ko.txt,PKHeX.Core/Resources/text/items/text_Items_en.txt
2149,,,,kwsch/PKHeX,8ad201e80244f630ab5a46922ab72fb79c5ad4f4,PKHeX.Core/Resources/text/items/text_Items_ja.txt,PKHeX.Core/Resources/text/items/text_Items_ko.txt,PKHeX.Core/Resources/text/items/text_Items_en.txt
2150,,,,kwsch/PKHeX,8ad201e80244f630ab5a46922ab72fb79c5ad4f4,PKHeX.Core/Resources/text/items/text_Items_ja.txt,PKHeX.Core/Resources/text/items/text_Items_ko.txt,PKHeX.Core/Resources/text/items/text_Items_en.txt
2151,,,,kwsch/PKHeX,8ad201e80244f630ab5a46922ab72fb79c5ad4f4,PKHeX.Core/Resources/text/items/text_Items_ja.txt,PKHeX.Core/Resources/text/items/text_Items_ko.txt,PKHeX.Core/Resources/text/items/text_Items_en.txt
2152,,,,kwsch/PKHeX,8ad201e80244f630ab5a46922ab72fb79c5ad4f4,PKHeX.Core/Resources/text/items/text_Items_ja.txt,PKHeX.Core/Resources/text/items/text_Items_ko.txt,PKHeX.Core/Resources/text/items/text_Items_en.txt
2153,,,,kwsch/PKHeX,8ad201e80244f630ab5a46922ab72fb79c5ad4f4,PKHeX.Core/Resources/text/items/text_Items_ja.txt,PKHeX.Core/Resources/text/items/text_Items_ko.txt,PKHeX.Core/Resources/text/items/text_Items_en.txt
2154,,,,kwsch/PKHeX,8ad201e80244f630ab5a46922ab72fb79c5ad4f4,PKHeX.Core/Resources/text/items/text_Items_ja.txt,PKHeX.Core/Resources/text/items/text_Items_ko.txt,PKHeX.Core/Resources/text/items/text_Items_en.txt
2155,,,,kwsch/PKHeX,8ad201e80244f630ab5a46922ab72fb79c5ad4f4,PKHeX.Core/Resources/text/items/text_Items_ja.txt,PKHeX.Core/Resources/text/items/text_Items_ko.txt,PKHeX.Core/Resources/text/items/text_Items_en.txt
2156,カヌチャンのけ,어리짱의털,Tinkatink Hair,kwsch/PKHeX,8ad201e80244f630ab5a46922ab72fb79c5ad4f4,PKHeX.Core/Resources/text/items/text_Items_ja.txt,PKHeX.Core/Resources/text/items/text_Items_ko.txt,PKHeX.Core/Resources/text/items/text_Items_en.txt
2157,カルボウのすす,카르본의검댕,Charcadet Soot,kwsch/PKHeX,8ad201e80244f630ab5a46922ab72fb79c5ad4f4,PKHeX.Core/Resources/text/items/text_Items_ja.txt,PKHeX.Core/Resources/text/items/text_Items_ko.txt,PKHeX.Core/Resources/text/items/text_Items_en.txt
2158,ノノクラゲのヒラヒラ,들눈해의갓,Toedscool Flaps,kwsch/PKHeX,8ad201e80244f630ab5a46922ab72fb79c5ad4f4,PKHeX.Core/Resources/text/items/text_Items_ja.txt,PKHeX.Core/Resources/text/items/text_Items_ko.txt,PKHeX.Core/Resources/text/items/text_Items_en.txt
2159,ウパーのねんえき,우파의점액,Wooper Slime,kwsch/PKHeX,8ad201e80244f630ab5a46922ab72fb79c5ad4f4,PKHeX.Core/Resources/text/items/text_Items_ja.txt,PKHeX.Core/Resources/text/items/text_Items_ko.txt,PKHeX.Core/Resources/text/items/text_Items_en.txt
2160,わざマシン１００,기술머신100,TM100,kwsch/PKHeX,8ad201e80244f630ab5a46922ab72fb79c5ad4f4,PKHeX.Core/Resources/text/items/text_Items_ja.txt,PKHeX.Core/Resources/text/items/text_Items_ko.txt,PKHeX.Core/Resources/text/items/text_Items_en.txt
2161,わざマシン１０１,기술머신101,TM101,kwsch/PKHeX,8ad201e80244f630ab5a46922ab72fb79c5ad4f4,PKHeX.Core/Resources/text/items/text_Items_ja.txt,PKHeX.Core/Resources/text/items/text_Items_ko.txt,PKHeX.Core/Resources/text/items/text_Items_en.txt
2162,わざマシン１０２,기술머신102,TM102,kwsch/PKHeX,8ad201e80244f630ab5a46922ab72fb79c5ad4f4,PKHeX.Core/Resources/text/items/text_Items_ja.txt,PKHeX.Core/Resources/text/items/text_Items_ko.txt,PKHeX.Core/Resources/text/items/text_Items_en.txt
2163,わざマシン１０３,기술머신103,TM103,kwsch/PKHeX,8ad201e80244f630ab5a46922ab72fb79c5ad4f4,PKHeX.Core/Resources/text/items/text_Items_ja.txt,PKHeX.Core/Resources/text/items/text_Items_ko.txt,PKHeX.Core/Resources/text/items/text_Items_en.txt
2164,わざマシン１０４,기술머신104,TM104,kwsch/PKHeX,8ad201e80244f630ab5a46922ab72fb79c5ad4f4,PKHeX.Core/Resources/text/items/text_Items_ja.txt,PKHeX.Core/Resources/text/items/text_Items_ko.txt,PKHeX.Core/Resources/text/items/text_Items_en.txt
2165,わざマシン１０５,기술머신105,TM105,kwsch/PKHeX,8ad201e80244f630ab5a46922ab72fb79c5ad4f4,PKHeX.Core/Resources/text/items/text_Items_ja.txt,PKHeX.Core/Resources/text/items/text_Items_ko.txt,PKHeX.Core/Resources/text/items/text_Items_en.txt
2166,わざマシン１０６,기술머신106,TM106,kwsch/PKHeX,8ad201e80244f630ab5a46922ab72fb79c5ad4f4,PKHeX.Core/Resources/text/items/text_Items_ja.txt,PKHeX.Core/Resources/text/items/text_Items_ko.txt,PKHeX.Core/Resources/text/items/text_Items_en.txt
2167,わざマシン１０７,기술머신107,TM107,kwsch/PKHeX,8ad201e80244f630ab5a46922ab72fb79c5ad4f4,PKHeX.Core/Resources/text/items/text_Items_ja.txt,PKHeX.Core/Resources/text/items/text_Items_ko.txt,PKHeX.Core/Resources/text/items/text_Items_en.txt
2168,わざマシン１０８,기술머신108,TM108,kwsch/PKHeX,8ad201e80244f630ab5a46922ab72fb79c5ad4f4,PKHeX.Core/Resources/text/items/text_Items_ja.txt,PKHeX.Core/Resources/text/items/text_Items_ko.txt,PKHeX.Core/Resources/text/items/text_Items_en.txt
2169,わざマシン１０９,기술머신109,TM109,kwsch/PKHeX,8ad201e80244f630ab5a46922ab72fb79c5ad4f4,PKHeX.Core/Resources/text/items/text_Items_ja.txt,PKHeX.Core/Resources/text/items/text_Items_ko.txt,PKHeX.Core/Resources/text/items/text_Items_en.txt
2170,わざマシン１１０,기술머신110,TM110,kwsch/PKHeX,8ad201e80244f630ab5a46922ab72fb79c5ad4f4,PKHeX.Core/Resources/text/items/text_Items_ja.txt,PKHeX.Core/Resources/text/items/text_Items_ko.txt,PKHeX.Core/Resources/text/items/text_Items_en.txt
2171,わざマシン１１１,기술머신111,TM111,kwsch/PKHeX,8ad201e80244f630ab5a46922ab72fb79c5ad4f4,PKHeX.Core/Resources/text/items/text_Items_ja.txt,PKHeX.Core/Resources/text/items/text_Items_ko.txt,PKHeX.Core/Resources/text/items/text_Items_en.txt
2172,わざマシン１１２,기술머신112,TM112,kwsch/PKHeX,8ad201e80244f630ab5a46922ab72fb79c5ad4f4,PKHeX.Core/Resources/text/items/text_Items_ja.txt,PKHeX.Core/Resources/text/items/text_Items_ko.txt,PKHeX.Core/Resources/text/items/text_Items_en.txt
2173,わざマシン１１３,기술머신113,TM113,kwsch/PKHeX,8ad201e80244f630ab5a46922ab72fb79c5ad4f4,PKHeX.Core/Resources/text/items/text_Items_ja.txt,PKHeX.Core/Resources/text/items/text_Items_ko.txt,PKHeX.Core/Resources/text/items/text_Items_en.txt
2174,わざマシン１１４,기술머신114,TM114,kwsch/PKHeX,8ad201e80244f630ab5a46922ab72fb79c5ad4f4,PKHeX.Core/Resources/text/items/text_Items_ja.txt,PKHeX.Core/Resources/text/items/text_Items_ko.txt,PKHeX.Core/Resources/text/items/text_Items_en.txt
2175,わざマシン１１５,기술머신115,TM115,kwsch/PKHeX,8ad201e80244f630ab5a46922ab72fb79c5ad4f4,PKHeX.Core/Resources/text/items/text_Items_ja.txt,PKHeX.Core/Resources/text/items/text_Items_ko.txt,PKHeX.Core/Resources/text/items/text_Items_en.txt
2176,わざマシン１１６,기술머신116,TM116,kwsch/PKHeX,8ad201e80244f630ab5a46922ab72fb79c5ad4f4,PKHeX.Core/Resources/text/items/text_Items_ja.txt,PKHeX.Core/Resources/text/items/text_Items_ko.txt,PKHeX.Core/Resources/text/items/text_Items_en.txt
2177,わざマシン１１７,기술머신117,TM117,kwsch/PKHeX,8ad201e80244f630ab5a46922ab72fb79c5ad4f4,PKHeX.Core/Resources/text/items/text_Items_ja.txt,PKHeX.Core/Resources/text/items/text_Items_ko.txt,PKHeX.Core/Resources/text/items/text_Items_en.txt
2178,わざマシン１１８,기술머신118,TM118,kwsch/PKHeX,8ad201e80244f630ab5a46922ab72fb79c5ad4f4,PKHeX.Core/Resources/text/items/text_Items_ja.txt,PKHeX.Core/Resources/text/items/text_Items_ko.txt,PKHeX.Core/Resources/text/items/text_Items_en.txt
2179,わざマシン１１９,기술머신119,TM119,kwsch/PKHeX,8ad201e80244f630ab5a46922ab72fb79c5ad4f4,PKHeX.Core/Resources/text/items/text_Items_ja.txt,PKHeX.Core/Resources/text/items/text_Items_ko.txt,PKHeX.Core/Resources/text/items/text_Items_en.txt
2180,わざマシン１２０,기술머신120,TM120,kwsch/PKHeX,8ad201e80244f630ab5a46922ab72fb79c5ad4f4,PKHeX.Core/Resources/text/items/text_Items_ja.txt,PKHeX.Core/Resources/text/items/text_Items_ko.txt,PKHeX.Core/Resources/text/items/text_Items_en.txt
2181,わざマシン１２１,기술머신121,TM121,kwsch/PKHeX,8ad201e80244f630ab5a46922ab72fb79c5ad4f4,PKHeX.Core/Resources/text/items/text_Items_ja.txt,PKHeX.Core/Resources/text/items/text_Items_ko.txt,PKHeX.Core/Resources/text/items/text_Items_en.txt
2182,わざマシン１２２,기술머신122,TM122,kwsch/PKHeX,8ad201e80244f630ab5a46922ab72fb79c5ad4f4,PKHeX.Core/Resources/text/items/text_Items_ja.txt,PKHeX.Core/Resources/text/items/text_Items_ko.txt,PKHeX.Core/Resources/text/items/text_Items_en.txt
2183,わざマシン１２３,기술머신123,TM123,kwsch/PKHeX,8ad201e80244f630ab5a46922ab72fb79c5ad4f4,PKHeX.Core/Resources/text/items/text_Items_ja.txt,PKHeX.Core/Resources/text/items/text_Items_ko.txt,PKHeX.Core/Resources/text/items/text_Items_en.txt
2184,わざマシン１２４,기술머신124,TM124,kwsch/PKHeX,8ad201e80244f630ab5a46922ab72fb79c5ad4f4,PKHeX.Core/Resources/text/items/text_Items_ja.txt,PKHeX.Core/Resources/text/items/text_Items_ko.txt,PKHeX.Core/Resources/text/items/text_Items_en.txt
2185,わざマシン１２５,기술머신125,TM125,kwsch/PKHeX,8ad201e80244f630ab5a46922ab72fb79c5ad4f4,PKHeX.Core/Resources/text/items/text_Items_ja.txt,PKHeX.Core/Resources/text/items/text_Items_ko.txt,PKHeX.Core/Resources/text/items/text_Items_en.txt
2186,わざマシン１２６,기술머신126,TM126,kwsch/PKHeX,8ad201e80244f630ab5a46922ab72fb79c5ad4f4,PKHeX.Core/Resources/text/items/text_Items_ja.txt,PKHeX.Core/Resources/text/items/text_Items_ko.txt,PKHeX.Core/Resources/text/items/text_Items_en.txt
2187,わざマシン１２７,기술머신127,TM127,kwsch/PKHeX,8ad201e80244f630ab5a46922ab72fb79c5ad4f4,PKHeX.Core/Resources/text/items/text_Items_ja.txt,PKHeX.Core/Resources/text/items/text_Items_ko.txt,PKHeX.Core/Resources/text/items/text_Items_en.txt
2188,わざマシン１２８,기술머신128,TM128,kwsch/PKHeX,8ad201e80244f630ab5a46922ab72fb79c5ad4f4,PKHeX.Core/Resources/text/items/text_Items_ja.txt,PKHeX.Core/Resources/text/items/text_Items_ko.txt,PKHeX.Core/Resources/text/items/text_Items_en.txt
2189,わざマシン１２９,기술머신129,TM129,kwsch/PKHeX,8ad201e80244f630ab5a46922ab72fb79c5ad4f4,PKHeX.Core/Resources/text/items/text_Items_ja.txt,PKHeX.Core/Resources/text/items/text_Items_ko.txt,PKHeX.Core/Resources/text/items/text_Items_en.txt
2190,わざマシン１３０,기술머신130,TM130,kwsch/PKHeX,8ad201e80244f630ab5a46922ab72fb79c5ad4f4,PKHeX.Core/Resources/text/items/text_Items_ja.txt,PKHeX.Core/Resources/text/items/text_Items_ko.txt,PKHeX.Core/Resources/text/items/text_Items_en.txt
2191,わざマシン１３１,기술머신131,TM131,kwsch/PKHeX,8ad201e80244f630ab5a46922ab72fb79c5ad4f4,PKHeX.Core/Resources/text/items/text_Items_ja.txt,PKHeX.Core/Resources/text/items/text_Items_ko.txt,PKHeX.Core/Resources/text/items/text_Items_en.txt
2192,わざマシン１３２,기술머신132,TM132,kwsch/PKHeX,8ad201e80244f630ab5a46922ab72fb79c5ad4f4,PKHeX.Core/Resources/text/items/text_Items_ja.txt,PKHeX.Core/Resources/text/items/text_Items_ko.txt,PKHeX.Core/Resources/text/items/text_Items_en.txt
2193,わざマシン１３３,기술머신133,TM133,kwsch/PKHeX,8ad201e80244f630ab5a46922ab72fb79c5ad4f4,PKHeX.Core/Resources/text/items/text_Items_ja.txt,PKHeX.Core/Resources/text/items/text_Items_ko.txt,PKHeX.Core/Resources/text/items/text_Items_en.txt
2194,わざマシン１３４,기술머신134,TM134,kwsch/PKHeX,8ad201e80244f630ab5a46922ab72fb79c5ad4f4,PKHeX.Core/Resources/text/items/text_Items_ja.txt,PKHeX.Core/Resources/text/items/text_Items_ko.txt,PKHeX.Core/Resources/text/items/text_Items_en.txt
2195,わざマシン１３５,기술머신135,TM135,kwsch/PKHeX,8ad201e80244f630ab5a46922ab72fb79c5ad4f4,PKHeX.Core/Resources/text/items/text_Items_ja.txt,PKHeX.Core/Resources/text/items/text_Items_ko.txt,PKHeX.Core/Resources/text/items/text_Items_en.txt
2196,わざマシン１３６,기술머신136,TM136,kwsch/PKHeX,8ad201e80244f630ab5a46922ab72fb79c5ad4f4,PKHeX.Core/Resources/text/items/text_Items_ja.txt,PKHeX.Core/Resources/text/items/text_Items_ko.txt,PKHeX.Core/Resources/text/items/text_Items_en.txt
2197,わざマシン１３７,기술머신137,TM137,kwsch/PKHeX,8ad201e80244f630ab5a46922ab72fb79c5ad4f4,PKHeX.Core/Resources/text/items/text_Items_ja.txt,PKHeX.Core/Resources/text/items/text_Items_ko.txt,PKHeX.Core/Resources/text/items/text_Items_en.txt
2198,わざマシン１３８,기술머신138,TM138,kwsch/PKHeX,8ad201e80244f630ab5a46922ab72fb79c5ad4f4,PKHeX.Core/Resources/text/items/text_Items_ja.txt,PKHeX.Core/Resources/text/items/text_Items_ko.txt,PKHeX.Core/Resources/text/items/text_Items_en.txt
2199,わざマシン１３９,기술머신139,TM139,kwsch/PKHeX,8ad201e80244f630ab5a46922ab72fb79c5ad4f4,PKHeX.Core/Resources/text/items/text_Items_ja.txt,PKHeX.Core/Resources/text/items/text_Items_ko.txt,PKHeX.Core/Resources/text/items/text_Items_en.txt
2200,わざマシン１４０,기술머신140,TM140,kwsch/PKHeX,8ad201e80244f630ab5a46922ab72fb79c5ad4f4,PKHeX.Core/Resources/text/items/text_Items_ja.txt,PKHeX.Core/Resources/text/items/text_Items_ko.txt,PKHeX.Core/Resources/text/items/text_Items_en.txt
2201,わざマシン１４１,기술머신141,TM141,kwsch/PKHeX,8ad201e80244f630ab5a46922ab72fb79c5ad4f4,PKHeX.Core/Resources/text/items/text_Items_ja.txt,PKHeX.Core/Resources/text/items/text_Items_ko.txt,PKHeX.Core/Resources/text/items/text_Items_en.txt
2202,わざマシン１４２,기술머신142,TM142,kwsch/PKHeX,8ad201e80244f630ab5a46922ab72fb79c5ad4f4,PKHeX.Core/Resources/text/items/text_Items_ja.txt,PKHeX.Core/Resources/text/items/text_Items_ko.txt,PKHeX.Core/Resources/text/items/text_Items_en.txt
2203,わざマシン１４３,기술머신143,TM143,kwsch/PKHeX,8ad201e80244f630ab5a46922ab72fb79c5ad4f4,PKHeX.Core/Resources/text/items/text_Items_ja.txt,PKHeX.Core/Resources/text/items/text_Items_ko.txt,PKHeX.Core/Resources/text/items/text_Items_en.txt
2204,わざマシン１４４,기술머신144,TM144,kwsch/PKHeX,8ad201e80244f630ab5a46922ab72fb79c5ad4f4,PKHeX.Core/Resources/text/items/text_Items_ja.txt,PKHeX.Core/Resources/text/items/text_Items_ko.txt,PKHeX.Core/Resources/text/items/text_Items_en.txt
2205,わざマシン１４５,기술머신145,TM145,kwsch/PKHeX,8ad201e80244f630ab5a46922ab72fb79c5ad4f4,PKHeX.Core/Resources/text/items/text_Items_ja.txt,PKHeX.Core/Resources/text/items/text_Items_ko.txt,PKHeX.Core/Resources/text/items/text_Items_en.txt
2206,わざマシン１４６,기술머신146,TM146,kwsch/PKHeX,8ad201e80244f630ab5a46922ab72fb79c5ad4f4,PKHeX.Core/Resources/text/items/text_Items_ja.txt,PKHeX.Core/Resources/text/items/text_Items_ko.txt,PKHeX.Core/Resources/text/items/text_Items_en.txt
2207,わざマシン１４７,기술머신147,TM147,kwsch/PKHeX,8ad201e80244f630ab5a46922ab72fb79c5ad4f4,PKHeX.Core/Resources/text/items/text_Items_ja.txt,PKHeX.Core/Resources/text/items/text_Items_ko.txt,PKHeX.Core/Resources/text/items/text_Items_en.txt
2208,わざマシン１４８,기술머신148,TM148,kwsch/PKHeX,8ad201e80244f630ab5a46922ab72fb79c5ad4f4,PKHeX.Core/Resources/text/items/text_Items_ja.txt,PKHeX.Core/Resources/text/items/text_Items_ko.txt,PKHeX.Core/Resources/text/items/text_Items_en.txt
2209,わざマシン１４９,기술머신149,TM149,kwsch/PKHeX,8ad201e80244f630ab5a46922ab72fb79c5ad4f4,PKHeX.Core/Resources/text/items/text_Items_ja.txt,PKHeX.Core/Resources/text/items/text_Items_ko.txt,PKHeX.Core/Resources/text/items/text_Items_en.txt
2210,わざマシン１５０,기술머신150,TM150,kwsch/PKHeX,8ad201e80244f630ab5a46922ab72fb79c5ad4f4,PKHeX.Core/Resources/text/items/text_Items_ja.txt,PKHeX.Core/Resources/text/items/text_Items_ko.txt,PKHeX.Core/Resources/text/items/text_Items_en.txt
2211,わざマシン１５１,기술머신151,TM151,kwsch/PKHeX,8ad201e80244f630ab5a46922ab72fb79c5ad4f4,PKHeX.Core/Resources/text/items/text_Items_ja.txt,PKHeX.Core/Resources/text/items/text_Items_ko.txt,PKHeX.Core/Resources/text/items/text_Items_en.txt
2212,わざマシン１５２,기술머신152,TM152,kwsch/PKHeX,8ad201e80244f630ab5a46922ab72fb79c5ad4f4,PKHeX.Core/Resources/text/items/text_Items_ja.txt,PKHeX.Core/Resources/text/items/text_Items_ko.txt,PKHeX.Core/Resources/text/items/text_Items_en.txt
2213,わざマシン１５３,기술머신153,TM153,kwsch/PKHeX,8ad201e80244f630ab5a46922ab72fb79c5ad4f4,PKHeX.Core/Resources/text/items/text_Items_ja.txt,PKHeX.Core/Resources/text/items/text_Items_ko.txt,PKHeX.Core/Resources/text/items/text_Items_en.txt
2214,わざマシン１５４,기술머신154,TM154,kwsch/PKHeX,8ad201e80244f630ab5a46922ab72fb79c5ad4f4,PKHeX.Core/Resources/text/items/text_Items_ja.txt,PKHeX.Core/Resources/text/items/text_Items_ko.txt,PKHeX.Core/Resources/text/items/text_Items_en.txt
2215,わざマシン１５５,기술머신155,TM155,kwsch/PKHeX,8ad201e80244f630ab5a46922ab72fb79c5ad4f4,PKHeX.Core/Resources/text/items/text_Items_ja.txt,PKHeX.Core/Resources/text/items/text_Items_ko.txt,PKHeX.Core/Resources/text/items/text_Items_en.txt
2216,わざマシン１５６,기술머신156,TM156,kwsch/PKHeX,8ad201e80244f630ab5a46922ab72fb79c5ad4f4,PKHeX.Core/Resources/text/items/text_Items_ja.txt,PKHeX.Core/Resources/text/items/text_Items_ko.txt,PKHeX.Core/Resources/text/items/text_Items_en.txt
2217,わざマシン１５７,기술머신157,TM157,kwsch/PKHeX,8ad201e80244f630ab5a46922ab72fb79c5ad4f4,PKHeX.Core/Resources/text/items/text_Items_ja.txt,PKHeX.Core/Resources/text/items/text_Items_ko.txt,PKHeX.Core/Resources/text/items/text_Items_en.txt
2218,わざマシン１５８,기술머신158,TM158,kwsch/PKHeX,8ad201e80244f630ab5a46922ab72fb79c5ad4f4,PKHeX.Core/Resources/text/items/text_Items_ja.txt,PKHeX.Core/Resources/text/items/text_Items_ko.txt,PKHeX.Core/Resources/text/items/text_Items_en.txt
2219,わざマシン１５９,기술머신159,TM159,kwsch/PKHeX,8ad201e80244f630ab5a46922ab72fb79c5ad4f4,PKHeX.Core/Resources/text/items/text_Items_ja.txt,PKHeX.Core/Resources/text/items/text_Items_ko.txt,PKHeX.Core/Resources/text/items/text_Items_en.txt
2220,わざマシン１６０,기술머신160,TM160,kwsch/PKHeX,8ad201e80244f630ab5a46922ab72fb79c5ad4f4,PKHeX.Core/Resources/text/items/text_Items_ja.txt,PKHeX.Core/Resources/text/items/text_Items_ko.txt,PKHeX.Core/Resources/text/items/text_Items_en.txt
2221,わざマシン１６１,기술머신161,TM161,kwsch/PKHeX,8ad201e80244f630ab5a46922ab72fb79c5ad4f4,PKHeX.Core/Resources/text/items/text_Items_ja.txt,PKHeX.Core/Resources/text/items/text_Items_ko.txt,PKHeX.Core/Resources/text/items/text_Items_en.txt
2222,わざマシン１６２,기술머신162,TM162,kwsch/PKHeX,8ad201e80244f630ab5a46922ab72fb79c5ad4f4,PKHeX.Core/Resources/text/items/text_Items_ja.txt,PKHeX.Core/Resources/text/items/text_Items_ko.txt,PKHeX.Core/Resources/text/items/text_Items_en.txt
2223,わざマシン１６３,기술머신163,TM163,kwsch/PKHeX,8ad201e80244f630ab5a46922ab72fb79c5ad4f4,PKHeX.Core/Resources/text/items/text_Items_ja.txt,PKHeX.Core/Resources/text/items/text_Items_ko.txt,PKHeX.Core/Resources/text/items/text_Items_en.txt
2224,わざマシン１６４,기술머신164,TM164,kwsch/PKHeX,8ad201e80244f630ab5a46922ab72fb79c5ad4f4,PKHeX.Core/Resources/text/items/text_Items_ja.txt,PKHeX.Core/Resources/text/items/text_Items_ko.txt,PKHeX.Core/Resources/text/items/text_Items_en.txt
2225,わざマシン１６５,기술머신165,TM165,kwsch/PKHeX,8ad201e80244f630ab5a46922ab72fb79c5ad4f4,PKHeX.Core/Resources/text/items/text_Items_ja.txt,PKHeX.Core/Resources/text/items/text_Items_ko.txt,PKHeX.Core/Resources/text/items/text_Items_en.txt
2226,わざマシン１６６,기술머신166,TM166,kwsch/PKHeX,8ad201e80244f630ab5a46922ab72fb79c5ad4f4,PKHeX.Core/Resources/text/items/text_Items_ja.txt,PKHeX.Core/Resources/text/items/text_Items_ko.txt,PKHeX.Core/Resources/text/items/text_Items_en.txt
2227,わざマシン１６７,기술머신167,TM167,kwsch/PKHeX,8ad201e80244f630ab5a46922ab72fb79c5ad4f4,PKHeX.Core/Resources/text/items/text_Items_ja.txt,PKHeX.Core/Resources/text/items/text_Items_ko.txt,PKHeX.Core/Resources/text/items/text_Items_en.txt
2228,わざマシン１６８,기술머신168,TM168,kwsch/PKHeX,8ad201e80244f630ab5a46922ab72fb79c5ad4f4,PKHeX.Core/Resources/text/items/text_Items_ja.txt,PKHeX.Core/Resources/text/items/text_Items_ko.txt,PKHeX.Core/Resources/text/items/text_Items_en.txt
2229,わざマシン１６９,기술머신169,TM169,kwsch/PKHeX,8ad201e80244f630ab5a46922ab72fb79c5ad4f4,PKHeX.Core/Resources/text/items/text_Items_ja.txt,PKHeX.Core/Resources/text/items/text_Items_ko.txt,PKHeX.Core/Resources/text/items/text_Items_en.txt
2230,わざマシン１７０,기술머신170,TM170,kwsch/PKHeX,8ad201e80244f630ab5a46922ab72fb79c5ad4f4,PKHeX.Core/Resources/text/items/text_Items_ja.txt,PKHeX.Core/Resources/text/items/text_Items_ko.txt,PKHeX.Core/Resources/text/items/text_Items_en.txt
2231,わざマシン１７１,기술머신171,TM171,kwsch/PKHeX,8ad201e80244f630ab5a46922ab72fb79c5ad4f4,PKHeX.Core/Resources/text/items/text_Items_ja.txt,PKHeX.Core/Resources/text/items/text_Items_ko.txt,PKHeX.Core/Resources/text/items/text_Items_en.txt
2232,わざマシン１７２,기술머신172,TM172,kwsch/PKHeX,8ad201e80244f630ab5a46922ab72fb79c5ad4f4,PKHeX.Core/Resources/text/items/text_Items_ja.txt,PKHeX.Core/Resources/text/items/text_Items_ko.txt,PKHeX.Core/Resources/text/items/text_Items_en.txt
2233,わざマシン１７３,기술머신173,TM173,kwsch/PKHeX,8ad201e80244f630ab5a46922ab72fb79c5ad4f4,PKHeX.Core/Resources/text/items/text_Items_ja.txt,PKHeX.Core/Resources/text/items/text_Items_ko.txt,PKHeX.Core/Resources/text/items/text_Items_en.txt
2234,わざマシン１７４,기술머신174,TM174,kwsch/PKHeX,8ad201e80244f630ab5a46922ab72fb79c5ad4f4,PKHeX.Core/Resources/text/items/text_Items_ja.txt,PKHeX.Core/Resources/text/items/text_Items_ko.txt,PKHeX.Core/Resources/text/items/text_Items_en.txt
2235,わざマシン１７５,기술머신175,TM175,kwsch/PKHeX,8ad201e80244f630ab5a46922ab72fb79c5ad4f4,PKHeX.Core/Resources/text/items/text_Items_ja.txt,PKHeX.Core/Resources/text/items/text_Items_ko.txt,PKHeX.Core/Resources/text/items/text_Items_en.txt
2236,わざマシン１７６,기술머신176,TM176,kwsch/PKHeX,8ad201e80244f630ab5a46922ab72fb79c5ad4f4,PKHeX.Core/Resources/text/items/text_Items_ja.txt,PKHeX.Core/Resources/text/items/text_Items_ko.txt,PKHeX.Core/Resources/text/items/text_Items_en.txt
2237,わざマシン１７７,기술머신177,TM177,kwsch/PKHeX,8ad201e80244f630ab5a46922ab72fb79c5ad4f4,PKHeX.Core/Resources/text/items/text_Items_ja.txt,PKHeX.Core/Resources/text/items/text_Items_ko.txt,PKHeX.Core/Resources/text/items/text_Items_en.txt
2238,わざマシン１７８,기술머신178,TM178,kwsch/PKHeX,8ad201e80244f630ab5a46922ab72fb79c5ad4f4,PKHeX.Core/Resources/text/items/text_Items_ja.txt,PKHeX.Core/Resources/text/items/text_Items_ko.txt,PKHeX.Core/Resources/text/items/text_Items_en.txt
2239,わざマシン１７９,기술머신179,TM179,kwsch/PKHeX,8ad201e80244f630ab5a46922ab72fb79c5ad4f4,PKHeX.Core/Resources/text/items/text_Items_ja.txt,PKHeX.Core/Resources/text/items/text_Items_ko.txt,PKHeX.Core/Resources/text/items/text_Items_en.txt
2240,わざマシン１８０,기술머신180,TM180,kwsch/PKHeX,8ad201e80244f630ab5a46922ab72fb79c5ad4f4,PKHeX.Core/Resources/text/items/text_Items_ja.txt,PKHeX.Core/Resources/text/items/text_Items_ko.txt,PKHeX.Core/Resources/text/items/text_Items_en.txt
2241,わざマシン１８１,기술머신181,TM181,kwsch/PKHeX,8ad201e80244f630ab5a46922ab72fb79c5ad4f4,PKHeX.Core/Resources/text/items/text_Items_ja.txt,PKHeX.Core/Resources/text/items/text_Items_ko.txt,PKHeX.Core/Resources/text/items/text_Items_en.txt
2242,わざマシン１８２,기술머신182,TM182,kwsch/PKHeX,8ad201e80244f630ab5a46922ab72fb79c5ad4f4,PKHeX.Core/Resources/text/items/text_Items_ja.txt,PKHeX.Core/Resources/text/items/text_Items_ko.txt,PKHeX.Core/Resources/text/items/text_Items_en.txt
2243,わざマシン１８３,기술머신183,TM183,kwsch/PKHeX,8ad201e80244f630ab5a46922ab72fb79c5ad4f4,PKHeX.Core/Resources/text/items/text_Items_ja.txt,PKHeX.Core/Resources/text/items/text_Items_ko.txt,PKHeX.Core/Resources/text/items/text_Items_en.txt
2244,わざマシン１８４,기술머신184,TM184,kwsch/PKHeX,8ad201e80244f630ab5a46922ab72fb79c5ad4f4,PKHeX.Core/Resources/text/items/text_Items_ja.txt,PKHeX.Core/Resources/text/items/text_Items_ko.txt,PKHeX.Core/Resources/text/items/text_Items_en.txt
2245,わざマシン１８５,기술머신185,TM185,kwsch/PKHeX,8ad201e80244f630ab5a46922ab72fb79c5ad4f4,PKHeX.Core/Resources/text/items/text_Items_ja.txt,PKHeX.Core/Resources/text/items/text_Items_ko.txt,PKHeX.Core/Resources/text/items/text_Items_en.txt
2246,わざマシン１８６,기술머신186,TM186,kwsch/PKHeX,8ad201e80244f630ab5a46922ab72fb79c5ad4f4,PKHeX.Core/Resources/text/items/text_Items_ja.txt,PKHeX.Core/Resources/text/items/text_Items_ko.txt,PKHeX.Core/Resources/text/items/text_Items_en.txt
2247,わざマシン１８７,기술머신187,TM187,kwsch/PKHeX,8ad201e80244f630ab5a46922ab72fb79c5ad4f4,PKHeX.Core/Resources/text/items/text_Items_ja.txt,PKHeX.Core/Resources/text/items/text_Items_ko.txt,PKHeX.Core/Resources/text/items/text_Items_en.txt
2248,わざマシン１８８,기술머신188,TM188,kwsch/PKHeX,8ad201e80244f630ab5a46922ab72fb79c5ad4f4,PKHeX.Core/Resources/text/items/text_Items_ja.txt,PKHeX.Core/Resources/text/items/text_Items_ko.txt,PKHeX.Core/Resources/text/items/text_Items_en.txt
2249,わざマシン１８９,기술머신189,TM189,kwsch/PKHeX,8ad201e80244f630ab5a46922ab72fb79c5ad4f4,PKHeX.Core/Resources/text/items/text_Items_ja.txt,PKHeX.Core/Resources/text/items/text_Items_ko.txt,PKHeX.Core/Resources/text/items/text_Items_en.txt
2250,わざマシン１９０,기술머신190,TM190,kwsch/PKHeX,8ad201e80244f630ab5a46922ab72fb79c5ad4f4,PKHeX.Core/Resources/text/items/text_Items_ja.txt,PKHeX.Core/Resources/text/items/text_Items_ko.txt,PKHeX.Core/Resources/text/items/text_Items_en.txt
2251,わざマシン１９１,기술머신191,TM191,kwsch/PKHeX,8ad201e80244f630ab5a46922ab72fb79c5ad4f4,PKHeX.Core/Resources/text/items/text_Items_ja.txt,PKHeX.Core/Resources/text/items/text_Items_ko.txt,PKHeX.Core/Resources/text/items/text_Items_en.txt
2252,わざマシン１９２,기술머신192,TM192,kwsch/PKHeX,8ad201e80244f630ab5a46922ab72fb79c5ad4f4,PKHeX.Core/Resources/text/items/text_Items_ja.txt,PKHeX.Core/Resources/text/items/text_Items_ko.txt,PKHeX.Core/Resources/text/items/text_Items_en.txt
2253,わざマシン１９３,기술머신193,TM193,kwsch/PKHeX,8ad201e80244f630ab5a46922ab72fb79c5ad4f4,PKHeX.Core/Resources/text/items/text_Items_ja.txt,PKHeX.Core/Resources/text/items/text_Items_ko.txt,PKHeX.Core/Resources/text/items/text_Items_en.txt
2254,わざマシン１９４,기술머신194,TM194,kwsch/PKHeX,8ad201e80244f630ab5a46922ab72fb79c5ad4f4,PKHeX.Core/Resources/text/items/text_Items_ja.txt,PKHeX.Core/Resources/text/items/text_Items_ko.txt,PKHeX.Core/Resources/text/items/text_Items_en.txt
2255,わざマシン１９５,기술머신195,TM195,kwsch/PKHeX,8ad201e80244f630ab5a46922ab72fb79c5ad4f4,PKHeX.Core/Resources/text/items/text_Items_ja.txt,PKHeX.Core/Resources/text/items/text_Items_ko.txt,PKHeX.Core/Resources/text/items/text_Items_en.txt
2256,わざマシン１９６,기술머신196,TM196,kwsch/PKHeX,8ad201e80244f630ab5a46922ab72fb79c5ad4f4,PKHeX.Core/Resources/text/items/text_Items_ja.txt,PKHeX.Core/Resources/text/items/text_Items_ko.txt,PKHeX.Core/Resources/text/items/text_Items_en.txt
2257,わざマシン１９７,기술머신197,TM197,kwsch/PKHeX,8ad201e80244f630ab5a46922ab72fb79c5ad4f4,PKHeX.Core/Resources/text/items/text_Items_ja.txt,PKHeX.Core/Resources/text/items/text_Items_ko.txt,PKHeX.Core/Resources/text/items/text_Items_en.txt
2258,わざマシン１９８,기술머신198,TM198,kwsch/PKHeX,8ad201e80244f630ab5a46922ab72fb79c5ad4f4,PKHeX.Core/Resources/text/items/text_Items_ja.txt,PKHeX.Core/Resources/text/items/text_Items_ko.txt,PKHeX.Core/Resources/text/items/text_Items_en.txt
2259,わざマシン１９９,기술머신199,TM199,kwsch/PKHeX,8ad201e80244f630ab5a46922ab72fb79c5ad4f4,PKHeX.Core/Resources/text/items/text_Items_ja.txt,PKHeX.Core/Resources/text/items/text_Items_ko.txt,PKHeX.Core/Resources/text/items/text_Items_en.txt
2260,わざマシン２００,기술머신200,TM200,kwsch/PKHeX,8ad201e80244f630ab5a46922ab72fb79c5ad4f4,PKHeX.Core/Resources/text/items/text_Items_ja.txt,PKHeX.Core/Resources/text/items/text_Items_ko.txt,PKHeX.Core/Resources/text/items/text_Items_en.txt
2261,わざマシン２０１,기술머신201,TM201,kwsch/PKHeX,8ad201e80244f630ab5a46922ab72fb79c5ad4f4,PKHeX.Core/Resources/text/items/text_Items_ja.txt,PKHeX.Core/Resources/text/items/text_Items_ko.txt,PKHeX.Core/Resources/text/items/text_Items_en.txt
2262,わざマシン２０２,기술머신202,TM202,kwsch/PKHeX,8ad201e80244f630ab5a46922ab72fb79c5ad4f4,PKHeX.Core/Resources/text/items/text_Items_ja.txt,PKHeX.Core/Resources/text/items/text_Items_ko.txt,PKHeX.Core/Resources/text/items/text_Items_en.txt
2263,わざマシン２０３,기술머신203,TM203,kwsch/PKHeX,8ad201e80244f630ab5a46922ab72fb79c5ad4f4,PKHeX.Core/Resources/text/items/text_Items_ja.txt,PKHeX.Core/Resources/text/items/text_Items_ko.txt,PKHeX.Core/Resources/text/items/text_Items_en.txt
2264,わざマシン２０４,기술머신204,TM204,kwsch/PKHeX,8ad201e80244f630ab5a46922ab72fb79c5ad4f4,PKHeX.Core/Resources/text/items/text_Items_ja.txt,PKHeX.Core/Resources/text/items/text_Items_ko.txt,PKHeX.Core/Resources/text/items/text_Items_en.txt
2265,わざマシン２０５,기술머신205,TM205,kwsch/PKHeX,8ad201e80244f630ab5a46922ab72fb79c5ad4f4,PKHeX.Core/Resources/text/items/text_Items_ja.txt,PKHeX.Core/Resources/text/items/text_Items_ko.txt,PKHeX.Core/Resources/text/items/text_Items_en.txt
2266,わざマシン２０６,기술머신206,TM206,kwsch/PKHeX,8ad201e80244f630ab5a46922ab72fb79c5ad4f4,PKHeX.Core/Resources/text/items/text_Items_ja.txt,PKHeX.Core/Resources/text/items/text_Items_ko.txt,PKHeX.Core/Resources/text/items/text_Items_en.txt
2267,わざマシン２０７,기술머신207,TM207,kwsch/PKHeX,8ad201e80244f630ab5a46922ab72fb79c5ad4f4,PKHeX.Core/Resources/text/items/text_Items_ja.txt,PKHeX.Core/Resources/text/items/text_Items_ko.txt,PKHeX.Core/Resources/text/items/text_Items_en.txt
2268,わざマシン２０８,기술머신208,TM208,kwsch/PKHeX,8ad201e80244f630ab5a46922ab72fb79c5ad4f4,PKHeX.Core/Resources/text/items/text_Items_ja.txt,PKHeX.Core/Resources/text/items/text_Items_ko.txt,PKHeX.Core/Resources/text/items/text_Items_en.txt
2269,わざマシン２０９,기술머신209,TM209,kwsch/PKHeX,8ad201e80244f630ab5a46922ab72fb79c5ad4f4,PKHeX.Core/Resources/text/items/text_Items_ja.txt,PKHeX.Core/Resources/text/items/text_Items_ko.txt,PKHeX.Core/Resources/text/items/text_Items_en.txt
2270,わざマシン２１０,기술머신210,TM210,kwsch/PKHeX,8ad201e80244f630ab5a46922ab72fb79c5ad4f4,PKHeX.Core/Resources/text/items/text_Items_ja.txt,PKHeX.Core/Resources/text/items/text_Items_ko.txt,PKHeX.Core/Resources/text/items/text_Items_en.txt
2271,わざマシン２１１,기술머신211,TM211,kwsch/PKHeX,8ad201e80244f630ab5a46922ab72fb79c5ad4f4,PKHeX.Core/Resources/text/items/text_Items_ja.txt,PKHeX.Core/Resources/text/items/text_Items_ko.txt,PKHeX.Core/Resources/text/items/text_Items_en.txt
2272,わざマシン２１２,기술머신212,TM212,kwsch/PKHeX,8ad201e80244f630ab5a46922ab72fb79c5ad4f4,PKHeX.Core/Resources/text/items/text_Items_ja.txt,PKHeX.Core/Resources/text/items/text_Items_ko.txt,PKHeX.Core/Resources/text/items/text_Items_en.txt
2273,わざマシン２１３,기술머신213,TM213,kwsch/PKHeX,8ad201e80244f630ab5a46922ab72fb79c5ad4f4,PKHeX.Core/Resources/text/items/text_Items_ja.txt,PKHeX.Core/Resources/text/items/text_Items_ko.txt,PKHeX.Core/Resources/text/items/text_Items_en.txt
2274,わざマシン２１４,기술머신214,TM214,kwsch/PKHeX,8ad201e80244f630ab5a46922ab72fb79c5ad4f4,PKHeX.Core/Resources/text/items/text_Items_ja.txt,PKHeX.Core/Resources/text/items/text_Items_ko.txt,PKHeX.Core/Resources/text/items/text_Items_en.txt
2275,わざマシン２１５,기술머신215,TM215,kwsch/PKHeX,8ad201e80244f630ab5a46922ab72fb79c5ad4f4,PKHeX.Core/Resources/text/items/text_Items_ja.txt,PKHeX.Core/Resources/text/items/text_Items_ko.txt,PKHeX.Core/Resources/text/items/text_Items_en.txt
2276,わざマシン２１６,기술머신216,TM216,kwsch/PKHeX,8ad201e80244f630ab5a46922ab72fb79c5ad4f4,PKHeX.Core/Resources/text/items/text_Items_ja.txt,PKHeX.Core/Resources/text/items/text_Items_ko.txt,PKHeX.Core/Resources/text/items/text_Items_en.txt
2277,わざマシン２１７,기술머신217,TM217,kwsch/PKHeX,8ad201e80244f630ab5a46922ab72fb79c5ad4f4,PKHeX.Core/Resources/text/items/text_Items_ja.txt,PKHeX.Core/Resources/text/items/text_Items_ko.txt,PKHeX.Core/Resources/text/items/text_Items_en.txt
2278,わざマシン２１８,기술머신218,TM218,kwsch/PKHeX,8ad201e80244f630ab5a46922ab72fb79c5ad4f4,PKHeX.Core/Resources/text/items/text_Items_ja.txt,PKHeX.Core/Resources/text/items/text_Items_ko.txt,PKHeX.Core/Resources/text/items/text_Items_en.txt
2279,わざマシン２１９,기술머신219,TM219,kwsch/PKHeX,8ad201e80244f630ab5a46922ab72fb79c5ad4f4,PKHeX.Core/Resources/text/items/text_Items_ja.txt,PKHeX.Core/Resources/text/items/text_Items_ko.txt,PKHeX.Core/Resources/text/items/text_Items_en.txt
2280,わざマシン２２０,기술머신220,TM220,kwsch/PKHeX,8ad201e80244f630ab5a46922ab72fb79c5ad4f4,PKHeX.Core/Resources/text/items/text_Items_ja.txt,PKHeX.Core/Resources/text/items/text_Items_ko.txt,PKHeX.Core/Resources/text/items/text_Items_en.txt
2281,わざマシン２２１,기술머신221,TM221,kwsch/PKHeX,8ad201e80244f630ab5a46922ab72fb79c5ad4f4,PKHeX.Core/Resources/text/items/text_Items_ja.txt,PKHeX.Core/Resources/text/items/text_Items_ko.txt,PKHeX.Core/Resources/text/items/text_Items_en.txt
2282,わざマシン２２２,기술머신222,TM222,kwsch/PKHeX,8ad201e80244f630ab5a46922ab72fb79c5ad4f4,PKHeX.Core/Resources/text/items/text_Items_ja.txt,PKHeX.Core/Resources/text/items/text_Items_ko.txt,PKHeX.Core/Resources/text/items/text_Items_en.txt
2283,わざマシン２２３,기술머신223,TM223,kwsch/PKHeX,8ad201e80244f630ab5a46922ab72fb79c5ad4f4,PKHeX.Core/Resources/text/items/text_Items_ja.txt,PKHeX.Core/Resources/text/items/text_Items_ko.txt,PKHeX.Core/Resources/text/items/text_Items_en.txt
2284,わざマシン２２４,기술머신224,TM224,kwsch/PKHeX,8ad201e80244f630ab5a46922ab72fb79c5ad4f4,PKHeX.Core/Resources/text/items/text_Items_ja.txt,PKHeX.Core/Resources/text/items/text_Items_ko.txt,PKHeX.Core/Resources/text/items/text_Items_en.txt
2285,わざマシン２２５,기술머신225,TM225,kwsch/PKHeX,8ad201e80244f630ab5a46922ab72fb79c5ad4f4,PKHeX.Core/Resources/text/items/text_Items_ja.txt,PKHeX.Core/Resources/text/items/text_Items_ko.txt,PKHeX.Core/Resources/text/items/text_Items_en.txt
2286,わざマシン２２６,기술머신226,TM226,kwsch/PKHeX,8ad201e80244f630ab5a46922ab72fb79c5ad4f4,PKHeX.Core/Resources/text/items/text_Items_ja.txt,PKHeX.Core/Resources/text/items/text_Items_ko.txt,PKHeX.Core/Resources/text/items/text_Items_en.txt
2287,わざマシン２２７,기술머신227,TM227,kwsch/PKHeX,8ad201e80244f630ab5a46922ab72fb79c5ad4f4,PKHeX.Core/Resources/text/items/text_Items_ja.txt,PKHeX.Core/Resources/text/items/text_Items_ko.txt,PKHeX.Core/Resources/text/items/text_Items_en.txt
2288,わざマシン２２８,기술머신228,TM228,kwsch/PKHeX,8ad201e80244f630ab5a46922ab72fb79c5ad4f4,PKHeX.Core/Resources/text/items/text_Items_ja.txt,PKHeX.Core/Resources/text/items/text_Items_ko.txt,PKHeX.Core/Resources/text/items/text_Items_en.txt
2289,わざマシン２２９,기술머신229,TM229,kwsch/PKHeX,8ad201e80244f630ab5a46922ab72fb79c5ad4f4,PKHeX.Core/Resources/text/items/text_Items_ja.txt,PKHeX.Core/Resources/text/items/text_Items_ko.txt,PKHeX.Core/Resources/text/items/text_Items_en.txt
2290,,,,kwsch/PKHeX,8ad201e80244f630ab5a46922ab72fb79c5ad4f4,PKHeX.Core/Resources/text/items/text_Items_ja.txt,PKHeX.Core/Resources/text/items/text_Items_ko.txt,PKHeX.Core/Resources/text/items/text_Items_en.txt
2291,,,,kwsch/PKHeX,8ad201e80244f630ab5a46922ab72fb79c5ad4f4,PKHeX.Core/Resources/text/items/text_Items_ja.txt,PKHeX.Core/Resources/text/items/text_Items_ko.txt,PKHeX.Core/Resources/text/items/text_Items_en.txt
2292,,,,kwsch/PKHeX,8ad201e80244f630ab5a46922ab72fb79c5ad4f4,PKHeX.Core/Resources/text/items/text_Items_ja.txt,PKHeX.Core/Resources/text/items/text_Items_ko.txt,PKHeX.Core/Resources/text/items/text_Items_en.txt
2293,,,,kwsch/PKHeX,8ad201e80244f630ab5a46922ab72fb79c5ad4f4,PKHeX.Core/Resources/text/items/text_Items_ja.txt,PKHeX.Core/Resources/text/items/text_Items_ko.txt,PKHeX.Core/Resources/text/items/text_Items_en.txt
2294,,,,kwsch/PKHeX,8ad201e80244f630ab5a46922ab72fb79c5ad4f4,PKHeX.Core/Resources/text/items/text_Items_ja.txt,PKHeX.Core/Resources/text/items/text_Items_ko.txt,PKHeX.Core/Resources/text/items/text_Items_en.txt
2295,,,,kwsch/PKHeX,8ad201e80244f630ab5a46922ab72fb79c5ad4f4,PKHeX.Core/Resources/text/items/text_Items_ja.txt,PKHeX.Core/Resources/text/items/text_Items_ko.txt,PKHeX.Core/Resources/text/items/text_Items_en.txt
2296,,,,kwsch/PKHeX,8ad201e80244f630ab5a46922ab72fb79c5ad4f4,PKHeX.Core/Resources/text/items/text_Items_ja.txt,PKHeX.Core/Resources/text/items/text_Items_ko.txt,PKHeX.Core/Resources/text/items/text_Items_en.txt
2297,,,,kwsch/PKHeX,8ad201e80244f630ab5a46922ab72fb79c5ad4f4,PKHeX.Core/Resources/text/items/text_Items_ja.txt,PKHeX.Core/Resources/text/items/text_Items_ko.txt,PKHeX.Core/Resources/text/items/text_Items_en.txt
2298,,,,kwsch/PKHeX,8ad201e80244f630ab5a46922ab72fb79c5ad4f4,PKHeX.Core/Resources/text/items/text_Items_ja.txt,PKHeX.Core/Resources/text/items/text_Items_ko.txt,PKHeX.Core/Resources/text/items/text_Items_en.txt
2299,,,,kwsch/PKHeX,8ad201e80244f630ab5a46922ab72fb79c5ad4f4,PKHeX.Core/Resources/text/items/text_Items_ja.txt,PKHeX.Core/Resources/text/items/text_Items_ko.txt,PKHeX.Core/Resources/text/items/text_Items_en.txt
2300,,,,kwsch/PKHeX,8ad201e80244f630ab5a46922ab72fb79c5ad4f4,PKHeX.Core/Resources/text/items/text_Items_ja.txt,PKHeX.Core/Resources/text/items/text_Items_ko.txt,PKHeX.Core/Resources/text/items/text_Items_en.txt
2301,,,,kwsch/PKHeX,8ad201e80244f630ab5a46922ab72fb79c5ad4f4,PKHeX.Core/Resources/text/items/text_Items_ja.txt,PKHeX.Core/Resources/text/items/text_Items_ko.txt,PKHeX.Core/Resources/text/items/text_Items_en.txt
2302,,,,kwsch/PKHeX,8ad201e80244f630ab5a46922ab72fb79c5ad4f4,PKHeX.Core/Resources/text/items/text_Items_ja.txt,PKHeX.Core/Resources/text/items/text_Items_ko.txt,PKHeX.Core/Resources/text/items/text_Items_en.txt
2303,,,,kwsch/PKHeX,8ad201e80244f630ab5a46922ab72fb79c5ad4f4,PKHeX.Core/Resources/text/items/text_Items_ja.txt,PKHeX.Core/Resources/text/items/text_Items_ko.txt,PKHeX.Core/Resources/text/items/text_Items_en.txt
2304,,,,kwsch/PKHeX,8ad201e80244f630ab5a46922ab72fb79c5ad4f4,PKHeX.Core/Resources/text/items/text_Items_ja.txt,PKHeX.Core/Resources/text/items/text_Items_ko.txt,PKHeX.Core/Resources/text/items/text_Items_en.txt
2305,,,,kwsch/PKHeX,8ad201e80244f630ab5a46922ab72fb79c5ad4f4,PKHeX.Core/Resources/text/items/text_Items_ja.txt,PKHeX.Core/Resources/text/items/text_Items_ko.txt,PKHeX.Core/Resources/text/items/text_Items_en.txt
2306,,,,kwsch/PKHeX,8ad201e80244f630ab5a46922ab72fb79c5ad4f4,PKHeX.Core/Resources/text/items/text_Items_ja.txt,PKHeX.Core/Resources/text/items/text_Items_ko.txt,PKHeX.Core/Resources/text/items/text_Items_en.txt
2307,,,,kwsch/PKHeX,8ad201e80244f630ab5a46922ab72fb79c5ad4f4,PKHeX.Core/Resources/text/items/text_Items_ja.txt,PKHeX.Core/Resources/text/items/text_Items_ko.txt,PKHeX.Core/Resources/text/items/text_Items_en.txt
2308,,,,kwsch/PKHeX,8ad201e80244f630ab5a46922ab72fb79c5ad4f4,PKHeX.Core/Resources/text/items/text_Items_ja.txt,PKHeX.Core/Resources/text/items/text_Items_ko.txt,PKHeX.Core/Resources/text/items/text_Items_en.txt
2309,,,,kwsch/PKHeX,8ad201e80244f630ab5a46922ab72fb79c5ad4f4,PKHeX.Core/Resources/text/items/text_Items_ja.txt,PKHeX.Core/Resources/text/items/text_Items_ko.txt,PKHeX.Core/Resources/text/items/text_Items_en.txt
2310,,,,kwsch/PKHeX,8ad201e80244f630ab5a46922ab72fb79c5ad4f4,PKHeX.Core/Resources/text/items/text_Items_ja.txt,PKHeX.Core/Resources/text/items/text_Items_ko.txt,PKHeX.Core/Resources/text/items/text_Items_en.txt
2311,ピクニックセット,피크닉세트,Picnic Set,kwsch/PKHeX,8ad201e80244f630ab5a46922ab72fb79c5ad4f4,PKHeX.Core/Resources/text/items/text_Items_ja.txt,PKHeX.Core/Resources/text/items/text_Items_ko.txt,PKHeX.Core/Resources/text/items/text_Items_en.txt
2312,,,,kwsch/PKHeX,8ad201e80244f630ab5a46922ab72fb79c5ad4f4,PKHeX.Core/Resources/text/items/text_Items_ja.txt,PKHeX.Core/Resources/text/items/text_Items_ko.txt,PKHeX.Core/Resources/text/items/text_Items_en.txt
2313,スクールボトル,스쿨 보틀,Academy Bottle,kwsch/PKHeX,8ad201e80244f630ab5a46922ab72fb79c5ad4f4,PKHeX.Core/Resources/text/items/text_Items_ja.txt,PKHeX.Core/Resources/text/items/text_Items_ko.txt,PKHeX.Core/Resources/text/items/text_Items_en.txt
2314,スクールボトル,스쿨 보틀,Academy Bottle,kwsch/PKHeX,8ad201e80244f630ab5a46922ab72fb79c5ad4f4,PKHeX.Core/Resources/text/items/text_Items_ja.txt,PKHeX.Core/Resources/text/items/text_Items_ko.txt,PKHeX.Core/Resources/text/items/text_Items_en.txt
2315,みずたまボトル,물방울 보틀,Polka-Dot Bottle,kwsch/PKHeX,8ad201e80244f630ab5a46922ab72fb79c5ad4f4,PKHeX.Core/Resources/text/items/text_Items_ja.txt,PKHeX.Core/Resources/text/items/text_Items_ko.txt,PKHeX.Core/Resources/text/items/text_Items_en.txt
2316,ストライプボトル,줄무늬 보틀,Striped Bottle,kwsch/PKHeX,8ad201e80244f630ab5a46922ab72fb79c5ad4f4,PKHeX.Core/Resources/text/items/text_Items_ja.txt,PKHeX.Core/Resources/text/items/text_Items_ko.txt,PKHeX.Core/Resources/text/items/text_Items_en.txt
2317,ダイヤボトル,다이아 보틀,Diamond Bottle,kwsch/PKHeX,8ad201e80244f630ab5a46922ab72fb79c5ad4f4,PKHeX.Core/Resources/text/items/text_Items_ja.txt,PKHeX.Core/Resources/text/items/text_Items_ko.txt,PKHeX.Core/Resources/text/items/text_Items_en.txt
2318,スクールカップ,스쿨 컵,Academy Cup,kwsch/PKHeX,8ad201e80244f630ab5a46922ab72fb79c5ad4f4,PKHeX.Core/Resources/text/items/text_Items_ja.txt,PKHeX.Core/Resources/text/items/text_Items_ko.txt,PKHeX.Core/Resources/text/items/text_Items_en.txt
2319,スクールカップ,스쿨 컵,Academy Cup,kwsch/PKHeX,8ad201e80244f630ab5a46922ab72fb79c5ad4f4,PKHeX.Core/Resources/text/items/text_Items_ja.txt,PKHeX.Core/Resources/text/items/text_Items_ko.txt,PKHeX.Core/Resources/text/items/text_Items_en.txt
2320,たてストライプカップ,세로 줄무늬 컵,Striped Cup,kwsch/PKHeX,8ad201e80244f630ab5a46922ab72fb79c5ad4f4,PKHeX.Core/Resources/text/items/text_Items_ja.txt,PKHeX.Core/Resources/text/items/text_Items_ko.txt,PKHeX.Core/Resources/text/items/text_Items_en.txt
2321,みずたまカップ,물방울 컵,Polka-Dot Cup,kwsch/PKHeX,8ad201e80244f630ab5a46922ab72fb79c5ad4f4,PKHeX.Core/Resources/text/items/text_Items_ja.txt,PKHeX.Core/Resources/text/items/text_Items_ko.txt,PKHeX.Core/Resources/text/items/text_Items_en.txt
2322,フラワーカップ,플라워 컵,Flower Pattern Cup,kwsch/PKHeX,8ad201e80244f630ab5a46922ab72fb79c5ad4f4,PKHeX.Core/Resources/text/items/text_Items_ja.txt,PKHeX.Core/Resources/text/items/text_Items_ko.txt,PKHeX.Core/Resources/text/items/text_Items_en.txt
2323,スクールクロス,스쿨 테이블보,Academy Tablecloth,kwsch/PKHeX,8ad201e80244f630ab5a46922ab72fb79c5ad4f4,PKHeX.Core/Resources/text/items/text_Items_ja.txt,PKHeX.Core/Resources/text/items/text_Items_ko.txt,PKHeX.Core/Resources/text/items/text_Items_en.txt
2324,スクールクロス,스쿨 테이블보,Academy Tablecloth,kwsch/PKHeX,8ad201e80244f630ab5a46922ab72fb79c5ad4f4,PKHeX.Core/Resources/text/items/text_Items_ja.txt,PKHeX.Core/Resources/text/items/text_Items_ko.txt,PKHeX.Core/Resources/text/items/text_Items_en.txt
2325,ファンシークロス,팬시 테이블보,Whimsical Tablecloth,kwsch/PKHeX,8ad201e80244f630ab5a46922ab72fb79c5ad4f4,PKHeX.Core/Resources/text/items/text_Items_ja.txt,PKHeX.Core/Resources/text/items/text_Items_ko.txt,PKHeX.Core/Resources/text/items/text_Items_en.txt
2326,ネイチャークロス,네이처 테이블보,Leafy Tablecloth,kwsch/PKHeX,8ad201e80244f630ab5a46922ab72fb79c5ad4f4,PKHeX.Core/Resources/text/items/text_Items_ja.txt,PKHeX.Core/Resources/text/items/text_Items_ko.txt,PKHeX.Core/Resources/text/items/text_Items_en.txt
2327,うらめしクロス,원망 테이블보,Spooky Tablecloth,kwsch/PKHeX,8ad201e80244f630ab5a46922ab72fb79c5ad4f4,PKHeX.Core/Resources/text/items/text_Items_ja.txt,PKHeX.Core/Resources/text/items/text_Items_ko.txt,PKHeX.Core/Resources/text/items/text_Items_en.txt
2328,,,,kwsch/PKHeX,8ad201e80244f630ab5a46922ab72fb79c5ad4f4,PKHeX.Core/Resources/text/items/text_Items_ja.txt,PKHeX.Core/Resources/text/items/text_Items_ko.txt,PKHeX.Core/Resources/text/items/text_Items_en.txt
2329,スクールボール,스쿨볼,Academy Ball,kwsch/PKHeX,8ad201e80244f630ab5a46922ab72fb79c5ad4f4,PKHeX.Core/Resources/text/items/text_Items_ja.txt,PKHeX.Core/Resources/text/items/text_Items_ko.txt,PKHeX.Core/Resources/text/items/text_Items_en.txt
2330,スクールボール,스쿨볼,Academy Ball,kwsch/PKHeX,8ad201e80244f630ab5a46922ab72fb79c5ad4f4,PKHeX.Core/Resources/text/items/text_Items_ja.txt,PKHeX.Core/Resources/text/items/text_Items_ko.txt,PKHeX.Core/Resources/text/items/text_Items_en.txt
2331,マリルボール,마릴볼,Marill Ball,kwsch/PKHeX,8ad201e80244f630ab5a46922ab72fb79c5ad4f4,PKHeX.Core/Resources/text/items/text_Items_ja.txt,PKHeX.Core/Resources/text/items/text_Items_ko.txt,PKHeX.Core/Resources/text/items/text_Items_en.txt
2332,けいとボール,털실볼,Yarn Ball,kwsch/PKHeX,8ad201e80244f630ab5a46922ab72fb79c5ad4f4,PKHeX.Core/Resources/text/items/text_Items_ja.txt,PKHeX.Core/Resources/text/items/text_Items_ko.txt,PKHeX.Core/Resources/text/items/text_Items_en.txt
2333,ゲーミングボール,게이밍볼,Cyber Ball,kwsch/PKHeX,8ad201e80244f630ab5a46922ab72fb79c5ad4f4,PKHeX.Core/Resources/text/items/text_Items_ja.txt,PKHeX.Core/Resources/text/items/text_Items_ko.txt,PKHeX.Core/Resources/text/items/text_Items_en.txt
2334,ゴールドピック,골드 픽,Gold Pick,kwsch/PKHeX,8ad201e80244f630ab5a46922ab72fb79c5ad4f4,PKHeX.Core/Resources/text/items/text_Items_ja.txt,PKHeX.Core/Resources/text/items/text_Items_ko.txt,PKHeX.Core/Resources/text/items/text_Items_en.txt
2335,シルバーピック,실버 픽,Silver Pick,kwsch/PKHeX,8ad201e80244f630ab5a46922ab72fb79c5ad4f4,PKHeX.Core/Resources/text/items/text_Items_ja.txt,PKHeX.Core/Resources/text/items/text_Items_ko.txt,PKHeX.Core/Resources/text/items/text_Items_en.txt
2336,あかいはたピック,빨강 깃발 픽,Red-Flag Pick,kwsch/PKHeX,8ad201e80244f630ab5a46922ab72fb79c5ad4f4,PKHeX.Core/Resources/text/items/text_Items_ja.txt,PKHeX.Core/Resources/text/items/text_Items_ko.txt,PKHeX.Core/Resources/text/items/text_Items_en.txt
2337,あおいはたピック,파랑 깃발 픽,Blue-Flag Pick,kwsch/PKHeX,8ad201e80244f630ab5a46922ab72fb79c5ad4f4,PKHeX.Core/Resources/text/items/text_Items_ja.txt,PKHeX.Core/Resources/text/items/text_Items_ko.txt,PKHeX.Core/Resources/text/items/text_Items_en.txt
2338,ピカピカピック,피카피카 픽,Pika-Pika Pick,kwsch/PKHeX,8ad201e80244f630ab5a46922ab72fb79c5ad4f4,PKHeX.Core/Resources/text/items/text_Items_ja.txt,PKHeX.Core/Resources/text/items/text_Items_ko.txt,PKHeX.Core/Resources/text/items/text_Items_en.txt
2339,パチピカピック,윙크피카 픽,Winking Pika Pick,kwsch/PKHeX,8ad201e80244f630ab5a46922ab72fb79c5ad4f4,PKHeX.Core/Resources/text/items/text_Items_ja.txt,PKHeX.Core/Resources/text/items/text_Items_ko.txt,PKHeX.Core/Resources/text/items/text_Items_en.txt
2340,ブイブイピック,브이브이 픽,Vee-Vee Pick,kwsch/PKHeX,8ad201e80244f630ab5a46922ab72fb79c5ad4f4,PKHeX.Core/Resources/text/items/text_Items_ja.txt,PKHeX.Core/Resources/text/items/text_Items_ko.txt,PKHeX.Core/Resources/text/items/text_Items_en.txt
2341,ニコブイピック,방긋브이 픽,Smiling Vee Pick,kwsch/PKHeX,8ad201e80244f630ab5a46922ab72fb79c5ad4f4,PKHeX.Core/Resources/text/items/text_Items_ja.txt,PKHeX.Core/Resources/text/items/text_Items_ko.txt,PKHeX.Core/Resources/text/items/text_Items_en.txt
2342,あおボールピック,파랑 볼 픽,Blue Poké Ball Pick,kwsch/PKHeX,8ad201e80244f630ab5a46922ab72fb79c5ad4f4,PKHeX.Core/Resources/text/items/text_Items_ja.txt,PKHeX.Core/Resources/text/items/text_Items_ko.txt,PKHeX.Core/Resources/text/items/text_Items_en.txt
2343,,,,kwsch/PKHeX,8ad201e80244f630ab5a46922ab72fb79c5ad4f4,PKHeX.Core/Resources/text/items/text_Items_ja.txt,PKHeX.Core/Resources/text/items/text_Items_ko.txt,PKHeX.Core/Resources/text/items/text_Items_en.txt
2344,イワイノヨロイ,축복받은갑옷,Auspicious Armor,kwsch/PKHeX,8ad201e80244f630ab5a46922ab72fb79c5ad4f4,PKHeX.Core/Resources/text/items/text_Items_ja.txt,PKHeX.Core/Resources/text/items/text_Items_ko.txt,PKHeX.Core/Resources/text/items/text_Items_en.txt
2345,かしらのしるし,대장의징표,Leader’s Crest,kwsch/PKHeX,8ad201e80244f630ab5a46922ab72fb79c5ad4f4,PKHeX.Core/Resources/text/items/text_Items_ja.txt,PKHeX.Core/Resources/text/items/text_Items_ko.txt,PKHeX.Core/Resources/text/items/text_Items_en.txt
2346,,,,kwsch/PKHeX,8ad201e80244f630ab5a46922ab72fb79c5ad4f4,PKHeX.Core/Resources/text/items/text_Items_ja.txt,PKHeX.Core/Resources/text/items/text_Items_ko.txt,PKHeX.Core/Resources/text/items/text_Items_en.txt
2347,,,,kwsch/PKHeX,8ad201e80244f630ab5a46922ab72fb79c5ad4f4,PKHeX.Core/Resources/text/items/text_Items_ja.txt,PKHeX.Core/Resources/text/items/text_Items_ko.txt,PKHeX.Core/Resources/text/items/text_Items_en.txt
2348,ピンクボトル,핑크 보틀,Pink Bottle,kwsch/PKHeX,8ad201e80244f630ab5a46922ab72fb79c5ad4f4,PKHeX.Core/Resources/text/items/text_Items_ja.txt,PKHeX.Core/Resources/text/items/text_Items_ko.txt,PKHeX.Core/Resources/text/items/text_Items_en.txt
2349,ブルーボトル,블루 보틀,Blue Bottle,kwsch/PKHeX,8ad201e80244f630ab5a46922ab72fb79c5ad4f4,PKHeX.Core/Resources/text/items/text_Items_ja.txt,PKHeX.Core/Resources/text/items/text_Items_ko.txt,PKHeX.Core/Resources/text/items/text_Items_en.txt
2350,イエローボトル,옐로 보틀,Yellow Bottle,kwsch/PKHeX,8ad201e80244f630ab5a46922ab72fb79c5ad4f4,PKHeX.Core/Resources/text/items/text_Items_ja.txt,PKHeX.Core/Resources/text/items/text_Items_ko.txt,PKHeX.Core/Resources/text/items/text_Items_en.txt
2351,Rステンレスボトル,R 스테인리스 보틀,Steel Bottle (R),kwsch/PKHeX,8ad201e80244f630ab5a46922ab72fb79c5ad4f4,PKHeX.Core/Resources/text/items/text_Items_ja.txt,PKHeX.Core/Resources/text/items/text_Items_ko.txt,PKHeX.Core/Resources/text/items/text_Items_en.txt
2352,Yステンレスボトル,Y 스테인리스 보틀,Steel Bottle (Y),kwsch/PKHeX,8ad201e80244f630ab5a46922ab72fb79c5ad4f4,PKHeX.Core/Resources/text/items/text_Items_ja.txt,PKHeX.Core/Resources/text/items/text_Items_ko.txt,PKHeX.Core/Resources/text/items/text_Items_en.txt
2353,Bステンレスボトル,B 스테인리스 보틀,Steel Bottle (B),kwsch/PKHeX,8ad201e80244f630ab5a46922ab72fb79c5ad4f4,PKHeX.Core/Resources/text/items/text_Items_ja.txt,PKHeX.Core/Resources/text/items/text_Items_ko.txt,PKHeX.Core/Resources/text/items/text_Items_en.txt
2354,シルバーチタンボトル,실버 티탄 보틀,Silver Bottle,kwsch/PKHeX,8ad201e80244f630ab5a46922ab72fb79c5ad4f4,PKHeX.Core/Resources/text/items/text_Items_ja.txt,PKHeX.Core/Resources/text/items/text_Items_ko.txt,PKHeX.Core/Resources/text/items/text_Items_en.txt
2355,よこストライプカップ,가로 줄무늬 컵,Barred Cup,kwsch/PKHeX,8ad201e80244f630ab5a46922ab72fb79c5ad4f4,PKHeX.Core/Resources/text/items/text_Items_ja.txt,PKHeX.Core/Resources/text/items/text_Items_ko.txt,PKHeX.Core/Resources/text/items/text_Items_en.txt
2356,ダイヤカップ,다이아 컵,Diamond Pattern Cup,kwsch/PKHeX,8ad201e80244f630ab5a46922ab72fb79c5ad4f4,PKHeX.Core/Resources/text/items/text_Items_ja.txt,PKHeX.Core/Resources/text/items/text_Items_ko.txt,PKHeX.Core/Resources/text/items/text_Items_en.txt
2357,ファイヤーカップ,파이어 컵,Fire Pattern Cup,kwsch/PKHeX,8ad201e80244f630ab5a46922ab72fb79c5ad4f4,PKHeX.Core/Resources/text/items/text_Items_ja.txt,PKHeX.Core/Resources/text/items/text_Items_ko.txt,PKHeX.Core/Resources/text/items/text_Items_en.txt
2358,ピンクカップ,핑크 컵,Pink Cup,kwsch/PKHeX,8ad201e80244f630ab5a46922ab72fb79c5ad4f4,PKHeX.Core/Resources/text/items/text_Items_ja.txt,PKHeX.Core/Resources/text/items/text_Items_ko.txt,PKHeX.Core/Resources/text/items/text_Items_en.txt
2359,ブルーカップ,블루 컵,Blue Cup,kwsch/PKHeX,8ad201e80244f630ab5a46922ab72fb79c5ad4f4,PKHeX.Core/Resources/text/items/text_Items_ja.txt,PKHeX.Core/Resources/text/items/text_Items_ko.txt,PKHeX.Core/Resources/text/items/text_Items_en.txt
2360,イエローカップ,옐로 컵,Yellow Cup,kwsch/PKHeX,8ad201e80244f630ab5a46922ab72fb79c5ad4f4,PKHeX.Core/Resources/text/items/text_Items_ja.txt,PKHeX.Core/Resources/text/items/text_Items_ko.txt,PKHeX.Core/Resources/text/items/text_Items_en.txt
2361,ピカチュウカップ,피카츄 컵,Pikachu Cup,kwsch/PKHeX,8ad201e80244f630ab5a46922ab72fb79c5ad4f4,PKHeX.Core/Resources/text/items/text_Items_ja.txt,PKHeX.Core/Resources/text/items/text_Items_ko.txt,PKHeX.Core/Resources/text/items/text_Items_en.txt
2362,イーブイカップ,이브이 컵,Eevee Cup,kwsch/PKHeX,8ad201e80244f630ab5a46922ab72fb79c5ad4f4,PKHeX.Core/Resources/text/items/text_Items_ja.txt,PKHeX.Core/Resources/text/items/text_Items_ko.txt,PKHeX.Core/Resources/text/items/text_Items_en.txt
2363,ヤドンカップ,야돈 컵,Slowpoke Cup,kwsch/PKHeX,8ad201e80244f630ab5a46922ab72fb79c5ad4f4,PKHeX.Core/Resources/text/items/text_Items_ja.txt,PKHeX.Core/Resources/text/items/text_Items_ko.txt,PKHeX.Core/Resources/text/items/text_Items_en.txt
2364,シルバーチタンカップ,실버 티탄 컵,Silver Cup,kwsch/PKHeX,8ad201e80244f630ab5a46922ab72fb79c5ad4f4,PKHeX.Core/Resources/text/items/text_Items_ja.txt,PKHeX.Core/Resources/text/items/text_Items_ko.txt,PKHeX.Core/Resources/text/items/text_Items_en.txt
2365,バランスボール,밸런스볼,Exercise Ball,kwsch/PKHeX,8ad201e80244f630ab5a46922ab72fb79c5ad4f4,PKHeX.Core/Resources/text/items/text_Items_ja.txt,PKHeX.Core/Resources/text/items/text_Items_ko.txt,PKHeX.Core/Resources/text/items/text_Items_en.txt
2366,きいろチェッククロス,옐로 체크 테이블보,Plaid Tablecloth (Y),kwsch/PKHeX,8ad201e80244f630ab5a46922ab72fb79c5ad4f4,PKHeX.Core/Resources/text/items/text_Items_ja.txt,PKHeX.Core/Resources/text/items/text_Items_ko.txt,PKHeX.Core/Resources/text/items/text_Items_en.txt
2367,あおチェッククロス,블루 체크 테이블보,Plaid Tablecloth (B),kwsch/PKHeX,8ad201e80244f630ab5a46922ab72fb79c5ad4f4,PKHeX.Core/Resources/text/items/text_Items_ja.txt,PKHeX.Core/Resources/text/items/text_Items_ko.txt,PKHeX.Core/Resources/text/items/text_Items_en.txt
2368,あかチェッククロス,레드 체크 테이블보,Plaid Tablecloth (R),kwsch/PKHeX,8ad201e80244f630ab5a46922ab72fb79c5ad4f4,PKHeX.Core/Resources/text/items/text_Items_ja.txt,PKHeX.Core/Resources/text/items/text_Items_ko.txt,PKHeX.Core/Resources/text/items/text_Items_en.txt
2369,くさむらモノクロス,풀숲 흑백 테이블보,B&W Grass Tablecloth,kwsch/PKHeX,8ad201e80244f630ab5a46922ab72fb79c5ad4f4,PKHeX.Core/Resources/text/items/text_Items_ja.txt,PKHeX.Core/Resources/text/items/text_Items_ko.txt,PKHeX.Core/Resources/text/items/text_Items_en.txt
2370,しょうぶクロス,배틀 테이블보,Battle Tablecloth,kwsch/PKHeX,8ad201e80244f630ab5a46922ab72fb79c5ad4f4,PKHeX.Core/Resources/text/items/text_Items_ja.txt,PKHeX.Core/Resources/text/items/text_Items_ko.txt,PKHeX.Core/Resources/text/items/text_Items_en.txt
2371,かいじゅうクロス,괴수 테이블보,Monstrous Tablecloth,kwsch/PKHeX,8ad201e80244f630ab5a46922ab72fb79c5ad4f4,PKHeX.Core/Resources/text/items/text_Items_ja.txt,PKHeX.Core/Resources/text/items/text_Items_ko.txt,PKHeX.Core/Resources/text/items/text_Items_en.txt
2372,ストライプクロス,줄무늬 테이블보,Striped Tablecloth,kwsch/PKHeX,8ad201e80244f630ab5a46922ab72fb79c5ad4f4,PKHeX.Core/Resources/text/items/text_Items_ja.txt,PKHeX.Core/Resources/text/items/text_Items_ko.txt,PKHeX.Core/Resources/text/items/text_Items_en.txt
2373,ダイヤクロス,다이아 테이블보,Diamond Tablecloth,kwsch/PKHeX,8ad201e80244f630ab5a46922ab72fb79c5ad4f4,PKHeX.Core/Resources/text/items/text_Items_ja.txt,PKHeX.Core/Resources/text/items/text_Items_ko.txt,PKHeX.Core/Resources/text/items/text_Items_en.txt
2374,みずたまクロス,물방울 테이블보,Polka-Dot Tablecloth,kwsch/PKHeX,8ad201e80244f630ab5a46922ab72fb79c5ad4f4,PKHeX.Core/Resources/text/items/text_Items_ja.txt,PKHeX.Core/Resources/text/items/text_Items_ko.txt,PKHeX.Core/Resources/text/items/text_Items_en.txt
2375,パープルクロス,퍼플 테이블보,Lilac Tablecloth,kwsch/PKHeX,8ad201e80244f630ab5a46922ab72fb79c5ad4f4,PKHeX.Core/Resources/text/items/text_Items_ja.txt,PKHeX.Core/Resources/text/items/text_Items_ko.txt,PKHeX.Core/Resources/text/items/text_Items_en.txt
2376,ミントクロス,민트 테이블보,Mint Tablecloth,kwsch/PKHeX,8ad201e80244f630ab5a46922ab72fb79c5ad4f4,PKHeX.Core/Resources/text/items/text_Items_ja.txt,PKHeX.Core/Resources/text/items/text_Items_ko.txt,PKHeX.Core/Resources/text/items/text_Items_en.txt
2377,ベージュクロス,베이지 테이블보,Peach Tablecloth,kwsch/PKHeX,8ad201e80244f630ab5a46922ab72fb79c5ad4f4,PKHeX.Core/Resources/text/items/text_Items_ja.txt,PKHeX.Core/Resources/text/items/text_Items_ko.txt,PKHeX.Core/Resources/text/items/text_Items_en.txt
2378,イエロークロス,옐로 테이블보,Yellow Tablecloth,kwsch/PKHeX,8ad201e80244f630ab5a46922ab72fb79c5ad4f4,PKHeX.Core/Resources/text/items/text_Items_ja.txt,PKHeX.Core/Resources/text/items/text_Items_ko.txt,PKHeX.Core/Resources/text/items/text_Items_en.txt
2379,ブルークロス,블루 테이블보,Blue Tablecloth,kwsch/PKHeX,8ad201e80244f630ab5a46922ab72fb79c5ad4f4,PKHeX.Core/Resources/text/items/text_Items_ja.txt,PKHeX.Core/Resources/text/items/text_Items_ko.txt,PKHeX.Core/Resources/text/items/text_Items_en.txt
2380,ピンククロス,핑크 테이블보,Pink Tablecloth,kwsch/PKHeX,8ad201e80244f630ab5a46922ab72fb79c5ad4f4,PKHeX.Core/Resources/text/items/text_Items_ja.txt,PKHeX.Core/Resources/text/items/text_Items_ko.txt,PKHeX.Core/Resources/text/items/text_Items_en.txt
2381,ゴールドチタンボトル,골드 티탄 보틀,Gold Bottle,kwsch/PKHeX,8ad201e80244f630ab5a46922ab72fb79c5ad4f4,PKHeX.Core/Resources/text/items/text_Items_ja.txt,PKHeX.Core/Resources/text/items/text_Items_ko.txt,PKHeX.Core/Resources/text/items/text_Items_en.txt
2382,ブロンズチタンボトル,브론즈 티탄 보틀,Bronze Bottle,kwsch/PKHeX,8ad201e80244f630ab5a46922ab72fb79c5ad4f4,PKHeX.Core/Resources/text/items/text_Items_ja.txt,PKHeX.Core/Resources/text/items/text_Items_ko.txt,PKHeX.Core/Resources/text/items/text_Items_en.txt
2383,ゴールドチタンカップ,골드 티탄 컵,Gold Cup,kwsch/PKHeX,8ad201e80244f630ab5a46922ab72fb79c5ad4f4,PKHeX.Core/Resources/text/items/text_Items_ja.txt,PKHeX.Core/Resources/text/items/text_Items_ko.txt,PKHeX.Core/Resources/text/items/text_Items_en.txt
2384,ブロンズチタンカップ,브론즈 티탄 컵,Bronze Cup,kwsch/PKHeX,8ad201e80244f630ab5a46922ab72fb79c5ad4f4,PKHeX.Core/Resources/text/items/text_Items_ja.txt,PKHeX.Core/Resources/text/items/text_Items_ko.txt,PKHeX.Core/Resources/text/items/text_Items_en.txt
2385,みどりボールピック,초록 볼 픽,Green Poké Ball Pick,kwsch/PKHeX,8ad201e80244f630ab5a46922ab72fb79c5ad4f4,PKHeX.Core/Resources/text/items/text_Items_ja.txt,PKHeX.Core/Resources/text/items/text_Items_ko.txt,PKHeX.Core/Resources/text/items/text_Items_en.txt
2386,あかボールピック,빨강 볼 픽,Red Poké Ball Pick,kwsch/PKHeX,8ad201e80244f630ab5a46922ab72fb79c5ad4f4,PKHeX.Core/Resources/text/items/text_Items_ja.txt,PKHeX.Core/Resources/text/items/text_Items_ko.txt,PKHeX.Core/Resources/text/items/text_Items_en.txt
2387,おいわいはなびピック,축하 폭죽 픽,Party Sparkler Pick,kwsch/PKHeX,8ad201e80244f630ab5a46922ab72fb79c5ad4f4,PKHeX.Core/Resources/text/items/text_Items_ja.txt,PKHeX.Core/Resources/text/items/text_Items_ko.txt,PKHeX.Core/Resources/text/items/text_Items_en.txt
2388,ゆうしゃのけんピック,용사의 검 픽,Heroic Sword Pick,kwsch/PKHeX,8ad201e80244f630ab5a46922ab72fb79c5ad4f4,PKHeX.Core/Resources/text/items/text_Items_ja.txt,PKHeX.Core/Resources/text/items/text_Items_ko.txt,PKHeX.Core/Resources/text/items/text_Items_en.txt
2389,マジカルスターピック,매지컬 스타 픽,Magical Star Pick,kwsch/PKHeX,8ad201e80244f630ab5a46922ab72fb79c5ad4f4,PKHeX.Core/Resources/text/items/text_Items_ja.txt,PKHeX.Core/Resources/text/items/text_Items_ko.txt,PKHeX.Core/Resources/text/items/text_Items_en.txt
2390,マジカルハートピック,매지컬 하트 픽,Magical Heart Pick,kwsch/PKHeX,8ad201e80244f630ab5a46922ab72fb79c5ad4f4,PKHeX.Core/Resources/text/items/text_Items_ja.txt,PKHeX.Core/Resources/text/items/text_Items_ko.txt,PKHeX.Core/Resources/text/items/text_Items_en.txt
2391,パラソルピック,파라솔 픽,Parasol Pick,kwsch/PKHeX,8ad201e80244f630ab5a46922ab72fb79c5ad4f4,PKHeX.Core/Resources/text/items/text_Items_ja.txt,PKHeX.Core/Resources/text/items/text_Items_ko.txt,PKHeX.Core/Resources/text/items/text_Items_en.txt
2392,あおぞらおはなピック,푸른하늘 꽃 픽,Blue-Sky Flower Pick,kwsch/PKHeX,8ad201e80244f630ab5a46922ab72fb79c5ad4f4,PKHeX.Core/Resources/text/items/text_Items_ja.txt,PKHeX.Core/Resources/text/items/text_Items_ko.txt,PKHeX.Core/Resources/text/items/text_Items_en.txt
2393,ゆうやけおはなピック,저녁노을 꽃 픽,Sunset Flower Pick,kwsch/PKHeX,8ad201e80244f630ab5a46922ab72fb79c5ad4f4,PKHeX.Core/Resources/text/items/text_Items_ja.txt,PKHeX.Core/Resources/text/items/text_Items_ko.txt,PKHeX.Core/Resources/text/items/text_Items_en.txt
2394,あさやけおはなピック,아침노을 꽃 픽,Sunrise Flower Pick,kwsch/PKHeX,8ad201e80244f630ab5a46922ab72fb79c5ad4f4,PKHeX.Core/Resources/text/items/text_Items_ja.txt,PKHeX.Core/Resources/text/items/text_Items_ko.txt,PKHeX.Core/Resources/text/items/text_Items_en.txt
2395,ブループレート,블루 플레이트,Blue Dish,kwsch/PKHeX,8ad201e80244f630ab5a46922ab72fb79c5ad4f4,PKHeX.Core/Resources/text/items/text_Items_ja.txt,PKHeX.Core/Resources/text/items/text_Items_ko.txt,PKHeX.Core/Resources/text/items/text_Items_en.txt
2396,グリーンプレート,그린 플레이트,Green Dish,kwsch/PKHeX,8ad201e80244f630ab5a46922ab72fb79c5ad4f4,PKHeX.Core/Resources/text/items/text_Items_ja.txt,PKHeX.Core/Resources/text/items/text_Items_ko.txt,PKHeX.Core/Resources/text/items/text_Items_en.txt
2397,オレンジプレート,오렌지 플레이트,Orange Dish,kwsch/PKHeX,8ad201e80244f630ab5a46922ab72fb79c5ad4f4,PKHeX.Core/Resources/text/items/text_Items_ja.txt,PKHeX.Core/Resources/text/items/text_Items_ko.txt,PKHeX.Core/Resources/text/items/text_Items_en.txt
2398,レッドプレート,레드 플레이트,Red Dish,kwsch/PKHeX,8ad201e80244f630ab5a46922ab72fb79c5ad4f4,PKHeX.Core/Resources/text/items/text_Items_ja.txt,PKHeX.Core/Resources/text/items/text_Items_ko.txt,PKHeX.Core/Resources/text/items/text_Items_en.txt
2399,ホワイトプレート,화이트 플레이트,White Dish,kwsch/PKHeX,8ad201e80244f630ab5a46922ab72fb79c5ad4f4,PKHeX.Core/Resources/text/items/text_Items_ja.txt,PKHeX.Core/Resources/text/items/text_Items_ko.txt,PKHeX.Core/Resources/text/items/text_Items_en.txt
2400,イエロープレート,옐로 플레이트,Yellow Dish,kwsch/PKHeX,8ad201e80244f630ab5a46922ab72fb79c5ad4f4,PKHeX.Core/Resources/text/items/text_Items_ja.txt,PKHeX.Core/Resources/text/items/text_Items_ko.txt,PKHeX.Core/Resources/text/items/text_Items_en.txt
2401,ようせいのハネ,요정의깃털,Fairy Feather,kwsch/PKHeX,8ad201e80244f630ab5a46922ab72fb79c5ad4f4,PKHeX.Core/Resources/text/items/text_Items_ja.txt,PKHeX.Core/Resources/text/items/text_Items_ko.txt,PKHeX.Core/Resources/text/items/text_Items_en.txt
2402,みついりりんご,꿀맛사과,Syrupy Apple,kwsch/PKHeX,8ad201e80244f630ab5a46922ab72fb79c5ad4f4,PKHeX.Core/Resources/text/items/text_Items_ja.txt,PKHeX.Core/Resources/text/items/text_Items_ko.txt,PKHeX.Core/Resources/text/items/text_Items_en.txt
2403,ボンサクのちゃわん,범작찻잔,Unremarkable Teacup,kwsch/PKHeX,8ad201e80244f630ab5a46922ab72fb79c5ad4f4,PKHeX.Core/Resources/text/items/text_Items_ja.txt,PKHeX.Core/Resources/text/items/text_Items_ko.txt,PKHeX.Core/Resources/text/items/text_Items_en.txt
2404,ケッサクのちゃわん,걸작찻잔,Masterpiece Teacup,kwsch/PKHeX,8ad201e80244f630ab5a46922ab72fb79c5ad4f4,PKHeX.Core/Resources/text/items/text_Items_ja.txt,PKHeX.Core/Resources/text/items/text_Items_ko.txt,PKHeX.Core/Resources/text/items/text_Items_en.txt
2405,みどりのめん,벽록의가면,Teal Mask,kwsch/PKHeX,8ad201e80244f630ab5a46922ab72fb79c5ad4f4,PKHeX.Core/Resources/text/items/text_Items_ja.txt,PKHeX.Core/Resources/text/items/text_Items_ko.txt,PKHeX.Core/Resources/text/items/text_Items_en.txt
2406,いしずえのめん,주춧돌의가면,Cornerstone Mask,kwsch/PKHeX,8ad201e80244f630ab5a46922ab72fb79c5ad4f4,PKHeX.Core/Resources/text/items/text_Items_ja.txt,PKHeX.Core/Resources/text/items/text_Items_ko.txt,PKHeX.Core/Resources/text/items/text_Items_en.txt
2407,いどのめん,우물의가면,Wellspring Mask,kwsch/PKHeX,8ad201e80244f630ab5a46922ab72fb79c5ad4f4,PKHeX.Core/Resources/text/items/text_Items_ja.txt,PKHeX.Core/Resources/text/items/text_Items_ko.txt,PKHeX.Core/Resources/text/items/text_Items_en.txt
2408,かまどのめん,화덕의가면,Hearthflame Mask,kwsch/PKHeX,8ad201e80244f630ab5a46922ab72fb79c5ad4f4,PKHeX.Core/Resources/text/items/text_Items_ja.txt,PKHeX.Core/Resources/text/items/text_Items_ko.txt,PKHeX.Core/Resources/text/items/text_Items_en.txt
2409,おしゃれカードみどり,멋쟁이카드 그린,Teal Style Card,kwsch/PKHeX,8ad201e80244f630ab5a46922ab72fb79c5ad4f4,PKHeX.Core/Resources/text/items/text_Items_ja.txt,PKHeX.Core/Resources/text/items/text_Items_ko.txt,PKHeX.Core/Resources/text/items/text_Items_en.txt
2410,けっしょうのかけら,결정조각,Crystal Cluster,kwsch/PKHeX,8ad201e80244f630ab5a46922ab72fb79c5ad4f4,PKHeX.Core/Resources/text/items/text_Items_ja.txt,PKHeX.Core/Resources/text/items/text_Items_ko.txt,PKHeX.Core/Resources/text/items/text_Items_en.txt
2411,たいりょくのもち,체력떡,Health Mochi,kwsch/PKHeX,8ad201e80244f630ab5a46922ab72fb79c5ad4f4,PKHeX.Core/Resources/text/items/text_Items_ja.txt,PKHeX.Core/Resources/text/items/text_Items_ko.txt,PKHeX.Core/Resources/text/items/text_Items_en.txt
2412,きんりょくのもち,근력떡,Muscle Mochi,kwsch/PKHeX,8ad201e80244f630ab5a46922ab72fb79c5ad4f4,PKHeX.Core/Resources/text/items/text_Items_ja.txt,PKHeX.Core/Resources/text/items/text_Items_ko.txt,PKHeX.Core/Resources/text/items/text_Items_en.txt
2413,ていこうのもち,저항력떡,Resist Mochi,kwsch/PKHeX,8ad201e80244f630ab5a46922ab72fb79c5ad4f4,PKHeX.Core/Resources/text/items/text_Items_ja.txt,PKHeX.Core/Resources/text/items/text_Items_ko.txt,PKHeX.Core/Resources/text/items/text_Items_en.txt
2414,ちりょくのもち,지력떡,Genius Mochi,kwsch/PKHeX,8ad201e80244f630ab5a46922ab72fb79c5ad4f4,PKHeX.Core/Resources/text/items/text_Items_ja.txt,PKHeX.Core/Resources/text/items/text_Items_ko.txt,PKHeX.Core/Resources/text/items/text_Items_en.txt
2415,せいしんのもち,정신력떡,Clever Mochi,kwsch/PKHeX,8ad201e80244f630ab5a46922ab72fb79c5ad4f4,PKHeX.Core/Resources/text/items/text_Items_ja.txt,PKHeX.Core/Resources/text/items/text_Items_ko.txt,PKHeX.Core/Resources/text/items/text_Items_en.txt
2416,しゅんぱつのもち,순발력떡,Swift Mochi,kwsch/PKHeX,8ad201e80244f630ab5a46922ab72fb79c5ad4f4,PKHeX.Core/Resources/text/items/text_Items_ja.txt,PKHeX.Core/Resources/text/items/text_Items_ko.txt,PKHeX.Core/Resources/text/items/text_Items_en.txt
2417,シンプルチェア,심플 체어,Simple Chairs,kwsch/PKHeX,8ad201e80244f630ab5a46922ab72fb79c5ad4f4,PKHeX.Core/Resources/text/items/text_Items_ja.txt,PKHeX.Core/Resources/text/items/text_Items_ko.txt,PKHeX.Core/Resources/text/items/text_Items_en.txt
2418,スクールチェア,스쿨 체어,Academy Chairs,kwsch/PKHeX,8ad201e80244f630ab5a46922ab72fb79c5ad4f4,PKHeX.Core/Resources/text/items/text_Items_ja.txt,PKHeX.Core/Resources/text/items/text_Items_ko.txt,PKHeX.Core/Resources/text/items/text_Items_en.txt
2419,スクールチェア,스쿨 체어,Academy Chairs,kwsch/PKHeX,8ad201e80244f630ab5a46922ab72fb79c5ad4f4,PKHeX.Core/Resources/text/items/text_Items_ja.txt,PKHeX.Core/Resources/text/items/text_Items_ko.txt,PKHeX.Core/Resources/text/items/text_Items_en.txt
2420,ファンシーチェア,팬시 체어,Whimsical Chairs,kwsch/PKHeX,8ad201e80244f630ab5a46922ab72fb79c5ad4f4,PKHeX.Core/Resources/text/items/text_Items_ja.txt,PKHeX.Core/Resources/text/items/text_Items_ko.txt,PKHeX.Core/Resources/text/items/text_Items_en.txt
2421,ネイチャーチェア,네이처 체어,Leafy Chairs,kwsch/PKHeX,8ad201e80244f630ab5a46922ab72fb79c5ad4f4,PKHeX.Core/Resources/text/items/text_Items_ja.txt,PKHeX.Core/Resources/text/items/text_Items_ko.txt,PKHeX.Core/Resources/text/items/text_Items_en.txt
2422,うらめしチェア,원망 체어,Spooky Chairs,kwsch/PKHeX,8ad201e80244f630ab5a46922ab72fb79c5ad4f4,PKHeX.Core/Resources/text/items/text_Items_ja.txt,PKHeX.Core/Resources/text/items/text_Items_ko.txt,PKHeX.Core/Resources/text/items/text_Items_en.txt
2423,きいろチェックチェア,옐로 체크 체어,Plaid Chairs (Y),kwsch/PKHeX,8ad201e80244f630ab5a46922ab72fb79c5ad4f4,PKHeX.Core/Resources/text/items/text_Items_ja.txt,PKHeX.Core/Resources/text/items/text_Items_ko.txt,PKHeX.Core/Resources/text/items/text_Items_en.txt
2424,あおチェックチェア,블루 체크 체어,Plaid Chairs (B),kwsch/PKHeX,8ad201e80244f630ab5a46922ab72fb79c5ad4f4,PKHeX.Core/Resources/text/items/text_Items_ja.txt,PKHeX.Core/Resources/text/items/text_Items_ko.txt,PKHeX.Core/Resources/text/items/text_Items_en.txt
2425,あかチェックチェア,레드 체크 체어,Plaid Chairs (R),kwsch/PKHeX,8ad201e80244f630ab5a46922ab72fb79c5ad4f4,PKHeX.Core/Resources/text/items/text_Items_ja.txt,PKHeX.Core/Resources/text/items/text_Items_ko.txt,PKHeX.Core/Resources/text/items/text_Items_en.txt
2426,くさむらチェア,풀숲 체어,B&W Grass Chairs,kwsch/PKHeX,8ad201e80244f630ab5a46922ab72fb79c5ad4f4,PKHeX.Core/Resources/text/items/text_Items_ja.txt,PKHeX.Core/Resources/text/items/text_Items_ko.txt,PKHeX.Core/Resources/text/items/text_Items_en.txt
2427,しょうぶチェア,배틀 체어,Battle Chairs,kwsch/PKHeX,8ad201e80244f630ab5a46922ab72fb79c5ad4f4,PKHeX.Core/Resources/text/items/text_Items_ja.txt,PKHeX.Core/Resources/text/items/text_Items_ko.txt,PKHeX.Core/Resources/text/items/text_Items_en.txt
2428,かいじゅうチェア,괴수 체어,Monstrous Chairs,kwsch/PKHeX,8ad201e80244f630ab5a46922ab72fb79c5ad4f4,PKHeX.Core/Resources/text/items/text_Items_ja.txt,PKHeX.Core/Resources/text/items/text_Items_ko.txt,PKHeX.Core/Resources/text/items/text_Items_en.txt
2429,ストライプチェア,줄무늬 체어,Striped Chairs,kwsch/PKHeX,8ad201e80244f630ab5a46922ab72fb79c5ad4f4,PKHeX.Core/Resources/text/items/text_Items_ja.txt,PKHeX.Core/Resources/text/items/text_Items_ko.txt,PKHeX.Core/Resources/text/items/text_Items_en.txt
2430,ダイヤチェア,다이아 체어,Diamond Chairs,kwsch/PKHeX,8ad201e80244f630ab5a46922ab72fb79c5ad4f4,PKHeX.Core/Resources/text/items/text_Items_ja.txt,PKHeX.Core/Resources/text/items/text_Items_ko.txt,PKHeX.Core/Resources/text/items/text_Items_en.txt
2431,みずたまチェア,물방울 체어,Polka-Dot Chairs,kwsch/PKHeX,8ad201e80244f630ab5a46922ab72fb79c5ad4f4,PKHeX.Core/Resources/text/items/text_Items_ja.txt,PKHeX.Core/Resources/text/items/text_Items_ko.txt,PKHeX.Core/Resources/text/items/text_Items_en.txt
2432,パープルチェア,퍼플 체어,Lilac Chairs,kwsch/PKHeX,8ad201e80244f630ab5a46922ab72fb79c5ad4f4,PKHeX.Core/Resources/text/items/text_Items_ja.txt,PKHeX.Core/Resources/text/items/text_Items_ko.txt,PKHeX.Core/Resources/text/items/text_Items_en.txt
2433,ミントチェア,민트 체어,Mint Chairs,kwsch/PKHeX,8ad201e80244f630ab5a46922ab72fb79c5ad4f4,PKHeX.Core/Resources/text/items/text_Items_ja.txt,PKHeX.Core/Resources/text/items/text_Items_ko.txt,PKHeX.Core/Resources/text/items/text_Items_en.txt
2434,ベージュチェア,베이지 체어,Peach Chairs,kwsch/PKHeX,8ad201e80244f630ab5a46922ab72fb79c5ad4f4,PKHeX.Core/Resources/text/items/text_Items_ja.txt,PKHeX.Core/Resources/text/items/text_Items_ko.txt,PKHeX.Core/Resources/text/items/text_Items_en.txt
2435,イエローチェア,옐로 체어,Yellow Chairs,kwsch/PKHeX,8ad201e80244f630ab5a46922ab72fb79c5ad4f4,PKHeX.Core/Resources/text/items/text_Items_ja.txt,PKHeX.Core/Resources/text/items/text_Items_ko.txt,PKHeX.Core/Resources/text/items/text_Items_en.txt
2436,ブルーチェア,블루 체어,Blue Chairs,kwsch/PKHeX,8ad201e80244f630ab5a46922ab72fb79c5ad4f4,PKHeX.Core/Resources/text/items/text_Items_ja.txt,PKHeX.Core/Resources/text/items/text_Items_ko.txt,PKHeX.Core/Resources/text/items/text_Items_en.txt
2437,ピンクチェア,핑크 체어,Pink Chairs,kwsch/PKHeX,8ad201e80244f630ab5a46922ab72fb79c5ad4f4,PKHeX.Core/Resources/text/items/text_Items_ja.txt,PKHeX.Core/Resources/text/items/text_Items_ko.txt,PKHeX.Core/Resources/text/items/text_Items_en.txt
2438,アーボのキバ,아보의이빨,Ekans Fang,kwsch/PKHeX,8ad201e80244f630ab5a46922ab72fb79c5ad4f4,PKHeX.Core/Resources/text/items/text_Items_ja.txt,PKHeX.Core/Resources/text/items/text_Items_ko.txt,PKHeX.Core/Resources/text/items/text_Items_en.txt
2439,サンドのツメ,모래두지의발톱,Sandshrew Claw,kwsch/PKHeX,8ad201e80244f630ab5a46922ab72fb79c5ad4f4,PKHeX.Core/Resources/text/items/text_Items_ja.txt,PKHeX.Core/Resources/text/items/text_Items_ko.txt,PKHeX.Core/Resources/text/items/text_Items_en.txt
2440,ピィのけ,삐의털,Cleffa Fur,kwsch/PKHeX,8ad201e80244f630ab5a46922ab72fb79c5ad4f4,PKHeX.Core/Resources/text/items/text_Items_ja.txt,PKHeX.Core/Resources/text/items/text_Items_ko.txt,PKHeX.Core/Resources/text/items/text_Items_en.txt
2441,ロコンのけ,식스테일의털,Vulpix Fur,kwsch/PKHeX,8ad201e80244f630ab5a46922ab72fb79c5ad4f4,PKHeX.Core/Resources/text/items/text_Items_ja.txt,PKHeX.Core/Resources/text/items/text_Items_ko.txt,PKHeX.Core/Resources/text/items/text_Items_en.txt
2442,ニョロモのねんえき,발챙이의점액,Poliwag Slime,kwsch/PKHeX,8ad201e80244f630ab5a46922ab72fb79c5ad4f4,PKHeX.Core/Resources/text/items/text_Items_ja.txt,PKHeX.Core/Resources/text/items/text_Items_ko.txt,PKHeX.Core/Resources/text/items/text_Items_en.txt
2443,マダツボミのツル,모다피의덩굴,Bellsprout Vine,kwsch/PKHeX,8ad201e80244f630ab5a46922ab72fb79c5ad4f4,PKHeX.Core/Resources/text/items/text_Items_ja.txt,PKHeX.Core/Resources/text/items/text_Items_ko.txt,PKHeX.Core/Resources/text/items/text_Items_en.txt
2444,イシツブテのかけら,꼬마돌의조각,Geodude Fragment,kwsch/PKHeX,8ad201e80244f630ab5a46922ab72fb79c5ad4f4,PKHeX.Core/Resources/text/items/text_Items_ja.txt,PKHeX.Core/Resources/text/items/text_Items_ko.txt,PKHeX.Core/Resources/text/items/text_Items_en.txt
2445,ドガースのガス,또가스의가스,Koffing Gas,kwsch/PKHeX,8ad201e80244f630ab5a46922ab72fb79c5ad4f4,PKHeX.Core/Resources/text/items/text_Items_ja.txt,PKHeX.Core/Resources/text/items/text_Items_ko.txt,PKHeX.Core/Resources/text/items/text_Items_en.txt
2446,ゴンベのキバ,먹고자의이빨,Munchlax Fang,kwsch/PKHeX,8ad201e80244f630ab5a46922ab72fb79c5ad4f4,PKHeX.Core/Resources/text/items/text_Items_ja.txt,PKHeX.Core/Resources/text/items/text_Items_ko.txt,PKHeX.Core/Resources/text/items/text_Items_en.txt
2447,オタチのけ,꼬리선의털,Sentret Fur,kwsch/PKHeX,8ad201e80244f630ab5a46922ab72fb79c5ad4f4,PKHeX.Core/Resources/text/items/text_Items_ja.txt,PKHeX.Core/Resources/text/items/text_Items_ko.txt,PKHeX.Core/Resources/text/items/text_Items_en.txt
2448,ホーホーのはね,부우부의깃털,Hoothoot Feather,kwsch/PKHeX,8ad201e80244f630ab5a46922ab72fb79c5ad4f4,PKHeX.Core/Resources/text/items/text_Items_ja.txt,PKHeX.Core/Resources/text/items/text_Items_ko.txt,PKHeX.Core/Resources/text/items/text_Items_en.txt
2449,イトマルのいと,페이검의실,Spinarak Thread,kwsch/PKHeX,8ad201e80244f630ab5a46922ab72fb79c5ad4f4,PKHeX.Core/Resources/text/items/text_Items_ja.txt,PKHeX.Core/Resources/text/items/text_Items_ko.txt,PKHeX.Core/Resources/text/items/text_Items_en.txt
2450,エイパムのけ,에이팜의털,Aipom Hair,kwsch/PKHeX,8ad201e80244f630ab5a46922ab72fb79c5ad4f4,PKHeX.Core/Resources/text/items/text_Items_ja.txt,PKHeX.Core/Resources/text/items/text_Items_ko.txt,PKHeX.Core/Resources/text/items/text_Items_en.txt
2451,ヤンヤンマのトゲ,왕자리의가시,Yanma Spike,kwsch/PKHeX,8ad201e80244f630ab5a46922ab72fb79c5ad4f4,PKHeX.Core/Resources/text/items/text_Items_ja.txt,PKHeX.Core/Resources/text/items/text_Items_ko.txt,PKHeX.Core/Resources/text/items/text_Items_en.txt
2452,グライガーのキバ,글라이거의이빨,Gligar Fang,kwsch/PKHeX,8ad201e80244f630ab5a46922ab72fb79c5ad4f4,PKHeX.Core/Resources/text/items/text_Items_ja.txt,PKHeX.Core/Resources/text/items/text_Items_ko.txt,PKHeX.Core/Resources/text/items/text_Items_en.txt
2453,マグマッグのようがん,마그마그의용암,Slugma Lava,kwsch/PKHeX,8ad201e80244f630ab5a46922ab72fb79c5ad4f4,PKHeX.Core/Resources/text/items/text_Items_ja.txt,PKHeX.Core/Resources/text/items/text_Items_ko.txt,PKHeX.Core/Resources/text/items/text_Items_en.txt
2454,ウリムーのけ,꾸꾸리의털,Swinub Hair,kwsch/PKHeX,8ad201e80244f630ab5a46922ab72fb79c5ad4f4,PKHeX.Core/Resources/text/items/text_Items_ja.txt,PKHeX.Core/Resources/text/items/text_Items_ko.txt,PKHeX.Core/Resources/text/items/text_Items_en.txt
2455,ポチエナのキバ,포챠나의이빨,Poochyena Fang,kwsch/PKHeX,8ad201e80244f630ab5a46922ab72fb79c5ad4f4,PKHeX.Core/Resources/text/items/text_Items_ja.txt,PKHeX.Core/Resources/text/items/text_Items_ko.txt,PKHeX.Core/Resources/text/items/text_Items_en.txt
2456,ハスボーのはっぱ,연꽃몬의잎,Lotad Leaf,kwsch/PKHeX,8ad201e80244f630ab5a46922ab72fb79c5ad4f4,PKHeX.Core/Resources/text/items/text_Items_ja.txt,PKHeX.Core/Resources/text/items/text_Items_ko.txt,PKHeX.Core/Resources/text/items/text_Items_en.txt
2457,タネボーのえだ,도토링의가지,Seedot Stem,kwsch/PKHeX,8ad201e80244f630ab5a46922ab72fb79c5ad4f4,PKHeX.Core/Resources/text/items/text_Items_ja.txt,PKHeX.Core/Resources/text/items/text_Items_ko.txt,PKHeX.Core/Resources/text/items/text_Items_en.txt
2458,ノズパスのかけら,코코파스의조각,Nosepass Fragment,kwsch/PKHeX,8ad201e80244f630ab5a46922ab72fb79c5ad4f4,PKHeX.Core/Resources/text/items/text_Items_ja.txt,PKHeX.Core/Resources/text/items/text_Items_ko.txt,PKHeX.Core/Resources/text/items/text_Items_en.txt
2459,バルビートのしる,볼비트의체액,Volbeat Fluid,kwsch/PKHeX,8ad201e80244f630ab5a46922ab72fb79c5ad4f4,PKHeX.Core/Resources/text/items/text_Items_ja.txt,PKHeX.Core/Resources/text/items/text_Items_ko.txt,PKHeX.Core/Resources/text/items/text_Items_en.txt
2460,イルミーゼのしる,네오비트의체액,Illumise Fluid,kwsch/PKHeX,8ad201e80244f630ab5a46922ab72fb79c5ad4f4,PKHeX.Core/Resources/text/items/text_Items_ja.txt,PKHeX.Core/Resources/text/items/text_Items_ko.txt,PKHeX.Core/Resources/text/items/text_Items_en.txt
2461,ヘイガニのから,가재군의껍데기,Corphish Shell,kwsch/PKHeX,8ad201e80244f630ab5a46922ab72fb79c5ad4f4,PKHeX.Core/Resources/text/items/text_Items_ja.txt,PKHeX.Core/Resources/text/items/text_Items_ko.txt,PKHeX.Core/Resources/text/items/text_Items_en.txt
2462,ヒンバスのうろこ,빈티나의비늘,Feebas Scales,kwsch/PKHeX,8ad201e80244f630ab5a46922ab72fb79c5ad4f4,PKHeX.Core/Resources/text/items/text_Items_ja.txt,PKHeX.Core/Resources/text/items/text_Items_ko.txt,PKHeX.Core/Resources/text/items/text_Items_en.txt
2463,ヨマワルのかけら,해골몽의조각,Duskull Fragment,kwsch/PKHeX,8ad201e80244f630ab5a46922ab72fb79c5ad4f4,PKHeX.Core/Resources/text/items/text_Items_ja.txt,PKHeX.Core/Resources/text/items/text_Items_ko.txt,PKHeX.Core/Resources/text/items/text_Items_en.txt
2464,リーシャンのかけら,랑딸랑의조각,Chingling Fragment,kwsch/PKHeX,8ad201e80244f630ab5a46922ab72fb79c5ad4f4,PKHeX.Core/Resources/text/items/text_Items_ja.txt,PKHeX.Core/Resources/text/items/text_Items_ko.txt,PKHeX.Core/Resources/text/items/text_Items_en.txt
2465,ドッコラーのあせ,으랏차의땀,Timburr Sweat,kwsch/PKHeX,8ad201e80244f630ab5a46922ab72fb79c5ad4f4,PKHeX.Core/Resources/text/items/text_Items_ja.txt,PKHeX.Core/Resources/text/items/text_Items_ko.txt,PKHeX.Core/Resources/text/items/text_Items_en.txt
2466,クルミルのはっぱ,두르보의잎,Sewaddle Leaf,kwsch/PKHeX,8ad201e80244f630ab5a46922ab72fb79c5ad4f4,PKHeX.Core/Resources/text/items/text_Items_ja.txt,PKHeX.Core/Resources/text/items/text_Items_ko.txt,PKHeX.Core/Resources/text/items/text_Items_en.txt
2467,コアルヒーのはね,꼬지보리의깃털,Ducklett Feather,kwsch/PKHeX,8ad201e80244f630ab5a46922ab72fb79c5ad4f4,PKHeX.Core/Resources/text/items/text_Items_ja.txt,PKHeX.Core/Resources/text/items/text_Items_ko.txt,PKHeX.Core/Resources/text/items/text_Items_en.txt
2468,ヒトモシのすす,불켜미의검댕,Litwick Soot,kwsch/PKHeX,8ad201e80244f630ab5a46922ab72fb79c5ad4f4,PKHeX.Core/Resources/text/items/text_Items_ja.txt,PKHeX.Core/Resources/text/items/text_Items_ko.txt,PKHeX.Core/Resources/text/items/text_Items_en.txt
2469,コジョフーのツメ,비조푸의손톱,Mienfoo Claw,kwsch/PKHeX,8ad201e80244f630ab5a46922ab72fb79c5ad4f4,PKHeX.Core/Resources/text/items/text_Items_ja.txt,PKHeX.Core/Resources/text/items/text_Items_ko.txt,PKHeX.Core/Resources/text/items/text_Items_en.txt
2470,バルチャイのはね,벌차이의깃털,Vullaby Feather,kwsch/PKHeX,8ad201e80244f630ab5a46922ab72fb79c5ad4f4,PKHeX.Core/Resources/text/items/text_Items_ja.txt,PKHeX.Core/Resources/text/items/text_Items_ko.txt,PKHeX.Core/Resources/text/items/text_Items_en.txt
2471,メレシーのほうせき,멜리시의보석,Carbink Jewel,kwsch/PKHeX,8ad201e80244f630ab5a46922ab72fb79c5ad4f4,PKHeX.Core/Resources/text/items/text_Items_ja.txt,PKHeX.Core/Resources/text/items/text_Items_ko.txt,PKHeX.Core/Resources/text/items/text_Items_en.txt
2472,ボクレーのえだ,나목령의가지,Phantump Twig,kwsch/PKHeX,8ad201e80244f630ab5a46922ab72fb79c5ad4f4,PKHeX.Core/Resources/text/items/text_Items_ja.txt,PKHeX.Core/Resources/text/items/text_Items_ko.txt,PKHeX.Core/Resources/text/items/text_Items_en.txt
2473,アゴジムシのいと,턱지충이의실,Grubbin Thread,kwsch/PKHeX,8ad201e80244f630ab5a46922ab72fb79c5ad4f4,PKHeX.Core/Resources/text/items/text_Items_ja.txt,PKHeX.Core/Resources/text/items/text_Items_ko.txt,PKHeX.Core/Resources/text/items/text_Items_en.txt
2474,アブリーのこな,에블리의가루,Cutiefly Powder,kwsch/PKHeX,8ad201e80244f630ab5a46922ab72fb79c5ad4f4,PKHeX.Core/Resources/text/items/text_Items_ja.txt,PKHeX.Core/Resources/text/items/text_Items_ko.txt,PKHeX.Core/Resources/text/items/text_Items_en.txt
2475,ジャラコのウロコ,짜랑꼬의비늘,Jangmo-o Scales,kwsch/PKHeX,8ad201e80244f630ab5a46922ab72fb79c5ad4f4,PKHeX.Core/Resources/text/items/text_Items_ja.txt,PKHeX.Core/Resources/text/items/text_Items_ko.txt,PKHeX.Core/Resources/text/items/text_Items_en.txt
2476,ウッウのうもう,윽우지의솜털,Cramorant Down,kwsch/PKHeX,8ad201e80244f630ab5a46922ab72fb79c5ad4f4,PKHeX.Core/Resources/text/items/text_Items_ja.txt,PKHeX.Core/Resources/text/items/text_Items_ko.txt,PKHeX.Core/Resources/text/items/text_Items_en.txt
2477,モルペコのたね,모르페코의씨앗,Morpeko Snack,kwsch/PKHeX,8ad201e80244f630ab5a46922ab72fb79c5ad4f4,PKHeX.Core/Resources/text/items/text_Items_ja.txt,PKHeX.Core/Resources/text/items/text_Items_ko.txt,PKHeX.Core/Resources/text/items/text_Items_en.txt
2478,チャデスのこな,차데스의가루,Poltchageist Powder,kwsch/PKHeX,8ad201e80244f630ab5a46922ab72fb79c5ad4f4,PKHeX.Core/Resources/text/items/text_Items_ja.txt,PKHeX.Core/Resources/text/items/text_Items_ko.txt,PKHeX.Core/Resources/text/items/text_Items_en.txt
2479,まっさらもち,순백떡,Fresh-Start Mochi,kwsch/PKHeX,8ad201e80244f630ab5a46922ab72fb79c5ad4f4,PKHeX.Core/Resources/text/items/text_Items_ja.txt,PKHeX.Core/Resources/text/items/text_Items_ko.txt,PKHeX.Core/Resources/text/items/text_Items_en.txt
2480,ロトりぼう,로토무셀카봉,Roto-Stick,kwsch/PKHeX,8ad201e80244f630ab5a46922ab72fb79c5ad4f4,PKHeX.Core/Resources/text/items/text_Items_ja.txt,PKHeX.Core/Resources/text/items/text_Items_ko.txt,PKHeX.Core/Resources/text/items/text_Items_en.txt
2481,きらめくおまもり,반짝이는부적,Glimmering Charm,kwsch/PKHeX,8ad201e80244f630ab5a46922ab72fb79c5ad4f4,PKHeX.Core/Resources/text/items/text_Items_ja.txt,PKHeX.Core/Resources/text/items/text_Items_ko.txt,PKHeX.Core/Resources/text/items/text_Items_en.txt
2482,ふくごうきんぞく,복합금속,Metal Alloy,kwsch/PKHeX,8ad201e80244f630ab5a46922ab72fb79c5ad4f4,PKHeX.Core/Resources/text/items/text_Items_ja.txt,PKHeX.Core/Resources/text/items/text_Items_ko.txt,PKHeX.Core/Resources/text/items/text_Items_en.txt
2483,おしゃれカードあお,멋쟁이카드 블루,Indigo Style Card,kwsch/PKHeX,8ad201e80244f630ab5a46922ab72fb79c5ad4f4,PKHeX.Core/Resources/text/items/text_Items_ja.txt,PKHeX.Core/Resources/text/items/text_Items_ko.txt,PKHeX.Core/Resources/text/items/text_Items_en.txt
2484,ナゾノクサのはっぱ,뚜벅쵸의잎,Oddish Leaf,kwsch/PKHeX,8ad201e80244f630ab5a46922ab72fb79c5ad4f4,PKHeX.Core/Resources/text/items/text_Items_ja.txt,PKHeX.Core/Resources/text/items/text_Items_ko.txt,PKHeX.Core/Resources/text/items/text_Items_en.txt
2485,メノクラゲのはり,왕눈해의가시,Tentacool Stinger,kwsch/PKHeX,8ad201e80244f630ab5a46922ab72fb79c5ad4f4,PKHeX.Core/Resources/text/items/text_Items_ja.txt,PKHeX.Core/Resources/text/items/text_Items_ko.txt,PKHeX.Core/Resources/text/items/text_Items_en.txt
2486,ドードーのうもう,두두의솜털,Doduo Down,kwsch/PKHeX,8ad201e80244f630ab5a46922ab72fb79c5ad4f4,PKHeX.Core/Resources/text/items/text_Items_ja.txt,PKHeX.Core/Resources/text/items/text_Items_ko.txt,PKHeX.Core/Resources/text/items/text_Items_en.txt
2487,パウワウのけ,쥬쥬의털,Seel Fur,kwsch/PKHeX,8ad201e80244f630ab5a46922ab72fb79c5ad4f4,PKHeX.Core/Resources/text/items/text_Items_ja.txt,PKHeX.Core/Resources/text/items/text_Items_ko.txt,PKHeX.Core/Resources/text/items/text_Items_en.txt
2488,タマタマのから,아라리의껍데기,Exeggcute Shell,kwsch/PKHeX,8ad201e80244f630ab5a46922ab72fb79c5ad4f4,PKHeX.Core/Resources/text/items/text_Items_ja.txt,PKHeX.Core/Resources/text/items/text_Items_ko.txt,PKHeX.Core/Resources/text/items/text_Items_en.txt
2489,バルキーのあせ,배루키의땀,Tyrogue Sweat,kwsch/PKHeX,8ad201e80244f630ab5a46922ab72fb79c5ad4f4,PKHeX.Core/Resources/text/items/text_Items_ja.txt,PKHeX.Core/Resources/text/items/text_Items_ko.txt,PKHeX.Core/Resources/text/items/text_Items_en.txt
2490,サイホーンのキバ,뿔카노의이빨,Rhyhorn Fang,kwsch/PKHeX,8ad201e80244f630ab5a46922ab72fb79c5ad4f4,PKHeX.Core/Resources/text/items/text_Items_ja.txt,PKHeX.Core/Resources/text/items/text_Items_ko.txt,PKHeX.Core/Resources/text/items/text_Items_en.txt
2491,タッツーのスミ,쏘드라의먹물,Horsea Ink,kwsch/PKHeX,8ad201e80244f630ab5a46922ab72fb79c5ad4f4,PKHeX.Core/Resources/text/items/text_Items_ja.txt,PKHeX.Core/Resources/text/items/text_Items_ko.txt,PKHeX.Core/Resources/text/items/text_Items_en.txt
2492,エレキッドのけ,에레키드의털,Elekid Fur,kwsch/PKHeX,8ad201e80244f630ab5a46922ab72fb79c5ad4f4,PKHeX.Core/Resources/text/items/text_Items_ja.txt,PKHeX.Core/Resources/text/items/text_Items_ko.txt,PKHeX.Core/Resources/text/items/text_Items_en.txt
2493,ブビィのけ,마그비의털,Magby Hair,kwsch/PKHeX,8ad201e80244f630ab5a46922ab72fb79c5ad4f4,PKHeX.Core/Resources/text/items/text_Items_ja.txt,PKHeX.Core/Resources/text/items/text_Items_ko.txt,PKHeX.Core/Resources/text/items/text_Items_en.txt
2494,ラプラスのなみだ,라프라스의눈물,Lapras Teardrop,kwsch/PKHeX,8ad201e80244f630ab5a46922ab72fb79c5ad4f4,PKHeX.Core/Resources/text/items/text_Items_ja.txt,PKHeX.Core/Resources/text/items/text_Items_ko.txt,PKHeX.Core/Resources/text/items/text_Items_en.txt
2495,ポリゴンのかけら,폴리곤의조각,Porygon Fragment,kwsch/PKHeX,8ad201e80244f630ab5a46922ab72fb79c5ad4f4,PKHeX.Core/Resources/text/items/text_Items_ja.txt,PKHeX.Core/Resources/text/items/text_Items_ko.txt,PKHeX.Core/Resources/text/items/text_Items_en.txt
2496,チョンチーのでんき,초라기의전기,Chinchou Sparks,kwsch/PKHeX,8ad201e80244f630ab5a46922ab72fb79c5ad4f4,PKHeX.Core/Resources/text/items/text_Items_ja.txt,PKHeX.Core/Resources/text/items/text_Items_ko.txt,PKHeX.Core/Resources/text/items/text_Items_en.txt
2497,ブルーのけ,블루의털,Snubbull Hair,kwsch/PKHeX,8ad201e80244f630ab5a46922ab72fb79c5ad4f4,PKHeX.Core/Resources/text/items/text_Items_ja.txt,PKHeX.Core/Resources/text/items/text_Items_ko.txt,PKHeX.Core/Resources/text/items/text_Items_en.txt
2498,エアームドのはね,무장조의깃털,Skarmory Feather,kwsch/PKHeX,8ad201e80244f630ab5a46922ab72fb79c5ad4f4,PKHeX.Core/Resources/text/items/text_Items_ja.txt,PKHeX.Core/Resources/text/items/text_Items_ko.txt,PKHeX.Core/Resources/text/items/text_Items_en.txt
2499,ドーブルのインク,루브도의잉크,Smeargle Paint,kwsch/PKHeX,8ad201e80244f630ab5a46922ab72fb79c5ad4f4,PKHeX.Core/Resources/text/items/text_Items_ja.txt,PKHeX.Core/Resources/text/items/text_Items_ko.txt,PKHeX.Core/Resources/text/items/text_Items_en.txt
2500,プラスルのけ,플러시의털,Plusle Fur,kwsch/PKHeX,8ad201e80244f630ab5a46922ab72fb79c5ad4f4,PKHeX.Core/Resources/text/items/text_Items_ja.txt,PKHeX.Core/Resources/text/items/text_Items_ko.txt,PKHeX.Core/Resources/text/items/text_Items_en.txt
2501,マイナンのけ,마이농의털,Minun Fur,kwsch/PKHeX,8ad201e80244f630ab5a46922ab72fb79c5ad4f4,PKHeX.Core/Resources/text/items/text_Items_ja.txt,PKHeX.Core/Resources/text/items/text_Items_ko.txt,PKHeX.Core/Resources/text/items/text_Items_en.txt
2502,ナックラーのから,톱치의껍데기,Trapinch Shell,kwsch/PKHeX,8ad201e80244f630ab5a46922ab72fb79c5ad4f4,PKHeX.Core/Resources/text/items/text_Items_ja.txt,PKHeX.Core/Resources/text/items/text_Items_ko.txt,PKHeX.Core/Resources/text/items/text_Items_en.txt
2503,ダンバルのツメ,메탕의발톱,Beldum Claw,kwsch/PKHeX,8ad201e80244f630ab5a46922ab72fb79c5ad4f4,PKHeX.Core/Resources/text/items/text_Items_ja.txt,PKHeX.Core/Resources/text/items/text_Items_ko.txt,PKHeX.Core/Resources/text/items/text_Items_en.txt
2504,ズガイドスのトゲ,두개도스의가시,Cranidos Spike,kwsch/PKHeX,8ad201e80244f630ab5a46922ab72fb79c5ad4f4,PKHeX.Core/Resources/text/items/text_Items_ja.txt,PKHeX.Core/Resources/text/items/text_Items_ko.txt,PKHeX.Core/Resources/text/items/text_Items_en.txt
2505,タテトプスのツメ,방패톱스의발톱,Shieldon Claw,kwsch/PKHeX,8ad201e80244f630ab5a46922ab72fb79c5ad4f4,PKHeX.Core/Resources/text/items/text_Items_ja.txt,PKHeX.Core/Resources/text/items/text_Items_ko.txt,PKHeX.Core/Resources/text/items/text_Items_en.txt
2506,シママのたてがみ,줄뮤마의갈기,Blitzle Mane Hair,kwsch/PKHeX,8ad201e80244f630ab5a46922ab72fb79c5ad4f4,PKHeX.Core/Resources/text/items/text_Items_ja.txt,PKHeX.Core/Resources/text/items/text_Items_ko.txt,PKHeX.Core/Resources/text/items/text_Items_en.txt
2507,モグリューのツメ,두더류의손톱,Drilbur Claw,kwsch/PKHeX,8ad201e80244f630ab5a46922ab72fb79c5ad4f4,PKHeX.Core/Resources/text/items/text_Items_ja.txt,PKHeX.Core/Resources/text/items/text_Items_ko.txt,PKHeX.Core/Resources/text/items/text_Items_en.txt
2508,モンメンのわたげ,소미안의솜,Cottonee Fluff,kwsch/PKHeX,8ad201e80244f630ab5a46922ab72fb79c5ad4f4,PKHeX.Core/Resources/text/items/text_Items_ja.txt,PKHeX.Core/Resources/text/items/text_Items_ko.txt,PKHeX.Core/Resources/text/items/text_Items_en.txt
2509,ズルッグのあせ,곤율랭의땀,Scraggy Sweat,kwsch/PKHeX,8ad201e80244f630ab5a46922ab72fb79c5ad4f4,PKHeX.Core/Resources/text/items/text_Items_ja.txt,PKHeX.Core/Resources/text/items/text_Items_ko.txt,PKHeX.Core/Resources/text/items/text_Items_en.txt
2510,チラーミィのけ,치라미의털,Minccino Fur,kwsch/PKHeX,8ad201e80244f630ab5a46922ab72fb79c5ad4f4,PKHeX.Core/Resources/text/items/text_Items_ja.txt,PKHeX.Core/Resources/text/items/text_Items_ko.txt,PKHeX.Core/Resources/text/items/text_Items_en.txt
2511,ユニランのジェル,유니란의젤,Solosis Gel,kwsch/PKHeX,8ad201e80244f630ab5a46922ab72fb79c5ad4f4,PKHeX.Core/Resources/text/items/text_Items_ja.txt,PKHeX.Core/Resources/text/items/text_Items_ko.txt,PKHeX.Core/Resources/text/items/text_Items_en.txt
2512,バチュルのいと,파쪼옥의실,Joltik Thread,kwsch/PKHeX,8ad201e80244f630ab5a46922ab72fb79c5ad4f4,PKHeX.Core/Resources/text/items/text_Items_ja.txt,PKHeX.Core/Resources/text/items/text_Items_ko.txt,PKHeX.Core/Resources/text/items/text_Items_en.txt
2513,ゴビットのかけら,골비람의조각,Golett Shard,kwsch/PKHeX,8ad201e80244f630ab5a46922ab72fb79c5ad4f4,PKHeX.Core/Resources/text/items/text_Items_ja.txt,PKHeX.Core/Resources/text/items/text_Items_ko.txt,PKHeX.Core/Resources/text/items/text_Items_en.txt
2514,ニャスパーのけ,냐스퍼의털,Espurr Fur,kwsch/PKHeX,8ad201e80244f630ab5a46922ab72fb79c5ad4f4,PKHeX.Core/Resources/text/items/text_Items_ja.txt,PKHeX.Core/Resources/text/items/text_Items_ko.txt,PKHeX.Core/Resources/text/items/text_Items_en.txt
2515,マーイーカのスミ,오케이징의먹물,Inkay Ink,kwsch/PKHeX,8ad201e80244f630ab5a46922ab72fb79c5ad4f4,PKHeX.Core/Resources/text/items/text_Items_ja.txt,PKHeX.Core/Resources/text/items/text_Items_ko.txt,PKHeX.Core/Resources/text/items/text_Items_en.txt
2516,ツツケラのはね,콕코구리의깃털,Pikipek Feather,kwsch/PKHeX,8ad201e80244f630ab5a46922ab72fb79c5ad4f4,PKHeX.Core/Resources/text/items/text_Items_ja.txt,PKHeX.Core/Resources/text/items/text_Items_ko.txt,PKHeX.Core/Resources/text/items/text_Items_en.txt
2517,シズクモのいと,물거미의실,Dewpider Thread,kwsch/PKHeX,8ad201e80244f630ab5a46922ab72fb79c5ad4f4,PKHeX.Core/Resources/text/items/text_Items_ja.txt,PKHeX.Core/Resources/text/items/text_Items_ko.txt,PKHeX.Core/Resources/text/items/text_Items_en.txt
2518,キュワワーのはな,큐아링의꽃,Comfey Flower,kwsch/PKHeX,8ad201e80244f630ab5a46922ab72fb79c5ad4f4,PKHeX.Core/Resources/text/items/text_Items_ja.txt,PKHeX.Core/Resources/text/items/text_Items_ko.txt,PKHeX.Core/Resources/text/items/text_Items_en.txt
2519,メテノのから,메테노의껍데기,Minior Shell,kwsch/PKHeX,8ad201e80244f630ab5a46922ab72fb79c5ad4f4,PKHeX.Core/Resources/text/items/text_Items_ja.txt,PKHeX.Core/Resources/text/items/text_Items_ko.txt,PKHeX.Core/Resources/text/items/text_Items_en.txt
2520,マホミルのクリーム,마빌크의크림,Milcery Cream,kwsch/PKHeX,8ad201e80244f630ab5a46922ab72fb79c5ad4f4,PKHeX.Core/Resources/text/items/text_Items_ja.txt,PKHeX.Core/Resources/text/items/text_Items_ko.txt,PKHeX.Core/Resources/text/items/text_Items_en.txt
2521,ジュラルドンのさび,두랄루돈의녹,Duraludon Tarnish,kwsch/PKHeX,8ad201e80244f630ab5a46922ab72fb79c5ad4f4,PKHeX.Core/Resources/text/items/text_Items_ja.txt,PKHeX.Core/Resources/text/items/text_Items_ko.txt,PKHeX.Core/Resources/text/items/text_Items_en.txt
2522,フリーザーのおやつ,프리져의간식,Articuno Treat,kwsch/PKHeX,8ad201e80244f630ab5a46922ab72fb79c5ad4f4,PKHeX.Core/Resources/text/items/text_Items_ja.txt,PKHeX.Core/Resources/text/items/text_Items_ko.txt,PKHeX.Core/Resources/text/items/text_Items_en.txt
2523,サンダーのおやつ,썬더의간식,Zapdos Treat,kwsch/PKHeX,8ad201e80244f630ab5a46922ab72fb79c5ad4f4,PKHeX.Core/Resources/text/items/text_Items_ja.txt,PKHeX.Core/Resources/text/items/text_Items_ko.txt,PKHeX.Core/Resources/text/items/text_Items_en.txt
2524,ファイヤーのおやつ,파이어의간식,Moltres Treat,kwsch/PKHeX,8ad201e80244f630ab5a46922ab72fb79c5ad4f4,PKHeX.Core/Resources/text/items/text_Items_ja.txt,PKHeX.Core/Resources/text/items/text_Items_ko.txt,PKHeX.Core/Resources/text/items/text_Items_en.txt
2525,ライコウのおやつ,라이코의간식,Raikou Treat,kwsch/PKHeX,8ad201e80244f630ab5a46922ab72fb79c5ad4f4,PKHeX.Core/Resources/text/items/text_Items_ja.txt,PKHeX.Core/Resources/text/items/text_Items_ko.txt,PKHeX.Core/Resources/text/items/text_Items_en.txt
2526,エンテイのおやつ,앤테이의간식,Entei Treat,kwsch/PKHeX,8ad201e80244f630ab5a46922ab72fb79c5ad4f4,PKHeX.Core/Resources/text/items/text_Items_ja.txt,PKHeX.Core/Resources/text/items/text_Items_ko.txt,PKHeX.Core/Resources/text/items/text_Items_en.txt
2527,スイクンのおやつ,스이쿤의간식,Suicune Treat,kwsch/PKHeX,8ad201e80244f630ab5a46922ab72fb79c5ad4f4,PKHeX.Core/Resources/text/items/text_Items_ja.txt,PKHeX.Core/Resources/text/items/text_Items_ko.txt,PKHeX.Core/Resources/text/items/text_Items_en.txt
2528,ルギアのおやつ,루기아의간식,Lugia Treat,kwsch/PKHeX,8ad201e80244f630ab5a46922ab72fb79c5ad4f4,PKHeX.Core/Resources/text/items/text_Items_ja.txt,PKHeX.Core/Resources/text/items/text_Items_ko.txt,PKHeX.Core/Resources/text/items/text_Items_en.txt
2529,ホウオウのおやつ,칠색조의간식,Ho-Oh Treat,kwsch/PKHeX,8ad201e80244f630ab5a46922ab72fb79c5ad4f4,PKHeX.Core/Resources/text/items/text_Items_ja.txt,PKHeX.Core/Resources/text/items/text_Items_ko.txt,PKHeX.Core/Resources/text/items/text_Items_en.txt
2530,ラティアスのおやつ,라티아스의간식,Latias Treat,kwsch/PKHeX,8ad201e80244f630ab5a46922ab72fb79c5ad4f4,PKHeX.Core/Resources/text/items/text_Items_ja.txt,PKHeX.Core/Resources/text/items/text_Items_ko.txt,PKHeX.Core/Resources/text/items/text_Items_en.txt
2531,ラティオスのおやつ,라티오스의간식,Latios Treat,kwsch/PKHeX,8ad201e80244f630ab5a46922ab72fb79c5ad4f4,PKHeX.Core/Resources/text/items/text_Items_ja.txt,PKHeX.Core/Resources/text/items/text_Items_ko.txt,PKHeX.Core/Resources/text/items/text_Items_en.txt
2532,カイオーガのおやつ,가이오가의간식,Kyogre Treat,kwsch/PKHeX,8ad201e80244f630ab5a46922ab72fb79c5ad4f4,PKHeX.Core/Resources/text/items/text_Items_ja.txt,PKHeX.Core/Resources/text/items/text_Items_ko.txt,PKHeX.Core/Resources/text/items/text_Items_en.txt
2533,グラードンのおやつ,그란돈의간식,Groudon Treat,kwsch/PKHeX,8ad201e80244f630ab5a46922ab72fb79c5ad4f4,PKHeX.Core/Resources/text/items/text_Items_ja.txt,PKHeX.Core/Resources/text/items/text_Items_ko.txt,PKHeX.Core/Resources/text/items/text_Items_en.txt
2534,レックウザのおやつ,레쿠쟈의간식,Rayquaza Treat,kwsch/PKHeX,8ad201e80244f630ab5a46922ab72fb79c5ad4f4,PKHeX.Core/Resources/text/items/text_Items_ja.txt,PKHeX.Core/Resources/text/items/text_Items_ko.txt,PKHeX.Core/Resources/text/items/text_Items_en.txt
2535,コバルオンのおやつ,코바르온의간식,Cobalion Treat,kwsch/PKHeX,8ad201e80244f630ab5a46922ab72fb79c5ad4f4,PKHeX.Core/Resources/text/items/text_Items_ja.txt,PKHeX.Core/Resources/text/items/text_Items_ko.txt,PKHeX.Core/Resources/text/items/text_Items_en.txt
2536,テラキオンのおやつ,테라키온의간식,Terrakion Treat,kwsch/PKHeX,8ad201e80244f630ab5a46922ab72fb79c5ad4f4,PKHeX.Core/Resources/text/items/text_Items_ja.txt,PKHeX.Core/Resources/text/items/text_Items_ko.txt,PKHeX.Core/Resources/text/items/text_Items_en.txt
2537,ビリジオンのおやつ,비리디온의간식,Virizion Treat,kwsch/PKHeX,8ad201e80244f630ab5a46922ab72fb79c5ad4f4,PKHeX.Core/Resources/text/items/text_Items_ja.txt,PKHeX.Core/Resources/text/items/text_Items_ko.txt,PKHeX.Core/Resources/text/items/text_Items_en.txt
2538,レシラムのおやつ,레시라무의간식,Reshiram Treat,kwsch/PKHeX,8ad201e80244f630ab5a46922ab72fb79c5ad4f4,PKHeX.Core/Resources/text/items/text_Items_ja.txt,PKHeX.Core/Resources/text/items/text_Items_ko.txt,PKHeX.Core/Resources/text/items/text_Items_en.txt
2539,ゼクロムのおやつ,제크로무의간식,Zekrom Treat,kwsch/PKHeX,8ad201e80244f630ab5a46922ab72fb79c5ad4f4,PKHeX.Core/Resources/text/items/text_Items_ja.txt,PKHeX.Core/Resources/text/items/text_Items_ko.txt,PKHeX.Core/Resources/text/items/text_Items_en.txt
2540,キュレムのおやつ,큐레무의간식,Kyurem Treat,kwsch/PKHeX,8ad201e80244f630ab5a46922ab72fb79c5ad4f4,PKHeX.Core/Resources/text/items/text_Items_ja.txt,PKHeX.Core/Resources/text/items/text_Items_ko.txt,PKHeX.Core/Resources/text/items/text_Items_en.txt
2541,ソルガレオのおやつ,솔가레오의간식,Solgaleo Treat,kwsch/PKHeX,8ad201e80244f630ab5a46922ab72fb79c5ad4f4,PKHeX.Core/Resources/text/items/text_Items_ja.txt,PKHeX.Core/Resources/text/items/text_Items_ko.txt,PKHeX.Core/Resources/text/items/text_Items_en.txt
2542,ルナアーラのおやつ,루나아라의간식,Lunala Treat,kwsch/PKHeX,8ad201e80244f630ab5a46922ab72fb79c5ad4f4,PKHeX.Core/Resources/text/items/text_Items_ja.txt,PKHeX.Core/Resources/text/items/text_Items_ko.txt,PKHeX.Core/Resources/text/items/text_Items_en.txt
2543,ネクロズマのおやつ,네크로즈마의간식,Necrozma Treat,kwsch/PKHeX,8ad201e80244f630ab5a46922ab72fb79c5ad4f4,PKHeX.Core/Resources/text/items/text_Items_ja.txt,PKHeX.Core/Resources/text/items/text_Items_ko.txt,PKHeX.Core/Resources/text/items/text_Items_en.txt
2544,ダクマのおやつ,치고마의간식,Kubfu Treat,kwsch/PKHeX,8ad201e80244f630ab5a46922ab72fb79c5ad4f4,PKHeX.Core/Resources/text/items/text_Items_ja.txt,PKHeX.Core/Resources/text/items/text_Items_ko.txt,PKHeX.Core/Resources/text/items/text_Items_en.txt
2545,ブリザポスのおやつ,블리자포스의간식,Glastrier Treat,kwsch/PKHeX,8ad201e80244f630ab5a46922ab72fb79c5ad4f4,PKHeX.Core/Resources/text/items/text_Items_ja.txt,PKHeX.Core/Resources/text/items/text_Items_ko.txt,PKHeX.Core/Resources/text/items/text_Items_en.txt
2546,レイスポスのおやつ,레이스포스의간식,Spectrier Treat,kwsch/PKHeX,8ad201e80244f630ab5a46922ab72fb79c5ad4f4,PKHeX.Core/Resources/text/items/text_Items_ja.txt,PKHeX.Core/Resources/text/items/text_Items_ko.txt,PKHeX.Core/Resources/text/items/text_Items_en.txt
2547,あおのディスク,남청의디스크,Indigo Disk,kwsch/PKHeX,8ad201e80244f630ab5a46922ab72fb79c5ad4f4,PKHeX.Core/Resources/text/items/text_Items_ja.txt,PKHeX.Core/Resources/text/items/text_Items_ko.txt,PKHeX.Core/Resources/text/items/text_Items_en.txt
2548,メラメラピック,이글이글 픽,Fiery Pick,kwsch/PKHeX,8ad201e80244f630ab5a46922ab72fb79c5ad4f4,PKHeX.Core/Resources/text/items/text_Items_ja.txt,PKHeX.Core/Resources/text/items/text_Items_ko.txt,PKHeX.Core/Resources/text/items/text_Items_en.txt
2549,テラピースステラ,테라피스 스텔라,Stellar Tera Shard,kwsch/PKHeX,8ad201e80244f630ab5a46922ab72fb79c5ad4f4,PKHeX.Core/Resources/text/items/text_Items_ja.txt,PKHeX.Core/Resources/text/items/text_Items_ko.txt,PKHeX.Core/Resources/text/items/text_Items_en.txt
2550,まぼろしモモン,환상복슝,Mythical Pecha Berry,kwsch/PKHeX,8ad201e80244f630ab5a46922ab72fb79c5ad4f4,PKHeX.Core/Resources/text/items/text_Items_ja.txt,PKHeX.Core/Resources/text/items/text_Items_ko.txt,PKHeX.Core/Resources/text/items/text_Items_en.txt
2551,ブルーベリークロス,블루베리 테이블보,Blueberry Tablecloth,kwsch/PKHeX,8ad201e80244f630ab5a46922ab72fb79c5ad4f4,PKHeX.Core/Resources/text/items/text_Items_ja.txt,PKHeX.Core/Resources/text/items/text_Items_ko.txt,PKHeX.Core/Resources/text/items/text_Items_en.txt
2552,ブルーベリーチェア,블루베리 체어,Blueberry Chairs,kwsch/PKHeX,8ad201e80244f630ab5a46922ab72fb79c5ad4f4,PKHeX.Core/Resources/text/items/text_Items_ja.txt,PKHeX.Core/Resources/text/items/text_Items_ko.txt,PKHeX.Core/Resources/text/items/text_Items_en.txt
2553,シンクロマシン,싱크로머신,Synchro Machine,kwsch/PKHeX,8ad201e80244f630ab5a46922ab72fb79c5ad4f4,PKHeX.Core/Resources/text/items/text_Items_ja.txt,PKHeX.Core/Resources/text/items/text_Items_ko.txt,PKHeX.Core/Resources/text/items/text_Items_en.txt
2554,いんせき,운석,Meteorite,kwsch/PKHeX,8ad201e80244f630ab5a46922ab72fb79c5ad4f4,PKHeX.Core/Resources/text/items/text_Items_ja.txt,PKHeX.Core/Resources/text/items/text_Items_ko.txt,PKHeX.Core/Resources/text/items/text_Items_en.txt
2555,スカーレットブック,스칼렛북,Scarlet Book,kwsch/PKHeX,8ad201e80244f630ab5a46922ab72fb79c5ad4f4,PKHeX.Core/Resources/text/items/text_Items_ja.txt,PKHeX.Core/Resources/text/items/text_Items_ko.txt,PKHeX.Core/Resources/text/items/text_Items_en.txt
2556,バイオレットブック,바이올렛북,Violet Book,kwsch/PKHeX,8ad201e80244f630ab5a46922ab72fb79c5ad4f4,PKHeX.Core/Resources/text/items/text_Items_ja.txt,PKHeX.Core/Resources/text/items/text_Items_ko.txt,PKHeX.Core/Resources/text/items/text_Items_en.txt
2557,ゼロの秘宝,제로의 비보,Briar’s Book,kwsch/PKHeX,8ad201e80244f630ab5a46922ab72fb79c5ad4f4,PKHeX.Core/Resources/text/items/text_Items_ja.txt,PKHeX.Core/Resources/text/items/text_Items_ko.txt,PKHeX.Core/Resources/text/items/text_Items_en.txt
2558,かいでんのタネ,숙달의씨,Seed of Mastery,kwsch/PKHeX,8ad201e80244f630ab5a46922ab72fb79c5ad4f4,PKHeX.Core/Resources/text/items/text_Items_ja.txt,PKHeX.Core/Resources/text/items/text_Items_ko.txt,PKHeX.Core/Resources/text/items/text_Items_en.txt
2559,ピクシナイト,픽시나이트,Clefablite,kwsch/PKHeX,8ad201e80244f630ab5a46922ab72fb79c5ad4f4,PKHeX.Core/Resources/text/items/text_Items_ja.txt,PKHeX.Core/Resources/text/items/text_Items_ko.txt,PKHeX.Core/Resources/text/items/text_Items_en.txt
2560,ウツボットナイト,우츠보트나이트,Victreebelite,kwsch/PKHeX,8ad201e80244f630ab5a46922ab72fb79c5ad4f4,PKHeX.Core/Resources/text/items/text_Items_ja.txt,PKHeX.Core/Resources/text/items/text_Items_ko.txt,PKHeX.Core/Resources/text/items/text_Items_en.txt
2561,スターミナイト,아쿠스타나이트,Starminite,kwsch/PKHeX,8ad201e80244f630ab5a46922ab72fb79c5ad4f4,PKHeX.Core/Resources/text/items/text_Items_ja.txt,PKHeX.Core/Resources/text/items/text_Items_ko.txt,PKHeX.Core/Resources/text/items/text_Items_en.txt
2562,カイリュナイト,망나뇽나이트,Dragoninite,kwsch/PKHeX,8ad201e80244f630ab5a46922ab72fb79c5ad4f4,PKHeX.Core/Resources/text/items/text_Items_ja.txt,PKHeX.Core/Resources/text/items/text_Items_ko.txt,PKHeX.Core/Resources/text/items/text_Items_en.txt
2563,メガニウムナイト,메가니움나이트,Meganiumite,kwsch/PKHeX,8ad201e80244f630ab5a46922ab72fb79c5ad4f4,PKHeX.Core/Resources/text/items/text_Items_ja.txt,PKHeX.Core/Resources/text/items/text_Items_ko.txt,PKHeX.Core/Resources/text/items/text_Items_en.txt
2564,オーダイルナイト,장크로다일나이트,Feraligite,kwsch/PKHeX,8ad201e80244f630ab5a46922ab72fb79c5ad4f4,PKHeX.Core/Resources/text/items/text_Items_ja.txt,PKHeX.Core/Resources/text/items/text_Items_ko.txt,PKHeX.Core/Resources/text/items/text_Items_en.txt
2565,エアームドナイト,무장조나이트,Skarmorite,kwsch/PKHeX,8ad201e80244f630ab5a46922ab72fb79c5ad4f4,PKHeX.Core/Resources/text/items/text_Items_ja.txt,PKHeX.Core/Resources/text/items/text_Items_ko.txt,PKHeX.Core/Resources/text/items/text_Items_en.txt
2566,ユキメノコナイト,눈여아나이트,Froslassite,kwsch/PKHeX,8ad201e80244f630ab5a46922ab72fb79c5ad4f4,PKHeX.Core/Resources/text/items/text_Items_ja.txt,PKHeX.Core/Resources/text/items/text_Items_ko.txt,PKHeX.Core/Resources/text/items/text_Items_en.txt
2567,ヒードラナイト,히드런나이트,Heatranite,kwsch/PKHeX,8ad201e80244f630ab5a46922ab72fb79c5ad4f4,PKHeX.Core/Resources/text/items/text_Items_ja.txt,PKHeX.Core/Resources/text/items/text_Items_ko.txt,PKHeX.Core/Resources/text/items/text_Items_en.txt
2568,ダークライナイト,다크라이나이트,Darkranite,kwsch/PKHeX,8ad201e80244f630ab5a46922ab72fb79c5ad4f4,PKHeX.Core/Resources/text/items/text_Items_ja.txt,PKHeX.Core/Resources/text/items/text_Items_ko.txt,PKHeX.Core/Resources/text/items/text_Items_en.txt
2569,エンブオナイト,염무왕나이트,Emboarite,kwsch/PKHeX,8ad201e80244f630ab5a46922ab72fb79c5ad4f4,PKHeX.Core/Resources/text/items/text_Items_ja.txt,PKHeX.Core/Resources/text/items/text_Items_ko.txt,PKHeX.Core/Resources/text/items/text_Items_en.txt
2570,ドリュウズナイト,몰드류나이트,Excadrite,kwsch/PKHeX,8ad201e80244f630ab5a46922ab72fb79c5ad4f4,PKHeX.Core/Resources/text/items/text_Items_ja.txt,PKHeX.Core/Resources/text/items/text_Items_ko.txt,PKHeX.Core/Resources/text/items/text_Items_en.txt
2571,ペンドラナイト,펜드라나이트,Scolipite,kwsch/PKHeX,8ad201e80244f630ab5a46922ab72fb79c5ad4f4,PKHeX.Core/Resources/text/items/text_Items_ja.txt,PKHeX.Core/Resources/text/items/text_Items_ko.txt,PKHeX.Core/Resources/text/items/text_Items_en.txt
2572,ズルズキナイト,곤율거니나이트,Scraftinite,kwsch/PKHeX,8ad201e80244f630ab5a46922ab72fb79c5ad4f4,PKHeX.Core/Resources/text/items/text_Items_ja.txt,PKHeX.Core/Resources/text/items/text_Items_ko.txt,PKHeX.Core/Resources/text/items/text_Items_en.txt
2573,シビルドナイト,저리더프나이트,Eelektrossite,kwsch/PKHeX,8ad201e80244f630ab5a46922ab72fb79c5ad4f4,PKHeX.Core/Resources/text/items/text_Items_ja.txt,PKHeX.Core/Resources/text/items/text_Items_ko.txt,PKHeX.Core/Resources/text/items/text_Items_en.txt
2574,シャンデラナイト,샹델라나이트,Chandelurite,kwsch/PKHeX,8ad201e80244f630ab5a46922ab72fb79c5ad4f4,PKHeX.Core/Resources/text/items/text_Items_ja.txt,PKHeX.Core/Resources/text/items/text_Items_ko.txt,PKHeX.Core/Resources/text/items/text_Items_en.txt
2575,ブリガロナイト,브리가론나이트,Chesnaughtite,kwsch/PKHeX,8ad201e80244f630ab5a46922ab72fb79c5ad4f4,PKHeX.Core/Resources/text/items/text_Items_ja.txt,PKHeX.Core/Resources/text/items/text_Items_ko.txt,PKHeX.Core/Resources/text/items/text_Items_en.txt
2576,マフォクシナイト,마폭시나이트,Delphoxite,kwsch/PKHeX,8ad201e80244f630ab5a46922ab72fb79c5ad4f4,PKHeX.Core/Resources/text/items/text_Items_ja.txt,PKHeX.Core/Resources/text/items/text_Items_ko.txt,PKHeX.Core/Resources/text/items/text_Items_en.txt
2577,ゲッコウガナイト,개굴닌자나이트,Greninjite,kwsch/PKHeX,8ad201e80244f630ab5a46922ab72fb79c5ad4f4,PKHeX.Core/Resources/text/items/text_Items_ja.txt,PKHeX.Core/Resources/text/items/text_Items_ko.txt,PKHeX.Core/Resources/text/items/text_Items_en.txt
2578,カエンジシナイト,화염레오나이트,Pyroarite,kwsch/PKHeX,8ad201e80244f630ab5a46922ab72fb79c5ad4f4,PKHeX.Core/Resources/text/items/text_Items_ja.txt,PKHeX.Core/Resources/text/items/text_Items_ko.txt,PKHeX.Core/Resources/text/items/text_Items_en.txt
2579,フラエッテナイト,플라엣테나이트,Floettite,kwsch/PKHeX,8ad201e80244f630ab5a46922ab72fb79c5ad4f4,PKHeX.Core/Resources/text/items/text_Items_ja.txt,PKHeX.Core/Resources/text/items/text_Items_ko.txt,PKHeX.Core/Resources/text/items/text_Items_en.txt
2580,カラマネナイト,칼라마네로나이트,Malamarite,kwsch/PKHeX,8ad201e80244f630ab5a46922ab72fb79c5ad4f4,PKHeX.Core/Resources/text/items/text_Items_ja.txt,PKHeX.Core/Resources/text/items/text_Items_ko.txt,PKHeX.Core/Resources/text/items/text_Items_en.txt
2581,ガメノデスナイト,거북손데스나이트,Barbaracite,kwsch/PKHeX,8ad201e80244f630ab5a46922ab72fb79c5ad4f4,PKHeX.Core/Resources/text/items/text_Items_ja.txt,PKHeX.Core/Resources/text/items/text_Items_ko.txt,PKHeX.Core/Resources/text/items/text_Items_en.txt
2582,ドラミドナイト,드래캄나이트,Dragalgite,kwsch/PKHeX,8ad201e80244f630ab5a46922ab72fb79c5ad4f4,PKHeX.Core/Resources/text/items/text_Items_ja.txt,PKHeX.Core/Resources/text/items/text_Items_ko.txt,PKHeX.Core/Resources/text/items/text_Items_en.txt
2583,ルチャブルナイト,루차불나이트,Hawluchanite,kwsch/PKHeX,8ad201e80244f630ab5a46922ab72fb79c5ad4f4,PKHeX.Core/Resources/text/items/text_Items_ja.txt,PKHeX.Core/Resources/text/items/text_Items_ko.txt,PKHeX.Core/Resources/text/items/text_Items_en.txt
2584,ジガルデナイト,지가르데나이트,Zygardite,kwsch/PKHeX,8ad201e80244f630ab5a46922ab72fb79c5ad4f4,PKHeX.Core/Resources/text/items/text_Items_ja.txt,PKHeX.Core/Resources/text/items/text_Items_ko.txt,PKHeX.Core/Resources/text/items/text_Items_en.txt
2585,ジジーロナイト,할비롱나이트,Drampanite,kwsch/PKHeX,8ad201e80244f630ab5a46922ab72fb79c5ad4f4,PKHeX.Core/Resources/text/items/text_Items_ja.txt,PKHeX.Core/Resources/text/items/text_Items_ko.txt,PKHeX.Core/Resources/text/items/text_Items_en.txt
2586,ゼラオラナイト,제라오라나이트,Zeraorite,kwsch/PKHeX,8ad201e80244f630ab5a46922ab72fb79c5ad4f4,PKHeX.Core/Resources/text/items/text_Items_ja.txt,PKHeX.Core/Resources/text/items/text_Items_ko.txt,PKHeX.Core/Resources/text/items/text_Items_en.txt
2587,タイレーツナイト,대여르나이트,Falinksite,kwsch/PKHeX,8ad201e80244f630ab5a46922ab72fb79c5ad4f4,PKHeX.Core/Resources/text/items/text_Items_ja.txt,PKHeX.Core/Resources/text/items/text_Items_ko.txt,PKHeX.Core/Resources/text/items/text_Items_en.txt
2588,２０２ごうしつのカギ,202호실열쇠,Key to Room 202,kwsch/PKHeX,8ad201e80244f630ab5a46922ab72fb79c5ad4f4,PKHeX.Core/Resources/text/items/text_Items_ja.txt,PKHeX.Core/Resources/text/items/text_Items_ko.txt,PKHeX.Core/Resources/text/items/text_Items_en.txt
2589,すごいミアレガレット,대단한미르갈레트,Super Lumiose Galette,kwsch/PKHeX,8ad201e80244f630ab5a46922ab72fb79c5ad4f4,PKHeX.Core/Resources/text/items/text_Items_ja.txt,PKHeX.Core/Resources/text/items/text_Items_ko.txt,PKHeX.Core/Resources/text/items/text_Items_en.txt
2590,ラボのカードキーＡ,랩카드키A,Lab Key Card A,kwsch/PKHeX,8ad201e80244f630ab5a46922ab72fb79c5ad4f4,PKHeX.Core/Resources/text/items/text_Items_ja.txt,PKHeX.Core/Resources/text/items/text_Items_ko.txt,PKHeX.Core/Resources/text/items/text_Items_en.txt
2591,ラボのカードキーＢ,랩카드키B,Lab Key Card B,kwsch/PKHeX,8ad201e80244f630ab5a46922ab72fb79c5ad4f4,PKHeX.Core/Resources/text/items/text_Items_ja.txt,PKHeX.Core/Resources/text/items/text_Items_ko.txt,PKHeX.Core/Resources/text/items/text_Items_en.txt
2592,ラボのカードキーＣ,랩카드키C,Lab Key Card C,kwsch/PKHeX,8ad201e80244f630ab5a46922ab72fb79c5ad4f4,PKHeX.Core/Resources/text/items/text_Items_ja.txt,PKHeX.Core/Resources/text/items/text_Items_ko.txt,PKHeX.Core/Resources/text/items/text_Items_en.txt
2593,,,,kwsch/PKHeX,8ad201e80244f630ab5a46922ab72fb79c5ad4f4,PKHeX.Core/Resources/text/items/text_Items_ja.txt,PKHeX.Core/Resources/text/items/text_Items_ko.txt,PKHeX.Core/Resources/text/items/text_Items_en.txt
2594,,,,kwsch/PKHeX,8ad201e80244f630ab5a46922ab72fb79c5ad4f4,PKHeX.Core/Resources/text/items/text_Items_ja.txt,PKHeX.Core/Resources/text/items/text_Items_ko.txt,PKHeX.Core/Resources/text/items/text_Items_en.txt
2595,いしころ,돌멩이,Pebble,kwsch/PKHeX,8ad201e80244f630ab5a46922ab72fb79c5ad4f4,PKHeX.Core/Resources/text/items/text_Items_ja.txt,PKHeX.Core/Resources/text/items/text_Items_ko.txt,PKHeX.Core/Resources/text/items/text_Items_en.txt
2596,おもいでのゆびわ,추억의반지,Cherished Ring,kwsch/PKHeX,8ad201e80244f630ab5a46922ab72fb79c5ad4f4,PKHeX.Core/Resources/text/items/text_Items_ja.txt,PKHeX.Core/Resources/text/items/text_Items_ko.txt,PKHeX.Core/Resources/text/items/text_Items_en.txt
2597,サインいりのぬい,친필사인인형,Autographed Plush,kwsch/PKHeX,8ad201e80244f630ab5a46922ab72fb79c5ad4f4,PKHeX.Core/Resources/text/items/text_Items_ja.txt,PKHeX.Core/Resources/text/items/text_Items_ko.txt,PKHeX.Core/Resources/text/items/text_Items_en.txt
2598,おいしいゴミ,맛있는쓰레기,Tasty Trash,kwsch/PKHeX,8ad201e80244f630ab5a46922ab72fb79c5ad4f4,PKHeX.Core/Resources/text/items/text_Items_ja.txt,PKHeX.Core/Resources/text/items/text_Items_ko.txt,PKHeX.Core/Resources/text/items/text_Items_en.txt
2599,げんきのこえだ,기력의잔가지,Revitalizing Twig,kwsch/PKHeX,8ad201e80244f630ab5a46922ab72fb79c5ad4f4,PKHeX.Core/Resources/text/items/text_Items_ja.txt,PKHeX.Core/Resources/text/items/text_Items_ko.txt,PKHeX.Core/Resources/text/items/text_Items_en.txt
2600,デウロのわすれもの,루디의 잊은물건,Lida’s Things,kwsch/PKHeX,8ad201e80244f630ab5a46922ab72fb79c5ad4f4,PKHeX.Core/Resources/text/items/text_Items_ja.txt,PKHeX.Core/Resources/text/items/text_Items_ko.txt,PKHeX.Core/Resources/text/items/text_Items_en.txt
2601,ミアレバター,미르버터,Lumiosian Butter,kwsch/PKHeX,8ad201e80244f630ab5a46922ab72fb79c5ad4f4,PKHeX.Core/Resources/text/items/text_Items_ja.txt,PKHeX.Core/Resources/text/items/text_Items_ko.txt,PKHeX.Core/Resources/text/items/text_Items_en.txt
2602,スーパーバター,슈퍼버터,Nice Butter,kwsch/PKHeX,8ad201e80244f630ab5a46922ab72fb79c5ad4f4,PKHeX.Core/Resources/text/items/text_Items_ja.txt,PKHeX.Core/Resources/text/items/text_Items_ko.txt,PKHeX.Core/Resources/text/items/text_Items_en.txt
2603,ハイパーバター,하이퍼버터,Great Butter,kwsch/PKHeX,8ad201e80244f630ab5a46922ab72fb79c5ad4f4,PKHeX.Core/Resources/text/items/text_Items_ja.txt,PKHeX.Core/Resources/text/items/text_Items_ko.txt,PKHeX.Core/Resources/text/items/text_Items_en.txt
2604,ウルトラバター,울트라버터,Amazing Butter,kwsch/PKHeX,8ad201e80244f630ab5a46922ab72fb79c5ad4f4,PKHeX.Core/Resources/text/items/text_Items_ja.txt,PKHeX.Core/Resources/text/items/text_Items_ko.txt,PKHeX.Core/Resources/text/items/text_Items_en.txt
2605,マスターバター,마스터버터,Supreme Butter,kwsch/PKHeX,8ad201e80244f630ab5a46922ab72fb79c5ad4f4,PKHeX.Core/Resources/text/items/text_Items_ja.txt,PKHeX.Core/Resources/text/items/text_Items_ko.txt,PKHeX.Core/Resources/text/items/text_Items_en.txt
2606,いじげんバター,이차원버터,Hyperspace Butter,kwsch/PKHeX,8ad201e80244f630ab5a46922ab72fb79c5ad4f4,PKHeX.Core/Resources/text/items/text_Items_ja.txt,PKHeX.Core/Resources/text/items/text_Items_ko.txt,PKHeX.Core/Resources/text/items/text_Items_en.txt
2607,ホウエンのあらじお,호연산왕소금,Hoennian Salt,kwsch/PKHeX,8ad201e80244f630ab5a46922ab72fb79c5ad4f4,PKHeX.Core/Resources/text/items/text_Items_ja.txt,PKHeX.Core/Resources/text/items/text_Items_ko.txt,PKHeX.Core/Resources/text/items/text_Items_en.txt
2608,スパイスブラック,스파이스블랙,Épice Noire,kwsch/PKHeX,8ad201e80244f630ab5a46922ab72fb79c5ad4f4,PKHeX.Core/Resources/text/items/text_Items_ja.txt,PKHeX.Core/Resources/text/items/text_Items_ko.txt,PKHeX.Core/Resources/text/items/text_Items_en.txt
2609,オリーヴァオイル,올리르바오일,Arboliva Oil,kwsch/PKHeX,8ad201e80244f630ab5a46922ab72fb79c5ad4f4,PKHeX.Core/Resources/text/items/text_Items_ja.txt,PKHeX.Core/Resources/text/items/text_Items_ko.txt,PKHeX.Core/Resources/text/items/text_Items_en.txt
2610,パチパチキャンディ,톡톡캔디,Popping Candy,kwsch/PKHeX,8ad201e80244f630ab5a46922ab72fb79c5ad4f4,PKHeX.Core/Resources/text/items/text_Items_ja.txt,PKHeX.Core/Resources/text/items/text_Items_ko.txt,PKHeX.Core/Resources/text/items/text_Items_en.txt
2611,たいせつなてがみ,중요한편지,Important Letter,kwsch/PKHeX,8ad201e80244f630ab5a46922ab72fb79c5ad4f4,PKHeX.Core/Resources/text/items/text_Items_ja.txt,PKHeX.Core/Resources/text/items/text_Items_ko.txt,PKHeX.Core/Resources/text/items/text_Items_en.txt
2612,おもいでのゆびわ,추억의반지,Cherished Ring,kwsch/PKHeX,8ad201e80244f630ab5a46922ab72fb79c5ad4f4,PKHeX.Core/Resources/text/items/text_Items_ja.txt,PKHeX.Core/Resources/text/items/text_Items_ko.txt,PKHeX.Core/Resources/text/items/text_Items_en.txt
2613,よごれたスカーフ,더러운스카프,Dirty Scarf,kwsch/PKHeX,8ad201e80244f630ab5a46922ab72fb79c5ad4f4,PKHeX.Core/Resources/text/items/text_Items_ja.txt,PKHeX.Core/Resources/text/items/text_Items_ko.txt,PKHeX.Core/Resources/text/items/text_Items_en.txt
2614,,,,kwsch/PKHeX,8ad201e80244f630ab5a46922ab72fb79c5ad4f4,PKHeX.Core/Resources/text/items/text_Items_ja.txt,PKHeX.Core/Resources/text/items/text_Items_ko.txt,PKHeX.Core/Resources/text/items/text_Items_en.txt
2615,,,,kwsch/PKHeX,8ad201e80244f630ab5a46922ab72fb79c5ad4f4,PKHeX.Core/Resources/text/items/text_Items_ja.txt,PKHeX.Core/Resources/text/items/text_Items_ko.txt,PKHeX.Core/Resources/text/items/text_Items_en.txt
2616,,,,kwsch/PKHeX,8ad201e80244f630ab5a46922ab72fb79c5ad4f4,PKHeX.Core/Resources/text/items/text_Items_ja.txt,PKHeX.Core/Resources/text/items/text_Items_ko.txt,PKHeX.Core/Resources/text/items/text_Items_en.txt
2617,,,,kwsch/PKHeX,8ad201e80244f630ab5a46922ab72fb79c5ad4f4,PKHeX.Core/Resources/text/items/text_Items_ja.txt,PKHeX.Core/Resources/text/items/text_Items_ko.txt,PKHeX.Core/Resources/text/items/text_Items_en.txt
2618,メガカケラ,메가조각,Mega Shard,kwsch/PKHeX,8ad201e80244f630ab5a46922ab72fb79c5ad4f4,PKHeX.Core/Resources/text/items/text_Items_ja.txt,PKHeX.Core/Resources/text/items/text_Items_ko.txt,PKHeX.Core/Resources/text/items/text_Items_en.txt
2619,カラフルなネジ,컬러풀한나사,Colorful Screw,kwsch/PKHeX,8ad201e80244f630ab5a46922ab72fb79c5ad4f4,PKHeX.Core/Resources/text/items/text_Items_ja.txt,PKHeX.Core/Resources/text/items/text_Items_ko.txt,PKHeX.Core/Resources/text/items/text_Items_en.txt
2620,あかのカナリィぬい,빨강카나리인형,Red Canari Plush,kwsch/PKHeX,8ad201e80244f630ab5a46922ab72fb79c5ad4f4,PKHeX.Core/Resources/text/items/text_Items_ja.txt,PKHeX.Core/Resources/text/items/text_Items_ko.txt,PKHeX.Core/Resources/text/items/text_Items_en.txt
2621,あかのカナリィぬい,빨강카나리인형,Red Canari Plush,kwsch/PKHeX,8ad201e80244f630ab5a46922ab72fb79c5ad4f4,PKHeX.Core/Resources/text/items/text_Items_ja.txt,PKHeX.Core/Resources/text/items/text_Items_ko.txt,PKHeX.Core/Resources/text/items/text_Items_en.txt
2622,あかのカナリィぬい,빨강카나리인형,Red Canari Plush,kwsch/PKHeX,8ad201e80244f630ab5a46922ab72fb79c5ad4f4,PKHeX.Core/Resources/text/items/text_Items_ja.txt,PKHeX.Core/Resources/text/items/text_Items_ko.txt,PKHeX.Core/Resources/text/items/text_Items_en.txt
2623,きんのカナリィぬい,금색카나리인형,Gold Canari Plush,kwsch/PKHeX,8ad201e80244f630ab5a46922ab72fb79c5ad4f4,PKHeX.Core/Resources/text/items/text_Items_ja.txt,PKHeX.Core/Resources/text/items/text_Items_ko.txt,PKHeX.Core/Resources/text/items/text_Items_en.txt
2624,きんのカナリィぬい,금색카나리인형,Gold Canari Plush,kwsch/PKHeX,8ad201e80244f630ab5a46922ab72fb79c5ad4f4,PKHeX.Core/Resources/text/items/text_Items_ja.txt,PKHeX.Core/Resources/text/items/text_Items_ko.txt,PKHeX.Core/Resources/text/items/text_Items_en.txt
2625,きんのカナリィぬい,금색카나리인형,Gold Canari Plush,kwsch/PKHeX,8ad201e80244f630ab5a46922ab72fb79c5ad4f4,PKHeX.Core/Resources/text/items/text_Items_ja.txt,PKHeX.Core/Resources/text/items/text_Items_ko.txt,PKHeX.Core/Resources/text/items/text_Items_en.txt
2626,ピンクのカナリィぬい,분홍카나리인형,Pink Canari Plush,kwsch/PKHeX,8ad201e80244f630ab5a46922ab72fb79c5ad4f4,PKHeX.Core/Resources/text/items/text_Items_ja.txt,PKHeX.Core/Resources/text/items/text_Items_ko.txt,PKHeX.Core/Resources/text/items/text_Items_en.txt
2627,ピンクのカナリィぬい,분홍카나리인형,Pink Canari Plush,kwsch/PKHeX,8ad201e80244f630ab5a46922ab72fb79c5ad4f4,PKHeX.Core/Resources/text/items/text_Items_ja.txt,PKHeX.Core/Resources/text/items/text_Items_ko.txt,PKHeX.Core/Resources/text/items/text_Items_en.txt
2628,ピンクのカナリィぬい,분홍카나리인형,Pink Canari Plush,kwsch/PKHeX,8ad201e80244f630ab5a46922ab72fb79c5ad4f4,PKHeX.Core/Resources/text/items/text_Items_ja.txt,PKHeX.Core/Resources/text/items/text_Items_ko.txt,PKHeX.Core/Resources/text/items/text_Items_en.txt
2629,みどりのカナリィぬい,초록카나리인형,Green Canari Plush,kwsch/PKHeX,8ad201e80244f630ab5a46922ab72fb79c5ad4f4,PKHeX.Core/Resources/text/items/text_Items_ja.txt,PKHeX.Core/Resources/text/items/text_Items_ko.txt,PKHeX.Core/Resources/text/items/text_Items_en.txt
2630,みどりのカナリィぬい,초록카나리인형,Green Canari Plush,kwsch/PKHeX,8ad201e80244f630ab5a46922ab72fb79c5ad4f4,PKHeX.Core/Resources/text/items/text_Items_ja.txt,PKHeX.Core/Resources/text/items/text_Items_ko.txt,PKHeX.Core/Resources/text/items/text_Items_en.txt
2631,みどりのカナリィぬい,초록카나리인형,Green Canari Plush,kwsch/PKHeX,8ad201e80244f630ab5a46922ab72fb79c5ad4f4,PKHeX.Core/Resources/text/items/text_Items_ja.txt,PKHeX.Core/Resources/text/items/text_Items_ko.txt,PKHeX.Core/Resources/text/items/text_Items_en.txt
2632,あおのカナリィぬい,파랑카나리인형,Blue Canari Plush,kwsch/PKHeX,8ad201e80244f630ab5a46922ab72fb79c5ad4f4,PKHeX.Core/Resources/text/items/text_Items_ja.txt,PKHeX.Core/Resources/text/items/text_Items_ko.txt,PKHeX.Core/Resources/text/items/text_Items_en.txt
2633,あおのカナリィぬい,파랑카나리인형,Blue Canari Plush,kwsch/PKHeX,8ad201e80244f630ab5a46922ab72fb79c5ad4f4,PKHeX.Core/Resources/text/items/text_Items_ja.txt,PKHeX.Core/Resources/text/items/text_Items_ko.txt,PKHeX.Core/Resources/text/items/text_Items_en.txt
2634,あおのカナリィぬい,파랑카나리인형,Blue Canari Plush,kwsch/PKHeX,8ad201e80244f630ab5a46922ab72fb79c5ad4f4,PKHeX.Core/Resources/text/items/text_Items_ja.txt,PKHeX.Core/Resources/text/items/text_Items_ko.txt,PKHeX.Core/Resources/text/items/text_Items_en.txt
2635,ライチュウナイトＸ,라이츄나이트X,Raichunite X,kwsch/PKHeX,8ad201e80244f630ab5a46922ab72fb79c5ad4f4,PKHeX.Core/Resources/text/items/text_Items_ja.txt,PKHeX.Core/Resources/text/items/text_Items_ko.txt,PKHeX.Core/Resources/text/items/text_Items_en.txt
2636,ライチュウナイトＹ,라이츄나이트Y,Raichunite Y,kwsch/PKHeX,8ad201e80244f630ab5a46922ab72fb79c5ad4f4,PKHeX.Core/Resources/text/items/text_Items_ja.txt,PKHeX.Core/Resources/text/items/text_Items_ko.txt,PKHeX.Core/Resources/text/items/text_Items_en.txt
2637,チリーンナイト,치렁나이트,Chimechite,kwsch/PKHeX,8ad201e80244f630ab5a46922ab72fb79c5ad4f4,PKHeX.Core/Resources/text/items/text_Items_ja.txt,PKHeX.Core/Resources/text/items/text_Items_ko.txt,PKHeX.Core/Resources/text/items/text_Items_en.txt
2638,アブソルナイトＺ,앱솔나이트Z,Absolite Z,kwsch/PKHeX,8ad201e80244f630ab5a46922ab72fb79c5ad4f4,PKHeX.Core/Resources/text/items/text_Items_ja.txt,PKHeX.Core/Resources/text/items/text_Items_ko.txt,PKHeX.Core/Resources/text/items/text_Items_en.txt
2639,ムクホークナイト,찌르호크나이트,Staraptite,kwsch/PKHeX,8ad201e80244f630ab5a46922ab72fb79c5ad4f4,PKHeX.Core/Resources/text/items/text_Items_ja.txt,PKHeX.Core/Resources/text/items/text_Items_ko.txt,PKHeX.Core/Resources/text/items/text_Items_en.txt
2640,ガブリアスナイトＺ,한카리아스나이트Z,Garchompite Z,kwsch/PKHeX,8ad201e80244f630ab5a46922ab72fb79c5ad4f4,PKHeX.Core/Resources/text/items/text_Items_ja.txt,PKHeX.Core/Resources/text/items/text_Items_ko.txt,PKHeX.Core/Resources/text/items/text_Items_en.txt
2641,ルカリオナイトＺ,루카리오나이트Z,Lucarionite Z,kwsch/PKHeX,8ad201e80244f630ab5a46922ab72fb79c5ad4f4,PKHeX.Core/Resources/text/items/text_Items_ja.txt,PKHeX.Core/Resources/text/items/text_Items_ko.txt,PKHeX.Core/Resources/text/items/text_Items_en.txt
2642,ゴルーグナイト,골루그나이트,Golurkite,kwsch/PKHeX,8ad201e80244f630ab5a46922ab72fb79c5ad4f4,PKHeX.Core/Resources/text/items/text_Items_ja.txt,PKHeX.Core/Resources/text/items/text_Items_ko.txt,PKHeX.Core/Resources/text/items/text_Items_en.txt
2643,ニャオニクスナイト,냐오닉스나이트,Meowsticite,kwsch/PKHeX,8ad201e80244f630ab5a46922ab72fb79c5ad4f4,PKHeX.Core/Resources/text/items/text_Items_ja.txt,PKHeX.Core/Resources/text/items/text_Items_ko.txt,PKHeX.Core/Resources/text/items/text_Items_en.txt
2644,ケケンカニナイト,모단단게나이트,Crabominite,kwsch/PKHeX,8ad201e80244f630ab5a46922ab72fb79c5ad4f4,PKHeX.Core/Resources/text/items/text_Items_ja.txt,PKHeX.Core/Resources/text/items/text_Items_ko.txt,PKHeX.Core/Resources/text/items/text_Items_en.txt
2645,グソクムシャナイト,갑주무사나이트,Golisopite,kwsch/PKHeX,8ad201e80244f630ab5a46922ab72fb79c5ad4f4,PKHeX.Core/Resources/text/items/text_Items_ja.txt,PKHeX.Core/Resources/text/items/text_Items_ko.txt,PKHeX.Core/Resources/text/items/text_Items_en.txt
2646,マギアナイト,마기아나이트,Magearnite,kwsch/PKHeX,8ad201e80244f630ab5a46922ab72fb79c5ad4f4,PKHeX.Core/Resources/text/items/text_Items_ja.txt,PKHeX.Core/Resources/text/items/text_Items_ko.txt,PKHeX.Core/Resources/text/items/text_Items_en.txt
2647,スコヴィラナイト,스코빌런나이트,Scovillainite,kwsch/PKHeX,8ad201e80244f630ab5a46922ab72fb79c5ad4f4,PKHeX.Core/Resources/text/items/text_Items_ja.txt,PKHeX.Core/Resources/text/items/text_Items_ko.txt,PKHeX.Core/Resources/text/items/text_Items_en.txt
2648,セグレイブナイト,드닐레이브나이트,Baxcalibrite,kwsch/PKHeX,8ad201e80244f630ab5a46922ab72fb79c5ad4f4,PKHeX.Core/Resources/text/items/text_Items_ja.txt,PKHeX.Core/Resources/text/items/text_Items_ko.txt,PKHeX.Core/Resources/text/items/text_Items_en.txt
2649,シャリタツナイト,싸리용나이트,Tatsugirinite,kwsch/PKHeX,8ad201e80244f630ab5a46922ab72fb79c5ad4f4,PKHeX.Core/Resources/text/items/text_Items_ja.txt,PKHeX.Core/Resources/text/items/text_Items_ko.txt,PKHeX.Core/Resources/text/items/text_Items_en.txt
2650,キラフロルナイト,킬라플로르나이트,Glimmoranite,kwsch/PKHeX,8ad201e80244f630ab5a46922ab72fb79c5ad4f4,PKHeX.Core/Resources/text/items/text_Items_ja.txt,PKHeX.Core/Resources/text/items/text_Items_ko.txt,PKHeX.Core/Resources/text/items/text_Items_en.txt
2651,いじげんクラボのみ,이차원 버치열매,Hyper Cheri Berry,kwsch/PKHeX,8ad201e80244f630ab5a46922ab72fb79c5ad4f4,PKHeX.Core/Resources/text/items/text_Items_ja.txt,PKHeX.Core/Resources/text/items/text_Items_ko.txt,PKHeX.Core/Resources/text/items/text_Items_en.txt
2652,いじげんカゴのみ,이차원 유루열매,Hyper Chesto Berry,kwsch/PKHeX,8ad201e80244f630ab5a46922ab72fb79c5ad4f4,PKHeX.Core/Resources/text/items/text_Items_ja.txt,PKHeX.Core/Resources/text/items/text_Items_ko.txt,PKHeX.Core/Resources/text/items/text_Items_en.txt
2653,いじげんモモンのみ,이차원 복슝열매,Hyper Pecha Berry,kwsch/PKHeX,8ad201e80244f630ab5a46922ab72fb79c5ad4f4,PKHeX.Core/Resources/text/items/text_Items_ja.txt,PKHeX.Core/Resources/text/items/text_Items_ko.txt,PKHeX.Core/Resources/text/items/text_Items_en.txt
2654,いじげんチーゴのみ,이차원 복분열매,Hyper Rawst Berry,kwsch/PKHeX,8ad201e80244f630ab5a46922ab72fb79c5ad4f4,PKHeX.Core/Resources/text/items/text_Items_ja.txt,PKHeX.Core/Resources/text/items/text_Items_ko.txt,PKHeX.Core/Resources/text/items/text_Items_en.txt
2655,いじげんナナシのみ,이차원 배리열매,Hyper Aspear Berry,kwsch/PKHeX,8ad201e80244f630ab5a46922ab72fb79c5ad4f4,PKHeX.Core/Resources/text/items/text_Items_ja.txt,PKHeX.Core/Resources/text/items/text_Items_ko.txt,PKHeX.Core/Resources/text/items/text_Items_en.txt
2656,いじげんオレンのみ,이차원 오랭열매,Hyper Oran Berry,kwsch/PKHeX,8ad201e80244f630ab5a46922ab72fb79c5ad4f4,PKHeX.Core/Resources/text/items/text_Items_ja.txt,PKHeX.Core/Resources/text/items/text_Items_ko.txt,PKHeX.Core/Resources/text/items/text_Items_en.txt
2657,いじげんキーのみ,이차원 시몬열매,Hyper Persim Berry,kwsch/PKHeX,8ad201e80244f630ab5a46922ab72fb79c5ad4f4,PKHeX.Core/Resources/text/items/text_Items_ja.txt,PKHeX.Core/Resources/text/items/text_Items_ko.txt,PKHeX.Core/Resources/text/items/text_Items_en.txt
2658,いじげんラムのみ,이차원 리샘열매,Hyper Lum Berry,kwsch/PKHeX,8ad201e80244f630ab5a46922ab72fb79c5ad4f4,PKHeX.Core/Resources/text/items/text_Items_ja.txt,PKHeX.Core/Resources/text/items/text_Items_ko.txt,PKHeX.Core/Resources/text/items/text_Items_en.txt
2659,いじげんオボンのみ,이차원 자뭉열매,Hyper Sitrus Berry,kwsch/PKHeX,8ad201e80244f630ab5a46922ab72fb79c5ad4f4,PKHeX.Core/Resources/text/items/text_Items_ja.txt,PKHeX.Core/Resources/text/items/text_Items_ko.txt,PKHeX.Core/Resources/text/items/text_Items_en.txt
2660,いじげんザロクのみ,이차원 유석열매,Hyper Pomeg Berry,kwsch/PKHeX,8ad201e80244f630ab5a46922ab72fb79c5ad4f4,PKHeX.Core/Resources/text/items/text_Items_ja.txt,PKHeX.Core/Resources/text/items/text_Items_ko.txt,PKHeX.Core/Resources/text/items/text_Items_en.txt
2661,いじげんネコブのみ,이차원 시마열매,Hyper Kelpsy Berry,kwsch/PKHeX,8ad201e80244f630ab5a46922ab72fb79c5ad4f4,PKHeX.Core/Resources/text/items/text_Items_ja.txt,PKHeX.Core/Resources/text/items/text_Items_ko.txt,PKHeX.Core/Resources/text/items/text_Items_en.txt
2662,いじげんタポルのみ,이차원 파비열매,Hyper Qualot Berry,kwsch/PKHeX,8ad201e80244f630ab5a46922ab72fb79c5ad4f4,PKHeX.Core/Resources/text/items/text_Items_ja.txt,PKHeX.Core/Resources/text/items/text_Items_ko.txt,PKHeX.Core/Resources/text/items/text_Items_en.txt
2663,いじげんロメのみ,이차원 로매열매,Hyper Hondew Berry,kwsch/PKHeX,8ad201e80244f630ab5a46922ab72fb79c5ad4f4,PKHeX.Core/Resources/text/items/text_Items_ja.txt,PKHeX.Core/Resources/text/items/text_Items_ko.txt,PKHeX.Core/Resources/text/items/text_Items_en.txt
2664,いじげんウブのみ,이차원 또뽀열매,Hyper Grepa Berry,kwsch/PKHeX,8ad201e80244f630ab5a46922ab72fb79c5ad4f4,PKHeX.Core/Resources/text/items/text_Items_ja.txt,PKHeX.Core/Resources/text/items/text_Items_ko.txt,PKHeX.Core/Resources/text/items/text_Items_en.txt
2665,いじげんマトマのみ,이차원 토망열매,Hyper Tamato Berry,kwsch/PKHeX,8ad201e80244f630ab5a46922ab72fb79c5ad4f4,PKHeX.Core/Resources/text/items/text_Items_ja.txt,PKHeX.Core/Resources/text/items/text_Items_ko.txt,PKHeX.Core/Resources/text/items/text_Items_en.txt
2666,いじげんオッカのみ,이차원 오카열매,Hyper Occa Berry,kwsch/PKHeX,8ad201e80244f630ab5a46922ab72fb79c5ad4f4,PKHeX.Core/Resources/text/items/text_Items_ja.txt,PKHeX.Core/Resources/text/items/text_Items_ko.txt,PKHeX.Core/Resources/text/items/text_Items_en.txt
2667,いじげんイトケのみ,이차원 꼬시개열매,Hyper Passho Berry,kwsch/PKHeX,8ad201e80244f630ab5a46922ab72fb79c5ad4f4,PKHeX.Core/Resources/text/items/text_Items_ja.txt,PKHeX.Core/Resources/text/items/text_Items_ko.txt,PKHeX.Core/Resources/text/items/text_Items_en.txt
2668,いじげんソクノのみ,이차원 초나열매,Hyper Wacan Berry,kwsch/PKHeX,8ad201e80244f630ab5a46922ab72fb79c5ad4f4,PKHeX.Core/Resources/text/items/text_Items_ja.txt,PKHeX.Core/Resources/text/items/text_Items_ko.txt,PKHeX.Core/Resources/text/items/text_Items_en.txt
2669,いじげんリンドのみ,이차원 린드열매,Hyper Rindo Berry,kwsch/PKHeX,8ad201e80244f630ab5a46922ab72fb79c5ad4f4,PKHeX.Core/Resources/text/items/text_Items_ja.txt,PKHeX.Core/Resources/text/items/text_Items_ko.txt,PKHeX.Core/Resources/text/items/text_Items_en.txt
2670,いじげんヤチェのみ,이차원 플카열매,Hyper Yache Berry,kwsch/PKHeX,8ad201e80244f630ab5a46922ab72fb79c5ad4f4,PKHeX.Core/Resources/text/items/text_Items_ja.txt,PKHeX.Core/Resources/text/items/text_Items_ko.txt,PKHeX.Core/Resources/text/items/text_Items_en.txt
2671,いじげんヨプのみ,이차원 로플열매,Hyper Chople Berry,kwsch/PKHeX,8ad201e80244f630ab5a46922ab72fb79c5ad4f4,PKHeX.Core/Resources/text/items/text_Items_ja.txt,PKHeX.Core/Resources/text/items/text_Items_ko.txt,PKHeX.Core/Resources/text/items/text_Items_en.txt
2672,いじげんビアーのみ,이차원 으름열매,Hyper Kebia Berry,kwsch/PKHeX,8ad201e80244f630ab5a46922ab72fb79c5ad4f4,PKHeX.Core/Resources/text/items/text_Items_ja.txt,PKHeX.Core/Resources/text/items/text_Items_ko.txt,PKHeX.Core/Resources/text/items/text_Items_en.txt
2673,いじげんシュカのみ,이차원 슈캐열매,Hyper Shuca Berry,kwsch/PKHeX,8ad201e80244f630ab5a46922ab72fb79c5ad4f4,PKHeX.Core/Resources/text/items/text_Items_ja.txt,PKHeX.Core/Resources/text/items/text_Items_ko.txt,PKHeX.Core/Resources/text/items/text_Items_en.txt
2674,いじげんバコウのみ,이차원 바코열매,Hyper Coba Berry,kwsch/PKHeX,8ad201e80244f630ab5a46922ab72fb79c5ad4f4,PKHeX.Core/Resources/text/items/text_Items_ja.txt,PKHeX.Core/Resources/text/items/text_Items_ko.txt,PKHeX.Core/Resources/text/items/text_Items_en.txt
2675,いじげんウタンのみ,이차원 야파열매,Hyper Payapa Berry,kwsch/PKHeX,8ad201e80244f630ab5a46922ab72fb79c5ad4f4,PKHeX.Core/Resources/text/items/text_Items_ja.txt,PKHeX.Core/Resources/text/items/text_Items_ko.txt,PKHeX.Core/Resources/text/items/text_Items_en.txt
2676,いじげんタンガのみ,이차원 리체열매,Hyper Tanga Berry,kwsch/PKHeX,8ad201e80244f630ab5a46922ab72fb79c5ad4f4,PKHeX.Core/Resources/text/items/text_Items_ja.txt,PKHeX.Core/Resources/text/items/text_Items_ko.txt,PKHeX.Core/Resources/text/items/text_Items_en.txt
2677,いじげんヨロギのみ,이차원 루미열매,Hyper Charti Berry,kwsch/PKHeX,8ad201e80244f630ab5a46922ab72fb79c5ad4f4,PKHeX.Core/Resources/text/items/text_Items_ja.txt,PKHeX.Core/Resources/text/items/text_Items_ko.txt,PKHeX.Core/Resources/text/items/text_Items_en.txt
2678,いじげんカシブのみ,이차원 수불열매,Hyper Kasib Berry,kwsch/PKHeX,8ad201e80244f630ab5a46922ab72fb79c5ad4f4,PKHeX.Core/Resources/text/items/text_Items_ja.txt,PKHeX.Core/Resources/text/items/text_Items_ko.txt,PKHeX.Core/Resources/text/items/text_Items_en.txt
2679,いじげんハバンのみ,이차원 하반열매,Hyper Haban Berry,kwsch/PKHeX,8ad201e80244f630ab5a46922ab72fb79c5ad4f4,PKHeX.Core/Resources/text/items/text_Items_ja.txt,PKHeX.Core/Resources/text/items/text_Items_ko.txt,PKHeX.Core/Resources/text/items/text_Items_en.txt
2680,いじげんナモのみ,이차원 마코열매,Hyper Colbur Berry,kwsch/PKHeX,8ad201e80244f630ab5a46922ab72fb79c5ad4f4,PKHeX.Core/Resources/text/items/text_Items_ja.txt,PKHeX.Core/Resources/text/items/text_Items_ko.txt,PKHeX.Core/Resources/text/items/text_Items_en.txt
2681,いじげんリリバのみ,이차원 바리비열매,Hyper Babiri Berry,kwsch/PKHeX,8ad201e80244f630ab5a46922ab72fb79c5ad4f4,PKHeX.Core/Resources/text/items/text_Items_ja.txt,PKHeX.Core/Resources/text/items/text_Items_ko.txt,PKHeX.Core/Resources/text/items/text_Items_en.txt
2682,いじげんホズのみ,이차원 카리열매,Hyper Chilan Berry,kwsch/PKHeX,8ad201e80244f630ab5a46922ab72fb79c5ad4f4,PKHeX.Core/Resources/text/items/text_Items_ja.txt,PKHeX.Core/Resources/text/items/text_Items_ko.txt,PKHeX.Core/Resources/text/items/text_Items_en.txt
2683,いじげんロゼルのみ,이차원 로셀열매,Hyper Roseli Berry,kwsch/PKHeX,8ad201e80244f630ab5a46922ab72fb79c5ad4f4,PKHeX.Core/Resources/text/items/text_Items_ja.txt,PKHeX.Core/Resources/text/items/text_Items_ko.txt,PKHeX.Core/Resources/text/items/text_Items_en.txt
2684,カナリィパン,카나리빵,Canari Bread,kwsch/PKHeX,8ad201e80244f630ab5a46922ab72fb79c5ad4f4,PKHeX.Core/Resources/text/items/text_Items_ja.txt,PKHeX.Core/Resources/text/items/text_Items_ko.txt,PKHeX.Core/Resources/text/items/text_Items_en.txt
