id,name_ja,name_ko,name_en,source_repo,source_commit,source_path_ja,source_path_ko,source_path_en
0,―――――,―――――,———,kwsch/PKHeX,8ad201e80244f630ab5a46922ab72fb79c5ad4f4,PKHeX.Core/Resources/text/other/ja/text_Moves_ja.txt,PKHeX.Core/Resources/text/other/ko/text_Moves_ko.txt,PKHeX.Core/Resources/text/other/en/text_Moves_en.txt
1,はたく,막치기,Pound,kwsch/PKHeX,8ad201e80244f630ab5a46922ab72fb79c5ad4f4,PKHeX.Core/Resources/text/other/ja/text_Moves_ja.txt,PKHeX.Core/Resources/text/other/ko/text_Moves_ko.txt,PKHeX.Core/Resources/text/other/en/text_Moves_en.txt
2,からてチョップ,태권당수,Karate Chop,kwsch/PKHeX,8ad201e80244f630ab5a46922ab72fb79c5ad4f4,PKHeX.Core/Resources/text/other/ja/text_Moves_ja.txt,PKHeX.Core/Resources/text/other/ko/text_Moves_ko.txt,PKHeX.Core/Resources/text/other/en/text_Moves_en.txt
3,おうふくビンタ,연속뺨치기,Double Slap,kwsch/PKHeX,8ad201e80244f630ab5a46922ab72fb79c5ad4f4,PKHeX.Core/Resources/text/other/ja/text_Moves_ja.txt,PKHeX.Core/Resources/text/other/ko/text_Moves_ko.txt,PKHeX.Core/Resources/text/other/en/text_Moves_en.txt
4,れんぞくパンチ,연속펀치,Comet Punch,kwsch/PKHeX,8ad201e80244f630ab5a46922ab72fb79c5ad4f4,PKHeX.Core/Resources/text/other/ja/text_Moves_ja.txt,PKHeX.Core/Resources/text/other/ko/text_Moves_ko.txt,PKHeX.Core/Resources/text/other/en/text_Moves_en.txt
5,メガトンパンチ,메가톤펀치,Mega Punch,kwsch/PKHeX,8ad201e80244f630ab5a46922ab72fb79c5ad4f4,PKHeX.Core/Resources/text/other/ja/text_Moves_ja.txt,PKHeX.Core/Resources/text/other/ko/text_Moves_ko.txt,PKHeX.Core/Resources/text/other/en/text_Moves_en.txt
6,ネコにこばん,고양이돈받기,Pay Day,kwsch/PKHeX,8ad201e80244f630ab5a46922ab72fb79c5ad4f4,PKHeX.Core/Resources/text/other/ja/text_Moves_ja.txt,PKHeX.Core/Resources/text/other/ko/text_Moves_ko.txt,PKHeX.Core/Resources/text/other/en/text_Moves_en.txt
7,ほのおのパンチ,불꽃펀치,Fire Punch,kwsch/PKHeX,8ad201e80244f630ab5a46922ab72fb79c5ad4f4,PKHeX.Core/Resources/text/other/ja/text_Moves_ja.txt,PKHeX.Core/Resources/text/other/ko/text_Moves_ko.txt,PKHeX.Core/Resources/text/other/en/text_Moves_en.txt
8,れいとうパンチ,냉동펀치,Ice Punch,kwsch/PKHeX,8ad201e80244f630ab5a46922ab72fb79c5ad4f4,PKHeX.Core/Resources/text/other/ja/text_Moves_ja.txt,PKHeX.Core/Resources/text/other/ko/text_Moves_ko.txt,PKHeX.Core/Resources/text/other/en/text_Moves_en.txt
9,かみなりパンチ,번개펀치,Thunder Punch,kwsch/PKHeX,8ad201e80244f630ab5a46922ab72fb79c5ad4f4,PKHeX.Core/Resources/text/other/ja/text_Moves_ja.txt,PKHeX.Core/Resources/text/other/ko/text_Moves_ko.txt,PKHeX.Core/Resources/text/other/en/text_Moves_en.txt
10,ひっかく,할퀴기,Scratch,kwsch/PKHeX,8ad201e80244f630ab5a46922ab72fb79c5ad4f4,PKHeX.Core/Resources/text/other/ja/text_Moves_ja.txt,PKHeX.Core/Resources/text/other/ko/text_Moves_ko.txt,PKHeX.Core/Resources/text/other/en/text_Moves_en.txt
11,はさむ,찝기,Vise Grip,kwsch/PKHeX,8ad201e80244f630ab5a46922ab72fb79c5ad4f4,PKHeX.Core/Resources/text/other/ja/text_Moves_ja.txt,PKHeX.Core/Resources/text/other/ko/text_Moves_ko.txt,PKHeX.Core/Resources/text/other/en/text_Moves_en.txt
12,ハサミギロチン,가위자르기,Guillotine,kwsch/PKHeX,8ad201e80244f630ab5a46922ab72fb79c5ad4f4,PKHeX.Core/Resources/text/other/ja/text_Moves_ja.txt,PKHeX.Core/Resources/text/other/ko/text_Moves_ko.txt,PKHeX.Core/Resources/text/other/en/text_Moves_en.txt
13,かまいたち,칼바람,Razor Wind,kwsch/PKHeX,8ad201e80244f630ab5a46922ab72fb79c5ad4f4,PKHeX.Core/Resources/text/other/ja/text_Moves_ja.txt,PKHeX.Core/Resources/text/other/ko/text_Moves_ko.txt,PKHeX.Core/Resources/text/other/en/text_Moves_en.txt
14,つるぎのまい,칼춤,Swords Dance,kwsch/PKHeX,8ad201e80244f630ab5a46922ab72fb79c5ad4f4,PKHeX.Core/Resources/text/other/ja/text_Moves_ja.txt,PKHeX.Core/Resources/text/other/ko/text_Moves_ko.txt,PKHeX.Core/Resources/text/other/en/text_Moves_en.txt
15,いあいぎり,풀베기,Cut,kwsch/PKHeX,8ad201e80244f630ab5a46922ab72fb79c5ad4f4,PKHeX.Core/Resources/text/other/ja/text_Moves_ja.txt,PKHeX.Core/Resources/text/other/ko/text_Moves_ko.txt,PKHeX.Core/Resources/text/other/en/text_Moves_en.txt
16,かぜおこし,바람일으키기,Gust,kwsch/PKHeX,8ad201e80244f630ab5a46922ab72fb79c5ad4f4,PKHeX.Core/Resources/text/other/ja/text_Moves_ja.txt,PKHeX.Core/Resources/text/other/ko/text_Moves_ko.txt,PKHeX.Core/Resources/text/other/en/text_Moves_en.txt
17,つばさでうつ,날개치기,Wing Attack,kwsch/PKHeX,8ad201e80244f630ab5a46922ab72fb79c5ad4f4,PKHeX.Core/Resources/text/other/ja/text_Moves_ja.txt,PKHeX.Core/Resources/text/other/ko/text_Moves_ko.txt,PKHeX.Core/Resources/text/other/en/text_Moves_en.txt
18,ふきとばし,날려버리기,Whirlwind,kwsch/PKHeX,8ad201e80244f630ab5a46922ab72fb79c5ad4f4,PKHeX.Core/Resources/text/other/ja/text_Moves_ja.txt,PKHeX.Core/Resources/text/other/ko/text_Moves_ko.txt,PKHeX.Core/Resources/text/other/en/text_Moves_en.txt
19,そらをとぶ,공중날기,Fly,kwsch/PKHeX,8ad201e80244f630ab5a46922ab72fb79c5ad4f4,PKHeX.Core/Resources/text/other/ja/text_Moves_ja.txt,PKHeX.Core/Resources/text/other/ko/text_Moves_ko.txt,PKHeX.Core/Resources/text/other/en/text_Moves_en.txt
20,しめつける,조이기,Bind,kwsch/PKHeX,8ad201e80244f630ab5a46922ab72fb79c5ad4f4,PKHeX.Core/Resources/text/other/ja/text_Moves_ja.txt,PKHeX.Core/Resources/text/other/ko/text_Moves_ko.txt,PKHeX.Core/Resources/text/other/en/text_Moves_en.txt
21,たたきつける,힘껏치기,Slam,kwsch/PKHeX,8ad201e80244f630ab5a46922ab72fb79c5ad4f4,PKHeX.Core/Resources/text/other/ja/text_Moves_ja.txt,PKHeX.Core/Resources/text/other/ko/text_Moves_ko.txt,PKHeX.Core/Resources/text/other/en/text_Moves_en.txt
22,つるのムチ,덩굴채찍,Vine Whip,kwsch/PKHeX,8ad201e80244f630ab5a46922ab72fb79c5ad4f4,PKHeX.Core/Resources/text/other/ja/text_Moves_ja.txt,PKHeX.Core/Resources/text/other/ko/text_Moves_ko.txt,PKHeX.Core/Resources/text/other/en/text_Moves_en.txt
23,ふみつけ,짓밟기,Stomp,kwsch/PKHeX,8ad201e80244f630ab5a46922ab72fb79c5ad4f4,PKHeX.Core/Resources/text/other/ja/text_Moves_ja.txt,PKHeX.Core/Resources/text/other/ko/text_Moves_ko.txt,PKHeX.Core/Resources/text/other/en/text_Moves_en.txt
24,にどげり,두번차기,Double Kick,kwsch/PKHeX,8ad201e80244f630ab5a46922ab72fb79c5ad4f4,PKHeX.Core/Resources/text/other/ja/text_Moves_ja.txt,PKHeX.Core/Resources/text/other/ko/text_Moves_ko.txt,PKHeX.Core/Resources/text/other/en/text_Moves_en.txt
25,メガトンキック,메가톤킥,Mega Kick,kwsch/PKHeX,8ad201e80244f630ab5a46922ab72fb79c5ad4f4,PKHeX.Core/Resources/text/other/ja/text_Moves_ja.txt,PKHeX.Core/Resources/text/other/ko/text_Moves_ko.txt,PKHeX.Core/Resources/text/other/en/text_Moves_en.txt
26,とびげり,점프킥,Jump Kick,kwsch/PKHeX,8ad201e80244f630ab5a46922ab72fb79c5ad4f4,PKHeX.Core/Resources/text/other/ja/text_Moves_ja.txt,PKHeX.Core/Resources/text/other/ko/text_Moves_ko.txt,PKHeX.Core/Resources/text/other/en/text_Moves_en.txt
27,まわしげり,돌려차기,Rolling Kick,kwsch/PKHeX,8ad201e80244f630ab5a46922ab72fb79c5ad4f4,PKHeX.Core/Resources/text/other/ja/text_Moves_ja.txt,PKHeX.Core/Resources/text/other/ko/text_Moves_ko.txt,PKHeX.Core/Resources/text/other/en/text_Moves_en.txt
28,すなかけ,모래뿌리기,Sand Attack,kwsch/PKHeX,8ad201e80244f630ab5a46922ab72fb79c5ad4f4,PKHeX.Core/Resources/text/other/ja/text_Moves_ja.txt,PKHeX.Core/Resources/text/other/ko/text_Moves_ko.txt,PKHeX.Core/Resources/text/other/en/text_Moves_en.txt
29,ずつき,박치기,Headbutt,kwsch/PKHeX,8ad201e80244f630ab5a46922ab72fb79c5ad4f4,PKHeX.Core/Resources/text/other/ja/text_Moves_ja.txt,PKHeX.Core/Resources/text/other/ko/text_Moves_ko.txt,PKHeX.Core/Resources/text/other/en/text_Moves_en.txt
30,つのでつく,뿔찌르기,Horn Attack,kwsch/PKHeX,8ad201e80244f630ab5a46922ab72fb79c5ad4f4,PKHeX.Core/Resources/text/other/ja/text_Moves_ja.txt,PKHeX.Core/Resources/text/other/ko/text_Moves_ko.txt,PKHeX.Core/Resources/text/other/en/text_Moves_en.txt
31,みだれづき,마구찌르기,Fury Attack,kwsch/PKHeX,8ad201e80244f630ab5a46922ab72fb79c5ad4f4,PKHeX.Core/Resources/text/other/ja/text_Moves_ja.txt,PKHeX.Core/Resources/text/other/ko/text_Moves_ko.txt,PKHeX.Core/Resources/text/other/en/text_Moves_en.txt
32,つのドリル,뿔드릴,Horn Drill,kwsch/PKHeX,8ad201e80244f630ab5a46922ab72fb79c5ad4f4,PKHeX.Core/Resources/text/other/ja/text_Moves_ja.txt,PKHeX.Core/Resources/text/other/ko/text_Moves_ko.txt,PKHeX.Core/Resources/text/other/en/text_Moves_en.txt
33,たいあたり,몸통박치기,Tackle,kwsch/PKHeX,8ad201e80244f630ab5a46922ab72fb79c5ad4f4,PKHeX.Core/Resources/text/other/ja/text_Moves_ja.txt,PKHeX.Core/Resources/text/other/ko/text_Moves_ko.txt,PKHeX.Core/Resources/text/other/en/text_Moves_en.txt
34,のしかかり,누르기,Body Slam,kwsch/PKHeX,8ad201e80244f630ab5a46922ab72fb79c5ad4f4,PKHeX.Core/Resources/text/other/ja/text_Moves_ja.txt,PKHeX.Core/Resources/text/other/ko/text_Moves_ko.txt,PKHeX.Core/Resources/text/other/en/text_Moves_en.txt
35,まきつく,김밥말이,Wrap,kwsch/PKHeX,8ad201e80244f630ab5a46922ab72fb79c5ad4f4,PKHeX.Core/Resources/text/other/ja/text_Moves_ja.txt,PKHeX.Core/Resources/text/other/ko/text_Moves_ko.txt,PKHeX.Core/Resources/text/other/en/text_Moves_en.txt
36,とっしん,돌진,Take Down,kwsch/PKHeX,8ad201e80244f630ab5a46922ab72fb79c5ad4f4,PKHeX.Core/Resources/text/other/ja/text_Moves_ja.txt,PKHeX.Core/Resources/text/other/ko/text_Moves_ko.txt,PKHeX.Core/Resources/text/other/en/text_Moves_en.txt
37,あばれる,난동부리기,Thrash,kwsch/PKHeX,8ad201e80244f630ab5a46922ab72fb79c5ad4f4,PKHeX.Core/Resources/text/other/ja/text_Moves_ja.txt,PKHeX.Core/Resources/text/other/ko/text_Moves_ko.txt,PKHeX.Core/Resources/text/other/en/text_Moves_en.txt
38,すてみタックル,이판사판태클,Double-Edge,kwsch/PKHeX,8ad201e80244f630ab5a46922ab72fb79c5ad4f4,PKHeX.Core/Resources/text/other/ja/text_Moves_ja.txt,PKHeX.Core/Resources/text/other/ko/text_Moves_ko.txt,PKHeX.Core/Resources/text/other/en/text_Moves_en.txt
39,しっぽをふる,꼬리흔들기,Tail Whip,kwsch/PKHeX,8ad201e80244f630ab5a46922ab72fb79c5ad4f4,PKHeX.Core/Resources/text/other/ja/text_Moves_ja.txt,PKHeX.Core/Resources/text/other/ko/text_Moves_ko.txt,PKHeX.Core/Resources/text/other/en/text_Moves_en.txt
40,どくばり,독침,Poison Sting,kwsch/PKHeX,8ad201e80244f630ab5a46922ab72fb79c5ad4f4,PKHeX.Core/Resources/text/other/ja/text_Moves_ja.txt,PKHeX.Core/Resources/text/other/ko/text_Moves_ko.txt,PKHeX.Core/Resources/text/other/en/text_Moves_en.txt
41,ダブルニードル,더블니들,Twineedle,kwsch/PKHeX,8ad201e80244f630ab5a46922ab72fb79c5ad4f4,PKHeX.Core/Resources/text/other/ja/text_Moves_ja.txt,PKHeX.Core/Resources/text/other/ko/text_Moves_ko.txt,PKHeX.Core/Resources/text/other/en/text_Moves_en.txt
42,ミサイルばり,바늘미사일,Pin Missile,kwsch/PKHeX,8ad201e80244f630ab5a46922ab72fb79c5ad4f4,PKHeX.Core/Resources/text/other/ja/text_Moves_ja.txt,PKHeX.Core/Resources/text/other/ko/text_Moves_ko.txt,PKHeX.Core/Resources/text/other/en/text_Moves_en.txt
43,にらみつける,째려보기,Leer,kwsch/PKHeX,8ad201e80244f630ab5a46922ab72fb79c5ad4f4,PKHeX.Core/Resources/text/other/ja/text_Moves_ja.txt,PKHeX.Core/Resources/text/other/ko/text_Moves_ko.txt,PKHeX.Core/Resources/text/other/en/text_Moves_en.txt
44,かみつく,물기,Bite,kwsch/PKHeX,8ad201e80244f630ab5a46922ab72fb79c5ad4f4,PKHeX.Core/Resources/text/other/ja/text_Moves_ja.txt,PKHeX.Core/Resources/text/other/ko/text_Moves_ko.txt,PKHeX.Core/Resources/text/other/en/text_Moves_en.txt
45,なきごえ,울음소리,Growl,kwsch/PKHeX,8ad201e80244f630ab5a46922ab72fb79c5ad4f4,PKHeX.Core/Resources/text/other/ja/text_Moves_ja.txt,PKHeX.Core/Resources/text/other/ko/text_Moves_ko.txt,PKHeX.Core/Resources/text/other/en/text_Moves_en.txt
46,ほえる,울부짖기,Roar,kwsch/PKHeX,8ad201e80244f630ab5a46922ab72fb79c5ad4f4,PKHeX.Core/Resources/text/other/ja/text_Moves_ja.txt,PKHeX.Core/Resources/text/other/ko/text_Moves_ko.txt,PKHeX.Core/Resources/text/other/en/text_Moves_en.txt
47,うたう,노래하기,Sing,kwsch/PKHeX,8ad201e80244f630ab5a46922ab72fb79c5ad4f4,PKHeX.Core/Resources/text/other/ja/text_Moves_ja.txt,PKHeX.Core/Resources/text/other/ko/text_Moves_ko.txt,PKHeX.Core/Resources/text/other/en/text_Moves_en.txt
48,ちょうおんぱ,초음파,Supersonic,kwsch/PKHeX,8ad201e80244f630ab5a46922ab72fb79c5ad4f4,PKHeX.Core/Resources/text/other/ja/text_Moves_ja.txt,PKHeX.Core/Resources/text/other/ko/text_Moves_ko.txt,PKHeX.Core/Resources/text/other/en/text_Moves_en.txt
49,ソニックブーム,소닉붐,Sonic Boom,kwsch/PKHeX,8ad201e80244f630ab5a46922ab72fb79c5ad4f4,PKHeX.Core/Resources/text/other/ja/text_Moves_ja.txt,PKHeX.Core/Resources/text/other/ko/text_Moves_ko.txt,PKHeX.Core/Resources/text/other/en/text_Moves_en.txt
50,かなしばり,사슬묶기,Disable,kwsch/PKHeX,8ad201e80244f630ab5a46922ab72fb79c5ad4f4,PKHeX.Core/Resources/text/other/ja/text_Moves_ja.txt,PKHeX.Core/Resources/text/other/ko/text_Moves_ko.txt,PKHeX.Core/Resources/text/other/en/text_Moves_en.txt
51,ようかいえき,용해액,Acid,kwsch/PKHeX,8ad201e80244f630ab5a46922ab72fb79c5ad4f4,PKHeX.Core/Resources/text/other/ja/text_Moves_ja.txt,PKHeX.Core/Resources/text/other/ko/text_Moves_ko.txt,PKHeX.Core/Resources/text/other/en/text_Moves_en.txt
52,ひのこ,불꽃세례,Ember,kwsch/PKHeX,8ad201e80244f630ab5a46922ab72fb79c5ad4f4,PKHeX.Core/Resources/text/other/ja/text_Moves_ja.txt,PKHeX.Core/Resources/text/other/ko/text_Moves_ko.txt,PKHeX.Core/Resources/text/other/en/text_Moves_en.txt
53,かえんほうしゃ,화염방사,Flamethrower,kwsch/PKHeX,8ad201e80244f630ab5a46922ab72fb79c5ad4f4,PKHeX.Core/Resources/text/other/ja/text_Moves_ja.txt,PKHeX.Core/Resources/text/other/ko/text_Moves_ko.txt,PKHeX.Core/Resources/text/other/en/text_Moves_en.txt
54,しろいきり,흰안개,Mist,kwsch/PKHeX,8ad201e80244f630ab5a46922ab72fb79c5ad4f4,PKHeX.Core/Resources/text/other/ja/text_Moves_ja.txt,PKHeX.Core/Resources/text/other/ko/text_Moves_ko.txt,PKHeX.Core/Resources/text/other/en/text_Moves_en.txt
55,みずでっぽう,물대포,Water Gun,kwsch/PKHeX,8ad201e80244f630ab5a46922ab72fb79c5ad4f4,PKHeX.Core/Resources/text/other/ja/text_Moves_ja.txt,PKHeX.Core/Resources/text/other/ko/text_Moves_ko.txt,PKHeX.Core/Resources/text/other/en/text_Moves_en.txt
56,ハイドロポンプ,하이드로펌프,Hydro Pump,kwsch/PKHeX,8ad201e80244f630ab5a46922ab72fb79c5ad4f4,PKHeX.Core/Resources/text/other/ja/text_Moves_ja.txt,PKHeX.Core/Resources/text/other/ko/text_Moves_ko.txt,PKHeX.Core/Resources/text/other/en/text_Moves_en.txt
57,なみのり,파도타기,Surf,kwsch/PKHeX,8ad201e80244f630ab5a46922ab72fb79c5ad4f4,PKHeX.Core/Resources/text/other/ja/text_Moves_ja.txt,PKHeX.Core/Resources/text/other/ko/text_Moves_ko.txt,PKHeX.Core/Resources/text/other/en/text_Moves_en.txt
58,れいとうビーム,냉동빔,Ice Beam,kwsch/PKHeX,8ad201e80244f630ab5a46922ab72fb79c5ad4f4,PKHeX.Core/Resources/text/other/ja/text_Moves_ja.txt,PKHeX.Core/Resources/text/other/ko/text_Moves_ko.txt,PKHeX.Core/Resources/text/other/en/text_Moves_en.txt
59,ふぶき,눈보라,Blizzard,kwsch/PKHeX,8ad201e80244f630ab5a46922ab72fb79c5ad4f4,PKHeX.Core/Resources/text/other/ja/text_Moves_ja.txt,PKHeX.Core/Resources/text/other/ko/text_Moves_ko.txt,PKHeX.Core/Resources/text/other/en/text_Moves_en.txt
60,サイケこうせん,환상빔,Psybeam,kwsch/PKHeX,8ad201e80244f630ab5a46922ab72fb79c5ad4f4,PKHeX.Core/Resources/text/other/ja/text_Moves_ja.txt,PKHeX.Core/Resources/text/other/ko/text_Moves_ko.txt,PKHeX.Core/Resources/text/other/en/text_Moves_en.txt
61,バブルこうせん,거품광선,Bubble Beam,kwsch/PKHeX,8ad201e80244f630ab5a46922ab72fb79c5ad4f4,PKHeX.Core/Resources/text/other/ja/text_Moves_ja.txt,PKHeX.Core/Resources/text/other/ko/text_Moves_ko.txt,PKHeX.Core/Resources/text/other/en/text_Moves_en.txt
62,オーロラビーム,오로라빔,Aurora Beam,kwsch/PKHeX,8ad201e80244f630ab5a46922ab72fb79c5ad4f4,PKHeX.Core/Resources/text/other/ja/text_Moves_ja.txt,PKHeX.Core/Resources/text/other/ko/text_Moves_ko.txt,PKHeX.Core/Resources/text/other/en/text_Moves_en.txt
63,はかいこうせん,파괴광선,Hyper Beam,kwsch/PKHeX,8ad201e80244f630ab5a46922ab72fb79c5ad4f4,PKHeX.Core/Resources/text/other/ja/text_Moves_ja.txt,PKHeX.Core/Resources/text/other/ko/text_Moves_ko.txt,PKHeX.Core/Resources/text/other/en/text_Moves_en.txt
64,つつく,쪼기,Peck,kwsch/PKHeX,8ad201e80244f630ab5a46922ab72fb79c5ad4f4,PKHeX.Core/Resources/text/other/ja/text_Moves_ja.txt,PKHeX.Core/Resources/text/other/ko/text_Moves_ko.txt,PKHeX.Core/Resources/text/other/en/text_Moves_en.txt
65,ドリルくちばし,회전부리,Drill Peck,kwsch/PKHeX,8ad201e80244f630ab5a46922ab72fb79c5ad4f4,PKHeX.Core/Resources/text/other/ja/text_Moves_ja.txt,PKHeX.Core/Resources/text/other/ko/text_Moves_ko.txt,PKHeX.Core/Resources/text/other/en/text_Moves_en.txt
66,じごくぐるま,지옥의바퀴,Submission,kwsch/PKHeX,8ad201e80244f630ab5a46922ab72fb79c5ad4f4,PKHeX.Core/Resources/text/other/ja/text_Moves_ja.txt,PKHeX.Core/Resources/text/other/ko/text_Moves_ko.txt,PKHeX.Core/Resources/text/other/en/text_Moves_en.txt
67,けたぐり,안다리걸기,Low Kick,kwsch/PKHeX,8ad201e80244f630ab5a46922ab72fb79c5ad4f4,PKHeX.Core/Resources/text/other/ja/text_Moves_ja.txt,PKHeX.Core/Resources/text/other/ko/text_Moves_ko.txt,PKHeX.Core/Resources/text/other/en/text_Moves_en.txt
68,カウンター,카운터,Counter,kwsch/PKHeX,8ad201e80244f630ab5a46922ab72fb79c5ad4f4,PKHeX.Core/Resources/text/other/ja/text_Moves_ja.txt,PKHeX.Core/Resources/text/other/ko/text_Moves_ko.txt,PKHeX.Core/Resources/text/other/en/text_Moves_en.txt
69,ちきゅうなげ,지구던지기,Seismic Toss,kwsch/PKHeX,8ad201e80244f630ab5a46922ab72fb79c5ad4f4,PKHeX.Core/Resources/text/other/ja/text_Moves_ja.txt,PKHeX.Core/Resources/text/other/ko/text_Moves_ko.txt,PKHeX.Core/Resources/text/other/en/text_Moves_en.txt
70,かいりき,괴력,Strength,kwsch/PKHeX,8ad201e80244f630ab5a46922ab72fb79c5ad4f4,PKHeX.Core/Resources/text/other/ja/text_Moves_ja.txt,PKHeX.Core/Resources/text/other/ko/text_Moves_ko.txt,PKHeX.Core/Resources/text/other/en/text_Moves_en.txt
71,すいとる,흡수,Absorb,kwsch/PKHeX,8ad201e80244f630ab5a46922ab72fb79c5ad4f4,PKHeX.Core/Resources/text/other/ja/text_Moves_ja.txt,PKHeX.Core/Resources/text/other/ko/text_Moves_ko.txt,PKHeX.Core/Resources/text/other/en/text_Moves_en.txt
72,メガドレイン,메가드레인,Mega Drain,kwsch/PKHeX,8ad201e80244f630ab5a46922ab72fb79c5ad4f4,PKHeX.Core/Resources/text/other/ja/text_Moves_ja.txt,PKHeX.Core/Resources/text/other/ko/text_Moves_ko.txt,PKHeX.Core/Resources/text/other/en/text_Moves_en.txt
73,やどりぎのタネ,씨뿌리기,Leech Seed,kwsch/PKHeX,8ad201e80244f630ab5a46922ab72fb79c5ad4f4,PKHeX.Core/Resources/text/other/ja/text_Moves_ja.txt,PKHeX.Core/Resources/text/other/ko/text_Moves_ko.txt,PKHeX.Core/Resources/text/other/en/text_Moves_en.txt
74,せいちょう,성장,Growth,kwsch/PKHeX,8ad201e80244f630ab5a46922ab72fb79c5ad4f4,PKHeX.Core/Resources/text/other/ja/text_Moves_ja.txt,PKHeX.Core/Resources/text/other/ko/text_Moves_ko.txt,PKHeX.Core/Resources/text/other/en/text_Moves_en.txt
75,はっぱカッター,잎날가르기,Razor Leaf,kwsch/PKHeX,8ad201e80244f630ab5a46922ab72fb79c5ad4f4,PKHeX.Core/Resources/text/other/ja/text_Moves_ja.txt,PKHeX.Core/Resources/text/other/ko/text_Moves_ko.txt,PKHeX.Core/Resources/text/other/en/text_Moves_en.txt
76,ソーラービーム,솔라빔,Solar Beam,kwsch/PKHeX,8ad201e80244f630ab5a46922ab72fb79c5ad4f4,PKHeX.Core/Resources/text/other/ja/text_Moves_ja.txt,PKHeX.Core/Resources/text/other/ko/text_Moves_ko.txt,PKHeX.Core/Resources/text/other/en/text_Moves_en.txt
77,どくのこな,독가루,Poison Powder,kwsch/PKHeX,8ad201e80244f630ab5a46922ab72fb79c5ad4f4,PKHeX.Core/Resources/text/other/ja/text_Moves_ja.txt,PKHeX.Core/Resources/text/other/ko/text_Moves_ko.txt,PKHeX.Core/Resources/text/other/en/text_Moves_en.txt
78,しびれごな,저리가루,Stun Spore,kwsch/PKHeX,8ad201e80244f630ab5a46922ab72fb79c5ad4f4,PKHeX.Core/Resources/text/other/ja/text_Moves_ja.txt,PKHeX.Core/Resources/text/other/ko/text_Moves_ko.txt,PKHeX.Core/Resources/text/other/en/text_Moves_en.txt
79,ねむりごな,수면가루,Sleep Powder,kwsch/PKHeX,8ad201e80244f630ab5a46922ab72fb79c5ad4f4,PKHeX.Core/Resources/text/other/ja/text_Moves_ja.txt,PKHeX.Core/Resources/text/other/ko/text_Moves_ko.txt,PKHeX.Core/Resources/text/other/en/text_Moves_en.txt
80,はなびらのまい,꽃잎댄스,Petal Dance,kwsch/PKHeX,8ad201e80244f630ab5a46922ab72fb79c5ad4f4,PKHeX.Core/Resources/text/other/ja/text_Moves_ja.txt,PKHeX.Core/Resources/text/other/ko/text_Moves_ko.txt,PKHeX.Core/Resources/text/other/en/text_Moves_en.txt
81,いとをはく,실뿜기,String Shot,kwsch/PKHeX,8ad201e80244f630ab5a46922ab72fb79c5ad4f4,PKHeX.Core/Resources/text/other/ja/text_Moves_ja.txt,PKHeX.Core/Resources/text/other/ko/text_Moves_ko.txt,PKHeX.Core/Resources/text/other/en/text_Moves_en.txt
82,りゅうのいかり,용의분노,Dragon Rage,kwsch/PKHeX,8ad201e80244f630ab5a46922ab72fb79c5ad4f4,PKHeX.Core/Resources/text/other/ja/text_Moves_ja.txt,PKHeX.Core/Resources/text/other/ko/text_Moves_ko.txt,PKHeX.Core/Resources/text/other/en/text_Moves_en.txt
83,ほのおのうず,회오리불꽃,Fire Spin,kwsch/PKHeX,8ad201e80244f630ab5a46922ab72fb79c5ad4f4,PKHeX.Core/Resources/text/other/ja/text_Moves_ja.txt,PKHeX.Core/Resources/text/other/ko/text_Moves_ko.txt,PKHeX.Core/Resources/text/other/en/text_Moves_en.txt
84,でんきショック,전기쇼크,Thunder Shock,kwsch/PKHeX,8ad201e80244f630ab5a46922ab72fb79c5ad4f4,PKHeX.Core/Resources/text/other/ja/text_Moves_ja.txt,PKHeX.Core/Resources/text/other/ko/text_Moves_ko.txt,PKHeX.Core/Resources/text/other/en/text_Moves_en.txt
85,１０まんボルト,10만볼트,Thunderbolt,kwsch/PKHeX,8ad201e80244f630ab5a46922ab72fb79c5ad4f4,PKHeX.Core/Resources/text/other/ja/text_Moves_ja.txt,PKHeX.Core/Resources/text/other/ko/text_Moves_ko.txt,PKHeX.Core/Resources/text/other/en/text_Moves_en.txt
86,でんじは,전기자석파,Thunder Wave,kwsch/PKHeX,8ad201e80244f630ab5a46922ab72fb79c5ad4f4,PKHeX.Core/Resources/text/other/ja/text_Moves_ja.txt,PKHeX.Core/Resources/text/other/ko/text_Moves_ko.txt,PKHeX.Core/Resources/text/other/en/text_Moves_en.txt
87,かみなり,번개,Thunder,kwsch/PKHeX,8ad201e80244f630ab5a46922ab72fb79c5ad4f4,PKHeX.Core/Resources/text/other/ja/text_Moves_ja.txt,PKHeX.Core/Resources/text/other/ko/text_Moves_ko.txt,PKHeX.Core/Resources/text/other/en/text_Moves_en.txt
88,いわおとし,돌떨구기,Rock Throw,kwsch/PKHeX,8ad201e80244f630ab5a46922ab72fb79c5ad4f4,PKHeX.Core/Resources/text/other/ja/text_Moves_ja.txt,PKHeX.Core/Resources/text/other/ko/text_Moves_ko.txt,PKHeX.Core/Resources/text/other/en/text_Moves_en.txt
89,じしん,지진,Earthquake,kwsch/PKHeX,8ad201e80244f630ab5a46922ab72fb79c5ad4f4,PKHeX.Core/Resources/text/other/ja/text_Moves_ja.txt,PKHeX.Core/Resources/text/other/ko/text_Moves_ko.txt,PKHeX.Core/Resources/text/other/en/text_Moves_en.txt
90,じわれ,땅가르기,Fissure,kwsch/PKHeX,8ad201e80244f630ab5a46922ab72fb79c5ad4f4,PKHeX.Core/Resources/text/other/ja/text_Moves_ja.txt,PKHeX.Core/Resources/text/other/ko/text_Moves_ko.txt,PKHeX.Core/Resources/text/other/en/text_Moves_en.txt
91,あなをほる,구멍파기,Dig,kwsch/PKHeX,8ad201e80244f630ab5a46922ab72fb79c5ad4f4,PKHeX.Core/Resources/text/other/ja/text_Moves_ja.txt,PKHeX.Core/Resources/text/other/ko/text_Moves_ko.txt,PKHeX.Core/Resources/text/other/en/text_Moves_en.txt
92,どくどく,맹독,Toxic,kwsch/PKHeX,8ad201e80244f630ab5a46922ab72fb79c5ad4f4,PKHeX.Core/Resources/text/other/ja/text_Moves_ja.txt,PKHeX.Core/Resources/text/other/ko/text_Moves_ko.txt,PKHeX.Core/Resources/text/other/en/text_Moves_en.txt
93,ねんりき,염동력,Confusion,kwsch/PKHeX,8ad201e80244f630ab5a46922ab72fb79c5ad4f4,PKHeX.Core/Resources/text/other/ja/text_Moves_ja.txt,PKHeX.Core/Resources/text/other/ko/text_Moves_ko.txt,PKHeX.Core/Resources/text/other/en/text_Moves_en.txt
94,サイコキネシス,사이코키네시스,Psychic,kwsch/PKHeX,8ad201e80244f630ab5a46922ab72fb79c5ad4f4,PKHeX.Core/Resources/text/other/ja/text_Moves_ja.txt,PKHeX.Core/Resources/text/other/ko/text_Moves_ko.txt,PKHeX.Core/Resources/text/other/en/text_Moves_en.txt
95,さいみんじゅつ,최면술,Hypnosis,kwsch/PKHeX,8ad201e80244f630ab5a46922ab72fb79c5ad4f4,PKHeX.Core/Resources/text/other/ja/text_Moves_ja.txt,PKHeX.Core/Resources/text/other/ko/text_Moves_ko.txt,PKHeX.Core/Resources/text/other/en/text_Moves_en.txt
96,ヨガのポーズ,요가포즈,Meditate,kwsch/PKHeX,8ad201e80244f630ab5a46922ab72fb79c5ad4f4,PKHeX.Core/Resources/text/other/ja/text_Moves_ja.txt,PKHeX.Core/Resources/text/other/ko/text_Moves_ko.txt,PKHeX.Core/Resources/text/other/en/text_Moves_en.txt
97,こうそくいどう,고속이동,Agility,kwsch/PKHeX,8ad201e80244f630ab5a46922ab72fb79c5ad4f4,PKHeX.Core/Resources/text/other/ja/text_Moves_ja.txt,PKHeX.Core/Resources/text/other/ko/text_Moves_ko.txt,PKHeX.Core/Resources/text/other/en/text_Moves_en.txt
98,でんこうせっか,전광석화,Quick Attack,kwsch/PKHeX,8ad201e80244f630ab5a46922ab72fb79c5ad4f4,PKHeX.Core/Resources/text/other/ja/text_Moves_ja.txt,PKHeX.Core/Resources/text/other/ko/text_Moves_ko.txt,PKHeX.Core/Resources/text/other/en/text_Moves_en.txt
99,いかり,분노,Rage,kwsch/PKHeX,8ad201e80244f630ab5a46922ab72fb79c5ad4f4,PKHeX.Core/Resources/text/other/ja/text_Moves_ja.txt,PKHeX.Core/Resources/text/other/ko/text_Moves_ko.txt,PKHeX.Core/Resources/text/other/en/text_Moves_en.txt
100,テレポート,순간이동,Teleport,kwsch/PKHeX,8ad201e80244f630ab5a46922ab72fb79c5ad4f4,PKHeX.Core/Resources/text/other/ja/text_Moves_ja.txt,PKHeX.Core/Resources/text/other/ko/text_Moves_ko.txt,PKHeX.Core/Resources/text/other/en/text_Moves_en.txt
101,ナイトヘッド,나이트헤드,Night Shade,kwsch/PKHeX,8ad201e80244f630ab5a46922ab72fb79c5ad4f4,PKHeX.Core/Resources/text/other/ja/text_Moves_ja.txt,PKHeX.Core/Resources/text/other/ko/text_Moves_ko.txt,PKHeX.Core/Resources/text/other/en/text_Moves_en.txt
102,ものまね,흉내내기,Mimic,kwsch/PKHeX,8ad201e80244f630ab5a46922ab72fb79c5ad4f4,PKHeX.Core/Resources/text/other/ja/text_Moves_ja.txt,PKHeX.Core/Resources/text/other/ko/text_Moves_ko.txt,PKHeX.Core/Resources/text/other/en/text_Moves_en.txt
103,いやなおと,싫은소리,Screech,kwsch/PKHeX,8ad201e80244f630ab5a46922ab72fb79c5ad4f4,PKHeX.Core/Resources/text/other/ja/text_Moves_ja.txt,PKHeX.Core/Resources/text/other/ko/text_Moves_ko.txt,PKHeX.Core/Resources/text/other/en/text_Moves_en.txt
104,かげぶんしん,그림자분신,Double Team,kwsch/PKHeX,8ad201e80244f630ab5a46922ab72fb79c5ad4f4,PKHeX.Core/Resources/text/other/ja/text_Moves_ja.txt,PKHeX.Core/Resources/text/other/ko/text_Moves_ko.txt,PKHeX.Core/Resources/text/other/en/text_Moves_en.txt
105,じこさいせい,HP회복,Recover,kwsch/PKHeX,8ad201e80244f630ab5a46922ab72fb79c5ad4f4,PKHeX.Core/Resources/text/other/ja/text_Moves_ja.txt,PKHeX.Core/Resources/text/other/ko/text_Moves_ko.txt,PKHeX.Core/Resources/text/other/en/text_Moves_en.txt
106,かたくなる,단단해지기,Harden,kwsch/PKHeX,8ad201e80244f630ab5a46922ab72fb79c5ad4f4,PKHeX.Core/Resources/text/other/ja/text_Moves_ja.txt,PKHeX.Core/Resources/text/other/ko/text_Moves_ko.txt,PKHeX.Core/Resources/text/other/en/text_Moves_en.txt
107,ちいさくなる,작아지기,Minimize,kwsch/PKHeX,8ad201e80244f630ab5a46922ab72fb79c5ad4f4,PKHeX.Core/Resources/text/other/ja/text_Moves_ja.txt,PKHeX.Core/Resources/text/other/ko/text_Moves_ko.txt,PKHeX.Core/Resources/text/other/en/text_Moves_en.txt
108,えんまく,연막,Smokescreen,kwsch/PKHeX,8ad201e80244f630ab5a46922ab72fb79c5ad4f4,PKHeX.Core/Resources/text/other/ja/text_Moves_ja.txt,PKHeX.Core/Resources/text/other/ko/text_Moves_ko.txt,PKHeX.Core/Resources/text/other/en/text_Moves_en.txt
109,あやしいひかり,이상한빛,Confuse Ray,kwsch/PKHeX,8ad201e80244f630ab5a46922ab72fb79c5ad4f4,PKHeX.Core/Resources/text/other/ja/text_Moves_ja.txt,PKHeX.Core/Resources/text/other/ko/text_Moves_ko.txt,PKHeX.Core/Resources/text/other/en/text_Moves_en.txt
110,からにこもる,껍질에숨기,Withdraw,kwsch/PKHeX,8ad201e80244f630ab5a46922ab72fb79c5ad4f4,PKHeX.Core/Resources/text/other/ja/text_Moves_ja.txt,PKHeX.Core/Resources/text/other/ko/text_Moves_ko.txt,PKHeX.Core/Resources/text/other/en/text_Moves_en.txt
111,まるくなる,웅크리기,Defense Curl,kwsch/PKHeX,8ad201e80244f630ab5a46922ab72fb79c5ad4f4,PKHeX.Core/Resources/text/other/ja/text_Moves_ja.txt,PKHeX.Core/Resources/text/other/ko/text_Moves_ko.txt,PKHeX.Core/Resources/text/other/en/text_Moves_en.txt
112,バリアー,배리어,Barrier,kwsch/PKHeX,8ad201e80244f630ab5a46922ab72fb79c5ad4f4,PKHeX.Core/Resources/text/other/ja/text_Moves_ja.txt,PKHeX.Core/Resources/text/other/ko/text_Moves_ko.txt,PKHeX.Core/Resources/text/other/en/text_Moves_en.txt
113,ひかりのかべ,빛의장막,Light Screen,kwsch/PKHeX,8ad201e80244f630ab5a46922ab72fb79c5ad4f4,PKHeX.Core/Resources/text/other/ja/text_Moves_ja.txt,PKHeX.Core/Resources/text/other/ko/text_Moves_ko.txt,PKHeX.Core/Resources/text/other/en/text_Moves_en.txt
114,くろいきり,흑안개,Haze,kwsch/PKHeX,8ad201e80244f630ab5a46922ab72fb79c5ad4f4,PKHeX.Core/Resources/text/other/ja/text_Moves_ja.txt,PKHeX.Core/Resources/text/other/ko/text_Moves_ko.txt,PKHeX.Core/Resources/text/other/en/text_Moves_en.txt
115,リフレクター,리플렉터,Reflect,kwsch/PKHeX,8ad201e80244f630ab5a46922ab72fb79c5ad4f4,PKHeX.Core/Resources/text/other/ja/text_Moves_ja.txt,PKHeX.Core/Resources/text/other/ko/text_Moves_ko.txt,PKHeX.Core/Resources/text/other/en/text_Moves_en.txt
116,きあいだめ,기충전,Focus Energy,kwsch/PKHeX,8ad201e80244f630ab5a46922ab72fb79c5ad4f4,PKHeX.Core/Resources/text/other/ja/text_Moves_ja.txt,PKHeX.Core/Resources/text/other/ko/text_Moves_ko.txt,PKHeX.Core/Resources/text/other/en/text_Moves_en.txt
117,がまん,참기,Bide,kwsch/PKHeX,8ad201e80244f630ab5a46922ab72fb79c5ad4f4,PKHeX.Core/Resources/text/other/ja/text_Moves_ja.txt,PKHeX.Core/Resources/text/other/ko/text_Moves_ko.txt,PKHeX.Core/Resources/text/other/en/text_Moves_en.txt
118,ゆびをふる,손가락흔들기,Metronome,kwsch/PKHeX,8ad201e80244f630ab5a46922ab72fb79c5ad4f4,PKHeX.Core/Resources/text/other/ja/text_Moves_ja.txt,PKHeX.Core/Resources/text/other/ko/text_Moves_ko.txt,PKHeX.Core/Resources/text/other/en/text_Moves_en.txt
119,オウムがえし,따라하기,Mirror Move,kwsch/PKHeX,8ad201e80244f630ab5a46922ab72fb79c5ad4f4,PKHeX.Core/Resources/text/other/ja/text_Moves_ja.txt,PKHeX.Core/Resources/text/other/ko/text_Moves_ko.txt,PKHeX.Core/Resources/text/other/en/text_Moves_en.txt
120,じばく,자폭,Self-Destruct,kwsch/PKHeX,8ad201e80244f630ab5a46922ab72fb79c5ad4f4,PKHeX.Core/Resources/text/other/ja/text_Moves_ja.txt,PKHeX.Core/Resources/text/other/ko/text_Moves_ko.txt,PKHeX.Core/Resources/text/other/en/text_Moves_en.txt
121,タマゴばくだん,알폭탄,Egg Bomb,kwsch/PKHeX,8ad201e80244f630ab5a46922ab72fb79c5ad4f4,PKHeX.Core/Resources/text/other/ja/text_Moves_ja.txt,PKHeX.Core/Resources/text/other/ko/text_Moves_ko.txt,PKHeX.Core/Resources/text/other/en/text_Moves_en.txt
122,したでなめる,핥기,Lick,kwsch/PKHeX,8ad201e80244f630ab5a46922ab72fb79c5ad4f4,PKHeX.Core/Resources/text/other/ja/text_Moves_ja.txt,PKHeX.Core/Resources/text/other/ko/text_Moves_ko.txt,PKHeX.Core/Resources/text/other/en/text_Moves_en.txt
123,スモッグ,스모그,Smog,kwsch/PKHeX,8ad201e80244f630ab5a46922ab72fb79c5ad4f4,PKHeX.Core/Resources/text/other/ja/text_Moves_ja.txt,PKHeX.Core/Resources/text/other/ko/text_Moves_ko.txt,PKHeX.Core/Resources/text/other/en/text_Moves_en.txt
124,ヘドロこうげき,오물공격,Sludge,kwsch/PKHeX,8ad201e80244f630ab5a46922ab72fb79c5ad4f4,PKHeX.Core/Resources/text/other/ja/text_Moves_ja.txt,PKHeX.Core/Resources/text/other/ko/text_Moves_ko.txt,PKHeX.Core/Resources/text/other/en/text_Moves_en.txt
125,ホネこんぼう,뼈다귀치기,Bone Club,kwsch/PKHeX,8ad201e80244f630ab5a46922ab72fb79c5ad4f4,PKHeX.Core/Resources/text/other/ja/text_Moves_ja.txt,PKHeX.Core/Resources/text/other/ko/text_Moves_ko.txt,PKHeX.Core/Resources/text/other/en/text_Moves_en.txt
126,だいもんじ,불대문자,Fire Blast,kwsch/PKHeX,8ad201e80244f630ab5a46922ab72fb79c5ad4f4,PKHeX.Core/Resources/text/other/ja/text_Moves_ja.txt,PKHeX.Core/Resources/text/other/ko/text_Moves_ko.txt,PKHeX.Core/Resources/text/other/en/text_Moves_en.txt
127,たきのぼり,폭포오르기,Waterfall,kwsch/PKHeX,8ad201e80244f630ab5a46922ab72fb79c5ad4f4,PKHeX.Core/Resources/text/other/ja/text_Moves_ja.txt,PKHeX.Core/Resources/text/other/ko/text_Moves_ko.txt,PKHeX.Core/Resources/text/other/en/text_Moves_en.txt
128,からではさむ,껍질끼우기,Clamp,kwsch/PKHeX,8ad201e80244f630ab5a46922ab72fb79c5ad4f4,PKHeX.Core/Resources/text/other/ja/text_Moves_ja.txt,PKHeX.Core/Resources/text/other/ko/text_Moves_ko.txt,PKHeX.Core/Resources/text/other/en/text_Moves_en.txt
129,スピードスター,스피드스타,Swift,kwsch/PKHeX,8ad201e80244f630ab5a46922ab72fb79c5ad4f4,PKHeX.Core/Resources/text/other/ja/text_Moves_ja.txt,PKHeX.Core/Resources/text/other/ko/text_Moves_ko.txt,PKHeX.Core/Resources/text/other/en/text_Moves_en.txt
130,ロケットずつき,로켓박치기,Skull Bash,kwsch/PKHeX,8ad201e80244f630ab5a46922ab72fb79c5ad4f4,PKHeX.Core/Resources/text/other/ja/text_Moves_ja.txt,PKHeX.Core/Resources/text/other/ko/text_Moves_ko.txt,PKHeX.Core/Resources/text/other/en/text_Moves_en.txt
131,とげキャノン,가시대포,Spike Cannon,kwsch/PKHeX,8ad201e80244f630ab5a46922ab72fb79c5ad4f4,PKHeX.Core/Resources/text/other/ja/text_Moves_ja.txt,PKHeX.Core/Resources/text/other/ko/text_Moves_ko.txt,PKHeX.Core/Resources/text/other/en/text_Moves_en.txt
132,からみつく,휘감기,Constrict,kwsch/PKHeX,8ad201e80244f630ab5a46922ab72fb79c5ad4f4,PKHeX.Core/Resources/text/other/ja/text_Moves_ja.txt,PKHeX.Core/Resources/text/other/ko/text_Moves_ko.txt,PKHeX.Core/Resources/text/other/en/text_Moves_en.txt
133,ドわすれ,망각술,Amnesia,kwsch/PKHeX,8ad201e80244f630ab5a46922ab72fb79c5ad4f4,PKHeX.Core/Resources/text/other/ja/text_Moves_ja.txt,PKHeX.Core/Resources/text/other/ko/text_Moves_ko.txt,PKHeX.Core/Resources/text/other/en/text_Moves_en.txt
134,スプーンまげ,숟가락휘기,Kinesis,kwsch/PKHeX,8ad201e80244f630ab5a46922ab72fb79c5ad4f4,PKHeX.Core/Resources/text/other/ja/text_Moves_ja.txt,PKHeX.Core/Resources/text/other/ko/text_Moves_ko.txt,PKHeX.Core/Resources/text/other/en/text_Moves_en.txt
135,タマゴうみ,알낳기,Soft-Boiled,kwsch/PKHeX,8ad201e80244f630ab5a46922ab72fb79c5ad4f4,PKHeX.Core/Resources/text/other/ja/text_Moves_ja.txt,PKHeX.Core/Resources/text/other/ko/text_Moves_ko.txt,PKHeX.Core/Resources/text/other/en/text_Moves_en.txt
136,とびひざげり,무릎차기,High Jump Kick,kwsch/PKHeX,8ad201e80244f630ab5a46922ab72fb79c5ad4f4,PKHeX.Core/Resources/text/other/ja/text_Moves_ja.txt,PKHeX.Core/Resources/text/other/ko/text_Moves_ko.txt,PKHeX.Core/Resources/text/other/en/text_Moves_en.txt
137,へびにらみ,뱀눈초리,Glare,kwsch/PKHeX,8ad201e80244f630ab5a46922ab72fb79c5ad4f4,PKHeX.Core/Resources/text/other/ja/text_Moves_ja.txt,PKHeX.Core/Resources/text/other/ko/text_Moves_ko.txt,PKHeX.Core/Resources/text/other/en/text_Moves_en.txt
138,ゆめくい,꿈먹기,Dream Eater,kwsch/PKHeX,8ad201e80244f630ab5a46922ab72fb79c5ad4f4,PKHeX.Core/Resources/text/other/ja/text_Moves_ja.txt,PKHeX.Core/Resources/text/other/ko/text_Moves_ko.txt,PKHeX.Core/Resources/text/other/en/text_Moves_en.txt
139,どくガス,독가스,Poison Gas,kwsch/PKHeX,8ad201e80244f630ab5a46922ab72fb79c5ad4f4,PKHeX.Core/Resources/text/other/ja/text_Moves_ja.txt,PKHeX.Core/Resources/text/other/ko/text_Moves_ko.txt,PKHeX.Core/Resources/text/other/en/text_Moves_en.txt
140,たまなげ,구슬던지기,Barrage,kwsch/PKHeX,8ad201e80244f630ab5a46922ab72fb79c5ad4f4,PKHeX.Core/Resources/text/other/ja/text_Moves_ja.txt,PKHeX.Core/Resources/text/other/ko/text_Moves_ko.txt,PKHeX.Core/Resources/text/other/en/text_Moves_en.txt
141,きゅうけつ,흡혈,Leech Life,kwsch/PKHeX,8ad201e80244f630ab5a46922ab72fb79c5ad4f4,PKHeX.Core/Resources/text/other/ja/text_Moves_ja.txt,PKHeX.Core/Resources/text/other/ko/text_Moves_ko.txt,PKHeX.Core/Resources/text/other/en/text_Moves_en.txt
142,あくまのキッス,악마의키스,Lovely Kiss,kwsch/PKHeX,8ad201e80244f630ab5a46922ab72fb79c5ad4f4,PKHeX.Core/Resources/text/other/ja/text_Moves_ja.txt,PKHeX.Core/Resources/text/other/ko/text_Moves_ko.txt,PKHeX.Core/Resources/text/other/en/text_Moves_en.txt
143,ゴッドバード,불새,Sky Attack,kwsch/PKHeX,8ad201e80244f630ab5a46922ab72fb79c5ad4f4,PKHeX.Core/Resources/text/other/ja/text_Moves_ja.txt,PKHeX.Core/Resources/text/other/ko/text_Moves_ko.txt,PKHeX.Core/Resources/text/other/en/text_Moves_en.txt
144,へんしん,변신,Transform,kwsch/PKHeX,8ad201e80244f630ab5a46922ab72fb79c5ad4f4,PKHeX.Core/Resources/text/other/ja/text_Moves_ja.txt,PKHeX.Core/Resources/text/other/ko/text_Moves_ko.txt,PKHeX.Core/Resources/text/other/en/text_Moves_en.txt
145,あわ,거품,Bubble,kwsch/PKHeX,8ad201e80244f630ab5a46922ab72fb79c5ad4f4,PKHeX.Core/Resources/text/other/ja/text_Moves_ja.txt,PKHeX.Core/Resources/text/other/ko/text_Moves_ko.txt,PKHeX.Core/Resources/text/other/en/text_Moves_en.txt
146,ピヨピヨパンチ,잼잼펀치,Dizzy Punch,kwsch/PKHeX,8ad201e80244f630ab5a46922ab72fb79c5ad4f4,PKHeX.Core/Resources/text/other/ja/text_Moves_ja.txt,PKHeX.Core/Resources/text/other/ko/text_Moves_ko.txt,PKHeX.Core/Resources/text/other/en/text_Moves_en.txt
147,キノコのほうし,버섯포자,Spore,kwsch/PKHeX,8ad201e80244f630ab5a46922ab72fb79c5ad4f4,PKHeX.Core/Resources/text/other/ja/text_Moves_ja.txt,PKHeX.Core/Resources/text/other/ko/text_Moves_ko.txt,PKHeX.Core/Resources/text/other/en/text_Moves_en.txt
148,フラッシュ,플래시,Flash,kwsch/PKHeX,8ad201e80244f630ab5a46922ab72fb79c5ad4f4,PKHeX.Core/Resources/text/other/ja/text_Moves_ja.txt,PKHeX.Core/Resources/text/other/ko/text_Moves_ko.txt,PKHeX.Core/Resources/text/other/en/text_Moves_en.txt
149,サイコウェーブ,사이코웨이브,Psywave,kwsch/PKHeX,8ad201e80244f630ab5a46922ab72fb79c5ad4f4,PKHeX.Core/Resources/text/other/ja/text_Moves_ja.txt,PKHeX.Core/Resources/text/other/ko/text_Moves_ko.txt,PKHeX.Core/Resources/text/other/en/text_Moves_en.txt
150,はねる,튀어오르기,Splash,kwsch/PKHeX,8ad201e80244f630ab5a46922ab72fb79c5ad4f4,PKHeX.Core/Resources/text/other/ja/text_Moves_ja.txt,PKHeX.Core/Resources/text/other/ko/text_Moves_ko.txt,PKHeX.Core/Resources/text/other/en/text_Moves_en.txt
151,とける,녹기,Acid Armor,kwsch/PKHeX,8ad201e80244f630ab5a46922ab72fb79c5ad4f4,PKHeX.Core/Resources/text/other/ja/text_Moves_ja.txt,PKHeX.Core/Resources/text/other/ko/text_Moves_ko.txt,PKHeX.Core/Resources/text/other/en/text_Moves_en.txt
152,クラブハンマー,집게해머,Crabhammer,kwsch/PKHeX,8ad201e80244f630ab5a46922ab72fb79c5ad4f4,PKHeX.Core/Resources/text/other/ja/text_Moves_ja.txt,PKHeX.Core/Resources/text/other/ko/text_Moves_ko.txt,PKHeX.Core/Resources/text/other/en/text_Moves_en.txt
153,だいばくはつ,대폭발,Explosion,kwsch/PKHeX,8ad201e80244f630ab5a46922ab72fb79c5ad4f4,PKHeX.Core/Resources/text/other/ja/text_Moves_ja.txt,PKHeX.Core/Resources/text/other/ko/text_Moves_ko.txt,PKHeX.Core/Resources/text/other/en/text_Moves_en.txt
154,みだれひっかき,마구할퀴기,Fury Swipes,kwsch/PKHeX,8ad201e80244f630ab5a46922ab72fb79c5ad4f4,PKHeX.Core/Resources/text/other/ja/text_Moves_ja.txt,PKHeX.Core/Resources/text/other/ko/text_Moves_ko.txt,PKHeX.Core/Resources/text/other/en/text_Moves_en.txt
155,ホネブーメラン,뼈다귀부메랑,Bonemerang,kwsch/PKHeX,8ad201e80244f630ab5a46922ab72fb79c5ad4f4,PKHeX.Core/Resources/text/other/ja/text_Moves_ja.txt,PKHeX.Core/Resources/text/other/ko/text_Moves_ko.txt,PKHeX.Core/Resources/text/other/en/text_Moves_en.txt
156,ねむる,잠자기,Rest,kwsch/PKHeX,8ad201e80244f630ab5a46922ab72fb79c5ad4f4,PKHeX.Core/Resources/text/other/ja/text_Moves_ja.txt,PKHeX.Core/Resources/text/other/ko/text_Moves_ko.txt,PKHeX.Core/Resources/text/other/en/text_Moves_en.txt
157,いわなだれ,스톤샤워,Rock Slide,kwsch/PKHeX,8ad201e80244f630ab5a46922ab72fb79c5ad4f4,PKHeX.Core/Resources/text/other/ja/text_Moves_ja.txt,PKHeX.Core/Resources/text/other/ko/text_Moves_ko.txt,PKHeX.Core/Resources/text/other/en/text_Moves_en.txt
158,ひっさつまえば,필살앞니,Hyper Fang,kwsch/PKHeX,8ad201e80244f630ab5a46922ab72fb79c5ad4f4,PKHeX.Core/Resources/text/other/ja/text_Moves_ja.txt,PKHeX.Core/Resources/text/other/ko/text_Moves_ko.txt,PKHeX.Core/Resources/text/other/en/text_Moves_en.txt
159,かくばる,각지기,Sharpen,kwsch/PKHeX,8ad201e80244f630ab5a46922ab72fb79c5ad4f4,PKHeX.Core/Resources/text/other/ja/text_Moves_ja.txt,PKHeX.Core/Resources/text/other/ko/text_Moves_ko.txt,PKHeX.Core/Resources/text/other/en/text_Moves_en.txt
160,テクスチャー,텍스처,Conversion,kwsch/PKHeX,8ad201e80244f630ab5a46922ab72fb79c5ad4f4,PKHeX.Core/Resources/text/other/ja/text_Moves_ja.txt,PKHeX.Core/Resources/text/other/ko/text_Moves_ko.txt,PKHeX.Core/Resources/text/other/en/text_Moves_en.txt
161,トライアタック,트라이어택,Tri Attack,kwsch/PKHeX,8ad201e80244f630ab5a46922ab72fb79c5ad4f4,PKHeX.Core/Resources/text/other/ja/text_Moves_ja.txt,PKHeX.Core/Resources/text/other/ko/text_Moves_ko.txt,PKHeX.Core/Resources/text/other/en/text_Moves_en.txt
162,いかりのまえば,분노의앞니,Super Fang,kwsch/PKHeX,8ad201e80244f630ab5a46922ab72fb79c5ad4f4,PKHeX.Core/Resources/text/other/ja/text_Moves_ja.txt,PKHeX.Core/Resources/text/other/ko/text_Moves_ko.txt,PKHeX.Core/Resources/text/other/en/text_Moves_en.txt
163,きりさく,베어가르기,Slash,kwsch/PKHeX,8ad201e80244f630ab5a46922ab72fb79c5ad4f4,PKHeX.Core/Resources/text/other/ja/text_Moves_ja.txt,PKHeX.Core/Resources/text/other/ko/text_Moves_ko.txt,PKHeX.Core/Resources/text/other/en/text_Moves_en.txt
164,みがわり,대타출동,Substitute,kwsch/PKHeX,8ad201e80244f630ab5a46922ab72fb79c5ad4f4,PKHeX.Core/Resources/text/other/ja/text_Moves_ja.txt,PKHeX.Core/Resources/text/other/ko/text_Moves_ko.txt,PKHeX.Core/Resources/text/other/en/text_Moves_en.txt
165,わるあがき,발버둥,Struggle,kwsch/PKHeX,8ad201e80244f630ab5a46922ab72fb79c5ad4f4,PKHeX.Core/Resources/text/other/ja/text_Moves_ja.txt,PKHeX.Core/Resources/text/other/ko/text_Moves_ko.txt,PKHeX.Core/Resources/text/other/en/text_Moves_en.txt
166,スケッチ,스케치,Sketch,kwsch/PKHeX,8ad201e80244f630ab5a46922ab72fb79c5ad4f4,PKHeX.Core/Resources/text/other/ja/text_Moves_ja.txt,PKHeX.Core/Resources/text/other/ko/text_Moves_ko.txt,PKHeX.Core/Resources/text/other/en/text_Moves_en.txt
167,トリプルキック,트리플킥,Triple Kick,kwsch/PKHeX,8ad201e80244f630ab5a46922ab72fb79c5ad4f4,PKHeX.Core/Resources/text/other/ja/text_Moves_ja.txt,PKHeX.Core/Resources/text/other/ko/text_Moves_ko.txt,PKHeX.Core/Resources/text/other/en/text_Moves_en.txt
168,どろぼう,도둑질,Thief,kwsch/PKHeX,8ad201e80244f630ab5a46922ab72fb79c5ad4f4,PKHeX.Core/Resources/text/other/ja/text_Moves_ja.txt,PKHeX.Core/Resources/text/other/ko/text_Moves_ko.txt,PKHeX.Core/Resources/text/other/en/text_Moves_en.txt
169,クモのす,거미집,Spider Web,kwsch/PKHeX,8ad201e80244f630ab5a46922ab72fb79c5ad4f4,PKHeX.Core/Resources/text/other/ja/text_Moves_ja.txt,PKHeX.Core/Resources/text/other/ko/text_Moves_ko.txt,PKHeX.Core/Resources/text/other/en/text_Moves_en.txt
170,こころのめ,마음의눈,Mind Reader,kwsch/PKHeX,8ad201e80244f630ab5a46922ab72fb79c5ad4f4,PKHeX.Core/Resources/text/other/ja/text_Moves_ja.txt,PKHeX.Core/Resources/text/other/ko/text_Moves_ko.txt,PKHeX.Core/Resources/text/other/en/text_Moves_en.txt
171,あくむ,악몽,Nightmare,kwsch/PKHeX,8ad201e80244f630ab5a46922ab72fb79c5ad4f4,PKHeX.Core/Resources/text/other/ja/text_Moves_ja.txt,PKHeX.Core/Resources/text/other/ko/text_Moves_ko.txt,PKHeX.Core/Resources/text/other/en/text_Moves_en.txt
172,かえんぐるま,화염바퀴,Flame Wheel,kwsch/PKHeX,8ad201e80244f630ab5a46922ab72fb79c5ad4f4,PKHeX.Core/Resources/text/other/ja/text_Moves_ja.txt,PKHeX.Core/Resources/text/other/ko/text_Moves_ko.txt,PKHeX.Core/Resources/text/other/en/text_Moves_en.txt
173,いびき,코골기,Snore,kwsch/PKHeX,8ad201e80244f630ab5a46922ab72fb79c5ad4f4,PKHeX.Core/Resources/text/other/ja/text_Moves_ja.txt,PKHeX.Core/Resources/text/other/ko/text_Moves_ko.txt,PKHeX.Core/Resources/text/other/en/text_Moves_en.txt
174,のろい,저주,Curse,kwsch/PKHeX,8ad201e80244f630ab5a46922ab72fb79c5ad4f4,PKHeX.Core/Resources/text/other/ja/text_Moves_ja.txt,PKHeX.Core/Resources/text/other/ko/text_Moves_ko.txt,PKHeX.Core/Resources/text/other/en/text_Moves_en.txt
175,じたばた,바둥바둥,Flail,kwsch/PKHeX,8ad201e80244f630ab5a46922ab72fb79c5ad4f4,PKHeX.Core/Resources/text/other/ja/text_Moves_ja.txt,PKHeX.Core/Resources/text/other/ko/text_Moves_ko.txt,PKHeX.Core/Resources/text/other/en/text_Moves_en.txt
176,テクスチャー２,텍스처2,Conversion 2,kwsch/PKHeX,8ad201e80244f630ab5a46922ab72fb79c5ad4f4,PKHeX.Core/Resources/text/other/ja/text_Moves_ja.txt,PKHeX.Core/Resources/text/other/ko/text_Moves_ko.txt,PKHeX.Core/Resources/text/other/en/text_Moves_en.txt
177,エアロブラスト,에어로블라스트,Aeroblast,kwsch/PKHeX,8ad201e80244f630ab5a46922ab72fb79c5ad4f4,PKHeX.Core/Resources/text/other/ja/text_Moves_ja.txt,PKHeX.Core/Resources/text/other/ko/text_Moves_ko.txt,PKHeX.Core/Resources/text/other/en/text_Moves_en.txt
178,わたほうし,목화포자,Cotton Spore,kwsch/PKHeX,8ad201e80244f630ab5a46922ab72fb79c5ad4f4,PKHeX.Core/Resources/text/other/ja/text_Moves_ja.txt,PKHeX.Core/Resources/text/other/ko/text_Moves_ko.txt,PKHeX.Core/Resources/text/other/en/text_Moves_en.txt
179,きしかいせい,기사회생,Reversal,kwsch/PKHeX,8ad201e80244f630ab5a46922ab72fb79c5ad4f4,PKHeX.Core/Resources/text/other/ja/text_Moves_ja.txt,PKHeX.Core/Resources/text/other/ko/text_Moves_ko.txt,PKHeX.Core/Resources/text/other/en/text_Moves_en.txt
180,うらみ,원한,Spite,kwsch/PKHeX,8ad201e80244f630ab5a46922ab72fb79c5ad4f4,PKHeX.Core/Resources/text/other/ja/text_Moves_ja.txt,PKHeX.Core/Resources/text/other/ko/text_Moves_ko.txt,PKHeX.Core/Resources/text/other/en/text_Moves_en.txt
181,こなゆき,눈싸라기,Powder Snow,kwsch/PKHeX,8ad201e80244f630ab5a46922ab72fb79c5ad4f4,PKHeX.Core/Resources/text/other/ja/text_Moves_ja.txt,PKHeX.Core/Resources/text/other/ko/text_Moves_ko.txt,PKHeX.Core/Resources/text/other/en/text_Moves_en.txt
182,まもる,방어,Protect,kwsch/PKHeX,8ad201e80244f630ab5a46922ab72fb79c5ad4f4,PKHeX.Core/Resources/text/other/ja/text_Moves_ja.txt,PKHeX.Core/Resources/text/other/ko/text_Moves_ko.txt,PKHeX.Core/Resources/text/other/en/text_Moves_en.txt
183,マッハパンチ,마하펀치,Mach Punch,kwsch/PKHeX,8ad201e80244f630ab5a46922ab72fb79c5ad4f4,PKHeX.Core/Resources/text/other/ja/text_Moves_ja.txt,PKHeX.Core/Resources/text/other/ko/text_Moves_ko.txt,PKHeX.Core/Resources/text/other/en/text_Moves_en.txt
184,こわいかお,겁나는얼굴,Scary Face,kwsch/PKHeX,8ad201e80244f630ab5a46922ab72fb79c5ad4f4,PKHeX.Core/Resources/text/other/ja/text_Moves_ja.txt,PKHeX.Core/Resources/text/other/ko/text_Moves_ko.txt,PKHeX.Core/Resources/text/other/en/text_Moves_en.txt
185,だましうち,속여때리기,Feint Attack,kwsch/PKHeX,8ad201e80244f630ab5a46922ab72fb79c5ad4f4,PKHeX.Core/Resources/text/other/ja/text_Moves_ja.txt,PKHeX.Core/Resources/text/other/ko/text_Moves_ko.txt,PKHeX.Core/Resources/text/other/en/text_Moves_en.txt
186,てんしのキッス,천사의키스,Sweet Kiss,kwsch/PKHeX,8ad201e80244f630ab5a46922ab72fb79c5ad4f4,PKHeX.Core/Resources/text/other/ja/text_Moves_ja.txt,PKHeX.Core/Resources/text/other/ko/text_Moves_ko.txt,PKHeX.Core/Resources/text/other/en/text_Moves_en.txt
187,はらだいこ,배북,Belly Drum,kwsch/PKHeX,8ad201e80244f630ab5a46922ab72fb79c5ad4f4,PKHeX.Core/Resources/text/other/ja/text_Moves_ja.txt,PKHeX.Core/Resources/text/other/ko/text_Moves_ko.txt,PKHeX.Core/Resources/text/other/en/text_Moves_en.txt
188,ヘドロばくだん,오물폭탄,Sludge Bomb,kwsch/PKHeX,8ad201e80244f630ab5a46922ab72fb79c5ad4f4,PKHeX.Core/Resources/text/other/ja/text_Moves_ja.txt,PKHeX.Core/Resources/text/other/ko/text_Moves_ko.txt,PKHeX.Core/Resources/text/other/en/text_Moves_en.txt
189,どろかけ,진흙뿌리기,Mud-Slap,kwsch/PKHeX,8ad201e80244f630ab5a46922ab72fb79c5ad4f4,PKHeX.Core/Resources/text/other/ja/text_Moves_ja.txt,PKHeX.Core/Resources/text/other/ko/text_Moves_ko.txt,PKHeX.Core/Resources/text/other/en/text_Moves_en.txt
190,オクタンほう,대포무노포,Octazooka,kwsch/PKHeX,8ad201e80244f630ab5a46922ab72fb79c5ad4f4,PKHeX.Core/Resources/text/other/ja/text_Moves_ja.txt,PKHeX.Core/Resources/text/other/ko/text_Moves_ko.txt,PKHeX.Core/Resources/text/other/en/text_Moves_en.txt
191,まきびし,압정뿌리기,Spikes,kwsch/PKHeX,8ad201e80244f630ab5a46922ab72fb79c5ad4f4,PKHeX.Core/Resources/text/other/ja/text_Moves_ja.txt,PKHeX.Core/Resources/text/other/ko/text_Moves_ko.txt,PKHeX.Core/Resources/text/other/en/text_Moves_en.txt
192,でんじほう,전자포,Zap Cannon,kwsch/PKHeX,8ad201e80244f630ab5a46922ab72fb79c5ad4f4,PKHeX.Core/Resources/text/other/ja/text_Moves_ja.txt,PKHeX.Core/Resources/text/other/ko/text_Moves_ko.txt,PKHeX.Core/Resources/text/other/en/text_Moves_en.txt
193,みやぶる,꿰뚫어보기,Foresight,kwsch/PKHeX,8ad201e80244f630ab5a46922ab72fb79c5ad4f4,PKHeX.Core/Resources/text/other/ja/text_Moves_ja.txt,PKHeX.Core/Resources/text/other/ko/text_Moves_ko.txt,PKHeX.Core/Resources/text/other/en/text_Moves_en.txt
194,みちづれ,길동무,Destiny Bond,kwsch/PKHeX,8ad201e80244f630ab5a46922ab72fb79c5ad4f4,PKHeX.Core/Resources/text/other/ja/text_Moves_ja.txt,PKHeX.Core/Resources/text/other/ko/text_Moves_ko.txt,PKHeX.Core/Resources/text/other/en/text_Moves_en.txt
195,ほろびのうた,멸망의노래,Perish Song,kwsch/PKHeX,8ad201e80244f630ab5a46922ab72fb79c5ad4f4,PKHeX.Core/Resources/text/other/ja/text_Moves_ja.txt,PKHeX.Core/Resources/text/other/ko/text_Moves_ko.txt,PKHeX.Core/Resources/text/other/en/text_Moves_en.txt
196,こごえるかぜ,얼어붙은바람,Icy Wind,kwsch/PKHeX,8ad201e80244f630ab5a46922ab72fb79c5ad4f4,PKHeX.Core/Resources/text/other/ja/text_Moves_ja.txt,PKHeX.Core/Resources/text/other/ko/text_Moves_ko.txt,PKHeX.Core/Resources/text/other/en/text_Moves_en.txt
197,みきり,판별,Detect,kwsch/PKHeX,8ad201e80244f630ab5a46922ab72fb79c5ad4f4,PKHeX.Core/Resources/text/other/ja/text_Moves_ja.txt,PKHeX.Core/Resources/text/other/ko/text_Moves_ko.txt,PKHeX.Core/Resources/text/other/en/text_Moves_en.txt
198,ボーンラッシュ,본러시,Bone Rush,kwsch/PKHeX,8ad201e80244f630ab5a46922ab72fb79c5ad4f4,PKHeX.Core/Resources/text/other/ja/text_Moves_ja.txt,PKHeX.Core/Resources/text/other/ko/text_Moves_ko.txt,PKHeX.Core/Resources/text/other/en/text_Moves_en.txt
199,ロックオン,록온,Lock-On,kwsch/PKHeX,8ad201e80244f630ab5a46922ab72fb79c5ad4f4,PKHeX.Core/Resources/text/other/ja/text_Moves_ja.txt,PKHeX.Core/Resources/text/other/ko/text_Moves_ko.txt,PKHeX.Core/Resources/text/other/en/text_Moves_en.txt
200,げきりん,역린,Outrage,kwsch/PKHeX,8ad201e80244f630ab5a46922ab72fb79c5ad4f4,PKHeX.Core/Resources/text/other/ja/text_Moves_ja.txt,PKHeX.Core/Resources/text/other/ko/text_Moves_ko.txt,PKHeX.Core/Resources/text/other/en/text_Moves_en.txt
201,すなあらし,모래바람,Sandstorm,kwsch/PKHeX,8ad201e80244f630ab5a46922ab72fb79c5ad4f4,PKHeX.Core/Resources/text/other/ja/text_Moves_ja.txt,PKHeX.Core/Resources/text/other/ko/text_Moves_ko.txt,PKHeX.Core/Resources/text/other/en/text_Moves_en.txt
202,ギガドレイン,기가드레인,Giga Drain,kwsch/PKHeX,8ad201e80244f630ab5a46922ab72fb79c5ad4f4,PKHeX.Core/Resources/text/other/ja/text_Moves_ja.txt,PKHeX.Core/Resources/text/other/ko/text_Moves_ko.txt,PKHeX.Core/Resources/text/other/en/text_Moves_en.txt
203,こらえる,버티기,Endure,kwsch/PKHeX,8ad201e80244f630ab5a46922ab72fb79c5ad4f4,PKHeX.Core/Resources/text/other/ja/text_Moves_ja.txt,PKHeX.Core/Resources/text/other/ko/text_Moves_ko.txt,PKHeX.Core/Resources/text/other/en/text_Moves_en.txt
204,あまえる,애교부리기,Charm,kwsch/PKHeX,8ad201e80244f630ab5a46922ab72fb79c5ad4f4,PKHeX.Core/Resources/text/other/ja/text_Moves_ja.txt,PKHeX.Core/Resources/text/other/ko/text_Moves_ko.txt,PKHeX.Core/Resources/text/other/en/text_Moves_en.txt
205,ころがる,구르기,Rollout,kwsch/PKHeX,8ad201e80244f630ab5a46922ab72fb79c5ad4f4,PKHeX.Core/Resources/text/other/ja/text_Moves_ja.txt,PKHeX.Core/Resources/text/other/ko/text_Moves_ko.txt,PKHeX.Core/Resources/text/other/en/text_Moves_en.txt
206,みねうち,칼등치기,False Swipe,kwsch/PKHeX,8ad201e80244f630ab5a46922ab72fb79c5ad4f4,PKHeX.Core/Resources/text/other/ja/text_Moves_ja.txt,PKHeX.Core/Resources/text/other/ko/text_Moves_ko.txt,PKHeX.Core/Resources/text/other/en/text_Moves_en.txt
207,いばる,뽐내기,Swagger,kwsch/PKHeX,8ad201e80244f630ab5a46922ab72fb79c5ad4f4,PKHeX.Core/Resources/text/other/ja/text_Moves_ja.txt,PKHeX.Core/Resources/text/other/ko/text_Moves_ko.txt,PKHeX.Core/Resources/text/other/en/text_Moves_en.txt
208,ミルクのみ,우유마시기,Milk Drink,kwsch/PKHeX,8ad201e80244f630ab5a46922ab72fb79c5ad4f4,PKHeX.Core/Resources/text/other/ja/text_Moves_ja.txt,PKHeX.Core/Resources/text/other/ko/text_Moves_ko.txt,PKHeX.Core/Resources/text/other/en/text_Moves_en.txt
209,スパーク,스파크,Spark,kwsch/PKHeX,8ad201e80244f630ab5a46922ab72fb79c5ad4f4,PKHeX.Core/Resources/text/other/ja/text_Moves_ja.txt,PKHeX.Core/Resources/text/other/ko/text_Moves_ko.txt,PKHeX.Core/Resources/text/other/en/text_Moves_en.txt
210,れんぞくぎり,연속자르기,Fury Cutter,kwsch/PKHeX,8ad201e80244f630ab5a46922ab72fb79c5ad4f4,PKHeX.Core/Resources/text/other/ja/text_Moves_ja.txt,PKHeX.Core/Resources/text/other/ko/text_Moves_ko.txt,PKHeX.Core/Resources/text/other/en/text_Moves_en.txt
211,はがねのつばさ,강철날개,Steel Wing,kwsch/PKHeX,8ad201e80244f630ab5a46922ab72fb79c5ad4f4,PKHeX.Core/Resources/text/other/ja/text_Moves_ja.txt,PKHeX.Core/Resources/text/other/ko/text_Moves_ko.txt,PKHeX.Core/Resources/text/other/en/text_Moves_en.txt
212,くろいまなざし,검은눈빛,Mean Look,kwsch/PKHeX,8ad201e80244f630ab5a46922ab72fb79c5ad4f4,PKHeX.Core/Resources/text/other/ja/text_Moves_ja.txt,PKHeX.Core/Resources/text/other/ko/text_Moves_ko.txt,PKHeX.Core/Resources/text/other/en/text_Moves_en.txt
213,メロメロ,헤롱헤롱,Attract,kwsch/PKHeX,8ad201e80244f630ab5a46922ab72fb79c5ad4f4,PKHeX.Core/Resources/text/other/ja/text_Moves_ja.txt,PKHeX.Core/Resources/text/other/ko/text_Moves_ko.txt,PKHeX.Core/Resources/text/other/en/text_Moves_en.txt
214,ねごと,잠꼬대,Sleep Talk,kwsch/PKHeX,8ad201e80244f630ab5a46922ab72fb79c5ad4f4,PKHeX.Core/Resources/text/other/ja/text_Moves_ja.txt,PKHeX.Core/Resources/text/other/ko/text_Moves_ko.txt,PKHeX.Core/Resources/text/other/en/text_Moves_en.txt
215,いやしのすず,치료방울,Heal Bell,kwsch/PKHeX,8ad201e80244f630ab5a46922ab72fb79c5ad4f4,PKHeX.Core/Resources/text/other/ja/text_Moves_ja.txt,PKHeX.Core/Resources/text/other/ko/text_Moves_ko.txt,PKHeX.Core/Resources/text/other/en/text_Moves_en.txt
216,おんがえし,은혜갚기,Return,kwsch/PKHeX,8ad201e80244f630ab5a46922ab72fb79c5ad4f4,PKHeX.Core/Resources/text/other/ja/text_Moves_ja.txt,PKHeX.Core/Resources/text/other/ko/text_Moves_ko.txt,PKHeX.Core/Resources/text/other/en/text_Moves_en.txt
217,プレゼント,프레젠트,Present,kwsch/PKHeX,8ad201e80244f630ab5a46922ab72fb79c5ad4f4,PKHeX.Core/Resources/text/other/ja/text_Moves_ja.txt,PKHeX.Core/Resources/text/other/ko/text_Moves_ko.txt,PKHeX.Core/Resources/text/other/en/text_Moves_en.txt
218,やつあたり,화풀이,Frustration,kwsch/PKHeX,8ad201e80244f630ab5a46922ab72fb79c5ad4f4,PKHeX.Core/Resources/text/other/ja/text_Moves_ja.txt,PKHeX.Core/Resources/text/other/ko/text_Moves_ko.txt,PKHeX.Core/Resources/text/other/en/text_Moves_en.txt
219,しんぴのまもり,신비의부적,Safeguard,kwsch/PKHeX,8ad201e80244f630ab5a46922ab72fb79c5ad4f4,PKHeX.Core/Resources/text/other/ja/text_Moves_ja.txt,PKHeX.Core/Resources/text/other/ko/text_Moves_ko.txt,PKHeX.Core/Resources/text/other/en/text_Moves_en.txt
220,いたみわけ,아픔나누기,Pain Split,kwsch/PKHeX,8ad201e80244f630ab5a46922ab72fb79c5ad4f4,PKHeX.Core/Resources/text/other/ja/text_Moves_ja.txt,PKHeX.Core/Resources/text/other/ko/text_Moves_ko.txt,PKHeX.Core/Resources/text/other/en/text_Moves_en.txt
221,せいなるほのお,성스러운불꽃,Sacred Fire,kwsch/PKHeX,8ad201e80244f630ab5a46922ab72fb79c5ad4f4,PKHeX.Core/Resources/text/other/ja/text_Moves_ja.txt,PKHeX.Core/Resources/text/other/ko/text_Moves_ko.txt,PKHeX.Core/Resources/text/other/en/text_Moves_en.txt
222,マグニチュード,매그니튜드,Magnitude,kwsch/PKHeX,8ad201e80244f630ab5a46922ab72fb79c5ad4f4,PKHeX.Core/Resources/text/other/ja/text_Moves_ja.txt,PKHeX.Core/Resources/text/other/ko/text_Moves_ko.txt,PKHeX.Core/Resources/text/other/en/text_Moves_en.txt
223,ばくれつパンチ,폭발펀치,Dynamic Punch,kwsch/PKHeX,8ad201e80244f630ab5a46922ab72fb79c5ad4f4,PKHeX.Core/Resources/text/other/ja/text_Moves_ja.txt,PKHeX.Core/Resources/text/other/ko/text_Moves_ko.txt,PKHeX.Core/Resources/text/other/en/text_Moves_en.txt
224,メガホーン,메가혼,Megahorn,kwsch/PKHeX,8ad201e80244f630ab5a46922ab72fb79c5ad4f4,PKHeX.Core/Resources/text/other/ja/text_Moves_ja.txt,PKHeX.Core/Resources/text/other/ko/text_Moves_ko.txt,PKHeX.Core/Resources/text/other/en/text_Moves_en.txt
225,りゅうのいぶき,용의숨결,Dragon Breath,kwsch/PKHeX,8ad201e80244f630ab5a46922ab72fb79c5ad4f4,PKHeX.Core/Resources/text/other/ja/text_Moves_ja.txt,PKHeX.Core/Resources/text/other/ko/text_Moves_ko.txt,PKHeX.Core/Resources/text/other/en/text_Moves_en.txt
226,バトンタッチ,배턴터치,Baton Pass,kwsch/PKHeX,8ad201e80244f630ab5a46922ab72fb79c5ad4f4,PKHeX.Core/Resources/text/other/ja/text_Moves_ja.txt,PKHeX.Core/Resources/text/other/ko/text_Moves_ko.txt,PKHeX.Core/Resources/text/other/en/text_Moves_en.txt
227,アンコール,앙코르,Encore,kwsch/PKHeX,8ad201e80244f630ab5a46922ab72fb79c5ad4f4,PKHeX.Core/Resources/text/other/ja/text_Moves_ja.txt,PKHeX.Core/Resources/text/other/ko/text_Moves_ko.txt,PKHeX.Core/Resources/text/other/en/text_Moves_en.txt
228,おいうち,따라가때리기,Pursuit,kwsch/PKHeX,8ad201e80244f630ab5a46922ab72fb79c5ad4f4,PKHeX.Core/Resources/text/other/ja/text_Moves_ja.txt,PKHeX.Core/Resources/text/other/ko/text_Moves_ko.txt,PKHeX.Core/Resources/text/other/en/text_Moves_en.txt
229,こうそくスピン,고속스핀,Rapid Spin,kwsch/PKHeX,8ad201e80244f630ab5a46922ab72fb79c5ad4f4,PKHeX.Core/Resources/text/other/ja/text_Moves_ja.txt,PKHeX.Core/Resources/text/other/ko/text_Moves_ko.txt,PKHeX.Core/Resources/text/other/en/text_Moves_en.txt
230,あまいかおり,달콤한향기,Sweet Scent,kwsch/PKHeX,8ad201e80244f630ab5a46922ab72fb79c5ad4f4,PKHeX.Core/Resources/text/other/ja/text_Moves_ja.txt,PKHeX.Core/Resources/text/other/ko/text_Moves_ko.txt,PKHeX.Core/Resources/text/other/en/text_Moves_en.txt
231,アイアンテール,아이언테일,Iron Tail,kwsch/PKHeX,8ad201e80244f630ab5a46922ab72fb79c5ad4f4,PKHeX.Core/Resources/text/other/ja/text_Moves_ja.txt,PKHeX.Core/Resources/text/other/ko/text_Moves_ko.txt,PKHeX.Core/Resources/text/other/en/text_Moves_en.txt
232,メタルクロー,메탈클로,Metal Claw,kwsch/PKHeX,8ad201e80244f630ab5a46922ab72fb79c5ad4f4,PKHeX.Core/Resources/text/other/ja/text_Moves_ja.txt,PKHeX.Core/Resources/text/other/ko/text_Moves_ko.txt,PKHeX.Core/Resources/text/other/en/text_Moves_en.txt
233,あてみなげ,받아던지기,Vital Throw,kwsch/PKHeX,8ad201e80244f630ab5a46922ab72fb79c5ad4f4,PKHeX.Core/Resources/text/other/ja/text_Moves_ja.txt,PKHeX.Core/Resources/text/other/ko/text_Moves_ko.txt,PKHeX.Core/Resources/text/other/en/text_Moves_en.txt
234,あさのひざし,아침햇살,Morning Sun,kwsch/PKHeX,8ad201e80244f630ab5a46922ab72fb79c5ad4f4,PKHeX.Core/Resources/text/other/ja/text_Moves_ja.txt,PKHeX.Core/Resources/text/other/ko/text_Moves_ko.txt,PKHeX.Core/Resources/text/other/en/text_Moves_en.txt
235,こうごうせい,광합성,Synthesis,kwsch/PKHeX,8ad201e80244f630ab5a46922ab72fb79c5ad4f4,PKHeX.Core/Resources/text/other/ja/text_Moves_ja.txt,PKHeX.Core/Resources/text/other/ko/text_Moves_ko.txt,PKHeX.Core/Resources/text/other/en/text_Moves_en.txt
236,つきのひかり,달빛,Moonlight,kwsch/PKHeX,8ad201e80244f630ab5a46922ab72fb79c5ad4f4,PKHeX.Core/Resources/text/other/ja/text_Moves_ja.txt,PKHeX.Core/Resources/text/other/ko/text_Moves_ko.txt,PKHeX.Core/Resources/text/other/en/text_Moves_en.txt
237,めざめるパワー,잠재파워,Hidden Power,kwsch/PKHeX,8ad201e80244f630ab5a46922ab72fb79c5ad4f4,PKHeX.Core/Resources/text/other/ja/text_Moves_ja.txt,PKHeX.Core/Resources/text/other/ko/text_Moves_ko.txt,PKHeX.Core/Resources/text/other/en/text_Moves_en.txt
238,クロスチョップ,크로스촙,Cross Chop,kwsch/PKHeX,8ad201e80244f630ab5a46922ab72fb79c5ad4f4,PKHeX.Core/Resources/text/other/ja/text_Moves_ja.txt,PKHeX.Core/Resources/text/other/ko/text_Moves_ko.txt,PKHeX.Core/Resources/text/other/en/text_Moves_en.txt
239,たつまき,회오리,Twister,kwsch/PKHeX,8ad201e80244f630ab5a46922ab72fb79c5ad4f4,PKHeX.Core/Resources/text/other/ja/text_Moves_ja.txt,PKHeX.Core/Resources/text/other/ko/text_Moves_ko.txt,PKHeX.Core/Resources/text/other/en/text_Moves_en.txt
240,あまごい,비바라기,Rain Dance,kwsch/PKHeX,8ad201e80244f630ab5a46922ab72fb79c5ad4f4,PKHeX.Core/Resources/text/other/ja/text_Moves_ja.txt,PKHeX.Core/Resources/text/other/ko/text_Moves_ko.txt,PKHeX.Core/Resources/text/other/en/text_Moves_en.txt
241,にほんばれ,쾌청,Sunny Day,kwsch/PKHeX,8ad201e80244f630ab5a46922ab72fb79c5ad4f4,PKHeX.Core/Resources/text/other/ja/text_Moves_ja.txt,PKHeX.Core/Resources/text/other/ko/text_Moves_ko.txt,PKHeX.Core/Resources/text/other/en/text_Moves_en.txt
242,かみくだく,깨물어부수기,Crunch,kwsch/PKHeX,8ad201e80244f630ab5a46922ab72fb79c5ad4f4,PKHeX.Core/Resources/text/other/ja/text_Moves_ja.txt,PKHeX.Core/Resources/text/other/ko/text_Moves_ko.txt,PKHeX.Core/Resources/text/other/en/text_Moves_en.txt
243,ミラーコート,미러코트,Mirror Coat,kwsch/PKHeX,8ad201e80244f630ab5a46922ab72fb79c5ad4f4,PKHeX.Core/Resources/text/other/ja/text_Moves_ja.txt,PKHeX.Core/Resources/text/other/ko/text_Moves_ko.txt,PKHeX.Core/Resources/text/other/en/text_Moves_en.txt
244,じこあんじ,자기암시,Psych Up,kwsch/PKHeX,8ad201e80244f630ab5a46922ab72fb79c5ad4f4,PKHeX.Core/Resources/text/other/ja/text_Moves_ja.txt,PKHeX.Core/Resources/text/other/ko/text_Moves_ko.txt,PKHeX.Core/Resources/text/other/en/text_Moves_en.txt
245,しんそく,신속,Extreme Speed,kwsch/PKHeX,8ad201e80244f630ab5a46922ab72fb79c5ad4f4,PKHeX.Core/Resources/text/other/ja/text_Moves_ja.txt,PKHeX.Core/Resources/text/other/ko/text_Moves_ko.txt,PKHeX.Core/Resources/text/other/en/text_Moves_en.txt
246,げんしのちから,원시의힘,Ancient Power,kwsch/PKHeX,8ad201e80244f630ab5a46922ab72fb79c5ad4f4,PKHeX.Core/Resources/text/other/ja/text_Moves_ja.txt,PKHeX.Core/Resources/text/other/ko/text_Moves_ko.txt,PKHeX.Core/Resources/text/other/en/text_Moves_en.txt
247,シャドーボール,섀도볼,Shadow Ball,kwsch/PKHeX,8ad201e80244f630ab5a46922ab72fb79c5ad4f4,PKHeX.Core/Resources/text/other/ja/text_Moves_ja.txt,PKHeX.Core/Resources/text/other/ko/text_Moves_ko.txt,PKHeX.Core/Resources/text/other/en/text_Moves_en.txt
248,みらいよち,미래예지,Future Sight,kwsch/PKHeX,8ad201e80244f630ab5a46922ab72fb79c5ad4f4,PKHeX.Core/Resources/text/other/ja/text_Moves_ja.txt,PKHeX.Core/Resources/text/other/ko/text_Moves_ko.txt,PKHeX.Core/Resources/text/other/en/text_Moves_en.txt
249,いわくだき,바위깨기,Rock Smash,kwsch/PKHeX,8ad201e80244f630ab5a46922ab72fb79c5ad4f4,PKHeX.Core/Resources/text/other/ja/text_Moves_ja.txt,PKHeX.Core/Resources/text/other/ko/text_Moves_ko.txt,PKHeX.Core/Resources/text/other/en/text_Moves_en.txt
250,うずしお,바다회오리,Whirlpool,kwsch/PKHeX,8ad201e80244f630ab5a46922ab72fb79c5ad4f4,PKHeX.Core/Resources/text/other/ja/text_Moves_ja.txt,PKHeX.Core/Resources/text/other/ko/text_Moves_ko.txt,PKHeX.Core/Resources/text/other/en/text_Moves_en.txt
251,ふくろだたき,집단구타,Beat Up,kwsch/PKHeX,8ad201e80244f630ab5a46922ab72fb79c5ad4f4,PKHeX.Core/Resources/text/other/ja/text_Moves_ja.txt,PKHeX.Core/Resources/text/other/ko/text_Moves_ko.txt,PKHeX.Core/Resources/text/other/en/text_Moves_en.txt
252,ねこだまし,속이기,Fake Out,kwsch/PKHeX,8ad201e80244f630ab5a46922ab72fb79c5ad4f4,PKHeX.Core/Resources/text/other/ja/text_Moves_ja.txt,PKHeX.Core/Resources/text/other/ko/text_Moves_ko.txt,PKHeX.Core/Resources/text/other/en/text_Moves_en.txt
253,さわぐ,소란피기,Uproar,kwsch/PKHeX,8ad201e80244f630ab5a46922ab72fb79c5ad4f4,PKHeX.Core/Resources/text/other/ja/text_Moves_ja.txt,PKHeX.Core/Resources/text/other/ko/text_Moves_ko.txt,PKHeX.Core/Resources/text/other/en/text_Moves_en.txt
254,たくわえる,비축하기,Stockpile,kwsch/PKHeX,8ad201e80244f630ab5a46922ab72fb79c5ad4f4,PKHeX.Core/Resources/text/other/ja/text_Moves_ja.txt,PKHeX.Core/Resources/text/other/ko/text_Moves_ko.txt,PKHeX.Core/Resources/text/other/en/text_Moves_en.txt
255,はきだす,토해내기,Spit Up,kwsch/PKHeX,8ad201e80244f630ab5a46922ab72fb79c5ad4f4,PKHeX.Core/Resources/text/other/ja/text_Moves_ja.txt,PKHeX.Core/Resources/text/other/ko/text_Moves_ko.txt,PKHeX.Core/Resources/text/other/en/text_Moves_en.txt
256,のみこむ,꿀꺽,Swallow,kwsch/PKHeX,8ad201e80244f630ab5a46922ab72fb79c5ad4f4,PKHeX.Core/Resources/text/other/ja/text_Moves_ja.txt,PKHeX.Core/Resources/text/other/ko/text_Moves_ko.txt,PKHeX.Core/Resources/text/other/en/text_Moves_en.txt
257,ねっぷう,열풍,Heat Wave,kwsch/PKHeX,8ad201e80244f630ab5a46922ab72fb79c5ad4f4,PKHeX.Core/Resources/text/other/ja/text_Moves_ja.txt,PKHeX.Core/Resources/text/other/ko/text_Moves_ko.txt,PKHeX.Core/Resources/text/other/en/text_Moves_en.txt
258,あられ,싸라기눈,Hail,kwsch/PKHeX,8ad201e80244f630ab5a46922ab72fb79c5ad4f4,PKHeX.Core/Resources/text/other/ja/text_Moves_ja.txt,PKHeX.Core/Resources/text/other/ko/text_Moves_ko.txt,PKHeX.Core/Resources/text/other/en/text_Moves_en.txt
259,いちゃもん,트집,Torment,kwsch/PKHeX,8ad201e80244f630ab5a46922ab72fb79c5ad4f4,PKHeX.Core/Resources/text/other/ja/text_Moves_ja.txt,PKHeX.Core/Resources/text/other/ko/text_Moves_ko.txt,PKHeX.Core/Resources/text/other/en/text_Moves_en.txt
260,おだてる,부추기기,Flatter,kwsch/PKHeX,8ad201e80244f630ab5a46922ab72fb79c5ad4f4,PKHeX.Core/Resources/text/other/ja/text_Moves_ja.txt,PKHeX.Core/Resources/text/other/ko/text_Moves_ko.txt,PKHeX.Core/Resources/text/other/en/text_Moves_en.txt
261,おにび,도깨비불,Will-O-Wisp,kwsch/PKHeX,8ad201e80244f630ab5a46922ab72fb79c5ad4f4,PKHeX.Core/Resources/text/other/ja/text_Moves_ja.txt,PKHeX.Core/Resources/text/other/ko/text_Moves_ko.txt,PKHeX.Core/Resources/text/other/en/text_Moves_en.txt
262,おきみやげ,추억의선물,Memento,kwsch/PKHeX,8ad201e80244f630ab5a46922ab72fb79c5ad4f4,PKHeX.Core/Resources/text/other/ja/text_Moves_ja.txt,PKHeX.Core/Resources/text/other/ko/text_Moves_ko.txt,PKHeX.Core/Resources/text/other/en/text_Moves_en.txt
263,からげんき,객기,Facade,kwsch/PKHeX,8ad201e80244f630ab5a46922ab72fb79c5ad4f4,PKHeX.Core/Resources/text/other/ja/text_Moves_ja.txt,PKHeX.Core/Resources/text/other/ko/text_Moves_ko.txt,PKHeX.Core/Resources/text/other/en/text_Moves_en.txt
264,きあいパンチ,힘껏펀치,Focus Punch,kwsch/PKHeX,8ad201e80244f630ab5a46922ab72fb79c5ad4f4,PKHeX.Core/Resources/text/other/ja/text_Moves_ja.txt,PKHeX.Core/Resources/text/other/ko/text_Moves_ko.txt,PKHeX.Core/Resources/text/other/en/text_Moves_en.txt
265,きつけ,정신차리기,Smelling Salts,kwsch/PKHeX,8ad201e80244f630ab5a46922ab72fb79c5ad4f4,PKHeX.Core/Resources/text/other/ja/text_Moves_ja.txt,PKHeX.Core/Resources/text/other/ko/text_Moves_ko.txt,PKHeX.Core/Resources/text/other/en/text_Moves_en.txt
266,このゆびとまれ,날따름,Follow Me,kwsch/PKHeX,8ad201e80244f630ab5a46922ab72fb79c5ad4f4,PKHeX.Core/Resources/text/other/ja/text_Moves_ja.txt,PKHeX.Core/Resources/text/other/ko/text_Moves_ko.txt,PKHeX.Core/Resources/text/other/en/text_Moves_en.txt
267,しぜんのちから,자연의힘,Nature Power,kwsch/PKHeX,8ad201e80244f630ab5a46922ab72fb79c5ad4f4,PKHeX.Core/Resources/text/other/ja/text_Moves_ja.txt,PKHeX.Core/Resources/text/other/ko/text_Moves_ko.txt,PKHeX.Core/Resources/text/other/en/text_Moves_en.txt
268,じゅうでん,충전,Charge,kwsch/PKHeX,8ad201e80244f630ab5a46922ab72fb79c5ad4f4,PKHeX.Core/Resources/text/other/ja/text_Moves_ja.txt,PKHeX.Core/Resources/text/other/ko/text_Moves_ko.txt,PKHeX.Core/Resources/text/other/en/text_Moves_en.txt
269,ちょうはつ,도발,Taunt,kwsch/PKHeX,8ad201e80244f630ab5a46922ab72fb79c5ad4f4,PKHeX.Core/Resources/text/other/ja/text_Moves_ja.txt,PKHeX.Core/Resources/text/other/ko/text_Moves_ko.txt,PKHeX.Core/Resources/text/other/en/text_Moves_en.txt
270,てだすけ,도우미,Helping Hand,kwsch/PKHeX,8ad201e80244f630ab5a46922ab72fb79c5ad4f4,PKHeX.Core/Resources/text/other/ja/text_Moves_ja.txt,PKHeX.Core/Resources/text/other/ko/text_Moves_ko.txt,PKHeX.Core/Resources/text/other/en/text_Moves_en.txt
271,トリック,트릭,Trick,kwsch/PKHeX,8ad201e80244f630ab5a46922ab72fb79c5ad4f4,PKHeX.Core/Resources/text/other/ja/text_Moves_ja.txt,PKHeX.Core/Resources/text/other/ko/text_Moves_ko.txt,PKHeX.Core/Resources/text/other/en/text_Moves_en.txt
272,なりきり,역할,Role Play,kwsch/PKHeX,8ad201e80244f630ab5a46922ab72fb79c5ad4f4,PKHeX.Core/Resources/text/other/ja/text_Moves_ja.txt,PKHeX.Core/Resources/text/other/ko/text_Moves_ko.txt,PKHeX.Core/Resources/text/other/en/text_Moves_en.txt
273,ねがいごと,희망사항,Wish,kwsch/PKHeX,8ad201e80244f630ab5a46922ab72fb79c5ad4f4,PKHeX.Core/Resources/text/other/ja/text_Moves_ja.txt,PKHeX.Core/Resources/text/other/ko/text_Moves_ko.txt,PKHeX.Core/Resources/text/other/en/text_Moves_en.txt
274,ねこのて,조수,Assist,kwsch/PKHeX,8ad201e80244f630ab5a46922ab72fb79c5ad4f4,PKHeX.Core/Resources/text/other/ja/text_Moves_ja.txt,PKHeX.Core/Resources/text/other/ko/text_Moves_ko.txt,PKHeX.Core/Resources/text/other/en/text_Moves_en.txt
275,ねをはる,뿌리박기,Ingrain,kwsch/PKHeX,8ad201e80244f630ab5a46922ab72fb79c5ad4f4,PKHeX.Core/Resources/text/other/ja/text_Moves_ja.txt,PKHeX.Core/Resources/text/other/ko/text_Moves_ko.txt,PKHeX.Core/Resources/text/other/en/text_Moves_en.txt
276,ばかぢから,엄청난힘,Superpower,kwsch/PKHeX,8ad201e80244f630ab5a46922ab72fb79c5ad4f4,PKHeX.Core/Resources/text/other/ja/text_Moves_ja.txt,PKHeX.Core/Resources/text/other/ko/text_Moves_ko.txt,PKHeX.Core/Resources/text/other/en/text_Moves_en.txt
277,マジックコート,매직코트,Magic Coat,kwsch/PKHeX,8ad201e80244f630ab5a46922ab72fb79c5ad4f4,PKHeX.Core/Resources/text/other/ja/text_Moves_ja.txt,PKHeX.Core/Resources/text/other/ko/text_Moves_ko.txt,PKHeX.Core/Resources/text/other/en/text_Moves_en.txt
278,リサイクル,리사이클,Recycle,kwsch/PKHeX,8ad201e80244f630ab5a46922ab72fb79c5ad4f4,PKHeX.Core/Resources/text/other/ja/text_Moves_ja.txt,PKHeX.Core/Resources/text/other/ko/text_Moves_ko.txt,PKHeX.Core/Resources/text/other/en/text_Moves_en.txt
279,リベンジ,리벤지,Revenge,kwsch/PKHeX,8ad201e80244f630ab5a46922ab72fb79c5ad4f4,PKHeX.Core/Resources/text/other/ja/text_Moves_ja.txt,PKHeX.Core/Resources/text/other/ko/text_Moves_ko.txt,PKHeX.Core/Resources/text/other/en/text_Moves_en.txt
280,かわらわり,깨트리기,Brick Break,kwsch/PKHeX,8ad201e80244f630ab5a46922ab72fb79c5ad4f4,PKHeX.Core/Resources/text/other/ja/text_Moves_ja.txt,PKHeX.Core/Resources/text/other/ko/text_Moves_ko.txt,PKHeX.Core/Resources/text/other/en/text_Moves_en.txt
281,あくび,하품,Yawn,kwsch/PKHeX,8ad201e80244f630ab5a46922ab72fb79c5ad4f4,PKHeX.Core/Resources/text/other/ja/text_Moves_ja.txt,PKHeX.Core/Resources/text/other/ko/text_Moves_ko.txt,PKHeX.Core/Resources/text/other/en/text_Moves_en.txt
282,はたきおとす,탁쳐서떨구기,Knock Off,kwsch/PKHeX,8ad201e80244f630ab5a46922ab72fb79c5ad4f4,PKHeX.Core/Resources/text/other/ja/text_Moves_ja.txt,PKHeX.Core/Resources/text/other/ko/text_Moves_ko.txt,PKHeX.Core/Resources/text/other/en/text_Moves_en.txt
283,がむしゃら,죽기살기,Endeavor,kwsch/PKHeX,8ad201e80244f630ab5a46922ab72fb79c5ad4f4,PKHeX.Core/Resources/text/other/ja/text_Moves_ja.txt,PKHeX.Core/Resources/text/other/ko/text_Moves_ko.txt,PKHeX.Core/Resources/text/other/en/text_Moves_en.txt
284,ふんか,분화,Eruption,kwsch/PKHeX,8ad201e80244f630ab5a46922ab72fb79c5ad4f4,PKHeX.Core/Resources/text/other/ja/text_Moves_ja.txt,PKHeX.Core/Resources/text/other/ko/text_Moves_ko.txt,PKHeX.Core/Resources/text/other/en/text_Moves_en.txt
285,スキルスワップ,스킬스왑,Skill Swap,kwsch/PKHeX,8ad201e80244f630ab5a46922ab72fb79c5ad4f4,PKHeX.Core/Resources/text/other/ja/text_Moves_ja.txt,PKHeX.Core/Resources/text/other/ko/text_Moves_ko.txt,PKHeX.Core/Resources/text/other/en/text_Moves_en.txt
286,ふういん,봉인,Imprison,kwsch/PKHeX,8ad201e80244f630ab5a46922ab72fb79c5ad4f4,PKHeX.Core/Resources/text/other/ja/text_Moves_ja.txt,PKHeX.Core/Resources/text/other/ko/text_Moves_ko.txt,PKHeX.Core/Resources/text/other/en/text_Moves_en.txt
287,リフレッシュ,리프레시,Refresh,kwsch/PKHeX,8ad201e80244f630ab5a46922ab72fb79c5ad4f4,PKHeX.Core/Resources/text/other/ja/text_Moves_ja.txt,PKHeX.Core/Resources/text/other/ko/text_Moves_ko.txt,PKHeX.Core/Resources/text/other/en/text_Moves_en.txt
288,おんねん,원념,Grudge,kwsch/PKHeX,8ad201e80244f630ab5a46922ab72fb79c5ad4f4,PKHeX.Core/Resources/text/other/ja/text_Moves_ja.txt,PKHeX.Core/Resources/text/other/ko/text_Moves_ko.txt,PKHeX.Core/Resources/text/other/en/text_Moves_en.txt
289,よこどり,가로채기,Snatch,kwsch/PKHeX,8ad201e80244f630ab5a46922ab72fb79c5ad4f4,PKHeX.Core/Resources/text/other/ja/text_Moves_ja.txt,PKHeX.Core/Resources/text/other/ko/text_Moves_ko.txt,PKHeX.Core/Resources/text/other/en/text_Moves_en.txt
290,ひみつのちから,비밀의힘,Secret Power,kwsch/PKHeX,8ad201e80244f630ab5a46922ab72fb79c5ad4f4,PKHeX.Core/Resources/text/other/ja/text_Moves_ja.txt,PKHeX.Core/Resources/text/other/ko/text_Moves_ko.txt,PKHeX.Core/Resources/text/other/en/text_Moves_en.txt
291,ダイビング,다이빙,Dive,kwsch/PKHeX,8ad201e80244f630ab5a46922ab72fb79c5ad4f4,PKHeX.Core/Resources/text/other/ja/text_Moves_ja.txt,PKHeX.Core/Resources/text/other/ko/text_Moves_ko.txt,PKHeX.Core/Resources/text/other/en/text_Moves_en.txt
292,つっぱり,손바닥치기,Arm Thrust,kwsch/PKHeX,8ad201e80244f630ab5a46922ab72fb79c5ad4f4,PKHeX.Core/Resources/text/other/ja/text_Moves_ja.txt,PKHeX.Core/Resources/text/other/ko/text_Moves_ko.txt,PKHeX.Core/Resources/text/other/en/text_Moves_en.txt
293,ほごしょく,보호색,Camouflage,kwsch/PKHeX,8ad201e80244f630ab5a46922ab72fb79c5ad4f4,PKHeX.Core/Resources/text/other/ja/text_Moves_ja.txt,PKHeX.Core/Resources/text/other/ko/text_Moves_ko.txt,PKHeX.Core/Resources/text/other/en/text_Moves_en.txt
294,ほたるび,반딧불,Tail Glow,kwsch/PKHeX,8ad201e80244f630ab5a46922ab72fb79c5ad4f4,PKHeX.Core/Resources/text/other/ja/text_Moves_ja.txt,PKHeX.Core/Resources/text/other/ko/text_Moves_ko.txt,PKHeX.Core/Resources/text/other/en/text_Moves_en.txt
295,ラスターパージ,러스터퍼지,Luster Purge,kwsch/PKHeX,8ad201e80244f630ab5a46922ab72fb79c5ad4f4,PKHeX.Core/Resources/text/other/ja/text_Moves_ja.txt,PKHeX.Core/Resources/text/other/ko/text_Moves_ko.txt,PKHeX.Core/Resources/text/other/en/text_Moves_en.txt
296,ミストボール,미스트볼,Mist Ball,kwsch/PKHeX,8ad201e80244f630ab5a46922ab72fb79c5ad4f4,PKHeX.Core/Resources/text/other/ja/text_Moves_ja.txt,PKHeX.Core/Resources/text/other/ko/text_Moves_ko.txt,PKHeX.Core/Resources/text/other/en/text_Moves_en.txt
297,フェザーダンス,깃털댄스,Feather Dance,kwsch/PKHeX,8ad201e80244f630ab5a46922ab72fb79c5ad4f4,PKHeX.Core/Resources/text/other/ja/text_Moves_ja.txt,PKHeX.Core/Resources/text/other/ko/text_Moves_ko.txt,PKHeX.Core/Resources/text/other/en/text_Moves_en.txt
298,フラフラダンス,흔들흔들댄스,Teeter Dance,kwsch/PKHeX,8ad201e80244f630ab5a46922ab72fb79c5ad4f4,PKHeX.Core/Resources/text/other/ja/text_Moves_ja.txt,PKHeX.Core/Resources/text/other/ko/text_Moves_ko.txt,PKHeX.Core/Resources/text/other/en/text_Moves_en.txt
299,ブレイズキック,블레이즈킥,Blaze Kick,kwsch/PKHeX,8ad201e80244f630ab5a46922ab72fb79c5ad4f4,PKHeX.Core/Resources/text/other/ja/text_Moves_ja.txt,PKHeX.Core/Resources/text/other/ko/text_Moves_ko.txt,PKHeX.Core/Resources/text/other/en/text_Moves_en.txt
300,どろあそび,흙놀이,Mud Sport,kwsch/PKHeX,8ad201e80244f630ab5a46922ab72fb79c5ad4f4,PKHeX.Core/Resources/text/other/ja/text_Moves_ja.txt,PKHeX.Core/Resources/text/other/ko/text_Moves_ko.txt,PKHeX.Core/Resources/text/other/en/text_Moves_en.txt
301,アイスボール,아이스볼,Ice Ball,kwsch/PKHeX,8ad201e80244f630ab5a46922ab72fb79c5ad4f4,PKHeX.Core/Resources/text/other/ja/text_Moves_ja.txt,PKHeX.Core/Resources/text/other/ko/text_Moves_ko.txt,PKHeX.Core/Resources/text/other/en/text_Moves_en.txt
302,ニードルアーム,바늘팔,Needle Arm,kwsch/PKHeX,8ad201e80244f630ab5a46922ab72fb79c5ad4f4,PKHeX.Core/Resources/text/other/ja/text_Moves_ja.txt,PKHeX.Core/Resources/text/other/ko/text_Moves_ko.txt,PKHeX.Core/Resources/text/other/en/text_Moves_en.txt
303,なまける,게으름피우기,Slack Off,kwsch/PKHeX,8ad201e80244f630ab5a46922ab72fb79c5ad4f4,PKHeX.Core/Resources/text/other/ja/text_Moves_ja.txt,PKHeX.Core/Resources/text/other/ko/text_Moves_ko.txt,PKHeX.Core/Resources/text/other/en/text_Moves_en.txt
304,ハイパーボイス,하이퍼보이스,Hyper Voice,kwsch/PKHeX,8ad201e80244f630ab5a46922ab72fb79c5ad4f4,PKHeX.Core/Resources/text/other/ja/text_Moves_ja.txt,PKHeX.Core/Resources/text/other/ko/text_Moves_ko.txt,PKHeX.Core/Resources/text/other/en/text_Moves_en.txt
305,どくどくのキバ,맹독엄니,Poison Fang,kwsch/PKHeX,8ad201e80244f630ab5a46922ab72fb79c5ad4f4,PKHeX.Core/Resources/text/other/ja/text_Moves_ja.txt,PKHeX.Core/Resources/text/other/ko/text_Moves_ko.txt,PKHeX.Core/Resources/text/other/en/text_Moves_en.txt
306,ブレイククロー,브레이크클로,Crush Claw,kwsch/PKHeX,8ad201e80244f630ab5a46922ab72fb79c5ad4f4,PKHeX.Core/Resources/text/other/ja/text_Moves_ja.txt,PKHeX.Core/Resources/text/other/ko/text_Moves_ko.txt,PKHeX.Core/Resources/text/other/en/text_Moves_en.txt
307,ブラストバーン,블라스트번,Blast Burn,kwsch/PKHeX,8ad201e80244f630ab5a46922ab72fb79c5ad4f4,PKHeX.Core/Resources/text/other/ja/text_Moves_ja.txt,PKHeX.Core/Resources/text/other/ko/text_Moves_ko.txt,PKHeX.Core/Resources/text/other/en/text_Moves_en.txt
308,ハイドロカノン,하이드로캐논,Hydro Cannon,kwsch/PKHeX,8ad201e80244f630ab5a46922ab72fb79c5ad4f4,PKHeX.Core/Resources/text/other/ja/text_Moves_ja.txt,PKHeX.Core/Resources/text/other/ko/text_Moves_ko.txt,PKHeX.Core/Resources/text/other/en/text_Moves_en.txt
309,コメットパンチ,코멧펀치,Meteor Mash,kwsch/PKHeX,8ad201e80244f630ab5a46922ab72fb79c5ad4f4,PKHeX.Core/Resources/text/other/ja/text_Moves_ja.txt,PKHeX.Core/Resources/text/other/ko/text_Moves_ko.txt,PKHeX.Core/Resources/text/other/en/text_Moves_en.txt
310,おどろかす,놀래키기,Astonish,kwsch/PKHeX,8ad201e80244f630ab5a46922ab72fb79c5ad4f4,PKHeX.Core/Resources/text/other/ja/text_Moves_ja.txt,PKHeX.Core/Resources/text/other/ko/text_Moves_ko.txt,PKHeX.Core/Resources/text/other/en/text_Moves_en.txt
311,ウェザーボール,웨더볼,Weather Ball,kwsch/PKHeX,8ad201e80244f630ab5a46922ab72fb79c5ad4f4,PKHeX.Core/Resources/text/other/ja/text_Moves_ja.txt,PKHeX.Core/Resources/text/other/ko/text_Moves_ko.txt,PKHeX.Core/Resources/text/other/en/text_Moves_en.txt
312,アロマセラピー,아로마테라피,Aromatherapy,kwsch/PKHeX,8ad201e80244f630ab5a46922ab72fb79c5ad4f4,PKHeX.Core/Resources/text/other/ja/text_Moves_ja.txt,PKHeX.Core/Resources/text/other/ko/text_Moves_ko.txt,PKHeX.Core/Resources/text/other/en/text_Moves_en.txt
313,うそなき,거짓울음,Fake Tears,kwsch/PKHeX,8ad201e80244f630ab5a46922ab72fb79c5ad4f4,PKHeX.Core/Resources/text/other/ja/text_Moves_ja.txt,PKHeX.Core/Resources/text/other/ko/text_Moves_ko.txt,PKHeX.Core/Resources/text/other/en/text_Moves_en.txt
314,エアカッター,에어커터,Air Cutter,kwsch/PKHeX,8ad201e80244f630ab5a46922ab72fb79c5ad4f4,PKHeX.Core/Resources/text/other/ja/text_Moves_ja.txt,PKHeX.Core/Resources/text/other/ko/text_Moves_ko.txt,PKHeX.Core/Resources/text/other/en/text_Moves_en.txt
315,オーバーヒート,오버히트,Overheat,kwsch/PKHeX,8ad201e80244f630ab5a46922ab72fb79c5ad4f4,PKHeX.Core/Resources/text/other/ja/text_Moves_ja.txt,PKHeX.Core/Resources/text/other/ko/text_Moves_ko.txt,PKHeX.Core/Resources/text/other/en/text_Moves_en.txt
316,かぎわける,냄새구별,Odor Sleuth,kwsch/PKHeX,8ad201e80244f630ab5a46922ab72fb79c5ad4f4,PKHeX.Core/Resources/text/other/ja/text_Moves_ja.txt,PKHeX.Core/Resources/text/other/ko/text_Moves_ko.txt,PKHeX.Core/Resources/text/other/en/text_Moves_en.txt
317,がんせきふうじ,암석봉인,Rock Tomb,kwsch/PKHeX,8ad201e80244f630ab5a46922ab72fb79c5ad4f4,PKHeX.Core/Resources/text/other/ja/text_Moves_ja.txt,PKHeX.Core/Resources/text/other/ko/text_Moves_ko.txt,PKHeX.Core/Resources/text/other/en/text_Moves_en.txt
318,ぎんいろのかぜ,은빛바람,Silver Wind,kwsch/PKHeX,8ad201e80244f630ab5a46922ab72fb79c5ad4f4,PKHeX.Core/Resources/text/other/ja/text_Moves_ja.txt,PKHeX.Core/Resources/text/other/ko/text_Moves_ko.txt,PKHeX.Core/Resources/text/other/en/text_Moves_en.txt
319,きんぞくおん,금속음,Metal Sound,kwsch/PKHeX,8ad201e80244f630ab5a46922ab72fb79c5ad4f4,PKHeX.Core/Resources/text/other/ja/text_Moves_ja.txt,PKHeX.Core/Resources/text/other/ko/text_Moves_ko.txt,PKHeX.Core/Resources/text/other/en/text_Moves_en.txt
320,くさぶえ,풀피리,Grass Whistle,kwsch/PKHeX,8ad201e80244f630ab5a46922ab72fb79c5ad4f4,PKHeX.Core/Resources/text/other/ja/text_Moves_ja.txt,PKHeX.Core/Resources/text/other/ko/text_Moves_ko.txt,PKHeX.Core/Resources/text/other/en/text_Moves_en.txt
321,くすぐる,간지르기,Tickle,kwsch/PKHeX,8ad201e80244f630ab5a46922ab72fb79c5ad4f4,PKHeX.Core/Resources/text/other/ja/text_Moves_ja.txt,PKHeX.Core/Resources/text/other/ko/text_Moves_ko.txt,PKHeX.Core/Resources/text/other/en/text_Moves_en.txt
322,コスモパワー,코스믹파워,Cosmic Power,kwsch/PKHeX,8ad201e80244f630ab5a46922ab72fb79c5ad4f4,PKHeX.Core/Resources/text/other/ja/text_Moves_ja.txt,PKHeX.Core/Resources/text/other/ko/text_Moves_ko.txt,PKHeX.Core/Resources/text/other/en/text_Moves_en.txt
323,しおふき,해수스파우팅,Water Spout,kwsch/PKHeX,8ad201e80244f630ab5a46922ab72fb79c5ad4f4,PKHeX.Core/Resources/text/other/ja/text_Moves_ja.txt,PKHeX.Core/Resources/text/other/ko/text_Moves_ko.txt,PKHeX.Core/Resources/text/other/en/text_Moves_en.txt
324,シグナルビーム,시그널빔,Signal Beam,kwsch/PKHeX,8ad201e80244f630ab5a46922ab72fb79c5ad4f4,PKHeX.Core/Resources/text/other/ja/text_Moves_ja.txt,PKHeX.Core/Resources/text/other/ko/text_Moves_ko.txt,PKHeX.Core/Resources/text/other/en/text_Moves_en.txt
325,シャドーパンチ,섀도펀치,Shadow Punch,kwsch/PKHeX,8ad201e80244f630ab5a46922ab72fb79c5ad4f4,PKHeX.Core/Resources/text/other/ja/text_Moves_ja.txt,PKHeX.Core/Resources/text/other/ko/text_Moves_ko.txt,PKHeX.Core/Resources/text/other/en/text_Moves_en.txt
326,じんつうりき,신통력,Extrasensory,kwsch/PKHeX,8ad201e80244f630ab5a46922ab72fb79c5ad4f4,PKHeX.Core/Resources/text/other/ja/text_Moves_ja.txt,PKHeX.Core/Resources/text/other/ko/text_Moves_ko.txt,PKHeX.Core/Resources/text/other/en/text_Moves_en.txt
327,スカイアッパー,스카이어퍼,Sky Uppercut,kwsch/PKHeX,8ad201e80244f630ab5a46922ab72fb79c5ad4f4,PKHeX.Core/Resources/text/other/ja/text_Moves_ja.txt,PKHeX.Core/Resources/text/other/ko/text_Moves_ko.txt,PKHeX.Core/Resources/text/other/en/text_Moves_en.txt
328,すなじごく,모래지옥,Sand Tomb,kwsch/PKHeX,8ad201e80244f630ab5a46922ab72fb79c5ad4f4,PKHeX.Core/Resources/text/other/ja/text_Moves_ja.txt,PKHeX.Core/Resources/text/other/ko/text_Moves_ko.txt,PKHeX.Core/Resources/text/other/en/text_Moves_en.txt
329,ぜったいれいど,절대영도,Sheer Cold,kwsch/PKHeX,8ad201e80244f630ab5a46922ab72fb79c5ad4f4,PKHeX.Core/Resources/text/other/ja/text_Moves_ja.txt,PKHeX.Core/Resources/text/other/ko/text_Moves_ko.txt,PKHeX.Core/Resources/text/other/en/text_Moves_en.txt
330,だくりゅう,탁류,Muddy Water,kwsch/PKHeX,8ad201e80244f630ab5a46922ab72fb79c5ad4f4,PKHeX.Core/Resources/text/other/ja/text_Moves_ja.txt,PKHeX.Core/Resources/text/other/ko/text_Moves_ko.txt,PKHeX.Core/Resources/text/other/en/text_Moves_en.txt
331,タネマシンガン,씨기관총,Bullet Seed,kwsch/PKHeX,8ad201e80244f630ab5a46922ab72fb79c5ad4f4,PKHeX.Core/Resources/text/other/ja/text_Moves_ja.txt,PKHeX.Core/Resources/text/other/ko/text_Moves_ko.txt,PKHeX.Core/Resources/text/other/en/text_Moves_en.txt
332,つばめがえし,제비반환,Aerial Ace,kwsch/PKHeX,8ad201e80244f630ab5a46922ab72fb79c5ad4f4,PKHeX.Core/Resources/text/other/ja/text_Moves_ja.txt,PKHeX.Core/Resources/text/other/ko/text_Moves_ko.txt,PKHeX.Core/Resources/text/other/en/text_Moves_en.txt
333,つららばり,고드름침,Icicle Spear,kwsch/PKHeX,8ad201e80244f630ab5a46922ab72fb79c5ad4f4,PKHeX.Core/Resources/text/other/ja/text_Moves_ja.txt,PKHeX.Core/Resources/text/other/ko/text_Moves_ko.txt,PKHeX.Core/Resources/text/other/en/text_Moves_en.txt
334,てっぺき,철벽,Iron Defense,kwsch/PKHeX,8ad201e80244f630ab5a46922ab72fb79c5ad4f4,PKHeX.Core/Resources/text/other/ja/text_Moves_ja.txt,PKHeX.Core/Resources/text/other/ko/text_Moves_ko.txt,PKHeX.Core/Resources/text/other/en/text_Moves_en.txt
335,とおせんぼう,블록,Block,kwsch/PKHeX,8ad201e80244f630ab5a46922ab72fb79c5ad4f4,PKHeX.Core/Resources/text/other/ja/text_Moves_ja.txt,PKHeX.Core/Resources/text/other/ko/text_Moves_ko.txt,PKHeX.Core/Resources/text/other/en/text_Moves_en.txt
336,とおぼえ,멀리짖기,Howl,kwsch/PKHeX,8ad201e80244f630ab5a46922ab72fb79c5ad4f4,PKHeX.Core/Resources/text/other/ja/text_Moves_ja.txt,PKHeX.Core/Resources/text/other/ko/text_Moves_ko.txt,PKHeX.Core/Resources/text/other/en/text_Moves_en.txt
337,ドラゴンクロー,드래곤클로,Dragon Claw,kwsch/PKHeX,8ad201e80244f630ab5a46922ab72fb79c5ad4f4,PKHeX.Core/Resources/text/other/ja/text_Moves_ja.txt,PKHeX.Core/Resources/text/other/ko/text_Moves_ko.txt,PKHeX.Core/Resources/text/other/en/text_Moves_en.txt
338,ハードプラント,하드플랜트,Frenzy Plant,kwsch/PKHeX,8ad201e80244f630ab5a46922ab72fb79c5ad4f4,PKHeX.Core/Resources/text/other/ja/text_Moves_ja.txt,PKHeX.Core/Resources/text/other/ko/text_Moves_ko.txt,PKHeX.Core/Resources/text/other/en/text_Moves_en.txt
339,ビルドアップ,벌크업,Bulk Up,kwsch/PKHeX,8ad201e80244f630ab5a46922ab72fb79c5ad4f4,PKHeX.Core/Resources/text/other/ja/text_Moves_ja.txt,PKHeX.Core/Resources/text/other/ko/text_Moves_ko.txt,PKHeX.Core/Resources/text/other/en/text_Moves_en.txt
340,とびはねる,뛰어오르기,Bounce,kwsch/PKHeX,8ad201e80244f630ab5a46922ab72fb79c5ad4f4,PKHeX.Core/Resources/text/other/ja/text_Moves_ja.txt,PKHeX.Core/Resources/text/other/ko/text_Moves_ko.txt,PKHeX.Core/Resources/text/other/en/text_Moves_en.txt
341,マッドショット,머드샷,Mud Shot,kwsch/PKHeX,8ad201e80244f630ab5a46922ab72fb79c5ad4f4,PKHeX.Core/Resources/text/other/ja/text_Moves_ja.txt,PKHeX.Core/Resources/text/other/ko/text_Moves_ko.txt,PKHeX.Core/Resources/text/other/en/text_Moves_en.txt
342,ポイズンテール,포이즌테일,Poison Tail,kwsch/PKHeX,8ad201e80244f630ab5a46922ab72fb79c5ad4f4,PKHeX.Core/Resources/text/other/ja/text_Moves_ja.txt,PKHeX.Core/Resources/text/other/ko/text_Moves_ko.txt,PKHeX.Core/Resources/text/other/en/text_Moves_en.txt
343,ほしがる,탐내기,Covet,kwsch/PKHeX,8ad201e80244f630ab5a46922ab72fb79c5ad4f4,PKHeX.Core/Resources/text/other/ja/text_Moves_ja.txt,PKHeX.Core/Resources/text/other/ko/text_Moves_ko.txt,PKHeX.Core/Resources/text/other/en/text_Moves_en.txt
344,ボルテッカー,볼트태클,Volt Tackle,kwsch/PKHeX,8ad201e80244f630ab5a46922ab72fb79c5ad4f4,PKHeX.Core/Resources/text/other/ja/text_Moves_ja.txt,PKHeX.Core/Resources/text/other/ko/text_Moves_ko.txt,PKHeX.Core/Resources/text/other/en/text_Moves_en.txt
345,マジカルリーフ,매지컬리프,Magical Leaf,kwsch/PKHeX,8ad201e80244f630ab5a46922ab72fb79c5ad4f4,PKHeX.Core/Resources/text/other/ja/text_Moves_ja.txt,PKHeX.Core/Resources/text/other/ko/text_Moves_ko.txt,PKHeX.Core/Resources/text/other/en/text_Moves_en.txt
346,みずあそび,물놀이,Water Sport,kwsch/PKHeX,8ad201e80244f630ab5a46922ab72fb79c5ad4f4,PKHeX.Core/Resources/text/other/ja/text_Moves_ja.txt,PKHeX.Core/Resources/text/other/ko/text_Moves_ko.txt,PKHeX.Core/Resources/text/other/en/text_Moves_en.txt
347,めいそう,명상,Calm Mind,kwsch/PKHeX,8ad201e80244f630ab5a46922ab72fb79c5ad4f4,PKHeX.Core/Resources/text/other/ja/text_Moves_ja.txt,PKHeX.Core/Resources/text/other/ko/text_Moves_ko.txt,PKHeX.Core/Resources/text/other/en/text_Moves_en.txt
348,リーフブレード,리프블레이드,Leaf Blade,kwsch/PKHeX,8ad201e80244f630ab5a46922ab72fb79c5ad4f4,PKHeX.Core/Resources/text/other/ja/text_Moves_ja.txt,PKHeX.Core/Resources/text/other/ko/text_Moves_ko.txt,PKHeX.Core/Resources/text/other/en/text_Moves_en.txt
349,りゅうのまい,용의춤,Dragon Dance,kwsch/PKHeX,8ad201e80244f630ab5a46922ab72fb79c5ad4f4,PKHeX.Core/Resources/text/other/ja/text_Moves_ja.txt,PKHeX.Core/Resources/text/other/ko/text_Moves_ko.txt,PKHeX.Core/Resources/text/other/en/text_Moves_en.txt
350,ロックブラスト,록블라스트,Rock Blast,kwsch/PKHeX,8ad201e80244f630ab5a46922ab72fb79c5ad4f4,PKHeX.Core/Resources/text/other/ja/text_Moves_ja.txt,PKHeX.Core/Resources/text/other/ko/text_Moves_ko.txt,PKHeX.Core/Resources/text/other/en/text_Moves_en.txt
351,でんげきは,전격파,Shock Wave,kwsch/PKHeX,8ad201e80244f630ab5a46922ab72fb79c5ad4f4,PKHeX.Core/Resources/text/other/ja/text_Moves_ja.txt,PKHeX.Core/Resources/text/other/ko/text_Moves_ko.txt,PKHeX.Core/Resources/text/other/en/text_Moves_en.txt
352,みずのはどう,물의파동,Water Pulse,kwsch/PKHeX,8ad201e80244f630ab5a46922ab72fb79c5ad4f4,PKHeX.Core/Resources/text/other/ja/text_Moves_ja.txt,PKHeX.Core/Resources/text/other/ko/text_Moves_ko.txt,PKHeX.Core/Resources/text/other/en/text_Moves_en.txt
353,はめつのねがい,파멸의소원,Doom Desire,kwsch/PKHeX,8ad201e80244f630ab5a46922ab72fb79c5ad4f4,PKHeX.Core/Resources/text/other/ja/text_Moves_ja.txt,PKHeX.Core/Resources/text/other/ko/text_Moves_ko.txt,PKHeX.Core/Resources/text/other/en/text_Moves_en.txt
354,サイコブースト,사이코부스트,Psycho Boost,kwsch/PKHeX,8ad201e80244f630ab5a46922ab72fb79c5ad4f4,PKHeX.Core/Resources/text/other/ja/text_Moves_ja.txt,PKHeX.Core/Resources/text/other/ko/text_Moves_ko.txt,PKHeX.Core/Resources/text/other/en/text_Moves_en.txt
355,はねやすめ,날개쉬기,Roost,kwsch/PKHeX,8ad201e80244f630ab5a46922ab72fb79c5ad4f4,PKHeX.Core/Resources/text/other/ja/text_Moves_ja.txt,PKHeX.Core/Resources/text/other/ko/text_Moves_ko.txt,PKHeX.Core/Resources/text/other/en/text_Moves_en.txt
356,じゅうりょく,중력,Gravity,kwsch/PKHeX,8ad201e80244f630ab5a46922ab72fb79c5ad4f4,PKHeX.Core/Resources/text/other/ja/text_Moves_ja.txt,PKHeX.Core/Resources/text/other/ko/text_Moves_ko.txt,PKHeX.Core/Resources/text/other/en/text_Moves_en.txt
357,ミラクルアイ,미라클아이,Miracle Eye,kwsch/PKHeX,8ad201e80244f630ab5a46922ab72fb79c5ad4f4,PKHeX.Core/Resources/text/other/ja/text_Moves_ja.txt,PKHeX.Core/Resources/text/other/ko/text_Moves_ko.txt,PKHeX.Core/Resources/text/other/en/text_Moves_en.txt
358,めざましビンタ,잠깨움뺨치기,Wake-Up Slap,kwsch/PKHeX,8ad201e80244f630ab5a46922ab72fb79c5ad4f4,PKHeX.Core/Resources/text/other/ja/text_Moves_ja.txt,PKHeX.Core/Resources/text/other/ko/text_Moves_ko.txt,PKHeX.Core/Resources/text/other/en/text_Moves_en.txt
359,アームハンマー,암해머,Hammer Arm,kwsch/PKHeX,8ad201e80244f630ab5a46922ab72fb79c5ad4f4,PKHeX.Core/Resources/text/other/ja/text_Moves_ja.txt,PKHeX.Core/Resources/text/other/ko/text_Moves_ko.txt,PKHeX.Core/Resources/text/other/en/text_Moves_en.txt
360,ジャイロボール,자이로볼,Gyro Ball,kwsch/PKHeX,8ad201e80244f630ab5a46922ab72fb79c5ad4f4,PKHeX.Core/Resources/text/other/ja/text_Moves_ja.txt,PKHeX.Core/Resources/text/other/ko/text_Moves_ko.txt,PKHeX.Core/Resources/text/other/en/text_Moves_en.txt
361,いやしのねがい,치유소원,Healing Wish,kwsch/PKHeX,8ad201e80244f630ab5a46922ab72fb79c5ad4f4,PKHeX.Core/Resources/text/other/ja/text_Moves_ja.txt,PKHeX.Core/Resources/text/other/ko/text_Moves_ko.txt,PKHeX.Core/Resources/text/other/en/text_Moves_en.txt
362,しおみず,소금물,Brine,kwsch/PKHeX,8ad201e80244f630ab5a46922ab72fb79c5ad4f4,PKHeX.Core/Resources/text/other/ja/text_Moves_ja.txt,PKHeX.Core/Resources/text/other/ko/text_Moves_ko.txt,PKHeX.Core/Resources/text/other/en/text_Moves_en.txt
363,しぜんのめぐみ,자연의은혜,Natural Gift,kwsch/PKHeX,8ad201e80244f630ab5a46922ab72fb79c5ad4f4,PKHeX.Core/Resources/text/other/ja/text_Moves_ja.txt,PKHeX.Core/Resources/text/other/ko/text_Moves_ko.txt,PKHeX.Core/Resources/text/other/en/text_Moves_en.txt
364,フェイント,페인트,Feint,kwsch/PKHeX,8ad201e80244f630ab5a46922ab72fb79c5ad4f4,PKHeX.Core/Resources/text/other/ja/text_Moves_ja.txt,PKHeX.Core/Resources/text/other/ko/text_Moves_ko.txt,PKHeX.Core/Resources/text/other/en/text_Moves_en.txt
365,ついばむ,쪼아대기,Pluck,kwsch/PKHeX,8ad201e80244f630ab5a46922ab72fb79c5ad4f4,PKHeX.Core/Resources/text/other/ja/text_Moves_ja.txt,PKHeX.Core/Resources/text/other/ko/text_Moves_ko.txt,PKHeX.Core/Resources/text/other/en/text_Moves_en.txt
366,おいかぜ,순풍,Tailwind,kwsch/PKHeX,8ad201e80244f630ab5a46922ab72fb79c5ad4f4,PKHeX.Core/Resources/text/other/ja/text_Moves_ja.txt,PKHeX.Core/Resources/text/other/ko/text_Moves_ko.txt,PKHeX.Core/Resources/text/other/en/text_Moves_en.txt
367,つぼをつく,경혈찌르기,Acupressure,kwsch/PKHeX,8ad201e80244f630ab5a46922ab72fb79c5ad4f4,PKHeX.Core/Resources/text/other/ja/text_Moves_ja.txt,PKHeX.Core/Resources/text/other/ko/text_Moves_ko.txt,PKHeX.Core/Resources/text/other/en/text_Moves_en.txt
368,メタルバースト,메탈버스트,Metal Burst,kwsch/PKHeX,8ad201e80244f630ab5a46922ab72fb79c5ad4f4,PKHeX.Core/Resources/text/other/ja/text_Moves_ja.txt,PKHeX.Core/Resources/text/other/ko/text_Moves_ko.txt,PKHeX.Core/Resources/text/other/en/text_Moves_en.txt
369,とんぼがえり,유턴,U-turn,kwsch/PKHeX,8ad201e80244f630ab5a46922ab72fb79c5ad4f4,PKHeX.Core/Resources/text/other/ja/text_Moves_ja.txt,PKHeX.Core/Resources/text/other/ko/text_Moves_ko.txt,PKHeX.Core/Resources/text/other/en/text_Moves_en.txt
370,インファイト,인파이트,Close Combat,kwsch/PKHeX,8ad201e80244f630ab5a46922ab72fb79c5ad4f4,PKHeX.Core/Resources/text/other/ja/text_Moves_ja.txt,PKHeX.Core/Resources/text/other/ko/text_Moves_ko.txt,PKHeX.Core/Resources/text/other/en/text_Moves_en.txt
371,しっぺがえし,보복,Payback,kwsch/PKHeX,8ad201e80244f630ab5a46922ab72fb79c5ad4f4,PKHeX.Core/Resources/text/other/ja/text_Moves_ja.txt,PKHeX.Core/Resources/text/other/ko/text_Moves_ko.txt,PKHeX.Core/Resources/text/other/en/text_Moves_en.txt
372,ダメおし,승부굳히기,Assurance,kwsch/PKHeX,8ad201e80244f630ab5a46922ab72fb79c5ad4f4,PKHeX.Core/Resources/text/other/ja/text_Moves_ja.txt,PKHeX.Core/Resources/text/other/ko/text_Moves_ko.txt,PKHeX.Core/Resources/text/other/en/text_Moves_en.txt
373,さしおさえ,금제,Embargo,kwsch/PKHeX,8ad201e80244f630ab5a46922ab72fb79c5ad4f4,PKHeX.Core/Resources/text/other/ja/text_Moves_ja.txt,PKHeX.Core/Resources/text/other/ko/text_Moves_ko.txt,PKHeX.Core/Resources/text/other/en/text_Moves_en.txt
374,なげつける,내던지기,Fling,kwsch/PKHeX,8ad201e80244f630ab5a46922ab72fb79c5ad4f4,PKHeX.Core/Resources/text/other/ja/text_Moves_ja.txt,PKHeX.Core/Resources/text/other/ko/text_Moves_ko.txt,PKHeX.Core/Resources/text/other/en/text_Moves_en.txt
375,サイコシフト,사이코시프트,Psycho Shift,kwsch/PKHeX,8ad201e80244f630ab5a46922ab72fb79c5ad4f4,PKHeX.Core/Resources/text/other/ja/text_Moves_ja.txt,PKHeX.Core/Resources/text/other/ko/text_Moves_ko.txt,PKHeX.Core/Resources/text/other/en/text_Moves_en.txt
376,きりふだ,마지막수단,Trump Card,kwsch/PKHeX,8ad201e80244f630ab5a46922ab72fb79c5ad4f4,PKHeX.Core/Resources/text/other/ja/text_Moves_ja.txt,PKHeX.Core/Resources/text/other/ko/text_Moves_ko.txt,PKHeX.Core/Resources/text/other/en/text_Moves_en.txt
377,かいふくふうじ,회복봉인,Heal Block,kwsch/PKHeX,8ad201e80244f630ab5a46922ab72fb79c5ad4f4,PKHeX.Core/Resources/text/other/ja/text_Moves_ja.txt,PKHeX.Core/Resources/text/other/ko/text_Moves_ko.txt,PKHeX.Core/Resources/text/other/en/text_Moves_en.txt
378,しぼりとる,쥐어짜기,Wring Out,kwsch/PKHeX,8ad201e80244f630ab5a46922ab72fb79c5ad4f4,PKHeX.Core/Resources/text/other/ja/text_Moves_ja.txt,PKHeX.Core/Resources/text/other/ko/text_Moves_ko.txt,PKHeX.Core/Resources/text/other/en/text_Moves_en.txt
379,パワートリック,파워트릭,Power Trick,kwsch/PKHeX,8ad201e80244f630ab5a46922ab72fb79c5ad4f4,PKHeX.Core/Resources/text/other/ja/text_Moves_ja.txt,PKHeX.Core/Resources/text/other/ko/text_Moves_ko.txt,PKHeX.Core/Resources/text/other/en/text_Moves_en.txt
380,いえき,위액,Gastro Acid,kwsch/PKHeX,8ad201e80244f630ab5a46922ab72fb79c5ad4f4,PKHeX.Core/Resources/text/other/ja/text_Moves_ja.txt,PKHeX.Core/Resources/text/other/ko/text_Moves_ko.txt,PKHeX.Core/Resources/text/other/en/text_Moves_en.txt
381,おまじない,주술,Lucky Chant,kwsch/PKHeX,8ad201e80244f630ab5a46922ab72fb79c5ad4f4,PKHeX.Core/Resources/text/other/ja/text_Moves_ja.txt,PKHeX.Core/Resources/text/other/ko/text_Moves_ko.txt,PKHeX.Core/Resources/text/other/en/text_Moves_en.txt
382,さきどり,선취,Me First,kwsch/PKHeX,8ad201e80244f630ab5a46922ab72fb79c5ad4f4,PKHeX.Core/Resources/text/other/ja/text_Moves_ja.txt,PKHeX.Core/Resources/text/other/ko/text_Moves_ko.txt,PKHeX.Core/Resources/text/other/en/text_Moves_en.txt
383,まねっこ,흉내쟁이,Copycat,kwsch/PKHeX,8ad201e80244f630ab5a46922ab72fb79c5ad4f4,PKHeX.Core/Resources/text/other/ja/text_Moves_ja.txt,PKHeX.Core/Resources/text/other/ko/text_Moves_ko.txt,PKHeX.Core/Resources/text/other/en/text_Moves_en.txt
384,パワースワップ,파워스왑,Power Swap,kwsch/PKHeX,8ad201e80244f630ab5a46922ab72fb79c5ad4f4,PKHeX.Core/Resources/text/other/ja/text_Moves_ja.txt,PKHeX.Core/Resources/text/other/ko/text_Moves_ko.txt,PKHeX.Core/Resources/text/other/en/text_Moves_en.txt
385,ガードスワップ,가드스왑,Guard Swap,kwsch/PKHeX,8ad201e80244f630ab5a46922ab72fb79c5ad4f4,PKHeX.Core/Resources/text/other/ja/text_Moves_ja.txt,PKHeX.Core/Resources/text/other/ko/text_Moves_ko.txt,PKHeX.Core/Resources/text/other/en/text_Moves_en.txt
386,おしおき,혼내기,Punishment,kwsch/PKHeX,8ad201e80244f630ab5a46922ab72fb79c5ad4f4,PKHeX.Core/Resources/text/other/ja/text_Moves_ja.txt,PKHeX.Core/Resources/text/other/ko/text_Moves_ko.txt,PKHeX.Core/Resources/text/other/en/text_Moves_en.txt
387,とっておき,비장의무기,Last Resort,kwsch/PKHeX,8ad201e80244f630ab5a46922ab72fb79c5ad4f4,PKHeX.Core/Resources/text/other/ja/text_Moves_ja.txt,PKHeX.Core/Resources/text/other/ko/text_Moves_ko.txt,PKHeX.Core/Resources/text/other/en/text_Moves_en.txt
388,なやみのタネ,고민씨,Worry Seed,kwsch/PKHeX,8ad201e80244f630ab5a46922ab72fb79c5ad4f4,PKHeX.Core/Resources/text/other/ja/text_Moves_ja.txt,PKHeX.Core/Resources/text/other/ko/text_Moves_ko.txt,PKHeX.Core/Resources/text/other/en/text_Moves_en.txt
389,ふいうち,기습,Sucker Punch,kwsch/PKHeX,8ad201e80244f630ab5a46922ab72fb79c5ad4f4,PKHeX.Core/Resources/text/other/ja/text_Moves_ja.txt,PKHeX.Core/Resources/text/other/ko/text_Moves_ko.txt,PKHeX.Core/Resources/text/other/en/text_Moves_en.txt
390,どくびし,독압정,Toxic Spikes,kwsch/PKHeX,8ad201e80244f630ab5a46922ab72fb79c5ad4f4,PKHeX.Core/Resources/text/other/ja/text_Moves_ja.txt,PKHeX.Core/Resources/text/other/ko/text_Moves_ko.txt,PKHeX.Core/Resources/text/other/en/text_Moves_en.txt
391,ハートスワップ,하트스왑,Heart Swap,kwsch/PKHeX,8ad201e80244f630ab5a46922ab72fb79c5ad4f4,PKHeX.Core/Resources/text/other/ja/text_Moves_ja.txt,PKHeX.Core/Resources/text/other/ko/text_Moves_ko.txt,PKHeX.Core/Resources/text/other/en/text_Moves_en.txt
392,アクアリング,아쿠아링,Aqua Ring,kwsch/PKHeX,8ad201e80244f630ab5a46922ab72fb79c5ad4f4,PKHeX.Core/Resources/text/other/ja/text_Moves_ja.txt,PKHeX.Core/Resources/text/other/ko/text_Moves_ko.txt,PKHeX.Core/Resources/text/other/en/text_Moves_en.txt
393,でんじふゆう,전자부유,Magnet Rise,kwsch/PKHeX,8ad201e80244f630ab5a46922ab72fb79c5ad4f4,PKHeX.Core/Resources/text/other/ja/text_Moves_ja.txt,PKHeX.Core/Resources/text/other/ko/text_Moves_ko.txt,PKHeX.Core/Resources/text/other/en/text_Moves_en.txt
394,フレアドライブ,플레어드라이브,Flare Blitz,kwsch/PKHeX,8ad201e80244f630ab5a46922ab72fb79c5ad4f4,PKHeX.Core/Resources/text/other/ja/text_Moves_ja.txt,PKHeX.Core/Resources/text/other/ko/text_Moves_ko.txt,PKHeX.Core/Resources/text/other/en/text_Moves_en.txt
395,はっけい,발경,Force Palm,kwsch/PKHeX,8ad201e80244f630ab5a46922ab72fb79c5ad4f4,PKHeX.Core/Resources/text/other/ja/text_Moves_ja.txt,PKHeX.Core/Resources/text/other/ko/text_Moves_ko.txt,PKHeX.Core/Resources/text/other/en/text_Moves_en.txt
396,はどうだん,파동탄,Aura Sphere,kwsch/PKHeX,8ad201e80244f630ab5a46922ab72fb79c5ad4f4,PKHeX.Core/Resources/text/other/ja/text_Moves_ja.txt,PKHeX.Core/Resources/text/other/ko/text_Moves_ko.txt,PKHeX.Core/Resources/text/other/en/text_Moves_en.txt
397,ロックカット,록커트,Rock Polish,kwsch/PKHeX,8ad201e80244f630ab5a46922ab72fb79c5ad4f4,PKHeX.Core/Resources/text/other/ja/text_Moves_ja.txt,PKHeX.Core/Resources/text/other/ko/text_Moves_ko.txt,PKHeX.Core/Resources/text/other/en/text_Moves_en.txt
398,どくづき,독찌르기,Poison Jab,kwsch/PKHeX,8ad201e80244f630ab5a46922ab72fb79c5ad4f4,PKHeX.Core/Resources/text/other/ja/text_Moves_ja.txt,PKHeX.Core/Resources/text/other/ko/text_Moves_ko.txt,PKHeX.Core/Resources/text/other/en/text_Moves_en.txt
399,あくのはどう,악의파동,Dark Pulse,kwsch/PKHeX,8ad201e80244f630ab5a46922ab72fb79c5ad4f4,PKHeX.Core/Resources/text/other/ja/text_Moves_ja.txt,PKHeX.Core/Resources/text/other/ko/text_Moves_ko.txt,PKHeX.Core/Resources/text/other/en/text_Moves_en.txt
400,つじぎり,깜짝베기,Night Slash,kwsch/PKHeX,8ad201e80244f630ab5a46922ab72fb79c5ad4f4,PKHeX.Core/Resources/text/other/ja/text_Moves_ja.txt,PKHeX.Core/Resources/text/other/ko/text_Moves_ko.txt,PKHeX.Core/Resources/text/other/en/text_Moves_en.txt
401,アクアテール,아쿠아테일,Aqua Tail,kwsch/PKHeX,8ad201e80244f630ab5a46922ab72fb79c5ad4f4,PKHeX.Core/Resources/text/other/ja/text_Moves_ja.txt,PKHeX.Core/Resources/text/other/ko/text_Moves_ko.txt,PKHeX.Core/Resources/text/other/en/text_Moves_en.txt
402,タネばくだん,씨폭탄,Seed Bomb,kwsch/PKHeX,8ad201e80244f630ab5a46922ab72fb79c5ad4f4,PKHeX.Core/Resources/text/other/ja/text_Moves_ja.txt,PKHeX.Core/Resources/text/other/ko/text_Moves_ko.txt,PKHeX.Core/Resources/text/other/en/text_Moves_en.txt
403,エアスラッシュ,에어슬래시,Air Slash,kwsch/PKHeX,8ad201e80244f630ab5a46922ab72fb79c5ad4f4,PKHeX.Core/Resources/text/other/ja/text_Moves_ja.txt,PKHeX.Core/Resources/text/other/ko/text_Moves_ko.txt,PKHeX.Core/Resources/text/other/en/text_Moves_en.txt
404,シザークロス,시저크로스,X-Scissor,kwsch/PKHeX,8ad201e80244f630ab5a46922ab72fb79c5ad4f4,PKHeX.Core/Resources/text/other/ja/text_Moves_ja.txt,PKHeX.Core/Resources/text/other/ko/text_Moves_ko.txt,PKHeX.Core/Resources/text/other/en/text_Moves_en.txt
405,むしのさざめき,벌레의야단법석,Bug Buzz,kwsch/PKHeX,8ad201e80244f630ab5a46922ab72fb79c5ad4f4,PKHeX.Core/Resources/text/other/ja/text_Moves_ja.txt,PKHeX.Core/Resources/text/other/ko/text_Moves_ko.txt,PKHeX.Core/Resources/text/other/en/text_Moves_en.txt
406,りゅうのはどう,용의파동,Dragon Pulse,kwsch/PKHeX,8ad201e80244f630ab5a46922ab72fb79c5ad4f4,PKHeX.Core/Resources/text/other/ja/text_Moves_ja.txt,PKHeX.Core/Resources/text/other/ko/text_Moves_ko.txt,PKHeX.Core/Resources/text/other/en/text_Moves_en.txt
407,ドラゴンダイブ,드래곤다이브,Dragon Rush,kwsch/PKHeX,8ad201e80244f630ab5a46922ab72fb79c5ad4f4,PKHeX.Core/Resources/text/other/ja/text_Moves_ja.txt,PKHeX.Core/Resources/text/other/ko/text_Moves_ko.txt,PKHeX.Core/Resources/text/other/en/text_Moves_en.txt
408,パワージェム,파워젬,Power Gem,kwsch/PKHeX,8ad201e80244f630ab5a46922ab72fb79c5ad4f4,PKHeX.Core/Resources/text/other/ja/text_Moves_ja.txt,PKHeX.Core/Resources/text/other/ko/text_Moves_ko.txt,PKHeX.Core/Resources/text/other/en/text_Moves_en.txt
409,ドレインパンチ,드레인펀치,Drain Punch,kwsch/PKHeX,8ad201e80244f630ab5a46922ab72fb79c5ad4f4,PKHeX.Core/Resources/text/other/ja/text_Moves_ja.txt,PKHeX.Core/Resources/text/other/ko/text_Moves_ko.txt,PKHeX.Core/Resources/text/other/en/text_Moves_en.txt
410,しんくうは,진공파,Vacuum Wave,kwsch/PKHeX,8ad201e80244f630ab5a46922ab72fb79c5ad4f4,PKHeX.Core/Resources/text/other/ja/text_Moves_ja.txt,PKHeX.Core/Resources/text/other/ko/text_Moves_ko.txt,PKHeX.Core/Resources/text/other/en/text_Moves_en.txt
411,きあいだま,기합구슬,Focus Blast,kwsch/PKHeX,8ad201e80244f630ab5a46922ab72fb79c5ad4f4,PKHeX.Core/Resources/text/other/ja/text_Moves_ja.txt,PKHeX.Core/Resources/text/other/ko/text_Moves_ko.txt,PKHeX.Core/Resources/text/other/en/text_Moves_en.txt
412,エナジーボール,에너지볼,Energy Ball,kwsch/PKHeX,8ad201e80244f630ab5a46922ab72fb79c5ad4f4,PKHeX.Core/Resources/text/other/ja/text_Moves_ja.txt,PKHeX.Core/Resources/text/other/ko/text_Moves_ko.txt,PKHeX.Core/Resources/text/other/en/text_Moves_en.txt
413,ブレイブバード,브레이브버드,Brave Bird,kwsch/PKHeX,8ad201e80244f630ab5a46922ab72fb79c5ad4f4,PKHeX.Core/Resources/text/other/ja/text_Moves_ja.txt,PKHeX.Core/Resources/text/other/ko/text_Moves_ko.txt,PKHeX.Core/Resources/text/other/en/text_Moves_en.txt
414,だいちのちから,대지의힘,Earth Power,kwsch/PKHeX,8ad201e80244f630ab5a46922ab72fb79c5ad4f4,PKHeX.Core/Resources/text/other/ja/text_Moves_ja.txt,PKHeX.Core/Resources/text/other/ko/text_Moves_ko.txt,PKHeX.Core/Resources/text/other/en/text_Moves_en.txt
415,すりかえ,바꿔치기,Switcheroo,kwsch/PKHeX,8ad201e80244f630ab5a46922ab72fb79c5ad4f4,PKHeX.Core/Resources/text/other/ja/text_Moves_ja.txt,PKHeX.Core/Resources/text/other/ko/text_Moves_ko.txt,PKHeX.Core/Resources/text/other/en/text_Moves_en.txt
416,ギガインパクト,기가임팩트,Giga Impact,kwsch/PKHeX,8ad201e80244f630ab5a46922ab72fb79c5ad4f4,PKHeX.Core/Resources/text/other/ja/text_Moves_ja.txt,PKHeX.Core/Resources/text/other/ko/text_Moves_ko.txt,PKHeX.Core/Resources/text/other/en/text_Moves_en.txt
417,わるだくみ,나쁜음모,Nasty Plot,kwsch/PKHeX,8ad201e80244f630ab5a46922ab72fb79c5ad4f4,PKHeX.Core/Resources/text/other/ja/text_Moves_ja.txt,PKHeX.Core/Resources/text/other/ko/text_Moves_ko.txt,PKHeX.Core/Resources/text/other/en/text_Moves_en.txt
418,バレットパンチ,불릿펀치,Bullet Punch,kwsch/PKHeX,8ad201e80244f630ab5a46922ab72fb79c5ad4f4,PKHeX.Core/Resources/text/other/ja/text_Moves_ja.txt,PKHeX.Core/Resources/text/other/ko/text_Moves_ko.txt,PKHeX.Core/Resources/text/other/en/text_Moves_en.txt
419,ゆきなだれ,눈사태,Avalanche,kwsch/PKHeX,8ad201e80244f630ab5a46922ab72fb79c5ad4f4,PKHeX.Core/Resources/text/other/ja/text_Moves_ja.txt,PKHeX.Core/Resources/text/other/ko/text_Moves_ko.txt,PKHeX.Core/Resources/text/other/en/text_Moves_en.txt
420,こおりのつぶて,얼음뭉치,Ice Shard,kwsch/PKHeX,8ad201e80244f630ab5a46922ab72fb79c5ad4f4,PKHeX.Core/Resources/text/other/ja/text_Moves_ja.txt,PKHeX.Core/Resources/text/other/ko/text_Moves_ko.txt,PKHeX.Core/Resources/text/other/en/text_Moves_en.txt
421,シャドークロー,섀도클로,Shadow Claw,kwsch/PKHeX,8ad201e80244f630ab5a46922ab72fb79c5ad4f4,PKHeX.Core/Resources/text/other/ja/text_Moves_ja.txt,PKHeX.Core/Resources/text/other/ko/text_Moves_ko.txt,PKHeX.Core/Resources/text/other/en/text_Moves_en.txt
422,かみなりのキバ,번개엄니,Thunder Fang,kwsch/PKHeX,8ad201e80244f630ab5a46922ab72fb79c5ad4f4,PKHeX.Core/Resources/text/other/ja/text_Moves_ja.txt,PKHeX.Core/Resources/text/other/ko/text_Moves_ko.txt,PKHeX.Core/Resources/text/other/en/text_Moves_en.txt
423,こおりのキバ,얼음엄니,Ice Fang,kwsch/PKHeX,8ad201e80244f630ab5a46922ab72fb79c5ad4f4,PKHeX.Core/Resources/text/other/ja/text_Moves_ja.txt,PKHeX.Core/Resources/text/other/ko/text_Moves_ko.txt,PKHeX.Core/Resources/text/other/en/text_Moves_en.txt
424,ほのおのキバ,불꽃엄니,Fire Fang,kwsch/PKHeX,8ad201e80244f630ab5a46922ab72fb79c5ad4f4,PKHeX.Core/Resources/text/other/ja/text_Moves_ja.txt,PKHeX.Core/Resources/text/other/ko/text_Moves_ko.txt,PKHeX.Core/Resources/text/other/en/text_Moves_en.txt
425,かげうち,야습,Shadow Sneak,kwsch/PKHeX,8ad201e80244f630ab5a46922ab72fb79c5ad4f4,PKHeX.Core/Resources/text/other/ja/text_Moves_ja.txt,PKHeX.Core/Resources/text/other/ko/text_Moves_ko.txt,PKHeX.Core/Resources/text/other/en/text_Moves_en.txt
426,どろばくだん,진흙폭탄,Mud Bomb,kwsch/PKHeX,8ad201e80244f630ab5a46922ab72fb79c5ad4f4,PKHeX.Core/Resources/text/other/ja/text_Moves_ja.txt,PKHeX.Core/Resources/text/other/ko/text_Moves_ko.txt,PKHeX.Core/Resources/text/other/en/text_Moves_en.txt
427,サイコカッター,사이코커터,Psycho Cut,kwsch/PKHeX,8ad201e80244f630ab5a46922ab72fb79c5ad4f4,PKHeX.Core/Resources/text/other/ja/text_Moves_ja.txt,PKHeX.Core/Resources/text/other/ko/text_Moves_ko.txt,PKHeX.Core/Resources/text/other/en/text_Moves_en.txt
428,しねんのずつき,사념의박치기,Zen Headbutt,kwsch/PKHeX,8ad201e80244f630ab5a46922ab72fb79c5ad4f4,PKHeX.Core/Resources/text/other/ja/text_Moves_ja.txt,PKHeX.Core/Resources/text/other/ko/text_Moves_ko.txt,PKHeX.Core/Resources/text/other/en/text_Moves_en.txt
429,ミラーショット,미러샷,Mirror Shot,kwsch/PKHeX,8ad201e80244f630ab5a46922ab72fb79c5ad4f4,PKHeX.Core/Resources/text/other/ja/text_Moves_ja.txt,PKHeX.Core/Resources/text/other/ko/text_Moves_ko.txt,PKHeX.Core/Resources/text/other/en/text_Moves_en.txt
430,ラスターカノン,러스터캐논,Flash Cannon,kwsch/PKHeX,8ad201e80244f630ab5a46922ab72fb79c5ad4f4,PKHeX.Core/Resources/text/other/ja/text_Moves_ja.txt,PKHeX.Core/Resources/text/other/ko/text_Moves_ko.txt,PKHeX.Core/Resources/text/other/en/text_Moves_en.txt
431,ロッククライム,록클라임,Rock Climb,kwsch/PKHeX,8ad201e80244f630ab5a46922ab72fb79c5ad4f4,PKHeX.Core/Resources/text/other/ja/text_Moves_ja.txt,PKHeX.Core/Resources/text/other/ko/text_Moves_ko.txt,PKHeX.Core/Resources/text/other/en/text_Moves_en.txt
432,きりばらい,안개제거,Defog,kwsch/PKHeX,8ad201e80244f630ab5a46922ab72fb79c5ad4f4,PKHeX.Core/Resources/text/other/ja/text_Moves_ja.txt,PKHeX.Core/Resources/text/other/ko/text_Moves_ko.txt,PKHeX.Core/Resources/text/other/en/text_Moves_en.txt
433,トリックルーム,트릭룸,Trick Room,kwsch/PKHeX,8ad201e80244f630ab5a46922ab72fb79c5ad4f4,PKHeX.Core/Resources/text/other/ja/text_Moves_ja.txt,PKHeX.Core/Resources/text/other/ko/text_Moves_ko.txt,PKHeX.Core/Resources/text/other/en/text_Moves_en.txt
434,りゅうせいぐん,용성군,Draco Meteor,kwsch/PKHeX,8ad201e80244f630ab5a46922ab72fb79c5ad4f4,PKHeX.Core/Resources/text/other/ja/text_Moves_ja.txt,PKHeX.Core/Resources/text/other/ko/text_Moves_ko.txt,PKHeX.Core/Resources/text/other/en/text_Moves_en.txt
435,ほうでん,방전,Discharge,kwsch/PKHeX,8ad201e80244f630ab5a46922ab72fb79c5ad4f4,PKHeX.Core/Resources/text/other/ja/text_Moves_ja.txt,PKHeX.Core/Resources/text/other/ko/text_Moves_ko.txt,PKHeX.Core/Resources/text/other/en/text_Moves_en.txt
436,ふんえん,분연,Lava Plume,kwsch/PKHeX,8ad201e80244f630ab5a46922ab72fb79c5ad4f4,PKHeX.Core/Resources/text/other/ja/text_Moves_ja.txt,PKHeX.Core/Resources/text/other/ko/text_Moves_ko.txt,PKHeX.Core/Resources/text/other/en/text_Moves_en.txt
437,リーフストーム,리프스톰,Leaf Storm,kwsch/PKHeX,8ad201e80244f630ab5a46922ab72fb79c5ad4f4,PKHeX.Core/Resources/text/other/ja/text_Moves_ja.txt,PKHeX.Core/Resources/text/other/ko/text_Moves_ko.txt,PKHeX.Core/Resources/text/other/en/text_Moves_en.txt
438,パワーウィップ,파워휩,Power Whip,kwsch/PKHeX,8ad201e80244f630ab5a46922ab72fb79c5ad4f4,PKHeX.Core/Resources/text/other/ja/text_Moves_ja.txt,PKHeX.Core/Resources/text/other/ko/text_Moves_ko.txt,PKHeX.Core/Resources/text/other/en/text_Moves_en.txt
439,がんせきほう,암석포,Rock Wrecker,kwsch/PKHeX,8ad201e80244f630ab5a46922ab72fb79c5ad4f4,PKHeX.Core/Resources/text/other/ja/text_Moves_ja.txt,PKHeX.Core/Resources/text/other/ko/text_Moves_ko.txt,PKHeX.Core/Resources/text/other/en/text_Moves_en.txt
440,クロスポイズン,크로스포이즌,Cross Poison,kwsch/PKHeX,8ad201e80244f630ab5a46922ab72fb79c5ad4f4,PKHeX.Core/Resources/text/other/ja/text_Moves_ja.txt,PKHeX.Core/Resources/text/other/ko/text_Moves_ko.txt,PKHeX.Core/Resources/text/other/en/text_Moves_en.txt
441,ダストシュート,더스트슈트,Gunk Shot,kwsch/PKHeX,8ad201e80244f630ab5a46922ab72fb79c5ad4f4,PKHeX.Core/Resources/text/other/ja/text_Moves_ja.txt,PKHeX.Core/Resources/text/other/ko/text_Moves_ko.txt,PKHeX.Core/Resources/text/other/en/text_Moves_en.txt
442,アイアンヘッド,아이언헤드,Iron Head,kwsch/PKHeX,8ad201e80244f630ab5a46922ab72fb79c5ad4f4,PKHeX.Core/Resources/text/other/ja/text_Moves_ja.txt,PKHeX.Core/Resources/text/other/ko/text_Moves_ko.txt,PKHeX.Core/Resources/text/other/en/text_Moves_en.txt
443,マグネットボム,마그넷봄,Magnet Bomb,kwsch/PKHeX,8ad201e80244f630ab5a46922ab72fb79c5ad4f4,PKHeX.Core/Resources/text/other/ja/text_Moves_ja.txt,PKHeX.Core/Resources/text/other/ko/text_Moves_ko.txt,PKHeX.Core/Resources/text/other/en/text_Moves_en.txt
444,ストーンエッジ,스톤에지,Stone Edge,kwsch/PKHeX,8ad201e80244f630ab5a46922ab72fb79c5ad4f4,PKHeX.Core/Resources/text/other/ja/text_Moves_ja.txt,PKHeX.Core/Resources/text/other/ko/text_Moves_ko.txt,PKHeX.Core/Resources/text/other/en/text_Moves_en.txt
445,ゆうわく,유혹,Captivate,kwsch/PKHeX,8ad201e80244f630ab5a46922ab72fb79c5ad4f4,PKHeX.Core/Resources/text/other/ja/text_Moves_ja.txt,PKHeX.Core/Resources/text/other/ko/text_Moves_ko.txt,PKHeX.Core/Resources/text/other/en/text_Moves_en.txt
446,ステルスロック,스텔스록,Stealth Rock,kwsch/PKHeX,8ad201e80244f630ab5a46922ab72fb79c5ad4f4,PKHeX.Core/Resources/text/other/ja/text_Moves_ja.txt,PKHeX.Core/Resources/text/other/ko/text_Moves_ko.txt,PKHeX.Core/Resources/text/other/en/text_Moves_en.txt
447,くさむすび,풀묶기,Grass Knot,kwsch/PKHeX,8ad201e80244f630ab5a46922ab72fb79c5ad4f4,PKHeX.Core/Resources/text/other/ja/text_Moves_ja.txt,PKHeX.Core/Resources/text/other/ko/text_Moves_ko.txt,PKHeX.Core/Resources/text/other/en/text_Moves_en.txt
448,おしゃべり,수다,Chatter,kwsch/PKHeX,8ad201e80244f630ab5a46922ab72fb79c5ad4f4,PKHeX.Core/Resources/text/other/ja/text_Moves_ja.txt,PKHeX.Core/Resources/text/other/ko/text_Moves_ko.txt,PKHeX.Core/Resources/text/other/en/text_Moves_en.txt
449,さばきのつぶて,심판의뭉치,Judgment,kwsch/PKHeX,8ad201e80244f630ab5a46922ab72fb79c5ad4f4,PKHeX.Core/Resources/text/other/ja/text_Moves_ja.txt,PKHeX.Core/Resources/text/other/ko/text_Moves_ko.txt,PKHeX.Core/Resources/text/other/en/text_Moves_en.txt
450,むしくい,벌레먹기,Bug Bite,kwsch/PKHeX,8ad201e80244f630ab5a46922ab72fb79c5ad4f4,PKHeX.Core/Resources/text/other/ja/text_Moves_ja.txt,PKHeX.Core/Resources/text/other/ko/text_Moves_ko.txt,PKHeX.Core/Resources/text/other/en/text_Moves_en.txt
451,チャージビーム,차지빔,Charge Beam,kwsch/PKHeX,8ad201e80244f630ab5a46922ab72fb79c5ad4f4,PKHeX.Core/Resources/text/other/ja/text_Moves_ja.txt,PKHeX.Core/Resources/text/other/ko/text_Moves_ko.txt,PKHeX.Core/Resources/text/other/en/text_Moves_en.txt
452,ウッドハンマー,우드해머,Wood Hammer,kwsch/PKHeX,8ad201e80244f630ab5a46922ab72fb79c5ad4f4,PKHeX.Core/Resources/text/other/ja/text_Moves_ja.txt,PKHeX.Core/Resources/text/other/ko/text_Moves_ko.txt,PKHeX.Core/Resources/text/other/en/text_Moves_en.txt
453,アクアジェット,아쿠아제트,Aqua Jet,kwsch/PKHeX,8ad201e80244f630ab5a46922ab72fb79c5ad4f4,PKHeX.Core/Resources/text/other/ja/text_Moves_ja.txt,PKHeX.Core/Resources/text/other/ko/text_Moves_ko.txt,PKHeX.Core/Resources/text/other/en/text_Moves_en.txt
454,こうげきしれい,공격지령,Attack Order,kwsch/PKHeX,8ad201e80244f630ab5a46922ab72fb79c5ad4f4,PKHeX.Core/Resources/text/other/ja/text_Moves_ja.txt,PKHeX.Core/Resources/text/other/ko/text_Moves_ko.txt,PKHeX.Core/Resources/text/other/en/text_Moves_en.txt
455,ぼうぎょしれい,방어지령,Defend Order,kwsch/PKHeX,8ad201e80244f630ab5a46922ab72fb79c5ad4f4,PKHeX.Core/Resources/text/other/ja/text_Moves_ja.txt,PKHeX.Core/Resources/text/other/ko/text_Moves_ko.txt,PKHeX.Core/Resources/text/other/en/text_Moves_en.txt
456,かいふくしれい,회복지령,Heal Order,kwsch/PKHeX,8ad201e80244f630ab5a46922ab72fb79c5ad4f4,PKHeX.Core/Resources/text/other/ja/text_Moves_ja.txt,PKHeX.Core/Resources/text/other/ko/text_Moves_ko.txt,PKHeX.Core/Resources/text/other/en/text_Moves_en.txt
457,もろはのずつき,양날박치기,Head Smash,kwsch/PKHeX,8ad201e80244f630ab5a46922ab72fb79c5ad4f4,PKHeX.Core/Resources/text/other/ja/text_Moves_ja.txt,PKHeX.Core/Resources/text/other/ko/text_Moves_ko.txt,PKHeX.Core/Resources/text/other/en/text_Moves_en.txt
458,ダブルアタック,더블어택,Double Hit,kwsch/PKHeX,8ad201e80244f630ab5a46922ab72fb79c5ad4f4,PKHeX.Core/Resources/text/other/ja/text_Moves_ja.txt,PKHeX.Core/Resources/text/other/ko/text_Moves_ko.txt,PKHeX.Core/Resources/text/other/en/text_Moves_en.txt
459,ときのほうこう,시간의포효,Roar of Time,kwsch/PKHeX,8ad201e80244f630ab5a46922ab72fb79c5ad4f4,PKHeX.Core/Resources/text/other/ja/text_Moves_ja.txt,PKHeX.Core/Resources/text/other/ko/text_Moves_ko.txt,PKHeX.Core/Resources/text/other/en/text_Moves_en.txt
460,あくうせつだん,공간절단,Spacial Rend,kwsch/PKHeX,8ad201e80244f630ab5a46922ab72fb79c5ad4f4,PKHeX.Core/Resources/text/other/ja/text_Moves_ja.txt,PKHeX.Core/Resources/text/other/ko/text_Moves_ko.txt,PKHeX.Core/Resources/text/other/en/text_Moves_en.txt
461,みかづきのまい,초승달춤,Lunar Dance,kwsch/PKHeX,8ad201e80244f630ab5a46922ab72fb79c5ad4f4,PKHeX.Core/Resources/text/other/ja/text_Moves_ja.txt,PKHeX.Core/Resources/text/other/ko/text_Moves_ko.txt,PKHeX.Core/Resources/text/other/en/text_Moves_en.txt
462,にぎりつぶす,묵사발,Crush Grip,kwsch/PKHeX,8ad201e80244f630ab5a46922ab72fb79c5ad4f4,PKHeX.Core/Resources/text/other/ja/text_Moves_ja.txt,PKHeX.Core/Resources/text/other/ko/text_Moves_ko.txt,PKHeX.Core/Resources/text/other/en/text_Moves_en.txt
463,マグマストーム,마그마스톰,Magma Storm,kwsch/PKHeX,8ad201e80244f630ab5a46922ab72fb79c5ad4f4,PKHeX.Core/Resources/text/other/ja/text_Moves_ja.txt,PKHeX.Core/Resources/text/other/ko/text_Moves_ko.txt,PKHeX.Core/Resources/text/other/en/text_Moves_en.txt
464,ダークホール,다크홀,Dark Void,kwsch/PKHeX,8ad201e80244f630ab5a46922ab72fb79c5ad4f4,PKHeX.Core/Resources/text/other/ja/text_Moves_ja.txt,PKHeX.Core/Resources/text/other/ko/text_Moves_ko.txt,PKHeX.Core/Resources/text/other/en/text_Moves_en.txt
465,シードフレア,시드플레어,Seed Flare,kwsch/PKHeX,8ad201e80244f630ab5a46922ab72fb79c5ad4f4,PKHeX.Core/Resources/text/other/ja/text_Moves_ja.txt,PKHeX.Core/Resources/text/other/ko/text_Moves_ko.txt,PKHeX.Core/Resources/text/other/en/text_Moves_en.txt
466,あやしいかぜ,괴상한바람,Ominous Wind,kwsch/PKHeX,8ad201e80244f630ab5a46922ab72fb79c5ad4f4,PKHeX.Core/Resources/text/other/ja/text_Moves_ja.txt,PKHeX.Core/Resources/text/other/ko/text_Moves_ko.txt,PKHeX.Core/Resources/text/other/en/text_Moves_en.txt
467,シャドーダイブ,섀도다이브,Shadow Force,kwsch/PKHeX,8ad201e80244f630ab5a46922ab72fb79c5ad4f4,PKHeX.Core/Resources/text/other/ja/text_Moves_ja.txt,PKHeX.Core/Resources/text/other/ko/text_Moves_ko.txt,PKHeX.Core/Resources/text/other/en/text_Moves_en.txt
468,つめとぎ,손톱갈기,Hone Claws,kwsch/PKHeX,8ad201e80244f630ab5a46922ab72fb79c5ad4f4,PKHeX.Core/Resources/text/other/ja/text_Moves_ja.txt,PKHeX.Core/Resources/text/other/ko/text_Moves_ko.txt,PKHeX.Core/Resources/text/other/en/text_Moves_en.txt
469,ワイドガード,와이드가드,Wide Guard,kwsch/PKHeX,8ad201e80244f630ab5a46922ab72fb79c5ad4f4,PKHeX.Core/Resources/text/other/ja/text_Moves_ja.txt,PKHeX.Core/Resources/text/other/ko/text_Moves_ko.txt,PKHeX.Core/Resources/text/other/en/text_Moves_en.txt
470,ガードシェア,가드셰어,Guard Split,kwsch/PKHeX,8ad201e80244f630ab5a46922ab72fb79c5ad4f4,PKHeX.Core/Resources/text/other/ja/text_Moves_ja.txt,PKHeX.Core/Resources/text/other/ko/text_Moves_ko.txt,PKHeX.Core/Resources/text/other/en/text_Moves_en.txt
471,パワーシェア,파워셰어,Power Split,kwsch/PKHeX,8ad201e80244f630ab5a46922ab72fb79c5ad4f4,PKHeX.Core/Resources/text/other/ja/text_Moves_ja.txt,PKHeX.Core/Resources/text/other/ko/text_Moves_ko.txt,PKHeX.Core/Resources/text/other/en/text_Moves_en.txt
472,ワンダールーム,원더룸,Wonder Room,kwsch/PKHeX,8ad201e80244f630ab5a46922ab72fb79c5ad4f4,PKHeX.Core/Resources/text/other/ja/text_Moves_ja.txt,PKHeX.Core/Resources/text/other/ko/text_Moves_ko.txt,PKHeX.Core/Resources/text/other/en/text_Moves_en.txt
473,サイコショック,사이코쇼크,Psyshock,kwsch/PKHeX,8ad201e80244f630ab5a46922ab72fb79c5ad4f4,PKHeX.Core/Resources/text/other/ja/text_Moves_ja.txt,PKHeX.Core/Resources/text/other/ko/text_Moves_ko.txt,PKHeX.Core/Resources/text/other/en/text_Moves_en.txt
474,ベノムショック,베놈쇼크,Venoshock,kwsch/PKHeX,8ad201e80244f630ab5a46922ab72fb79c5ad4f4,PKHeX.Core/Resources/text/other/ja/text_Moves_ja.txt,PKHeX.Core/Resources/text/other/ko/text_Moves_ko.txt,PKHeX.Core/Resources/text/other/en/text_Moves_en.txt
475,ボディパージ,바디퍼지,Autotomize,kwsch/PKHeX,8ad201e80244f630ab5a46922ab72fb79c5ad4f4,PKHeX.Core/Resources/text/other/ja/text_Moves_ja.txt,PKHeX.Core/Resources/text/other/ko/text_Moves_ko.txt,PKHeX.Core/Resources/text/other/en/text_Moves_en.txt
476,いかりのこな,분노가루,Rage Powder,kwsch/PKHeX,8ad201e80244f630ab5a46922ab72fb79c5ad4f4,PKHeX.Core/Resources/text/other/ja/text_Moves_ja.txt,PKHeX.Core/Resources/text/other/ko/text_Moves_ko.txt,PKHeX.Core/Resources/text/other/en/text_Moves_en.txt
477,テレキネシス,텔레키네시스,Telekinesis,kwsch/PKHeX,8ad201e80244f630ab5a46922ab72fb79c5ad4f4,PKHeX.Core/Resources/text/other/ja/text_Moves_ja.txt,PKHeX.Core/Resources/text/other/ko/text_Moves_ko.txt,PKHeX.Core/Resources/text/other/en/text_Moves_en.txt
478,マジックルーム,매직룸,Magic Room,kwsch/PKHeX,8ad201e80244f630ab5a46922ab72fb79c5ad4f4,PKHeX.Core/Resources/text/other/ja/text_Moves_ja.txt,PKHeX.Core/Resources/text/other/ko/text_Moves_ko.txt,PKHeX.Core/Resources/text/other/en/text_Moves_en.txt
479,うちおとす,떨어뜨리기,Smack Down,kwsch/PKHeX,8ad201e80244f630ab5a46922ab72fb79c5ad4f4,PKHeX.Core/Resources/text/other/ja/text_Moves_ja.txt,PKHeX.Core/Resources/text/other/ko/text_Moves_ko.txt,PKHeX.Core/Resources/text/other/en/text_Moves_en.txt
480,やまあらし,업어후리기,Storm Throw,kwsch/PKHeX,8ad201e80244f630ab5a46922ab72fb79c5ad4f4,PKHeX.Core/Resources/text/other/ja/text_Moves_ja.txt,PKHeX.Core/Resources/text/other/ko/text_Moves_ko.txt,PKHeX.Core/Resources/text/other/en/text_Moves_en.txt
481,はじけるほのお,불꽃튀기기,Flame Burst,kwsch/PKHeX,8ad201e80244f630ab5a46922ab72fb79c5ad4f4,PKHeX.Core/Resources/text/other/ja/text_Moves_ja.txt,PKHeX.Core/Resources/text/other/ko/text_Moves_ko.txt,PKHeX.Core/Resources/text/other/en/text_Moves_en.txt
482,ヘドロウェーブ,오물웨이브,Sludge Wave,kwsch/PKHeX,8ad201e80244f630ab5a46922ab72fb79c5ad4f4,PKHeX.Core/Resources/text/other/ja/text_Moves_ja.txt,PKHeX.Core/Resources/text/other/ko/text_Moves_ko.txt,PKHeX.Core/Resources/text/other/en/text_Moves_en.txt
483,ちょうのまい,나비춤,Quiver Dance,kwsch/PKHeX,8ad201e80244f630ab5a46922ab72fb79c5ad4f4,PKHeX.Core/Resources/text/other/ja/text_Moves_ja.txt,PKHeX.Core/Resources/text/other/ko/text_Moves_ko.txt,PKHeX.Core/Resources/text/other/en/text_Moves_en.txt
484,ヘビーボンバー,헤비봄버,Heavy Slam,kwsch/PKHeX,8ad201e80244f630ab5a46922ab72fb79c5ad4f4,PKHeX.Core/Resources/text/other/ja/text_Moves_ja.txt,PKHeX.Core/Resources/text/other/ko/text_Moves_ko.txt,PKHeX.Core/Resources/text/other/en/text_Moves_en.txt
485,シンクロノイズ,싱크로노이즈,Synchronoise,kwsch/PKHeX,8ad201e80244f630ab5a46922ab72fb79c5ad4f4,PKHeX.Core/Resources/text/other/ja/text_Moves_ja.txt,PKHeX.Core/Resources/text/other/ko/text_Moves_ko.txt,PKHeX.Core/Resources/text/other/en/text_Moves_en.txt
486,エレキボール,일렉트릭볼,Electro Ball,kwsch/PKHeX,8ad201e80244f630ab5a46922ab72fb79c5ad4f4,PKHeX.Core/Resources/text/other/ja/text_Moves_ja.txt,PKHeX.Core/Resources/text/other/ko/text_Moves_ko.txt,PKHeX.Core/Resources/text/other/en/text_Moves_en.txt
487,みずびたし,물붓기,Soak,kwsch/PKHeX,8ad201e80244f630ab5a46922ab72fb79c5ad4f4,PKHeX.Core/Resources/text/other/ja/text_Moves_ja.txt,PKHeX.Core/Resources/text/other/ko/text_Moves_ko.txt,PKHeX.Core/Resources/text/other/en/text_Moves_en.txt
488,ニトロチャージ,니트로차지,Flame Charge,kwsch/PKHeX,8ad201e80244f630ab5a46922ab72fb79c5ad4f4,PKHeX.Core/Resources/text/other/ja/text_Moves_ja.txt,PKHeX.Core/Resources/text/other/ko/text_Moves_ko.txt,PKHeX.Core/Resources/text/other/en/text_Moves_en.txt
489,とぐろをまく,똬리틀기,Coil,kwsch/PKHeX,8ad201e80244f630ab5a46922ab72fb79c5ad4f4,PKHeX.Core/Resources/text/other/ja/text_Moves_ja.txt,PKHeX.Core/Resources/text/other/ko/text_Moves_ko.txt,PKHeX.Core/Resources/text/other/en/text_Moves_en.txt
490,ローキック,로킥,Low Sweep,kwsch/PKHeX,8ad201e80244f630ab5a46922ab72fb79c5ad4f4,PKHeX.Core/Resources/text/other/ja/text_Moves_ja.txt,PKHeX.Core/Resources/text/other/ko/text_Moves_ko.txt,PKHeX.Core/Resources/text/other/en/text_Moves_en.txt
491,アシッドボム,애시드봄,Acid Spray,kwsch/PKHeX,8ad201e80244f630ab5a46922ab72fb79c5ad4f4,PKHeX.Core/Resources/text/other/ja/text_Moves_ja.txt,PKHeX.Core/Resources/text/other/ko/text_Moves_ko.txt,PKHeX.Core/Resources/text/other/en/text_Moves_en.txt
492,イカサマ,속임수,Foul Play,kwsch/PKHeX,8ad201e80244f630ab5a46922ab72fb79c5ad4f4,PKHeX.Core/Resources/text/other/ja/text_Moves_ja.txt,PKHeX.Core/Resources/text/other/ko/text_Moves_ko.txt,PKHeX.Core/Resources/text/other/en/text_Moves_en.txt
493,シンプルビーム,심플빔,Simple Beam,kwsch/PKHeX,8ad201e80244f630ab5a46922ab72fb79c5ad4f4,PKHeX.Core/Resources/text/other/ja/text_Moves_ja.txt,PKHeX.Core/Resources/text/other/ko/text_Moves_ko.txt,PKHeX.Core/Resources/text/other/en/text_Moves_en.txt
494,なかまづくり,동료만들기,Entrainment,kwsch/PKHeX,8ad201e80244f630ab5a46922ab72fb79c5ad4f4,PKHeX.Core/Resources/text/other/ja/text_Moves_ja.txt,PKHeX.Core/Resources/text/other/ko/text_Moves_ko.txt,PKHeX.Core/Resources/text/other/en/text_Moves_en.txt
495,おさきにどうぞ,당신먼저,After You,kwsch/PKHeX,8ad201e80244f630ab5a46922ab72fb79c5ad4f4,PKHeX.Core/Resources/text/other/ja/text_Moves_ja.txt,PKHeX.Core/Resources/text/other/ko/text_Moves_ko.txt,PKHeX.Core/Resources/text/other/en/text_Moves_en.txt
496,りんしょう,돌림노래,Round,kwsch/PKHeX,8ad201e80244f630ab5a46922ab72fb79c5ad4f4,PKHeX.Core/Resources/text/other/ja/text_Moves_ja.txt,PKHeX.Core/Resources/text/other/ko/text_Moves_ko.txt,PKHeX.Core/Resources/text/other/en/text_Moves_en.txt
497,エコーボイス,에코보이스,Echoed Voice,kwsch/PKHeX,8ad201e80244f630ab5a46922ab72fb79c5ad4f4,PKHeX.Core/Resources/text/other/ja/text_Moves_ja.txt,PKHeX.Core/Resources/text/other/ko/text_Moves_ko.txt,PKHeX.Core/Resources/text/other/en/text_Moves_en.txt
498,なしくずし,야금야금,Chip Away,kwsch/PKHeX,8ad201e80244f630ab5a46922ab72fb79c5ad4f4,PKHeX.Core/Resources/text/other/ja/text_Moves_ja.txt,PKHeX.Core/Resources/text/other/ko/text_Moves_ko.txt,PKHeX.Core/Resources/text/other/en/text_Moves_en.txt
499,クリアスモッグ,클리어스모그,Clear Smog,kwsch/PKHeX,8ad201e80244f630ab5a46922ab72fb79c5ad4f4,PKHeX.Core/Resources/text/other/ja/text_Moves_ja.txt,PKHeX.Core/Resources/text/other/ko/text_Moves_ko.txt,PKHeX.Core/Resources/text/other/en/text_Moves_en.txt
500,アシストパワー,어시스트파워,Stored Power,kwsch/PKHeX,8ad201e80244f630ab5a46922ab72fb79c5ad4f4,PKHeX.Core/Resources/text/other/ja/text_Moves_ja.txt,PKHeX.Core/Resources/text/other/ko/text_Moves_ko.txt,PKHeX.Core/Resources/text/other/en/text_Moves_en.txt
501,ファストガード,패스트가드,Quick Guard,kwsch/PKHeX,8ad201e80244f630ab5a46922ab72fb79c5ad4f4,PKHeX.Core/Resources/text/other/ja/text_Moves_ja.txt,PKHeX.Core/Resources/text/other/ko/text_Moves_ko.txt,PKHeX.Core/Resources/text/other/en/text_Moves_en.txt
502,サイドチェンジ,사이드체인지,Ally Switch,kwsch/PKHeX,8ad201e80244f630ab5a46922ab72fb79c5ad4f4,PKHeX.Core/Resources/text/other/ja/text_Moves_ja.txt,PKHeX.Core/Resources/text/other/ko/text_Moves_ko.txt,PKHeX.Core/Resources/text/other/en/text_Moves_en.txt
503,ねっとう,열탕,Scald,kwsch/PKHeX,8ad201e80244f630ab5a46922ab72fb79c5ad4f4,PKHeX.Core/Resources/text/other/ja/text_Moves_ja.txt,PKHeX.Core/Resources/text/other/ko/text_Moves_ko.txt,PKHeX.Core/Resources/text/other/en/text_Moves_en.txt
504,からをやぶる,껍질깨기,Shell Smash,kwsch/PKHeX,8ad201e80244f630ab5a46922ab72fb79c5ad4f4,PKHeX.Core/Resources/text/other/ja/text_Moves_ja.txt,PKHeX.Core/Resources/text/other/ko/text_Moves_ko.txt,PKHeX.Core/Resources/text/other/en/text_Moves_en.txt
505,いやしのはどう,치유파동,Heal Pulse,kwsch/PKHeX,8ad201e80244f630ab5a46922ab72fb79c5ad4f4,PKHeX.Core/Resources/text/other/ja/text_Moves_ja.txt,PKHeX.Core/Resources/text/other/ko/text_Moves_ko.txt,PKHeX.Core/Resources/text/other/en/text_Moves_en.txt
506,たたりめ,병상첨병,Hex,kwsch/PKHeX,8ad201e80244f630ab5a46922ab72fb79c5ad4f4,PKHeX.Core/Resources/text/other/ja/text_Moves_ja.txt,PKHeX.Core/Resources/text/other/ko/text_Moves_ko.txt,PKHeX.Core/Resources/text/other/en/text_Moves_en.txt
507,フリーフォール,프리폴,Sky Drop,kwsch/PKHeX,8ad201e80244f630ab5a46922ab72fb79c5ad4f4,PKHeX.Core/Resources/text/other/ja/text_Moves_ja.txt,PKHeX.Core/Resources/text/other/ko/text_Moves_ko.txt,PKHeX.Core/Resources/text/other/en/text_Moves_en.txt
508,ギアチェンジ,기어체인지,Shift Gear,kwsch/PKHeX,8ad201e80244f630ab5a46922ab72fb79c5ad4f4,PKHeX.Core/Resources/text/other/ja/text_Moves_ja.txt,PKHeX.Core/Resources/text/other/ko/text_Moves_ko.txt,PKHeX.Core/Resources/text/other/en/text_Moves_en.txt
509,ともえなげ,배대뒤치기,Circle Throw,kwsch/PKHeX,8ad201e80244f630ab5a46922ab72fb79c5ad4f4,PKHeX.Core/Resources/text/other/ja/text_Moves_ja.txt,PKHeX.Core/Resources/text/other/ko/text_Moves_ko.txt,PKHeX.Core/Resources/text/other/en/text_Moves_en.txt
510,やきつくす,불태우기,Incinerate,kwsch/PKHeX,8ad201e80244f630ab5a46922ab72fb79c5ad4f4,PKHeX.Core/Resources/text/other/ja/text_Moves_ja.txt,PKHeX.Core/Resources/text/other/ko/text_Moves_ko.txt,PKHeX.Core/Resources/text/other/en/text_Moves_en.txt
511,さきおくり,순서미루기,Quash,kwsch/PKHeX,8ad201e80244f630ab5a46922ab72fb79c5ad4f4,PKHeX.Core/Resources/text/other/ja/text_Moves_ja.txt,PKHeX.Core/Resources/text/other/ko/text_Moves_ko.txt,PKHeX.Core/Resources/text/other/en/text_Moves_en.txt
512,アクロバット,애크러뱃,Acrobatics,kwsch/PKHeX,8ad201e80244f630ab5a46922ab72fb79c5ad4f4,PKHeX.Core/Resources/text/other/ja/text_Moves_ja.txt,PKHeX.Core/Resources/text/other/ko/text_Moves_ko.txt,PKHeX.Core/Resources/text/other/en/text_Moves_en.txt
513,ミラータイプ,미러타입,Reflect Type,kwsch/PKHeX,8ad201e80244f630ab5a46922ab72fb79c5ad4f4,PKHeX.Core/Resources/text/other/ja/text_Moves_ja.txt,PKHeX.Core/Resources/text/other/ko/text_Moves_ko.txt,PKHeX.Core/Resources/text/other/en/text_Moves_en.txt
514,かたきうち,원수갚기,Retaliate,kwsch/PKHeX,8ad201e80244f630ab5a46922ab72fb79c5ad4f4,PKHeX.Core/Resources/text/other/ja/text_Moves_ja.txt,PKHeX.Core/Resources/text/other/ko/text_Moves_ko.txt,PKHeX.Core/Resources/text/other/en/text_Moves_en.txt
515,いのちがけ,목숨걸기,Final Gambit,kwsch/PKHeX,8ad201e80244f630ab5a46922ab72fb79c5ad4f4,PKHeX.Core/Resources/text/other/ja/text_Moves_ja.txt,PKHeX.Core/Resources/text/other/ko/text_Moves_ko.txt,PKHeX.Core/Resources/text/other/en/text_Moves_en.txt
516,ギフトパス,기프트패스,Bestow,kwsch/PKHeX,8ad201e80244f630ab5a46922ab72fb79c5ad4f4,PKHeX.Core/Resources/text/other/ja/text_Moves_ja.txt,PKHeX.Core/Resources/text/other/ko/text_Moves_ko.txt,PKHeX.Core/Resources/text/other/en/text_Moves_en.txt
517,れんごく,연옥,Inferno,kwsch/PKHeX,8ad201e80244f630ab5a46922ab72fb79c5ad4f4,PKHeX.Core/Resources/text/other/ja/text_Moves_ja.txt,PKHeX.Core/Resources/text/other/ko/text_Moves_ko.txt,PKHeX.Core/Resources/text/other/en/text_Moves_en.txt
518,みずのちかい,물의맹세,Water Pledge,kwsch/PKHeX,8ad201e80244f630ab5a46922ab72fb79c5ad4f4,PKHeX.Core/Resources/text/other/ja/text_Moves_ja.txt,PKHeX.Core/Resources/text/other/ko/text_Moves_ko.txt,PKHeX.Core/Resources/text/other/en/text_Moves_en.txt
519,ほのおのちかい,불꽃의맹세,Fire Pledge,kwsch/PKHeX,8ad201e80244f630ab5a46922ab72fb79c5ad4f4,PKHeX.Core/Resources/text/other/ja/text_Moves_ja.txt,PKHeX.Core/Resources/text/other/ko/text_Moves_ko.txt,PKHeX.Core/Resources/text/other/en/text_Moves_en.txt
520,くさのちかい,풀의맹세,Grass Pledge,kwsch/PKHeX,8ad201e80244f630ab5a46922ab72fb79c5ad4f4,PKHeX.Core/Resources/text/other/ja/text_Moves_ja.txt,PKHeX.Core/Resources/text/other/ko/text_Moves_ko.txt,PKHeX.Core/Resources/text/other/en/text_Moves_en.txt
521,ボルトチェンジ,볼트체인지,Volt Switch,kwsch/PKHeX,8ad201e80244f630ab5a46922ab72fb79c5ad4f4,PKHeX.Core/Resources/text/other/ja/text_Moves_ja.txt,PKHeX.Core/Resources/text/other/ko/text_Moves_ko.txt,PKHeX.Core/Resources/text/other/en/text_Moves_en.txt
522,むしのていこう,벌레의저항,Struggle Bug,kwsch/PKHeX,8ad201e80244f630ab5a46922ab72fb79c5ad4f4,PKHeX.Core/Resources/text/other/ja/text_Moves_ja.txt,PKHeX.Core/Resources/text/other/ko/text_Moves_ko.txt,PKHeX.Core/Resources/text/other/en/text_Moves_en.txt
523,じならし,땅고르기,Bulldoze,kwsch/PKHeX,8ad201e80244f630ab5a46922ab72fb79c5ad4f4,PKHeX.Core/Resources/text/other/ja/text_Moves_ja.txt,PKHeX.Core/Resources/text/other/ko/text_Moves_ko.txt,PKHeX.Core/Resources/text/other/en/text_Moves_en.txt
524,こおりのいぶき,얼음숨결,Frost Breath,kwsch/PKHeX,8ad201e80244f630ab5a46922ab72fb79c5ad4f4,PKHeX.Core/Resources/text/other/ja/text_Moves_ja.txt,PKHeX.Core/Resources/text/other/ko/text_Moves_ko.txt,PKHeX.Core/Resources/text/other/en/text_Moves_en.txt
525,ドラゴンテール,드래곤테일,Dragon Tail,kwsch/PKHeX,8ad201e80244f630ab5a46922ab72fb79c5ad4f4,PKHeX.Core/Resources/text/other/ja/text_Moves_ja.txt,PKHeX.Core/Resources/text/other/ko/text_Moves_ko.txt,PKHeX.Core/Resources/text/other/en/text_Moves_en.txt
526,ふるいたてる,분발,Work Up,kwsch/PKHeX,8ad201e80244f630ab5a46922ab72fb79c5ad4f4,PKHeX.Core/Resources/text/other/ja/text_Moves_ja.txt,PKHeX.Core/Resources/text/other/ko/text_Moves_ko.txt,PKHeX.Core/Resources/text/other/en/text_Moves_en.txt
527,エレキネット,일렉트릭네트,Electroweb,kwsch/PKHeX,8ad201e80244f630ab5a46922ab72fb79c5ad4f4,PKHeX.Core/Resources/text/other/ja/text_Moves_ja.txt,PKHeX.Core/Resources/text/other/ko/text_Moves_ko.txt,PKHeX.Core/Resources/text/other/en/text_Moves_en.txt
528,ワイルドボルト,와일드볼트,Wild Charge,kwsch/PKHeX,8ad201e80244f630ab5a46922ab72fb79c5ad4f4,PKHeX.Core/Resources/text/other/ja/text_Moves_ja.txt,PKHeX.Core/Resources/text/other/ko/text_Moves_ko.txt,PKHeX.Core/Resources/text/other/en/text_Moves_en.txt
529,ドリルライナー,드릴라이너,Drill Run,kwsch/PKHeX,8ad201e80244f630ab5a46922ab72fb79c5ad4f4,PKHeX.Core/Resources/text/other/ja/text_Moves_ja.txt,PKHeX.Core/Resources/text/other/ko/text_Moves_ko.txt,PKHeX.Core/Resources/text/other/en/text_Moves_en.txt
530,ダブルチョップ,더블촙,Dual Chop,kwsch/PKHeX,8ad201e80244f630ab5a46922ab72fb79c5ad4f4,PKHeX.Core/Resources/text/other/ja/text_Moves_ja.txt,PKHeX.Core/Resources/text/other/ko/text_Moves_ko.txt,PKHeX.Core/Resources/text/other/en/text_Moves_en.txt
531,ハートスタンプ,하트스탬프,Heart Stamp,kwsch/PKHeX,8ad201e80244f630ab5a46922ab72fb79c5ad4f4,PKHeX.Core/Resources/text/other/ja/text_Moves_ja.txt,PKHeX.Core/Resources/text/other/ko/text_Moves_ko.txt,PKHeX.Core/Resources/text/other/en/text_Moves_en.txt
532,ウッドホーン,우드혼,Horn Leech,kwsch/PKHeX,8ad201e80244f630ab5a46922ab72fb79c5ad4f4,PKHeX.Core/Resources/text/other/ja/text_Moves_ja.txt,PKHeX.Core/Resources/text/other/ko/text_Moves_ko.txt,PKHeX.Core/Resources/text/other/en/text_Moves_en.txt
533,せいなるつるぎ,성스러운칼,Sacred Sword,kwsch/PKHeX,8ad201e80244f630ab5a46922ab72fb79c5ad4f4,PKHeX.Core/Resources/text/other/ja/text_Moves_ja.txt,PKHeX.Core/Resources/text/other/ko/text_Moves_ko.txt,PKHeX.Core/Resources/text/other/en/text_Moves_en.txt
534,シェルブレード,셸블레이드,Razor Shell,kwsch/PKHeX,8ad201e80244f630ab5a46922ab72fb79c5ad4f4,PKHeX.Core/Resources/text/other/ja/text_Moves_ja.txt,PKHeX.Core/Resources/text/other/ko/text_Moves_ko.txt,PKHeX.Core/Resources/text/other/en/text_Moves_en.txt
535,ヒートスタンプ,히트스탬프,Heat Crash,kwsch/PKHeX,8ad201e80244f630ab5a46922ab72fb79c5ad4f4,PKHeX.Core/Resources/text/other/ja/text_Moves_ja.txt,PKHeX.Core/Resources/text/other/ko/text_Moves_ko.txt,PKHeX.Core/Resources/text/other/en/text_Moves_en.txt
536,グラスミキサー,그래스믹서,Leaf Tornado,kwsch/PKHeX,8ad201e80244f630ab5a46922ab72fb79c5ad4f4,PKHeX.Core/Resources/text/other/ja/text_Moves_ja.txt,PKHeX.Core/Resources/text/other/ko/text_Moves_ko.txt,PKHeX.Core/Resources/text/other/en/text_Moves_en.txt
537,ハードローラー,하드롤러,Steamroller,kwsch/PKHeX,8ad201e80244f630ab5a46922ab72fb79c5ad4f4,PKHeX.Core/Resources/text/other/ja/text_Moves_ja.txt,PKHeX.Core/Resources/text/other/ko/text_Moves_ko.txt,PKHeX.Core/Resources/text/other/en/text_Moves_en.txt
538,コットンガード,코튼가드,Cotton Guard,kwsch/PKHeX,8ad201e80244f630ab5a46922ab72fb79c5ad4f4,PKHeX.Core/Resources/text/other/ja/text_Moves_ja.txt,PKHeX.Core/Resources/text/other/ko/text_Moves_ko.txt,PKHeX.Core/Resources/text/other/en/text_Moves_en.txt
539,ナイトバースト,나이트버스트,Night Daze,kwsch/PKHeX,8ad201e80244f630ab5a46922ab72fb79c5ad4f4,PKHeX.Core/Resources/text/other/ja/text_Moves_ja.txt,PKHeX.Core/Resources/text/other/ko/text_Moves_ko.txt,PKHeX.Core/Resources/text/other/en/text_Moves_en.txt
540,サイコブレイク,사이코브레이크,Psystrike,kwsch/PKHeX,8ad201e80244f630ab5a46922ab72fb79c5ad4f4,PKHeX.Core/Resources/text/other/ja/text_Moves_ja.txt,PKHeX.Core/Resources/text/other/ko/text_Moves_ko.txt,PKHeX.Core/Resources/text/other/en/text_Moves_en.txt
541,スイープビンタ,스위프뺨치기,Tail Slap,kwsch/PKHeX,8ad201e80244f630ab5a46922ab72fb79c5ad4f4,PKHeX.Core/Resources/text/other/ja/text_Moves_ja.txt,PKHeX.Core/Resources/text/other/ko/text_Moves_ko.txt,PKHeX.Core/Resources/text/other/en/text_Moves_en.txt
542,ぼうふう,폭풍,Hurricane,kwsch/PKHeX,8ad201e80244f630ab5a46922ab72fb79c5ad4f4,PKHeX.Core/Resources/text/other/ja/text_Moves_ja.txt,PKHeX.Core/Resources/text/other/ko/text_Moves_ko.txt,PKHeX.Core/Resources/text/other/en/text_Moves_en.txt
543,アフロブレイク,아프로브레이크,Head Charge,kwsch/PKHeX,8ad201e80244f630ab5a46922ab72fb79c5ad4f4,PKHeX.Core/Resources/text/other/ja/text_Moves_ja.txt,PKHeX.Core/Resources/text/other/ko/text_Moves_ko.txt,PKHeX.Core/Resources/text/other/en/text_Moves_en.txt
544,ギアソーサー,기어소서,Gear Grind,kwsch/PKHeX,8ad201e80244f630ab5a46922ab72fb79c5ad4f4,PKHeX.Core/Resources/text/other/ja/text_Moves_ja.txt,PKHeX.Core/Resources/text/other/ko/text_Moves_ko.txt,PKHeX.Core/Resources/text/other/en/text_Moves_en.txt
545,かえんだん,화염탄,Searing Shot,kwsch/PKHeX,8ad201e80244f630ab5a46922ab72fb79c5ad4f4,PKHeX.Core/Resources/text/other/ja/text_Moves_ja.txt,PKHeX.Core/Resources/text/other/ko/text_Moves_ko.txt,PKHeX.Core/Resources/text/other/en/text_Moves_en.txt
546,テクノバスター,테크노버스터,Techno Blast,kwsch/PKHeX,8ad201e80244f630ab5a46922ab72fb79c5ad4f4,PKHeX.Core/Resources/text/other/ja/text_Moves_ja.txt,PKHeX.Core/Resources/text/other/ko/text_Moves_ko.txt,PKHeX.Core/Resources/text/other/en/text_Moves_en.txt
547,いにしえのうた,옛노래,Relic Song,kwsch/PKHeX,8ad201e80244f630ab5a46922ab72fb79c5ad4f4,PKHeX.Core/Resources/text/other/ja/text_Moves_ja.txt,PKHeX.Core/Resources/text/other/ko/text_Moves_ko.txt,PKHeX.Core/Resources/text/other/en/text_Moves_en.txt
548,しんぴのつるぎ,신비의칼,Secret Sword,kwsch/PKHeX,8ad201e80244f630ab5a46922ab72fb79c5ad4f4,PKHeX.Core/Resources/text/other/ja/text_Moves_ja.txt,PKHeX.Core/Resources/text/other/ko/text_Moves_ko.txt,PKHeX.Core/Resources/text/other/en/text_Moves_en.txt
549,こごえるせかい,얼어붙은세계,Glaciate,kwsch/PKHeX,8ad201e80244f630ab5a46922ab72fb79c5ad4f4,PKHeX.Core/Resources/text/other/ja/text_Moves_ja.txt,PKHeX.Core/Resources/text/other/ko/text_Moves_ko.txt,PKHeX.Core/Resources/text/other/en/text_Moves_en.txt
550,らいげき,뇌격,Bolt Strike,kwsch/PKHeX,8ad201e80244f630ab5a46922ab72fb79c5ad4f4,PKHeX.Core/Resources/text/other/ja/text_Moves_ja.txt,PKHeX.Core/Resources/text/other/ko/text_Moves_ko.txt,PKHeX.Core/Resources/text/other/en/text_Moves_en.txt
551,あおいほのお,푸른불꽃,Blue Flare,kwsch/PKHeX,8ad201e80244f630ab5a46922ab72fb79c5ad4f4,PKHeX.Core/Resources/text/other/ja/text_Moves_ja.txt,PKHeX.Core/Resources/text/other/ko/text_Moves_ko.txt,PKHeX.Core/Resources/text/other/en/text_Moves_en.txt
552,ほのおのまい,불꽃춤,Fiery Dance,kwsch/PKHeX,8ad201e80244f630ab5a46922ab72fb79c5ad4f4,PKHeX.Core/Resources/text/other/ja/text_Moves_ja.txt,PKHeX.Core/Resources/text/other/ko/text_Moves_ko.txt,PKHeX.Core/Resources/text/other/en/text_Moves_en.txt
553,フリーズボルト,프리즈볼트,Freeze Shock,kwsch/PKHeX,8ad201e80244f630ab5a46922ab72fb79c5ad4f4,PKHeX.Core/Resources/text/other/ja/text_Moves_ja.txt,PKHeX.Core/Resources/text/other/ko/text_Moves_ko.txt,PKHeX.Core/Resources/text/other/en/text_Moves_en.txt
554,コールドフレア,콜드플레어,Ice Burn,kwsch/PKHeX,8ad201e80244f630ab5a46922ab72fb79c5ad4f4,PKHeX.Core/Resources/text/other/ja/text_Moves_ja.txt,PKHeX.Core/Resources/text/other/ko/text_Moves_ko.txt,PKHeX.Core/Resources/text/other/en/text_Moves_en.txt
555,バークアウト,바크아웃,Snarl,kwsch/PKHeX,8ad201e80244f630ab5a46922ab72fb79c5ad4f4,PKHeX.Core/Resources/text/other/ja/text_Moves_ja.txt,PKHeX.Core/Resources/text/other/ko/text_Moves_ko.txt,PKHeX.Core/Resources/text/other/en/text_Moves_en.txt
556,つららおとし,고드름떨구기,Icicle Crash,kwsch/PKHeX,8ad201e80244f630ab5a46922ab72fb79c5ad4f4,PKHeX.Core/Resources/text/other/ja/text_Moves_ja.txt,PKHeX.Core/Resources/text/other/ko/text_Moves_ko.txt,PKHeX.Core/Resources/text/other/en/text_Moves_en.txt
557,Ｖジェネレート,V제너레이트,V-create,kwsch/PKHeX,8ad201e80244f630ab5a46922ab72fb79c5ad4f4,PKHeX.Core/Resources/text/other/ja/text_Moves_ja.txt,PKHeX.Core/Resources/text/other/ko/text_Moves_ko.txt,PKHeX.Core/Resources/text/other/en/text_Moves_en.txt
558,クロスフレイム,크로스플레임,Fusion Flare,kwsch/PKHeX,8ad201e80244f630ab5a46922ab72fb79c5ad4f4,PKHeX.Core/Resources/text/other/ja/text_Moves_ja.txt,PKHeX.Core/Resources/text/other/ko/text_Moves_ko.txt,PKHeX.Core/Resources/text/other/en/text_Moves_en.txt
559,クロスサンダー,크로스썬더,Fusion Bolt,kwsch/PKHeX,8ad201e80244f630ab5a46922ab72fb79c5ad4f4,PKHeX.Core/Resources/text/other/ja/text_Moves_ja.txt,PKHeX.Core/Resources/text/other/ko/text_Moves_ko.txt,PKHeX.Core/Resources/text/other/en/text_Moves_en.txt
560,フライングプレス,플라잉프레스,Flying Press,kwsch/PKHeX,8ad201e80244f630ab5a46922ab72fb79c5ad4f4,PKHeX.Core/Resources/text/other/ja/text_Moves_ja.txt,PKHeX.Core/Resources/text/other/ko/text_Moves_ko.txt,PKHeX.Core/Resources/text/other/en/text_Moves_en.txt
561,たたみがえし,마룻바닥세워막기,Mat Block,kwsch/PKHeX,8ad201e80244f630ab5a46922ab72fb79c5ad4f4,PKHeX.Core/Resources/text/other/ja/text_Moves_ja.txt,PKHeX.Core/Resources/text/other/ko/text_Moves_ko.txt,PKHeX.Core/Resources/text/other/en/text_Moves_en.txt
562,ゲップ,트림,Belch,kwsch/PKHeX,8ad201e80244f630ab5a46922ab72fb79c5ad4f4,PKHeX.Core/Resources/text/other/ja/text_Moves_ja.txt,PKHeX.Core/Resources/text/other/ko/text_Moves_ko.txt,PKHeX.Core/Resources/text/other/en/text_Moves_en.txt
563,たがやす,일구기,Rototiller,kwsch/PKHeX,8ad201e80244f630ab5a46922ab72fb79c5ad4f4,PKHeX.Core/Resources/text/other/ja/text_Moves_ja.txt,PKHeX.Core/Resources/text/other/ko/text_Moves_ko.txt,PKHeX.Core/Resources/text/other/en/text_Moves_en.txt
564,ねばねばネット,끈적끈적네트,Sticky Web,kwsch/PKHeX,8ad201e80244f630ab5a46922ab72fb79c5ad4f4,PKHeX.Core/Resources/text/other/ja/text_Moves_ja.txt,PKHeX.Core/Resources/text/other/ko/text_Moves_ko.txt,PKHeX.Core/Resources/text/other/en/text_Moves_en.txt
565,とどめばり,마지막일침,Fell Stinger,kwsch/PKHeX,8ad201e80244f630ab5a46922ab72fb79c5ad4f4,PKHeX.Core/Resources/text/other/ja/text_Moves_ja.txt,PKHeX.Core/Resources/text/other/ko/text_Moves_ko.txt,PKHeX.Core/Resources/text/other/en/text_Moves_en.txt
566,ゴーストダイブ,고스트다이브,Phantom Force,kwsch/PKHeX,8ad201e80244f630ab5a46922ab72fb79c5ad4f4,PKHeX.Core/Resources/text/other/ja/text_Moves_ja.txt,PKHeX.Core/Resources/text/other/ko/text_Moves_ko.txt,PKHeX.Core/Resources/text/other/en/text_Moves_en.txt
567,ハロウィン,핼러윈,Trick-or-Treat,kwsch/PKHeX,8ad201e80244f630ab5a46922ab72fb79c5ad4f4,PKHeX.Core/Resources/text/other/ja/text_Moves_ja.txt,PKHeX.Core/Resources/text/other/ko/text_Moves_ko.txt,PKHeX.Core/Resources/text/other/en/text_Moves_en.txt
568,おたけび,부르짖기,Noble Roar,kwsch/PKHeX,8ad201e80244f630ab5a46922ab72fb79c5ad4f4,PKHeX.Core/Resources/text/other/ja/text_Moves_ja.txt,PKHeX.Core/Resources/text/other/ko/text_Moves_ko.txt,PKHeX.Core/Resources/text/other/en/text_Moves_en.txt
569,プラズマシャワー,플라스마샤워,Ion Deluge,kwsch/PKHeX,8ad201e80244f630ab5a46922ab72fb79c5ad4f4,PKHeX.Core/Resources/text/other/ja/text_Moves_ja.txt,PKHeX.Core/Resources/text/other/ko/text_Moves_ko.txt,PKHeX.Core/Resources/text/other/en/text_Moves_en.txt
570,パラボラチャージ,파라볼라차지,Parabolic Charge,kwsch/PKHeX,8ad201e80244f630ab5a46922ab72fb79c5ad4f4,PKHeX.Core/Resources/text/other/ja/text_Moves_ja.txt,PKHeX.Core/Resources/text/other/ko/text_Moves_ko.txt,PKHeX.Core/Resources/text/other/en/text_Moves_en.txt
571,もりののろい,숲의저주,Forest’s Curse,kwsch/PKHeX,8ad201e80244f630ab5a46922ab72fb79c5ad4f4,PKHeX.Core/Resources/text/other/ja/text_Moves_ja.txt,PKHeX.Core/Resources/text/other/ko/text_Moves_ko.txt,PKHeX.Core/Resources/text/other/en/text_Moves_en.txt
572,はなふぶき,꽃보라,Petal Blizzard,kwsch/PKHeX,8ad201e80244f630ab5a46922ab72fb79c5ad4f4,PKHeX.Core/Resources/text/other/ja/text_Moves_ja.txt,PKHeX.Core/Resources/text/other/ko/text_Moves_ko.txt,PKHeX.Core/Resources/text/other/en/text_Moves_en.txt
573,フリーズドライ,프리즈드라이,Freeze-Dry,kwsch/PKHeX,8ad201e80244f630ab5a46922ab72fb79c5ad4f4,PKHeX.Core/Resources/text/other/ja/text_Moves_ja.txt,PKHeX.Core/Resources/text/other/ko/text_Moves_ko.txt,PKHeX.Core/Resources/text/other/en/text_Moves_en.txt
574,チャームボイス,차밍보이스,Disarming Voice,kwsch/PKHeX,8ad201e80244f630ab5a46922ab72fb79c5ad4f4,PKHeX.Core/Resources/text/other/ja/text_Moves_ja.txt,PKHeX.Core/Resources/text/other/ko/text_Moves_ko.txt,PKHeX.Core/Resources/text/other/en/text_Moves_en.txt
575,すてゼリフ,막말내뱉기,Parting Shot,kwsch/PKHeX,8ad201e80244f630ab5a46922ab72fb79c5ad4f4,PKHeX.Core/Resources/text/other/ja/text_Moves_ja.txt,PKHeX.Core/Resources/text/other/ko/text_Moves_ko.txt,PKHeX.Core/Resources/text/other/en/text_Moves_en.txt
576,ひっくりかえす,뒤집어엎기,Topsy-Turvy,kwsch/PKHeX,8ad201e80244f630ab5a46922ab72fb79c5ad4f4,PKHeX.Core/Resources/text/other/ja/text_Moves_ja.txt,PKHeX.Core/Resources/text/other/ko/text_Moves_ko.txt,PKHeX.Core/Resources/text/other/en/text_Moves_en.txt
577,ドレインキッス,드레인키스,Draining Kiss,kwsch/PKHeX,8ad201e80244f630ab5a46922ab72fb79c5ad4f4,PKHeX.Core/Resources/text/other/ja/text_Moves_ja.txt,PKHeX.Core/Resources/text/other/ko/text_Moves_ko.txt,PKHeX.Core/Resources/text/other/en/text_Moves_en.txt
578,トリックガード,트릭가드,Crafty Shield,kwsch/PKHeX,8ad201e80244f630ab5a46922ab72fb79c5ad4f4,PKHeX.Core/Resources/text/other/ja/text_Moves_ja.txt,PKHeX.Core/Resources/text/other/ko/text_Moves_ko.txt,PKHeX.Core/Resources/text/other/en/text_Moves_en.txt
579,フラワーガード,플라워가드,Flower Shield,kwsch/PKHeX,8ad201e80244f630ab5a46922ab72fb79c5ad4f4,PKHeX.Core/Resources/text/other/ja/text_Moves_ja.txt,PKHeX.Core/Resources/text/other/ko/text_Moves_ko.txt,PKHeX.Core/Resources/text/other/en/text_Moves_en.txt
580,グラスフィールド,그래스필드,Grassy Terrain,kwsch/PKHeX,8ad201e80244f630ab5a46922ab72fb79c5ad4f4,PKHeX.Core/Resources/text/other/ja/text_Moves_ja.txt,PKHeX.Core/Resources/text/other/ko/text_Moves_ko.txt,PKHeX.Core/Resources/text/other/en/text_Moves_en.txt
581,ミストフィールド,미스트필드,Misty Terrain,kwsch/PKHeX,8ad201e80244f630ab5a46922ab72fb79c5ad4f4,PKHeX.Core/Resources/text/other/ja/text_Moves_ja.txt,PKHeX.Core/Resources/text/other/ko/text_Moves_ko.txt,PKHeX.Core/Resources/text/other/en/text_Moves_en.txt
582,そうでん,송전,Electrify,kwsch/PKHeX,8ad201e80244f630ab5a46922ab72fb79c5ad4f4,PKHeX.Core/Resources/text/other/ja/text_Moves_ja.txt,PKHeX.Core/Resources/text/other/ko/text_Moves_ko.txt,PKHeX.Core/Resources/text/other/en/text_Moves_en.txt
583,じゃれつく,치근거리기,Play Rough,kwsch/PKHeX,8ad201e80244f630ab5a46922ab72fb79c5ad4f4,PKHeX.Core/Resources/text/other/ja/text_Moves_ja.txt,PKHeX.Core/Resources/text/other/ko/text_Moves_ko.txt,PKHeX.Core/Resources/text/other/en/text_Moves_en.txt
584,ようせいのかぜ,요정의바람,Fairy Wind,kwsch/PKHeX,8ad201e80244f630ab5a46922ab72fb79c5ad4f4,PKHeX.Core/Resources/text/other/ja/text_Moves_ja.txt,PKHeX.Core/Resources/text/other/ko/text_Moves_ko.txt,PKHeX.Core/Resources/text/other/en/text_Moves_en.txt
585,ムーンフォース,문포스,Moonblast,kwsch/PKHeX,8ad201e80244f630ab5a46922ab72fb79c5ad4f4,PKHeX.Core/Resources/text/other/ja/text_Moves_ja.txt,PKHeX.Core/Resources/text/other/ko/text_Moves_ko.txt,PKHeX.Core/Resources/text/other/en/text_Moves_en.txt
586,ばくおんぱ,폭음파,Boomburst,kwsch/PKHeX,8ad201e80244f630ab5a46922ab72fb79c5ad4f4,PKHeX.Core/Resources/text/other/ja/text_Moves_ja.txt,PKHeX.Core/Resources/text/other/ko/text_Moves_ko.txt,PKHeX.Core/Resources/text/other/en/text_Moves_en.txt
587,フェアリーロック,페어리록,Fairy Lock,kwsch/PKHeX,8ad201e80244f630ab5a46922ab72fb79c5ad4f4,PKHeX.Core/Resources/text/other/ja/text_Moves_ja.txt,PKHeX.Core/Resources/text/other/ko/text_Moves_ko.txt,PKHeX.Core/Resources/text/other/en/text_Moves_en.txt
588,キングシールド,킹실드,King’s Shield,kwsch/PKHeX,8ad201e80244f630ab5a46922ab72fb79c5ad4f4,PKHeX.Core/Resources/text/other/ja/text_Moves_ja.txt,PKHeX.Core/Resources/text/other/ko/text_Moves_ko.txt,PKHeX.Core/Resources/text/other/en/text_Moves_en.txt
589,なかよくする,친해지기,Play Nice,kwsch/PKHeX,8ad201e80244f630ab5a46922ab72fb79c5ad4f4,PKHeX.Core/Resources/text/other/ja/text_Moves_ja.txt,PKHeX.Core/Resources/text/other/ko/text_Moves_ko.txt,PKHeX.Core/Resources/text/other/en/text_Moves_en.txt
590,ないしょばなし,비밀이야기,Confide,kwsch/PKHeX,8ad201e80244f630ab5a46922ab72fb79c5ad4f4,PKHeX.Core/Resources/text/other/ja/text_Moves_ja.txt,PKHeX.Core/Resources/text/other/ko/text_Moves_ko.txt,PKHeX.Core/Resources/text/other/en/text_Moves_en.txt
591,ダイヤストーム,다이아스톰,Diamond Storm,kwsch/PKHeX,8ad201e80244f630ab5a46922ab72fb79c5ad4f4,PKHeX.Core/Resources/text/other/ja/text_Moves_ja.txt,PKHeX.Core/Resources/text/other/ko/text_Moves_ko.txt,PKHeX.Core/Resources/text/other/en/text_Moves_en.txt
592,スチームバースト,스팀버스트,Steam Eruption,kwsch/PKHeX,8ad201e80244f630ab5a46922ab72fb79c5ad4f4,PKHeX.Core/Resources/text/other/ja/text_Moves_ja.txt,PKHeX.Core/Resources/text/other/ko/text_Moves_ko.txt,PKHeX.Core/Resources/text/other/en/text_Moves_en.txt
593,いじげんホール,이차원홀,Hyperspace Hole,kwsch/PKHeX,8ad201e80244f630ab5a46922ab72fb79c5ad4f4,PKHeX.Core/Resources/text/other/ja/text_Moves_ja.txt,PKHeX.Core/Resources/text/other/ko/text_Moves_ko.txt,PKHeX.Core/Resources/text/other/en/text_Moves_en.txt
594,みずしゅりけん,물수리검,Water Shuriken,kwsch/PKHeX,8ad201e80244f630ab5a46922ab72fb79c5ad4f4,PKHeX.Core/Resources/text/other/ja/text_Moves_ja.txt,PKHeX.Core/Resources/text/other/ko/text_Moves_ko.txt,PKHeX.Core/Resources/text/other/en/text_Moves_en.txt
595,マジカルフレイム,매지컬플레임,Mystical Fire,kwsch/PKHeX,8ad201e80244f630ab5a46922ab72fb79c5ad4f4,PKHeX.Core/Resources/text/other/ja/text_Moves_ja.txt,PKHeX.Core/Resources/text/other/ko/text_Moves_ko.txt,PKHeX.Core/Resources/text/other/en/text_Moves_en.txt
596,ニードルガード,니들가드,Spiky Shield,kwsch/PKHeX,8ad201e80244f630ab5a46922ab72fb79c5ad4f4,PKHeX.Core/Resources/text/other/ja/text_Moves_ja.txt,PKHeX.Core/Resources/text/other/ko/text_Moves_ko.txt,PKHeX.Core/Resources/text/other/en/text_Moves_en.txt
597,アロマミスト,아로마미스트,Aromatic Mist,kwsch/PKHeX,8ad201e80244f630ab5a46922ab72fb79c5ad4f4,PKHeX.Core/Resources/text/other/ja/text_Moves_ja.txt,PKHeX.Core/Resources/text/other/ko/text_Moves_ko.txt,PKHeX.Core/Resources/text/other/en/text_Moves_en.txt
598,かいでんぱ,괴전파,Eerie Impulse,kwsch/PKHeX,8ad201e80244f630ab5a46922ab72fb79c5ad4f4,PKHeX.Core/Resources/text/other/ja/text_Moves_ja.txt,PKHeX.Core/Resources/text/other/ko/text_Moves_ko.txt,PKHeX.Core/Resources/text/other/en/text_Moves_en.txt
599,ベノムトラップ,베놈트랩,Venom Drench,kwsch/PKHeX,8ad201e80244f630ab5a46922ab72fb79c5ad4f4,PKHeX.Core/Resources/text/other/ja/text_Moves_ja.txt,PKHeX.Core/Resources/text/other/ko/text_Moves_ko.txt,PKHeX.Core/Resources/text/other/en/text_Moves_en.txt
600,ふんじん,분진,Powder,kwsch/PKHeX,8ad201e80244f630ab5a46922ab72fb79c5ad4f4,PKHeX.Core/Resources/text/other/ja/text_Moves_ja.txt,PKHeX.Core/Resources/text/other/ko/text_Moves_ko.txt,PKHeX.Core/Resources/text/other/en/text_Moves_en.txt
601,ジオコントロール,지오컨트롤,Geomancy,kwsch/PKHeX,8ad201e80244f630ab5a46922ab72fb79c5ad4f4,PKHeX.Core/Resources/text/other/ja/text_Moves_ja.txt,PKHeX.Core/Resources/text/other/ko/text_Moves_ko.txt,PKHeX.Core/Resources/text/other/en/text_Moves_en.txt
602,じばそうさ,자기장조작,Magnetic Flux,kwsch/PKHeX,8ad201e80244f630ab5a46922ab72fb79c5ad4f4,PKHeX.Core/Resources/text/other/ja/text_Moves_ja.txt,PKHeX.Core/Resources/text/other/ko/text_Moves_ko.txt,PKHeX.Core/Resources/text/other/en/text_Moves_en.txt
603,ハッピータイム,해피타임,Happy Hour,kwsch/PKHeX,8ad201e80244f630ab5a46922ab72fb79c5ad4f4,PKHeX.Core/Resources/text/other/ja/text_Moves_ja.txt,PKHeX.Core/Resources/text/other/ko/text_Moves_ko.txt,PKHeX.Core/Resources/text/other/en/text_Moves_en.txt
604,エレキフィールド,일렉트릭필드,Electric Terrain,kwsch/PKHeX,8ad201e80244f630ab5a46922ab72fb79c5ad4f4,PKHeX.Core/Resources/text/other/ja/text_Moves_ja.txt,PKHeX.Core/Resources/text/other/ko/text_Moves_ko.txt,PKHeX.Core/Resources/text/other/en/text_Moves_en.txt
605,マジカルシャイン,매지컬샤인,Dazzling Gleam,kwsch/PKHeX,8ad201e80244f630ab5a46922ab72fb79c5ad4f4,PKHeX.Core/Resources/text/other/ja/text_Moves_ja.txt,PKHeX.Core/Resources/text/other/ko/text_Moves_ko.txt,PKHeX.Core/Resources/text/other/en/text_Moves_en.txt
606,おいわい,축하,Celebrate,kwsch/PKHeX,8ad201e80244f630ab5a46922ab72fb79c5ad4f4,PKHeX.Core/Resources/text/other/ja/text_Moves_ja.txt,PKHeX.Core/Resources/text/other/ko/text_Moves_ko.txt,PKHeX.Core/Resources/text/other/en/text_Moves_en.txt
607,てをつなぐ,손에손잡기,Hold Hands,kwsch/PKHeX,8ad201e80244f630ab5a46922ab72fb79c5ad4f4,PKHeX.Core/Resources/text/other/ja/text_Moves_ja.txt,PKHeX.Core/Resources/text/other/ko/text_Moves_ko.txt,PKHeX.Core/Resources/text/other/en/text_Moves_en.txt
608,つぶらなひとみ,초롱초롱눈동자,Baby-Doll Eyes,kwsch/PKHeX,8ad201e80244f630ab5a46922ab72fb79c5ad4f4,PKHeX.Core/Resources/text/other/ja/text_Moves_ja.txt,PKHeX.Core/Resources/text/other/ko/text_Moves_ko.txt,PKHeX.Core/Resources/text/other/en/text_Moves_en.txt
609,ほっぺすりすり,볼부비부비,Nuzzle,kwsch/PKHeX,8ad201e80244f630ab5a46922ab72fb79c5ad4f4,PKHeX.Core/Resources/text/other/ja/text_Moves_ja.txt,PKHeX.Core/Resources/text/other/ko/text_Moves_ko.txt,PKHeX.Core/Resources/text/other/en/text_Moves_en.txt
610,てかげん,적당히손봐주기,Hold Back,kwsch/PKHeX,8ad201e80244f630ab5a46922ab72fb79c5ad4f4,PKHeX.Core/Resources/text/other/ja/text_Moves_ja.txt,PKHeX.Core/Resources/text/other/ko/text_Moves_ko.txt,PKHeX.Core/Resources/text/other/en/text_Moves_en.txt
611,まとわりつく,엉겨붙기,Infestation,kwsch/PKHeX,8ad201e80244f630ab5a46922ab72fb79c5ad4f4,PKHeX.Core/Resources/text/other/ja/text_Moves_ja.txt,PKHeX.Core/Resources/text/other/ko/text_Moves_ko.txt,PKHeX.Core/Resources/text/other/en/text_Moves_en.txt
612,グロウパンチ,그로우펀치,Power-Up Punch,kwsch/PKHeX,8ad201e80244f630ab5a46922ab72fb79c5ad4f4,PKHeX.Core/Resources/text/other/ja/text_Moves_ja.txt,PKHeX.Core/Resources/text/other/ko/text_Moves_ko.txt,PKHeX.Core/Resources/text/other/en/text_Moves_en.txt
613,デスウイング,데스윙,Oblivion Wing,kwsch/PKHeX,8ad201e80244f630ab5a46922ab72fb79c5ad4f4,PKHeX.Core/Resources/text/other/ja/text_Moves_ja.txt,PKHeX.Core/Resources/text/other/ko/text_Moves_ko.txt,PKHeX.Core/Resources/text/other/en/text_Moves_en.txt
614,サウザンアロー,사우전드애로,Thousand Arrows,kwsch/PKHeX,8ad201e80244f630ab5a46922ab72fb79c5ad4f4,PKHeX.Core/Resources/text/other/ja/text_Moves_ja.txt,PKHeX.Core/Resources/text/other/ko/text_Moves_ko.txt,PKHeX.Core/Resources/text/other/en/text_Moves_en.txt
615,サウザンウェーブ,사우전드웨이브,Thousand Waves,kwsch/PKHeX,8ad201e80244f630ab5a46922ab72fb79c5ad4f4,PKHeX.Core/Resources/text/other/ja/text_Moves_ja.txt,PKHeX.Core/Resources/text/other/ko/text_Moves_ko.txt,PKHeX.Core/Resources/text/other/en/text_Moves_en.txt
616,グランドフォース,그라운드포스,Land’s Wrath,kwsch/PKHeX,8ad201e80244f630ab5a46922ab72fb79c5ad4f4,PKHeX.Core/Resources/text/other/ja/text_Moves_ja.txt,PKHeX.Core/Resources/text/other/ko/text_Moves_ko.txt,PKHeX.Core/Resources/text/other/en/text_Moves_en.txt
617,はめつのひかり,파멸의빛,Light of Ruin,kwsch/PKHeX,8ad201e80244f630ab5a46922ab72fb79c5ad4f4,PKHeX.Core/Resources/text/other/ja/text_Moves_ja.txt,PKHeX.Core/Resources/text/other/ko/text_Moves_ko.txt,PKHeX.Core/Resources/text/other/en/text_Moves_en.txt
618,こんげんのはどう,근원의파동,Origin Pulse,kwsch/PKHeX,8ad201e80244f630ab5a46922ab72fb79c5ad4f4,PKHeX.Core/Resources/text/other/ja/text_Moves_ja.txt,PKHeX.Core/Resources/text/other/ko/text_Moves_ko.txt,PKHeX.Core/Resources/text/other/en/text_Moves_en.txt
619,だんがいのつるぎ,단애의칼,Precipice Blades,kwsch/PKHeX,8ad201e80244f630ab5a46922ab72fb79c5ad4f4,PKHeX.Core/Resources/text/other/ja/text_Moves_ja.txt,PKHeX.Core/Resources/text/other/ko/text_Moves_ko.txt,PKHeX.Core/Resources/text/other/en/text_Moves_en.txt
620,ガリョウテンセイ,화룡점정,Dragon Ascent,kwsch/PKHeX,8ad201e80244f630ab5a46922ab72fb79c5ad4f4,PKHeX.Core/Resources/text/other/ja/text_Moves_ja.txt,PKHeX.Core/Resources/text/other/ko/text_Moves_ko.txt,PKHeX.Core/Resources/text/other/en/text_Moves_en.txt
621,いじげんラッシュ,이차원러시,Hyperspace Fury,kwsch/PKHeX,8ad201e80244f630ab5a46922ab72fb79c5ad4f4,PKHeX.Core/Resources/text/other/ja/text_Moves_ja.txt,PKHeX.Core/Resources/text/other/ko/text_Moves_ko.txt,PKHeX.Core/Resources/text/other/en/text_Moves_en.txt
622,ウルトラダッシュアタック,울트라대시어택,Breakneck Blitz,kwsch/PKHeX,8ad201e80244f630ab5a46922ab72fb79c5ad4f4,PKHeX.Core/Resources/text/other/ja/text_Moves_ja.txt,PKHeX.Core/Resources/text/other/ko/text_Moves_ko.txt,PKHeX.Core/Resources/text/other/en/text_Moves_en.txt
623,ウルトラダッシュアタック,울트라대시어택,Breakneck Blitz,kwsch/PKHeX,8ad201e80244f630ab5a46922ab72fb79c5ad4f4,PKHeX.Core/Resources/text/other/ja/text_Moves_ja.txt,PKHeX.Core/Resources/text/other/ko/text_Moves_ko.txt,PKHeX.Core/Resources/text/other/en/text_Moves_en.txt
624,ぜんりょくむそうげきれつけん,전력무쌍격렬권,All-Out Pummeling,kwsch/PKHeX,8ad201e80244f630ab5a46922ab72fb79c5ad4f4,PKHeX.Core/Resources/text/other/ja/text_Moves_ja.txt,PKHeX.Core/Resources/text/other/ko/text_Moves_ko.txt,PKHeX.Core/Resources/text/other/en/text_Moves_en.txt
625,ぜんりょくむそうげきれつけん,전력무쌍격렬권,All-Out Pummeling,kwsch/PKHeX,8ad201e80244f630ab5a46922ab72fb79c5ad4f4,PKHeX.Core/Resources/text/other/ja/text_Moves_ja.txt,PKHeX.Core/Resources/text/other/ko/text_Moves_ko.txt,PKHeX.Core/Resources/text/other/en/text_Moves_en.txt
626,ファイナルダイブクラッシュ,파이널다이브클래시,Supersonic Skystrike,kwsch/PKHeX,8ad201e80244f630ab5a46922ab72fb79c5ad4f4,PKHeX.Core/Resources/text/other/ja/text_Moves_ja.txt,PKHeX.Core/Resources/text/other/ko/text_Moves_ko.txt,PKHeX.Core/Resources/text/other/en/text_Moves_en.txt
627,ファイナルダイブクラッシュ,파이널다이브클래시,Supersonic Skystrike,kwsch/PKHeX,8ad201e80244f630ab5a46922ab72fb79c5ad4f4,PKHeX.Core/Resources/text/other/ja/text_Moves_ja.txt,PKHeX.Core/Resources/text/other/ko/text_Moves_ko.txt,PKHeX.Core/Resources/text/other/en/text_Moves_en.txt
628,アシッドポイズンデリート,애시드포이즌딜리트,Acid Downpour,kwsch/PKHeX,8ad201e80244f630ab5a46922ab72fb79c5ad4f4,PKHeX.Core/Resources/text/other/ja/text_Moves_ja.txt,PKHeX.Core/Resources/text/other/ko/text_Moves_ko.txt,PKHeX.Core/Resources/text/other/en/text_Moves_en.txt
629,アシッドポイズンデリート,애시드포이즌딜리트,Acid Downpour,kwsch/PKHeX,8ad201e80244f630ab5a46922ab72fb79c5ad4f4,PKHeX.Core/Resources/text/other/ja/text_Moves_ja.txt,PKHeX.Core/Resources/text/other/ko/text_Moves_ko.txt,PKHeX.Core/Resources/text/other/en/text_Moves_en.txt
630,ライジングランドオーバー,라이징랜드오버,Tectonic Rage,kwsch/PKHeX,8ad201e80244f630ab5a46922ab72fb79c5ad4f4,PKHeX.Core/Resources/text/other/ja/text_Moves_ja.txt,PKHeX.Core/Resources/text/other/ko/text_Moves_ko.txt,PKHeX.Core/Resources/text/other/en/text_Moves_en.txt
631,ライジングランドオーバー,라이징랜드오버,Tectonic Rage,kwsch/PKHeX,8ad201e80244f630ab5a46922ab72fb79c5ad4f4,PKHeX.Core/Resources/text/other/ja/text_Moves_ja.txt,PKHeX.Core/Resources/text/other/ko/text_Moves_ko.txt,PKHeX.Core/Resources/text/other/en/text_Moves_en.txt
632,ワールズエンドフォール,월즈엔드폴,Continental Crush,kwsch/PKHeX,8ad201e80244f630ab5a46922ab72fb79c5ad4f4,PKHeX.Core/Resources/text/other/ja/text_Moves_ja.txt,PKHeX.Core/Resources/text/other/ko/text_Moves_ko.txt,PKHeX.Core/Resources/text/other/en/text_Moves_en.txt
633,ワールズエンドフォール,월즈엔드폴,Continental Crush,kwsch/PKHeX,8ad201e80244f630ab5a46922ab72fb79c5ad4f4,PKHeX.Core/Resources/text/other/ja/text_Moves_ja.txt,PKHeX.Core/Resources/text/other/ko/text_Moves_ko.txt,PKHeX.Core/Resources/text/other/en/text_Moves_en.txt
634,ぜったいほしょくかいてんざん,절대포식회전참,Savage Spin-Out,kwsch/PKHeX,8ad201e80244f630ab5a46922ab72fb79c5ad4f4,PKHeX.Core/Resources/text/other/ja/text_Moves_ja.txt,PKHeX.Core/Resources/text/other/ko/text_Moves_ko.txt,PKHeX.Core/Resources/text/other/en/text_Moves_en.txt
635,ぜったいほしょくかいてんざん,절대포식회전참,Savage Spin-Out,kwsch/PKHeX,8ad201e80244f630ab5a46922ab72fb79c5ad4f4,PKHeX.Core/Resources/text/other/ja/text_Moves_ja.txt,PKHeX.Core/Resources/text/other/ko/text_Moves_ko.txt,PKHeX.Core/Resources/text/other/en/text_Moves_en.txt
636,むげんあんやへのいざない,무한암야로의유인,Never-Ending Nightmare,kwsch/PKHeX,8ad201e80244f630ab5a46922ab72fb79c5ad4f4,PKHeX.Core/Resources/text/other/ja/text_Moves_ja.txt,PKHeX.Core/Resources/text/other/ko/text_Moves_ko.txt,PKHeX.Core/Resources/text/other/en/text_Moves_en.txt
637,むげんあんやへのいざない,무한암야로의유인,Never-Ending Nightmare,kwsch/PKHeX,8ad201e80244f630ab5a46922ab72fb79c5ad4f4,PKHeX.Core/Resources/text/other/ja/text_Moves_ja.txt,PKHeX.Core/Resources/text/other/ko/text_Moves_ko.txt,PKHeX.Core/Resources/text/other/en/text_Moves_en.txt
638,ちょうぜつらせんれんげき,초월나선연격,Corkscrew Crash,kwsch/PKHeX,8ad201e80244f630ab5a46922ab72fb79c5ad4f4,PKHeX.Core/Resources/text/other/ja/text_Moves_ja.txt,PKHeX.Core/Resources/text/other/ko/text_Moves_ko.txt,PKHeX.Core/Resources/text/other/en/text_Moves_en.txt
639,ちょうぜつらせんれんげき,초월나선연격,Corkscrew Crash,kwsch/PKHeX,8ad201e80244f630ab5a46922ab72fb79c5ad4f4,PKHeX.Core/Resources/text/other/ja/text_Moves_ja.txt,PKHeX.Core/Resources/text/other/ko/text_Moves_ko.txt,PKHeX.Core/Resources/text/other/en/text_Moves_en.txt
640,ダイナミックフルフレイム,다이내믹풀플레임,Inferno Overdrive,kwsch/PKHeX,8ad201e80244f630ab5a46922ab72fb79c5ad4f4,PKHeX.Core/Resources/text/other/ja/text_Moves_ja.txt,PKHeX.Core/Resources/text/other/ko/text_Moves_ko.txt,PKHeX.Core/Resources/text/other/en/text_Moves_en.txt
641,ダイナミックフルフレイム,다이내믹풀플레임,Inferno Overdrive,kwsch/PKHeX,8ad201e80244f630ab5a46922ab72fb79c5ad4f4,PKHeX.Core/Resources/text/other/ja/text_Moves_ja.txt,PKHeX.Core/Resources/text/other/ko/text_Moves_ko.txt,PKHeX.Core/Resources/text/other/en/text_Moves_en.txt
642,スーパーアクアトルネード,슈퍼아쿠아토네이도,Hydro Vortex,kwsch/PKHeX,8ad201e80244f630ab5a46922ab72fb79c5ad4f4,PKHeX.Core/Resources/text/other/ja/text_Moves_ja.txt,PKHeX.Core/Resources/text/other/ko/text_Moves_ko.txt,PKHeX.Core/Resources/text/other/en/text_Moves_en.txt
643,スーパーアクアトルネード,슈퍼아쿠아토네이도,Hydro Vortex,kwsch/PKHeX,8ad201e80244f630ab5a46922ab72fb79c5ad4f4,PKHeX.Core/Resources/text/other/ja/text_Moves_ja.txt,PKHeX.Core/Resources/text/other/ko/text_Moves_ko.txt,PKHeX.Core/Resources/text/other/en/text_Moves_en.txt
644,ブルームシャインエクストラ,블룸샤인엑스트라,Bloom Doom,kwsch/PKHeX,8ad201e80244f630ab5a46922ab72fb79c5ad4f4,PKHeX.Core/Resources/text/other/ja/text_Moves_ja.txt,PKHeX.Core/Resources/text/other/ko/text_Moves_ko.txt,PKHeX.Core/Resources/text/other/en/text_Moves_en.txt
645,ブルームシャインエクストラ,블룸샤인엑스트라,Bloom Doom,kwsch/PKHeX,8ad201e80244f630ab5a46922ab72fb79c5ad4f4,PKHeX.Core/Resources/text/other/ja/text_Moves_ja.txt,PKHeX.Core/Resources/text/other/ko/text_Moves_ko.txt,PKHeX.Core/Resources/text/other/en/text_Moves_en.txt
646,スパーキングギガボルト,스파킹기가볼트,Gigavolt Havoc,kwsch/PKHeX,8ad201e80244f630ab5a46922ab72fb79c5ad4f4,PKHeX.Core/Resources/text/other/ja/text_Moves_ja.txt,PKHeX.Core/Resources/text/other/ko/text_Moves_ko.txt,PKHeX.Core/Resources/text/other/en/text_Moves_en.txt
647,スパーキングギガボルト,스파킹기가볼트,Gigavolt Havoc,kwsch/PKHeX,8ad201e80244f630ab5a46922ab72fb79c5ad4f4,PKHeX.Core/Resources/text/other/ja/text_Moves_ja.txt,PKHeX.Core/Resources/text/other/ko/text_Moves_ko.txt,PKHeX.Core/Resources/text/other/en/text_Moves_en.txt
648,マキシマムサイブレイカー,맥시멈사이브레이커,Shattered Psyche,kwsch/PKHeX,8ad201e80244f630ab5a46922ab72fb79c5ad4f4,PKHeX.Core/Resources/text/other/ja/text_Moves_ja.txt,PKHeX.Core/Resources/text/other/ko/text_Moves_ko.txt,PKHeX.Core/Resources/text/other/en/text_Moves_en.txt
649,マキシマムサイブレイカー,맥시멈사이브레이커,Shattered Psyche,kwsch/PKHeX,8ad201e80244f630ab5a46922ab72fb79c5ad4f4,PKHeX.Core/Resources/text/other/ja/text_Moves_ja.txt,PKHeX.Core/Resources/text/other/ko/text_Moves_ko.txt,PKHeX.Core/Resources/text/other/en/text_Moves_en.txt
650,レイジングジオフリーズ,레이징지오프리즈,Subzero Slammer,kwsch/PKHeX,8ad201e80244f630ab5a46922ab72fb79c5ad4f4,PKHeX.Core/Resources/text/other/ja/text_Moves_ja.txt,PKHeX.Core/Resources/text/other/ko/text_Moves_ko.txt,PKHeX.Core/Resources/text/other/en/text_Moves_en.txt
651,レイジングジオフリーズ,레이징지오프리즈,Subzero Slammer,kwsch/PKHeX,8ad201e80244f630ab5a46922ab72fb79c5ad4f4,PKHeX.Core/Resources/text/other/ja/text_Moves_ja.txt,PKHeX.Core/Resources/text/other/ko/text_Moves_ko.txt,PKHeX.Core/Resources/text/other/en/text_Moves_en.txt
652,アルティメットドラゴンバーン,얼티메이트드래곤번,Devastating Drake,kwsch/PKHeX,8ad201e80244f630ab5a46922ab72fb79c5ad4f4,PKHeX.Core/Resources/text/other/ja/text_Moves_ja.txt,PKHeX.Core/Resources/text/other/ko/text_Moves_ko.txt,PKHeX.Core/Resources/text/other/en/text_Moves_en.txt
653,アルティメットドラゴンバーン,얼티메이트드래곤번,Devastating Drake,kwsch/PKHeX,8ad201e80244f630ab5a46922ab72fb79c5ad4f4,PKHeX.Core/Resources/text/other/ja/text_Moves_ja.txt,PKHeX.Core/Resources/text/other/ko/text_Moves_ko.txt,PKHeX.Core/Resources/text/other/en/text_Moves_en.txt
654,ブラックホールイクリプス,블랙홀이클립스,Black Hole Eclipse,kwsch/PKHeX,8ad201e80244f630ab5a46922ab72fb79c5ad4f4,PKHeX.Core/Resources/text/other/ja/text_Moves_ja.txt,PKHeX.Core/Resources/text/other/ko/text_Moves_ko.txt,PKHeX.Core/Resources/text/other/en/text_Moves_en.txt
655,ブラックホールイクリプス,블랙홀이클립스,Black Hole Eclipse,kwsch/PKHeX,8ad201e80244f630ab5a46922ab72fb79c5ad4f4,PKHeX.Core/Resources/text/other/ja/text_Moves_ja.txt,PKHeX.Core/Resources/text/other/ko/text_Moves_ko.txt,PKHeX.Core/Resources/text/other/en/text_Moves_en.txt
656,ラブリースターインパクト,러블리스타임팩트,Twinkle Tackle,kwsch/PKHeX,8ad201e80244f630ab5a46922ab72fb79c5ad4f4,PKHeX.Core/Resources/text/other/ja/text_Moves_ja.txt,PKHeX.Core/Resources/text/other/ko/text_Moves_ko.txt,PKHeX.Core/Resources/text/other/en/text_Moves_en.txt
657,ラブリースターインパクト,러블리스타임팩트,Twinkle Tackle,kwsch/PKHeX,8ad201e80244f630ab5a46922ab72fb79c5ad4f4,PKHeX.Core/Resources/text/other/ja/text_Moves_ja.txt,PKHeX.Core/Resources/text/other/ko/text_Moves_ko.txt,PKHeX.Core/Resources/text/other/en/text_Moves_en.txt
658,ひっさつのピカチュート,필살피카슛,Catastropika,kwsch/PKHeX,8ad201e80244f630ab5a46922ab72fb79c5ad4f4,PKHeX.Core/Resources/text/other/ja/text_Moves_ja.txt,PKHeX.Core/Resources/text/other/ko/text_Moves_ko.txt,PKHeX.Core/Resources/text/other/en/text_Moves_en.txt
659,すなあつめ,모래모으기,Shore Up,kwsch/PKHeX,8ad201e80244f630ab5a46922ab72fb79c5ad4f4,PKHeX.Core/Resources/text/other/ja/text_Moves_ja.txt,PKHeX.Core/Resources/text/other/ko/text_Moves_ko.txt,PKHeX.Core/Resources/text/other/en/text_Moves_en.txt
660,であいがしら,만나자마자,First Impression,kwsch/PKHeX,8ad201e80244f630ab5a46922ab72fb79c5ad4f4,PKHeX.Core/Resources/text/other/ja/text_Moves_ja.txt,PKHeX.Core/Resources/text/other/ko/text_Moves_ko.txt,PKHeX.Core/Resources/text/other/en/text_Moves_en.txt
661,トーチカ,토치카,Baneful Bunker,kwsch/PKHeX,8ad201e80244f630ab5a46922ab72fb79c5ad4f4,PKHeX.Core/Resources/text/other/ja/text_Moves_ja.txt,PKHeX.Core/Resources/text/other/ko/text_Moves_ko.txt,PKHeX.Core/Resources/text/other/en/text_Moves_en.txt
662,かげぬい,그림자꿰매기,Spirit Shackle,kwsch/PKHeX,8ad201e80244f630ab5a46922ab72fb79c5ad4f4,PKHeX.Core/Resources/text/other/ja/text_Moves_ja.txt,PKHeX.Core/Resources/text/other/ko/text_Moves_ko.txt,PKHeX.Core/Resources/text/other/en/text_Moves_en.txt
663,ＤＤラリアット,DD래리어트,Darkest Lariat,kwsch/PKHeX,8ad201e80244f630ab5a46922ab72fb79c5ad4f4,PKHeX.Core/Resources/text/other/ja/text_Moves_ja.txt,PKHeX.Core/Resources/text/other/ko/text_Moves_ko.txt,PKHeX.Core/Resources/text/other/en/text_Moves_en.txt
664,うたかたのアリア,물거품아리아,Sparkling Aria,kwsch/PKHeX,8ad201e80244f630ab5a46922ab72fb79c5ad4f4,PKHeX.Core/Resources/text/other/ja/text_Moves_ja.txt,PKHeX.Core/Resources/text/other/ko/text_Moves_ko.txt,PKHeX.Core/Resources/text/other/en/text_Moves_en.txt
665,アイスハンマー,아이스해머,Ice Hammer,kwsch/PKHeX,8ad201e80244f630ab5a46922ab72fb79c5ad4f4,PKHeX.Core/Resources/text/other/ja/text_Moves_ja.txt,PKHeX.Core/Resources/text/other/ko/text_Moves_ko.txt,PKHeX.Core/Resources/text/other/en/text_Moves_en.txt
666,フラワーヒール,플라워힐,Floral Healing,kwsch/PKHeX,8ad201e80244f630ab5a46922ab72fb79c5ad4f4,PKHeX.Core/Resources/text/other/ja/text_Moves_ja.txt,PKHeX.Core/Resources/text/other/ko/text_Moves_ko.txt,PKHeX.Core/Resources/text/other/en/text_Moves_en.txt
667,１０まんばりき,10만마력,High Horsepower,kwsch/PKHeX,8ad201e80244f630ab5a46922ab72fb79c5ad4f4,PKHeX.Core/Resources/text/other/ja/text_Moves_ja.txt,PKHeX.Core/Resources/text/other/ko/text_Moves_ko.txt,PKHeX.Core/Resources/text/other/en/text_Moves_en.txt
668,ちからをすいとる,힘흡수,Strength Sap,kwsch/PKHeX,8ad201e80244f630ab5a46922ab72fb79c5ad4f4,PKHeX.Core/Resources/text/other/ja/text_Moves_ja.txt,PKHeX.Core/Resources/text/other/ko/text_Moves_ko.txt,PKHeX.Core/Resources/text/other/en/text_Moves_en.txt
669,ソーラーブレード,솔라블레이드,Solar Blade,kwsch/PKHeX,8ad201e80244f630ab5a46922ab72fb79c5ad4f4,PKHeX.Core/Resources/text/other/ja/text_Moves_ja.txt,PKHeX.Core/Resources/text/other/ko/text_Moves_ko.txt,PKHeX.Core/Resources/text/other/en/text_Moves_en.txt
670,このは,나뭇잎,Leafage,kwsch/PKHeX,8ad201e80244f630ab5a46922ab72fb79c5ad4f4,PKHeX.Core/Resources/text/other/ja/text_Moves_ja.txt,PKHeX.Core/Resources/text/other/ko/text_Moves_ko.txt,PKHeX.Core/Resources/text/other/en/text_Moves_en.txt
671,スポットライト,스포트라이트,Spotlight,kwsch/PKHeX,8ad201e80244f630ab5a46922ab72fb79c5ad4f4,PKHeX.Core/Resources/text/other/ja/text_Moves_ja.txt,PKHeX.Core/Resources/text/other/ko/text_Moves_ko.txt,PKHeX.Core/Resources/text/other/en/text_Moves_en.txt
672,どくのいと,독실,Toxic Thread,kwsch/PKHeX,8ad201e80244f630ab5a46922ab72fb79c5ad4f4,PKHeX.Core/Resources/text/other/ja/text_Moves_ja.txt,PKHeX.Core/Resources/text/other/ko/text_Moves_ko.txt,PKHeX.Core/Resources/text/other/en/text_Moves_en.txt
673,とぎすます,예민해지기,Laser Focus,kwsch/PKHeX,8ad201e80244f630ab5a46922ab72fb79c5ad4f4,PKHeX.Core/Resources/text/other/ja/text_Moves_ja.txt,PKHeX.Core/Resources/text/other/ko/text_Moves_ko.txt,PKHeX.Core/Resources/text/other/en/text_Moves_en.txt
674,アシストギア,어시스트기어,Gear Up,kwsch/PKHeX,8ad201e80244f630ab5a46922ab72fb79c5ad4f4,PKHeX.Core/Resources/text/other/ja/text_Moves_ja.txt,PKHeX.Core/Resources/text/other/ko/text_Moves_ko.txt,PKHeX.Core/Resources/text/other/en/text_Moves_en.txt
675,じごくづき,지옥찌르기,Throat Chop,kwsch/PKHeX,8ad201e80244f630ab5a46922ab72fb79c5ad4f4,PKHeX.Core/Resources/text/other/ja/text_Moves_ja.txt,PKHeX.Core/Resources/text/other/ko/text_Moves_ko.txt,PKHeX.Core/Resources/text/other/en/text_Moves_en.txt
676,かふんだんご,꽃가루경단,Pollen Puff,kwsch/PKHeX,8ad201e80244f630ab5a46922ab72fb79c5ad4f4,PKHeX.Core/Resources/text/other/ja/text_Moves_ja.txt,PKHeX.Core/Resources/text/other/ko/text_Moves_ko.txt,PKHeX.Core/Resources/text/other/en/text_Moves_en.txt
677,アンカーショット,앵커샷,Anchor Shot,kwsch/PKHeX,8ad201e80244f630ab5a46922ab72fb79c5ad4f4,PKHeX.Core/Resources/text/other/ja/text_Moves_ja.txt,PKHeX.Core/Resources/text/other/ko/text_Moves_ko.txt,PKHeX.Core/Resources/text/other/en/text_Moves_en.txt
678,サイコフィールド,사이코필드,Psychic Terrain,kwsch/PKHeX,8ad201e80244f630ab5a46922ab72fb79c5ad4f4,PKHeX.Core/Resources/text/other/ja/text_Moves_ja.txt,PKHeX.Core/Resources/text/other/ko/text_Moves_ko.txt,PKHeX.Core/Resources/text/other/en/text_Moves_en.txt
679,とびかかる,덤벼들기,Lunge,kwsch/PKHeX,8ad201e80244f630ab5a46922ab72fb79c5ad4f4,PKHeX.Core/Resources/text/other/ja/text_Moves_ja.txt,PKHeX.Core/Resources/text/other/ko/text_Moves_ko.txt,PKHeX.Core/Resources/text/other/en/text_Moves_en.txt
680,ほのおのムチ,불꽃채찍,Fire Lash,kwsch/PKHeX,8ad201e80244f630ab5a46922ab72fb79c5ad4f4,PKHeX.Core/Resources/text/other/ja/text_Moves_ja.txt,PKHeX.Core/Resources/text/other/ko/text_Moves_ko.txt,PKHeX.Core/Resources/text/other/en/text_Moves_en.txt
681,つけあがる,기어오르기,Power Trip,kwsch/PKHeX,8ad201e80244f630ab5a46922ab72fb79c5ad4f4,PKHeX.Core/Resources/text/other/ja/text_Moves_ja.txt,PKHeX.Core/Resources/text/other/ko/text_Moves_ko.txt,PKHeX.Core/Resources/text/other/en/text_Moves_en.txt
682,もえつきる,불사르기,Burn Up,kwsch/PKHeX,8ad201e80244f630ab5a46922ab72fb79c5ad4f4,PKHeX.Core/Resources/text/other/ja/text_Moves_ja.txt,PKHeX.Core/Resources/text/other/ko/text_Moves_ko.txt,PKHeX.Core/Resources/text/other/en/text_Moves_en.txt
683,スピードスワップ,스피드스왑,Speed Swap,kwsch/PKHeX,8ad201e80244f630ab5a46922ab72fb79c5ad4f4,PKHeX.Core/Resources/text/other/ja/text_Moves_ja.txt,PKHeX.Core/Resources/text/other/ko/text_Moves_ko.txt,PKHeX.Core/Resources/text/other/en/text_Moves_en.txt
684,スマートホーン,스마트혼,Smart Strike,kwsch/PKHeX,8ad201e80244f630ab5a46922ab72fb79c5ad4f4,PKHeX.Core/Resources/text/other/ja/text_Moves_ja.txt,PKHeX.Core/Resources/text/other/ko/text_Moves_ko.txt,PKHeX.Core/Resources/text/other/en/text_Moves_en.txt
685,じょうか,정화,Purify,kwsch/PKHeX,8ad201e80244f630ab5a46922ab72fb79c5ad4f4,PKHeX.Core/Resources/text/other/ja/text_Moves_ja.txt,PKHeX.Core/Resources/text/other/ko/text_Moves_ko.txt,PKHeX.Core/Resources/text/other/en/text_Moves_en.txt
686,めざめるダンス,잠재댄스,Revelation Dance,kwsch/PKHeX,8ad201e80244f630ab5a46922ab72fb79c5ad4f4,PKHeX.Core/Resources/text/other/ja/text_Moves_ja.txt,PKHeX.Core/Resources/text/other/ko/text_Moves_ko.txt,PKHeX.Core/Resources/text/other/en/text_Moves_en.txt
687,コアパニッシャー,코어퍼니셔,Core Enforcer,kwsch/PKHeX,8ad201e80244f630ab5a46922ab72fb79c5ad4f4,PKHeX.Core/Resources/text/other/ja/text_Moves_ja.txt,PKHeX.Core/Resources/text/other/ko/text_Moves_ko.txt,PKHeX.Core/Resources/text/other/en/text_Moves_en.txt
688,トロピカルキック,트로피컬킥,Trop Kick,kwsch/PKHeX,8ad201e80244f630ab5a46922ab72fb79c5ad4f4,PKHeX.Core/Resources/text/other/ja/text_Moves_ja.txt,PKHeX.Core/Resources/text/other/ko/text_Moves_ko.txt,PKHeX.Core/Resources/text/other/en/text_Moves_en.txt
689,さいはい,지휘,Instruct,kwsch/PKHeX,8ad201e80244f630ab5a46922ab72fb79c5ad4f4,PKHeX.Core/Resources/text/other/ja/text_Moves_ja.txt,PKHeX.Core/Resources/text/other/ko/text_Moves_ko.txt,PKHeX.Core/Resources/text/other/en/text_Moves_en.txt
690,くちばしキャノン,부리캐논,Beak Blast,kwsch/PKHeX,8ad201e80244f630ab5a46922ab72fb79c5ad4f4,PKHeX.Core/Resources/text/other/ja/text_Moves_ja.txt,PKHeX.Core/Resources/text/other/ko/text_Moves_ko.txt,PKHeX.Core/Resources/text/other/en/text_Moves_en.txt
691,スケイルノイズ,스케일노이즈,Clanging Scales,kwsch/PKHeX,8ad201e80244f630ab5a46922ab72fb79c5ad4f4,PKHeX.Core/Resources/text/other/ja/text_Moves_ja.txt,PKHeX.Core/Resources/text/other/ko/text_Moves_ko.txt,PKHeX.Core/Resources/text/other/en/text_Moves_en.txt
692,ドラゴンハンマー,드래곤해머,Dragon Hammer,kwsch/PKHeX,8ad201e80244f630ab5a46922ab72fb79c5ad4f4,PKHeX.Core/Resources/text/other/ja/text_Moves_ja.txt,PKHeX.Core/Resources/text/other/ko/text_Moves_ko.txt,PKHeX.Core/Resources/text/other/en/text_Moves_en.txt
693,ぶんまわす,세차게휘두르기,Brutal Swing,kwsch/PKHeX,8ad201e80244f630ab5a46922ab72fb79c5ad4f4,PKHeX.Core/Resources/text/other/ja/text_Moves_ja.txt,PKHeX.Core/Resources/text/other/ko/text_Moves_ko.txt,PKHeX.Core/Resources/text/other/en/text_Moves_en.txt
694,オーロラベール,오로라베일,Aurora Veil,kwsch/PKHeX,8ad201e80244f630ab5a46922ab72fb79c5ad4f4,PKHeX.Core/Resources/text/other/ja/text_Moves_ja.txt,PKHeX.Core/Resources/text/other/ko/text_Moves_ko.txt,PKHeX.Core/Resources/text/other/en/text_Moves_en.txt
695,シャドーアローズストライク,섀도애로우즈스트라이크,Sinister Arrow Raid,kwsch/PKHeX,8ad201e80244f630ab5a46922ab72fb79c5ad4f4,PKHeX.Core/Resources/text/other/ja/text_Moves_ja.txt,PKHeX.Core/Resources/text/other/ko/text_Moves_ko.txt,PKHeX.Core/Resources/text/other/en/text_Moves_en.txt
696,ハイパーダーククラッシャー,하이퍼다크크러셔,Malicious Moonsault,kwsch/PKHeX,8ad201e80244f630ab5a46922ab72fb79c5ad4f4,PKHeX.Core/Resources/text/other/ja/text_Moves_ja.txt,PKHeX.Core/Resources/text/other/ko/text_Moves_ko.txt,PKHeX.Core/Resources/text/other/en/text_Moves_en.txt
697,わだつみのシンフォニア,바다의심포니,Oceanic Operetta,kwsch/PKHeX,8ad201e80244f630ab5a46922ab72fb79c5ad4f4,PKHeX.Core/Resources/text/other/ja/text_Moves_ja.txt,PKHeX.Core/Resources/text/other/ko/text_Moves_ko.txt,PKHeX.Core/Resources/text/other/en/text_Moves_en.txt
698,ガーディアン・デ・アローラ,알로라의수호자,Guardian of Alola,kwsch/PKHeX,8ad201e80244f630ab5a46922ab72fb79c5ad4f4,PKHeX.Core/Resources/text/other/ja/text_Moves_ja.txt,PKHeX.Core/Resources/text/other/ko/text_Moves_ko.txt,PKHeX.Core/Resources/text/other/en/text_Moves_en.txt
699,しちせいだっこんたい,칠성탈혼퇴,Soul-Stealing 7-Star Strike,kwsch/PKHeX,8ad201e80244f630ab5a46922ab72fb79c5ad4f4,PKHeX.Core/Resources/text/other/ja/text_Moves_ja.txt,PKHeX.Core/Resources/text/other/ko/text_Moves_ko.txt,PKHeX.Core/Resources/text/other/en/text_Moves_en.txt
700,ライトニングサーフライド,라이트닝서프라이드,Stoked Sparksurfer,kwsch/PKHeX,8ad201e80244f630ab5a46922ab72fb79c5ad4f4,PKHeX.Core/Resources/text/other/ja/text_Moves_ja.txt,PKHeX.Core/Resources/text/other/ko/text_Moves_ko.txt,PKHeX.Core/Resources/text/other/en/text_Moves_en.txt
701,ほんきをだす　こうげき,진심의공격,Pulverizing Pancake,kwsch/PKHeX,8ad201e80244f630ab5a46922ab72fb79c5ad4f4,PKHeX.Core/Resources/text/other/ja/text_Moves_ja.txt,PKHeX.Core/Resources/text/other/ko/text_Moves_ko.txt,PKHeX.Core/Resources/text/other/en/text_Moves_en.txt
702,ナインエボルブースト,나인이볼부스트,Extreme Evoboost,kwsch/PKHeX,8ad201e80244f630ab5a46922ab72fb79c5ad4f4,PKHeX.Core/Resources/text/other/ja/text_Moves_ja.txt,PKHeX.Core/Resources/text/other/ko/text_Moves_ko.txt,PKHeX.Core/Resources/text/other/en/text_Moves_en.txt
703,オリジンズスーパーノヴァ,오리진즈슈퍼노바,Genesis Supernova,kwsch/PKHeX,8ad201e80244f630ab5a46922ab72fb79c5ad4f4,PKHeX.Core/Resources/text/other/ja/text_Moves_ja.txt,PKHeX.Core/Resources/text/other/ko/text_Moves_ko.txt,PKHeX.Core/Resources/text/other/en/text_Moves_en.txt
704,トラップシェル,트랩셸,Shell Trap,kwsch/PKHeX,8ad201e80244f630ab5a46922ab72fb79c5ad4f4,PKHeX.Core/Resources/text/other/ja/text_Moves_ja.txt,PKHeX.Core/Resources/text/other/ko/text_Moves_ko.txt,PKHeX.Core/Resources/text/other/en/text_Moves_en.txt
705,フルールカノン,플뢰르캐논,Fleur Cannon,kwsch/PKHeX,8ad201e80244f630ab5a46922ab72fb79c5ad4f4,PKHeX.Core/Resources/text/other/ja/text_Moves_ja.txt,PKHeX.Core/Resources/text/other/ko/text_Moves_ko.txt,PKHeX.Core/Resources/text/other/en/text_Moves_en.txt
706,サイコファング,사이코팽,Psychic Fangs,kwsch/PKHeX,8ad201e80244f630ab5a46922ab72fb79c5ad4f4,PKHeX.Core/Resources/text/other/ja/text_Moves_ja.txt,PKHeX.Core/Resources/text/other/ko/text_Moves_ko.txt,PKHeX.Core/Resources/text/other/en/text_Moves_en.txt
707,じだんだ,분함의발구르기,Stomping Tantrum,kwsch/PKHeX,8ad201e80244f630ab5a46922ab72fb79c5ad4f4,PKHeX.Core/Resources/text/other/ja/text_Moves_ja.txt,PKHeX.Core/Resources/text/other/ko/text_Moves_ko.txt,PKHeX.Core/Resources/text/other/en/text_Moves_en.txt
708,シャドーボーン,섀도본,Shadow Bone,kwsch/PKHeX,8ad201e80244f630ab5a46922ab72fb79c5ad4f4,PKHeX.Core/Resources/text/other/ja/text_Moves_ja.txt,PKHeX.Core/Resources/text/other/ko/text_Moves_ko.txt,PKHeX.Core/Resources/text/other/en/text_Moves_en.txt
709,アクセルロック,액셀록,Accelerock,kwsch/PKHeX,8ad201e80244f630ab5a46922ab72fb79c5ad4f4,PKHeX.Core/Resources/text/other/ja/text_Moves_ja.txt,PKHeX.Core/Resources/text/other/ko/text_Moves_ko.txt,PKHeX.Core/Resources/text/other/en/text_Moves_en.txt
710,アクアブレイク,아쿠아브레이크,Liquidation,kwsch/PKHeX,8ad201e80244f630ab5a46922ab72fb79c5ad4f4,PKHeX.Core/Resources/text/other/ja/text_Moves_ja.txt,PKHeX.Core/Resources/text/other/ko/text_Moves_ko.txt,PKHeX.Core/Resources/text/other/en/text_Moves_en.txt
711,プリズムレーザー,프리즘레이저,Prismatic Laser,kwsch/PKHeX,8ad201e80244f630ab5a46922ab72fb79c5ad4f4,PKHeX.Core/Resources/text/other/ja/text_Moves_ja.txt,PKHeX.Core/Resources/text/other/ko/text_Moves_ko.txt,PKHeX.Core/Resources/text/other/en/text_Moves_en.txt
712,シャドースチール,섀도스틸,Spectral Thief,kwsch/PKHeX,8ad201e80244f630ab5a46922ab72fb79c5ad4f4,PKHeX.Core/Resources/text/other/ja/text_Moves_ja.txt,PKHeX.Core/Resources/text/other/ko/text_Moves_ko.txt,PKHeX.Core/Resources/text/other/en/text_Moves_en.txt
713,メテオドライブ,메테오드라이브,Sunsteel Strike,kwsch/PKHeX,8ad201e80244f630ab5a46922ab72fb79c5ad4f4,PKHeX.Core/Resources/text/other/ja/text_Moves_ja.txt,PKHeX.Core/Resources/text/other/ko/text_Moves_ko.txt,PKHeX.Core/Resources/text/other/en/text_Moves_en.txt
714,シャドーレイ,섀도레이,Moongeist Beam,kwsch/PKHeX,8ad201e80244f630ab5a46922ab72fb79c5ad4f4,PKHeX.Core/Resources/text/other/ja/text_Moves_ja.txt,PKHeX.Core/Resources/text/other/ko/text_Moves_ko.txt,PKHeX.Core/Resources/text/other/en/text_Moves_en.txt
715,なみだめ,눈물그렁그렁,Tearful Look,kwsch/PKHeX,8ad201e80244f630ab5a46922ab72fb79c5ad4f4,PKHeX.Core/Resources/text/other/ja/text_Moves_ja.txt,PKHeX.Core/Resources/text/other/ko/text_Moves_ko.txt,PKHeX.Core/Resources/text/other/en/text_Moves_en.txt
716,びりびりちくちく,찌리리따끔따끔,Zing Zap,kwsch/PKHeX,8ad201e80244f630ab5a46922ab72fb79c5ad4f4,PKHeX.Core/Resources/text/other/ja/text_Moves_ja.txt,PKHeX.Core/Resources/text/other/ko/text_Moves_ko.txt,PKHeX.Core/Resources/text/other/en/text_Moves_en.txt
717,しぜんのいかり,자연의분노,Nature’s Madness,kwsch/PKHeX,8ad201e80244f630ab5a46922ab72fb79c5ad4f4,PKHeX.Core/Resources/text/other/ja/text_Moves_ja.txt,PKHeX.Core/Resources/text/other/ko/text_Moves_ko.txt,PKHeX.Core/Resources/text/other/en/text_Moves_en.txt
718,マルチアタック,멀티어택,Multi-Attack,kwsch/PKHeX,8ad201e80244f630ab5a46922ab72fb79c5ad4f4,PKHeX.Core/Resources/text/other/ja/text_Moves_ja.txt,PKHeX.Core/Resources/text/other/ko/text_Moves_ko.txt,PKHeX.Core/Resources/text/other/en/text_Moves_en.txt
719,１０００まんボルト,1000만볼트,"10,000,000 Volt Thunderbolt",kwsch/PKHeX,8ad201e80244f630ab5a46922ab72fb79c5ad4f4,PKHeX.Core/Resources/text/other/ja/text_Moves_ja.txt,PKHeX.Core/Resources/text/other/ko/text_Moves_ko.txt,PKHeX.Core/Resources/text/other/en/text_Moves_en.txt
720,ビックリヘッド,깜짝헤드,Mind Blown,kwsch/PKHeX,8ad201e80244f630ab5a46922ab72fb79c5ad4f4,PKHeX.Core/Resources/text/other/ja/text_Moves_ja.txt,PKHeX.Core/Resources/text/other/ko/text_Moves_ko.txt,PKHeX.Core/Resources/text/other/en/text_Moves_en.txt
721,プラズマフィスト,플라스마피스트,Plasma Fists,kwsch/PKHeX,8ad201e80244f630ab5a46922ab72fb79c5ad4f4,PKHeX.Core/Resources/text/other/ja/text_Moves_ja.txt,PKHeX.Core/Resources/text/other/ko/text_Moves_ko.txt,PKHeX.Core/Resources/text/other/en/text_Moves_en.txt
722,フォトンゲイザー,포톤가이저,Photon Geyser,kwsch/PKHeX,8ad201e80244f630ab5a46922ab72fb79c5ad4f4,PKHeX.Core/Resources/text/other/ja/text_Moves_ja.txt,PKHeX.Core/Resources/text/other/ko/text_Moves_ko.txt,PKHeX.Core/Resources/text/other/en/text_Moves_en.txt
723,てんこがすめつぼうのひかり,하늘을태우는멸망의빛,Light That Burns the Sky,kwsch/PKHeX,8ad201e80244f630ab5a46922ab72fb79c5ad4f4,PKHeX.Core/Resources/text/other/ja/text_Moves_ja.txt,PKHeX.Core/Resources/text/other/ko/text_Moves_ko.txt,PKHeX.Core/Resources/text/other/en/text_Moves_en.txt
724,サンシャインスマッシャー,선샤인스매셔,Searing Sunraze Smash,kwsch/PKHeX,8ad201e80244f630ab5a46922ab72fb79c5ad4f4,PKHeX.Core/Resources/text/other/ja/text_Moves_ja.txt,PKHeX.Core/Resources/text/other/ko/text_Moves_ko.txt,PKHeX.Core/Resources/text/other/en/text_Moves_en.txt
725,ムーンライトブラスター,문라이트블래스터,Menacing Moonraze Maelstrom,kwsch/PKHeX,8ad201e80244f630ab5a46922ab72fb79c5ad4f4,PKHeX.Core/Resources/text/other/ja/text_Moves_ja.txt,PKHeX.Core/Resources/text/other/ko/text_Moves_ko.txt,PKHeX.Core/Resources/text/other/en/text_Moves_en.txt
726,ぽかぼかフレンドタイム,투닥투닥프렌드타임,Let’s Snuggle Forever,kwsch/PKHeX,8ad201e80244f630ab5a46922ab72fb79c5ad4f4,PKHeX.Core/Resources/text/other/ja/text_Moves_ja.txt,PKHeX.Core/Resources/text/other/ko/text_Moves_ko.txt,PKHeX.Core/Resources/text/other/en/text_Moves_en.txt
727,ラジアルエッジストーム,레이디얼에지스톰,Splintered Stormshards,kwsch/PKHeX,8ad201e80244f630ab5a46922ab72fb79c5ad4f4,PKHeX.Core/Resources/text/other/ja/text_Moves_ja.txt,PKHeX.Core/Resources/text/other/ko/text_Moves_ko.txt,PKHeX.Core/Resources/text/other/en/text_Moves_en.txt
728,ブレイジングソウルビート,브레이징소울비트,Clangorous Soulblaze,kwsch/PKHeX,8ad201e80244f630ab5a46922ab72fb79c5ad4f4,PKHeX.Core/Resources/text/other/ja/text_Moves_ja.txt,PKHeX.Core/Resources/text/other/ko/text_Moves_ko.txt,PKHeX.Core/Resources/text/other/en/text_Moves_en.txt
729,ばちばちアクセル,파찌파찌액셀,Zippy Zap,kwsch/PKHeX,8ad201e80244f630ab5a46922ab72fb79c5ad4f4,PKHeX.Core/Resources/text/other/ja/text_Moves_ja.txt,PKHeX.Core/Resources/text/other/ko/text_Moves_ko.txt,PKHeX.Core/Resources/text/other/en/text_Moves_en.txt
730,ざぶざぶサーフ,참방참방서핑,Splishy Splash,kwsch/PKHeX,8ad201e80244f630ab5a46922ab72fb79c5ad4f4,PKHeX.Core/Resources/text/other/ja/text_Moves_ja.txt,PKHeX.Core/Resources/text/other/ko/text_Moves_ko.txt,PKHeX.Core/Resources/text/other/en/text_Moves_en.txt
731,ふわふわフォール,둥실둥실폴,Floaty Fall,kwsch/PKHeX,8ad201e80244f630ab5a46922ab72fb79c5ad4f4,PKHeX.Core/Resources/text/other/ja/text_Moves_ja.txt,PKHeX.Core/Resources/text/other/ko/text_Moves_ko.txt,PKHeX.Core/Resources/text/other/en/text_Moves_en.txt
732,ピカピカサンダー,피카피카썬더,Pika Papow,kwsch/PKHeX,8ad201e80244f630ab5a46922ab72fb79c5ad4f4,PKHeX.Core/Resources/text/other/ja/text_Moves_ja.txt,PKHeX.Core/Resources/text/other/ko/text_Moves_ko.txt,PKHeX.Core/Resources/text/other/en/text_Moves_en.txt
733,いきいきバブル,생생버블,Bouncy Bubble,kwsch/PKHeX,8ad201e80244f630ab5a46922ab72fb79c5ad4f4,PKHeX.Core/Resources/text/other/ja/text_Moves_ja.txt,PKHeX.Core/Resources/text/other/ko/text_Moves_ko.txt,PKHeX.Core/Resources/text/other/en/text_Moves_en.txt
734,びりびりエレキ,찌릿찌릿일렉,Buzzy Buzz,kwsch/PKHeX,8ad201e80244f630ab5a46922ab72fb79c5ad4f4,PKHeX.Core/Resources/text/other/ja/text_Moves_ja.txt,PKHeX.Core/Resources/text/other/ko/text_Moves_ko.txt,PKHeX.Core/Resources/text/other/en/text_Moves_en.txt
735,めらめらバーン,이글이글번,Sizzly Slide,kwsch/PKHeX,8ad201e80244f630ab5a46922ab72fb79c5ad4f4,PKHeX.Core/Resources/text/other/ja/text_Moves_ja.txt,PKHeX.Core/Resources/text/other/ko/text_Moves_ko.txt,PKHeX.Core/Resources/text/other/en/text_Moves_en.txt
736,どばどばオーラ,콸콸오라,Glitzy Glow,kwsch/PKHeX,8ad201e80244f630ab5a46922ab72fb79c5ad4f4,PKHeX.Core/Resources/text/other/ja/text_Moves_ja.txt,PKHeX.Core/Resources/text/other/ko/text_Moves_ko.txt,PKHeX.Core/Resources/text/other/en/text_Moves_en.txt
737,わるわるゾーン,아그아그존,Baddy Bad,kwsch/PKHeX,8ad201e80244f630ab5a46922ab72fb79c5ad4f4,PKHeX.Core/Resources/text/other/ja/text_Moves_ja.txt,PKHeX.Core/Resources/text/other/ko/text_Moves_ko.txt,PKHeX.Core/Resources/text/other/en/text_Moves_en.txt
738,すくすくボンバー,쑥쑥봄버,Sappy Seed,kwsch/PKHeX,8ad201e80244f630ab5a46922ab72fb79c5ad4f4,PKHeX.Core/Resources/text/other/ja/text_Moves_ja.txt,PKHeX.Core/Resources/text/other/ko/text_Moves_ko.txt,PKHeX.Core/Resources/text/other/en/text_Moves_en.txt
739,こちこちフロスト,꽁꽁프로스트,Freezy Frost,kwsch/PKHeX,8ad201e80244f630ab5a46922ab72fb79c5ad4f4,PKHeX.Core/Resources/text/other/ja/text_Moves_ja.txt,PKHeX.Core/Resources/text/other/ko/text_Moves_ko.txt,PKHeX.Core/Resources/text/other/en/text_Moves_en.txt
740,きらきらストーム,반짝반짝스톰,Sparkly Swirl,kwsch/PKHeX,8ad201e80244f630ab5a46922ab72fb79c5ad4f4,PKHeX.Core/Resources/text/other/ja/text_Moves_ja.txt,PKHeX.Core/Resources/text/other/ko/text_Moves_ko.txt,PKHeX.Core/Resources/text/other/en/text_Moves_en.txt
741,ブイブイブレイク,브이브이브레이크,Veevee Volley,kwsch/PKHeX,8ad201e80244f630ab5a46922ab72fb79c5ad4f4,PKHeX.Core/Resources/text/other/ja/text_Moves_ja.txt,PKHeX.Core/Resources/text/other/ko/text_Moves_ko.txt,PKHeX.Core/Resources/text/other/en/text_Moves_en.txt
742,ダブルパンツァー,더블펀처,Double Iron Bash,kwsch/PKHeX,8ad201e80244f630ab5a46922ab72fb79c5ad4f4,PKHeX.Core/Resources/text/other/ja/text_Moves_ja.txt,PKHeX.Core/Resources/text/other/ko/text_Moves_ko.txt,PKHeX.Core/Resources/text/other/en/text_Moves_en.txt
743,ダイウォール,다이월,Max Guard,kwsch/PKHeX,8ad201e80244f630ab5a46922ab72fb79c5ad4f4,PKHeX.Core/Resources/text/other/ja/text_Moves_ja.txt,PKHeX.Core/Resources/text/other/ko/text_Moves_ko.txt,PKHeX.Core/Resources/text/other/en/text_Moves_en.txt
744,ダイマックスほう,다이맥스포,Dynamax Cannon,kwsch/PKHeX,8ad201e80244f630ab5a46922ab72fb79c5ad4f4,PKHeX.Core/Resources/text/other/ja/text_Moves_ja.txt,PKHeX.Core/Resources/text/other/ko/text_Moves_ko.txt,PKHeX.Core/Resources/text/other/en/text_Moves_en.txt
745,ねらいうち,노려맞히기,Snipe Shot,kwsch/PKHeX,8ad201e80244f630ab5a46922ab72fb79c5ad4f4,PKHeX.Core/Resources/text/other/ja/text_Moves_ja.txt,PKHeX.Core/Resources/text/other/ko/text_Moves_ko.txt,PKHeX.Core/Resources/text/other/en/text_Moves_en.txt
746,くらいつく,물고버티기,Jaw Lock,kwsch/PKHeX,8ad201e80244f630ab5a46922ab72fb79c5ad4f4,PKHeX.Core/Resources/text/other/ja/text_Moves_ja.txt,PKHeX.Core/Resources/text/other/ko/text_Moves_ko.txt,PKHeX.Core/Resources/text/other/en/text_Moves_en.txt
747,ほおばる,볼가득넣기,Stuff Cheeks,kwsch/PKHeX,8ad201e80244f630ab5a46922ab72fb79c5ad4f4,PKHeX.Core/Resources/text/other/ja/text_Moves_ja.txt,PKHeX.Core/Resources/text/other/ko/text_Moves_ko.txt,PKHeX.Core/Resources/text/other/en/text_Moves_en.txt
748,はいすいのじん,배수의진,No Retreat,kwsch/PKHeX,8ad201e80244f630ab5a46922ab72fb79c5ad4f4,PKHeX.Core/Resources/text/other/ja/text_Moves_ja.txt,PKHeX.Core/Resources/text/other/ko/text_Moves_ko.txt,PKHeX.Core/Resources/text/other/en/text_Moves_en.txt
749,タールショット,타르샷,Tar Shot,kwsch/PKHeX,8ad201e80244f630ab5a46922ab72fb79c5ad4f4,PKHeX.Core/Resources/text/other/ja/text_Moves_ja.txt,PKHeX.Core/Resources/text/other/ko/text_Moves_ko.txt,PKHeX.Core/Resources/text/other/en/text_Moves_en.txt
750,まほうのこな,마법가루,Magic Powder,kwsch/PKHeX,8ad201e80244f630ab5a46922ab72fb79c5ad4f4,PKHeX.Core/Resources/text/other/ja/text_Moves_ja.txt,PKHeX.Core/Resources/text/other/ko/text_Moves_ko.txt,PKHeX.Core/Resources/text/other/en/text_Moves_en.txt
751,ドラゴンアロー,드래곤애로,Dragon Darts,kwsch/PKHeX,8ad201e80244f630ab5a46922ab72fb79c5ad4f4,PKHeX.Core/Resources/text/other/ja/text_Moves_ja.txt,PKHeX.Core/Resources/text/other/ko/text_Moves_ko.txt,PKHeX.Core/Resources/text/other/en/text_Moves_en.txt
752,おちゃかい,다과회,Teatime,kwsch/PKHeX,8ad201e80244f630ab5a46922ab72fb79c5ad4f4,PKHeX.Core/Resources/text/other/ja/text_Moves_ja.txt,PKHeX.Core/Resources/text/other/ko/text_Moves_ko.txt,PKHeX.Core/Resources/text/other/en/text_Moves_en.txt
753,たこがため,문어굳히기,Octolock,kwsch/PKHeX,8ad201e80244f630ab5a46922ab72fb79c5ad4f4,PKHeX.Core/Resources/text/other/ja/text_Moves_ja.txt,PKHeX.Core/Resources/text/other/ko/text_Moves_ko.txt,PKHeX.Core/Resources/text/other/en/text_Moves_en.txt
754,でんげきくちばし,전격부리,Bolt Beak,kwsch/PKHeX,8ad201e80244f630ab5a46922ab72fb79c5ad4f4,PKHeX.Core/Resources/text/other/ja/text_Moves_ja.txt,PKHeX.Core/Resources/text/other/ko/text_Moves_ko.txt,PKHeX.Core/Resources/text/other/en/text_Moves_en.txt
755,エラがみ,아가미물기,Fishious Rend,kwsch/PKHeX,8ad201e80244f630ab5a46922ab72fb79c5ad4f4,PKHeX.Core/Resources/text/other/ja/text_Moves_ja.txt,PKHeX.Core/Resources/text/other/ko/text_Moves_ko.txt,PKHeX.Core/Resources/text/other/en/text_Moves_en.txt
756,コートチェンジ,코트체인지,Court Change,kwsch/PKHeX,8ad201e80244f630ab5a46922ab72fb79c5ad4f4,PKHeX.Core/Resources/text/other/ja/text_Moves_ja.txt,PKHeX.Core/Resources/text/other/ko/text_Moves_ko.txt,PKHeX.Core/Resources/text/other/en/text_Moves_en.txt
757,ダイバーン,다이번,Max Flare,kwsch/PKHeX,8ad201e80244f630ab5a46922ab72fb79c5ad4f4,PKHeX.Core/Resources/text/other/ja/text_Moves_ja.txt,PKHeX.Core/Resources/text/other/ko/text_Moves_ko.txt,PKHeX.Core/Resources/text/other/en/text_Moves_en.txt
758,ダイワーム,다이웜,Max Flutterby,kwsch/PKHeX,8ad201e80244f630ab5a46922ab72fb79c5ad4f4,PKHeX.Core/Resources/text/other/ja/text_Moves_ja.txt,PKHeX.Core/Resources/text/other/ko/text_Moves_ko.txt,PKHeX.Core/Resources/text/other/en/text_Moves_en.txt
759,ダイサンダー,다이썬더,Max Lightning,kwsch/PKHeX,8ad201e80244f630ab5a46922ab72fb79c5ad4f4,PKHeX.Core/Resources/text/other/ja/text_Moves_ja.txt,PKHeX.Core/Resources/text/other/ko/text_Moves_ko.txt,PKHeX.Core/Resources/text/other/en/text_Moves_en.txt
760,ダイアタック,다이어택,Max Strike,kwsch/PKHeX,8ad201e80244f630ab5a46922ab72fb79c5ad4f4,PKHeX.Core/Resources/text/other/ja/text_Moves_ja.txt,PKHeX.Core/Resources/text/other/ko/text_Moves_ko.txt,PKHeX.Core/Resources/text/other/en/text_Moves_en.txt
761,ダイナックル,다이너클,Max Knuckle,kwsch/PKHeX,8ad201e80244f630ab5a46922ab72fb79c5ad4f4,PKHeX.Core/Resources/text/other/ja/text_Moves_ja.txt,PKHeX.Core/Resources/text/other/ko/text_Moves_ko.txt,PKHeX.Core/Resources/text/other/en/text_Moves_en.txt
762,ダイホロウ,다이할로우,Max Phantasm,kwsch/PKHeX,8ad201e80244f630ab5a46922ab72fb79c5ad4f4,PKHeX.Core/Resources/text/other/ja/text_Moves_ja.txt,PKHeX.Core/Resources/text/other/ko/text_Moves_ko.txt,PKHeX.Core/Resources/text/other/en/text_Moves_en.txt
763,ダイアイス,다이아이스,Max Hailstorm,kwsch/PKHeX,8ad201e80244f630ab5a46922ab72fb79c5ad4f4,PKHeX.Core/Resources/text/other/ja/text_Moves_ja.txt,PKHeX.Core/Resources/text/other/ko/text_Moves_ko.txt,PKHeX.Core/Resources/text/other/en/text_Moves_en.txt
764,ダイアシッド,다이애시드,Max Ooze,kwsch/PKHeX,8ad201e80244f630ab5a46922ab72fb79c5ad4f4,PKHeX.Core/Resources/text/other/ja/text_Moves_ja.txt,PKHeX.Core/Resources/text/other/ko/text_Moves_ko.txt,PKHeX.Core/Resources/text/other/en/text_Moves_en.txt
765,ダイストリーム,다이스트림,Max Geyser,kwsch/PKHeX,8ad201e80244f630ab5a46922ab72fb79c5ad4f4,PKHeX.Core/Resources/text/other/ja/text_Moves_ja.txt,PKHeX.Core/Resources/text/other/ko/text_Moves_ko.txt,PKHeX.Core/Resources/text/other/en/text_Moves_en.txt
766,ダイジェット,다이제트,Max Airstream,kwsch/PKHeX,8ad201e80244f630ab5a46922ab72fb79c5ad4f4,PKHeX.Core/Resources/text/other/ja/text_Moves_ja.txt,PKHeX.Core/Resources/text/other/ko/text_Moves_ko.txt,PKHeX.Core/Resources/text/other/en/text_Moves_en.txt
767,ダイフェアリー,다이페어리,Max Starfall,kwsch/PKHeX,8ad201e80244f630ab5a46922ab72fb79c5ad4f4,PKHeX.Core/Resources/text/other/ja/text_Moves_ja.txt,PKHeX.Core/Resources/text/other/ko/text_Moves_ko.txt,PKHeX.Core/Resources/text/other/en/text_Moves_en.txt
768,ダイドラグーン,다이드라군,Max Wyrmwind,kwsch/PKHeX,8ad201e80244f630ab5a46922ab72fb79c5ad4f4,PKHeX.Core/Resources/text/other/ja/text_Moves_ja.txt,PKHeX.Core/Resources/text/other/ko/text_Moves_ko.txt,PKHeX.Core/Resources/text/other/en/text_Moves_en.txt
769,ダイサイコ,다이사이코,Max Mindstorm,kwsch/PKHeX,8ad201e80244f630ab5a46922ab72fb79c5ad4f4,PKHeX.Core/Resources/text/other/ja/text_Moves_ja.txt,PKHeX.Core/Resources/text/other/ko/text_Moves_ko.txt,PKHeX.Core/Resources/text/other/en/text_Moves_en.txt
770,ダイロック,다이록,Max Rockfall,kwsch/PKHeX,8ad201e80244f630ab5a46922ab72fb79c5ad4f4,PKHeX.Core/Resources/text/other/ja/text_Moves_ja.txt,PKHeX.Core/Resources/text/other/ko/text_Moves_ko.txt,PKHeX.Core/Resources/text/other/en/text_Moves_en.txt
771,ダイアース,다이어스,Max Quake,kwsch/PKHeX,8ad201e80244f630ab5a46922ab72fb79c5ad4f4,PKHeX.Core/Resources/text/other/ja/text_Moves_ja.txt,PKHeX.Core/Resources/text/other/ko/text_Moves_ko.txt,PKHeX.Core/Resources/text/other/en/text_Moves_en.txt
772,ダイアーク,다이아크,Max Darkness,kwsch/PKHeX,8ad201e80244f630ab5a46922ab72fb79c5ad4f4,PKHeX.Core/Resources/text/other/ja/text_Moves_ja.txt,PKHeX.Core/Resources/text/other/ko/text_Moves_ko.txt,PKHeX.Core/Resources/text/other/en/text_Moves_en.txt
773,ダイソウゲン,다이그래스,Max Overgrowth,kwsch/PKHeX,8ad201e80244f630ab5a46922ab72fb79c5ad4f4,PKHeX.Core/Resources/text/other/ja/text_Moves_ja.txt,PKHeX.Core/Resources/text/other/ko/text_Moves_ko.txt,PKHeX.Core/Resources/text/other/en/text_Moves_en.txt
774,ダイスチル,다이스틸,Max Steelspike,kwsch/PKHeX,8ad201e80244f630ab5a46922ab72fb79c5ad4f4,PKHeX.Core/Resources/text/other/ja/text_Moves_ja.txt,PKHeX.Core/Resources/text/other/ko/text_Moves_ko.txt,PKHeX.Core/Resources/text/other/en/text_Moves_en.txt
775,ソウルビート,소울비트,Clangorous Soul,kwsch/PKHeX,8ad201e80244f630ab5a46922ab72fb79c5ad4f4,PKHeX.Core/Resources/text/other/ja/text_Moves_ja.txt,PKHeX.Core/Resources/text/other/ko/text_Moves_ko.txt,PKHeX.Core/Resources/text/other/en/text_Moves_en.txt
776,ボディプレス,바디프레스,Body Press,kwsch/PKHeX,8ad201e80244f630ab5a46922ab72fb79c5ad4f4,PKHeX.Core/Resources/text/other/ja/text_Moves_ja.txt,PKHeX.Core/Resources/text/other/ko/text_Moves_ko.txt,PKHeX.Core/Resources/text/other/en/text_Moves_en.txt
777,デコレーション,데코레이션,Decorate,kwsch/PKHeX,8ad201e80244f630ab5a46922ab72fb79c5ad4f4,PKHeX.Core/Resources/text/other/ja/text_Moves_ja.txt,PKHeX.Core/Resources/text/other/ko/text_Moves_ko.txt,PKHeX.Core/Resources/text/other/en/text_Moves_en.txt
778,ドラムアタック,드럼어택,Drum Beating,kwsch/PKHeX,8ad201e80244f630ab5a46922ab72fb79c5ad4f4,PKHeX.Core/Resources/text/other/ja/text_Moves_ja.txt,PKHeX.Core/Resources/text/other/ko/text_Moves_ko.txt,PKHeX.Core/Resources/text/other/en/text_Moves_en.txt
779,トラバサミ,집게덫,Snap Trap,kwsch/PKHeX,8ad201e80244f630ab5a46922ab72fb79c5ad4f4,PKHeX.Core/Resources/text/other/ja/text_Moves_ja.txt,PKHeX.Core/Resources/text/other/ko/text_Moves_ko.txt,PKHeX.Core/Resources/text/other/en/text_Moves_en.txt
780,かえんボール,화염볼,Pyro Ball,kwsch/PKHeX,8ad201e80244f630ab5a46922ab72fb79c5ad4f4,PKHeX.Core/Resources/text/other/ja/text_Moves_ja.txt,PKHeX.Core/Resources/text/other/ko/text_Moves_ko.txt,PKHeX.Core/Resources/text/other/en/text_Moves_en.txt
781,きょじゅうざん,거수참,Behemoth Blade,kwsch/PKHeX,8ad201e80244f630ab5a46922ab72fb79c5ad4f4,PKHeX.Core/Resources/text/other/ja/text_Moves_ja.txt,PKHeX.Core/Resources/text/other/ko/text_Moves_ko.txt,PKHeX.Core/Resources/text/other/en/text_Moves_en.txt
782,きょじゅうだん,거수탄,Behemoth Bash,kwsch/PKHeX,8ad201e80244f630ab5a46922ab72fb79c5ad4f4,PKHeX.Core/Resources/text/other/ja/text_Moves_ja.txt,PKHeX.Core/Resources/text/other/ko/text_Moves_ko.txt,PKHeX.Core/Resources/text/other/en/text_Moves_en.txt
783,オーラぐるま,오라휠,Aura Wheel,kwsch/PKHeX,8ad201e80244f630ab5a46922ab72fb79c5ad4f4,PKHeX.Core/Resources/text/other/ja/text_Moves_ja.txt,PKHeX.Core/Resources/text/other/ko/text_Moves_ko.txt,PKHeX.Core/Resources/text/other/en/text_Moves_en.txt
784,ワイドブレイカー,와이드브레이커,Breaking Swipe,kwsch/PKHeX,8ad201e80244f630ab5a46922ab72fb79c5ad4f4,PKHeX.Core/Resources/text/other/ja/text_Moves_ja.txt,PKHeX.Core/Resources/text/other/ko/text_Moves_ko.txt,PKHeX.Core/Resources/text/other/en/text_Moves_en.txt
785,えだづき,가지찌르기,Branch Poke,kwsch/PKHeX,8ad201e80244f630ab5a46922ab72fb79c5ad4f4,PKHeX.Core/Resources/text/other/ja/text_Moves_ja.txt,PKHeX.Core/Resources/text/other/ko/text_Moves_ko.txt,PKHeX.Core/Resources/text/other/en/text_Moves_en.txt
786,オーバードライブ,오버드라이브,Overdrive,kwsch/PKHeX,8ad201e80244f630ab5a46922ab72fb79c5ad4f4,PKHeX.Core/Resources/text/other/ja/text_Moves_ja.txt,PKHeX.Core/Resources/text/other/ko/text_Moves_ko.txt,PKHeX.Core/Resources/text/other/en/text_Moves_en.txt
787,りんごさん,사과산,Apple Acid,kwsch/PKHeX,8ad201e80244f630ab5a46922ab72fb79c5ad4f4,PKHeX.Core/Resources/text/other/ja/text_Moves_ja.txt,PKHeX.Core/Resources/text/other/ko/text_Moves_ko.txt,PKHeX.Core/Resources/text/other/en/text_Moves_en.txt
788,Ｇのちから,G의힘,Grav Apple,kwsch/PKHeX,8ad201e80244f630ab5a46922ab72fb79c5ad4f4,PKHeX.Core/Resources/text/other/ja/text_Moves_ja.txt,PKHeX.Core/Resources/text/other/ko/text_Moves_ko.txt,PKHeX.Core/Resources/text/other/en/text_Moves_en.txt
789,ソウルクラッシュ,소울크래시,Spirit Break,kwsch/PKHeX,8ad201e80244f630ab5a46922ab72fb79c5ad4f4,PKHeX.Core/Resources/text/other/ja/text_Moves_ja.txt,PKHeX.Core/Resources/text/other/ko/text_Moves_ko.txt,PKHeX.Core/Resources/text/other/en/text_Moves_en.txt
790,ワンダースチーム,원더스팀,Strange Steam,kwsch/PKHeX,8ad201e80244f630ab5a46922ab72fb79c5ad4f4,PKHeX.Core/Resources/text/other/ja/text_Moves_ja.txt,PKHeX.Core/Resources/text/other/ko/text_Moves_ko.txt,PKHeX.Core/Resources/text/other/en/text_Moves_en.txt
791,いのちのしずく,생명의물방울,Life Dew,kwsch/PKHeX,8ad201e80244f630ab5a46922ab72fb79c5ad4f4,PKHeX.Core/Resources/text/other/ja/text_Moves_ja.txt,PKHeX.Core/Resources/text/other/ko/text_Moves_ko.txt,PKHeX.Core/Resources/text/other/en/text_Moves_en.txt
792,ブロッキング,블로킹,Obstruct,kwsch/PKHeX,8ad201e80244f630ab5a46922ab72fb79c5ad4f4,PKHeX.Core/Resources/text/other/ja/text_Moves_ja.txt,PKHeX.Core/Resources/text/other/ko/text_Moves_ko.txt,PKHeX.Core/Resources/text/other/en/text_Moves_en.txt
793,どげざつき,사죄의찌르기,False Surrender,kwsch/PKHeX,8ad201e80244f630ab5a46922ab72fb79c5ad4f4,PKHeX.Core/Resources/text/other/ja/text_Moves_ja.txt,PKHeX.Core/Resources/text/other/ko/text_Moves_ko.txt,PKHeX.Core/Resources/text/other/en/text_Moves_en.txt
794,スターアサルト,스타어설트,Meteor Assault,kwsch/PKHeX,8ad201e80244f630ab5a46922ab72fb79c5ad4f4,PKHeX.Core/Resources/text/other/ja/text_Moves_ja.txt,PKHeX.Core/Resources/text/other/ko/text_Moves_ko.txt,PKHeX.Core/Resources/text/other/en/text_Moves_en.txt
795,ムゲンダイビーム,무한다이빔,Eternabeam,kwsch/PKHeX,8ad201e80244f630ab5a46922ab72fb79c5ad4f4,PKHeX.Core/Resources/text/other/ja/text_Moves_ja.txt,PKHeX.Core/Resources/text/other/ko/text_Moves_ko.txt,PKHeX.Core/Resources/text/other/en/text_Moves_en.txt
796,てっていこうせん,철제광선,Steel Beam,kwsch/PKHeX,8ad201e80244f630ab5a46922ab72fb79c5ad4f4,PKHeX.Core/Resources/text/other/ja/text_Moves_ja.txt,PKHeX.Core/Resources/text/other/ko/text_Moves_ko.txt,PKHeX.Core/Resources/text/other/en/text_Moves_en.txt
797,ワイドフォース,와이드포스,Expanding Force,kwsch/PKHeX,8ad201e80244f630ab5a46922ab72fb79c5ad4f4,PKHeX.Core/Resources/text/other/ja/text_Moves_ja.txt,PKHeX.Core/Resources/text/other/ko/text_Moves_ko.txt,PKHeX.Core/Resources/text/other/en/text_Moves_en.txt
798,アイアンローラー,아이언롤러,Steel Roller,kwsch/PKHeX,8ad201e80244f630ab5a46922ab72fb79c5ad4f4,PKHeX.Core/Resources/text/other/ja/text_Moves_ja.txt,PKHeX.Core/Resources/text/other/ko/text_Moves_ko.txt,PKHeX.Core/Resources/text/other/en/text_Moves_en.txt
799,スケイルショット,스케일샷,Scale Shot,kwsch/PKHeX,8ad201e80244f630ab5a46922ab72fb79c5ad4f4,PKHeX.Core/Resources/text/other/ja/text_Moves_ja.txt,PKHeX.Core/Resources/text/other/ko/text_Moves_ko.txt,PKHeX.Core/Resources/text/other/en/text_Moves_en.txt
800,メテオビーム,메테오빔,Meteor Beam,kwsch/PKHeX,8ad201e80244f630ab5a46922ab72fb79c5ad4f4,PKHeX.Core/Resources/text/other/ja/text_Moves_ja.txt,PKHeX.Core/Resources/text/other/ko/text_Moves_ko.txt,PKHeX.Core/Resources/text/other/en/text_Moves_en.txt
801,シェルアームズ,셸암즈,Shell Side Arm,kwsch/PKHeX,8ad201e80244f630ab5a46922ab72fb79c5ad4f4,PKHeX.Core/Resources/text/other/ja/text_Moves_ja.txt,PKHeX.Core/Resources/text/other/ko/text_Moves_ko.txt,PKHeX.Core/Resources/text/other/en/text_Moves_en.txt
802,ミストバースト,미스트버스트,Misty Explosion,kwsch/PKHeX,8ad201e80244f630ab5a46922ab72fb79c5ad4f4,PKHeX.Core/Resources/text/other/ja/text_Moves_ja.txt,PKHeX.Core/Resources/text/other/ko/text_Moves_ko.txt,PKHeX.Core/Resources/text/other/en/text_Moves_en.txt
803,グラススライダー,그래스슬라이더,Grassy Glide,kwsch/PKHeX,8ad201e80244f630ab5a46922ab72fb79c5ad4f4,PKHeX.Core/Resources/text/other/ja/text_Moves_ja.txt,PKHeX.Core/Resources/text/other/ko/text_Moves_ko.txt,PKHeX.Core/Resources/text/other/en/text_Moves_en.txt
804,ライジングボルト,라이징볼트,Rising Voltage,kwsch/PKHeX,8ad201e80244f630ab5a46922ab72fb79c5ad4f4,PKHeX.Core/Resources/text/other/ja/text_Moves_ja.txt,PKHeX.Core/Resources/text/other/ko/text_Moves_ko.txt,PKHeX.Core/Resources/text/other/en/text_Moves_en.txt
805,だいちのはどう,대지의파동,Terrain Pulse,kwsch/PKHeX,8ad201e80244f630ab5a46922ab72fb79c5ad4f4,PKHeX.Core/Resources/text/other/ja/text_Moves_ja.txt,PKHeX.Core/Resources/text/other/ko/text_Moves_ko.txt,PKHeX.Core/Resources/text/other/en/text_Moves_en.txt
806,はいよるいちげき,엄습하는일격,Skitter Smack,kwsch/PKHeX,8ad201e80244f630ab5a46922ab72fb79c5ad4f4,PKHeX.Core/Resources/text/other/ja/text_Moves_ja.txt,PKHeX.Core/Resources/text/other/ko/text_Moves_ko.txt,PKHeX.Core/Resources/text/other/en/text_Moves_en.txt
807,しっとのほのお,질투의불꽃,Burning Jealousy,kwsch/PKHeX,8ad201e80244f630ab5a46922ab72fb79c5ad4f4,PKHeX.Core/Resources/text/other/ja/text_Moves_ja.txt,PKHeX.Core/Resources/text/other/ko/text_Moves_ko.txt,PKHeX.Core/Resources/text/other/en/text_Moves_en.txt
808,うっぷんばらし,분풀이,Lash Out,kwsch/PKHeX,8ad201e80244f630ab5a46922ab72fb79c5ad4f4,PKHeX.Core/Resources/text/other/ja/text_Moves_ja.txt,PKHeX.Core/Resources/text/other/ko/text_Moves_ko.txt,PKHeX.Core/Resources/text/other/en/text_Moves_en.txt
809,ポルターガイスト,폴터가이스트,Poltergeist,kwsch/PKHeX,8ad201e80244f630ab5a46922ab72fb79c5ad4f4,PKHeX.Core/Resources/text/other/ja/text_Moves_ja.txt,PKHeX.Core/Resources/text/other/ko/text_Moves_ko.txt,PKHeX.Core/Resources/text/other/en/text_Moves_en.txt
810,ふしょくガス,부식가스,Corrosive Gas,kwsch/PKHeX,8ad201e80244f630ab5a46922ab72fb79c5ad4f4,PKHeX.Core/Resources/text/other/ja/text_Moves_ja.txt,PKHeX.Core/Resources/text/other/ko/text_Moves_ko.txt,PKHeX.Core/Resources/text/other/en/text_Moves_en.txt
811,コーチング,코칭,Coaching,kwsch/PKHeX,8ad201e80244f630ab5a46922ab72fb79c5ad4f4,PKHeX.Core/Resources/text/other/ja/text_Moves_ja.txt,PKHeX.Core/Resources/text/other/ko/text_Moves_ko.txt,PKHeX.Core/Resources/text/other/en/text_Moves_en.txt
812,クイックターン,퀵턴,Flip Turn,kwsch/PKHeX,8ad201e80244f630ab5a46922ab72fb79c5ad4f4,PKHeX.Core/Resources/text/other/ja/text_Moves_ja.txt,PKHeX.Core/Resources/text/other/ko/text_Moves_ko.txt,PKHeX.Core/Resources/text/other/en/text_Moves_en.txt
813,トリプルアクセル,트리플악셀,Triple Axel,kwsch/PKHeX,8ad201e80244f630ab5a46922ab72fb79c5ad4f4,PKHeX.Core/Resources/text/other/ja/text_Moves_ja.txt,PKHeX.Core/Resources/text/other/ko/text_Moves_ko.txt,PKHeX.Core/Resources/text/other/en/text_Moves_en.txt
814,ダブルウイング,더블윙,Dual Wingbeat,kwsch/PKHeX,8ad201e80244f630ab5a46922ab72fb79c5ad4f4,PKHeX.Core/Resources/text/other/ja/text_Moves_ja.txt,PKHeX.Core/Resources/text/other/ko/text_Moves_ko.txt,PKHeX.Core/Resources/text/other/en/text_Moves_en.txt
815,ねっさのだいち,열사의대지,Scorching Sands,kwsch/PKHeX,8ad201e80244f630ab5a46922ab72fb79c5ad4f4,PKHeX.Core/Resources/text/other/ja/text_Moves_ja.txt,PKHeX.Core/Resources/text/other/ko/text_Moves_ko.txt,PKHeX.Core/Resources/text/other/en/text_Moves_en.txt
816,ジャングルヒール,정글힐,Jungle Healing,kwsch/PKHeX,8ad201e80244f630ab5a46922ab72fb79c5ad4f4,PKHeX.Core/Resources/text/other/ja/text_Moves_ja.txt,PKHeX.Core/Resources/text/other/ko/text_Moves_ko.txt,PKHeX.Core/Resources/text/other/en/text_Moves_en.txt
817,あんこくきょうだ,암흑강타,Wicked Blow,kwsch/PKHeX,8ad201e80244f630ab5a46922ab72fb79c5ad4f4,PKHeX.Core/Resources/text/other/ja/text_Moves_ja.txt,PKHeX.Core/Resources/text/other/ko/text_Moves_ko.txt,PKHeX.Core/Resources/text/other/en/text_Moves_en.txt
818,すいりゅうれんだ,수류연타,Surging Strikes,kwsch/PKHeX,8ad201e80244f630ab5a46922ab72fb79c5ad4f4,PKHeX.Core/Resources/text/other/ja/text_Moves_ja.txt,PKHeX.Core/Resources/text/other/ko/text_Moves_ko.txt,PKHeX.Core/Resources/text/other/en/text_Moves_en.txt
819,サンダープリズン,썬더프리즌,Thunder Cage,kwsch/PKHeX,8ad201e80244f630ab5a46922ab72fb79c5ad4f4,PKHeX.Core/Resources/text/other/ja/text_Moves_ja.txt,PKHeX.Core/Resources/text/other/ko/text_Moves_ko.txt,PKHeX.Core/Resources/text/other/en/text_Moves_en.txt
820,ドラゴンエナジー,드래곤에너지,Dragon Energy,kwsch/PKHeX,8ad201e80244f630ab5a46922ab72fb79c5ad4f4,PKHeX.Core/Resources/text/other/ja/text_Moves_ja.txt,PKHeX.Core/Resources/text/other/ko/text_Moves_ko.txt,PKHeX.Core/Resources/text/other/en/text_Moves_en.txt
821,いてつくしせん,얼어붙는시선,Freezing Glare,kwsch/PKHeX,8ad201e80244f630ab5a46922ab72fb79c5ad4f4,PKHeX.Core/Resources/text/other/ja/text_Moves_ja.txt,PKHeX.Core/Resources/text/other/ko/text_Moves_ko.txt,PKHeX.Core/Resources/text/other/en/text_Moves_en.txt
822,もえあがるいかり,타오르는분노,Fiery Wrath,kwsch/PKHeX,8ad201e80244f630ab5a46922ab72fb79c5ad4f4,PKHeX.Core/Resources/text/other/ja/text_Moves_ja.txt,PKHeX.Core/Resources/text/other/ko/text_Moves_ko.txt,PKHeX.Core/Resources/text/other/en/text_Moves_en.txt
823,らいめいげり,천둥차기,Thunderous Kick,kwsch/PKHeX,8ad201e80244f630ab5a46922ab72fb79c5ad4f4,PKHeX.Core/Resources/text/other/ja/text_Moves_ja.txt,PKHeX.Core/Resources/text/other/ko/text_Moves_ko.txt,PKHeX.Core/Resources/text/other/en/text_Moves_en.txt
824,ブリザードランス,블리자드랜스,Glacial Lance,kwsch/PKHeX,8ad201e80244f630ab5a46922ab72fb79c5ad4f4,PKHeX.Core/Resources/text/other/ja/text_Moves_ja.txt,PKHeX.Core/Resources/text/other/ko/text_Moves_ko.txt,PKHeX.Core/Resources/text/other/en/text_Moves_en.txt
825,アストラルビット,아스트랄비트,Astral Barrage,kwsch/PKHeX,8ad201e80244f630ab5a46922ab72fb79c5ad4f4,PKHeX.Core/Resources/text/other/ja/text_Moves_ja.txt,PKHeX.Core/Resources/text/other/ko/text_Moves_ko.txt,PKHeX.Core/Resources/text/other/en/text_Moves_en.txt
826,ぶきみなじゅもん,섬뜩한주문,Eerie Spell,kwsch/PKHeX,8ad201e80244f630ab5a46922ab72fb79c5ad4f4,PKHeX.Core/Resources/text/other/ja/text_Moves_ja.txt,PKHeX.Core/Resources/text/other/ko/text_Moves_ko.txt,PKHeX.Core/Resources/text/other/en/text_Moves_en.txt
827,フェイタルクロー,페이탈클로,Dire Claw,kwsch/PKHeX,8ad201e80244f630ab5a46922ab72fb79c5ad4f4,PKHeX.Core/Resources/text/other/ja/text_Moves_ja.txt,PKHeX.Core/Resources/text/other/ko/text_Moves_ko.txt,PKHeX.Core/Resources/text/other/en/text_Moves_en.txt
828,バリアーラッシュ,배리어러시,Psyshield Bash,kwsch/PKHeX,8ad201e80244f630ab5a46922ab72fb79c5ad4f4,PKHeX.Core/Resources/text/other/ja/text_Moves_ja.txt,PKHeX.Core/Resources/text/other/ko/text_Moves_ko.txt,PKHeX.Core/Resources/text/other/en/text_Moves_en.txt
829,パワーシフト,파워시프트,Power Shift,kwsch/PKHeX,8ad201e80244f630ab5a46922ab72fb79c5ad4f4,PKHeX.Core/Resources/text/other/ja/text_Moves_ja.txt,PKHeX.Core/Resources/text/other/ko/text_Moves_ko.txt,PKHeX.Core/Resources/text/other/en/text_Moves_en.txt
830,がんせきアックス,암석액스,Stone Axe,kwsch/PKHeX,8ad201e80244f630ab5a46922ab72fb79c5ad4f4,PKHeX.Core/Resources/text/other/ja/text_Moves_ja.txt,PKHeX.Core/Resources/text/other/ko/text_Moves_ko.txt,PKHeX.Core/Resources/text/other/en/text_Moves_en.txt
831,はるのあらし,봄의폭풍,Springtide Storm,kwsch/PKHeX,8ad201e80244f630ab5a46922ab72fb79c5ad4f4,PKHeX.Core/Resources/text/other/ja/text_Moves_ja.txt,PKHeX.Core/Resources/text/other/ko/text_Moves_ko.txt,PKHeX.Core/Resources/text/other/en/text_Moves_en.txt
832,しんぴのちから,신비의힘,Mystical Power,kwsch/PKHeX,8ad201e80244f630ab5a46922ab72fb79c5ad4f4,PKHeX.Core/Resources/text/other/ja/text_Moves_ja.txt,PKHeX.Core/Resources/text/other/ko/text_Moves_ko.txt,PKHeX.Core/Resources/text/other/en/text_Moves_en.txt
833,だいふんげき,대격분,Raging Fury,kwsch/PKHeX,8ad201e80244f630ab5a46922ab72fb79c5ad4f4,PKHeX.Core/Resources/text/other/ja/text_Moves_ja.txt,PKHeX.Core/Resources/text/other/ko/text_Moves_ko.txt,PKHeX.Core/Resources/text/other/en/text_Moves_en.txt
834,ウェーブタックル,웨이브태클,Wave Crash,kwsch/PKHeX,8ad201e80244f630ab5a46922ab72fb79c5ad4f4,PKHeX.Core/Resources/text/other/ja/text_Moves_ja.txt,PKHeX.Core/Resources/text/other/ko/text_Moves_ko.txt,PKHeX.Core/Resources/text/other/en/text_Moves_en.txt
835,クロロブラスト,클로로블라스트,Chloroblast,kwsch/PKHeX,8ad201e80244f630ab5a46922ab72fb79c5ad4f4,PKHeX.Core/Resources/text/other/ja/text_Moves_ja.txt,PKHeX.Core/Resources/text/other/ko/text_Moves_ko.txt,PKHeX.Core/Resources/text/other/en/text_Moves_en.txt
836,ひょうざんおろし,빙산바람,Mountain Gale,kwsch/PKHeX,8ad201e80244f630ab5a46922ab72fb79c5ad4f4,PKHeX.Core/Resources/text/other/ja/text_Moves_ja.txt,PKHeX.Core/Resources/text/other/ko/text_Moves_ko.txt,PKHeX.Core/Resources/text/other/en/text_Moves_en.txt
837,しょうりのまい,승리의춤,Victory Dance,kwsch/PKHeX,8ad201e80244f630ab5a46922ab72fb79c5ad4f4,PKHeX.Core/Resources/text/other/ja/text_Moves_ja.txt,PKHeX.Core/Resources/text/other/ko/text_Moves_ko.txt,PKHeX.Core/Resources/text/other/en/text_Moves_en.txt
838,ぶちかまし,들이받기,Headlong Rush,kwsch/PKHeX,8ad201e80244f630ab5a46922ab72fb79c5ad4f4,PKHeX.Core/Resources/text/other/ja/text_Moves_ja.txt,PKHeX.Core/Resources/text/other/ko/text_Moves_ko.txt,PKHeX.Core/Resources/text/other/en/text_Moves_en.txt
839,どくばりセンボン,독침천발,Barb Barrage,kwsch/PKHeX,8ad201e80244f630ab5a46922ab72fb79c5ad4f4,PKHeX.Core/Resources/text/other/ja/text_Moves_ja.txt,PKHeX.Core/Resources/text/other/ko/text_Moves_ko.txt,PKHeX.Core/Resources/text/other/en/text_Moves_en.txt
840,オーラウイング,오라윙,Esper Wing,kwsch/PKHeX,8ad201e80244f630ab5a46922ab72fb79c5ad4f4,PKHeX.Core/Resources/text/other/ja/text_Moves_ja.txt,PKHeX.Core/Resources/text/other/ko/text_Moves_ko.txt,PKHeX.Core/Resources/text/other/en/text_Moves_en.txt
841,うらみつらみ,천추지한,Bitter Malice,kwsch/PKHeX,8ad201e80244f630ab5a46922ab72fb79c5ad4f4,PKHeX.Core/Resources/text/other/ja/text_Moves_ja.txt,PKHeX.Core/Resources/text/other/ko/text_Moves_ko.txt,PKHeX.Core/Resources/text/other/en/text_Moves_en.txt
842,たてこもる,농성,Shelter,kwsch/PKHeX,8ad201e80244f630ab5a46922ab72fb79c5ad4f4,PKHeX.Core/Resources/text/other/ja/text_Moves_ja.txt,PKHeX.Core/Resources/text/other/ko/text_Moves_ko.txt,PKHeX.Core/Resources/text/other/en/text_Moves_en.txt
843,３ぼんのや,3연화살,Triple Arrows,kwsch/PKHeX,8ad201e80244f630ab5a46922ab72fb79c5ad4f4,PKHeX.Core/Resources/text/other/ja/text_Moves_ja.txt,PKHeX.Core/Resources/text/other/ko/text_Moves_ko.txt,PKHeX.Core/Resources/text/other/en/text_Moves_en.txt
844,ひゃっきやこう,백귀야행,Infernal Parade,kwsch/PKHeX,8ad201e80244f630ab5a46922ab72fb79c5ad4f4,PKHeX.Core/Resources/text/other/ja/text_Moves_ja.txt,PKHeX.Core/Resources/text/other/ko/text_Moves_ko.txt,PKHeX.Core/Resources/text/other/en/text_Moves_en.txt
845,ひけん・ちえなみ,비검천중파,Ceaseless Edge,kwsch/PKHeX,8ad201e80244f630ab5a46922ab72fb79c5ad4f4,PKHeX.Core/Resources/text/other/ja/text_Moves_ja.txt,PKHeX.Core/Resources/text/other/ko/text_Moves_ko.txt,PKHeX.Core/Resources/text/other/en/text_Moves_en.txt
846,こがらしあらし,찬바람폭풍,Bleakwind Storm,kwsch/PKHeX,8ad201e80244f630ab5a46922ab72fb79c5ad4f4,PKHeX.Core/Resources/text/other/ja/text_Moves_ja.txt,PKHeX.Core/Resources/text/other/ko/text_Moves_ko.txt,PKHeX.Core/Resources/text/other/en/text_Moves_en.txt
847,かみなりあらし,번개폭풍,Wildbolt Storm,kwsch/PKHeX,8ad201e80244f630ab5a46922ab72fb79c5ad4f4,PKHeX.Core/Resources/text/other/ja/text_Moves_ja.txt,PKHeX.Core/Resources/text/other/ko/text_Moves_ko.txt,PKHeX.Core/Resources/text/other/en/text_Moves_en.txt
848,ねっさのあらし,열사의폭풍,Sandsear Storm,kwsch/PKHeX,8ad201e80244f630ab5a46922ab72fb79c5ad4f4,PKHeX.Core/Resources/text/other/ja/text_Moves_ja.txt,PKHeX.Core/Resources/text/other/ko/text_Moves_ko.txt,PKHeX.Core/Resources/text/other/en/text_Moves_en.txt
849,みかづきのいのり,초승달의기도,Lunar Blessing,kwsch/PKHeX,8ad201e80244f630ab5a46922ab72fb79c5ad4f4,PKHeX.Core/Resources/text/other/ja/text_Moves_ja.txt,PKHeX.Core/Resources/text/other/ko/text_Moves_ko.txt,PKHeX.Core/Resources/text/other/en/text_Moves_en.txt
850,ブレイブチャージ,브레이브차지,Take Heart,kwsch/PKHeX,8ad201e80244f630ab5a46922ab72fb79c5ad4f4,PKHeX.Core/Resources/text/other/ja/text_Moves_ja.txt,PKHeX.Core/Resources/text/other/ko/text_Moves_ko.txt,PKHeX.Core/Resources/text/other/en/text_Moves_en.txt
851,テラバースト,테라버스트,Tera Blast,kwsch/PKHeX,8ad201e80244f630ab5a46922ab72fb79c5ad4f4,PKHeX.Core/Resources/text/other/ja/text_Moves_ja.txt,PKHeX.Core/Resources/text/other/ko/text_Moves_ko.txt,PKHeX.Core/Resources/text/other/en/text_Moves_en.txt
852,スレッドトラップ,스레드트랩,Silk Trap,kwsch/PKHeX,8ad201e80244f630ab5a46922ab72fb79c5ad4f4,PKHeX.Core/Resources/text/other/ja/text_Moves_ja.txt,PKHeX.Core/Resources/text/other/ko/text_Moves_ko.txt,PKHeX.Core/Resources/text/other/en/text_Moves_en.txt
853,かかとおとし,발꿈치찍기,Axe Kick,kwsch/PKHeX,8ad201e80244f630ab5a46922ab72fb79c5ad4f4,PKHeX.Core/Resources/text/other/ja/text_Moves_ja.txt,PKHeX.Core/Resources/text/other/ko/text_Moves_ko.txt,PKHeX.Core/Resources/text/other/en/text_Moves_en.txt
854,おはかまいり,성묘,Last Respects,kwsch/PKHeX,8ad201e80244f630ab5a46922ab72fb79c5ad4f4,PKHeX.Core/Resources/text/other/ja/text_Moves_ja.txt,PKHeX.Core/Resources/text/other/ko/text_Moves_ko.txt,PKHeX.Core/Resources/text/other/en/text_Moves_en.txt
855,ルミナコリジョン,루미나콜리전,Lumina Crash,kwsch/PKHeX,8ad201e80244f630ab5a46922ab72fb79c5ad4f4,PKHeX.Core/Resources/text/other/ja/text_Moves_ja.txt,PKHeX.Core/Resources/text/other/ko/text_Moves_ko.txt,PKHeX.Core/Resources/text/other/en/text_Moves_en.txt
856,いっちょうあがり,한판내기,Order Up,kwsch/PKHeX,8ad201e80244f630ab5a46922ab72fb79c5ad4f4,PKHeX.Core/Resources/text/other/ja/text_Moves_ja.txt,PKHeX.Core/Resources/text/other/ko/text_Moves_ko.txt,PKHeX.Core/Resources/text/other/en/text_Moves_en.txt
857,ジェットパンチ,제트펀치,Jet Punch,kwsch/PKHeX,8ad201e80244f630ab5a46922ab72fb79c5ad4f4,PKHeX.Core/Resources/text/other/ja/text_Moves_ja.txt,PKHeX.Core/Resources/text/other/ko/text_Moves_ko.txt,PKHeX.Core/Resources/text/other/en/text_Moves_en.txt
858,ハバネロエキス,하바네로엑기스,Spicy Extract,kwsch/PKHeX,8ad201e80244f630ab5a46922ab72fb79c5ad4f4,PKHeX.Core/Resources/text/other/ja/text_Moves_ja.txt,PKHeX.Core/Resources/text/other/ko/text_Moves_ko.txt,PKHeX.Core/Resources/text/other/en/text_Moves_en.txt
859,ホイールスピン,휠스핀,Spin Out,kwsch/PKHeX,8ad201e80244f630ab5a46922ab72fb79c5ad4f4,PKHeX.Core/Resources/text/other/ja/text_Moves_ja.txt,PKHeX.Core/Resources/text/other/ko/text_Moves_ko.txt,PKHeX.Core/Resources/text/other/en/text_Moves_en.txt
860,ネズミざん,찍찍베기,Population Bomb,kwsch/PKHeX,8ad201e80244f630ab5a46922ab72fb79c5ad4f4,PKHeX.Core/Resources/text/other/ja/text_Moves_ja.txt,PKHeX.Core/Resources/text/other/ko/text_Moves_ko.txt,PKHeX.Core/Resources/text/other/en/text_Moves_en.txt
861,アイススピナー,아이스스피너,Ice Spinner,kwsch/PKHeX,8ad201e80244f630ab5a46922ab72fb79c5ad4f4,PKHeX.Core/Resources/text/other/ja/text_Moves_ja.txt,PKHeX.Core/Resources/text/other/ko/text_Moves_ko.txt,PKHeX.Core/Resources/text/other/en/text_Moves_en.txt
862,きょけんとつげき,대검돌격,Glaive Rush,kwsch/PKHeX,8ad201e80244f630ab5a46922ab72fb79c5ad4f4,PKHeX.Core/Resources/text/other/ja/text_Moves_ja.txt,PKHeX.Core/Resources/text/other/ko/text_Moves_ko.txt,PKHeX.Core/Resources/text/other/en/text_Moves_en.txt
863,さいきのいのり,회생의기도,Revival Blessing,kwsch/PKHeX,8ad201e80244f630ab5a46922ab72fb79c5ad4f4,PKHeX.Core/Resources/text/other/ja/text_Moves_ja.txt,PKHeX.Core/Resources/text/other/ko/text_Moves_ko.txt,PKHeX.Core/Resources/text/other/en/text_Moves_en.txt
864,しおづけ,소금절이,Salt Cure,kwsch/PKHeX,8ad201e80244f630ab5a46922ab72fb79c5ad4f4,PKHeX.Core/Resources/text/other/ja/text_Moves_ja.txt,PKHeX.Core/Resources/text/other/ko/text_Moves_ko.txt,PKHeX.Core/Resources/text/other/en/text_Moves_en.txt
865,トリプルダイブ,트리플다이브,Triple Dive,kwsch/PKHeX,8ad201e80244f630ab5a46922ab72fb79c5ad4f4,PKHeX.Core/Resources/text/other/ja/text_Moves_ja.txt,PKHeX.Core/Resources/text/other/ko/text_Moves_ko.txt,PKHeX.Core/Resources/text/other/en/text_Moves_en.txt
866,キラースピン,킬러스핀,Mortal Spin,kwsch/PKHeX,8ad201e80244f630ab5a46922ab72fb79c5ad4f4,PKHeX.Core/Resources/text/other/ja/text_Moves_ja.txt,PKHeX.Core/Resources/text/other/ko/text_Moves_ko.txt,PKHeX.Core/Resources/text/other/en/text_Moves_en.txt
867,うつしえ,베껴그리기,Doodle,kwsch/PKHeX,8ad201e80244f630ab5a46922ab72fb79c5ad4f4,PKHeX.Core/Resources/text/other/ja/text_Moves_ja.txt,PKHeX.Core/Resources/text/other/ko/text_Moves_ko.txt,PKHeX.Core/Resources/text/other/en/text_Moves_en.txt
868,みをけずる,제살깎기,Fillet Away,kwsch/PKHeX,8ad201e80244f630ab5a46922ab72fb79c5ad4f4,PKHeX.Core/Resources/text/other/ja/text_Moves_ja.txt,PKHeX.Core/Resources/text/other/ko/text_Moves_ko.txt,PKHeX.Core/Resources/text/other/en/text_Moves_en.txt
869,ドゲザン,도각참,Kowtow Cleave,kwsch/PKHeX,8ad201e80244f630ab5a46922ab72fb79c5ad4f4,PKHeX.Core/Resources/text/other/ja/text_Moves_ja.txt,PKHeX.Core/Resources/text/other/ko/text_Moves_ko.txt,PKHeX.Core/Resources/text/other/en/text_Moves_en.txt
870,トリックフラワー,트릭플라워,Flower Trick,kwsch/PKHeX,8ad201e80244f630ab5a46922ab72fb79c5ad4f4,PKHeX.Core/Resources/text/other/ja/text_Moves_ja.txt,PKHeX.Core/Resources/text/other/ko/text_Moves_ko.txt,PKHeX.Core/Resources/text/other/en/text_Moves_en.txt
871,フレアソング,플레어송,Torch Song,kwsch/PKHeX,8ad201e80244f630ab5a46922ab72fb79c5ad4f4,PKHeX.Core/Resources/text/other/ja/text_Moves_ja.txt,PKHeX.Core/Resources/text/other/ko/text_Moves_ko.txt,PKHeX.Core/Resources/text/other/en/text_Moves_en.txt
872,アクアステップ,아쿠아스텝,Aqua Step,kwsch/PKHeX,8ad201e80244f630ab5a46922ab72fb79c5ad4f4,PKHeX.Core/Resources/text/other/ja/text_Moves_ja.txt,PKHeX.Core/Resources/text/other/ko/text_Moves_ko.txt,PKHeX.Core/Resources/text/other/en/text_Moves_en.txt
873,レイジングブル,레이징불,Raging Bull,kwsch/PKHeX,8ad201e80244f630ab5a46922ab72fb79c5ad4f4,PKHeX.Core/Resources/text/other/ja/text_Moves_ja.txt,PKHeX.Core/Resources/text/other/ko/text_Moves_ko.txt,PKHeX.Core/Resources/text/other/en/text_Moves_en.txt
874,ゴールドラッシュ,골드러시,Make It Rain,kwsch/PKHeX,8ad201e80244f630ab5a46922ab72fb79c5ad4f4,PKHeX.Core/Resources/text/other/ja/text_Moves_ja.txt,PKHeX.Core/Resources/text/other/ko/text_Moves_ko.txt,PKHeX.Core/Resources/text/other/en/text_Moves_en.txt
875,サイコブレイド,사이코블레이드,Psyblade,kwsch/PKHeX,8ad201e80244f630ab5a46922ab72fb79c5ad4f4,PKHeX.Core/Resources/text/other/ja/text_Moves_ja.txt,PKHeX.Core/Resources/text/other/ko/text_Moves_ko.txt,PKHeX.Core/Resources/text/other/en/text_Moves_en.txt
876,ハイドロスチーム,하이드로스팀,Hydro Steam,kwsch/PKHeX,8ad201e80244f630ab5a46922ab72fb79c5ad4f4,PKHeX.Core/Resources/text/other/ja/text_Moves_ja.txt,PKHeX.Core/Resources/text/other/ko/text_Moves_ko.txt,PKHeX.Core/Resources/text/other/en/text_Moves_en.txt
877,カタストロフィ,카타스트로피,Ruination,kwsch/PKHeX,8ad201e80244f630ab5a46922ab72fb79c5ad4f4,PKHeX.Core/Resources/text/other/ja/text_Moves_ja.txt,PKHeX.Core/Resources/text/other/ko/text_Moves_ko.txt,PKHeX.Core/Resources/text/other/en/text_Moves_en.txt
878,アクセルブレイク,액셀브레이크,Collision Course,kwsch/PKHeX,8ad201e80244f630ab5a46922ab72fb79c5ad4f4,PKHeX.Core/Resources/text/other/ja/text_Moves_ja.txt,PKHeX.Core/Resources/text/other/ko/text_Moves_ko.txt,PKHeX.Core/Resources/text/other/en/text_Moves_en.txt
879,イナズマドライブ,라이트닝드라이브,Electro Drift,kwsch/PKHeX,8ad201e80244f630ab5a46922ab72fb79c5ad4f4,PKHeX.Core/Resources/text/other/ja/text_Moves_ja.txt,PKHeX.Core/Resources/text/other/ko/text_Moves_ko.txt,PKHeX.Core/Resources/text/other/en/text_Moves_en.txt
880,しっぽきり,꼬리자르기,Shed Tail,kwsch/PKHeX,8ad201e80244f630ab5a46922ab72fb79c5ad4f4,PKHeX.Core/Resources/text/other/ja/text_Moves_ja.txt,PKHeX.Core/Resources/text/other/ko/text_Moves_ko.txt,PKHeX.Core/Resources/text/other/en/text_Moves_en.txt
881,さむいギャグ,썰렁개그,Chilly Reception,kwsch/PKHeX,8ad201e80244f630ab5a46922ab72fb79c5ad4f4,PKHeX.Core/Resources/text/other/ja/text_Moves_ja.txt,PKHeX.Core/Resources/text/other/ko/text_Moves_ko.txt,PKHeX.Core/Resources/text/other/en/text_Moves_en.txt
882,おかたづけ,정리정돈,Tidy Up,kwsch/PKHeX,8ad201e80244f630ab5a46922ab72fb79c5ad4f4,PKHeX.Core/Resources/text/other/ja/text_Moves_ja.txt,PKHeX.Core/Resources/text/other/ko/text_Moves_ko.txt,PKHeX.Core/Resources/text/other/en/text_Moves_en.txt
883,ゆきげしき,설경,Snowscape,kwsch/PKHeX,8ad201e80244f630ab5a46922ab72fb79c5ad4f4,PKHeX.Core/Resources/text/other/ja/text_Moves_ja.txt,PKHeX.Core/Resources/text/other/ko/text_Moves_ko.txt,PKHeX.Core/Resources/text/other/en/text_Moves_en.txt
884,とびつく,달려들기,Pounce,kwsch/PKHeX,8ad201e80244f630ab5a46922ab72fb79c5ad4f4,PKHeX.Core/Resources/text/other/ja/text_Moves_ja.txt,PKHeX.Core/Resources/text/other/ko/text_Moves_ko.txt,PKHeX.Core/Resources/text/other/en/text_Moves_en.txt
885,くさわけ,개척하기,Trailblaze,kwsch/PKHeX,8ad201e80244f630ab5a46922ab72fb79c5ad4f4,PKHeX.Core/Resources/text/other/ja/text_Moves_ja.txt,PKHeX.Core/Resources/text/other/ko/text_Moves_ko.txt,PKHeX.Core/Resources/text/other/en/text_Moves_en.txt
886,ひやみず,찬물끼얹기,Chilling Water,kwsch/PKHeX,8ad201e80244f630ab5a46922ab72fb79c5ad4f4,PKHeX.Core/Resources/text/other/ja/text_Moves_ja.txt,PKHeX.Core/Resources/text/other/ko/text_Moves_ko.txt,PKHeX.Core/Resources/text/other/en/text_Moves_en.txt
887,ハイパードリル,하이퍼드릴,Hyper Drill,kwsch/PKHeX,8ad201e80244f630ab5a46922ab72fb79c5ad4f4,PKHeX.Core/Resources/text/other/ja/text_Moves_ja.txt,PKHeX.Core/Resources/text/other/ko/text_Moves_ko.txt,PKHeX.Core/Resources/text/other/en/text_Moves_en.txt
888,ツインビーム,트윈빔,Twin Beam,kwsch/PKHeX,8ad201e80244f630ab5a46922ab72fb79c5ad4f4,PKHeX.Core/Resources/text/other/ja/text_Moves_ja.txt,PKHeX.Core/Resources/text/other/ko/text_Moves_ko.txt,PKHeX.Core/Resources/text/other/en/text_Moves_en.txt
889,ふんどのこぶし,분노의주먹,Rage Fist,kwsch/PKHeX,8ad201e80244f630ab5a46922ab72fb79c5ad4f4,PKHeX.Core/Resources/text/other/ja/text_Moves_ja.txt,PKHeX.Core/Resources/text/other/ko/text_Moves_ko.txt,PKHeX.Core/Resources/text/other/en/text_Moves_en.txt
890,アーマーキャノン,아머캐논,Armor Cannon,kwsch/PKHeX,8ad201e80244f630ab5a46922ab72fb79c5ad4f4,PKHeX.Core/Resources/text/other/ja/text_Moves_ja.txt,PKHeX.Core/Resources/text/other/ko/text_Moves_ko.txt,PKHeX.Core/Resources/text/other/en/text_Moves_en.txt
891,むねんのつるぎ,원념의칼,Bitter Blade,kwsch/PKHeX,8ad201e80244f630ab5a46922ab72fb79c5ad4f4,PKHeX.Core/Resources/text/other/ja/text_Moves_ja.txt,PKHeX.Core/Resources/text/other/ko/text_Moves_ko.txt,PKHeX.Core/Resources/text/other/en/text_Moves_en.txt
892,でんこうそうげき,전광쌍격,Double Shock,kwsch/PKHeX,8ad201e80244f630ab5a46922ab72fb79c5ad4f4,PKHeX.Core/Resources/text/other/ja/text_Moves_ja.txt,PKHeX.Core/Resources/text/other/ko/text_Moves_ko.txt,PKHeX.Core/Resources/text/other/en/text_Moves_en.txt
893,デカハンマー,거대해머,Gigaton Hammer,kwsch/PKHeX,8ad201e80244f630ab5a46922ab72fb79c5ad4f4,PKHeX.Core/Resources/text/other/ja/text_Moves_ja.txt,PKHeX.Core/Resources/text/other/ko/text_Moves_ko.txt,PKHeX.Core/Resources/text/other/en/text_Moves_en.txt
894,ほうふく,앙갚음,Comeuppance,kwsch/PKHeX,8ad201e80244f630ab5a46922ab72fb79c5ad4f4,PKHeX.Core/Resources/text/other/ja/text_Moves_ja.txt,PKHeX.Core/Resources/text/other/ko/text_Moves_ko.txt,PKHeX.Core/Resources/text/other/en/text_Moves_en.txt
895,アクアカッター,아쿠아커터,Aqua Cutter,kwsch/PKHeX,8ad201e80244f630ab5a46922ab72fb79c5ad4f4,PKHeX.Core/Resources/text/other/ja/text_Moves_ja.txt,PKHeX.Core/Resources/text/other/ko/text_Moves_ko.txt,PKHeX.Core/Resources/text/other/en/text_Moves_en.txt
896,バーンアクセル,번액셀,Blazing Torque,kwsch/PKHeX,8ad201e80244f630ab5a46922ab72fb79c5ad4f4,PKHeX.Core/Resources/text/other/ja/text_Moves_ja.txt,PKHeX.Core/Resources/text/other/ko/text_Moves_ko.txt,PKHeX.Core/Resources/text/other/en/text_Moves_en.txt
897,ダークアクセル,다크액셀,Wicked Torque,kwsch/PKHeX,8ad201e80244f630ab5a46922ab72fb79c5ad4f4,PKHeX.Core/Resources/text/other/ja/text_Moves_ja.txt,PKHeX.Core/Resources/text/other/ko/text_Moves_ko.txt,PKHeX.Core/Resources/text/other/en/text_Moves_en.txt
898,ポイズンアクセル,포이즌액셀,Noxious Torque,kwsch/PKHeX,8ad201e80244f630ab5a46922ab72fb79c5ad4f4,PKHeX.Core/Resources/text/other/ja/text_Moves_ja.txt,PKHeX.Core/Resources/text/other/ko/text_Moves_ko.txt,PKHeX.Core/Resources/text/other/en/text_Moves_en.txt
899,ファイトアクセル,파이트액셀,Combat Torque,kwsch/PKHeX,8ad201e80244f630ab5a46922ab72fb79c5ad4f4,PKHeX.Core/Resources/text/other/ja/text_Moves_ja.txt,PKHeX.Core/Resources/text/other/ko/text_Moves_ko.txt,PKHeX.Core/Resources/text/other/en/text_Moves_en.txt
900,マジカルアクセル,매지컬액셀,Magical Torque,kwsch/PKHeX,8ad201e80244f630ab5a46922ab72fb79c5ad4f4,PKHeX.Core/Resources/text/other/ja/text_Moves_ja.txt,PKHeX.Core/Resources/text/other/ko/text_Moves_ko.txt,PKHeX.Core/Resources/text/other/en/text_Moves_en.txt
901,ブラッドムーン,블러드문,Blood Moon,kwsch/PKHeX,8ad201e80244f630ab5a46922ab72fb79c5ad4f4,PKHeX.Core/Resources/text/other/ja/text_Moves_ja.txt,PKHeX.Core/Resources/text/other/ko/text_Moves_ko.txt,PKHeX.Core/Resources/text/other/en/text_Moves_en.txt
902,シャカシャカほう,휘적휘적포,Matcha Gotcha,kwsch/PKHeX,8ad201e80244f630ab5a46922ab72fb79c5ad4f4,PKHeX.Core/Resources/text/other/ja/text_Moves_ja.txt,PKHeX.Core/Resources/text/other/ko/text_Moves_ko.txt,PKHeX.Core/Resources/text/other/en/text_Moves_en.txt
903,みずあめボム,시럽봄,Syrup Bomb,kwsch/PKHeX,8ad201e80244f630ab5a46922ab72fb79c5ad4f4,PKHeX.Core/Resources/text/other/ja/text_Moves_ja.txt,PKHeX.Core/Resources/text/other/ko/text_Moves_ko.txt,PKHeX.Core/Resources/text/other/en/text_Moves_en.txt
904,ツタこんぼう,덩굴방망이,Ivy Cudgel,kwsch/PKHeX,8ad201e80244f630ab5a46922ab72fb79c5ad4f4,PKHeX.Core/Resources/text/other/ja/text_Moves_ja.txt,PKHeX.Core/Resources/text/other/ko/text_Moves_ko.txt,PKHeX.Core/Resources/text/other/en/text_Moves_en.txt
905,エレクトロビーム,일렉트로빔,Electro Shot,kwsch/PKHeX,8ad201e80244f630ab5a46922ab72fb79c5ad4f4,PKHeX.Core/Resources/text/other/ja/text_Moves_ja.txt,PKHeX.Core/Resources/text/other/ko/text_Moves_ko.txt,PKHeX.Core/Resources/text/other/en/text_Moves_en.txt
906,テラクラスター,테라클러스터,Tera Starstorm,kwsch/PKHeX,8ad201e80244f630ab5a46922ab72fb79c5ad4f4,PKHeX.Core/Resources/text/other/ja/text_Moves_ja.txt,PKHeX.Core/Resources/text/other/ko/text_Moves_ko.txt,PKHeX.Core/Resources/text/other/en/text_Moves_en.txt
907,きまぐレーザー,변덕레이저,Fickle Beam,kwsch/PKHeX,8ad201e80244f630ab5a46922ab72fb79c5ad4f4,PKHeX.Core/Resources/text/other/ja/text_Moves_ja.txt,PKHeX.Core/Resources/text/other/ko/text_Moves_ko.txt,PKHeX.Core/Resources/text/other/en/text_Moves_en.txt
908,かえんのまもり,화염의수호,Burning Bulwark,kwsch/PKHeX,8ad201e80244f630ab5a46922ab72fb79c5ad4f4,PKHeX.Core/Resources/text/other/ja/text_Moves_ja.txt,PKHeX.Core/Resources/text/other/ko/text_Moves_ko.txt,PKHeX.Core/Resources/text/other/en/text_Moves_en.txt
909,じんらい,질풍신뢰,Thunderclap,kwsch/PKHeX,8ad201e80244f630ab5a46922ab72fb79c5ad4f4,PKHeX.Core/Resources/text/other/ja/text_Moves_ja.txt,PKHeX.Core/Resources/text/other/ko/text_Moves_ko.txt,PKHeX.Core/Resources/text/other/en/text_Moves_en.txt
910,パワフルエッジ,파워풀에지,Mighty Cleave,kwsch/PKHeX,8ad201e80244f630ab5a46922ab72fb79c5ad4f4,PKHeX.Core/Resources/text/other/ja/text_Moves_ja.txt,PKHeX.Core/Resources/text/other/ko/text_Moves_ko.txt,PKHeX.Core/Resources/text/other/en/text_Moves_en.txt
911,タキオンカッター,타키온커터,Tachyon Cutter,kwsch/PKHeX,8ad201e80244f630ab5a46922ab72fb79c5ad4f4,PKHeX.Core/Resources/text/other/ja/text_Moves_ja.txt,PKHeX.Core/Resources/text/other/ko/text_Moves_ko.txt,PKHeX.Core/Resources/text/other/en/text_Moves_en.txt
912,ハードプレス,하드프레스,Hard Press,kwsch/PKHeX,8ad201e80244f630ab5a46922ab72fb79c5ad4f4,PKHeX.Core/Resources/text/other/ja/text_Moves_ja.txt,PKHeX.Core/Resources/text/other/ko/text_Moves_ko.txt,PKHeX.Core/Resources/text/other/en/text_Moves_en.txt
913,ドラゴンエール,드래곤옐,Dragon Cheer,kwsch/PKHeX,8ad201e80244f630ab5a46922ab72fb79c5ad4f4,PKHeX.Core/Resources/text/other/ja/text_Moves_ja.txt,PKHeX.Core/Resources/text/other/ko/text_Moves_ko.txt,PKHeX.Core/Resources/text/other/en/text_Moves_en.txt
914,みわくのボイス,매혹의보이스,Alluring Voice,kwsch/PKHeX,8ad201e80244f630ab5a46922ab72fb79c5ad4f4,PKHeX.Core/Resources/text/other/ja/text_Moves_ja.txt,PKHeX.Core/Resources/text/other/ko/text_Moves_ko.txt,PKHeX.Core/Resources/text/other/en/text_Moves_en.txt
915,やけっぱち,열불내기,Temper Flare,kwsch/PKHeX,8ad201e80244f630ab5a46922ab72fb79c5ad4f4,PKHeX.Core/Resources/text/other/ja/text_Moves_ja.txt,PKHeX.Core/Resources/text/other/ko/text_Moves_ko.txt,PKHeX.Core/Resources/text/other/en/text_Moves_en.txt
916,サンダーダイブ,썬더다이브,Supercell Slam,kwsch/PKHeX,8ad201e80244f630ab5a46922ab72fb79c5ad4f4,PKHeX.Core/Resources/text/other/ja/text_Moves_ja.txt,PKHeX.Core/Resources/text/other/ko/text_Moves_ko.txt,PKHeX.Core/Resources/text/other/en/text_Moves_en.txt
917,サイコノイズ,사이코노이즈,Psychic Noise,kwsch/PKHeX,8ad201e80244f630ab5a46922ab72fb79c5ad4f4,PKHeX.Core/Resources/text/other/ja/text_Moves_ja.txt,PKHeX.Core/Resources/text/other/ko/text_Moves_ko.txt,PKHeX.Core/Resources/text/other/en/text_Moves_en.txt
918,はやてがえし,기선제압,Upper Hand,kwsch/PKHeX,8ad201e80244f630ab5a46922ab72fb79c5ad4f4,PKHeX.Core/Resources/text/other/ja/text_Moves_ja.txt,PKHeX.Core/Resources/text/other/ko/text_Moves_ko.txt,PKHeX.Core/Resources/text/other/en/text_Moves_en.txt
919,じゃどくのくさり,악독사슬,Malignant Chain,kwsch/PKHeX,8ad201e80244f630ab5a46922ab72fb79c5ad4f4,PKHeX.Core/Resources/text/other/ja/text_Moves_ja.txt,PKHeX.Core/Resources/text/other/ko/text_Moves_ko.txt,PKHeX.Core/Resources/text/other/en/text_Moves_en.txt
920,むにきすひかり,니힐레이저,Nihil Light,kwsch/PKHeX,8ad201e80244f630ab5a46922ab72fb79c5ad4f4,PKHeX.Core/Resources/text/other/ja/text_Moves_ja.txt,PKHeX.Core/Resources/text/other/ko/text_Moves_ko.txt,PKHeX.Core/Resources/text/other/en/text_Moves_en.txt
