path,blob_sha,size,source_commit
PKHeX.Core/Resources/byte/eggmove/eggmove_ao.pkl,40bb42edb4de44c7e13ba16550bc5ed8b27cd314,7658,8ad201e80244f630ab5a46922ab72fb79c5ad4f4
PKHeX.Core/Resources/byte/eggmove/eggmove_bdsp.pkl,9953e03f898ee991c63009dc29b78a41f3f79c7e,4866,8ad201e80244f630ab5a46922ab72fb79c5ad4f4
PKHeX.Core/Resources/byte/eggmove/eggmove_bw.pkl,f3844e7334b794c66ff3751f887d4fe6aebcb11b,6826,8ad201e80244f630ab5a46922ab72fb79c5ad4f4
PKHeX.Core/Resources/byte/eggmove/eggmove_c.pkl,aa323e42bc8e9a5746a34ffe1fbbc9c45aada3fc,1460,8ad201e80244f630ab5a46922ab72fb79c5ad4f4
PKHeX.Core/Resources/byte/eggmove/eggmove_dppt.pkl,0c4d525186b69490ba282668c7bc1947b430590b,4348,8ad201e80244f630ab5a46922ab72fb79c5ad4f4
PKHeX.Core/Resources/byte/eggmove/eggmove_gs.pkl,c658243e40dac1c6e6f060ec6a132a255b3aa482,1442,8ad201e80244f630ab5a46922ab72fb79c5ad4f4
PKHeX.Core/Resources/byte/eggmove/eggmove_hgss.pkl,34f8bd74d3ce946f12a79455083942630d18305b,4618,8ad201e80244f630ab5a46922ab72fb79c5ad4f4
PKHeX.Core/Resources/byte/eggmove/eggmove_rs.pkl,055cb731723eb8e249b3cf44f51fa917e3f50de0,2696,8ad201e80244f630ab5a46922ab72fb79c5ad4f4
PKHeX.Core/Resources/byte/eggmove/eggmove_sm.pkl,6622abf82e51c401678bb1d5f948fa07e89818e4,8708,8ad201e80244f630ab5a46922ab72fb79c5ad4f4
PKHeX.Core/Resources/byte/eggmove/eggmove_sv.pkl,61945fdf4091a3cb5b1047963ed7899d7e9bb2ef,6248,8ad201e80244f630ab5a46922ab72fb79c5ad4f4
PKHeX.Core/Resources/byte/eggmove/eggmove_swsh.pkl,2fec7871e38dd2aa0840305010a03d3b60e4a59f,5262,8ad201e80244f630ab5a46922ab72fb79c5ad4f4
PKHeX.Core/Resources/byte/eggmove/eggmove_uu.pkl,639c7b3c52c92924bb3a62b75db2b9f35577bed9,9006,8ad201e80244f630ab5a46922ab72fb79c5ad4f4
PKHeX.Core/Resources/byte/eggmove/eggmove_xy.pkl,35a7dbfceef9f187de8d9cd8d01f8a471cf91603,7652,8ad201e80244f630ab5a46922ab72fb79c5ad4f4
PKHeX.Core/Resources/byte/evolve/evos_bs.pkl,5e1c8a19a08c6c9b648448d24ba52d5676f0e52b,3150,8ad201e80244f630ab5a46922ab72fb79c5ad4f4
PKHeX.Core/Resources/byte/evolve/evos_g1.pkl,911f6921b384914bb48ec45f13ed504bfe709913,886,8ad201e80244f630ab5a46922ab72fb79c5ad4f4
PKHeX.Core/Resources/byte/evolve/evos_g2.pkl,e48ede88fc77a59a1cbd59986dfafa6804da4d06,1486,8ad201e80244f630ab5a46922ab72fb79c5ad4f4
PKHeX.Core/Resources/byte/evolve/evos_g3.pkl,a7de8f8b2679f77bc1abc6d9b867b390d387ac44,2252,8ad201e80244f630ab5a46922ab72fb79c5ad4f4
PKHeX.Core/Resources/byte/evolve/evos_g4.pkl,6eff81f1221b49dd366cc5b26bda5028c3132a52,2962,8ad201e80244f630ab5a46922ab72fb79c5ad4f4
PKHeX.Core/Resources/byte/evolve/evos_g5.pkl,7cf50d733ba9a5479501fca4c35d632b39eefe80,3874,8ad201e80244f630ab5a46922ab72fb79c5ad4f4
PKHeX.Core/Resources/byte/evolve/evos_g6.pkl,265b50cc68476980d72abf969a41d659f6413fc8,4570,8ad201e80244f630ab5a46922ab72fb79c5ad4f4
PKHeX.Core/Resources/byte/evolve/evos_gg.pkl,c625df66c955a2af36cdc54cb14351ca52f349ff,5054,8ad201e80244f630ab5a46922ab72fb79c5ad4f4
PKHeX.Core/Resources/byte/evolve/evos_la.pkl,c6784f7fe68a1982a8e27d394732c4f6ccf5f08d,3726,8ad201e80244f630ab5a46922ab72fb79c5ad4f4
PKHeX.Core/Resources/byte/evolve/evos_ss.pkl,87f73d6e85e7ff0dc801f54372c5415a013d64a5,5118,8ad201e80244f630ab5a46922ab72fb79c5ad4f4
PKHeX.Core/Resources/byte/evolve/evos_sv.pkl,7204ea3608ad9416b582ed2bc7bccd07fca40980,6342,8ad201e80244f630ab5a46922ab72fb79c5ad4f4
PKHeX.Core/Resources/byte/evolve/evos_uu.pkl,1b021d079b5c1c97035b536809bfae421d508f63,5238,8ad201e80244f630ab5a46922ab72fb79c5ad4f4
PKHeX.Core/Resources/byte/evolve/evos_za.pkl,d4e67c135de0c6067ca2fa39f566faf7dee6ffdd,4832,8ad201e80244f630ab5a46922ab72fb79c5ad4f4
PKHeX.Core/Resources/byte/levelup/lvlmove_ao.pkl,1e19224930786684a58dfd4dd00f35fd52cef703,41264,8ad201e80244f630ab5a46922ab72fb79c5ad4f4
PKHeX.Core/Resources/byte/levelup/lvlmove_b2w2.pkl,3ea676a35cd452c379de35a470564f48fde556fc,31403,8ad201e80244f630ab5a46922ab72fb79c5ad4f4
PKHeX.Core/Resources/byte/levelup/lvlmove_bdsp.pkl,4ee89e023e115b5d1d394187d8518fe3c7ca643a,26278,8ad201e80244f630ab5a46922ab72fb79c5ad4f4
PKHeX.Core/Resources/byte/levelup/lvlmove_bw.pkl,d5d5479ec8958e2d1b9ca878b1905be2713f0757,30469,8ad201e80244f630ab5a46922ab72fb79c5ad4f4
PKHeX.Core/Resources/byte/levelup/lvlmove_c.pkl,fad1fe3af2d53a19f8d77f06c1ee3b08fbbbc33c,7155,8ad201e80244f630ab5a46922ab72fb79c5ad4f4
PKHeX.Core/Resources/byte/levelup/lvlmove_dp.pkl,fda24f3a38f805ac75e9036d33c91911283dc36f,20799,8ad201e80244f630ab5a46922ab72fb79c5ad4f4
PKHeX.Core/Resources/byte/levelup/lvlmove_e.pkl,15c95b7cd2874d04cccdcbef0aae7af9071e79ce,12624,8ad201e80244f630ab5a46922ab72fb79c5ad4f4
PKHeX.Core/Resources/byte/levelup/lvlmove_fr.pkl,34c27df4660c877abc352f0f7f7c42fc87f9f606,12816,8ad201e80244f630ab5a46922ab72fb79c5ad4f4
PKHeX.Core/Resources/byte/levelup/lvlmove_gg.pkl,4fe8513d72c3cb9975c88df76a12a5cf7e03998e,8740,8ad201e80244f630ab5a46922ab72fb79c5ad4f4
PKHeX.Core/Resources/byte/levelup/lvlmove_gs.pkl,bb6aeeb10ad9fd81dd1354d2250fe8ea5050cf86,7131,8ad201e80244f630ab5a46922ab72fb79c5ad4f4
PKHeX.Core/Resources/byte/levelup/lvlmove_hgss.pkl,4d660b4b1054b248d767353128792a6dab027a54,21314,8ad201e80244f630ab5a46922ab72fb79c5ad4f4
PKHeX.Core/Resources/byte/levelup/lvlmove_la.pkl,eefe34ceccfa343aa3e2d9085677bc46668f8632,9479,8ad201e80244f630ab5a46922ab72fb79c5ad4f4
PKHeX.Core/Resources/byte/levelup/lvlmove_lg.pkl,85980615072a7c922c30e635fdecfdc7ee875f51,12822,8ad201e80244f630ab5a46922ab72fb79c5ad4f4
PKHeX.Core/Resources/byte/levelup/lvlmove_pt.pkl,d71bab0b6eb67264751da0654af02a5daa8c3f63,21281,8ad201e80244f630ab5a46922ab72fb79c5ad4f4
PKHeX.Core/Resources/byte/levelup/lvlmove_rb.pkl,90549e962e2fab5975029ac0ab50e8c0fb888b0a,2494,8ad201e80244f630ab5a46922ab72fb79c5ad4f4
PKHeX.Core/Resources/byte/levelup/lvlmove_rs.pkl,6570a1c3f8c14dc5b9a725ef7a8ab4f2fe9d4057,12624,8ad201e80244f630ab5a46922ab72fb79c5ad4f4
PKHeX.Core/Resources/byte/levelup/lvlmove_sm.pkl,58d9a19fabb6084b4ea2ab019bdddcc37ced5125,49262,8ad201e80244f630ab5a46922ab72fb79c5ad4f4
PKHeX.Core/Resources/byte/levelup/lvlmove_sv.pkl,09ee4f4b47dfae2c2d79f7dd909408c7c7e601a7,63433,8ad201e80244f630ab5a46922ab72fb79c5ad4f4
PKHeX.Core/Resources/byte/levelup/lvlmove_swsh.pkl,4ce3c5828754510922fd84b15f0a776dcef4d1e6,39140,8ad201e80244f630ab5a46922ab72fb79c5ad4f4
PKHeX.Core/Resources/byte/levelup/lvlmove_uu.pkl,17079be1276791d2a690065f1b1efe26fff57aac,50114,8ad201e80244f630ab5a46922ab72fb79c5ad4f4
PKHeX.Core/Resources/byte/levelup/lvlmove_xy.pkl,0c76609976d29c3187a6c50e6dba6090c39baabd,39197,8ad201e80244f630ab5a46922ab72fb79c5ad4f4
PKHeX.Core/Resources/byte/levelup/lvlmove_y.pkl,abc585fbfabed2b0391755e955c1d1c5cb5d6c45,2575,8ad201e80244f630ab5a46922ab72fb79c5ad4f4
PKHeX.Core/Resources/byte/levelup/lvlmove_za.pkl,8f3c0619afb5b35f03486795069c37f4839245cd,27312,8ad201e80244f630ab5a46922ab72fb79c5ad4f4
PKHeX.Core/Resources/byte/levelup/reminder_stad2.pkl,0553dd13191cdcb18cb20b430ff6ccf1d2fba9ff,11798,8ad201e80244f630ab5a46922ab72fb79c5ad4f4
PKHeX.Core/Resources/byte/personal/hmtm_g3.pkl,76a435faa24a00a1b256d539238c2d153cc4595c,4652,8ad201e80244f630ab5a46922ab72fb79c5ad4f4
PKHeX.Core/Resources/byte/personal/personal_ao,5263c9cbeb92bd15f4d1b8a691e5391eb91aac7a,66080,8ad201e80244f630ab5a46922ab72fb79c5ad4f4
PKHeX.Core/Resources/byte/personal/personal_b2w2,9236ad139126af222e915650dbda70d6df897399,53884,8ad201e80244f630ab5a46922ab72fb79c5ad4f4
PKHeX.Core/Resources/byte/personal/personal_bdsp,25e7ec955631e1378f5bebdb520f1bd0da59f14e,38080,8ad201e80244f630ab5a46922ab72fb79c5ad4f4
PKHeX.Core/Resources/byte/personal/personal_bw,de1a0654e8540a5c7e5c8b5e6448db50bb6d8c55,40080,8ad201e80244f630ab5a46922ab72fb79c5ad4f4
PKHeX.Core/Resources/byte/personal/personal_c,a4c5debd2f2156d6a87df160232d780f5ef569c8,8064,8ad201e80244f630ab5a46922ab72fb79c5ad4f4
PKHeX.Core/Resources/byte/personal/personal_dp,786fa05a9770af017736490e1b68de8d492e5a50,22044,8ad201e80244f630ab5a46922ab72fb79c5ad4f4
PKHeX.Core/Resources/byte/personal/personal_e,102fbfdd76ce94fe28efcbd8735fb7175ca36ffd,10836,8ad201e80244f630ab5a46922ab72fb79c5ad4f4
PKHeX.Core/Resources/byte/personal/personal_fr,b27f7f8c1902695e97a5a48835266b1c7c7d1ef1,10836,8ad201e80244f630ab5a46922ab72fb79c5ad4f4
PKHeX.Core/Resources/byte/personal/personal_gg,1a7fa16b2d2c5fcb876202e25a63336fe2932d38,82320,8ad201e80244f630ab5a46922ab72fb79c5ad4f4
PKHeX.Core/Resources/byte/personal/personal_gs,05130b80bd5e223b6cf75993482d10c16f8a033d,8064,8ad201e80244f630ab5a46922ab72fb79c5ad4f4
PKHeX.Core/Resources/byte/personal/personal_hgss,25f70175542096ce5f3c6214146d794b314716bc,22352,8ad201e80244f630ab5a46922ab72fb79c5ad4f4
PKHeX.Core/Resources/byte/personal/personal_la,5ece060de236b87fb73e0131b32765bc3d3924a8,224576,8ad201e80244f630ab5a46922ab72fb79c5ad4f4
PKHeX.Core/Resources/byte/personal/personal_lg,8b7b3a39091e25bd6ee53d901bd28e9ffe77bbe5,10836,8ad201e80244f630ab5a46922ab72fb79c5ad4f4
PKHeX.Core/Resources/byte/personal/personal_pt,6915c641371adeeae278119a5340c72302133687,22352,8ad201e80244f630ab5a46922ab72fb79c5ad4f4
PKHeX.Core/Resources/byte/personal/personal_rb,a9b10fb9a1123a1dcb7eb839c7c2fd715a4aa735,4256,8ad201e80244f630ab5a46922ab72fb79c5ad4f4
PKHeX.Core/Resources/byte/personal/personal_rs,caffa70afc672d60afdc8d30eaa7c14f569521aa,10836,8ad201e80244f630ab5a46922ab72fb79c5ad4f4
PKHeX.Core/Resources/byte/personal/personal_sm,a5b7a73fa01445ec7c95d8656e2fd37f2b277dc8,80724,8ad201e80244f630ab5a46922ab72fb79c5ad4f4
PKHeX.Core/Resources/byte/personal/personal_sv,a44a6621a093e0e82944a7cc0c08f1408bc7a6dd,113920,8ad201e80244f630ab5a46922ab72fb79c5ad4f4
PKHeX.Core/Resources/byte/personal/personal_swsh,36ce653dc5693252b9a301e77d48b387f8f1de68,209792,8ad201e80244f630ab5a46922ab72fb79c5ad4f4
PKHeX.Core/Resources/byte/personal/personal_uu,3803c5242a0e021f18ec8219ec78faab3a16de82,81984,8ad201e80244f630ab5a46922ab72fb79c5ad4f4
PKHeX.Core/Resources/byte/personal/personal_xy,defb7168d5bfa4be68ef0ed800e0eb0ce4846ce9,51136,8ad201e80244f630ab5a46922ab72fb79c5ad4f4
PKHeX.Core/Resources/byte/personal/personal_y,cc0b17be429d80587b472a725c4dde1fa454a38c,4256,8ad201e80244f630ab5a46922ab72fb79c5ad4f4
PKHeX.Core/Resources/byte/personal/personal_za,022653cf69cc732a73f5200087ff167599200ef5,115600,8ad201e80244f630ab5a46922ab72fb79c5ad4f4
PKHeX.Core/Resources/byte/personal/reminder_sv.pkl,09a926b2e5e6c3408a200bd704399ae03a2b7e7b,3482,8ad201e80244f630ab5a46922ab72fb79c5ad4f4
PKHeX.Core/Resources/byte/personal/reminder_za.pkl,09a926b2e5e6c3408a200bd704399ae03a2b7e7b,3482,8ad201e80244f630ab5a46922ab72fb79c5ad4f4
PKHeX.Core/Resources/byte/personal/tutors_g3.pkl,258da131016ae210842ad131a94aed204d89de66,3104,8ad201e80244f630ab5a46922ab72fb79c5ad4f4
PKHeX.Core/Resources/byte/personal/tutors_g4.pkl,d18a9bb95e35ece27b40aeaa481b3c873a9d0a4c,6104,8ad201e80244f630ab5a46922ab72fb79c5ad4f4
PKHeX.Core/Resources/byte/zukan_research/researchtask_la.pkl,d6a5660cc99e82e998c6fae167a33d6670f727d8,65416,8ad201e80244f630ab5a46922ab72fb79c5ad4f4
PKHeX.Core/Resources/legality/gen1/text_traderby_de.txt,66453a5d7c5be6c59a40096cbf955ab9feb7deb3,90,8ad201e80244f630ab5a46922ab72fb79c5ad4f4
PKHeX.Core/Resources/legality/gen1/text_traderby_en.txt,ffd457b439d87dfc8f7b0643e7321a8f8d6dc8b1,98,8ad201e80244f630ab5a46922ab72fb79c5ad4f4
PKHeX.Core/Resources/legality/gen1/text_traderby_es.txt,e04bc358941a4a136eacb83fecff8bce9bae19f2,97,8ad201e80244f630ab5a46922ab72fb79c5ad4f4
PKHeX.Core/Resources/legality/gen1/text_traderby_fr.txt,e666e1e0a8cf899e4d4bc9f7246cb09e86e5798d,125,8ad201e80244f630ab5a46922ab72fb79c5ad4f4
PKHeX.Core/Resources/legality/gen1/text_traderby_it.txt,7bdd8cac705ab2033adf331e0db72e061734bbc5,102,8ad201e80244f630ab5a46922ab72fb79c5ad4f4
PKHeX.Core/Resources/legality/gen1/text_traderby_ja.txt,b045fe90b39b8fde1171c4851ebcbe416c307470,301,8ad201e80244f630ab5a46922ab72fb79c5ad4f4
PKHeX.Core/Resources/legality/gen2/text_tradegsc_de.txt,972964df0121f4d1ca1c12beb7527ada7bc40ec2,138,8ad201e80244f630ab5a46922ab72fb79c5ad4f4
PKHeX.Core/Resources/legality/gen2/text_tradegsc_en.txt,f9070f591b36cfe94644c2828a192758dcad8f73,126,8ad201e80244f630ab5a46922ab72fb79c5ad4f4
PKHeX.Core/Resources/legality/gen2/text_tradegsc_es.txt,690c4ee8f8cd9d808b9cfe59b9debad0be020490,127,8ad201e80244f630ab5a46922ab72fb79c5ad4f4
PKHeX.Core/Resources/legality/gen2/text_tradegsc_fr.txt,268be5d6dbca227f69b7ccedd666bdae8034e43c,142,8ad201e80244f630ab5a46922ab72fb79c5ad4f4
PKHeX.Core/Resources/legality/gen2/text_tradegsc_it.txt,7dc8db0f2d92781fca974a895e301045a6d9266c,122,8ad201e80244f630ab5a46922ab72fb79c5ad4f4
PKHeX.Core/Resources/legality/gen2/text_tradegsc_ja.txt,e60391335afac1371b1c4901758ad04fb0362b9d,243,8ad201e80244f630ab5a46922ab72fb79c5ad4f4
PKHeX.Core/Resources/legality/gen2/text_tradegsc_ko.txt,36e8d61f2d072cc7504a8d730db83db311abede9,141,8ad201e80244f630ab5a46922ab72fb79c5ad4f4
PKHeX.Core/Resources/legality/gen3/text_tradefrlg_de.txt,5d6991f3822c8aa9f35a15c33e03b198b0e19b0d,184,8ad201e80244f630ab5a46922ab72fb79c5ad4f4
PKHeX.Core/Resources/legality/gen3/text_tradefrlg_en.txt,ec9dca89e084946af345ceeb523515b36e7bccc1,163,8ad201e80244f630ab5a46922ab72fb79c5ad4f4
PKHeX.Core/Resources/legality/gen3/text_tradefrlg_es.txt,38a29d25204db0ac1fc4389bcb602700a84f9d33,176,8ad201e80244f630ab5a46922ab72fb79c5ad4f4
PKHeX.Core/Resources/legality/gen3/text_tradefrlg_fr.txt,725e7213526749e2d628068a59d58989eccbeff2,172,8ad201e80244f630ab5a46922ab72fb79c5ad4f4
PKHeX.Core/Resources/legality/gen3/text_tradefrlg_it.txt,71f68a675189429f0384f829722fcf6af21cd811,161,8ad201e80244f630ab5a46922ab72fb79c5ad4f4
PKHeX.Core/Resources/legality/gen3/text_tradefrlg_ja.txt,71cac780ef06e2d10b75fd1c1f277c35bf5217c9,314,8ad201e80244f630ab5a46922ab72fb79c5ad4f4
PKHeX.Core/Resources/legality/gen3/text_traderse_de.txt,4f3a49fb403d9ad6396bc08e9f582c51faf1bb10,103,8ad201e80244f630ab5a46922ab72fb79c5ad4f4
PKHeX.Core/Resources/legality/gen3/text_traderse_en.txt,242555a0c5870998af8e1364d51a1b6b2ea232ff,91,8ad201e80244f630ab5a46922ab72fb79c5ad4f4
PKHeX.Core/Resources/legality/gen3/text_traderse_es.txt,d7ca76cfd5487e221bdd28256eebc49a1a17bf8e,91,8ad201e80244f630ab5a46922ab72fb79c5ad4f4
PKHeX.Core/Resources/legality/gen3/text_traderse_fr.txt,8f7a7328bf5999ce30a2d180fe452a0ab986a267,86,8ad201e80244f630ab5a46922ab72fb79c5ad4f4
PKHeX.Core/Resources/legality/gen3/text_traderse_it.txt,36e448be11c9f80f96a5dc51e26db622c1869ac7,91,8ad201e80244f630ab5a46922ab72fb79c5ad4f4
PKHeX.Core/Resources/legality/gen3/text_traderse_ja.txt,59f0a6ff7d9a3df83ee48385e9c9809a590ec7f7,172,8ad201e80244f630ab5a46922ab72fb79c5ad4f4
PKHeX.Core/Resources/legality/gen4/text_tradedppt_de.txt,84c07bc0c06df37798adb52937a601fddc559b47,54,8ad201e80244f630ab5a46922ab72fb79c5ad4f4
PKHeX.Core/Resources/legality/gen4/text_tradedppt_en.txt,68bfa4d6c1a6cd3c8fbaeea9fb6d11c5a4b16475,56,8ad201e80244f630ab5a46922ab72fb79c5ad4f4
PKHeX.Core/Resources/legality/gen4/text_tradedppt_es.txt,4d916aa007967f4024839b6ce941fafe0db3bf6b,55,8ad201e80244f630ab5a46922ab72fb79c5ad4f4
PKHeX.Core/Resources/legality/gen4/text_tradedppt_fr.txt,de3eece932ebbcdc29b0ca521aeaaa76d0dd5507,58,8ad201e80244f630ab5a46922ab72fb79c5ad4f4
PKHeX.Core/Resources/legality/gen4/text_tradedppt_it.txt,c5aa2cfed9d2526156e7bf98a0e9a262513f83fb,57,8ad201e80244f630ab5a46922ab72fb79c5ad4f4
PKHeX.Core/Resources/legality/gen4/text_tradedppt_ja.txt,755e137b849fdcfb30a8dff0e1852ae269e3a23e,116,8ad201e80244f630ab5a46922ab72fb79c5ad4f4
PKHeX.Core/Resources/legality/gen4/text_tradedppt_ko.txt,5dfd8f9b984bf230646556cbd2ed899f68923ad5,80,8ad201e80244f630ab5a46922ab72fb79c5ad4f4
PKHeX.Core/Resources/legality/gen4/text_tradehgss_de.txt,69e72a7c7b7ebfa34c633ec7c7667240286e6ade,165,8ad201e80244f630ab5a46922ab72fb79c5ad4f4
PKHeX.Core/Resources/legality/gen4/text_tradehgss_en.txt,616de2d7a753a74dad33238bce18118ae0613ff8,158,8ad201e80244f630ab5a46922ab72fb79c5ad4f4
PKHeX.Core/Resources/legality/gen4/text_tradehgss_es.txt,8cef4976f95caa4c00b18af665191ad2fea2db4f,180,8ad201e80244f630ab5a46922ab72fb79c5ad4f4
PKHeX.Core/Resources/legality/gen4/text_tradehgss_fr.txt,d17d85cced0d45cf9d31e62c2febec80db9f0d0a,179,8ad201e80244f630ab5a46922ab72fb79c5ad4f4
PKHeX.Core/Resources/legality/gen4/text_tradehgss_it.txt,0091d930bd445c0ac104bc2d56bfebcda6a7a28e,171,8ad201e80244f630ab5a46922ab72fb79c5ad4f4
PKHeX.Core/Resources/legality/gen4/text_tradehgss_ja.txt,3b6c618fe76253d15981611a111ae2e0035434b5,253,8ad201e80244f630ab5a46922ab72fb79c5ad4f4
PKHeX.Core/Resources/legality/gen4/text_tradehgss_ko.txt,797fcc3116f166bfc5b6379516e25f87377c72d1,184,8ad201e80244f630ab5a46922ab72fb79c5ad4f4
PKHeX.Core/Resources/legality/gen5/text_tradeb2w2_de.txt,4cf80de3135cf360f9d82584a71962f6b22f400a,101,8ad201e80244f630ab5a46922ab72fb79c5ad4f4
PKHeX.Core/Resources/legality/gen5/text_tradeb2w2_en.txt,230db9d2821cba1565495639387b08c33608d433,104,8ad201e80244f630ab5a46922ab72fb79c5ad4f4
PKHeX.Core/Resources/legality/gen5/text_tradeb2w2_es.txt,f3b2f1457e1a2164cbde53089d73125275c241ae,106,8ad201e80244f630ab5a46922ab72fb79c5ad4f4
PKHeX.Core/Resources/legality/gen5/text_tradeb2w2_fr.txt,9c4c3ec8ac4964c44be45ee4457871b6b19ca93f,111,8ad201e80244f630ab5a46922ab72fb79c5ad4f4
PKHeX.Core/Resources/legality/gen5/text_tradeb2w2_it.txt,42272bc7a4c69c2c0b6bbbc60c3764a5d0f45b9e,102,8ad201e80244f630ab5a46922ab72fb79c5ad4f4
PKHeX.Core/Resources/legality/gen5/text_tradeb2w2_ja.txt,c0364ea2e7bfce2ae7cc3916fef8a583fb7f6a59,172,8ad201e80244f630ab5a46922ab72fb79c5ad4f4
PKHeX.Core/Resources/legality/gen5/text_tradeb2w2_ko.txt,6e79bb659893e90d612a6834d4cb69fd111a443f,130,8ad201e80244f630ab5a46922ab72fb79c5ad4f4
PKHeX.Core/Resources/legality/gen5/text_tradebw_de.txt,786850ed09dd84a4c32c8064215910379c38b667,101,8ad201e80244f630ab5a46922ab72fb79c5ad4f4
PKHeX.Core/Resources/legality/gen5/text_tradebw_en.txt,312b1ad8cbd68eab630931405aa095da38aca101,90,8ad201e80244f630ab5a46922ab72fb79c5ad4f4
PKHeX.Core/Resources/legality/gen5/text_tradebw_es.txt,bc90b77c898c156cd4b42960cae838403f6e20c8,100,8ad201e80244f630ab5a46922ab72fb79c5ad4f4
PKHeX.Core/Resources/legality/gen5/text_tradebw_fr.txt,db4b4a3efac44a0a0647de7121920ade7f3d2c6b,123,8ad201e80244f630ab5a46922ab72fb79c5ad4f4
PKHeX.Core/Resources/legality/gen5/text_tradebw_it.txt,a494cd6212a47e3c7ac1881c535a9323f458b968,94,8ad201e80244f630ab5a46922ab72fb79c5ad4f4
PKHeX.Core/Resources/legality/gen5/text_tradebw_ja.txt,a47ccfbda64f440d2266a56ea01b641b483ca7d8,151,8ad201e80244f630ab5a46922ab72fb79c5ad4f4
PKHeX.Core/Resources/legality/gen5/text_tradebw_ko.txt,ebd57d605eae58ca69a0391891a02997e5d297de,112,8ad201e80244f630ab5a46922ab72fb79c5ad4f4
PKHeX.Core/Resources/legality/gen6/text_tradeao_de.txt,3a43d5c6f534f2357c3ee963dc33d73cbcbcbd04,44,8ad201e80244f630ab5a46922ab72fb79c5ad4f4
PKHeX.Core/Resources/legality/gen6/text_tradeao_en.txt,9de236844cc7304cc7f4c4479582f2eed6eedb8f,42,8ad201e80244f630ab5a46922ab72fb79c5ad4f4
PKHeX.Core/Resources/legality/gen6/text_tradeao_es.txt,14d3a0deb0c1cf986d8e32d4380f68e12aeab31d,42,8ad201e80244f630ab5a46922ab72fb79c5ad4f4
PKHeX.Core/Resources/legality/gen6/text_tradeao_fr.txt,f20ffb9eb6625de60f791c885907a5764ab8ab91,49,8ad201e80244f630ab5a46922ab72fb79c5ad4f4
PKHeX.Core/Resources/legality/gen6/text_tradeao_it.txt,03d4f54d4dbb0ffc35b3bd58d2dff5381b87e18d,42,8ad201e80244f630ab5a46922ab72fb79c5ad4f4
PKHeX.Core/Resources/legality/gen6/text_tradeao_ja.txt,c0bc4e619068097bfdb454f89ea506473bf52db1,83,8ad201e80244f630ab5a46922ab72fb79c5ad4f4
PKHeX.Core/Resources/legality/gen6/text_tradeao_ko.txt,b5885e9234431fb1414d9c34a7b4f336603b2f0c,62,8ad201e80244f630ab5a46922ab72fb79c5ad4f4
PKHeX.Core/Resources/legality/gen6/text_tradeao_zh-Hans.txt,4182487744cd2b3abffbfbaecf3ecdcd63cdb096,50,8ad201e80244f630ab5a46922ab72fb79c5ad4f4
PKHeX.Core/Resources/legality/gen6/text_tradexy_de.txt,71b8bd11c2008e0e0be36389ce44c6ab26c83009,139,8ad201e80244f630ab5a46922ab72fb79c5ad4f4
PKHeX.Core/Resources/legality/gen6/text_tradexy_en.txt,af347773c77fe071fcb63f362cba7878dde15701,142,8ad201e80244f630ab5a46922ab72fb79c5ad4f4
PKHeX.Core/Resources/legality/gen6/text_tradexy_es.txt,f70cf40cb2a927d6ccf6f7e0c69b08b8d9c41e2b,151,8ad201e80244f630ab5a46922ab72fb79c5ad4f4
PKHeX.Core/Resources/legality/gen6/text_tradexy_fr.txt,373eb6d8d70cc4e4b33f48bccad555e9aecb5bbb,154,8ad201e80244f630ab5a46922ab72fb79c5ad4f4
PKHeX.Core/Resources/legality/gen6/text_tradexy_it.txt,3c42386ff32cc023bc94f77f1a959039c5ca1ea6,132,8ad201e80244f630ab5a46922ab72fb79c5ad4f4
PKHeX.Core/Resources/legality/gen6/text_tradexy_ja.txt,1c010e28267878042c10cb5ea50d8032387ed7b7,188,8ad201e80244f630ab5a46922ab72fb79c5ad4f4
PKHeX.Core/Resources/legality/gen6/text_tradexy_ko.txt,92a08c1dca93a6a30389536ad02eca2a9b73c932,146,8ad201e80244f630ab5a46922ab72fb79c5ad4f4
PKHeX.Core/Resources/legality/gen6/text_tradexy_zh-Hans.txt,30a7cb53fa18fdaf0720593c0adc992de20cf914,143,8ad201e80244f630ab5a46922ab72fb79c5ad4f4
PKHeX.Core/Resources/legality/gen7/text_tradesm_de.txt,78e67da48ec007750ddf2135a2b0fcb0e40f5c11,99,8ad201e80244f630ab5a46922ab72fb79c5ad4f4
PKHeX.Core/Resources/legality/gen7/text_tradesm_en.txt,12041a5d284de489188a11b94a4d6b275dcaa527,90,8ad201e80244f630ab5a46922ab72fb79c5ad4f4
PKHeX.Core/Resources/legality/gen7/text_tradesm_es.txt,726fb2df34acf2bf685e40849ba8c8c1cd57d79a,81,8ad201e80244f630ab5a46922ab72fb79c5ad4f4
PKHeX.Core/Resources/legality/gen7/text_tradesm_fr.txt,88ce70a471e245abb7f4254e1b98e91bb7c0c8fd,115,8ad201e80244f630ab5a46922ab72fb79c5ad4f4
PKHeX.Core/Resources/legality/gen7/text_tradesm_it.txt,2096966786845a39187fa1a9da1454e4281b1d84,94,8ad201e80244f630ab5a46922ab72fb79c5ad4f4
PKHeX.Core/Resources/legality/gen7/text_tradesm_ja.txt,b4b719de7a18e38a81689a85f371fdf4e4633f5a,163,8ad201e80244f630ab5a46922ab72fb79c5ad4f4
PKHeX.Core/Resources/legality/gen7/text_tradesm_ko.txt,0559bd71efeb3339cf167d4d58a3e92bef831bad,139,8ad201e80244f630ab5a46922ab72fb79c5ad4f4
PKHeX.Core/Resources/legality/gen7/text_tradesm_zh-Hans.txt,743111c31c5582d528f5747a2569dbac6409beea,220,8ad201e80244f630ab5a46922ab72fb79c5ad4f4
PKHeX.Core/Resources/legality/gen7/text_tradesm_zh-Hant.txt,743111c31c5582d528f5747a2569dbac6409beea,220,8ad201e80244f630ab5a46922ab72fb79c5ad4f4
PKHeX.Core/Resources/legality/gen7/text_tradeusum_de.txt,35231e5e035199fab1d1b5f581a358f70c66c849,99,8ad201e80244f630ab5a46922ab72fb79c5ad4f4
PKHeX.Core/Resources/legality/gen7/text_tradeusum_en.txt,bf86564ccd1f6c823689ae0babc3206cdff399a1,86,8ad201e80244f630ab5a46922ab72fb79c5ad4f4
PKHeX.Core/Resources/legality/gen7/text_tradeusum_es.txt,37ccf85fb9eb8084c642d3c66e28e44528cc2d08,93,8ad201e80244f630ab5a46922ab72fb79c5ad4f4
PKHeX.Core/Resources/legality/gen7/text_tradeusum_fr.txt,b02682c9503fc8ea2a811d7afda2f27831fb791d,117,8ad201e80244f630ab5a46922ab72fb79c5ad4f4
PKHeX.Core/Resources/legality/gen7/text_tradeusum_it.txt,e357a418ef79e692264822853f724d08d95d618c,95,8ad201e80244f630ab5a46922ab72fb79c5ad4f4
PKHeX.Core/Resources/legality/gen7/text_tradeusum_ja.txt,97fa0b8c2e19aabab80b57914062fdaa7e84feb8,157,8ad201e80244f630ab5a46922ab72fb79c5ad4f4
PKHeX.Core/Resources/legality/gen7/text_tradeusum_ko.txt,deb91b065ec799244e0f94cdc445392f41804c6e,115,8ad201e80244f630ab5a46922ab72fb79c5ad4f4
PKHeX.Core/Resources/legality/gen7/text_tradeusum_zh-Hans.txt,56b7b99988287d2b37afd4e956428e65294bb39b,202,8ad201e80244f630ab5a46922ab72fb79c5ad4f4
PKHeX.Core/Resources/legality/gen7/text_tradeusum_zh-Hant.txt,56b7b99988287d2b37afd4e956428e65294bb39b,202,8ad201e80244f630ab5a46922ab72fb79c5ad4f4
PKHeX.Core/Resources/legality/gen8/text_tradebdsp_de.txt,14275038ec147ffbd632777e9ebc29c966509bb9,58,8ad201e80244f630ab5a46922ab72fb79c5ad4f4
PKHeX.Core/Resources/legality/gen8/text_tradebdsp_en.txt,e2c064624c5d0df1a877e021bddc55d04d31e290,53,8ad201e80244f630ab5a46922ab72fb79c5ad4f4
PKHeX.Core/Resources/legality/gen8/text_tradebdsp_es.txt,4d916aa007967f4024839b6ce941fafe0db3bf6b,55,8ad201e80244f630ab5a46922ab72fb79c5ad4f4
PKHeX.Core/Resources/legality/gen8/text_tradebdsp_fr.txt,de3eece932ebbcdc29b0ca521aeaaa76d0dd5507,58,8ad201e80244f630ab5a46922ab72fb79c5ad4f4
PKHeX.Core/Resources/legality/gen8/text_tradebdsp_it.txt,32ad3bda9e6a59ba1573585013325dde01404b3e,57,8ad201e80244f630ab5a46922ab72fb79c5ad4f4
PKHeX.Core/Resources/legality/gen8/text_tradebdsp_ja.txt,72892c2105a7354f3c4c5bf797b54c1d9b16cae4,115,8ad201e80244f630ab5a46922ab72fb79c5ad4f4
PKHeX.Core/Resources/legality/gen8/text_tradebdsp_ko.txt,9c492a12f236dd472ce4f4ec2790537c0effe131,69,8ad201e80244f630ab5a46922ab72fb79c5ad4f4
PKHeX.Core/Resources/legality/gen8/text_tradebdsp_zh-Hans.txt,7e795c9ca366f21e86bdceddc0448f730f9990b4,69,8ad201e80244f630ab5a46922ab72fb79c5ad4f4
PKHeX.Core/Resources/legality/gen8/text_tradebdsp_zh-Hant.txt,899a4e488c17829cdd1309fd89fb6392093e3678,63,8ad201e80244f630ab5a46922ab72fb79c5ad4f4
PKHeX.Core/Resources/legality/gen8/text_tradeswsh_de.txt,b6f7c26fa616f8ea4558692839a7204995cb50fb,169,8ad201e80244f630ab5a46922ab72fb79c5ad4f4
PKHeX.Core/Resources/legality/gen8/text_tradeswsh_en.txt,5420fcff1268b3f92d589432bfb5855dd70430ab,145,8ad201e80244f630ab5a46922ab72fb79c5ad4f4
PKHeX.Core/Resources/legality/gen8/text_tradeswsh_es.txt,3cbca4ad660fc8052234d9beadb129399df4dd51,174,8ad201e80244f630ab5a46922ab72fb79c5ad4f4
PKHeX.Core/Resources/legality/gen8/text_tradeswsh_fr.txt,26c23f1f0b5d97d36e17cec8ce942d9f8b73b7e1,193,8ad201e80244f630ab5a46922ab72fb79c5ad4f4
PKHeX.Core/Resources/legality/gen8/text_tradeswsh_it.txt,2bfcd80cae59af0feba333259ee83595dd181f84,183,8ad201e80244f630ab5a46922ab72fb79c5ad4f4
PKHeX.Core/Resources/legality/gen8/text_tradeswsh_ja.txt,ce609ea6ddb536ea26f9872734bb40167ac0db85,273,8ad201e80244f630ab5a46922ab72fb79c5ad4f4
PKHeX.Core/Resources/legality/gen8/text_tradeswsh_ko.txt,7d4cf0e999b1a92e069cffd2d40baaf18f4fc183,201,8ad201e80244f630ab5a46922ab72fb79c5ad4f4
PKHeX.Core/Resources/legality/gen8/text_tradeswsh_zh-Hans.txt,2b140bb6a99b4ce94684b8e54f89e47e6d20fd59,183,8ad201e80244f630ab5a46922ab72fb79c5ad4f4
PKHeX.Core/Resources/legality/gen8/text_tradeswsh_zh-Hant.txt,1056a53a98fc73f01d505ce86d5f3b198592b192,190,8ad201e80244f630ab5a46922ab72fb79c5ad4f4
PKHeX.Core/Resources/legality/gen9/text_tradesv_de.txt,f858be279fc67072d840752ba968c6cfd9536105,262,8ad201e80244f630ab5a46922ab72fb79c5ad4f4
PKHeX.Core/Resources/legality/gen9/text_tradesv_en.txt,6479e29b8e7783347809bbbbea57e690e6cff686,278,8ad201e80244f630ab5a46922ab72fb79c5ad4f4
PKHeX.Core/Resources/legality/gen9/text_tradesv_es.txt,c732f5ac84d82de8fa57fe7cd7f03417fac7bfa1,267,8ad201e80244f630ab5a46922ab72fb79c5ad4f4
PKHeX.Core/Resources/legality/gen9/text_tradesv_fr.txt,944a25ce1937abbacaa9a6980be0aae2b77516b0,274,8ad201e80244f630ab5a46922ab72fb79c5ad4f4
PKHeX.Core/Resources/legality/gen9/text_tradesv_it.txt,75dd862a2e372dbb4696ad3fa7673d301c8b84c9,270,8ad201e80244f630ab5a46922ab72fb79c5ad4f4
PKHeX.Core/Resources/legality/gen9/text_tradesv_ja.txt,9f8444b203859ba6a19466ef72898102f19e13be,431,8ad201e80244f630ab5a46922ab72fb79c5ad4f4
PKHeX.Core/Resources/legality/gen9/text_tradesv_ko.txt,4d009cb4fd98562327f9ee4c5693f782d8a3f954,326,8ad201e80244f630ab5a46922ab72fb79c5ad4f4
PKHeX.Core/Resources/legality/gen9/text_tradesv_zh-Hans.txt,8a81b54da03c750e3b06fff62971e65678f98f77,311,8ad201e80244f630ab5a46922ab72fb79c5ad4f4
PKHeX.Core/Resources/legality/gen9/text_tradesv_zh-Hant.txt,45bd1c2806ed3fe52a0698a7c66f9b3f58d6f729,311,8ad201e80244f630ab5a46922ab72fb79c5ad4f4
PKHeX.Core/Resources/legality/gen9a/text_tradeza_de.txt,5e6909fcae9c0aff6b48dcda7cc4b76a2ab5cfd1,73,8ad201e80244f630ab5a46922ab72fb79c5ad4f4
PKHeX.Core/Resources/legality/gen9a/text_tradeza_en.txt,fdb8711c1da65f591627427f8e543511899f43e1,67,8ad201e80244f630ab5a46922ab72fb79c5ad4f4
PKHeX.Core/Resources/legality/gen9a/text_tradeza_es-419.txt,61e8ded9f7cdda50e3c9eb82136c8c131ba31810,80,8ad201e80244f630ab5a46922ab72fb79c5ad4f4
PKHeX.Core/Resources/legality/gen9a/text_tradeza_es.txt,3438794d759ee4b2f69f721023a72e398886215d,80,8ad201e80244f630ab5a46922ab72fb79c5ad4f4
PKHeX.Core/Resources/legality/gen9a/text_tradeza_fr.txt,6cfb36da2ea60223460a47cb2d8362881393e057,73,8ad201e80244f630ab5a46922ab72fb79c5ad4f4
PKHeX.Core/Resources/legality/gen9a/text_tradeza_it.txt,5fe20aa8bc42f7f7c41a0b3f8c6c64ddb224183a,75,8ad201e80244f630ab5a46922ab72fb79c5ad4f4
PKHeX.Core/Resources/legality/gen9a/text_tradeza_ja.txt,7500c0c1900e5e8c929f7b2425529b33a548db06,123,8ad201e80244f630ab5a46922ab72fb79c5ad4f4
PKHeX.Core/Resources/legality/gen9a/text_tradeza_ko.txt,8ea1d2922998cf57182cf0e425f608fa4a898c35,99,8ad201e80244f630ab5a46922ab72fb79c5ad4f4
PKHeX.Core/Resources/legality/gen9a/text_tradeza_zh-Hans.txt,623a252f53293a6f2e6649feac95a36b110a4fc1,81,8ad201e80244f630ab5a46922ab72fb79c5ad4f4
PKHeX.Core/Resources/legality/gen9a/text_tradeza_zh-Hant.txt,61b8ae280eb66446f53488532b7a1ebdcb3f6d64,81,8ad201e80244f630ab5a46922ab72fb79c5ad4f4
PKHeX.Core/Resources/legality/mgdb/event1.pkl,63a7976a6c6a7b5922c2d7aedec46ffcda148c9c,88,8ad201e80244f630ab5a46922ab72fb79c5ad4f4
PKHeX.Core/Resources/legality/mgdb/event2.pkl,6cf1058cbf6dfec4872327317a869c6db87d6c66,1884,8ad201e80244f630ab5a46922ab72fb79c5ad4f4
PKHeX.Core/Resources/legality/mgdb/pgf.pkl,25a202503ee215c0c26bd93f7420dad7f7c7d5d5,145345,8ad201e80244f630ab5a46922ab72fb79c5ad4f4
PKHeX.Core/Resources/legality/mgdb/wa8.pkl,798d31136fa86ec64891e70fb39e87a4760a6904,13528,8ad201e80244f630ab5a46922ab72fb79c5ad4f4
PKHeX.Core/Resources/legality/mgdb/wa9.pkl,3963d104fdc35918c5bad6de8cad108ab09837a1,12104,8ad201e80244f630ab5a46922ab72fb79c5ad4f4
PKHeX.Core/Resources/legality/mgdb/wb7full.pkl,3b2b2a20edb6a2f1e8f1c555cdc8226b5cb3b4c7,12544,8ad201e80244f630ab5a46922ab72fb79c5ad4f4
PKHeX.Core/Resources/legality/mgdb/wb8.pkl,7b398d382c41b037fc5bfb41df845656d7ef2064,13176,8ad201e80244f630ab5a46922ab72fb79c5ad4f4
PKHeX.Core/Resources/legality/mgdb/wc4.pkl,a263c381a949b0355d18aeb2120ac989e901cff2,505040,8ad201e80244f630ab5a46922ab72fb79c5ad4f4
PKHeX.Core/Resources/legality/mgdb/wc6.pkl,18ed09e67d01ce465065e60054b7f93b30c3b7be,109824,8ad201e80244f630ab5a46922ab72fb79c5ad4f4
PKHeX.Core/Resources/legality/mgdb/wc6full.pkl,5debb58015d9ba7bd7101357fa485c42772d9adc,330848,8ad201e80244f630ab5a46922ab72fb79c5ad4f4
PKHeX.Core/Resources/legality/mgdb/wc7.pkl,8846313eccea80e86ee47a2d15bc214409c514ef,35904,8ad201e80244f630ab5a46922ab72fb79c5ad4f4
PKHeX.Core/Resources/legality/mgdb/wc7full.pkl,f2efedd3fd841a70496891eb92400797b8990744,627984,8ad201e80244f630ab5a46922ab72fb79c5ad4f4
PKHeX.Core/Resources/legality/mgdb/wc8.pkl,b87ab3684a41fd151992fd3af1cb8e625aa363cd,683280,8ad201e80244f630ab5a46922ab72fb79c5ad4f4
PKHeX.Core/Resources/legality/mgdb/wc9.pkl,15dfa402282a83e1e9d3cccb80ced2a1551c44e1,162336,8ad201e80244f630ab5a46922ab72fb79c5ad4f4
PKHeX.Core/Resources/legality/misc/mastery_la.pkl,8cf04ffd92a348d929b14f28849aa77ffcc76fbb,9479,8ad201e80244f630ab5a46922ab72fb79c5ad4f4
PKHeX.Core/Resources/legality/misc/plus_za.pkl,d273d64bda0c65c2d6806c1ad500791b5e476c03,27312,8ad201e80244f630ab5a46922ab72fb79c5ad4f4
PKHeX.Core/Resources/legality/wild/Gen1/encounter_blue.pkl,c8c9dc04c739947fc8373c1811568c2e0937596e,3292,8ad201e80244f630ab5a46922ab72fb79c5ad4f4
PKHeX.Core/Resources/legality/wild/Gen1/encounter_blue_jp.pkl,7005b9061b154c9dabde1f344e4ac724c929f25f,1112,8ad201e80244f630ab5a46922ab72fb79c5ad4f4
PKHeX.Core/Resources/legality/wild/Gen1/encounter_red.pkl,4bc98e3c78aa4ce834063d1921ea0d8dc978fe87,3292,8ad201e80244f630ab5a46922ab72fb79c5ad4f4
PKHeX.Core/Resources/legality/wild/Gen1/encounter_yellow.pkl,215258fe39945d92921e89d82af3a34e040f8bed,3636,8ad201e80244f630ab5a46922ab72fb79c5ad4f4
PKHeX.Core/Resources/legality/wild/Gen2/encounter_crystal.pkl,d5b282b48bc6fa2f59a092616b62f6e6053b7ff2,20052,8ad201e80244f630ab5a46922ab72fb79c5ad4f4
PKHeX.Core/Resources/legality/wild/Gen2/encounter_gold.pkl,7d5e47d4163f6d238b76e0d1d023796985553092,19876,8ad201e80244f630ab5a46922ab72fb79c5ad4f4
PKHeX.Core/Resources/legality/wild/Gen2/encounter_silver.pkl,ce02a41cf0ef57348abfaa6d794d9a7258ec07ff,19876,8ad201e80244f630ab5a46922ab72fb79c5ad4f4
PKHeX.Core/Resources/legality/wild/Gen3/encounter_e.pkl,ed753412dd87b7fd0b9aa171b8e72af75c2c4668,16316,8ad201e80244f630ab5a46922ab72fb79c5ad4f4
PKHeX.Core/Resources/legality/wild/Gen3/encounter_fr.pkl,4cdcc5879a6c291f4c9970ebb06f3abf887b3929,20816,8ad201e80244f630ab5a46922ab72fb79c5ad4f4
PKHeX.Core/Resources/legality/wild/Gen3/encounter_lg.pkl,1af9178035785189ead98b6a9c22a15db5c6fffd,20816,8ad201e80244f630ab5a46922ab72fb79c5ad4f4
PKHeX.Core/Resources/legality/wild/Gen3/encounter_pcny.pkl,40d3c5b21a49e5c20f3bbe8b07d8c81562bfd3f4,600,8ad201e80244f630ab5a46922ab72fb79c5ad4f4
PKHeX.Core/Resources/legality/wild/Gen3/encounter_r.pkl,6bbae1b17cf3cc484e6bf5d12ae116fb4970a1ac,15172,8ad201e80244f630ab5a46922ab72fb79c5ad4f4
PKHeX.Core/Resources/legality/wild/Gen3/encounter_rse_swarm.pkl,106c04b2a4c176e4ab2e4e53120882656b086af8,188,8ad201e80244f630ab5a46922ab72fb79c5ad4f4
PKHeX.Core/Resources/legality/wild/Gen3/encounter_s.pkl,1b35a789d86b4c3da37b7308e4c26b15d6fc600b,15300,8ad201e80244f630ab5a46922ab72fb79c5ad4f4
PKHeX.Core/Resources/legality/wild/Gen4/encounter_d.pkl,3543613c17cb280372c63288a53fee41a7891e1b,33900,8ad201e80244f630ab5a46922ab72fb79c5ad4f4
PKHeX.Core/Resources/legality/wild/Gen4/encounter_hg.pkl,0693b7e4f58282f63194ee80dfbbf0692b3be607,80324,8ad201e80244f630ab5a46922ab72fb79c5ad4f4
PKHeX.Core/Resources/legality/wild/Gen4/encounter_p.pkl,de58f83f918158dd327fe87c98993fb809faf458,33660,8ad201e80244f630ab5a46922ab72fb79c5ad4f4
PKHeX.Core/Resources/legality/wild/Gen4/encounter_pt.pkl,5d24e33cc79a77f29de0baf6847478ada854c60e,32592,8ad201e80244f630ab5a46922ab72fb79c5ad4f4
PKHeX.Core/Resources/legality/wild/Gen4/encounter_ss.pkl,3521b4275f2ff0630b0155af91a83bdded9c7a09,79932,8ad201e80244f630ab5a46922ab72fb79c5ad4f4
PKHeX.Core/Resources/legality/wild/Gen4/encounter_walker4.pkl,3ec2bade672a1995f58d96a62c46fa911d2a5113,1944,8ad201e80244f630ab5a46922ab72fb79c5ad4f4
PKHeX.Core/Resources/legality/wild/Gen5/encounter_b.pkl,9f3904cbc2c8dab3468d7def9fe652594b0e2b28,14744,8ad201e80244f630ab5a46922ab72fb79c5ad4f4
PKHeX.Core/Resources/legality/wild/Gen5/encounter_b2.pkl,2bef684e34fae017ab65752a93f2c41405b2f95e,20812,8ad201e80244f630ab5a46922ab72fb79c5ad4f4
PKHeX.Core/Resources/legality/wild/Gen5/encounter_w.pkl,3f16c8b5a576d8a1396c9f9415f85d07b8b2c33e,14896,8ad201e80244f630ab5a46922ab72fb79c5ad4f4
PKHeX.Core/Resources/legality/wild/Gen5/encounter_w2.pkl,cff71f0463b07ba63cd640db5b6cac700fa5064c,20784,8ad201e80244f630ab5a46922ab72fb79c5ad4f4
PKHeX.Core/Resources/legality/wild/Gen6/encounter_as.pkl,ba26e0162491ba7907bdc0ee9d815cbef26fcc0d,28196,8ad201e80244f630ab5a46922ab72fb79c5ad4f4
PKHeX.Core/Resources/legality/wild/Gen6/encounter_or.pkl,be4e833233089da9852a89850858c9290287122e,28196,8ad201e80244f630ab5a46922ab72fb79c5ad4f4
PKHeX.Core/Resources/legality/wild/Gen6/encounter_x.pkl,54a62250826e31e068bb8d57d5f2bace444c2a43,17476,8ad201e80244f630ab5a46922ab72fb79c5ad4f4
PKHeX.Core/Resources/legality/wild/Gen6/encounter_y.pkl,2fafe7fbbf0d70e0e902899fb76859eb8ea9a226,17476,8ad201e80244f630ab5a46922ab72fb79c5ad4f4
PKHeX.Core/Resources/legality/wild/Gen7/encounter_ge.pkl,1100bf54b859a2e0555087194708ceac27348130,3040,8ad201e80244f630ab5a46922ab72fb79c5ad4f4
PKHeX.Core/Resources/legality/wild/Gen7/encounter_gp.pkl,f3b8995289a4c7b8b365c5d8b7b9f599fd55304e,3040,8ad201e80244f630ab5a46922ab72fb79c5ad4f4
PKHeX.Core/Resources/legality/wild/Gen7/encounter_mn.pkl,a174a8666a6b268f8f92280420e8455ba9d16346,6136,8ad201e80244f630ab5a46922ab72fb79c5ad4f4
PKHeX.Core/Resources/legality/wild/Gen7/encounter_sn.pkl,cc1c936b91bc223bc6430c7e12dec461868c689d,6120,8ad201e80244f630ab5a46922ab72fb79c5ad4f4
PKHeX.Core/Resources/legality/wild/Gen7/encounter_um.pkl,606f6ddd73dc5fcb6d749cad94afc8e1c2c89c31,7696,8ad201e80244f630ab5a46922ab72fb79c5ad4f4
PKHeX.Core/Resources/legality/wild/Gen7/encounter_us.pkl,9379b0fbf53fd8560a4961075380d7746d1ea061,7688,8ad201e80244f630ab5a46922ab72fb79c5ad4f4
PKHeX.Core/Resources/legality/wild/Gen8/encounter_bd.pkl,25f2c8cf7bc3ab93bce8612bfa6176ff36cb76e9,26784,8ad201e80244f630ab5a46922ab72fb79c5ad4f4
PKHeX.Core/Resources/legality/wild/Gen8/encounter_bd_underground.pkl,a3e67576a9fafba57a9b3f50b779572d546c14a4,94124,8ad201e80244f630ab5a46922ab72fb79c5ad4f4
PKHeX.Core/Resources/legality/wild/Gen8/encounter_la.pkl,1ddcd7340389d96ccc8374b740156b5b03ccfa73,86760,8ad201e80244f630ab5a46922ab72fb79c5ad4f4
PKHeX.Core/Resources/legality/wild/Gen8/encounter_sh_dist.pkl,d3bead9dd7797cf1578b1a415a8a5ee7a69af255,18864,8ad201e80244f630ab5a46922ab72fb79c5ad4f4
PKHeX.Core/Resources/legality/wild/Gen8/encounter_sh_hidden.pkl,f6f9ab82fc18bcc2d1f953f594c5224cf3506547,4696,8ad201e80244f630ab5a46922ab72fb79c5ad4f4
PKHeX.Core/Resources/legality/wild/Gen8/encounter_sh_nest.pkl,5464521288f52e8896b03c81ac285d2491a3f7f6,21510,8ad201e80244f630ab5a46922ab72fb79c5ad4f4
PKHeX.Core/Resources/legality/wild/Gen8/encounter_sh_symbol.pkl,2b0a19055a2c08b195b6febf0dd4ec02ec97323d,6508,8ad201e80244f630ab5a46922ab72fb79c5ad4f4
PKHeX.Core/Resources/legality/wild/Gen8/encounter_sp.pkl,66cb1fc24f8eacc57e4937986e8e155a52085989,26780,8ad201e80244f630ab5a46922ab72fb79c5ad4f4
PKHeX.Core/Resources/legality/wild/Gen8/encounter_sp_underground.pkl,66329667bba95d59942ba06c0f87aee2d1cae790,97184,8ad201e80244f630ab5a46922ab72fb79c5ad4f4
PKHeX.Core/Resources/legality/wild/Gen8/encounter_sw_dist.pkl,0930b24650067c1a04c4e615c01b9fa96319ae72,18736,8ad201e80244f630ab5a46922ab72fb79c5ad4f4
PKHeX.Core/Resources/legality/wild/Gen8/encounter_sw_hidden.pkl,e62bfd1785a6774346e950f262f5df409172147c,4720,8ad201e80244f630ab5a46922ab72fb79c5ad4f4
PKHeX.Core/Resources/legality/wild/Gen8/encounter_sw_nest.pkl,fbd5a0beb755c17af2250886eba282b87d2ee1d9,21560,8ad201e80244f630ab5a46922ab72fb79c5ad4f4
PKHeX.Core/Resources/legality/wild/Gen8/encounter_sw_symbol.pkl,66d2c4cfcd5a96c66d63f7a2db6952233417a215,6476,8ad201e80244f630ab5a46922ab72fb79c5ad4f4
PKHeX.Core/Resources/legality/wild/Gen8/encounter_swsh_underground.pkl,4026654b95032f01c058e5300240befe6c5268fe,3822,8ad201e80244f630ab5a46922ab72fb79c5ad4f4
PKHeX.Core/Resources/legality/wild/Gen9/encounter_dist_paldea.pkl,68ad05c1a03c820a1020a8d89edbf4fa75d64cde,10788,8ad201e80244f630ab5a46922ab72fb79c5ad4f4
PKHeX.Core/Resources/legality/wild/Gen9/encounter_fixed_paldea.pkl,9f214001a457710ae4b36990013ba401f97c7587,19540,8ad201e80244f630ab5a46922ab72fb79c5ad4f4
PKHeX.Core/Resources/legality/wild/Gen9/encounter_gem_blueberry.pkl,523514c844aabe536e68306b048e3c6568e0748b,2712,8ad201e80244f630ab5a46922ab72fb79c5ad4f4
PKHeX.Core/Resources/legality/wild/Gen9/encounter_gem_kitakami.pkl,6958317e9095dbc28db41fcceeeae8bbd0ed7ee4,3192,8ad201e80244f630ab5a46922ab72fb79c5ad4f4
PKHeX.Core/Resources/legality/wild/Gen9/encounter_gem_paldea.pkl,9a56a82e031decf696b735fb2cf046aff3be2a47,10896,8ad201e80244f630ab5a46922ab72fb79c5ad4f4
PKHeX.Core/Resources/legality/wild/Gen9/encounter_hyperspace_za.pkl,06ff1f35a863f6bed5aa2ba8c53a6dff9f6ab244,9996,8ad201e80244f630ab5a46922ab72fb79c5ad4f4
PKHeX.Core/Resources/legality/wild/Gen9/encounter_might_paldea.pkl,b5a2af66531aec4626c723020dac0584cbcb75b1,3472,8ad201e80244f630ab5a46922ab72fb79c5ad4f4
PKHeX.Core/Resources/legality/wild/Gen9/encounter_outbreak_paldea.pkl,3b35ed0aa6cc745ba4630fe8fb07957b1234e010,353808,8ad201e80244f630ab5a46922ab72fb79c5ad4f4
PKHeX.Core/Resources/legality/wild/Gen9/encounter_wild_paldea.pkl,2ce6091563fa5a5d8d2bf1549da76b5f3167d73e,218096,8ad201e80244f630ab5a46922ab72fb79c5ad4f4
PKHeX.Core/Resources/legality/wild/Gen9/encounter_za.pkl,60949ce26a6803037118258ac615ff1a5da2338e,9568,8ad201e80244f630ab5a46922ab72fb79c5ad4f4
PKHeX.Core/Resources/legality/wild/encounter_go_home.pkl,1c307f7d52771c699d6fb8d8be90f0b79446c262,189952,8ad201e80244f630ab5a46922ab72fb79c5ad4f4
PKHeX.Core/Resources/legality/wild/encounter_go_lgpe.pkl,46ef46d4b7b2143f2b3e7c77a0108b2d7c5ff99e,37264,8ad201e80244f630ab5a46922ab72fb79c5ad4f4
PKHeX.Core/Resources/localize/battle/battle_de.json,3a629ffb3d9036465d1e003d6a2889264f49f470,1108,8ad201e80244f630ab5a46922ab72fb79c5ad4f4
PKHeX.Core/Resources/localize/battle/battle_en.json,8b82e8499cde0df3c746eef6cf2b7ce723056a33,1124,8ad201e80244f630ab5a46922ab72fb79c5ad4f4
PKHeX.Core/Resources/localize/battle/battle_es-419.json,5ff02daf2d0e1e7c07346dae026eae581a64f93b,1093,8ad201e80244f630ab5a46922ab72fb79c5ad4f4
PKHeX.Core/Resources/localize/battle/battle_es.json,7f20443c8d4c587c61b4ac7d0be53bc8401b7953,1092,8ad201e80244f630ab5a46922ab72fb79c5ad4f4
PKHeX.Core/Resources/localize/battle/battle_fr.json,e8d06926a7ef11e7e4ced99f6078883456f0ac93,1097,8ad201e80244f630ab5a46922ab72fb79c5ad4f4
PKHeX.Core/Resources/localize/battle/battle_it.json,54c247c2f707ea04bb04e56daeb0d5936ca19171,1097,8ad201e80244f630ab5a46922ab72fb79c5ad4f4
PKHeX.Core/Resources/localize/battle/battle_ja.json,7039c8658ef0bbc210ac5fc0a8c4bc0d6998df83,1159,8ad201e80244f630ab5a46922ab72fb79c5ad4f4
PKHeX.Core/Resources/localize/battle/battle_ko.json,d9335097cc4f93020f5748ab0ea8e10b777864ca,1132,8ad201e80244f630ab5a46922ab72fb79c5ad4f4
PKHeX.Core/Resources/localize/battle/battle_zh-hans.json,771ce2d3e2f77dc91f87cc0ac5b2d60b24f9c0be,1124,8ad201e80244f630ab5a46922ab72fb79c5ad4f4
PKHeX.Core/Resources/localize/battle/battle_zh-hant.json,941dcac531507a52f15478243c37f54ac7613311,1127,8ad201e80244f630ab5a46922ab72fb79c5ad4f4
PKHeX.Core/Resources/localize/battle/setparse_de.json,b5779a489d6f82eed095c9b645f3ef94681d2b98,1278,8ad201e80244f630ab5a46922ab72fb79c5ad4f4
PKHeX.Core/Resources/localize/battle/setparse_en.json,b5779a489d6f82eed095c9b645f3ef94681d2b98,1278,8ad201e80244f630ab5a46922ab72fb79c5ad4f4
PKHeX.Core/Resources/localize/battle/setparse_es-419.json,b5779a489d6f82eed095c9b645f3ef94681d2b98,1278,8ad201e80244f630ab5a46922ab72fb79c5ad4f4
PKHeX.Core/Resources/localize/battle/setparse_es.json,b5779a489d6f82eed095c9b645f3ef94681d2b98,1278,8ad201e80244f630ab5a46922ab72fb79c5ad4f4
PKHeX.Core/Resources/localize/battle/setparse_fr.json,93dffea311faf435a0ec898e2111ab2799099277,1412,8ad201e80244f630ab5a46922ab72fb79c5ad4f4
PKHeX.Core/Resources/localize/battle/setparse_it.json,b5779a489d6f82eed095c9b645f3ef94681d2b98,1278,8ad201e80244f630ab5a46922ab72fb79c5ad4f4
PKHeX.Core/Resources/localize/battle/setparse_ja.json,b5779a489d6f82eed095c9b645f3ef94681d2b98,1278,8ad201e80244f630ab5a46922ab72fb79c5ad4f4
PKHeX.Core/Resources/localize/battle/setparse_ko.json,b5779a489d6f82eed095c9b645f3ef94681d2b98,1278,8ad201e80244f630ab5a46922ab72fb79c5ad4f4
PKHeX.Core/Resources/localize/battle/setparse_zh-hans.json,1f38474183e7239c458c169de815954a5fc35d29,1260,8ad201e80244f630ab5a46922ab72fb79c5ad4f4
PKHeX.Core/Resources/localize/battle/setparse_zh-hant.json,b5779a489d6f82eed095c9b645f3ef94681d2b98,1278,8ad201e80244f630ab5a46922ab72fb79c5ad4f4
PKHeX.Core/Resources/localize/encounter/encounter_de.json,55d69c405a1db18ca2d753d9fdfffc15308a9c84,431,8ad201e80244f630ab5a46922ab72fb79c5ad4f4
PKHeX.Core/Resources/localize/encounter/encounter_en.json,94cf5f6b57c0f4a9af7c71e36e9f9e06510ca8ed,432,8ad201e80244f630ab5a46922ab72fb79c5ad4f4
PKHeX.Core/Resources/localize/encounter/encounter_es-419.json,bd2a549ddd9d6cec56a93e256fe88bd9805898c2,463,8ad201e80244f630ab5a46922ab72fb79c5ad4f4
PKHeX.Core/Resources/localize/encounter/encounter_es.json,bd2a549ddd9d6cec56a93e256fe88bd9805898c2,463,8ad201e80244f630ab5a46922ab72fb79c5ad4f4
PKHeX.Core/Resources/localize/encounter/encounter_fr.json,4e08a9c35619ab5b68f697dbf4b09a0aa04ec0b3,459,8ad201e80244f630ab5a46922ab72fb79c5ad4f4
PKHeX.Core/Resources/localize/encounter/encounter_it.json,994d32ea0ee88467b131cb827262aadde4f4e505,457,8ad201e80244f630ab5a46922ab72fb79c5ad4f4
PKHeX.Core/Resources/localize/encounter/encounter_ja.json,c8ad408c969d0f6942789226dbbf6b1a5a6a5ca5,480,8ad201e80244f630ab5a46922ab72fb79c5ad4f4
PKHeX.Core/Resources/localize/encounter/encounter_ko.json,8aab8f424e1ab1286271061be338e0d1976998b7,448,8ad201e80244f630ab5a46922ab72fb79c5ad4f4
PKHeX.Core/Resources/localize/encounter/encounter_zh-hans.json,ada470a757cb54619ea5332edb98bb225a43d52f,440,8ad201e80244f630ab5a46922ab72fb79c5ad4f4
PKHeX.Core/Resources/localize/encounter/encounter_zh-hant.json,04b0b2386637bf1f6ea9933a08c54ecb20167f6d,439,8ad201e80244f630ab5a46922ab72fb79c5ad4f4
PKHeX.Core/Resources/localize/general/general_de.json,effe00d602ab732da41173c28fe70728c64c82a8,304,8ad201e80244f630ab5a46922ab72fb79c5ad4f4
PKHeX.Core/Resources/localize/general/general_en.json,e71b7e46c6a74fc2049f992aeec745e6adf971b1,277,8ad201e80244f630ab5a46922ab72fb79c5ad4f4
PKHeX.Core/Resources/localize/general/general_es-419.json,840752ecb9692ee667abf46e827969cff0b4a24f,291,8ad201e80244f630ab5a46922ab72fb79c5ad4f4
PKHeX.Core/Resources/localize/general/general_es.json,840752ecb9692ee667abf46e827969cff0b4a24f,291,8ad201e80244f630ab5a46922ab72fb79c5ad4f4
PKHeX.Core/Resources/localize/general/general_fr.json,40d0cfbaf308bedda9cd71c605de761d87f37fd9,291,8ad201e80244f630ab5a46922ab72fb79c5ad4f4
PKHeX.Core/Resources/localize/general/general_it.json,3fdc6795e64ae8379a876fefb408bd05a12e1433,297,8ad201e80244f630ab5a46922ab72fb79c5ad4f4
PKHeX.Core/Resources/localize/general/general_ja.json,32b95353a7591f6e478daed58f7a56dc90adf197,277,8ad201e80244f630ab5a46922ab72fb79c5ad4f4
PKHeX.Core/Resources/localize/general/general_ko.json,317ccf98dc572b140489232623122dc3bb2f075d,285,8ad201e80244f630ab5a46922ab72fb79c5ad4f4
PKHeX.Core/Resources/localize/general/general_zh-hans.json,cb60e7afe01f6fd8b6be4448b17c5d83eefd089e,253,8ad201e80244f630ab5a46922ab72fb79c5ad4f4
PKHeX.Core/Resources/localize/general/general_zh-hant.json,f96b76a02021bd3ce6981dc0ed1fc809195b56fc,253,8ad201e80244f630ab5a46922ab72fb79c5ad4f4
PKHeX.Core/Resources/localize/legality/legality_de.json,ff8dccfd9b8496196058198c75da124cb4f7c40c,31247,8ad201e80244f630ab5a46922ab72fb79c5ad4f4
PKHeX.Core/Resources/localize/legality/legality_en.json,36afb7378dd3ae40c4586d6f7fc15217e34503cd,26873,8ad201e80244f630ab5a46922ab72fb79c5ad4f4
PKHeX.Core/Resources/localize/legality/legality_es-419.json,f14eae6b1b87856b3d72850cb1ca934e9fd1212f,31722,8ad201e80244f630ab5a46922ab72fb79c5ad4f4
PKHeX.Core/Resources/localize/legality/legality_es.json,81008e19da1ce3fa939301c3df9846a2f29bb744,31680,8ad201e80244f630ab5a46922ab72fb79c5ad4f4
PKHeX.Core/Resources/localize/legality/legality_fr.json,bdac19febbd81a12533bdad20ace8af708d297eb,32696,8ad201e80244f630ab5a46922ab72fb79c5ad4f4
PKHeX.Core/Resources/localize/legality/legality_it.json,ee251f6f36989e83f6daae52fd177feb044a892f,31511,8ad201e80244f630ab5a46922ab72fb79c5ad4f4
PKHeX.Core/Resources/localize/legality/legality_ja.json,d6887d49ba66a865479bfbe84a48f2cd37c7ddfc,33423,8ad201e80244f630ab5a46922ab72fb79c5ad4f4
PKHeX.Core/Resources/localize/legality/legality_ko.json,336c62fc59480cd41d29590a74618cd24754b5dc,35394,8ad201e80244f630ab5a46922ab72fb79c5ad4f4
PKHeX.Core/Resources/localize/legality/legality_zh-hans.json,ac2b82c62fb9ac431ac7baa2298b5a7bd59a23b4,26518,8ad201e80244f630ab5a46922ab72fb79c5ad4f4
PKHeX.Core/Resources/localize/legality/legality_zh-hant.json,3ddf77ac052bb0eae6846fa9208ddd572bf28e41,27884,8ad201e80244f630ab5a46922ab72fb79c5ad4f4
PKHeX.Core/Resources/localize/movesource/movesource_de.json,93d7e4c808f20532062f610ce31581e0d20ad9c5,921,8ad201e80244f630ab5a46922ab72fb79c5ad4f4
PKHeX.Core/Resources/localize/movesource/movesource_en.json,000b7c93b85938df214847a05410d5a6a2dae057,819,8ad201e80244f630ab5a46922ab72fb79c5ad4f4
PKHeX.Core/Resources/localize/movesource/movesource_es-419.json,cf08d4a8e6de2cc61cb20c8189b249c982f810d7,972,8ad201e80244f630ab5a46922ab72fb79c5ad4f4
PKHeX.Core/Resources/localize/movesource/movesource_es.json,cf08d4a8e6de2cc61cb20c8189b249c982f810d7,972,8ad201e80244f630ab5a46922ab72fb79c5ad4f4
PKHeX.Core/Resources/localize/movesource/movesource_fr.json,9f28a67d6deac906b5fb6e30651fc3c8ccddb201,957,8ad201e80244f630ab5a46922ab72fb79c5ad4f4
PKHeX.Core/Resources/localize/movesource/movesource_it.json,78ed22277668c04dbb64215f8cae139509ba2aac,905,8ad201e80244f630ab5a46922ab72fb79c5ad4f4
PKHeX.Core/Resources/localize/movesource/movesource_ja.json,4b9797a6240c0be86d06a945c56ae9f2f2bd34b4,836,8ad201e80244f630ab5a46922ab72fb79c5ad4f4
PKHeX.Core/Resources/localize/movesource/movesource_ko.json,5d09d8c6df78824ebb929c657c100758ba000c71,931,8ad201e80244f630ab5a46922ab72fb79c5ad4f4
PKHeX.Core/Resources/localize/movesource/movesource_zh-hans.json,fee1a6e6f3767a625a180bab48e6cab07abb9df2,912,8ad201e80244f630ab5a46922ab72fb79c5ad4f4
PKHeX.Core/Resources/localize/movesource/movesource_zh-hant.json,a6524317a4c72e7366e0d2a6e3c3c13e68b24e62,912,8ad201e80244f630ab5a46922ab72fb79c5ad4f4
PKHeX.Core/Resources/text/badwords/badwords_3ds.txt,b77569ad6887ac452882969c23af701c4ab9e235,43247,8ad201e80244f630ab5a46922ab72fb79c5ad4f4
PKHeX.Core/Resources/text/badwords/badwords_gen5.txt,2d89410227a97014c71039f9999f04c4662b86ad,2910,8ad201e80244f630ab5a46922ab72fb79c5ad4f4
PKHeX.Core/Resources/text/badwords/badwords_switch.txt,4b34c9662408796a50a2d7f1cdedf73c3ffb36ff,60893,8ad201e80244f630ab5a46922ab72fb79c5ad4f4
PKHeX.Core/Resources/text/donut/text_donutFlavor_de.txt,6f16d4a66573f669af313a95bff085ba074cc51b,7792,8ad201e80244f630ab5a46922ab72fb79c5ad4f4
PKHeX.Core/Resources/text/donut/text_donutFlavor_en.txt,3941850fbed6672e8acf1311f1b2975854e8e688,8139,8ad201e80244f630ab5a46922ab72fb79c5ad4f4
PKHeX.Core/Resources/text/donut/text_donutFlavor_es-419.txt,84161d55bef7c6eca541b837c7820b9740922fef,8313,8ad201e80244f630ab5a46922ab72fb79c5ad4f4
PKHeX.Core/Resources/text/donut/text_donutFlavor_es.txt,adb4220e94183c8b97f3249ba0f6466e2a6accce,8349,8ad201e80244f630ab5a46922ab72fb79c5ad4f4
PKHeX.Core/Resources/text/donut/text_donutFlavor_fr.txt,1b3ce746b9e511aee8cf7f4348f9b7a14435b893,7256,8ad201e80244f630ab5a46922ab72fb79c5ad4f4
PKHeX.Core/Resources/text/donut/text_donutFlavor_it.txt,d37fb359d09afa12392c0abebdf4f6f646eb3686,9014,8ad201e80244f630ab5a46922ab72fb79c5ad4f4
PKHeX.Core/Resources/text/donut/text_donutFlavor_ja.txt,c5fda243572a182b93bba3e05dec289bb6e2a377,9991,8ad201e80244f630ab5a46922ab72fb79c5ad4f4
PKHeX.Core/Resources/text/donut/text_donutFlavor_ko.txt,760ced75b5b25d8ac304b9a008f200702ff0d596,7767,8ad201e80244f630ab5a46922ab72fb79c5ad4f4
PKHeX.Core/Resources/text/donut/text_donutFlavor_zh-Hans.txt,bc89c82f21c927d0ea9287d6e75d498c9cc5687c,6112,8ad201e80244f630ab5a46922ab72fb79c5ad4f4
PKHeX.Core/Resources/text/donut/text_donutFlavor_zh-Hant.txt,6d86643a10c6416ab79d196e6fb50a6b94af92bc,6103,8ad201e80244f630ab5a46922ab72fb79c5ad4f4
PKHeX.Core/Resources/text/donut/text_donutName_de.txt,5ca05be75c9590d47c447bfb5f21896a8f6d6bfa,4557,8ad201e80244f630ab5a46922ab72fb79c5ad4f4
PKHeX.Core/Resources/text/donut/text_donutName_en.txt,ebee69ef957a043fc970531105da3a42d5bacb5f,3977,8ad201e80244f630ab5a46922ab72fb79c5ad4f4
PKHeX.Core/Resources/text/donut/text_donutName_es-419.txt,a5b2c13ff47df78c99a20b6b030de99a75b5528e,3435,8ad201e80244f630ab5a46922ab72fb79c5ad4f4
PKHeX.Core/Resources/text/donut/text_donutName_es.txt,02a6c377eddef3df94707cbeb7518b33ffcff3ad,3555,8ad201e80244f630ab5a46922ab72fb79c5ad4f4
PKHeX.Core/Resources/text/donut/text_donutName_fr.txt,3f3bc9193dc93ef1adfd3719e98d9471f1ed73bc,4325,8ad201e80244f630ab5a46922ab72fb79c5ad4f4
PKHeX.Core/Resources/text/donut/text_donutName_it.txt,0b989cf5477a56591d3131bb89b13b95a5f985d0,4018,8ad201e80244f630ab5a46922ab72fb79c5ad4f4
PKHeX.Core/Resources/text/donut/text_donutName_ja.txt,678f71b4d4d75c06f5d0d443c060bc674c6f33e5,4291,8ad201e80244f630ab5a46922ab72fb79c5ad4f4
PKHeX.Core/Resources/text/donut/text_donutName_ko.txt,0c12ead16751873405992ddff7e2187dcf97cde1,3123,8ad201e80244f630ab5a46922ab72fb79c5ad4f4
PKHeX.Core/Resources/text/donut/text_donutName_zh-Hans.txt,09ddcd76aaee02882878dd477628fccd2dcde9f8,2893,8ad201e80244f630ab5a46922ab72fb79c5ad4f4
PKHeX.Core/Resources/text/donut/text_donutName_zh-Hant.txt,76231c98b0270b0dec059ed5256cb0e9702ffbdc,2992,8ad201e80244f630ab5a46922ab72fb79c5ad4f4
PKHeX.Core/Resources/text/game/battle_pass_br/text_gear_de.txt,4bd627fd7305135d319322d7ffc57b6cd7a4f3a2,12425,8ad201e80244f630ab5a46922ab72fb79c5ad4f4
PKHeX.Core/Resources/text/game/battle_pass_br/text_gear_en.txt,22c5766a89fafcb657a8467fdef281051fd4e40c,11958,8ad201e80244f630ab5a46922ab72fb79c5ad4f4
PKHeX.Core/Resources/text/game/battle_pass_br/text_gear_es-419.txt,9be04077051da4956263db45a1e756a5015d70aa,14440,8ad201e80244f630ab5a46922ab72fb79c5ad4f4
PKHeX.Core/Resources/text/game/battle_pass_br/text_gear_es.txt,24b7fefad2aaa44a3160e862ddb3fd21db5fe54d,14487,8ad201e80244f630ab5a46922ab72fb79c5ad4f4
PKHeX.Core/Resources/text/game/battle_pass_br/text_gear_fr.txt,b29951e692598dcff23ed38ef7619f80d934a7d7,14049,8ad201e80244f630ab5a46922ab72fb79c5ad4f4
PKHeX.Core/Resources/text/game/battle_pass_br/text_gear_it.txt,4c54e155d68739e07db78a2441e31e70f8b09875,14189,8ad201e80244f630ab5a46922ab72fb79c5ad4f4
PKHeX.Core/Resources/text/game/battle_pass_br/text_gear_ja.txt,67c2f8f80a09f42690654bca178a2cd56587253d,19255,8ad201e80244f630ab5a46922ab72fb79c5ad4f4
PKHeX.Core/Resources/text/game/battle_pass_br/text_pass_design_de.txt,5fb9e11af6c9847f2e0f9bc7b9d490146a6f19dc,683,8ad201e80244f630ab5a46922ab72fb79c5ad4f4
PKHeX.Core/Resources/text/game/battle_pass_br/text_pass_design_en.txt,e2027d901a7166e13588feb2330aefea6eef15d6,686,8ad201e80244f630ab5a46922ab72fb79c5ad4f4
PKHeX.Core/Resources/text/game/battle_pass_br/text_pass_design_es-419.txt,6feb0bc9755b1c37382c9fbc2bc9650fbd67288e,750,8ad201e80244f630ab5a46922ab72fb79c5ad4f4
PKHeX.Core/Resources/text/game/battle_pass_br/text_pass_design_es.txt,6feb0bc9755b1c37382c9fbc2bc9650fbd67288e,750,8ad201e80244f630ab5a46922ab72fb79c5ad4f4
PKHeX.Core/Resources/text/game/battle_pass_br/text_pass_design_fr.txt,23420ed9ca60ed43a9432f82516b977dc6123bed,871,8ad201e80244f630ab5a46922ab72fb79c5ad4f4
PKHeX.Core/Resources/text/game/battle_pass_br/text_pass_design_it.txt,eeb6634026b1e77f7a555941dc214a50fcf3bb6d,717,8ad201e80244f630ab5a46922ab72fb79c5ad4f4
PKHeX.Core/Resources/text/game/battle_pass_br/text_pass_design_ja.txt,d9c7e85fd81186e540d95b3609527bb7a4383532,1314,8ad201e80244f630ab5a46922ab72fb79c5ad4f4
PKHeX.Core/Resources/text/game/battle_pass_br/text_trainer_title_de.txt,c61bfd9ed772897e1aca4900e22de2758dee270d,4409,8ad201e80244f630ab5a46922ab72fb79c5ad4f4
PKHeX.Core/Resources/text/game/battle_pass_br/text_trainer_title_en.txt,ae51847bf8ce9d9a15d0fa59f7fe9c097e1454c1,5103,8ad201e80244f630ab5a46922ab72fb79c5ad4f4
PKHeX.Core/Resources/text/game/battle_pass_br/text_trainer_title_es-419.txt,fc0e5d1b2e8bc278544696d4c2803357fbb66db7,6541,8ad201e80244f630ab5a46922ab72fb79c5ad4f4
PKHeX.Core/Resources/text/game/battle_pass_br/text_trainer_title_es.txt,fc0e5d1b2e8bc278544696d4c2803357fbb66db7,6541,8ad201e80244f630ab5a46922ab72fb79c5ad4f4
PKHeX.Core/Resources/text/game/battle_pass_br/text_trainer_title_fr.txt,2cd5e8a8c3c9e48b4d89878b257d86d58cec97ac,5997,8ad201e80244f630ab5a46922ab72fb79c5ad4f4
PKHeX.Core/Resources/text/game/battle_pass_br/text_trainer_title_it.txt,3345f50e58f0ff798717641c132497579da52d3a,5170,8ad201e80244f630ab5a46922ab72fb79c5ad4f4
PKHeX.Core/Resources/text/game/battle_pass_br/text_trainer_title_ja.txt,8ed16a253f8f78b5430ef8dd84a33a63245003ac,8762,8ad201e80244f630ab5a46922ab72fb79c5ad4f4
PKHeX.Core/Resources/text/game/battle_pass_br/text_trainer_title_npc_de.txt,3ca2e1088d59398a29797524f4e39fc7c1fbcf37,1096,8ad201e80244f630ab5a46922ab72fb79c5ad4f4
PKHeX.Core/Resources/text/game/battle_pass_br/text_trainer_title_npc_en.txt,cb03dfd87243a14c215a25b371025fe27d46e708,1193,8ad201e80244f630ab5a46922ab72fb79c5ad4f4
PKHeX.Core/Resources/text/game/battle_pass_br/text_trainer_title_npc_es-419.txt,81b495c9e46f523b2ef4634478ad4fd1cdbbc53e,1581,8ad201e80244f630ab5a46922ab72fb79c5ad4f4
PKHeX.Core/Resources/text/game/battle_pass_br/text_trainer_title_npc_es.txt,81b495c9e46f523b2ef4634478ad4fd1cdbbc53e,1581,8ad201e80244f630ab5a46922ab72fb79c5ad4f4
PKHeX.Core/Resources/text/game/battle_pass_br/text_trainer_title_npc_fr.txt,dea0909b52e52d541faca98b9c48372bb6915803,1411,8ad201e80244f630ab5a46922ab72fb79c5ad4f4
PKHeX.Core/Resources/text/game/battle_pass_br/text_trainer_title_npc_it.txt,b1949a26b89326156c903562914e040c2e45f98e,1189,8ad201e80244f630ab5a46922ab72fb79c5ad4f4
PKHeX.Core/Resources/text/game/battle_pass_br/text_trainer_title_npc_ja.txt,174ae9f4a1f551bc7ab17a92d91f99afa8cb6d10,2135,8ad201e80244f630ab5a46922ab72fb79c5ad4f4
PKHeX.Core/Resources/text/game/decorations_rse/text_decoration3_de.txt,4cbf91a0ae25b8467807d1c58dabf623a78ca5c7,1583,8ad201e80244f630ab5a46922ab72fb79c5ad4f4
PKHeX.Core/Resources/text/game/decorations_rse/text_decoration3_en.txt,8ea59c2d4902662306bc53ede3a29f6cf0c9e2b8,1473,8ad201e80244f630ab5a46922ab72fb79c5ad4f4
PKHeX.Core/Resources/text/game/decorations_rse/text_decoration3_es-419.txt,62e37b7413d0cc17cac7ba401ba8540f3e63c868,1689,8ad201e80244f630ab5a46922ab72fb79c5ad4f4
PKHeX.Core/Resources/text/game/decorations_rse/text_decoration3_es.txt,62e37b7413d0cc17cac7ba401ba8540f3e63c868,1689,8ad201e80244f630ab5a46922ab72fb79c5ad4f4
PKHeX.Core/Resources/text/game/decorations_rse/text_decoration3_fr.txt,143fee1d681d75e73d1e0cfbb2902079e601232d,1687,8ad201e80244f630ab5a46922ab72fb79c5ad4f4
PKHeX.Core/Resources/text/game/decorations_rse/text_decoration3_it.txt,6651ad83e8e80144c8b696b0564d3d1d328d9c88,1652,8ad201e80244f630ab5a46922ab72fb79c5ad4f4
PKHeX.Core/Resources/text/game/decorations_rse/text_decoration3_ja.txt,1f96cba0c0b48d3c84f1e5561d4781491223df5f,2606,8ad201e80244f630ab5a46922ab72fb79c5ad4f4
PKHeX.Core/Resources/text/game/decorations_rse/text_decoration3_ko.txt,2c509431ebb7a997a795d15bdae0dec037d84a48,1846,8ad201e80244f630ab5a46922ab72fb79c5ad4f4
PKHeX.Core/Resources/text/game/decorations_rse/text_decoration3_zh-Hans.txt,a5cff96929aad3086669404fa26fb41d112471fa,1718,8ad201e80244f630ab5a46922ab72fb79c5ad4f4
PKHeX.Core/Resources/text/game/decorations_rse/text_decoration3_zh-Hant.txt,7955c046bf40ce1ce34d9061f98560353a552c72,1718,8ad201e80244f630ab5a46922ab72fb79c5ad4f4
PKHeX.Core/Resources/text/game/fashioncase_dppthgss/text_accessories_de.txt,f7d185a992fc91ff79ff6258eef07f99d1af3061,1116,8ad201e80244f630ab5a46922ab72fb79c5ad4f4
PKHeX.Core/Resources/text/game/fashioncase_dppthgss/text_accessories_en.txt,b83f0f067a30249be65ef26cca87e6ebd4b7000d,1220,8ad201e80244f630ab5a46922ab72fb79c5ad4f4
PKHeX.Core/Resources/text/game/fashioncase_dppthgss/text_accessories_es-419.txt,24e540485cff0e1725f90eb01a376697f43cf4cf,1241,8ad201e80244f630ab5a46922ab72fb79c5ad4f4
PKHeX.Core/Resources/text/game/fashioncase_dppthgss/text_accessories_es.txt,24e540485cff0e1725f90eb01a376697f43cf4cf,1241,8ad201e80244f630ab5a46922ab72fb79c5ad4f4
PKHeX.Core/Resources/text/game/fashioncase_dppthgss/text_accessories_fr.txt,8d7a5802d0f802f31ef20ffe0acaf452ce9863b0,1299,8ad201e80244f630ab5a46922ab72fb79c5ad4f4
PKHeX.Core/Resources/text/game/fashioncase_dppthgss/text_accessories_it.txt,0884281554661b15c7995c454b10eacd7cde4fae,1193,8ad201e80244f630ab5a46922ab72fb79c5ad4f4
PKHeX.Core/Resources/text/game/fashioncase_dppthgss/text_accessories_ja.txt,70325fb1d848216c091148aa738f30ccfa0b4846,2088,8ad201e80244f630ab5a46922ab72fb79c5ad4f4
PKHeX.Core/Resources/text/game/fashioncase_dppthgss/text_accessories_ko.txt,3917a354207d5f3c5a7e58e41d81fbf1b581e2f0,1471,8ad201e80244f630ab5a46922ab72fb79c5ad4f4
PKHeX.Core/Resources/text/game/fashioncase_dppthgss/text_accessories_zh-Hans.txt,f7f91e76873c451a79eb0882c4d642183ebe632d,1191,8ad201e80244f630ab5a46922ab72fb79c5ad4f4
PKHeX.Core/Resources/text/game/fashioncase_dppthgss/text_accessories_zh-Hant.txt,f4903b810559a3fb725778af7626c916d625b8ac,1191,8ad201e80244f630ab5a46922ab72fb79c5ad4f4
PKHeX.Core/Resources/text/game/fashioncase_dppthgss/text_backdrops_de.txt,b0a856f659c14f3398d1d0f51c188f9896a6f9cf,206,8ad201e80244f630ab5a46922ab72fb79c5ad4f4
PKHeX.Core/Resources/text/game/fashioncase_dppthgss/text_backdrops_en.txt,811318544e6114607c436d5d0914c632b88b129c,196,8ad201e80244f630ab5a46922ab72fb79c5ad4f4
PKHeX.Core/Resources/text/game/fashioncase_dppthgss/text_backdrops_es-419.txt,86a01c42ad89b41b4cf2d8bceeed2ba912b0b2aa,223,8ad201e80244f630ab5a46922ab72fb79c5ad4f4
PKHeX.Core/Resources/text/game/fashioncase_dppthgss/text_backdrops_es.txt,86a01c42ad89b41b4cf2d8bceeed2ba912b0b2aa,223,8ad201e80244f630ab5a46922ab72fb79c5ad4f4
PKHeX.Core/Resources/text/game/fashioncase_dppthgss/text_backdrops_fr.txt,00c9b6451f36ff4a00e16db6972ce65349b36016,206,8ad201e80244f630ab5a46922ab72fb79c5ad4f4
PKHeX.Core/Resources/text/game/fashioncase_dppthgss/text_backdrops_it.txt,737ec34415b5f632297d372521ee6284b452202f,224,8ad201e80244f630ab5a46922ab72fb79c5ad4f4
PKHeX.Core/Resources/text/game/fashioncase_dppthgss/text_backdrops_ja.txt,814227d90bc4ab18218841cbcbe440ced148158f,341,8ad201e80244f630ab5a46922ab72fb79c5ad4f4
PKHeX.Core/Resources/text/game/fashioncase_dppthgss/text_backdrops_ko.txt,62c34dd5d514ee9d2c256d49e274e5d169402bc3,221,8ad201e80244f630ab5a46922ab72fb79c5ad4f4
PKHeX.Core/Resources/text/game/fashioncase_dppthgss/text_backdrops_zh-Hans.txt,8fa41e502a356abeaeda53c2f737b12d9885b022,215,8ad201e80244f630ab5a46922ab72fb79c5ad4f4
PKHeX.Core/Resources/text/game/fashioncase_dppthgss/text_backdrops_zh-Hant.txt,af1255e4da3336368b7255571053cb0217b4838b,215,8ad201e80244f630ab5a46922ab72fb79c5ad4f4
PKHeX.Core/Resources/text/game/medals_b2w2/text_medal_types_de.txt,e68f090c353eda84755c581caafe8a8e9ffe4ce6,45,8ad201e80244f630ab5a46922ab72fb79c5ad4f4
PKHeX.Core/Resources/text/game/medals_b2w2/text_medal_types_en.txt,6c714c2ba63515c034ecf139bf2c3b6eab97ee08,48,8ad201e80244f630ab5a46922ab72fb79c5ad4f4
PKHeX.Core/Resources/text/game/medals_b2w2/text_medal_types_es-419.txt,3bb5a3e0c59a442af061e5b18d5967815ee38489,45,8ad201e80244f630ab5a46922ab72fb79c5ad4f4
PKHeX.Core/Resources/text/game/medals_b2w2/text_medal_types_es.txt,3bb5a3e0c59a442af061e5b18d5967815ee38489,45,8ad201e80244f630ab5a46922ab72fb79c5ad4f4
PKHeX.Core/Resources/text/game/medals_b2w2/text_medal_types_fr.txt,21588acb1294580e1626a7da1907d8f3d2bfb5ba,49,8ad201e80244f630ab5a46922ab72fb79c5ad4f4
PKHeX.Core/Resources/text/game/medals_b2w2/text_medal_types_it.txt,de0e0d7f9813183f171a89d9248da3d2d13b3e80,43,8ad201e80244f630ab5a46922ab72fb79c5ad4f4
PKHeX.Core/Resources/text/game/medals_b2w2/text_medal_types_ja.txt,f5a833b9f115df19394889d58c8e568c6c7966d2,40,8ad201e80244f630ab5a46922ab72fb79c5ad4f4
PKHeX.Core/Resources/text/game/medals_b2w2/text_medal_types_ko.txt,639d445e5cf5a50a4d35025406bb426e91286189,37,8ad201e80244f630ab5a46922ab72fb79c5ad4f4
PKHeX.Core/Resources/text/game/medals_b2w2/text_medal_types_zh-Hans.txt,6d695b4464787f5ea50febf43c69fbd4d4882cc2,34,8ad201e80244f630ab5a46922ab72fb79c5ad4f4
PKHeX.Core/Resources/text/game/medals_b2w2/text_medal_types_zh-Hant.txt,17b39853a74cff0e9f432e48b06c081db6667663,34,8ad201e80244f630ab5a46922ab72fb79c5ad4f4
PKHeX.Core/Resources/text/game/medals_b2w2/text_medals_de.txt,cedd5d0ab65281192dbfb77648ddcf7a81209a58,3818,8ad201e80244f630ab5a46922ab72fb79c5ad4f4
PKHeX.Core/Resources/text/game/medals_b2w2/text_medals_en.txt,d94aecbe5af58d2ff4815becbe50738513976191,4095,8ad201e80244f630ab5a46922ab72fb79c5ad4f4
PKHeX.Core/Resources/text/game/medals_b2w2/text_medals_es-419.txt,d224913e81cd30ac9b32a8efc1f43cbda5371faa,3976,8ad201e80244f630ab5a46922ab72fb79c5ad4f4
PKHeX.Core/Resources/text/game/medals_b2w2/text_medals_es.txt,d224913e81cd30ac9b32a8efc1f43cbda5371faa,3976,8ad201e80244f630ab5a46922ab72fb79c5ad4f4
PKHeX.Core/Resources/text/game/medals_b2w2/text_medals_fr.txt,c0b36e99cded0580cee77c4f28d11c5d189924eb,4301,8ad201e80244f630ab5a46922ab72fb79c5ad4f4
PKHeX.Core/Resources/text/game/medals_b2w2/text_medals_it.txt,6acc35498509e62ac567fc68860ebbcf4733571b,4327,8ad201e80244f630ab5a46922ab72fb79c5ad4f4
PKHeX.Core/Resources/text/game/medals_b2w2/text_medals_ja.txt,4c974d9e18b550808a686dbd26a8859bed0a0566,6587,8ad201e80244f630ab5a46922ab72fb79c5ad4f4
PKHeX.Core/Resources/text/game/medals_b2w2/text_medals_ko.txt,2264be3c3e6432137933931df8ad80841a1ef04a,4166,8ad201e80244f630ab5a46922ab72fb79c5ad4f4
PKHeX.Core/Resources/text/game/medals_b2w2/text_medals_zh-Hans.txt,2a8441eeb90f429c0b27f03a62a338234d1136b8,3557,8ad201e80244f630ab5a46922ab72fb79c5ad4f4
PKHeX.Core/Resources/text/game/medals_b2w2/text_medals_zh-Hant.txt,ac230a690587c03cbeb3d9d611bebc0316f42fd7,3559,8ad201e80244f630ab5a46922ab72fb79c5ad4f4
PKHeX.Core/Resources/text/game/poffins_bdsp/text_poffin8b_de.txt,d44c2607a0fee88b1744be4ee626f7caa8e4cf7e,596,8ad201e80244f630ab5a46922ab72fb79c5ad4f4
PKHeX.Core/Resources/text/game/poffins_bdsp/text_poffin8b_en.txt,b6dd47cb08295e9d2388cff10264570fa05fe652,497,8ad201e80244f630ab5a46922ab72fb79c5ad4f4
PKHeX.Core/Resources/text/game/poffins_bdsp/text_poffin8b_es-419.txt,9c8841ae5dddf6667978c87b597b1dbd0278d56d,541,8ad201e80244f630ab5a46922ab72fb79c5ad4f4
PKHeX.Core/Resources/text/game/poffins_bdsp/text_poffin8b_es.txt,9c8841ae5dddf6667978c87b597b1dbd0278d56d,541,8ad201e80244f630ab5a46922ab72fb79c5ad4f4
PKHeX.Core/Resources/text/game/poffins_bdsp/text_poffin8b_fr.txt,1b925d11a9af0c7f5914d1c759a221a37a5e8a1d,544,8ad201e80244f630ab5a46922ab72fb79c5ad4f4
PKHeX.Core/Resources/text/game/poffins_bdsp/text_poffin8b_it.txt,74e6c29dbcc4ff46f00fc619810154722d5f0d95,531,8ad201e80244f630ab5a46922ab72fb79c5ad4f4
PKHeX.Core/Resources/text/game/poffins_bdsp/text_poffin8b_ja.txt,b49ddeea48ba97fc3443a1009e0f612cbb884f81,765,8ad201e80244f630ab5a46922ab72fb79c5ad4f4
PKHeX.Core/Resources/text/game/poffins_bdsp/text_poffin8b_ko.txt,af56e0bc8ae1633ea923c0ca7e6c296bb0e30111,552,8ad201e80244f630ab5a46922ab72fb79c5ad4f4
PKHeX.Core/Resources/text/game/poffins_bdsp/text_poffin8b_zh-Hans.txt,206534f024f3eded24fc32b1b650c4a95ebe9813,393,8ad201e80244f630ab5a46922ab72fb79c5ad4f4
PKHeX.Core/Resources/text/game/poffins_bdsp/text_poffin8b_zh-Hant.txt,9e01220902ef914dba07005524e6a8b1ba2143df,393,8ad201e80244f630ab5a46922ab72fb79c5ad4f4
PKHeX.Core/Resources/text/game/poffins_dppt/text_poffin4_de.txt,ca5f5da4571dafdfae93fdd4d646299ef0f985d7,584,8ad201e80244f630ab5a46922ab72fb79c5ad4f4
PKHeX.Core/Resources/text/game/poffins_dppt/text_poffin4_en.txt,a4d4c54976c22624df2351f7fdb0398f5dd1a4bf,484,8ad201e80244f630ab5a46922ab72fb79c5ad4f4
PKHeX.Core/Resources/text/game/poffins_dppt/text_poffin4_es-419.txt,08e140b08843445920d83ea84f9df2dd0ff08e44,530,8ad201e80244f630ab5a46922ab72fb79c5ad4f4
PKHeX.Core/Resources/text/game/poffins_dppt/text_poffin4_es.txt,08e140b08843445920d83ea84f9df2dd0ff08e44,530,8ad201e80244f630ab5a46922ab72fb79c5ad4f4
PKHeX.Core/Resources/text/game/poffins_dppt/text_poffin4_fr.txt,ab2e2b350d83016b7c054d7a561dadcb2e3318b6,502,8ad201e80244f630ab5a46922ab72fb79c5ad4f4
PKHeX.Core/Resources/text/game/poffins_dppt/text_poffin4_it.txt,d7d442fc6aad1088d8aac8559da95eeb32fc139d,521,8ad201e80244f630ab5a46922ab72fb79c5ad4f4
PKHeX.Core/Resources/text/game/poffins_dppt/text_poffin4_ja.txt,e27bbdd74caf76532c56c75b1aa842a77f56bd5f,738,8ad201e80244f630ab5a46922ab72fb79c5ad4f4
PKHeX.Core/Resources/text/game/poffins_dppt/text_poffin4_ko.txt,937516046cce9ff9e33aeeb168e4217a59083344,534,8ad201e80244f630ab5a46922ab72fb79c5ad4f4
PKHeX.Core/Resources/text/game/poffins_dppt/text_poffin4_zh-Hans.txt,680afe069189427299507280ca27f0398b996d69,381,8ad201e80244f630ab5a46922ab72fb79c5ad4f4
PKHeX.Core/Resources/text/game/poffins_dppt/text_poffin4_zh-Hant.txt,72deca5ba38d3d4ef699a9e8b8cf3e8bf17033a7,381,8ad201e80244f630ab5a46922ab72fb79c5ad4f4
PKHeX.Core/Resources/text/game/pokeblocks_rse/text_pokeblock3_de.txt,9e99f3d8d5b1445a0f90cbf1a5570e72a7005def,250,8ad201e80244f630ab5a46922ab72fb79c5ad4f4
PKHeX.Core/Resources/text/game/pokeblocks_rse/text_pokeblock3_en.txt,586e0d4fd7a25ef154a83da734ebd72fa3838591,242,8ad201e80244f630ab5a46922ab72fb79c5ad4f4
PKHeX.Core/Resources/text/game/pokeblocks_rse/text_pokeblock3_es-419.txt,9d8a19e25a4a62b30e923ddd8d5373f7f1862df1,240,8ad201e80244f630ab5a46922ab72fb79c5ad4f4
PKHeX.Core/Resources/text/game/pokeblocks_rse/text_pokeblock3_es.txt,9d8a19e25a4a62b30e923ddd8d5373f7f1862df1,240,8ad201e80244f630ab5a46922ab72fb79c5ad4f4
PKHeX.Core/Resources/text/game/pokeblocks_rse/text_pokeblock3_fr.txt,23525ff948444549e768248c43f1aaa26efa2333,228,8ad201e80244f630ab5a46922ab72fb79c5ad4f4
PKHeX.Core/Resources/text/game/pokeblocks_rse/text_pokeblock3_it.txt,5c1b6aaafad789abd7aa25e01ce9651ed402a693,247,8ad201e80244f630ab5a46922ab72fb79c5ad4f4
PKHeX.Core/Resources/text/game/pokeblocks_rse/text_pokeblock3_ja.txt,2a70fd5d9c5fbfc633763f2da34c25c2e0587b8b,344,8ad201e80244f630ab5a46922ab72fb79c5ad4f4
PKHeX.Core/Resources/text/game/pokeblocks_rse/text_pokeblock3_ko.txt,579f8808cde68b4aad934626e2e517a02f09d4b6,320,8ad201e80244f630ab5a46922ab72fb79c5ad4f4
PKHeX.Core/Resources/text/game/pokeblocks_rse/text_pokeblock3_zh-Hans.txt,4cfbc1f1bb469220ca401728ace4adaa2284376f,281,8ad201e80244f630ab5a46922ab72fb79c5ad4f4
PKHeX.Core/Resources/text/game/pokeblocks_rse/text_pokeblock3_zh-Hant.txt,ea5421d906176f597143b3f269334ca84cc5d9dd,281,8ad201e80244f630ab5a46922ab72fb79c5ad4f4
PKHeX.Core/Resources/text/game/poketchapps_dppt/text_poketchapps_de.txt,485174b8d049baa8969e01e0fd49c1b856b63f0a,301,8ad201e80244f630ab5a46922ab72fb79c5ad4f4
PKHeX.Core/Resources/text/game/poketchapps_dppt/text_poketchapps_en.txt,a63f38bf372501959406f96301ede73df123b5e9,321,8ad201e80244f630ab5a46922ab72fb79c5ad4f4
PKHeX.Core/Resources/text/game/poketchapps_dppt/text_poketchapps_es-419.txt,c54e9c995a467fab23055163a1d806cd5a48f13d,358,8ad201e80244f630ab5a46922ab72fb79c5ad4f4
PKHeX.Core/Resources/text/game/poketchapps_dppt/text_poketchapps_es.txt,c54e9c995a467fab23055163a1d806cd5a48f13d,358,8ad201e80244f630ab5a46922ab72fb79c5ad4f4
PKHeX.Core/Resources/text/game/poketchapps_dppt/text_poketchapps_fr.txt,29ec834b22f400e2ac9f388dc1d65830723e5a73,378,8ad201e80244f630ab5a46922ab72fb79c5ad4f4
PKHeX.Core/Resources/text/game/poketchapps_dppt/text_poketchapps_it.txt,e3c3602fd49668457cadc7fe87d9b97e61a52065,369,8ad201e80244f630ab5a46922ab72fb79c5ad4f4
PKHeX.Core/Resources/text/game/poketchapps_dppt/text_poketchapps_ja.txt,8519e3130f540b2d84835ae31f1c3a3ae6484bba,579,8ad201e80244f630ab5a46922ab72fb79c5ad4f4
PKHeX.Core/Resources/text/game/poketchapps_dppt/text_poketchapps_ko.txt,a4aef4c803e4dcc0736d1e93982e39dfa129b510,375,8ad201e80244f630ab5a46922ab72fb79c5ad4f4
PKHeX.Core/Resources/text/game/poketchapps_dppt/text_poketchapps_zh-Hans.txt,142ae7a6593c82aef1facdb04167b1ff8da3824b,312,8ad201e80244f630ab5a46922ab72fb79c5ad4f4
PKHeX.Core/Resources/text/game/props_bwb2w2/text_props_de.txt,ff52af46e88fc1616b97c7505e5446768e986c83,1224,8ad201e80244f630ab5a46922ab72fb79c5ad4f4
PKHeX.Core/Resources/text/game/props_bwb2w2/text_props_en.txt,27caff2a552431b6a72c9f22760f9ee0e08e44c4,1093,8ad201e80244f630ab5a46922ab72fb79c5ad4f4
PKHeX.Core/Resources/text/game/props_bwb2w2/text_props_es-419.txt,f4fb6cbb159ed6bfafe246da52fbb7ff47958f15,1282,8ad201e80244f630ab5a46922ab72fb79c5ad4f4
PKHeX.Core/Resources/text/game/props_bwb2w2/text_props_es.txt,f4fb6cbb159ed6bfafe246da52fbb7ff47958f15,1282,8ad201e80244f630ab5a46922ab72fb79c5ad4f4
PKHeX.Core/Resources/text/game/props_bwb2w2/text_props_fr.txt,a41646d41852010aff7f6440509cb08e248ae5ab,1325,8ad201e80244f630ab5a46922ab72fb79c5ad4f4
PKHeX.Core/Resources/text/game/props_bwb2w2/text_props_it.txt,a971bda594c117a1a823aa2e85acfc85e32a347f,1165,8ad201e80244f630ab5a46922ab72fb79c5ad4f4
PKHeX.Core/Resources/text/game/props_bwb2w2/text_props_ja.txt,0fc63f424fe7629f49f25691b453e7b448d883d3,1905,8ad201e80244f630ab5a46922ab72fb79c5ad4f4
PKHeX.Core/Resources/text/game/props_bwb2w2/text_props_ko.txt,f5b3390eec34ac466eea0233bbe9d654112ce135,1324,8ad201e80244f630ab5a46922ab72fb79c5ad4f4
PKHeX.Core/Resources/text/game/props_bwb2w2/text_props_zh-Hans.txt,4b2eae5af91f6f4c77e1f6a16ec04749e6fa2f5d,1086,8ad201e80244f630ab5a46922ab72fb79c5ad4f4
PKHeX.Core/Resources/text/game/props_bwb2w2/text_props_zh-Hant.txt,27caff2a552431b6a72c9f22760f9ee0e08e44c4,1093,8ad201e80244f630ab5a46922ab72fb79c5ad4f4
PKHeX.Core/Resources/text/game/research_la/text_species_tasks8a_de.txt,44555b67b39f3bb0188c4e690718e7138f9871bc,802,8ad201e80244f630ab5a46922ab72fb79c5ad4f4
PKHeX.Core/Resources/text/game/research_la/text_species_tasks8a_en.txt,6433da6815937be41d1665d173d9422f1f72a667,960,8ad201e80244f630ab5a46922ab72fb79c5ad4f4
PKHeX.Core/Resources/text/game/research_la/text_species_tasks8a_es-419.txt,be935e375eb9b3616268b086eae7ac4da97d9cd8,886,8ad201e80244f630ab5a46922ab72fb79c5ad4f4
PKHeX.Core/Resources/text/game/research_la/text_species_tasks8a_es.txt,be935e375eb9b3616268b086eae7ac4da97d9cd8,886,8ad201e80244f630ab5a46922ab72fb79c5ad4f4
PKHeX.Core/Resources/text/game/research_la/text_species_tasks8a_fr.txt,e6f2799a7ba9c4f3a84fa73aad6850d9279cb3ee,843,8ad201e80244f630ab5a46922ab72fb79c5ad4f4
PKHeX.Core/Resources/text/game/research_la/text_species_tasks8a_it.txt,c238e70781866768df8d11861cbdecd4356edadc,805,8ad201e80244f630ab5a46922ab72fb79c5ad4f4
PKHeX.Core/Resources/text/game/research_la/text_species_tasks8a_ja.txt,ad76f0eabe555291697103d019e9191029dd9c2e,835,8ad201e80244f630ab5a46922ab72fb79c5ad4f4
PKHeX.Core/Resources/text/game/research_la/text_species_tasks8a_ko.txt,9f57451d436bfa2ad909bdca70ca3d84b966d956,800,8ad201e80244f630ab5a46922ab72fb79c5ad4f4
PKHeX.Core/Resources/text/game/research_la/text_species_tasks8a_zh-Hans.txt,a0ec65e6b1cd469f5195107a2fb46f034013c135,679,8ad201e80244f630ab5a46922ab72fb79c5ad4f4
PKHeX.Core/Resources/text/game/research_la/text_species_tasks8a_zh-Hant.txt,6570fd9ddb060caa8e69e9b087ada91e041672ab,748,8ad201e80244f630ab5a46922ab72fb79c5ad4f4
PKHeX.Core/Resources/text/game/research_la/text_tasks8a_de.txt,cc091083dd38b0e102ebd3be94479d70c7317740,799,8ad201e80244f630ab5a46922ab72fb79c5ad4f4
PKHeX.Core/Resources/text/game/research_la/text_tasks8a_en.txt,90c789f4456dbcbe8206fd5897a72509d2ae798b,1048,8ad201e80244f630ab5a46922ab72fb79c5ad4f4
PKHeX.Core/Resources/text/game/research_la/text_tasks8a_es-419.txt,134f24b5d5d42931228656e8124e380b51ed2aa7,1012,8ad201e80244f630ab5a46922ab72fb79c5ad4f4
PKHeX.Core/Resources/text/game/research_la/text_tasks8a_es.txt,134f24b5d5d42931228656e8124e380b51ed2aa7,1012,8ad201e80244f630ab5a46922ab72fb79c5ad4f4
PKHeX.Core/Resources/text/game/research_la/text_tasks8a_fr.txt,1c0d775709e13a77fcb29b0ed9cf739229f872d3,1138,8ad201e80244f630ab5a46922ab72fb79c5ad4f4
PKHeX.Core/Resources/text/game/research_la/text_tasks8a_it.txt,f619ad4847456c886a6ad223bb9b0bfec6e34125,968,8ad201e80244f630ab5a46922ab72fb79c5ad4f4
PKHeX.Core/Resources/text/game/research_la/text_tasks8a_ja.txt,257136b468fd4bf4dbadfea161307d45d443ce88,944,8ad201e80244f630ab5a46922ab72fb79c5ad4f4
PKHeX.Core/Resources/text/game/research_la/text_tasks8a_ko.txt,8a8c605182b418259e0c885f2fb33314b299fbdf,871,8ad201e80244f630ab5a46922ab72fb79c5ad4f4
PKHeX.Core/Resources/text/game/research_la/text_tasks8a_zh-Hans.txt,17080ef6d250615375ba1548c1098d48c4f84dd5,806,8ad201e80244f630ab5a46922ab72fb79c5ad4f4
PKHeX.Core/Resources/text/game/research_la/text_tasks8a_zh-Hant.txt,cfd208a13caabed74145b8532488c4f6714bf1e9,809,8ad201e80244f630ab5a46922ab72fb79c5ad4f4
PKHeX.Core/Resources/text/game/research_la/text_time_tasks8a_de.txt,02adf9e274e274a3d128b8577839bea1ca150728,91,8ad201e80244f630ab5a46922ab72fb79c5ad4f4
PKHeX.Core/Resources/text/game/research_la/text_time_tasks8a_en.txt,ec27d7fe26fe3644ec42bb17464ec2cd8d59538a,140,8ad201e80244f630ab5a46922ab72fb79c5ad4f4
PKHeX.Core/Resources/text/game/research_la/text_time_tasks8a_es-419.txt,2e339bd628884ab4ddab886123859a7447e664d2,179,8ad201e80244f630ab5a46922ab72fb79c5ad4f4
PKHeX.Core/Resources/text/game/research_la/text_time_tasks8a_es.txt,2e339bd628884ab4ddab886123859a7447e664d2,179,8ad201e80244f630ab5a46922ab72fb79c5ad4f4
PKHeX.Core/Resources/text/game/research_la/text_time_tasks8a_fr.txt,febf968b91d2ca951e0f5d5723c292c7432ecd48,165,8ad201e80244f630ab5a46922ab72fb79c5ad4f4
PKHeX.Core/Resources/text/game/research_la/text_time_tasks8a_it.txt,1e6ae6055a39fd2502110f71a13cac1af2ecdc8c,159,8ad201e80244f630ab5a46922ab72fb79c5ad4f4
PKHeX.Core/Resources/text/game/research_la/text_time_tasks8a_ja.txt,b1c77189da9ea02eebe726f7a5b349d9d450e62c,115,8ad201e80244f630ab5a46922ab72fb79c5ad4f4
PKHeX.Core/Resources/text/game/research_la/text_time_tasks8a_ko.txt,498b0653903f656bdb65a73ed28e098ad8d8f8ad,120,8ad201e80244f630ab5a46922ab72fb79c5ad4f4
PKHeX.Core/Resources/text/game/research_la/text_time_tasks8a_zh-Hans.txt,90931485369d10951581fa613f734c6fe9667ca8,124,8ad201e80244f630ab5a46922ab72fb79c5ad4f4
PKHeX.Core/Resources/text/game/research_la/text_time_tasks8a_zh-Hant.txt,9690bea3d08b3c5a8f5e81c00b1b5e9779b89349,124,8ad201e80244f630ab5a46922ab72fb79c5ad4f4
PKHeX.Core/Resources/text/game/seals_bdsp/text_stickers_de.txt,2d0aabf40b21be5a3999abb4424dfc7143532b9f,1583,8ad201e80244f630ab5a46922ab72fb79c5ad4f4
PKHeX.Core/Resources/text/game/seals_bdsp/text_stickers_en.txt,76451fcd381b8304d8f7a5cfb4f0c1e1d79bf673,1636,8ad201e80244f630ab5a46922ab72fb79c5ad4f4
PKHeX.Core/Resources/text/game/seals_bdsp/text_stickers_es-419.txt,f6d86318dd5a176b2b25d5e80fbbb9aced1b5861,1453,8ad201e80244f630ab5a46922ab72fb79c5ad4f4
PKHeX.Core/Resources/text/game/seals_bdsp/text_stickers_es.txt,f6d86318dd5a176b2b25d5e80fbbb9aced1b5861,1453,8ad201e80244f630ab5a46922ab72fb79c5ad4f4
PKHeX.Core/Resources/text/game/seals_bdsp/text_stickers_fr.txt,fedbe5df67b1f7e167741acc5b59e268aec93434,1525,8ad201e80244f630ab5a46922ab72fb79c5ad4f4
PKHeX.Core/Resources/text/game/seals_bdsp/text_stickers_it.txt,624837e6bef299b7c5fa8424490b73810c08e2d1,1501,8ad201e80244f630ab5a46922ab72fb79c5ad4f4
PKHeX.Core/Resources/text/game/seals_bdsp/text_stickers_ja.txt,2752d09a20e6cfcd9cc10ea9ec17ba541090cd12,2316,8ad201e80244f630ab5a46922ab72fb79c5ad4f4
PKHeX.Core/Resources/text/game/seals_bdsp/text_stickers_ko.txt,e42fa8d0a2447dde329d76687cd35c08fd53f286,1224,8ad201e80244f630ab5a46922ab72fb79c5ad4f4
PKHeX.Core/Resources/text/game/seals_bdsp/text_stickers_zh-Hans.txt,475396eb2bb3f994b5ee807fc7b094b67d7f6eac,1533,8ad201e80244f630ab5a46922ab72fb79c5ad4f4
PKHeX.Core/Resources/text/game/seals_bdsp/text_stickers_zh-Hant.txt,a43d9c560fc352cf896ef962e6879a065ad4ff1d,1533,8ad201e80244f630ab5a46922ab72fb79c5ad4f4
PKHeX.Core/Resources/text/game/seals_dppthgss/text_poketchapps_zh-Hant.txt,12a79b9bc2a2dfc9c60574784436ebe84ef6c649,309,8ad201e80244f630ab5a46922ab72fb79c5ad4f4
PKHeX.Core/Resources/text/game/seals_dppthgss/text_seals_de.txt,c4f856e0642e7f149a4be545a6d082d062cc1e8c,749,8ad201e80244f630ab5a46922ab72fb79c5ad4f4
PKHeX.Core/Resources/text/game/seals_dppthgss/text_seals_en.txt,f05cfb18f2777c5e178813edfdd636fdc663c220,849,8ad201e80244f630ab5a46922ab72fb79c5ad4f4
PKHeX.Core/Resources/text/game/seals_dppthgss/text_seals_es-419.txt,f8fffc317f7473c3c0e80b388a6cf1f8cc2ba8a0,860,8ad201e80244f630ab5a46922ab72fb79c5ad4f4
PKHeX.Core/Resources/text/game/seals_dppthgss/text_seals_es.txt,f8fffc317f7473c3c0e80b388a6cf1f8cc2ba8a0,860,8ad201e80244f630ab5a46922ab72fb79c5ad4f4
PKHeX.Core/Resources/text/game/seals_dppthgss/text_seals_fr.txt,4dc5b08025e1f8cf05fd5415b1edfc129189474e,859,8ad201e80244f630ab5a46922ab72fb79c5ad4f4
PKHeX.Core/Resources/text/game/seals_dppthgss/text_seals_it.txt,e9c5715337f1f06ffab8014fdd0a30fcb2ee2322,895,8ad201e80244f630ab5a46922ab72fb79c5ad4f4
PKHeX.Core/Resources/text/game/seals_dppthgss/text_seals_ja.txt,c9b850933e0c8a227e59dc49dbc5d962d11b830a,1576,8ad201e80244f630ab5a46922ab72fb79c5ad4f4
PKHeX.Core/Resources/text/game/seals_dppthgss/text_seals_ko.txt,022e5f18af704b7e6a31acfb350f70661cda5830,799,8ad201e80244f630ab5a46922ab72fb79c5ad4f4
PKHeX.Core/Resources/text/game/seals_dppthgss/text_seals_zh-Hans.txt,572e9cc97da5d293f9d4ea242cb6db8c326ab3cf,1108,8ad201e80244f630ab5a46922ab72fb79c5ad4f4
PKHeX.Core/Resources/text/game/seals_dppthgss/text_seals_zh-Hant.txt,1b6c079dd4f9bad775d3342f53f459f13342b345,1108,8ad201e80244f630ab5a46922ab72fb79c5ad4f4
PKHeX.Core/Resources/text/game/throw_styles_sv/text_throw_styles_de.txt,69a770ac8de2a5e0a606e5a49f2f8b04ad11d681,139,8ad201e80244f630ab5a46922ab72fb79c5ad4f4
PKHeX.Core/Resources/text/game/throw_styles_sv/text_throw_styles_en.txt,ce0e7151395c4c1d9472bc6bb1e77cc6ac641eac,132,8ad201e80244f630ab5a46922ab72fb79c5ad4f4
PKHeX.Core/Resources/text/game/throw_styles_sv/text_throw_styles_es-419.txt,dac5e0a915429c96ece1f89a5374aa969fe77385,138,8ad201e80244f630ab5a46922ab72fb79c5ad4f4
PKHeX.Core/Resources/text/game/throw_styles_sv/text_throw_styles_es.txt,dac5e0a915429c96ece1f89a5374aa969fe77385,138,8ad201e80244f630ab5a46922ab72fb79c5ad4f4
PKHeX.Core/Resources/text/game/throw_styles_sv/text_throw_styles_fr.txt,ed2affe2465f7261422ddbe245d875ba8ce3fc70,161,8ad201e80244f630ab5a46922ab72fb79c5ad4f4
PKHeX.Core/Resources/text/game/throw_styles_sv/text_throw_styles_it.txt,bdac5870c36b0f8a8a2a37b4a731c40f17c53746,135,8ad201e80244f630ab5a46922ab72fb79c5ad4f4
PKHeX.Core/Resources/text/game/throw_styles_sv/text_throw_styles_ja.txt,be9c3a8dfc20014e64ed225bed7c021f52df905d,233,8ad201e80244f630ab5a46922ab72fb79c5ad4f4
PKHeX.Core/Resources/text/game/throw_styles_sv/text_throw_styles_ko.txt,ac57554dc0ce3bac2ddda8e1cf02b715a71af2e1,180,8ad201e80244f630ab5a46922ab72fb79c5ad4f4
PKHeX.Core/Resources/text/game/throw_styles_sv/text_throw_styles_zh-Hans.txt,37c2a82f060ef402ed603a8e3c767fa7873f741c,125,8ad201e80244f630ab5a46922ab72fb79c5ad4f4
PKHeX.Core/Resources/text/game/throw_styles_sv/text_throw_styles_zh-Hant.txt,2398e6994aa819e65cad07b3464f701e4165c72e,125,8ad201e80244f630ab5a46922ab72fb79c5ad4f4
PKHeX.Core/Resources/text/game/underground_bdsp/text_ug_item_de.txt,d74bffff05e411de1e90813f7217e276acf95217,9725,8ad201e80244f630ab5a46922ab72fb79c5ad4f4
PKHeX.Core/Resources/text/game/underground_bdsp/text_ug_item_en.txt,87077b9b643e14212f0cbd600bd0e0f07e928fa6,9779,8ad201e80244f630ab5a46922ab72fb79c5ad4f4
PKHeX.Core/Resources/text/game/underground_bdsp/text_ug_item_es-419.txt,57c2f8bccd803b142b919eca15309b202226d417,11553,8ad201e80244f630ab5a46922ab72fb79c5ad4f4
PKHeX.Core/Resources/text/game/underground_bdsp/text_ug_item_es.txt,57c2f8bccd803b142b919eca15309b202226d417,11553,8ad201e80244f630ab5a46922ab72fb79c5ad4f4
PKHeX.Core/Resources/text/game/underground_bdsp/text_ug_item_fr.txt,93023748e988621571a8cff3e1ee708bb7d1702a,11449,8ad201e80244f630ab5a46922ab72fb79c5ad4f4
PKHeX.Core/Resources/text/game/underground_bdsp/text_ug_item_it.txt,6c9fa54c3bd2a36fe5950d31f22cbf3c64fa6816,11099,8ad201e80244f630ab5a46922ab72fb79c5ad4f4
PKHeX.Core/Resources/text/game/underground_bdsp/text_ug_item_ja.txt,c60cbc2682aa1d6ca36fedd93ed2d7b28e0b5c5c,18334,8ad201e80244f630ab5a46922ab72fb79c5ad4f4
PKHeX.Core/Resources/text/game/underground_bdsp/text_ug_item_ko.txt,018bad0d5b860c4a770f8df5e9ff1d8df1bb5a1b,11370,8ad201e80244f630ab5a46922ab72fb79c5ad4f4
PKHeX.Core/Resources/text/game/underground_bdsp/text_ug_item_zh-Hans.txt,76e02423e52464aca5ae5921142acfe2c2be7b69,13026,8ad201e80244f630ab5a46922ab72fb79c5ad4f4
PKHeX.Core/Resources/text/game/underground_bdsp/text_ug_item_zh-Hant.txt,32cf59b3506d1dd89694c8a9e6ac10008b539453,13015,8ad201e80244f630ab5a46922ab72fb79c5ad4f4
PKHeX.Core/Resources/text/game/underground_dppt/text_uggoods_de.txt,7d215f45f520c623b4fdbe57c5c6f75d4d0f830c,1712,8ad201e80244f630ab5a46922ab72fb79c5ad4f4
PKHeX.Core/Resources/text/game/underground_dppt/text_uggoods_en.txt,5d471e5d194a39b7f7830b9bea3a7d6ba304c153,1597,8ad201e80244f630ab5a46922ab72fb79c5ad4f4
PKHeX.Core/Resources/text/game/underground_dppt/text_uggoods_es-419.txt,5adf20e7e2397fdf32db0a59f4f8bde2df0a0dfc,1845,8ad201e80244f630ab5a46922ab72fb79c5ad4f4
PKHeX.Core/Resources/text/game/underground_dppt/text_uggoods_es.txt,5adf20e7e2397fdf32db0a59f4f8bde2df0a0dfc,1845,8ad201e80244f630ab5a46922ab72fb79c5ad4f4
PKHeX.Core/Resources/text/game/underground_dppt/text_uggoods_fr.txt,fe4c9e62266c88bd729c5b2023f282cba32a3536,1779,8ad201e80244f630ab5a46922ab72fb79c5ad4f4
PKHeX.Core/Resources/text/game/underground_dppt/text_uggoods_it.txt,fadea10e10a4d82693c2f8e88fab3400c86a5f4b,1787,8ad201e80244f630ab5a46922ab72fb79c5ad4f4
PKHeX.Core/Resources/text/game/underground_dppt/text_uggoods_ja.txt,a310cc4d7e9f64a3cd9b02b22b9492ec2bff9133,2789,8ad201e80244f630ab5a46922ab72fb79c5ad4f4
PKHeX.Core/Resources/text/game/underground_dppt/text_uggoods_ko.txt,cf9f54eda2cd11aeb201bafb4404a51702e83abf,1902,8ad201e80244f630ab5a46922ab72fb79c5ad4f4
PKHeX.Core/Resources/text/game/underground_dppt/text_uggoods_zh-Hans.txt,986d6743721154c25aa0a02e562ec9f13b85320d,1757,8ad201e80244f630ab5a46922ab72fb79c5ad4f4
PKHeX.Core/Resources/text/game/underground_dppt/text_uggoods_zh-Hant.txt,32b5b996c07eec16fae4531809d3bdf957466fc9,1757,8ad201e80244f630ab5a46922ab72fb79c5ad4f4
PKHeX.Core/Resources/text/game/underground_dppt/text_ugspheres_de.txt,6b88cbca0a7e2170e8925275aa54aba8c65f8b8b,182,8ad201e80244f630ab5a46922ab72fb79c5ad4f4
PKHeX.Core/Resources/text/game/underground_dppt/text_ugspheres_en.txt,221943944741180778ca321192bf0bce003e1de5,171,8ad201e80244f630ab5a46922ab72fb79c5ad4f4
PKHeX.Core/Resources/text/game/underground_dppt/text_ugspheres_es-419.txt,985e6ec52f7fdd9a8be1b60ae72574b9890cc2ae,159,8ad201e80244f630ab5a46922ab72fb79c5ad4f4
PKHeX.Core/Resources/text/game/underground_dppt/text_ugspheres_es.txt,985e6ec52f7fdd9a8be1b60ae72574b9890cc2ae,159,8ad201e80244f630ab5a46922ab72fb79c5ad4f4
PKHeX.Core/Resources/text/game/underground_dppt/text_ugspheres_fr.txt,ef36d885035dd4bc4340406c11b7659a482bc5e8,189,8ad201e80244f630ab5a46922ab72fb79c5ad4f4
PKHeX.Core/Resources/text/game/underground_dppt/text_ugspheres_it.txt,5b844877c3613655d960a1b1479c59a21553b8cd,166,8ad201e80244f630ab5a46922ab72fb79c5ad4f4
PKHeX.Core/Resources/text/game/underground_dppt/text_ugspheres_ja.txt,b165f47bb73f02906f33c44a50ba94fd19af59e6,216,8ad201e80244f630ab5a46922ab72fb79c5ad4f4
PKHeX.Core/Resources/text/game/underground_dppt/text_ugspheres_ko.txt,c29d76d205b5ca54b3874738d42b4eab76497041,213,8ad201e80244f630ab5a46922ab72fb79c5ad4f4
PKHeX.Core/Resources/text/game/underground_dppt/text_ugspheres_zh-Hans.txt,7359ef0780cf0a06c7f336a1ed79c284158e32ba,124,8ad201e80244f630ab5a46922ab72fb79c5ad4f4
PKHeX.Core/Resources/text/game/underground_dppt/text_ugspheres_zh-Hant.txt,8ab1f087c2365cad62575223e455a7a147def87f,124,8ad201e80244f630ab5a46922ab72fb79c5ad4f4
PKHeX.Core/Resources/text/game/underground_dppt/text_ugtraps_de.txt,a3b3f5d520de144b68cda2e8cae5a762f4d35635,477,8ad201e80244f630ab5a46922ab72fb79c5ad4f4
PKHeX.Core/Resources/text/game/underground_dppt/text_ugtraps_en.txt,b3c764a7c517c566ead60c02efe49e93b99a659c,409,8ad201e80244f630ab5a46922ab72fb79c5ad4f4
PKHeX.Core/Resources/text/game/underground_dppt/text_ugtraps_es-419.txt,050a1bf3ad0633d02e38070b02c11be69867dd7e,495,8ad201e80244f630ab5a46922ab72fb79c5ad4f4
PKHeX.Core/Resources/text/game/underground_dppt/text_ugtraps_es.txt,050a1bf3ad0633d02e38070b02c11be69867dd7e,495,8ad201e80244f630ab5a46922ab72fb79c5ad4f4
PKHeX.Core/Resources/text/game/underground_dppt/text_ugtraps_fr.txt,c6a269623ee590b7a475a65bc1ed91565eb610e8,521,8ad201e80244f630ab5a46922ab72fb79c5ad4f4
PKHeX.Core/Resources/text/game/underground_dppt/text_ugtraps_it.txt,9b71c48330f11acacfdb86aaf689447c5d557886,444,8ad201e80244f630ab5a46922ab72fb79c5ad4f4
PKHeX.Core/Resources/text/game/underground_dppt/text_ugtraps_ja.txt,98a475ca23084000614316df4f8736c19a6920e0,788,8ad201e80244f630ab5a46922ab72fb79c5ad4f4
PKHeX.Core/Resources/text/game/underground_dppt/text_ugtraps_ko.txt,60977b6a772dd73005dabb6d60e2b385e4776251,510,8ad201e80244f630ab5a46922ab72fb79c5ad4f4
PKHeX.Core/Resources/text/game/underground_dppt/text_ugtraps_zh-Hans.txt,a7e7d4cec508b9521a8c306d42d7d18bd1814a64,482,8ad201e80244f630ab5a46922ab72fb79c5ad4f4
PKHeX.Core/Resources/text/game/underground_dppt/text_ugtraps_zh-Hant.txt,79635353df2674f8c02baf0cc5cf588f6629c7e7,482,8ad201e80244f630ab5a46922ab72fb79c5ad4f4
PKHeX.Core/Resources/text/game/underground_dppt/text_ugtreasures_de.txt,1861c7a9311b26fdd946c4b8328b634f4bcbacd8,576,8ad201e80244f630ab5a46922ab72fb79c5ad4f4
PKHeX.Core/Resources/text/game/underground_dppt/text_ugtreasures_en.txt,cc502c662313713a73e92a93bad38b0c12b6a558,573,8ad201e80244f630ab5a46922ab72fb79c5ad4f4
PKHeX.Core/Resources/text/game/underground_dppt/text_ugtreasures_es-419.txt,92e86f367d0ba7f3a1da00bbd7ce9d85000358a4,628,8ad201e80244f630ab5a46922ab72fb79c5ad4f4
PKHeX.Core/Resources/text/game/underground_dppt/text_ugtreasures_es.txt,92e86f367d0ba7f3a1da00bbd7ce9d85000358a4,628,8ad201e80244f630ab5a46922ab72fb79c5ad4f4
PKHeX.Core/Resources/text/game/underground_dppt/text_ugtreasures_fr.txt,0a142e09a9ca8d22aa5dba0d958405db4ac4f8d6,609,8ad201e80244f630ab5a46922ab72fb79c5ad4f4
PKHeX.Core/Resources/text/game/underground_dppt/text_ugtreasures_it.txt,ee6b2e81c4064464f806b84656b414041a21663d,609,8ad201e80244f630ab5a46922ab72fb79c5ad4f4
PKHeX.Core/Resources/text/game/underground_dppt/text_ugtreasures_ja.txt,bf966a0566534d44ba53edfebd3c401cdd945653,1075,8ad201e80244f630ab5a46922ab72fb79c5ad4f4
PKHeX.Core/Resources/text/game/underground_dppt/text_ugtreasures_ko.txt,c9325936132d7f8695f510acdd5daccf2c60dd85,802,8ad201e80244f630ab5a46922ab72fb79c5ad4f4
PKHeX.Core/Resources/text/game/underground_dppt/text_ugtreasures_zh-Hans.txt,4217e493e3d1f72100b071bad29a0c93d11d547d,619,8ad201e80244f630ab5a46922ab72fb79c5ad4f4
PKHeX.Core/Resources/text/game/underground_dppt/text_ugtreasures_zh-Hant.txt,2648ff4a41cd0bc76cc9dc4a21312b26b3023d4c,619,8ad201e80244f630ab5a46922ab72fb79c5ad4f4
PKHeX.Core/Resources/text/game/walkercourses_hgss/text_walkercourses_de.txt,5393f830dbbe24e84d026fc4626102b2eabcc371,377,8ad201e80244f630ab5a46922ab72fb79c5ad4f4
PKHeX.Core/Resources/text/game/walkercourses_hgss/text_walkercourses_en.txt,92772c4e3c3e570252db92355b78a7e43414ef4c,339,8ad201e80244f630ab5a46922ab72fb79c5ad4f4
PKHeX.Core/Resources/text/game/walkercourses_hgss/text_walkercourses_es-419.txt,6bb850bc13472f27ceafebc6aa181efe4328b5a2,381,8ad201e80244f630ab5a46922ab72fb79c5ad4f4
PKHeX.Core/Resources/text/game/walkercourses_hgss/text_walkercourses_es.txt,6bb850bc13472f27ceafebc6aa181efe4328b5a2,381,8ad201e80244f630ab5a46922ab72fb79c5ad4f4
PKHeX.Core/Resources/text/game/walkercourses_hgss/text_walkercourses_fr.txt,5301688c9531e81bdb613da20bd75c43648f0912,387,8ad201e80244f630ab5a46922ab72fb79c5ad4f4
PKHeX.Core/Resources/text/game/walkercourses_hgss/text_walkercourses_it.txt,9dbd746e50a6dedb01a7b49b727d6d1936fc2143,385,8ad201e80244f630ab5a46922ab72fb79c5ad4f4
PKHeX.Core/Resources/text/game/walkercourses_hgss/text_walkercourses_ja.txt,366947620cbc3533555c71246c8c5e7ec8094ca9,545,8ad201e80244f630ab5a46922ab72fb79c5ad4f4
PKHeX.Core/Resources/text/game/walkercourses_hgss/text_walkercourses_ko.txt,63bfb57e0dcbd0c2fc696b01e31ba6ef4c5d421b,398,8ad201e80244f630ab5a46922ab72fb79c5ad4f4
PKHeX.Core/Resources/text/game/walkercourses_hgss/text_walkercourses_zh-Hans.txt,2572647a0e416a0231e11be76fa65905c79c453d,347,8ad201e80244f630ab5a46922ab72fb79c5ad4f4
PKHeX.Core/Resources/text/game/walkercourses_hgss/text_walkercourses_zh-Hant.txt,2e3d70e60ef765b51b7ae45e2c1ae0fbdba07970,347,8ad201e80244f630ab5a46922ab72fb79c5ad4f4
PKHeX.Core/Resources/text/items/gen1/text_ItemsG1_de.txt,bce002a2fd0bf59e4bbff6312da21d90dd3ec20c,1273,8ad201e80244f630ab5a46922ab72fb79c5ad4f4
PKHeX.Core/Resources/text/items/gen1/text_ItemsG1_en.txt,11753da3d53dfc006269d407adb3d6993f320079,2530,8ad201e80244f630ab5a46922ab72fb79c5ad4f4
PKHeX.Core/Resources/text/items/gen1/text_ItemsG1_es-419.txt,f9f16814ce80a53e318decd12068c23560f432fc,2754,8ad201e80244f630ab5a46922ab72fb79c5ad4f4
PKHeX.Core/Resources/text/items/gen1/text_ItemsG1_es.txt,f9f16814ce80a53e318decd12068c23560f432fc,2754,8ad201e80244f630ab5a46922ab72fb79c5ad4f4
PKHeX.Core/Resources/text/items/gen1/text_ItemsG1_fr.txt,e75af440cf11ed15e4ae2982a839fc419f678610,1348,8ad201e80244f630ab5a46922ab72fb79c5ad4f4
PKHeX.Core/Resources/text/items/gen1/text_ItemsG1_it.txt,9cd4f3247d7910a799dabf693e3526d1ae289c5a,1389,8ad201e80244f630ab5a46922ab72fb79c5ad4f4
PKHeX.Core/Resources/text/items/gen1/text_ItemsG1_ja.txt,bf598eeabd8f61394efaa0e2ce989af80a1d775d,4101,8ad201e80244f630ab5a46922ab72fb79c5ad4f4
PKHeX.Core/Resources/text/items/gen1/text_ItemsG1_ko.txt,88631cfdde596bc58595eacab79455d2b83bfa55,1561,8ad201e80244f630ab5a46922ab72fb79c5ad4f4
PKHeX.Core/Resources/text/items/gen1/text_ItemsG1_zh-Hans.txt,295812f76ba85c7b2ffa2dc7f05bdb9337306e2c,2482,8ad201e80244f630ab5a46922ab72fb79c5ad4f4
PKHeX.Core/Resources/text/items/gen1/text_ItemsG1_zh-Hant.txt,77c4701f4a66f5a52987d4d7ab972b64c6867659,2030,8ad201e80244f630ab5a46922ab72fb79c5ad4f4
PKHeX.Core/Resources/text/items/gen2/text_ItemsG2_de.txt,8482455300f5fe3a5f164139c7969c36e093a6c8,2577,8ad201e80244f630ab5a46922ab72fb79c5ad4f4
PKHeX.Core/Resources/text/items/gen2/text_ItemsG2_en.txt,c78641c8f9755d6bf4cbf768390f735028d3781c,2541,8ad201e80244f630ab5a46922ab72fb79c5ad4f4
PKHeX.Core/Resources/text/items/gen2/text_ItemsG2_es-419.txt,8c78d6e010bd70dc42cacd80aec406391177803e,2764,8ad201e80244f630ab5a46922ab72fb79c5ad4f4
PKHeX.Core/Resources/text/items/gen2/text_ItemsG2_es.txt,8c78d6e010bd70dc42cacd80aec406391177803e,2764,8ad201e80244f630ab5a46922ab72fb79c5ad4f4
PKHeX.Core/Resources/text/items/gen2/text_ItemsG2_fr.txt,a176a6ce72a0efc742810aa1709637eeee403d7b,2674,8ad201e80244f630ab5a46922ab72fb79c5ad4f4
PKHeX.Core/Resources/text/items/gen2/text_ItemsG2_it.txt,5cfc5954b58d9c646ca117214871aa569b29173b,2718,8ad201e80244f630ab5a46922ab72fb79c5ad4f4
PKHeX.Core/Resources/text/items/gen2/text_ItemsG2_ja.txt,e4d737fcd804f677716017b72dd06748b93ae261,5475,8ad201e80244f630ab5a46922ab72fb79c5ad4f4
PKHeX.Core/Resources/text/items/gen2/text_ItemsG2_ko.txt,bc3771cf95fae5938ad9b5014bd32d3482b460a9,3689,8ad201e80244f630ab5a46922ab72fb79c5ad4f4
PKHeX.Core/Resources/text/items/gen2/text_ItemsG2_zh-Hans.txt,d60bab0b56964e89d81c5d32c9120ce90c192dde,3848,8ad201e80244f630ab5a46922ab72fb79c5ad4f4
PKHeX.Core/Resources/text/items/gen2/text_ItemsG2_zh-Hant.txt,a52b5b3a50d0d940fc2b0ed2db592967dc53a5ea,3844,8ad201e80244f630ab5a46922ab72fb79c5ad4f4
PKHeX.Core/Resources/text/items/gen3/text_ItemsG3Colosseum_de.txt,fa1aa1911c0c00a173458d9c0f69e1378d567ebc,549,8ad201e80244f630ab5a46922ab72fb79c5ad4f4
PKHeX.Core/Resources/text/items/gen3/text_ItemsG3Colosseum_en.txt,5d963881153d2000c07a7daf578eb003cc945529,1038,8ad201e80244f630ab5a46922ab72fb79c5ad4f4
PKHeX.Core/Resources/text/items/gen3/text_ItemsG3Colosseum_es-419.txt,8263649a05ec0c6edfac4b54b7572801e6ee2b4f,559,8ad201e80244f630ab5a46922ab72fb79c5ad4f4
PKHeX.Core/Resources/text/items/gen3/text_ItemsG3Colosseum_es.txt,8263649a05ec0c6edfac4b54b7572801e6ee2b4f,559,8ad201e80244f630ab5a46922ab72fb79c5ad4f4
PKHeX.Core/Resources/text/items/gen3/text_ItemsG3Colosseum_fr.txt,7f596a1e6f77bb15b919866d9aefe25ffce39c96,663,8ad201e80244f630ab5a46922ab72fb79c5ad4f4
PKHeX.Core/Resources/text/items/gen3/text_ItemsG3Colosseum_it.txt,5ac581074ee6a4f90e99967f9f7efaa2c0638a20,582,8ad201e80244f630ab5a46922ab72fb79c5ad4f4
PKHeX.Core/Resources/text/items/gen3/text_ItemsG3Colosseum_ja.txt,48d90fc239ef0bf6a7bc4686765e1657858d646b,764,8ad201e80244f630ab5a46922ab72fb79c5ad4f4
PKHeX.Core/Resources/text/items/gen3/text_ItemsG3Colosseum_zh-Hans.txt,306e387a1e8dc88d23fbe5fa3f759383ac27c318,669,8ad201e80244f630ab5a46922ab72fb79c5ad4f4
PKHeX.Core/Resources/text/items/gen3/text_ItemsG3Colosseum_zh-Hant.txt,04cfda873b1a501160fe5aa8d3373d6e99696916,512,8ad201e80244f630ab5a46922ab72fb79c5ad4f4
PKHeX.Core/Resources/text/items/gen3/text_ItemsG3XD_de.txt,381e632261a7811e79e287c6ba20f7fb3b1e8628,1073,8ad201e80244f630ab5a46922ab72fb79c5ad4f4
PKHeX.Core/Resources/text/items/gen3/text_ItemsG3XD_en.txt,572dd9004154fee4484d5777e65d69c7abeb6f06,2328,8ad201e80244f630ab5a46922ab72fb79c5ad4f4
PKHeX.Core/Resources/text/items/gen3/text_ItemsG3XD_es-419.txt,a5a1aa845356c9e8a47f9624c4c8cd56eef7cfcd,1594,8ad201e80244f630ab5a46922ab72fb79c5ad4f4
PKHeX.Core/Resources/text/items/gen3/text_ItemsG3XD_es.txt,a5a1aa845356c9e8a47f9624c4c8cd56eef7cfcd,1594,8ad201e80244f630ab5a46922ab72fb79c5ad4f4
PKHeX.Core/Resources/text/items/gen3/text_ItemsG3XD_fr.txt,9f9a023540a13256a0af08b8ae2ffd4c6687f246,1109,8ad201e80244f630ab5a46922ab72fb79c5ad4f4
PKHeX.Core/Resources/text/items/gen3/text_ItemsG3XD_it.txt,ba4b5704d3039aedc123a6505db5a2861827d82b,1094,8ad201e80244f630ab5a46922ab72fb79c5ad4f4
PKHeX.Core/Resources/text/items/gen3/text_ItemsG3XD_ja.txt,6c1c08238d89417603c70f30b86634294616c330,1712,8ad201e80244f630ab5a46922ab72fb79c5ad4f4
PKHeX.Core/Resources/text/items/gen3/text_ItemsG3XD_zh-Hans.txt,3dd7ba819a697cec1336bfac3196ff1aa7a38384,1599,8ad201e80244f630ab5a46922ab72fb79c5ad4f4
PKHeX.Core/Resources/text/items/gen3/text_ItemsG3XD_zh-Hant.txt,51df6fb6904fbe13031df3737c8be075c2fde333,1194,8ad201e80244f630ab5a46922ab72fb79c5ad4f4
PKHeX.Core/Resources/text/items/gen3/text_ItemsG3_de.txt,4115c281e4059eba305ab211e97daded0c8ce06d,3331,8ad201e80244f630ab5a46922ab72fb79c5ad4f4
PKHeX.Core/Resources/text/items/gen3/text_ItemsG3_en.txt,99af648635e7dd1d74f70c629ac98718fb4cc05e,6636,8ad201e80244f630ab5a46922ab72fb79c5ad4f4
PKHeX.Core/Resources/text/items/gen3/text_ItemsG3_es-419.txt,47356a5cf3c28f4c158c6f0aed0f6959ae0de2cb,7096,8ad201e80244f630ab5a46922ab72fb79c5ad4f4
PKHeX.Core/Resources/text/items/gen3/text_ItemsG3_es.txt,47356a5cf3c28f4c158c6f0aed0f6959ae0de2cb,7096,8ad201e80244f630ab5a46922ab72fb79c5ad4f4
PKHeX.Core/Resources/text/items/gen3/text_ItemsG3_fr.txt,b904597375fced198f650a80eb197bcaefb6ca84,3760,8ad201e80244f630ab5a46922ab72fb79c5ad4f4
PKHeX.Core/Resources/text/items/gen3/text_ItemsG3_it.txt,876c5cbcbe45e34bd407294dff4a46efbac9bf47,3729,8ad201e80244f630ab5a46922ab72fb79c5ad4f4
PKHeX.Core/Resources/text/items/gen3/text_ItemsG3_ja.txt,102a8ad5182b81b9975834a716d3e72a34c79787,7381,8ad201e80244f630ab5a46922ab72fb79c5ad4f4
PKHeX.Core/Resources/text/items/gen3/text_ItemsG3_ko.txt,581ca43eaa920ba0c9fb6e193aa9d9c831988d01,5151,8ad201e80244f630ab5a46922ab72fb79c5ad4f4
PKHeX.Core/Resources/text/items/gen3/text_ItemsG3_zh-Hans.txt,11d77cdfdfe4a9b273f66a823ed47c02f1856f53,4618,8ad201e80244f630ab5a46922ab72fb79c5ad4f4
PKHeX.Core/Resources/text/items/gen3/text_ItemsG3_zh-Hant.txt,352bb936b8a88a7ac7c6943e25844d016b5669cd,3858,8ad201e80244f630ab5a46922ab72fb79c5ad4f4
PKHeX.Core/Resources/text/items/gen4/text_Mail4_de.txt,ff549195873990c0c0c9fd2b2236a3bcdf88f320,139,8ad201e80244f630ab5a46922ab72fb79c5ad4f4
PKHeX.Core/Resources/text/items/gen4/text_Mail4_en.txt,cba16d1555a65ca2b100d60b0879a23fcd0b7459,134,8ad201e80244f630ab5a46922ab72fb79c5ad4f4
PKHeX.Core/Resources/text/items/gen4/text_Mail4_es-419.txt,5bfb22264954c593af7d0622416fa03e817ca51f,154,8ad201e80244f630ab5a46922ab72fb79c5ad4f4
PKHeX.Core/Resources/text/items/gen4/text_Mail4_es.txt,5bfb22264954c593af7d0622416fa03e817ca51f,154,8ad201e80244f630ab5a46922ab72fb79c5ad4f4
PKHeX.Core/Resources/text/items/gen4/text_Mail4_fr.txt,4d24c106c559e3cea84d3a0c78d0811df487992c,153,8ad201e80244f630ab5a46922ab72fb79c5ad4f4
PKHeX.Core/Resources/text/items/gen4/text_Mail4_it.txt,f1eb4174f643f65a96a4bac82ab00d03b9e7ac30,146,8ad201e80244f630ab5a46922ab72fb79c5ad4f4
PKHeX.Core/Resources/text/items/gen4/text_Mail4_ja.txt,9265650b579638f531a4567e0f807768d31b7f98,257,8ad201e80244f630ab5a46922ab72fb79c5ad4f4
PKHeX.Core/Resources/text/items/gen4/text_Mail4_ko.txt,8c00b3c1fbc792e63ed4f01a18e5b76b929ce24a,185,8ad201e80244f630ab5a46922ab72fb79c5ad4f4
PKHeX.Core/Resources/text/items/gen4/text_Mail4_zh-Hans.txt,15dfcbff1ae278e841c69300a4a59b817eef3bc6,158,8ad201e80244f630ab5a46922ab72fb79c5ad4f4
PKHeX.Core/Resources/text/items/gen4/text_Mail4_zh-Hant.txt,8630f7ac65d1d67214f3e3239076e31ba26e7af0,158,8ad201e80244f630ab5a46922ab72fb79c5ad4f4
PKHeX.Core/Resources/text/items/text_Items_de.txt,712577b47251e53381423c5c505f9d89ad0e40fc,30763,8ad201e80244f630ab5a46922ab72fb79c5ad4f4
PKHeX.Core/Resources/text/items/text_Items_en.txt,7b721ddc55b9ea7522a2c2be1c81b2c380b306e3,29859,8ad201e80244f630ab5a46922ab72fb79c5ad4f4
PKHeX.Core/Resources/text/items/text_Items_es-419.txt,ae2552a0b6b63279581500ec7f0540b6236124a0,33244,8ad201e80244f630ab5a46922ab72fb79c5ad4f4
PKHeX.Core/Resources/text/items/text_Items_es.txt,40bdf30afc1e4ca60565f54c73fc0d87b3e63f37,33022,8ad201e80244f630ab5a46922ab72fb79c5ad4f4
PKHeX.Core/Resources/text/items/text_Items_fr.txt,2ec40c1dccce03cb4cf588499a371f241c6908d8,33192,8ad201e80244f630ab5a46922ab72fb79c5ad4f4
PKHeX.Core/Resources/text/items/text_Items_it.txt,6440325906c93f33374330bde2cf11e22bfa4067,32981,8ad201e80244f630ab5a46922ab72fb79c5ad4f4
PKHeX.Core/Resources/text/items/text_Items_ja.txt,51cab8aa633f8c9ffeec0f3884aa4eacec8e3913,54055,8ad201e80244f630ab5a46922ab72fb79c5ad4f4
PKHeX.Core/Resources/text/items/text_Items_ko.txt,419b4ee7febcb831aed8361c68e09aadcdcd1235,39689,8ad201e80244f630ab5a46922ab72fb79c5ad4f4
PKHeX.Core/Resources/text/items/text_Items_zh-Hans.txt,17e1ed49484df98940993a5eb48aef1d6a5364b8,39127,8ad201e80244f630ab5a46922ab72fb79c5ad4f4
PKHeX.Core/Resources/text/items/text_Items_zh-Hant.txt,8bdb7234e5c457c281845f16df81add8eb0f4a6b,39109,8ad201e80244f630ab5a46922ab72fb79c5ad4f4
PKHeX.Core/Resources/text/locale3DS/consoleregions/text_console3ds_de.txt,4e5137ce4f1d3b6ade2c722b6d0cb404c6e478ca,108,8ad201e80244f630ab5a46922ab72fb79c5ad4f4
PKHeX.Core/Resources/text/locale3DS/consoleregions/text_console3ds_en.txt,a75a6a049a9354d08d75dd81ef1d15179be6e1d5,109,8ad201e80244f630ab5a46922ab72fb79c5ad4f4
PKHeX.Core/Resources/text/locale3DS/consoleregions/text_console3ds_es-419.txt,cf0518f68ba87257e9ed610e83b1b3cd5803de96,111,8ad201e80244f630ab5a46922ab72fb79c5ad4f4
PKHeX.Core/Resources/text/locale3DS/consoleregions/text_console3ds_es.txt,cf0518f68ba87257e9ed610e83b1b3cd5803de96,111,8ad201e80244f630ab5a46922ab72fb79c5ad4f4
PKHeX.Core/Resources/text/locale3DS/consoleregions/text_console3ds_fr.txt,71d99fc4763c2c44ee6fb9006f40e9b5e0313c73,113,8ad201e80244f630ab5a46922ab72fb79c5ad4f4
PKHeX.Core/Resources/text/locale3DS/consoleregions/text_console3ds_it.txt,6f4cceb729e95b014c26562f4045d9184f88a235,111,8ad201e80244f630ab5a46922ab72fb79c5ad4f4
PKHeX.Core/Resources/text/locale3DS/consoleregions/text_console3ds_ja.txt,88f44e56edcde27fb97cc5ab426528b9669f7790,131,8ad201e80244f630ab5a46922ab72fb79c5ad4f4
PKHeX.Core/Resources/text/locale3DS/consoleregions/text_console3ds_ko.txt,8123832145938e21ea3ba668bfb80b98b191e9fd,110,8ad201e80244f630ab5a46922ab72fb79c5ad4f4
PKHeX.Core/Resources/text/locale3DS/consoleregions/text_console3ds_zh-Hans.txt,b80455321e2cc84d3bee8020a37e6a9376b9da50,110,8ad201e80244f630ab5a46922ab72fb79c5ad4f4
PKHeX.Core/Resources/text/locale3DS/consoleregions/text_console3ds_zh-Hant.txt,9a631a7e60fceb37ee1e7d320c7ccedb564bdb9d,110,8ad201e80244f630ab5a46922ab72fb79c5ad4f4
PKHeX.Core/Resources/text/locale3DS/countries.txt,3e3b56cef75e5fac4db3d79093c1773e5b664475,13768,8ad201e80244f630ab5a46922ab72fb79c5ad4f4
PKHeX.Core/Resources/text/locale3DS/subregions/sr_001.txt,ccf6b2d6e8d56d3007644449283cab7c7d24fad4,4099,8ad201e80244f630ab5a46922ab72fb79c5ad4f4
PKHeX.Core/Resources/text/locale3DS/subregions/sr_008.txt,bf7a7c64c729fd32edc9075e32563c16ceb6a257,133,8ad201e80244f630ab5a46922ab72fb79c5ad4f4
PKHeX.Core/Resources/text/locale3DS/subregions/sr_009.txt,5581edd818a252f424298c5e94de92fa3034bd3c,927,8ad201e80244f630ab5a46922ab72fb79c5ad4f4
PKHeX.Core/Resources/text/locale3DS/subregions/sr_010.txt,f2593fd49d30106235fcceea4d1435f27e174be9,3171,8ad201e80244f630ab5a46922ab72fb79c5ad4f4
PKHeX.Core/Resources/text/locale3DS/subregions/sr_011.txt,3f5b5da41cfdcaf1a04081a4af13d783d7bc6826,116,8ad201e80244f630ab5a46922ab72fb79c5ad4f4
PKHeX.Core/Resources/text/locale3DS/subregions/sr_012.txt,d65d02b6717df67927962bf9d565b2181ecd9d9f,126,8ad201e80244f630ab5a46922ab72fb79c5ad4f4
PKHeX.Core/Resources/text/locale3DS/subregions/sr_013.txt,ed901d77a4364e68658f5816c84bc8d0e3ce7eab,148,8ad201e80244f630ab5a46922ab72fb79c5ad4f4
PKHeX.Core/Resources/text/locale3DS/subregions/sr_014.txt,7464b5e2a30a0fd30794762c53c86e05a9201965,675,8ad201e80244f630ab5a46922ab72fb79c5ad4f4
PKHeX.Core/Resources/text/locale3DS/subregions/sr_015.txt,05405b5e84c0a201704929ff69e4f7d269b9554f,960,8ad201e80244f630ab5a46922ab72fb79c5ad4f4
PKHeX.Core/Resources/text/locale3DS/subregions/sr_016.txt,e86448b2774f1437eadb80380409a0b830bb0c5f,3644,8ad201e80244f630ab5a46922ab72fb79c5ad4f4
PKHeX.Core/Resources/text/locale3DS/subregions/sr_017.txt,b44a877bdfc6d1c2f277d8763b7b0bbd49da4d86,276,8ad201e80244f630ab5a46922ab72fb79c5ad4f4
PKHeX.Core/Resources/text/locale3DS/subregions/sr_018.txt,b0475e55170b559de3bd63227fac07ea4d12a4c8,2116,8ad201e80244f630ab5a46922ab72fb79c5ad4f4
PKHeX.Core/Resources/text/locale3DS/subregions/sr_019.txt,40a0eefdb02b4104e6eafe8e8294564cfe7d890f,178,8ad201e80244f630ab5a46922ab72fb79c5ad4f4
PKHeX.Core/Resources/text/locale3DS/subregions/sr_020.txt,0279cbb2e181f0945d679dfffabe9839b1637f23,2523,8ad201e80244f630ab5a46922ab72fb79c5ad4f4
PKHeX.Core/Resources/text/locale3DS/subregions/sr_021.txt,4346709084d04c069e8eeebe8791742fb18b7cfd,4172,8ad201e80244f630ab5a46922ab72fb79c5ad4f4
PKHeX.Core/Resources/text/locale3DS/subregions/sr_022.txt,37df5d8c4ce09b58d2a347820ef70acda7ff7980,857,8ad201e80244f630ab5a46922ab72fb79c5ad4f4
PKHeX.Core/Resources/text/locale3DS/subregions/sr_023.txt,8e2437eac3dcb0295ba8826862861e82d32d7733,154,8ad201e80244f630ab5a46922ab72fb79c5ad4f4
PKHeX.Core/Resources/text/locale3DS/subregions/sr_024.txt,563a10640df68e2b0258e316f5a36e4b1d6ebdc6,4105,8ad201e80244f630ab5a46922ab72fb79c5ad4f4
PKHeX.Core/Resources/text/locale3DS/subregions/sr_025.txt,5e8eda3a564231e3b38ffc17d9edf68176fa3204,2996,8ad201e80244f630ab5a46922ab72fb79c5ad4f4
PKHeX.Core/Resources/text/locale3DS/subregions/sr_026.txt,6465cbef623d0ead5245c2f6699e165ee8381b5e,1846,8ad201e80244f630ab5a46922ab72fb79c5ad4f4
PKHeX.Core/Resources/text/locale3DS/subregions/sr_027.txt,d4a409e4868dc791876e2c6fe07b3bb12ea5df23,200,8ad201e80244f630ab5a46922ab72fb79c5ad4f4
PKHeX.Core/Resources/text/locale3DS/subregions/sr_028.txt,3a49b837bf012d0b25ab67f44985845e8738a091,138,8ad201e80244f630ab5a46922ab72fb79c5ad4f4
PKHeX.Core/Resources/text/locale3DS/subregions/sr_029.txt,4856a1e950cec3bcb7a3d04ced86f60a001a70c9,157,8ad201e80244f630ab5a46922ab72fb79c5ad4f4
PKHeX.Core/Resources/text/locale3DS/subregions/sr_030.txt,37e14aa99d921ede871e3553a33d72b2e32b31e3,2986,8ad201e80244f630ab5a46922ab72fb79c5ad4f4
PKHeX.Core/Resources/text/locale3DS/subregions/sr_031.txt,893676ad612d10d31faf5498a7e82cb106ddcb92,2353,8ad201e80244f630ab5a46922ab72fb79c5ad4f4
PKHeX.Core/Resources/text/locale3DS/subregions/sr_032.txt,43ef010c51c92dd7a2ba5b3bc5407e9dbca9ca99,913,8ad201e80244f630ab5a46922ab72fb79c5ad4f4
PKHeX.Core/Resources/text/locale3DS/subregions/sr_033.txt,937f2263b718b8721ca3ae26ee7cbd5984e792d5,2240,8ad201e80244f630ab5a46922ab72fb79c5ad4f4
PKHeX.Core/Resources/text/locale3DS/subregions/sr_034.txt,fc150e8b6299627e317a98f6bbbbbdf18e48f6ad,1866,8ad201e80244f630ab5a46922ab72fb79c5ad4f4
PKHeX.Core/Resources/text/locale3DS/subregions/sr_035.txt,4a88f0ca6b4aedcd061295269ccf415d3e1d6466,163,8ad201e80244f630ab5a46922ab72fb79c5ad4f4
PKHeX.Core/Resources/text/locale3DS/subregions/sr_036.txt,dfad3eaf0347a440dbcb497b1edac5e1e8a4a9ce,4195,8ad201e80244f630ab5a46922ab72fb79c5ad4f4
PKHeX.Core/Resources/text/locale3DS/subregions/sr_037.txt,abf49a927c80057f6f7d61705ab2c7b854e8b64a,165,8ad201e80244f630ab5a46922ab72fb79c5ad4f4
PKHeX.Core/Resources/text/locale3DS/subregions/sr_038.txt,de7fdfb0962113982e4d67b75f8d607abd726202,254,8ad201e80244f630ab5a46922ab72fb79c5ad4f4
PKHeX.Core/Resources/text/locale3DS/subregions/sr_039.txt,0c1bfdeee5cd391762833633e7f01207fff40bb0,2103,8ad201e80244f630ab5a46922ab72fb79c5ad4f4
PKHeX.Core/Resources/text/locale3DS/subregions/sr_040.txt,bf68b51bcb3eff4765362ae9e5666e1bdc98576b,1132,8ad201e80244f630ab5a46922ab72fb79c5ad4f4
PKHeX.Core/Resources/text/locale3DS/subregions/sr_041.txt,84fe31d409c4473f432a956045c5d1bccbf3d51c,2352,8ad201e80244f630ab5a46922ab72fb79c5ad4f4
PKHeX.Core/Resources/text/locale3DS/subregions/sr_042.txt,ee6a545002cf8d6f5b6ffb228684bdb5caf037bc,2588,8ad201e80244f630ab5a46922ab72fb79c5ad4f4
PKHeX.Core/Resources/text/locale3DS/subregions/sr_043.txt,484265c7c81075f1679cd3d04e8a835190e6b588,3492,8ad201e80244f630ab5a46922ab72fb79c5ad4f4
PKHeX.Core/Resources/text/locale3DS/subregions/sr_044.txt,0619bb6c286ca2f2dc0caf367d6b7d5643b12d3d,168,8ad201e80244f630ab5a46922ab72fb79c5ad4f4
PKHeX.Core/Resources/text/locale3DS/subregions/sr_045.txt,d08a7417570e3511d33120db5f58da52654afe42,338,8ad201e80244f630ab5a46922ab72fb79c5ad4f4
PKHeX.Core/Resources/text/locale3DS/subregions/sr_046.txt,2fc880ca4789fe1b675cc1f2f0a8bd10469598b3,1133,8ad201e80244f630ab5a46922ab72fb79c5ad4f4
PKHeX.Core/Resources/text/locale3DS/subregions/sr_047.txt,879e09cbe3a647bdd485fb9cc3a80e201d386088,1681,8ad201e80244f630ab5a46922ab72fb79c5ad4f4
PKHeX.Core/Resources/text/locale3DS/subregions/sr_048.txt,2328f0e01f1ccb2605986ba9220a384a85d87f66,284,8ad201e80244f630ab5a46922ab72fb79c5ad4f4
PKHeX.Core/Resources/text/locale3DS/subregions/sr_049.txt,fe01f170583fdc4b05ebf96864b36cc31b0ec893,6347,8ad201e80244f630ab5a46922ab72fb79c5ad4f4
PKHeX.Core/Resources/text/locale3DS/subregions/sr_050.txt,36341895648efceefa98a3d756c3102f368b0f6f,2168,8ad201e80244f630ab5a46922ab72fb79c5ad4f4
PKHeX.Core/Resources/text/locale3DS/subregions/sr_051.txt,383bf5c8170ad5689abfdca0bbb62118fa32178c,276,8ad201e80244f630ab5a46922ab72fb79c5ad4f4
PKHeX.Core/Resources/text/locale3DS/subregions/sr_052.txt,36ce84543257d8b3644fbc7290362c014d5252a5,2809,8ad201e80244f630ab5a46922ab72fb79c5ad4f4
PKHeX.Core/Resources/text/locale3DS/subregions/sr_064.txt,816c2f7355180c361cfe8302ad75bb7707681c16,1229,8ad201e80244f630ab5a46922ab72fb79c5ad4f4
PKHeX.Core/Resources/text/locale3DS/subregions/sr_065.txt,ee260a4b12b32c1b88cca426de97aa562971011c,1531,8ad201e80244f630ab5a46922ab72fb79c5ad4f4
PKHeX.Core/Resources/text/locale3DS/subregions/sr_066.txt,b687d02fbfcdff3c8927cc1a7b5af66b6ba3f790,1227,8ad201e80244f630ab5a46922ab72fb79c5ad4f4
PKHeX.Core/Resources/text/locale3DS/subregions/sr_067.txt,9da2e61d5c6b00c8c9d1c6cafaf6d89d4bfd0cfd,542,8ad201e80244f630ab5a46922ab72fb79c5ad4f4
PKHeX.Core/Resources/text/locale3DS/subregions/sr_068.txt,8cf7aafe40a1d21c407dcb451fd9c766c98bfb20,693,8ad201e80244f630ab5a46922ab72fb79c5ad4f4
PKHeX.Core/Resources/text/locale3DS/subregions/sr_069.txt,319261e0eff9a8cfc5dfdbd32a12335f7c1e4067,143,8ad201e80244f630ab5a46922ab72fb79c5ad4f4
PKHeX.Core/Resources/text/locale3DS/subregions/sr_070.txt,9ef0187489fa0baf630afcb02004ce1cafa72558,3267,8ad201e80244f630ab5a46922ab72fb79c5ad4f4
PKHeX.Core/Resources/text/locale3DS/subregions/sr_071.txt,f81602fd715e8d1e6182fb2c25ab296b9ccaa458,4455,8ad201e80244f630ab5a46922ab72fb79c5ad4f4
PKHeX.Core/Resources/text/locale3DS/subregions/sr_072.txt,f65abd1cda38e33b9cc23c0a0da5b44a38b2998f,132,8ad201e80244f630ab5a46922ab72fb79c5ad4f4
PKHeX.Core/Resources/text/locale3DS/subregions/sr_073.txt,30266d80d1dbab646d0b87cf004c4451fcf46709,2622,8ad201e80244f630ab5a46922ab72fb79c5ad4f4
PKHeX.Core/Resources/text/locale3DS/subregions/sr_074.txt,46083f72b2eec769de7fc6c7dabe13ca7ca827fa,1102,8ad201e80244f630ab5a46922ab72fb79c5ad4f4
PKHeX.Core/Resources/text/locale3DS/subregions/sr_075.txt,19ec14dea7ad0131f8cb5cbfeef9a675ba8e9f9d,144,8ad201e80244f630ab5a46922ab72fb79c5ad4f4
PKHeX.Core/Resources/text/locale3DS/subregions/sr_076.txt,1d75d3e9a987a16c01d2d5fd75c8e165feda4b57,3284,8ad201e80244f630ab5a46922ab72fb79c5ad4f4
PKHeX.Core/Resources/text/locale3DS/subregions/sr_077.txt,2c5eb4cf2409a21d34528b194c386892d7f92230,3953,8ad201e80244f630ab5a46922ab72fb79c5ad4f4
PKHeX.Core/Resources/text/locale3DS/subregions/sr_078.txt,3f51d7d1928f834c7ffb1ede5fd459f781f73a98,2551,8ad201e80244f630ab5a46922ab72fb79c5ad4f4
PKHeX.Core/Resources/text/locale3DS/subregions/sr_079.txt,61ec061367cf6305721919a121de6d8e2113b7d5,2009,8ad201e80244f630ab5a46922ab72fb79c5ad4f4
PKHeX.Core/Resources/text/locale3DS/subregions/sr_080.txt,227c567448367ea8f9e6f7a55aa6a78e3e66d5b2,3096,8ad201e80244f630ab5a46922ab72fb79c5ad4f4
PKHeX.Core/Resources/text/locale3DS/subregions/sr_081.txt,d599deea9e7137474323be40483448b5255fb571,135,8ad201e80244f630ab5a46922ab72fb79c5ad4f4
PKHeX.Core/Resources/text/locale3DS/subregions/sr_082.txt,f9c14fbded23f3e3e4e425f6d4bc532f9abf45c0,2854,8ad201e80244f630ab5a46922ab72fb79c5ad4f4
PKHeX.Core/Resources/text/locale3DS/subregions/sr_083.txt,f1b5d9261cc9e06d01b2f0355b9f3cc7f59aab9c,2795,8ad201e80244f630ab5a46922ab72fb79c5ad4f4
PKHeX.Core/Resources/text/locale3DS/subregions/sr_084.txt,d11debe0d712a336c1b94fa5c447e4b4a20178f7,140,8ad201e80244f630ab5a46922ab72fb79c5ad4f4
PKHeX.Core/Resources/text/locale3DS/subregions/sr_085.txt,b1c5d0da0419147c363a3001d9ae794464bdb6e3,1243,8ad201e80244f630ab5a46922ab72fb79c5ad4f4
PKHeX.Core/Resources/text/locale3DS/subregions/sr_086.txt,d63a70113c9f7bb4ea6e156bea67841435c4cadf,195,8ad201e80244f630ab5a46922ab72fb79c5ad4f4
PKHeX.Core/Resources/text/locale3DS/subregions/sr_087.txt,b4bb733a8ec906b61e4b78c582d05e3dc8911a63,1315,8ad201e80244f630ab5a46922ab72fb79c5ad4f4
PKHeX.Core/Resources/text/locale3DS/subregions/sr_088.txt,4f8d3c5ca06fb97969371016c99f5ca6c33cdafa,159,8ad201e80244f630ab5a46922ab72fb79c5ad4f4
PKHeX.Core/Resources/text/locale3DS/subregions/sr_089.txt,85fc86aa7d732a00900e02721bdc63efc5cd529a,228,8ad201e80244f630ab5a46922ab72fb79c5ad4f4
PKHeX.Core/Resources/text/locale3DS/subregions/sr_090.txt,231b266a4df3ec390bf527b7d426d2344990e7ea,113,8ad201e80244f630ab5a46922ab72fb79c5ad4f4
PKHeX.Core/Resources/text/locale3DS/subregions/sr_091.txt,4e65c5297ae8fc713760dfbcbe5cc89cc8daeeef,152,8ad201e80244f630ab5a46922ab72fb79c5ad4f4
PKHeX.Core/Resources/text/locale3DS/subregions/sr_092.txt,791b8f077950c7668726f6d5a9bacbba1373356e,156,8ad201e80244f630ab5a46922ab72fb79c5ad4f4
PKHeX.Core/Resources/text/locale3DS/subregions/sr_093.txt,d30b3193d553b6471f3f46f5621840b0364b65bf,138,8ad201e80244f630ab5a46922ab72fb79c5ad4f4
PKHeX.Core/Resources/text/locale3DS/subregions/sr_094.txt,4ad8db5be32af656a604d4aef38f8662e2168fd0,1649,8ad201e80244f630ab5a46922ab72fb79c5ad4f4
PKHeX.Core/Resources/text/locale3DS/subregions/sr_095.txt,e214e81e6d906a31a78963dd72d2bb1fff24008f,2070,8ad201e80244f630ab5a46922ab72fb79c5ad4f4
PKHeX.Core/Resources/text/locale3DS/subregions/sr_096.txt,68a937e8706eb0e5ec0104f07775f358778b0556,2719,8ad201e80244f630ab5a46922ab72fb79c5ad4f4
PKHeX.Core/Resources/text/locale3DS/subregions/sr_097.txt,75ef74d7e69f21ebda3c8390a5a9d4b725335dfb,2137,8ad201e80244f630ab5a46922ab72fb79c5ad4f4
PKHeX.Core/Resources/text/locale3DS/subregions/sr_098.txt,16f3208162f3fac2bee8a48b9dd9dd8098dd28ee,2491,8ad201e80244f630ab5a46922ab72fb79c5ad4f4
PKHeX.Core/Resources/text/locale3DS/subregions/sr_099.txt,4d95ba338edd9bb61237e3148640883551c4daee,4656,8ad201e80244f630ab5a46922ab72fb79c5ad4f4
PKHeX.Core/Resources/text/locale3DS/subregions/sr_100.txt,73826b50bee49a2888ef1f6671ca1f6bc0b8a282,13829,8ad201e80244f630ab5a46922ab72fb79c5ad4f4
PKHeX.Core/Resources/text/locale3DS/subregions/sr_101.txt,a35bf125ca323aa9eb55f1b54827440a5082f1d5,233,8ad201e80244f630ab5a46922ab72fb79c5ad4f4
PKHeX.Core/Resources/text/locale3DS/subregions/sr_102.txt,762ec9c655082fd78080120646544851e3996f3d,965,8ad201e80244f630ab5a46922ab72fb79c5ad4f4
PKHeX.Core/Resources/text/locale3DS/subregions/sr_103.txt,83ad7ca895fc47db4f5ab0eb995ab572b43c252d,158,8ad201e80244f630ab5a46922ab72fb79c5ad4f4
PKHeX.Core/Resources/text/locale3DS/subregions/sr_104.txt,08a608c951560856642641484a4e4e9eec2729d8,1272,8ad201e80244f630ab5a46922ab72fb79c5ad4f4
PKHeX.Core/Resources/text/locale3DS/subregions/sr_105.txt,5719919a4d9738f41f9078937084e0b42fb1ece3,2734,8ad201e80244f630ab5a46922ab72fb79c5ad4f4
PKHeX.Core/Resources/text/locale3DS/subregions/sr_106.txt,ae05da0c7d7006d39cb351b4fdfc137121e51807,430,8ad201e80244f630ab5a46922ab72fb79c5ad4f4
PKHeX.Core/Resources/text/locale3DS/subregions/sr_107.txt,9ff4fdc80f8ffcf406bb3160a2374acc4c70822e,3045,8ad201e80244f630ab5a46922ab72fb79c5ad4f4
PKHeX.Core/Resources/text/locale3DS/subregions/sr_108.txt,2569e5eb23d13d7240bbda777dbeec95b5343804,3148,8ad201e80244f630ab5a46922ab72fb79c5ad4f4
PKHeX.Core/Resources/text/locale3DS/subregions/sr_109.txt,cc531785eab43dbb11153c3a2879899758e70062,8891,8ad201e80244f630ab5a46922ab72fb79c5ad4f4
PKHeX.Core/Resources/text/locale3DS/subregions/sr_110.txt,da938481d40d334c057d2e9aaac5fb844dac9153,490,8ad201e80244f630ab5a46922ab72fb79c5ad4f4
PKHeX.Core/Resources/text/locale3DS/subregions/sr_111.txt,ac4252f65e75bfad34124635a2eb8da19fcd5f24,124,8ad201e80244f630ab5a46922ab72fb79c5ad4f4
PKHeX.Core/Resources/text/locale3DS/subregions/sr_112.txt,08aa4c3d734286b7b633edeaa3fb280b45dd3335,146,8ad201e80244f630ab5a46922ab72fb79c5ad4f4
PKHeX.Core/Resources/text/locale3DS/subregions/sr_113.txt,7965d5ceb7fef65e9b4bfc44b4942582c0a3f837,178,8ad201e80244f630ab5a46922ab72fb79c5ad4f4
PKHeX.Core/Resources/text/locale3DS/subregions/sr_114.txt,86a041a6ca5279d1244443dd5fba5b3cdd4ddd85,166,8ad201e80244f630ab5a46922ab72fb79c5ad4f4
PKHeX.Core/Resources/text/locale3DS/subregions/sr_115.txt,d24496603ff7203588dc50d4152fae94c2087a9e,100,8ad201e80244f630ab5a46922ab72fb79c5ad4f4
PKHeX.Core/Resources/text/locale3DS/subregions/sr_116.txt,5b5ad8981026615da1327c30ddb228c3626de7c6,123,8ad201e80244f630ab5a46922ab72fb79c5ad4f4
PKHeX.Core/Resources/text/locale3DS/subregions/sr_117.txt,63ac29fdcf7c84489f0d8178316be4f4bec878cb,105,8ad201e80244f630ab5a46922ab72fb79c5ad4f4
PKHeX.Core/Resources/text/locale3DS/subregions/sr_118.txt,8edb88ce03ec910b19b43f31cb1d8327e12a225f,112,8ad201e80244f630ab5a46922ab72fb79c5ad4f4
PKHeX.Core/Resources/text/locale3DS/subregions/sr_119.txt,b4a82a44885526045d86d6898c924d897d7b8451,153,8ad201e80244f630ab5a46922ab72fb79c5ad4f4
PKHeX.Core/Resources/text/locale3DS/subregions/sr_120.txt,89937d33bbe67e64707ff9567a0c43264285edef,128,8ad201e80244f630ab5a46922ab72fb79c5ad4f4
PKHeX.Core/Resources/text/locale3DS/subregions/sr_121.txt,56e260e686f6773839b5b58318acb5f1421e50d6,132,8ad201e80244f630ab5a46922ab72fb79c5ad4f4
PKHeX.Core/Resources/text/locale3DS/subregions/sr_122.txt,17580113bcccdf04ea3bd9a01890f1d5c2057649,129,8ad201e80244f630ab5a46922ab72fb79c5ad4f4
PKHeX.Core/Resources/text/locale3DS/subregions/sr_123.txt,427c2c0de35f77806210befb6e03f989c734d5b3,155,8ad201e80244f630ab5a46922ab72fb79c5ad4f4
PKHeX.Core/Resources/text/locale3DS/subregions/sr_124.txt,835ad9a5bf5a15365b03fa7f8ab7342a8e3a52b2,136,8ad201e80244f630ab5a46922ab72fb79c5ad4f4
PKHeX.Core/Resources/text/locale3DS/subregions/sr_125.txt,ec7d77e78db8bc2e0a02f63711a36b20dcc149c4,142,8ad201e80244f630ab5a46922ab72fb79c5ad4f4
PKHeX.Core/Resources/text/locale3DS/subregions/sr_126.txt,93824ee5e1c0c2c6ebb5b0fafbfc3ffca1ca06ca,125,8ad201e80244f630ab5a46922ab72fb79c5ad4f4
PKHeX.Core/Resources/text/locale3DS/subregions/sr_127.txt,0609230f75d377b4c3c7cc91ae8755b0b905a3ec,138,8ad201e80244f630ab5a46922ab72fb79c5ad4f4
PKHeX.Core/Resources/text/locale3DS/subregions/sr_128.txt,0a63b8792bed9809a80dac60a51e0c4c7408ae06,2576,8ad201e80244f630ab5a46922ab72fb79c5ad4f4
PKHeX.Core/Resources/text/locale3DS/subregions/sr_136.txt,51aedee899dcd90e0ecd5e4e88205d55d1cbe840,2183,8ad201e80244f630ab5a46922ab72fb79c5ad4f4
PKHeX.Core/Resources/text/locale3DS/subregions/sr_144.txt,b622a75662d38dfbcb5cdbf48687252648bfbefc,136,8ad201e80244f630ab5a46922ab72fb79c5ad4f4
PKHeX.Core/Resources/text/locale3DS/subregions/sr_153.txt,70a2e848d6eab9ff579eb5e6e0b7cd2132b382bf,146,8ad201e80244f630ab5a46922ab72fb79c5ad4f4
PKHeX.Core/Resources/text/locale3DS/subregions/sr_156.txt,2d12cbfd9ee9287480944cced9c4e6410630462b,1737,8ad201e80244f630ab5a46922ab72fb79c5ad4f4
PKHeX.Core/Resources/text/locale3DS/subregions/sr_160.txt,07d6b89fd3a46715cf76813e09ce538fa6f3678e,3014,8ad201e80244f630ab5a46922ab72fb79c5ad4f4
PKHeX.Core/Resources/text/locale3DS/subregions/sr_168.txt,fdb2f941b43bc110f9abc76c96ce8b5635968381,822,8ad201e80244f630ab5a46922ab72fb79c5ad4f4
PKHeX.Core/Resources/text/locale3DS/subregions/sr_169.txt,8635c4622c15317e0ae87e77a612eafd0bb61608,4709,8ad201e80244f630ab5a46922ab72fb79c5ad4f4
PKHeX.Core/Resources/text/locale3DS/subregions/sr_174.txt,740669e11cd5174838ec0e896b756eb430304bd6,1442,8ad201e80244f630ab5a46922ab72fb79c5ad4f4
PKHeX.Core/Resources/text/locale3DS/subregions/sr_184.txt,260086be04545091074b7a3c17bf65d5db3c494c,157,8ad201e80244f630ab5a46922ab72fb79c5ad4f4
PKHeX.Core/Resources/text/locale3DS/subregions/sr_185.txt,f4f3da581df5ad09888924969374e9b6ac18eb1a,154,8ad201e80244f630ab5a46922ab72fb79c5ad4f4
PKHeX.Core/Resources/text/locale3DS/subregions/sr_186.txt,669db138a5b5ecf19a998d9dcb06d5a7651f5e2b,137,8ad201e80244f630ab5a46922ab72fb79c5ad4f4
PKHeX.Core/Resources/text/localeNDS/gen4/gen4_countries.txt,4b59bd54b7be5a23e635ad20ec477c68e07c6840,26672,8ad201e80244f630ab5a46922ab72fb79c5ad4f4
PKHeX.Core/Resources/text/localeNDS/gen4/gen4_sr_009.txt,66ef4b0ea076eb1da26bf837f14a06d255f07b29,3006,8ad201e80244f630ab5a46922ab72fb79c5ad4f4
PKHeX.Core/Resources/text/localeNDS/gen4/gen4_sr_012.txt,9121a89bc2dff19e829d8552f82aa21ab60fa111,1132,8ad201e80244f630ab5a46922ab72fb79c5ad4f4
PKHeX.Core/Resources/text/localeNDS/gen4/gen4_sr_028.txt,cdcb2c4b32a04e2476e5388948f2a619e5dcc5da,3419,8ad201e80244f630ab5a46922ab72fb79c5ad4f4
PKHeX.Core/Resources/text/localeNDS/gen4/gen4_sr_036.txt,efc0407ac58017d791581f6c6be4fe41cbfddf8f,2017,8ad201e80244f630ab5a46922ab72fb79c5ad4f4
PKHeX.Core/Resources/text/localeNDS/gen4/gen4_sr_043.txt,78d5660593a02ae9bd98eb49b536f200227dd3b3,2960,8ad201e80244f630ab5a46922ab72fb79c5ad4f4
PKHeX.Core/Resources/text/localeNDS/gen4/gen4_sr_070.txt,b013251fe07afa866099076423651b7a453edc93,821,8ad201e80244f630ab5a46922ab72fb79c5ad4f4
PKHeX.Core/Resources/text/localeNDS/gen4/gen4_sr_071.txt,59cd78af22c9d523172b430157567a7c7196fe48,2897,8ad201e80244f630ab5a46922ab72fb79c5ad4f4
PKHeX.Core/Resources/text/localeNDS/gen4/gen4_sr_077.txt,4c58b2d71ec10b5b324372f29620a98c22bc1e3c,2467,8ad201e80244f630ab5a46922ab72fb79c5ad4f4
PKHeX.Core/Resources/text/localeNDS/gen4/gen4_sr_094.txt,2933660b022ff550f8c9d2464cc657e38867d062,4762,8ad201e80244f630ab5a46922ab72fb79c5ad4f4
PKHeX.Core/Resources/text/localeNDS/gen4/gen4_sr_101.txt,798d90b018f015a7f9a3d09383dd79840041428f,2668,8ad201e80244f630ab5a46922ab72fb79c5ad4f4
PKHeX.Core/Resources/text/localeNDS/gen4/gen4_sr_103.txt,cd76839df6802fac7d146f9f9cbbbec41d0be6d5,4742,8ad201e80244f630ab5a46922ab72fb79c5ad4f4
PKHeX.Core/Resources/text/localeNDS/gen4/gen4_sr_156.txt,6c4c0288f1f7801fba39c3ca923839901cda9bb3,2591,8ad201e80244f630ab5a46922ab72fb79c5ad4f4
PKHeX.Core/Resources/text/localeNDS/gen4/gen4_sr_166.txt,02b725235d78a46837e4db7a53f01629197dfb31,2147,8ad201e80244f630ab5a46922ab72fb79c5ad4f4
PKHeX.Core/Resources/text/localeNDS/gen4/gen4_sr_172.txt,fb3241bf179806ec28a09649be8abfe655ce605b,1484,8ad201e80244f630ab5a46922ab72fb79c5ad4f4
PKHeX.Core/Resources/text/localeNDS/gen4/gen4_sr_193.txt,f31a35d0dbeda506a70114afa483fbc8903cfa1b,2487,8ad201e80244f630ab5a46922ab72fb79c5ad4f4
PKHeX.Core/Resources/text/localeNDS/gen4/gen4_sr_199.txt,3ad65d7c13e394f9be386d49fee23fa49e623cd3,2924,8ad201e80244f630ab5a46922ab72fb79c5ad4f4
PKHeX.Core/Resources/text/localeNDS/gen4/gen4_sr_219.txt,48bb84d9cfe7eb5ed1ef4bb93424507c16fdd4bd,1985,8ad201e80244f630ab5a46922ab72fb79c5ad4f4
PKHeX.Core/Resources/text/localeNDS/gen4/gen4_sr_220.txt,c90e1a360fc853f387d63e90a5c73d0097d50b92,5778,8ad201e80244f630ab5a46922ab72fb79c5ad4f4
PKHeX.Core/Resources/text/localeNDS/gen4/gen4_sr_default.txt,52b70545ba6ac2ee2163cb131bfb84b67b30d8a7,42,8ad201e80244f630ab5a46922ab72fb79c5ad4f4
PKHeX.Core/Resources/text/localeNDS/gen5/gen5_countries.txt,5aad3ab9ab37459dbcb6a5e8e3dd03d84d2d1f7f,26540,8ad201e80244f630ab5a46922ab72fb79c5ad4f4
PKHeX.Core/Resources/text/localeNDS/gen5/gen5_sr_009.txt,56bd46bfc5f0deefb3371e4a6e9386db61fb76a8,3011,8ad201e80244f630ab5a46922ab72fb79c5ad4f4
PKHeX.Core/Resources/text/localeNDS/gen5/gen5_sr_012.txt,470649fdb1a0ba81132415cc2500795fedfead5c,1456,8ad201e80244f630ab5a46922ab72fb79c5ad4f4
PKHeX.Core/Resources/text/localeNDS/gen5/gen5_sr_028.txt,8851f7290f2af67eae758e2f131a403f477583c4,3435,8ad201e80244f630ab5a46922ab72fb79c5ad4f4
PKHeX.Core/Resources/text/localeNDS/gen5/gen5_sr_036.txt,7d7fadd5280d7e832805569ac00abd8a5c3e94f4,1983,8ad201e80244f630ab5a46922ab72fb79c5ad4f4
PKHeX.Core/Resources/text/localeNDS/gen5/gen5_sr_043.txt,86f58a9ba35617f950bbaabecbab8346be304435,3119,8ad201e80244f630ab5a46922ab72fb79c5ad4f4
PKHeX.Core/Resources/text/localeNDS/gen5/gen5_sr_072.txt,5093e3e7d09537b9f32079b61c82ea9e9b9bc87c,813,8ad201e80244f630ab5a46922ab72fb79c5ad4f4
PKHeX.Core/Resources/text/localeNDS/gen5/gen5_sr_073.txt,8b39fedea66031deb8ccf26e1d6a47cdb391b21b,3388,8ad201e80244f630ab5a46922ab72fb79c5ad4f4
PKHeX.Core/Resources/text/localeNDS/gen5/gen5_sr_079.txt,797665bcd11a2f7db5b491a4be7f3ea26992a80f,2454,8ad201e80244f630ab5a46922ab72fb79c5ad4f4
PKHeX.Core/Resources/text/localeNDS/gen5/gen5_sr_095.txt,c097c178dff6165d0a10f7192f4800c2da5dff98,4758,8ad201e80244f630ab5a46922ab72fb79c5ad4f4
PKHeX.Core/Resources/text/localeNDS/gen5/gen5_sr_102.txt,cd80f92be8d335bf79e1bba6de4d62da96a2427d,2664,8ad201e80244f630ab5a46922ab72fb79c5ad4f4
PKHeX.Core/Resources/text/localeNDS/gen5/gen5_sr_105.txt,cd76839df6802fac7d146f9f9cbbbec41d0be6d5,4742,8ad201e80244f630ab5a46922ab72fb79c5ad4f4
PKHeX.Core/Resources/text/localeNDS/gen5/gen5_sr_155.txt,c24e5c1c5e72fbb188fbd2154c8223f337e2e8bb,2883,8ad201e80244f630ab5a46922ab72fb79c5ad4f4
PKHeX.Core/Resources/text/localeNDS/gen5/gen5_sr_166.txt,ee5c9367fc403717eac81ac52c73e50bddbc30c7,2109,8ad201e80244f630ab5a46922ab72fb79c5ad4f4
PKHeX.Core/Resources/text/localeNDS/gen5/gen5_sr_174.txt,dbf641d207f390bafe03f049569d76d0b65a4d30,1735,8ad201e80244f630ab5a46922ab72fb79c5ad4f4
PKHeX.Core/Resources/text/localeNDS/gen5/gen5_sr_195.txt,23f6741a2bfe053dcb9e7d23516f91ddb601eda8,2479,8ad201e80244f630ab5a46922ab72fb79c5ad4f4
PKHeX.Core/Resources/text/localeNDS/gen5/gen5_sr_200.txt,e56034cc896898421d302950c9a95cad5ab7b025,2727,8ad201e80244f630ab5a46922ab72fb79c5ad4f4
PKHeX.Core/Resources/text/localeNDS/gen5/gen5_sr_218.txt,7fb4db3ba674d3b756ddf843d49f7b64781fa638,1977,8ad201e80244f630ab5a46922ab72fb79c5ad4f4
PKHeX.Core/Resources/text/localeNDS/gen5/gen5_sr_220.txt,8f071604f8d32ebbc32ff85e309fe29e75436a97,5779,8ad201e80244f630ab5a46922ab72fb79c5ad4f4
PKHeX.Core/Resources/text/localeNDS/gen5/gen5_sr_default.txt,52b70545ba6ac2ee2163cb131bfb84b67b30d8a7,42,8ad201e80244f630ab5a46922ab72fb79c5ad4f4
PKHeX.Core/Resources/text/locations/gen2/text_gsc_00000_de.txt,99405ee1b97b1a25eb4ddd0db6cd0f6edb2f5bd5,1093,8ad201e80244f630ab5a46922ab72fb79c5ad4f4
PKHeX.Core/Resources/text/locations/gen2/text_gsc_00000_en.txt,cb5bf9fd184a3d614509035153e6c6b77b1c1b5f,1100,8ad201e80244f630ab5a46922ab72fb79c5ad4f4
PKHeX.Core/Resources/text/locations/gen2/text_gsc_00000_es-419.txt,56566f7fc7da86cbab25dc8914e95fb05cf5c2e9,1093,8ad201e80244f630ab5a46922ab72fb79c5ad4f4
PKHeX.Core/Resources/text/locations/gen2/text_gsc_00000_es.txt,56566f7fc7da86cbab25dc8914e95fb05cf5c2e9,1093,8ad201e80244f630ab5a46922ab72fb79c5ad4f4
PKHeX.Core/Resources/text/locations/gen2/text_gsc_00000_fr.txt,4f85373ea2b8fa6efe69266f2e911a5303d0876f,1068,8ad201e80244f630ab5a46922ab72fb79c5ad4f4
PKHeX.Core/Resources/text/locations/gen2/text_gsc_00000_it.txt,8363aed5081ff6e24ba53714fde01007815ff759,1238,8ad201e80244f630ab5a46922ab72fb79c5ad4f4
PKHeX.Core/Resources/text/locations/gen2/text_gsc_00000_ja.txt,8df755a55636474be0e0472af774c5832bf6d368,2155,8ad201e80244f630ab5a46922ab72fb79c5ad4f4
PKHeX.Core/Resources/text/locations/gen2/text_gsc_00000_ko.txt,40cd1a2897509650bd655868f54633568a3a8f3f,1331,8ad201e80244f630ab5a46922ab72fb79c5ad4f4
PKHeX.Core/Resources/text/locations/gen2/text_gsc_00000_zh-Hans.txt,af3e3ee5141bbfed1ae667517471ccc9225de227,1146,8ad201e80244f630ab5a46922ab72fb79c5ad4f4
PKHeX.Core/Resources/text/locations/gen2/text_gsc_00000_zh-Hant.txt,98498a1366bf4c22668066cca9586a4b8ba7383f,1137,8ad201e80244f630ab5a46922ab72fb79c5ad4f4
PKHeX.Core/Resources/text/locations/gen3/text_cxd_00000_de.txt,3f640964667c17b3b2872bbc21adf08d8078c54a,5610,8ad201e80244f630ab5a46922ab72fb79c5ad4f4
PKHeX.Core/Resources/text/locations/gen3/text_cxd_00000_en.txt,1fa60748f6dc13755e4c44b6ebbd2be2eaacd4dc,5866,8ad201e80244f630ab5a46922ab72fb79c5ad4f4
PKHeX.Core/Resources/text/locations/gen3/text_cxd_00000_es-419.txt,32c7c43cc73fd8dca697023f241f99881291a895,6330,8ad201e80244f630ab5a46922ab72fb79c5ad4f4
PKHeX.Core/Resources/text/locations/gen3/text_cxd_00000_es.txt,32c7c43cc73fd8dca697023f241f99881291a895,6330,8ad201e80244f630ab5a46922ab72fb79c5ad4f4
PKHeX.Core/Resources/text/locations/gen3/text_cxd_00000_fr.txt,9046e8565ae7b196171a22c41f6ce61c10f757b1,6034,8ad201e80244f630ab5a46922ab72fb79c5ad4f4
PKHeX.Core/Resources/text/locations/gen3/text_cxd_00000_it.txt,71aab999e7ba090004f353989cb28ab88c813684,6264,8ad201e80244f630ab5a46922ab72fb79c5ad4f4
PKHeX.Core/Resources/text/locations/gen3/text_cxd_00000_ja.txt,f2f96467cc6be3b47a739a8552e0579d125a780f,8954,8ad201e80244f630ab5a46922ab72fb79c5ad4f4
PKHeX.Core/Resources/text/locations/gen3/text_cxd_00000_zh-Hans.txt,c8f409e99607404cb23b913059ed3fd0a9d08039,6514,8ad201e80244f630ab5a46922ab72fb79c5ad4f4
PKHeX.Core/Resources/text/locations/gen3/text_cxd_00000_zh-Hant.txt,3068b5d612a5e68c65a434c9a263ab54f543f96d,6538,8ad201e80244f630ab5a46922ab72fb79c5ad4f4
PKHeX.Core/Resources/text/locations/gen3/text_rsefrlg_00000_de.txt,02f3bf99ee2e448cf91aada0283a654280b73eb2,3033,8ad201e80244f630ab5a46922ab72fb79c5ad4f4
PKHeX.Core/Resources/text/locations/gen3/text_rsefrlg_00000_en.txt,5caa5c829c2d3ddb6587cb6775971364c60cdaf4,3043,8ad201e80244f630ab5a46922ab72fb79c5ad4f4
PKHeX.Core/Resources/text/locations/gen3/text_rsefrlg_00000_es-419.txt,33fc4b93bdacfe65ceaea199ba458226dfb1b61c,3072,8ad201e80244f630ab5a46922ab72fb79c5ad4f4
PKHeX.Core/Resources/text/locations/gen3/text_rsefrlg_00000_es.txt,33fc4b93bdacfe65ceaea199ba458226dfb1b61c,3072,8ad201e80244f630ab5a46922ab72fb79c5ad4f4
PKHeX.Core/Resources/text/locations/gen3/text_rsefrlg_00000_fr.txt,b0e3587175c522846c99a260bab9944caaedd5cf,3000,8ad201e80244f630ab5a46922ab72fb79c5ad4f4
PKHeX.Core/Resources/text/locations/gen3/text_rsefrlg_00000_it.txt,e3fcf89c42fa85b243ea9f6070d19a980a4db100,3275,8ad201e80244f630ab5a46922ab72fb79c5ad4f4
PKHeX.Core/Resources/text/locations/gen3/text_rsefrlg_00000_ja.txt,bc0652e0b0faf937b06c293e957e90d7a225bd2a,5413,8ad201e80244f630ab5a46922ab72fb79c5ad4f4
PKHeX.Core/Resources/text/locations/gen3/text_rsefrlg_00000_ko.txt,743054e92d3d7544c4eb33d9859872d69ddfa01e,3441,8ad201e80244f630ab5a46922ab72fb79c5ad4f4
PKHeX.Core/Resources/text/locations/gen3/text_rsefrlg_00000_zh-Hans.txt,06e61124c6b32c7dc4d9398a5b42b738d9d2748a,3174,8ad201e80244f630ab5a46922ab72fb79c5ad4f4
PKHeX.Core/Resources/text/locations/gen3/text_rsefrlg_00000_zh-Hant.txt,28d24e027676971ed524e95a76f95084f9f360eb,3164,8ad201e80244f630ab5a46922ab72fb79c5ad4f4
PKHeX.Core/Resources/text/locations/gen4/text_hgss_00000_de.txt,789374c76afa476b935ad7ec3b787c6a5cc25d83,2790,8ad201e80244f630ab5a46922ab72fb79c5ad4f4
PKHeX.Core/Resources/text/locations/gen4/text_hgss_00000_en.txt,e36a3eeecc88a770f506080638caf131e83ab0f3,2878,8ad201e80244f630ab5a46922ab72fb79c5ad4f4
PKHeX.Core/Resources/text/locations/gen4/text_hgss_00000_es-419.txt,500657cb114b64f5a6f9546d1bd6ba65c81fb1d1,2873,8ad201e80244f630ab5a46922ab72fb79c5ad4f4
PKHeX.Core/Resources/text/locations/gen4/text_hgss_00000_es.txt,500657cb114b64f5a6f9546d1bd6ba65c81fb1d1,2873,8ad201e80244f630ab5a46922ab72fb79c5ad4f4
PKHeX.Core/Resources/text/locations/gen4/text_hgss_00000_fr.txt,abb21eecb9a30c5837bccd7f9904d2293c34042c,2846,8ad201e80244f630ab5a46922ab72fb79c5ad4f4
PKHeX.Core/Resources/text/locations/gen4/text_hgss_00000_it.txt,97e150e05d260d55912dfdc5c4165eb0c5084f76,3060,8ad201e80244f630ab5a46922ab72fb79c5ad4f4
PKHeX.Core/Resources/text/locations/gen4/text_hgss_00000_ja.txt,7c4f4443aaec14048c348438e0d57d9d4be010b0,5347,8ad201e80244f630ab5a46922ab72fb79c5ad4f4
PKHeX.Core/Resources/text/locations/gen4/text_hgss_00000_ko.txt,2b3d4eef067c82c14cbaa86ac4f714bd83fdd017,3356,8ad201e80244f630ab5a46922ab72fb79c5ad4f4
PKHeX.Core/Resources/text/locations/gen4/text_hgss_00000_zh-Hans.txt,14333bfc858b0f505d7880efb85441a8985880ea,2922,8ad201e80244f630ab5a46922ab72fb79c5ad4f4
PKHeX.Core/Resources/text/locations/gen4/text_hgss_00000_zh-Hant.txt,3eb592dee7f990dbf3176770608d2df5d296cd9c,2922,8ad201e80244f630ab5a46922ab72fb79c5ad4f4
PKHeX.Core/Resources/text/locations/gen4/text_hgss_02000_de.txt,ec118baee574776f350140861ebc1e3396e75876,152,8ad201e80244f630ab5a46922ab72fb79c5ad4f4
PKHeX.Core/Resources/text/locations/gen4/text_hgss_02000_en.txt,9e7f4e75e22f47084630a8fd6b72a92e8797a1bb,149,8ad201e80244f630ab5a46922ab72fb79c5ad4f4
PKHeX.Core/Resources/text/locations/gen4/text_hgss_02000_es-419.txt,1c056129542068836d9ea7b565f42f774fd26157,154,8ad201e80244f630ab5a46922ab72fb79c5ad4f4
PKHeX.Core/Resources/text/locations/gen4/text_hgss_02000_es.txt,1c056129542068836d9ea7b565f42f774fd26157,154,8ad201e80244f630ab5a46922ab72fb79c5ad4f4
PKHeX.Core/Resources/text/locations/gen4/text_hgss_02000_fr.txt,b40155027ed8874b4e079330eb75cca14373b83c,156,8ad201e80244f630ab5a46922ab72fb79c5ad4f4
PKHeX.Core/Resources/text/locations/gen4/text_hgss_02000_it.txt,9e8a997bc6303e4f6d3f5c4b5982333255f3f119,169,8ad201e80244f630ab5a46922ab72fb79c5ad4f4
PKHeX.Core/Resources/text/locations/gen4/text_hgss_02000_ja.txt,a118cb37e9f7b986f0934152c6710dab288fd86f,320,8ad201e80244f630ab5a46922ab72fb79c5ad4f4
PKHeX.Core/Resources/text/locations/gen4/text_hgss_02000_ko.txt,dcae99b951c12bcab8b735359ccd30a79b98ea39,214,8ad201e80244f630ab5a46922ab72fb79c5ad4f4
PKHeX.Core/Resources/text/locations/gen4/text_hgss_02000_zh-Hans.txt,65b25454d7799bb9157b6600426b09c079f8df5e,189,8ad201e80244f630ab5a46922ab72fb79c5ad4f4
PKHeX.Core/Resources/text/locations/gen4/text_hgss_02000_zh-Hant.txt,70b30980d55b564c71738d0aed1e2d37dfe534a4,192,8ad201e80244f630ab5a46922ab72fb79c5ad4f4
PKHeX.Core/Resources/text/locations/gen4/text_hgss_03000_de.txt,13efb00406fd0fc7cd0a1a7add68f5cde8777806,1166,8ad201e80244f630ab5a46922ab72fb79c5ad4f4
PKHeX.Core/Resources/text/locations/gen4/text_hgss_03000_en.txt,c7bd399bb7c18f6e5a0c1cc5e0245003c6826eee,1190,8ad201e80244f630ab5a46922ab72fb79c5ad4f4
PKHeX.Core/Resources/text/locations/gen4/text_hgss_03000_es-419.txt,c95e6c95e422603f8c258372a7a5f9373fc3ff74,1165,8ad201e80244f630ab5a46922ab72fb79c5ad4f4
PKHeX.Core/Resources/text/locations/gen4/text_hgss_03000_es.txt,c95e6c95e422603f8c258372a7a5f9373fc3ff74,1165,8ad201e80244f630ab5a46922ab72fb79c5ad4f4
PKHeX.Core/Resources/text/locations/gen4/text_hgss_03000_fr.txt,af0f8b536a59e94cca05e985be2b756fb95b78cc,1217,8ad201e80244f630ab5a46922ab72fb79c5ad4f4
PKHeX.Core/Resources/text/locations/gen4/text_hgss_03000_it.txt,ed75c0b6a583cd80914f8fe56e35edb00181d120,1178,8ad201e80244f630ab5a46922ab72fb79c5ad4f4
PKHeX.Core/Resources/text/locations/gen4/text_hgss_03000_ja.txt,11fe97e3b84aff3b7e2f21e6b12264ea47d95239,2083,8ad201e80244f630ab5a46922ab72fb79c5ad4f4
PKHeX.Core/Resources/text/locations/gen4/text_hgss_03000_ko.txt,5007a5d4232c1c7923674752d5ffe3652f1f977c,1380,8ad201e80244f630ab5a46922ab72fb79c5ad4f4
PKHeX.Core/Resources/text/locations/gen4/text_hgss_03000_zh-Hans.txt,36f6658860be83c8630f15348abb2e5ef81dbb3d,1215,8ad201e80244f630ab5a46922ab72fb79c5ad4f4
PKHeX.Core/Resources/text/locations/gen4/text_hgss_03000_zh-Hant.txt,daf1b0d834feb3ec03680c9125fb8a05b098e10a,1215,8ad201e80244f630ab5a46922ab72fb79c5ad4f4
PKHeX.Core/Resources/text/locations/gen5/text_bw2_00000_de.txt,da399f4cf1657372b148645532ca97f766bad7e7,2011,8ad201e80244f630ab5a46922ab72fb79c5ad4f4
PKHeX.Core/Resources/text/locations/gen5/text_bw2_00000_en.txt,42e6fa8b8ce335e93a8255113aaef4a6816a697b,2069,8ad201e80244f630ab5a46922ab72fb79c5ad4f4
PKHeX.Core/Resources/text/locations/gen5/text_bw2_00000_es-419.txt,41d1a24dfb4ad75c76d6162c41c4210489f1948d,2203,8ad201e80244f630ab5a46922ab72fb79c5ad4f4
PKHeX.Core/Resources/text/locations/gen5/text_bw2_00000_es.txt,5fd35f55da3bad58cb614c074bd223fce5d85ce8,2143,8ad201e80244f630ab5a46922ab72fb79c5ad4f4
PKHeX.Core/Resources/text/locations/gen5/text_bw2_00000_fr.txt,b56004d27e04e7aff93b27b3fd6c350361c63e17,2120,8ad201e80244f630ab5a46922ab72fb79c5ad4f4
PKHeX.Core/Resources/text/locations/gen5/text_bw2_00000_it.txt,ade04f2260dca282fa782cd2dabda8463030fbc8,2247,8ad201e80244f630ab5a46922ab72fb79c5ad4f4
PKHeX.Core/Resources/text/locations/gen5/text_bw2_00000_ja.txt,01ed86ec02e0f2bbe336b840c6a8901c272b53fb,3559,8ad201e80244f630ab5a46922ab72fb79c5ad4f4
PKHeX.Core/Resources/text/locations/gen5/text_bw2_00000_ko.txt,9d44cb1dcfbe6048472ffb969ba0c1a939a7fc2b,2313,8ad201e80244f630ab5a46922ab72fb79c5ad4f4
PKHeX.Core/Resources/text/locations/gen5/text_bw2_00000_zh-Hans.txt,fa061089328eeb6d212752f709d2de6e67c4032b,1931,8ad201e80244f630ab5a46922ab72fb79c5ad4f4
PKHeX.Core/Resources/text/locations/gen5/text_bw2_00000_zh-Hant.txt,e1b86dbb65ccdf856352088e0f5004996a73189e,1944,8ad201e80244f630ab5a46922ab72fb79c5ad4f4
PKHeX.Core/Resources/text/locations/gen5/text_bw2_30000_de.txt,e48be6b73e3d13ede42d63455184b75027173e62,285,8ad201e80244f630ab5a46922ab72fb79c5ad4f4
PKHeX.Core/Resources/text/locations/gen5/text_bw2_30000_en.txt,6529c49fd7e8fe858e86f95ed8bab70a819af36c,280,8ad201e80244f630ab5a46922ab72fb79c5ad4f4
PKHeX.Core/Resources/text/locations/gen5/text_bw2_30000_es-419.txt,e91b1776ba887428333ad0204d62f93422a1c756,294,8ad201e80244f630ab5a46922ab72fb79c5ad4f4
PKHeX.Core/Resources/text/locations/gen5/text_bw2_30000_es.txt,b76e2a350defa3d017e3b0f86e092522515bc558,277,8ad201e80244f630ab5a46922ab72fb79c5ad4f4
PKHeX.Core/Resources/text/locations/gen5/text_bw2_30000_fr.txt,79263f1e430c54f04313997e112cc0d8b3cc7c4d,279,8ad201e80244f630ab5a46922ab72fb79c5ad4f4
PKHeX.Core/Resources/text/locations/gen5/text_bw2_30000_it.txt,1d3c85cb7ddfaa4678bda01d534f0bd5efedd0d0,286,8ad201e80244f630ab5a46922ab72fb79c5ad4f4
PKHeX.Core/Resources/text/locations/gen5/text_bw2_30000_ja.txt,b713be81d270a2e5a050621d4cee206e0b4be27f,405,8ad201e80244f630ab5a46922ab72fb79c5ad4f4
PKHeX.Core/Resources/text/locations/gen5/text_bw2_30000_ko.txt,141bfaaeb20c6d22f6c88cc300c08b628da64fb4,318,8ad201e80244f630ab5a46922ab72fb79c5ad4f4
PKHeX.Core/Resources/text/locations/gen5/text_bw2_30000_zh-Hans.txt,bab9eaed6d98303a42414a9648c3f69970e455c2,191,8ad201e80244f630ab5a46922ab72fb79c5ad4f4
PKHeX.Core/Resources/text/locations/gen5/text_bw2_30000_zh-Hant.txt,25027407ecff7a24b4aea30a5e9285963ab4b839,197,8ad201e80244f630ab5a46922ab72fb79c5ad4f4
PKHeX.Core/Resources/text/locations/gen5/text_bw2_40000_de.txt,718db906a0d3c65aa1d59c78872dbcc969fb8cba,1452,8ad201e80244f630ab5a46922ab72fb79c5ad4f4
PKHeX.Core/Resources/text/locations/gen5/text_bw2_40000_en.txt,0c4522b1636714308b0263bfc96ab656c0bb3742,1429,8ad201e80244f630ab5a46922ab72fb79c5ad4f4
PKHeX.Core/Resources/text/locations/gen5/text_bw2_40000_es-419.txt,aeb2a22bebf035ed3c7644f782525f172f34bba9,1935,8ad201e80244f630ab5a46922ab72fb79c5ad4f4
PKHeX.Core/Resources/text/locations/gen5/text_bw2_40000_es.txt,015ca52c4622708744fe55bb76c78b9f95324af1,1727,8ad201e80244f630ab5a46922ab72fb79c5ad4f4
PKHeX.Core/Resources/text/locations/gen5/text_bw2_40000_fr.txt,be485da227e11bb88cfc1a88a18aec8c14b38e4a,1548,8ad201e80244f630ab5a46922ab72fb79c5ad4f4
PKHeX.Core/Resources/text/locations/gen5/text_bw2_40000_it.txt,de64ef52131248722a0b6b29183c33878eb1a0da,1601,8ad201e80244f630ab5a46922ab72fb79c5ad4f4
PKHeX.Core/Resources/text/locations/gen5/text_bw2_40000_ja.txt,368dadbcf2767c1857325c9ffcae7196f666ad05,2562,8ad201e80244f630ab5a46922ab72fb79c5ad4f4
PKHeX.Core/Resources/text/locations/gen5/text_bw2_40000_ko.txt,607cc3d1af5ceaa7e98ab83944d158fdb1ba7767,1553,8ad201e80244f630ab5a46922ab72fb79c5ad4f4
PKHeX.Core/Resources/text/locations/gen5/text_bw2_40000_zh-Hans.txt,a6007daa00e3277e83b6d762622efa8555eda002,1453,8ad201e80244f630ab5a46922ab72fb79c5ad4f4
PKHeX.Core/Resources/text/locations/gen5/text_bw2_40000_zh-Hant.txt,23ec5f971a79fb4bfa67fb8f50655cdc73522a38,1453,8ad201e80244f630ab5a46922ab72fb79c5ad4f4
PKHeX.Core/Resources/text/locations/gen5/text_bw2_60000_de.txt,4d12ea0da7fd3aa68ed1e0581c8a828c7dd282e3,46,8ad201e80244f630ab5a46922ab72fb79c5ad4f4
PKHeX.Core/Resources/text/locations/gen5/text_bw2_60000_en.txt,a3b8a44df28280105496ca72811380676e50565e,41,8ad201e80244f630ab5a46922ab72fb79c5ad4f4
PKHeX.Core/Resources/text/locations/gen5/text_bw2_60000_es-419.txt,647c074e31d24405162a5b02383b29fefc567cca,47,8ad201e80244f630ab5a46922ab72fb79c5ad4f4
PKHeX.Core/Resources/text/locations/gen5/text_bw2_60000_es.txt,69fee86ecc64e413a5196e135c8b48811579e3b2,49,8ad201e80244f630ab5a46922ab72fb79c5ad4f4
PKHeX.Core/Resources/text/locations/gen5/text_bw2_60000_fr.txt,bdb93551c7864b4acb5198ca698a214945bb9e35,53,8ad201e80244f630ab5a46922ab72fb79c5ad4f4
PKHeX.Core/Resources/text/locations/gen5/text_bw2_60000_it.txt,3066bcab9f9c053d9a05eb81b0fa6f4a9eb1286a,46,8ad201e80244f630ab5a46922ab72fb79c5ad4f4
PKHeX.Core/Resources/text/locations/gen5/text_bw2_60000_ja.txt,9bd024ae2d6299d906b2681d461d145a96c369d4,120,8ad201e80244f630ab5a46922ab72fb79c5ad4f4
PKHeX.Core/Resources/text/locations/gen5/text_bw2_60000_ko.txt,acc8cc2476340266f7e14aeb0abd67436611c11d,53,8ad201e80244f630ab5a46922ab72fb79c5ad4f4
PKHeX.Core/Resources/text/locations/gen5/text_bw2_60000_zh-Hans.txt,476e1f5d3950eb384049ff869dea0adfaf53c5f3,45,8ad201e80244f630ab5a46922ab72fb79c5ad4f4
PKHeX.Core/Resources/text/locations/gen5/text_bw2_60000_zh-Hant.txt,997258cf51528c011759591a2351442ac8b449c3,45,8ad201e80244f630ab5a46922ab72fb79c5ad4f4
PKHeX.Core/Resources/text/locations/gen6/text_xy_00000_de.txt,3521732a7a255c863589f9cc366190f0b16213ec,2703,8ad201e80244f630ab5a46922ab72fb79c5ad4f4
PKHeX.Core/Resources/text/locations/gen6/text_xy_00000_en.txt,8d2dd6f9425556b15817d35b7d3098965259dfef,2795,8ad201e80244f630ab5a46922ab72fb79c5ad4f4
PKHeX.Core/Resources/text/locations/gen6/text_xy_00000_es-419.txt,d2ed870f329a3c01a354ce8bb6c38bb1927bf95c,2918,8ad201e80244f630ab5a46922ab72fb79c5ad4f4
PKHeX.Core/Resources/text/locations/gen6/text_xy_00000_es.txt,4a3901587bedeee1d75395cfd09c00b5654c545a,2871,8ad201e80244f630ab5a46922ab72fb79c5ad4f4
PKHeX.Core/Resources/text/locations/gen6/text_xy_00000_fr.txt,77c2219c526e31429b3d50a7038c08299fd72ceb,2926,8ad201e80244f630ab5a46922ab72fb79c5ad4f4
PKHeX.Core/Resources/text/locations/gen6/text_xy_00000_it.txt,8abfadad1840f558d061b8dba20b69e74437b2a3,2974,8ad201e80244f630ab5a46922ab72fb79c5ad4f4
PKHeX.Core/Resources/text/locations/gen6/text_xy_00000_ja.txt,7add6d2cac70592e59ba4711067f280291694967,4731,8ad201e80244f630ab5a46922ab72fb79c5ad4f4
PKHeX.Core/Resources/text/locations/gen6/text_xy_00000_ko.txt,f1f2eb176c15ddb3b6c0e73a3bb6f7317becb8a1,3138,8ad201e80244f630ab5a46922ab72fb79c5ad4f4
PKHeX.Core/Resources/text/locations/gen6/text_xy_00000_zh-Hans.txt,3aa91f0b9d0fde19dee5f4c989e3927a8d6509e9,2957,8ad201e80244f630ab5a46922ab72fb79c5ad4f4
PKHeX.Core/Resources/text/locations/gen6/text_xy_00000_zh-Hant.txt,01a6a53ca27a62c607ec01b0e1b579042842a361,2958,8ad201e80244f630ab5a46922ab72fb79c5ad4f4
PKHeX.Core/Resources/text/locations/gen6/text_xy_30000_de.txt,f1ae217bde590ce191350cdfef11248ef6123cad,163,8ad201e80244f630ab5a46922ab72fb79c5ad4f4
PKHeX.Core/Resources/text/locations/gen6/text_xy_30000_en.txt,7d2fe1ec64e04c95440e896f9c57f26c473771c6,169,8ad201e80244f630ab5a46922ab72fb79c5ad4f4
PKHeX.Core/Resources/text/locations/gen6/text_xy_30000_es-419.txt,8db0545d85ecd1441c36d6b44f7d94a3284cec68,140,8ad201e80244f630ab5a46922ab72fb79c5ad4f4
PKHeX.Core/Resources/text/locations/gen6/text_xy_30000_es.txt,962a0d7d7aefbcc8ebe0803be0b5835b04577850,135,8ad201e80244f630ab5a46922ab72fb79c5ad4f4
PKHeX.Core/Resources/text/locations/gen6/text_xy_30000_fr.txt,be6beb741facc2a596fb4d86c3b8ec0c8a9f5184,122,8ad201e80244f630ab5a46922ab72fb79c5ad4f4
PKHeX.Core/Resources/text/locations/gen6/text_xy_30000_it.txt,6bdf33b9319781749957743e4b98c3ae9fc1a644,108,8ad201e80244f630ab5a46922ab72fb79c5ad4f4
PKHeX.Core/Resources/text/locations/gen6/text_xy_30000_ja.txt,237c3fb590caa07fca6e3728dc0a6eb30019a780,260,8ad201e80244f630ab5a46922ab72fb79c5ad4f4
PKHeX.Core/Resources/text/locations/gen6/text_xy_30000_ko.txt,1b6e06328902530863bffac679b124c8333d328e,169,8ad201e80244f630ab5a46922ab72fb79c5ad4f4
PKHeX.Core/Resources/text/locations/gen6/text_xy_30000_zh-Hans.txt,7c309c0d5a011b140b47e773ca519ce9e9bc18ec,170,8ad201e80244f630ab5a46922ab72fb79c5ad4f4
PKHeX.Core/Resources/text/locations/gen6/text_xy_30000_zh-Hant.txt,82174be1ba20368080503f1eb725722faa063a8a,170,8ad201e80244f630ab5a46922ab72fb79c5ad4f4
PKHeX.Core/Resources/text/locations/gen6/text_xy_40000_de.txt,a0029491b1d7ae43af653638e21f7f77571b5905,1058,8ad201e80244f630ab5a46922ab72fb79c5ad4f4
PKHeX.Core/Resources/text/locations/gen6/text_xy_40000_en.txt,13c63108a6f733108d5edc83922b2c68c30dbf33,1047,8ad201e80244f630ab5a46922ab72fb79c5ad4f4
PKHeX.Core/Resources/text/locations/gen6/text_xy_40000_es-419.txt,2dabf3e2da56a2eddb0065e7e12c74691927f836,1344,8ad201e80244f630ab5a46922ab72fb79c5ad4f4
PKHeX.Core/Resources/text/locations/gen6/text_xy_40000_es.txt,1c91e6e6353864b711549259c0f458cb55e9602b,1649,8ad201e80244f630ab5a46922ab72fb79c5ad4f4
PKHeX.Core/Resources/text/locations/gen6/text_xy_40000_fr.txt,3ec710771760b146bd8b18ca9bc9597d56f652e2,1461,8ad201e80244f630ab5a46922ab72fb79c5ad4f4
PKHeX.Core/Resources/text/locations/gen6/text_xy_40000_it.txt,e2fc8c50709689c62e64759f7adef7a8956d1439,1308,8ad201e80244f630ab5a46922ab72fb79c5ad4f4
PKHeX.Core/Resources/text/locations/gen6/text_xy_40000_ja.txt,ceb86e90ea378384e3e2e919bff1facabff490bf,1744,8ad201e80244f630ab5a46922ab72fb79c5ad4f4
PKHeX.Core/Resources/text/locations/gen6/text_xy_40000_ko.txt,6123b2b8596235be7aca3c762d5fd437606435a2,1068,8ad201e80244f630ab5a46922ab72fb79c5ad4f4
PKHeX.Core/Resources/text/locations/gen6/text_xy_40000_zh-Hans.txt,859b2fcc3997782ab2074c8df018e46bb771477d,987,8ad201e80244f630ab5a46922ab72fb79c5ad4f4
PKHeX.Core/Resources/text/locations/gen6/text_xy_40000_zh-Hant.txt,189e70ee521592f7481711e867c6e601ef83e0fc,987,8ad201e80244f630ab5a46922ab72fb79c5ad4f4
PKHeX.Core/Resources/text/locations/gen6/text_xy_60000_de.txt,1eaf44d3457c738186c68d53e17dfa361156de4c,69,8ad201e80244f630ab5a46922ab72fb79c5ad4f4
PKHeX.Core/Resources/text/locations/gen6/text_xy_60000_en.txt,b87330aacec74b3b13f169c9ffb5a3b7ae2f88f8,76,8ad201e80244f630ab5a46922ab72fb79c5ad4f4
PKHeX.Core/Resources/text/locations/gen6/text_xy_60000_es-419.txt,40a6f52e0b356e4da9f067e442c55900f507110e,74,8ad201e80244f630ab5a46922ab72fb79c5ad4f4
PKHeX.Core/Resources/text/locations/gen6/text_xy_60000_es.txt,75d353bc0d0b0138fdc2b661bd52e6666af4929b,77,8ad201e80244f630ab5a46922ab72fb79c5ad4f4
PKHeX.Core/Resources/text/locations/gen6/text_xy_60000_fr.txt,122db057bc4efb3d0cd1a68f6952fe8ed1017921,94,8ad201e80244f630ab5a46922ab72fb79c5ad4f4
PKHeX.Core/Resources/text/locations/gen6/text_xy_60000_it.txt,d83542947fa16456ca7e34d7c13a8068c273a237,70,8ad201e80244f630ab5a46922ab72fb79c5ad4f4
PKHeX.Core/Resources/text/locations/gen6/text_xy_60000_ja.txt,5ed22cfeeaeeddc456c7a5bf7f1c8f098f14ffae,100,8ad201e80244f630ab5a46922ab72fb79c5ad4f4
PKHeX.Core/Resources/text/locations/gen6/text_xy_60000_ko.txt,3d8ba460246bce8256e18065aa8c9c214dd9d2a5,69,8ad201e80244f630ab5a46922ab72fb79c5ad4f4
PKHeX.Core/Resources/text/locations/gen6/text_xy_60000_zh-Hans.txt,c735f34bad7dd0ff1f0f2c7c98417a08e63efc92,55,8ad201e80244f630ab5a46922ab72fb79c5ad4f4
PKHeX.Core/Resources/text/locations/gen6/text_xy_60000_zh-Hant.txt,045ebcee42064a00cc34f43b225fa38e412c36d4,55,8ad201e80244f630ab5a46922ab72fb79c5ad4f4
PKHeX.Core/Resources/text/locations/gen7/text_gg_00000_de.txt,9127d2c7ac9c7249bd689231fb9da4f36d597030,646,8ad201e80244f630ab5a46922ab72fb79c5ad4f4
PKHeX.Core/Resources/text/locations/gen7/text_gg_00000_en.txt,fcc53b900833a3ccbe8b9a1e2015b4732e083da5,626,8ad201e80244f630ab5a46922ab72fb79c5ad4f4
PKHeX.Core/Resources/text/locations/gen7/text_gg_00000_es-419.txt,283832f1341c4027b0bc8ef9869e170e98a4c9bb,607,8ad201e80244f630ab5a46922ab72fb79c5ad4f4
PKHeX.Core/Resources/text/locations/gen7/text_gg_00000_es.txt,6324cbec44db8ff555963982bec813217523aa1b,588,8ad201e80244f630ab5a46922ab72fb79c5ad4f4
PKHeX.Core/Resources/text/locations/gen7/text_gg_00000_fr.txt,30b5bf9c418204e212cb79f7712da2da74723b12,631,8ad201e80244f630ab5a46922ab72fb79c5ad4f4
PKHeX.Core/Resources/text/locations/gen7/text_gg_00000_it.txt,bf1113c12775a79825ad2c62f0a806e8a5ab5c3e,683,8ad201e80244f630ab5a46922ab72fb79c5ad4f4
PKHeX.Core/Resources/text/locations/gen7/text_gg_00000_ja.txt,dacd93ec3693a758ea048a118d878dd5606dd45c,1167,8ad201e80244f630ab5a46922ab72fb79c5ad4f4
PKHeX.Core/Resources/text/locations/gen7/text_gg_00000_ko.txt,9a35e01875c726d78ec72426cb257b511274fe36,730,8ad201e80244f630ab5a46922ab72fb79c5ad4f4
PKHeX.Core/Resources/text/locations/gen7/text_gg_00000_zh-Hans.txt,53cfc1252dd7cd5ac70ebe4735ce6c9ff68555e8,684,8ad201e80244f630ab5a46922ab72fb79c5ad4f4
PKHeX.Core/Resources/text/locations/gen7/text_gg_00000_zh-Hant.txt,cd9f27840793b34e9d239a65bf2404f106e53203,684,8ad201e80244f630ab5a46922ab72fb79c5ad4f4
PKHeX.Core/Resources/text/locations/gen7/text_gg_40000_de.txt,81f2987d3075960d415d427440e9111e3ffbd6e8,1185,8ad201e80244f630ab5a46922ab72fb79c5ad4f4
PKHeX.Core/Resources/text/locations/gen7/text_gg_40000_en.txt,83cc623cbca664df581579f74e649ff45230a34d,1167,8ad201e80244f630ab5a46922ab72fb79c5ad4f4
PKHeX.Core/Resources/text/locations/gen7/text_gg_40000_es-419.txt,1034997b480b9a04cce4b97740842e9f286a026f,1276,8ad201e80244f630ab5a46922ab72fb79c5ad4f4
PKHeX.Core/Resources/text/locations/gen7/text_gg_40000_es.txt,8aab2198058b7b10a4f67f8215a3263b899acfc9,1261,8ad201e80244f630ab5a46922ab72fb79c5ad4f4
PKHeX.Core/Resources/text/locations/gen7/text_gg_40000_fr.txt,bd497b0e4066004f1bd7e6011144ca7065e69efa,1267,8ad201e80244f630ab5a46922ab72fb79c5ad4f4
PKHeX.Core/Resources/text/locations/gen7/text_gg_40000_it.txt,61379b373c0ed85cbbaf92075201863323fec54a,1142,8ad201e80244f630ab5a46922ab72fb79c5ad4f4
PKHeX.Core/Resources/text/locations/gen7/text_gg_40000_ja.txt,ca8ab5ecc3377688138040163f9c0c6e2190d12a,1761,8ad201e80244f630ab5a46922ab72fb79c5ad4f4
PKHeX.Core/Resources/text/locations/gen7/text_gg_40000_ko.txt,ef6eca686153e8608ef4155dfcdba31b7aa5be78,1080,8ad201e80244f630ab5a46922ab72fb79c5ad4f4
PKHeX.Core/Resources/text/locations/gen7/text_gg_40000_zh-Hans.txt,ae90b8c1323c4c71de1842702c1894ad8803e211,1008,8ad201e80244f630ab5a46922ab72fb79c5ad4f4
PKHeX.Core/Resources/text/locations/gen7/text_gg_40000_zh-Hant.txt,cea93084d5fa0c2f0fefd880669fb0ad1f99de11,1008,8ad201e80244f630ab5a46922ab72fb79c5ad4f4
PKHeX.Core/Resources/text/locations/gen7/text_sm_00000_de.txt,dbbd5349c24248a4ac050907af22f9b93bfb0e37,1974,8ad201e80244f630ab5a46922ab72fb79c5ad4f4
PKHeX.Core/Resources/text/locations/gen7/text_sm_00000_en.txt,ebd819077b3c5bcd95593ed52b95fa4e45bf53e5,1853,8ad201e80244f630ab5a46922ab72fb79c5ad4f4
PKHeX.Core/Resources/text/locations/gen7/text_sm_00000_es-419.txt,fa67b65152c53051711b239a8c12427a642b4473,1976,8ad201e80244f630ab5a46922ab72fb79c5ad4f4
PKHeX.Core/Resources/text/locations/gen7/text_sm_00000_es.txt,5657d220c0ce8b31597f3595371a2f73fc4c1df6,1965,8ad201e80244f630ab5a46922ab72fb79c5ad4f4
PKHeX.Core/Resources/text/locations/gen7/text_sm_00000_fr.txt,3b0b13c4c08153a10428cbca2423ec9847fbcf85,1976,8ad201e80244f630ab5a46922ab72fb79c5ad4f4
PKHeX.Core/Resources/text/locations/gen7/text_sm_00000_it.txt,df726899c99bf0adc843de4fa6e986cb7c0e180d,1996,8ad201e80244f630ab5a46922ab72fb79c5ad4f4
PKHeX.Core/Resources/text/locations/gen7/text_sm_00000_ja.txt,baffab08e3fdeeacf21189260956f217cc3941c1,3113,8ad201e80244f630ab5a46922ab72fb79c5ad4f4
PKHeX.Core/Resources/text/locations/gen7/text_sm_00000_ko.txt,a3061d57ec3ec3faf753004529398929070ac7b1,2188,8ad201e80244f630ab5a46922ab72fb79c5ad4f4
PKHeX.Core/Resources/text/locations/gen7/text_sm_00000_zh-Hans.txt,682f88393ef641d73c7a9048bff824f03a47190b,1946,8ad201e80244f630ab5a46922ab72fb79c5ad4f4
PKHeX.Core/Resources/text/locations/gen7/text_sm_00000_zh-Hant.txt,631bb174853c2b528fa9a6c7e6853a1ae962b586,1946,8ad201e80244f630ab5a46922ab72fb79c5ad4f4
PKHeX.Core/Resources/text/locations/gen7/text_sm_30000_de.txt,a6a580eb31473c5f861eebddaca38bc42cfbd915,241,8ad201e80244f630ab5a46922ab72fb79c5ad4f4
PKHeX.Core/Resources/text/locations/gen7/text_sm_30000_en.txt,07fbe1608c5126f8aefc8d01092a4b36e2afc6b3,270,8ad201e80244f630ab5a46922ab72fb79c5ad4f4
PKHeX.Core/Resources/text/locations/gen7/text_sm_30000_es-419.txt,fe5eb6f6768e3204fdbb53b8d48b8281aa07a5bb,189,8ad201e80244f630ab5a46922ab72fb79c5ad4f4
PKHeX.Core/Resources/text/locations/gen7/text_sm_30000_es.txt,c1fbcdfa08525f965de997f5d0cd77f98aa1a206,197,8ad201e80244f630ab5a46922ab72fb79c5ad4f4
PKHeX.Core/Resources/text/locations/gen7/text_sm_30000_fr.txt,0e1cc6a94090291d09199b6c158a2974503546b3,171,8ad201e80244f630ab5a46922ab72fb79c5ad4f4
PKHeX.Core/Resources/text/locations/gen7/text_sm_30000_it.txt,c4504399891b6b940aacccc6d341444a32cbf7ef,157,8ad201e80244f630ab5a46922ab72fb79c5ad4f4
PKHeX.Core/Resources/text/locations/gen7/text_sm_30000_ja.txt,f1c80103e3e2654490349f8112a55b33b855de79,379,8ad201e80244f630ab5a46922ab72fb79c5ad4f4
PKHeX.Core/Resources/text/locations/gen7/text_sm_30000_ko.txt,b115ec37c0fcd4e353a0eab39dfdcbf4efb4b1cc,252,8ad201e80244f630ab5a46922ab72fb79c5ad4f4
PKHeX.Core/Resources/text/locations/gen7/text_sm_30000_zh-Hans.txt,2bb9ad0d7f78a76f30856000f402e77df032dbda,253,8ad201e80244f630ab5a46922ab72fb79c5ad4f4
PKHeX.Core/Resources/text/locations/gen7/text_sm_30000_zh-Hant.txt,121c61883e9b00a6929d827f7af6bcafb084621f,250,8ad201e80244f630ab5a46922ab72fb79c5ad4f4
PKHeX.Core/Resources/text/locations/gen7/text_sm_40000_de.txt,2eb755de60ca8042aee435c715782cd47d8e5e98,1450,8ad201e80244f630ab5a46922ab72fb79c5ad4f4
PKHeX.Core/Resources/text/locations/gen7/text_sm_40000_en.txt,90b279ab52483804d3fede41178b504a34f40a1a,1435,8ad201e80244f630ab5a46922ab72fb79c5ad4f4
PKHeX.Core/Resources/text/locations/gen7/text_sm_40000_es-419.txt,9afab055ae6234ff2329461afcb0bab65dbd7764,1551,8ad201e80244f630ab5a46922ab72fb79c5ad4f4
PKHeX.Core/Resources/text/locations/gen7/text_sm_40000_es.txt,0a408ca0c1daa0e7f13d1f7ec531b3ab1c64d0ab,1533,8ad201e80244f630ab5a46922ab72fb79c5ad4f4
PKHeX.Core/Resources/text/locations/gen7/text_sm_40000_fr.txt,dc645a1c16deb8dd448f18decb3b28c67bc28c27,1537,8ad201e80244f630ab5a46922ab72fb79c5ad4f4
PKHeX.Core/Resources/text/locations/gen7/text_sm_40000_it.txt,682ba6e1d3a57ebcd0fc6263e4ecac73eed61578,1412,8ad201e80244f630ab5a46922ab72fb79c5ad4f4
PKHeX.Core/Resources/text/locations/gen7/text_sm_40000_ja.txt,5d717b2a41c96e47747ec7638ecde8e05e93ea93,1990,8ad201e80244f630ab5a46922ab72fb79c5ad4f4
PKHeX.Core/Resources/text/locations/gen7/text_sm_40000_ko.txt,e6c881089ccc5f0cfb8192bfa4a0d04faf9e124f,1246,8ad201e80244f630ab5a46922ab72fb79c5ad4f4
PKHeX.Core/Resources/text/locations/gen7/text_sm_40000_zh-Hans.txt,e28b5d55b8b1e9854b3123d73d12d7a99f7d3ad9,1582,8ad201e80244f630ab5a46922ab72fb79c5ad4f4
PKHeX.Core/Resources/text/locations/gen7/text_sm_40000_zh-Hant.txt,f4fdc057f02933d7944b12b336df62882c900fd5,1590,8ad201e80244f630ab5a46922ab72fb79c5ad4f4
PKHeX.Core/Resources/text/locations/gen7/text_sm_60000_de.txt,6d82d023f0c8aa0dc337947840ed53c72b981ad3,67,8ad201e80244f630ab5a46922ab72fb79c5ad4f4
PKHeX.Core/Resources/text/locations/gen7/text_sm_60000_en.txt,b009f6bb32c6261de39b9938d1a080af68b9e178,72,8ad201e80244f630ab5a46922ab72fb79c5ad4f4
PKHeX.Core/Resources/text/locations/gen7/text_sm_60000_es-419.txt,cea5aefee294bc884e6d8c453f5d26d931cd0f73,68,8ad201e80244f630ab5a46922ab72fb79c5ad4f4
PKHeX.Core/Resources/text/locations/gen7/text_sm_60000_es.txt,cea5aefee294bc884e6d8c453f5d26d931cd0f73,68,8ad201e80244f630ab5a46922ab72fb79c5ad4f4
PKHeX.Core/Resources/text/locations/gen7/text_sm_60000_fr.txt,5b994fdfaefe9b8ffd63585ac7115d2395501067,92,8ad201e80244f630ab5a46922ab72fb79c5ad4f4
PKHeX.Core/Resources/text/locations/gen7/text_sm_60000_it.txt,c9a0e46e353aca5e50c75d7eaa04e3cab1c8ec53,66,8ad201e80244f630ab5a46922ab72fb79c5ad4f4
PKHeX.Core/Resources/text/locations/gen7/text_sm_60000_ja.txt,9e89927dec06b64567a444cc40c25b592ae29eb7,100,8ad201e80244f630ab5a46922ab72fb79c5ad4f4
PKHeX.Core/Resources/text/locations/gen7/text_sm_60000_ko.txt,5fe763eba7512ad8220c6c1109eb4fbd40141af8,66,8ad201e80244f630ab5a46922ab72fb79c5ad4f4
PKHeX.Core/Resources/text/locations/gen7/text_sm_60000_zh-Hans.txt,7e76786093fc94577eb6a91fd7fc38c269033950,49,8ad201e80244f630ab5a46922ab72fb79c5ad4f4
PKHeX.Core/Resources/text/locations/gen7/text_sm_60000_zh-Hant.txt,bc87f55dc80409168a3ea9321fe5c0865a73be35,49,8ad201e80244f630ab5a46922ab72fb79c5ad4f4
PKHeX.Core/Resources/text/locations/gen8/text_swsh_00000_de.txt,b06b46bb77f0e71acc7200d75934abb216fc525c,2513,8ad201e80244f630ab5a46922ab72fb79c5ad4f4
PKHeX.Core/Resources/text/locations/gen8/text_swsh_00000_en.txt,439d75d7b4a7a9e212c5402fae77167cb40c5e6d,2415,8ad201e80244f630ab5a46922ab72fb79c5ad4f4
PKHeX.Core/Resources/text/locations/gen8/text_swsh_00000_es-419.txt,45c5f8dc3f8cc793331240b1086f0bd98fa0639c,2857,8ad201e80244f630ab5a46922ab72fb79c5ad4f4
PKHeX.Core/Resources/text/locations/gen8/text_swsh_00000_es.txt,d21409452176e1c967fadaee8ce66975cf82d2b3,2868,8ad201e80244f630ab5a46922ab72fb79c5ad4f4
PKHeX.Core/Resources/text/locations/gen8/text_swsh_00000_fr.txt,37bb219f812e1b70dd50074519c3922b3cd3770d,2643,8ad201e80244f630ab5a46922ab72fb79c5ad4f4
PKHeX.Core/Resources/text/locations/gen8/text_swsh_00000_it.txt,29c7dd1f882e7cc230806c496263ccd0d619567b,2790,8ad201e80244f630ab5a46922ab72fb79c5ad4f4
PKHeX.Core/Resources/text/locations/gen8/text_swsh_00000_ja.txt,209195afc0993a260cb1cfc49a9c6ea35d56308f,4069,8ad201e80244f630ab5a46922ab72fb79c5ad4f4
PKHeX.Core/Resources/text/locations/gen8/text_swsh_00000_ko.txt,28fff03300b5907177806a8f450b61ad1d1634ad,2815,8ad201e80244f630ab5a46922ab72fb79c5ad4f4
PKHeX.Core/Resources/text/locations/gen8/text_swsh_00000_zh-Hans.txt,cb4cd7a666b9d742604421b3ac6eec93fb7243bf,2257,8ad201e80244f630ab5a46922ab72fb79c5ad4f4
PKHeX.Core/Resources/text/locations/gen8/text_swsh_00000_zh-Hant.txt,8bdd8071b3358f3e2130f2ab040c1691f4d16e94,2257,8ad201e80244f630ab5a46922ab72fb79c5ad4f4
PKHeX.Core/Resources/text/locations/gen8/text_swsh_30000_de.txt,11c8723683bfdbe68881cf963e4558b6c562d854,268,8ad201e80244f630ab5a46922ab72fb79c5ad4f4
PKHeX.Core/Resources/text/locations/gen8/text_swsh_30000_en.txt,e1f479dc43f72d663430d2c2c4931784ba584a37,301,8ad201e80244f630ab5a46922ab72fb79c5ad4f4
PKHeX.Core/Resources/text/locations/gen8/text_swsh_30000_es-419.txt,6bc994cc3aa386cca17b005bd825fdfabc590852,209,8ad201e80244f630ab5a46922ab72fb79c5ad4f4
PKHeX.Core/Resources/text/locations/gen8/text_swsh_30000_es.txt,ed477dfb273bdf1d5d6f800cc813caa604876280,217,8ad201e80244f630ab5a46922ab72fb79c5ad4f4
PKHeX.Core/Resources/text/locations/gen8/text_swsh_30000_fr.txt,aba6a9659f4a88b739739225451ce49498a006af,201,8ad201e80244f630ab5a46922ab72fb79c5ad4f4
PKHeX.Core/Resources/text/locations/gen8/text_swsh_30000_it.txt,37e1d2ae806476d7d949840cacd853f7bfef4b85,177,8ad201e80244f630ab5a46922ab72fb79c5ad4f4
PKHeX.Core/Resources/text/locations/gen8/text_swsh_30000_ja.txt,7c1f6bbf39ead951b62e2412014f464eb30f1a60,415,8ad201e80244f630ab5a46922ab72fb79c5ad4f4
PKHeX.Core/Resources/text/locations/gen8/text_swsh_30000_ko.txt,07dbf306470dad9dff72800436cfafd92ed46c42,279,8ad201e80244f630ab5a46922ab72fb79c5ad4f4
PKHeX.Core/Resources/text/locations/gen8/text_swsh_30000_zh-Hans.txt,93f9cd71da2a8e16494deb9ff0847d962e71b70e,280,8ad201e80244f630ab5a46922ab72fb79c5ad4f4
PKHeX.Core/Resources/text/locations/gen8/text_swsh_30000_zh-Hant.txt,a5f267889dd325359bd64c99857a238b155d63e8,277,8ad201e80244f630ab5a46922ab72fb79c5ad4f4
PKHeX.Core/Resources/text/locations/gen8/text_swsh_40000_de.txt,4b38c7ab7d710c30eef21884bc4131428a5cafca,1452,8ad201e80244f630ab5a46922ab72fb79c5ad4f4
PKHeX.Core/Resources/text/locations/gen8/text_swsh_40000_en.txt,6963343c252ba7c3541f418645017f660fc9ed99,1459,8ad201e80244f630ab5a46922ab72fb79c5ad4f4
PKHeX.Core/Resources/text/locations/gen8/text_swsh_40000_es-419.txt,d76d5612f48507590d4379755f0b361029c137d6,1547,8ad201e80244f630ab5a46922ab72fb79c5ad4f4
PKHeX.Core/Resources/text/locations/gen8/text_swsh_40000_es.txt,0890425f9e60f5175eb71e8dd2c6a129c94d6de1,1529,8ad201e80244f630ab5a46922ab72fb79c5ad4f4
PKHeX.Core/Resources/text/locations/gen8/text_swsh_40000_fr.txt,e6d002c2e44bdf43adf446ddd272aee05d7b0e57,1535,8ad201e80244f630ab5a46922ab72fb79c5ad4f4
PKHeX.Core/Resources/text/locations/gen8/text_swsh_40000_it.txt,8b55a658a2d1d16aa2af60037cf94b4cee5dc691,1410,8ad201e80244f630ab5a46922ab72fb79c5ad4f4
PKHeX.Core/Resources/text/locations/gen8/text_swsh_40000_ja.txt,c64ba2425d094bf496e37669365a75dc5ba82667,2029,8ad201e80244f630ab5a46922ab72fb79c5ad4f4
PKHeX.Core/Resources/text/locations/gen8/text_swsh_40000_ko.txt,9f0defc597a5a01bd942d145959330a9b803bd02,1348,8ad201e80244f630ab5a46922ab72fb79c5ad4f4
PKHeX.Core/Resources/text/locations/gen8/text_swsh_40000_zh-Hans.txt,b828050ea87cd8863132d432ee82c6c62c2d8dc0,1676,8ad201e80244f630ab5a46922ab72fb79c5ad4f4
PKHeX.Core/Resources/text/locations/gen8/text_swsh_40000_zh-Hant.txt,23b2ec9ace5e60f64d46066dbbdfd83379676655,1684,8ad201e80244f630ab5a46922ab72fb79c5ad4f4
PKHeX.Core/Resources/text/locations/gen8/text_swsh_60000_de.txt,6d82d023f0c8aa0dc337947840ed53c72b981ad3,67,8ad201e80244f630ab5a46922ab72fb79c5ad4f4
PKHeX.Core/Resources/text/locations/gen8/text_swsh_60000_en.txt,ebc1954ad9126d7ac4e7c2832591cdb628d0b502,73,8ad201e80244f630ab5a46922ab72fb79c5ad4f4
PKHeX.Core/Resources/text/locations/gen8/text_swsh_60000_es-419.txt,cea5aefee294bc884e6d8c453f5d26d931cd0f73,68,8ad201e80244f630ab5a46922ab72fb79c5ad4f4
PKHeX.Core/Resources/text/locations/gen8/text_swsh_60000_es.txt,cea5aefee294bc884e6d8c453f5d26d931cd0f73,68,8ad201e80244f630ab5a46922ab72fb79c5ad4f4
PKHeX.Core/Resources/text/locations/gen8/text_swsh_60000_fr.txt,5b994fdfaefe9b8ffd63585ac7115d2395501067,92,8ad201e80244f630ab5a46922ab72fb79c5ad4f4
PKHeX.Core/Resources/text/locations/gen8/text_swsh_60000_it.txt,c9a0e46e353aca5e50c75d7eaa04e3cab1c8ec53,66,8ad201e80244f630ab5a46922ab72fb79c5ad4f4
PKHeX.Core/Resources/text/locations/gen8/text_swsh_60000_ja.txt,9e89927dec06b64567a444cc40c25b592ae29eb7,100,8ad201e80244f630ab5a46922ab72fb79c5ad4f4
PKHeX.Core/Resources/text/locations/gen8/text_swsh_60000_ko.txt,5fe763eba7512ad8220c6c1109eb4fbd40141af8,66,8ad201e80244f630ab5a46922ab72fb79c5ad4f4
PKHeX.Core/Resources/text/locations/gen8/text_swsh_60000_zh-Hans.txt,7e76786093fc94577eb6a91fd7fc38c269033950,49,8ad201e80244f630ab5a46922ab72fb79c5ad4f4
PKHeX.Core/Resources/text/locations/gen8/text_swsh_60000_zh-Hant.txt,bc87f55dc80409168a3ea9321fe5c0865a73be35,49,8ad201e80244f630ab5a46922ab72fb79c5ad4f4
PKHeX.Core/Resources/text/locations/gen8a/text_la_00000_de.txt,0874353a90345e574c13f82f29bec6daadedf0fb,2221,8ad201e80244f630ab5a46922ab72fb79c5ad4f4
PKHeX.Core/Resources/text/locations/gen8a/text_la_00000_en.txt,79c3b52eae802049bf3e8f20408f95a013d58579,2182,8ad201e80244f630ab5a46922ab72fb79c5ad4f4
PKHeX.Core/Resources/text/locations/gen8a/text_la_00000_es-419.txt,2f2946cb3fd82e98ae6cd8609499600aa3338da6,2390,8ad201e80244f630ab5a46922ab72fb79c5ad4f4
PKHeX.Core/Resources/text/locations/gen8a/text_la_00000_es.txt,4d6fc9e10255c79386d9adfcbc8e5ad472e5fd1f,2331,8ad201e80244f630ab5a46922ab72fb79c5ad4f4
PKHeX.Core/Resources/text/locations/gen8a/text_la_00000_fr.txt,7e9a0ab64defa5dff531a4d9cd4e0cc7df0ce6f6,2507,8ad201e80244f630ab5a46922ab72fb79c5ad4f4
PKHeX.Core/Resources/text/locations/gen8a/text_la_00000_it.txt,70092ffc43e6667ccbc16760c4b217a7c381a426,2468,8ad201e80244f630ab5a46922ab72fb79c5ad4f4
PKHeX.Core/Resources/text/locations/gen8a/text_la_00000_ja.txt,fa10ac9b13a6e1ff9e261382662fa7d49ddfc197,3316,8ad201e80244f630ab5a46922ab72fb79c5ad4f4
PKHeX.Core/Resources/text/locations/gen8a/text_la_00000_ko.txt,8163ac3b5d42140d9028687c9ba322bbb0dfeb7b,2280,8ad201e80244f630ab5a46922ab72fb79c5ad4f4
PKHeX.Core/Resources/text/locations/gen8a/text_la_00000_zh-Hans.txt,0d7307a405cceac31e01369c5f6131178b66d0d6,1808,8ad201e80244f630ab5a46922ab72fb79c5ad4f4
PKHeX.Core/Resources/text/locations/gen8a/text_la_00000_zh-Hant.txt,c352a3142d9f88a936cb4cc97cc85f60036d1224,1808,8ad201e80244f630ab5a46922ab72fb79c5ad4f4
PKHeX.Core/Resources/text/locations/gen8a/text_la_30000_de.txt,f9b855b2f4e40b7c8fb3b5cdc20fc9caf5fa479e,308,8ad201e80244f630ab5a46922ab72fb79c5ad4f4
PKHeX.Core/Resources/text/locations/gen8a/text_la_30000_en.txt,b01ad43bf5968bb4b2a80f2b6fc355cf4d413d03,353,8ad201e80244f630ab5a46922ab72fb79c5ad4f4
PKHeX.Core/Resources/text/locations/gen8a/text_la_30000_es-419.txt,b9dc2bcab18af65067fc63774a6d5e386c531ef7,228,8ad201e80244f630ab5a46922ab72fb79c5ad4f4
PKHeX.Core/Resources/text/locations/gen8a/text_la_30000_es.txt,7f702538681d2ba957cdb8e47508f727a0253d6b,236,8ad201e80244f630ab5a46922ab72fb79c5ad4f4
PKHeX.Core/Resources/text/locations/gen8a/text_la_30000_fr.txt,9094d84b9580b0f427950cd73ce472f0487faded,220,8ad201e80244f630ab5a46922ab72fb79c5ad4f4
PKHeX.Core/Resources/text/locations/gen8a/text_la_30000_it.txt,fd54348aebcaefb08c69e94726256200129e5bc5,196,8ad201e80244f630ab5a46922ab72fb79c5ad4f4
PKHeX.Core/Resources/text/locations/gen8a/text_la_30000_ja.txt,457ee848643dc6bceddb1ad4d1b7e2a4bd313334,475,8ad201e80244f630ab5a46922ab72fb79c5ad4f4
PKHeX.Core/Resources/text/locations/gen8a/text_la_30000_ko.txt,647214ca342b33b48cd7f7eb23d138c773fe796a,324,8ad201e80244f630ab5a46922ab72fb79c5ad4f4
PKHeX.Core/Resources/text/locations/gen8a/text_la_30000_zh-Hans.txt,355b7ac4b532fdcf3d3dba78a73eb28d23208f53,322,8ad201e80244f630ab5a46922ab72fb79c5ad4f4
PKHeX.Core/Resources/text/locations/gen8a/text_la_30000_zh-Hant.txt,93b7888bac3a6b11a4ef085760accfa1cf64cd27,319,8ad201e80244f630ab5a46922ab72fb79c5ad4f4
PKHeX.Core/Resources/text/locations/gen8a/text_la_40000_de.txt,c6fc4a40558555d5b7620db62da2a78fccc987a0,1250,8ad201e80244f630ab5a46922ab72fb79c5ad4f4
PKHeX.Core/Resources/text/locations/gen8a/text_la_40000_en.txt,edf6378f8a58edba29b7776cc6f1fa660c0d6d06,1257,8ad201e80244f630ab5a46922ab72fb79c5ad4f4
PKHeX.Core/Resources/text/locations/gen8a/text_la_40000_es-419.txt,6ef2b5251e5f6149bf794c688e7d7cbddb3404d2,1345,8ad201e80244f630ab5a46922ab72fb79c5ad4f4
PKHeX.Core/Resources/text/locations/gen8a/text_la_40000_es.txt,6e0cb118da612236520fd07fe43eaaf522735fe0,1327,8ad201e80244f630ab5a46922ab72fb79c5ad4f4
PKHeX.Core/Resources/text/locations/gen8a/text_la_40000_fr.txt,76609309aa846f5592adf1a7fed2aa04dae86fcd,1375,8ad201e80244f630ab5a46922ab72fb79c5ad4f4
PKHeX.Core/Resources/text/locations/gen8a/text_la_40000_it.txt,fba11758f351df3003108188bd2a57213a5201d5,1208,8ad201e80244f630ab5a46922ab72fb79c5ad4f4
PKHeX.Core/Resources/text/locations/gen8a/text_la_40000_ja.txt,5d510c4d19fc4e6793fb08a23991f9ec31ee05d2,1827,8ad201e80244f630ab5a46922ab72fb79c5ad4f4
PKHeX.Core/Resources/text/locations/gen8a/text_la_40000_ko.txt,942988ddad989bea1da5cdedaa684cab91ebc1a9,1146,8ad201e80244f630ab5a46922ab72fb79c5ad4f4
PKHeX.Core/Resources/text/locations/gen8a/text_la_40000_zh-Hans.txt,80f5320646a4d9613432d9bf3ad8686083898157,1474,8ad201e80244f630ab5a46922ab72fb79c5ad4f4
PKHeX.Core/Resources/text/locations/gen8a/text_la_40000_zh-Hant.txt,7137df4f52642ef144c2d775989895807be269e4,1482,8ad201e80244f630ab5a46922ab72fb79c5ad4f4
PKHeX.Core/Resources/text/locations/gen8a/text_la_60000_de.txt,6d82d023f0c8aa0dc337947840ed53c72b981ad3,67,8ad201e80244f630ab5a46922ab72fb79c5ad4f4
PKHeX.Core/Resources/text/locations/gen8a/text_la_60000_en.txt,ebc1954ad9126d7ac4e7c2832591cdb628d0b502,73,8ad201e80244f630ab5a46922ab72fb79c5ad4f4
PKHeX.Core/Resources/text/locations/gen8a/text_la_60000_es-419.txt,cea5aefee294bc884e6d8c453f5d26d931cd0f73,68,8ad201e80244f630ab5a46922ab72fb79c5ad4f4
PKHeX.Core/Resources/text/locations/gen8a/text_la_60000_es.txt,cea5aefee294bc884e6d8c453f5d26d931cd0f73,68,8ad201e80244f630ab5a46922ab72fb79c5ad4f4
PKHeX.Core/Resources/text/locations/gen8a/text_la_60000_fr.txt,5b994fdfaefe9b8ffd63585ac7115d2395501067,92,8ad201e80244f630ab5a46922ab72fb79c5ad4f4
PKHeX.Core/Resources/text/locations/gen8a/text_la_60000_it.txt,c9a0e46e353aca5e50c75d7eaa04e3cab1c8ec53,66,8ad201e80244f630ab5a46922ab72fb79c5ad4f4
PKHeX.Core/Resources/text/locations/gen8a/text_la_60000_ja.txt,9e89927dec06b64567a444cc40c25b592ae29eb7,100,8ad201e80244f630ab5a46922ab72fb79c5ad4f4
PKHeX.Core/Resources/text/locations/gen8a/text_la_60000_ko.txt,38cc06a9b4c7342892d78053fd2c711c537ba5a1,67,8ad201e80244f630ab5a46922ab72fb79c5ad4f4
PKHeX.Core/Resources/text/locations/gen8a/text_la_60000_zh-Hans.txt,7e76786093fc94577eb6a91fd7fc38c269033950,49,8ad201e80244f630ab5a46922ab72fb79c5ad4f4
PKHeX.Core/Resources/text/locations/gen8a/text_la_60000_zh-Hant.txt,bc87f55dc80409168a3ea9321fe5c0865a73be35,49,8ad201e80244f630ab5a46922ab72fb79c5ad4f4
PKHeX.Core/Resources/text/locations/gen8b/text_bdsp_00000_de.txt,c3594f9c728c72b74e08e010a9f61a6b7a4005dc,10675,8ad201e80244f630ab5a46922ab72fb79c5ad4f4
PKHeX.Core/Resources/text/locations/gen8b/text_bdsp_00000_en.txt,72a2e5a1a87682e7a1f86f612b17ba083040bc8f,11372,8ad201e80244f630ab5a46922ab72fb79c5ad4f4
PKHeX.Core/Resources/text/locations/gen8b/text_bdsp_00000_es-419.txt,6b20362ea67075d8ed14e8a330cff32474a8e31e,12246,8ad201e80244f630ab5a46922ab72fb79c5ad4f4
PKHeX.Core/Resources/text/locations/gen8b/text_bdsp_00000_es.txt,6b20362ea67075d8ed14e8a330cff32474a8e31e,12246,8ad201e80244f630ab5a46922ab72fb79c5ad4f4
PKHeX.Core/Resources/text/locations/gen8b/text_bdsp_00000_fr.txt,655039efb1f9f9d96c17e173982d1e2008ebef47,12227,8ad201e80244f630ab5a46922ab72fb79c5ad4f4
PKHeX.Core/Resources/text/locations/gen8b/text_bdsp_00000_it.txt,3bcad3ccb8df524b2ddfc6fd646186cbc47b1c13,12328,8ad201e80244f630ab5a46922ab72fb79c5ad4f4
PKHeX.Core/Resources/text/locations/gen8b/text_bdsp_00000_ja.txt,a7486056b9881738f9e319d2b17be0607766fc10,18118,8ad201e80244f630ab5a46922ab72fb79c5ad4f4
PKHeX.Core/Resources/text/locations/gen8b/text_bdsp_00000_ko.txt,c9e1d62b39154ea9a4979560a21346e1bfd3233b,11917,8ad201e80244f630ab5a46922ab72fb79c5ad4f4
PKHeX.Core/Resources/text/locations/gen8b/text_bdsp_00000_zh-Hans.txt,3b6e4c0e668a46ebc04913d3b142ce7c4288244b,10702,8ad201e80244f630ab5a46922ab72fb79c5ad4f4
PKHeX.Core/Resources/text/locations/gen8b/text_bdsp_00000_zh-Hant.txt,bc756fb03b8c4406bae5b6f29c282da7598f96f6,10702,8ad201e80244f630ab5a46922ab72fb79c5ad4f4
PKHeX.Core/Resources/text/locations/gen8b/text_bdsp_30000_de.txt,e503ddbbe5bb6f588886272db5e0706614ef4cf3,297,8ad201e80244f630ab5a46922ab72fb79c5ad4f4
PKHeX.Core/Resources/text/locations/gen8b/text_bdsp_30000_en.txt,38bc5247584acad89eb407b496e999080bff4f97,338,8ad201e80244f630ab5a46922ab72fb79c5ad4f4
PKHeX.Core/Resources/text/locations/gen8b/text_bdsp_30000_es-419.txt,b6caf97d161bf2b069ac32db81e3bec968ca76ce,232,8ad201e80244f630ab5a46922ab72fb79c5ad4f4
PKHeX.Core/Resources/text/locations/gen8b/text_bdsp_30000_es.txt,b6caf97d161bf2b069ac32db81e3bec968ca76ce,232,8ad201e80244f630ab5a46922ab72fb79c5ad4f4
PKHeX.Core/Resources/text/locations/gen8b/text_bdsp_30000_fr.txt,ad3e02a2d9303fa81d594a337c7c32199777061e,216,8ad201e80244f630ab5a46922ab72fb79c5ad4f4
PKHeX.Core/Resources/text/locations/gen8b/text_bdsp_30000_it.txt,b32df5c99a9107e89f047e831b2edd4d6e16d94c,192,8ad201e80244f630ab5a46922ab72fb79c5ad4f4
PKHeX.Core/Resources/text/locations/gen8b/text_bdsp_30000_ja.txt,0e36b02d1f62dc3b8dcbef5efc0109ba305244ae,458,8ad201e80244f630ab5a46922ab72fb79c5ad4f4
PKHeX.Core/Resources/text/locations/gen8b/text_bdsp_30000_ko.txt,5ee7d2448cb8e92179648bc653360da4df4c5294,310,8ad201e80244f630ab5a46922ab72fb79c5ad4f4
PKHeX.Core/Resources/text/locations/gen8b/text_bdsp_30000_zh-Hans.txt,54ff682ee7439de87eb3e1a2fb91ff50f08a3e4a,311,8ad201e80244f630ab5a46922ab72fb79c5ad4f4
PKHeX.Core/Resources/text/locations/gen8b/text_bdsp_30000_zh-Hant.txt,d0a3b62f3bb69152d8a29274a000b4396c695246,308,8ad201e80244f630ab5a46922ab72fb79c5ad4f4
PKHeX.Core/Resources/text/locations/gen8b/text_bdsp_40000_de.txt,005bf779bd7a2be873e7929daa6256dc43aeb58f,1204,8ad201e80244f630ab5a46922ab72fb79c5ad4f4
PKHeX.Core/Resources/text/locations/gen8b/text_bdsp_40000_en.txt,f924bce88ec890aa9f2d1d1ba28e9cc26e73a3cf,1211,8ad201e80244f630ab5a46922ab72fb79c5ad4f4
PKHeX.Core/Resources/text/locations/gen8b/text_bdsp_40000_es-419.txt,76924a9fa1405fb3877b8845927b483dabce4765,1281,8ad201e80244f630ab5a46922ab72fb79c5ad4f4
PKHeX.Core/Resources/text/locations/gen8b/text_bdsp_40000_es.txt,76924a9fa1405fb3877b8845927b483dabce4765,1281,8ad201e80244f630ab5a46922ab72fb79c5ad4f4
PKHeX.Core/Resources/text/locations/gen8b/text_bdsp_40000_fr.txt,d337a33cb4ea9538b51c38390b372babe92c7706,1328,8ad201e80244f630ab5a46922ab72fb79c5ad4f4
PKHeX.Core/Resources/text/locations/gen8b/text_bdsp_40000_it.txt,931b461ac14ade7f5c8a0dfc5bb746996f38c20f,1162,8ad201e80244f630ab5a46922ab72fb79c5ad4f4
PKHeX.Core/Resources/text/locations/gen8b/text_bdsp_40000_ja.txt,e01db0443ec546af67d0158b5be98ea439eafa83,1781,8ad201e80244f630ab5a46922ab72fb79c5ad4f4
PKHeX.Core/Resources/text/locations/gen8b/text_bdsp_40000_ko.txt,2439599b50d8dbe9579c13c6bf66f0a934f03a1c,1100,8ad201e80244f630ab5a46922ab72fb79c5ad4f4
PKHeX.Core/Resources/text/locations/gen8b/text_bdsp_40000_zh-Hans.txt,80a89feb9844ab2715676e70796e248828b9eacb,1428,8ad201e80244f630ab5a46922ab72fb79c5ad4f4
PKHeX.Core/Resources/text/locations/gen8b/text_bdsp_40000_zh-Hant.txt,1a4050e8c8ad1a4096917f02906eaac7a9a200be,1436,8ad201e80244f630ab5a46922ab72fb79c5ad4f4
PKHeX.Core/Resources/text/locations/gen8b/text_bdsp_60000_de.txt,6f62cb6c8bffcdcbfff7bacf416113165cb8848c,112,8ad201e80244f630ab5a46922ab72fb79c5ad4f4
PKHeX.Core/Resources/text/locations/gen8b/text_bdsp_60000_en.txt,5202de1e5ab5d4a2f72b352a3cd7999d8ec1374b,126,8ad201e80244f630ab5a46922ab72fb79c5ad4f4
PKHeX.Core/Resources/text/locations/gen8b/text_bdsp_60000_es-419.txt,319e1110d71b11f0fd03efc597cb562770b3c3f2,122,8ad201e80244f630ab5a46922ab72fb79c5ad4f4
PKHeX.Core/Resources/text/locations/gen8b/text_bdsp_60000_es.txt,319e1110d71b11f0fd03efc597cb562770b3c3f2,122,8ad201e80244f630ab5a46922ab72fb79c5ad4f4
PKHeX.Core/Resources/text/locations/gen8b/text_bdsp_60000_fr.txt,3f28b1a7eb997d023a2063027282f59fc9dc5ef5,129,8ad201e80244f630ab5a46922ab72fb79c5ad4f4
PKHeX.Core/Resources/text/locations/gen8b/text_bdsp_60000_it.txt,214279867dc43f593f551846206f7cdf03b52fb7,123,8ad201e80244f630ab5a46922ab72fb79c5ad4f4
PKHeX.Core/Resources/text/locations/gen8b/text_bdsp_60000_ja.txt,75473d24a7cca1bd24b673473c85d099251b7008,182,8ad201e80244f630ab5a46922ab72fb79c5ad4f4
PKHeX.Core/Resources/text/locations/gen8b/text_bdsp_60000_ko.txt,d95b154bde0de5e0e7a7695876b83c09a90c1762,133,8ad201e80244f630ab5a46922ab72fb79c5ad4f4
PKHeX.Core/Resources/text/locations/gen8b/text_bdsp_60000_zh-Hans.txt,9afe12116081be4681e3d290cd4296d351467657,110,8ad201e80244f630ab5a46922ab72fb79c5ad4f4
PKHeX.Core/Resources/text/locations/gen8b/text_bdsp_60000_zh-Hant.txt,c9ea5f0123b45cb6527a7dc0aac039c42e458b9d,110,8ad201e80244f630ab5a46922ab72fb79c5ad4f4
PKHeX.Core/Resources/text/locations/gen9/text_sv_00000_de.txt,a54034681687279fe77d83310b31fd54f0c6757f,1922,8ad201e80244f630ab5a46922ab72fb79c5ad4f4
PKHeX.Core/Resources/text/locations/gen9/text_sv_00000_en.txt,cf1ced511a09b4a903fe14d73601b0f9702c27a1,2055,8ad201e80244f630ab5a46922ab72fb79c5ad4f4
PKHeX.Core/Resources/text/locations/gen9/text_sv_00000_es-419.txt,a6c4b619f00bd1ea60b20ef6aac78a80010dc09f,2032,8ad201e80244f630ab5a46922ab72fb79c5ad4f4
PKHeX.Core/Resources/text/locations/gen9/text_sv_00000_es.txt,bac83414d8c51e9d27c83c93a04320d483e10f2c,2033,8ad201e80244f630ab5a46922ab72fb79c5ad4f4
PKHeX.Core/Resources/text/locations/gen9/text_sv_00000_fr.txt,3d0709b10ee77c87a51fa65e415add293b383b9b,2016,8ad201e80244f630ab5a46922ab72fb79c5ad4f4
PKHeX.Core/Resources/text/locations/gen9/text_sv_00000_it.txt,291f3c458c0b0deb86151cb5e472a3ced87e92ca,1931,8ad201e80244f630ab5a46922ab72fb79c5ad4f4
PKHeX.Core/Resources/text/locations/gen9/text_sv_00000_ja.txt,a6998874c0110985494e54fe92b8b115c1691412,2433,8ad201e80244f630ab5a46922ab72fb79c5ad4f4
PKHeX.Core/Resources/text/locations/gen9/text_sv_00000_ko.txt,1d7b0198533dbd2a04451ef0d49ee8dd8a9e81bc,2157,8ad201e80244f630ab5a46922ab72fb79c5ad4f4
PKHeX.Core/Resources/text/locations/gen9/text_sv_00000_zh-Hans.txt,80fc1d78ee92506bda007c5e51e9a5dd08375e1e,1614,8ad201e80244f630ab5a46922ab72fb79c5ad4f4
PKHeX.Core/Resources/text/locations/gen9/text_sv_00000_zh-Hant.txt,0e88256dbd52d9f86e5cc6aad0593113d3093c6a,1614,8ad201e80244f630ab5a46922ab72fb79c5ad4f4
PKHeX.Core/Resources/text/locations/gen9/text_sv_30000_de.txt,00e7f342da383c843edcf9b767a4313569abb40e,332,8ad201e80244f630ab5a46922ab72fb79c5ad4f4
PKHeX.Core/Resources/text/locations/gen9/text_sv_30000_en.txt,9b1eb847850897908d6a344968bff0f475b21c1e,379,8ad201e80244f630ab5a46922ab72fb79c5ad4f4
PKHeX.Core/Resources/text/locations/gen9/text_sv_30000_es-419.txt,6f924d3757f38799da9d0b77e74a2219beddd641,253,8ad201e80244f630ab5a46922ab72fb79c5ad4f4
PKHeX.Core/Resources/text/locations/gen9/text_sv_30000_es.txt,89ae68635a67846f4ade1c377778d5de818f531f,261,8ad201e80244f630ab5a46922ab72fb79c5ad4f4
PKHeX.Core/Resources/text/locations/gen9/text_sv_30000_fr.txt,55c29344cdcc0d09df0d3410db92d151edd98ba1,250,8ad201e80244f630ab5a46922ab72fb79c5ad4f4
PKHeX.Core/Resources/text/locations/gen9/text_sv_30000_it.txt,4dfebe6dd46a5a4b22287ae3b6b9a79ba613e46f,327,8ad201e80244f630ab5a46922ab72fb79c5ad4f4
PKHeX.Core/Resources/text/locations/gen9/text_sv_30000_ja.txt,eee11d0574a2ba28ee6465fead52ce9c0d59c5b6,435,8ad201e80244f630ab5a46922ab72fb79c5ad4f4
PKHeX.Core/Resources/text/locations/gen9/text_sv_30000_ko.txt,24a3be55428393e1828153e0a0f3ff5e6d7a2c6e,347,8ad201e80244f630ab5a46922ab72fb79c5ad4f4
PKHeX.Core/Resources/text/locations/gen9/text_sv_30000_zh-Hans.txt,0646e44b6001917f7aec48f30949693cbd28457b,342,8ad201e80244f630ab5a46922ab72fb79c5ad4f4
PKHeX.Core/Resources/text/locations/gen9/text_sv_30000_zh-Hant.txt,ec73d6f1e47b3a4e31d8e856f59bdfdc95782cf6,342,8ad201e80244f630ab5a46922ab72fb79c5ad4f4
PKHeX.Core/Resources/text/locations/gen9/text_sv_40000_de.txt,dcda52bbaf1b3a0d1197a87bf3b6891736a22a43,1262,8ad201e80244f630ab5a46922ab72fb79c5ad4f4
PKHeX.Core/Resources/text/locations/gen9/text_sv_40000_en.txt,f1efefcbf51abc793d427d6a39d61331dba28082,1269,8ad201e80244f630ab5a46922ab72fb79c5ad4f4
PKHeX.Core/Resources/text/locations/gen9/text_sv_40000_es-419.txt,8badcc3c8164976260f20eef78ac8ed5c96dfefc,1357,8ad201e80244f630ab5a46922ab72fb79c5ad4f4
PKHeX.Core/Resources/text/locations/gen9/text_sv_40000_es.txt,8badcc3c8164976260f20eef78ac8ed5c96dfefc,1357,8ad201e80244f630ab5a46922ab72fb79c5ad4f4
PKHeX.Core/Resources/text/locations/gen9/text_sv_40000_fr.txt,04188b0f9dea5ae7e50c7fa53f1eb05a8eadaaa3,1386,8ad201e80244f630ab5a46922ab72fb79c5ad4f4
PKHeX.Core/Resources/text/locations/gen9/text_sv_40000_it.txt,4e8b27a18f3700bb1c15d5f4d77d61a8fe3af0f8,1385,8ad201e80244f630ab5a46922ab72fb79c5ad4f4
PKHeX.Core/Resources/text/locations/gen9/text_sv_40000_ja.txt,7736f5d8ee47dbbc4345fbbc3fdad92a28c1e5d6,1779,8ad201e80244f630ab5a46922ab72fb79c5ad4f4
PKHeX.Core/Resources/text/locations/gen9/text_sv_40000_ko.txt,7d4a713aa84feca284203309bf28660f5ba54520,1158,8ad201e80244f630ab5a46922ab72fb79c5ad4f4
PKHeX.Core/Resources/text/locations/gen9/text_sv_40000_zh-Hans.txt,2b4da155a2e82164382e9abe080ef02e4deecdc2,1486,8ad201e80244f630ab5a46922ab72fb79c5ad4f4
PKHeX.Core/Resources/text/locations/gen9/text_sv_40000_zh-Hant.txt,0d3776e2988521b75bceff1109c8a34ccd24d76b,1486,8ad201e80244f630ab5a46922ab72fb79c5ad4f4
PKHeX.Core/Resources/text/locations/gen9/text_sv_60000_de.txt,0e60878878fd39f3cbaf9cb9598f051393150cb0,71,8ad201e80244f630ab5a46922ab72fb79c5ad4f4
PKHeX.Core/Resources/text/locations/gen9/text_sv_60000_en.txt,1baa36b8b3db59ca4e306ecf5e1cd7d59af60b28,84,8ad201e80244f630ab5a46922ab72fb79c5ad4f4
PKHeX.Core/Resources/text/locations/gen9/text_sv_60000_es-419.txt,41f2351f3803eab8c3049bdfb643f7ab3bc658fb,74,8ad201e80244f630ab5a46922ab72fb79c5ad4f4
PKHeX.Core/Resources/text/locations/gen9/text_sv_60000_es.txt,41f2351f3803eab8c3049bdfb643f7ab3bc658fb,74,8ad201e80244f630ab5a46922ab72fb79c5ad4f4
PKHeX.Core/Resources/text/locations/gen9/text_sv_60000_fr.txt,456b1ab64938b44c630e1516b8fa10b9838a3492,97,8ad201e80244f630ab5a46922ab72fb79c5ad4f4
PKHeX.Core/Resources/text/locations/gen9/text_sv_60000_it.txt,411e7c53c3fc575be5862f9b0f14d2ecb3f464bf,107,8ad201e80244f630ab5a46922ab72fb79c5ad4f4
PKHeX.Core/Resources/text/locations/gen9/text_sv_60000_ja.txt,8941aea63f342f63a0ae4a041ee766c61d42fc4d,104,8ad201e80244f630ab5a46922ab72fb79c5ad4f4
PKHeX.Core/Resources/text/locations/gen9/text_sv_60000_ko.txt,4c28dbad0afec5949aaf5c7f81aaa9a058cd07de,77,8ad201e80244f630ab5a46922ab72fb79c5ad4f4
PKHeX.Core/Resources/text/locations/gen9/text_sv_60000_zh-Hans.txt,f9480bd25fd277b1506ee4fd5078933ff6908884,59,8ad201e80244f630ab5a46922ab72fb79c5ad4f4
PKHeX.Core/Resources/text/locations/gen9/text_sv_60000_zh-Hant.txt,d819a2f1e50224047f641317bb597d9fc519303f,59,8ad201e80244f630ab5a46922ab72fb79c5ad4f4
PKHeX.Core/Resources/text/locations/gen9a/text_za_00000_de.txt,da7b2800bdbbb98312b52c82334e7ccfc2ec40dd,3743,8ad201e80244f630ab5a46922ab72fb79c5ad4f4
PKHeX.Core/Resources/text/locations/gen9a/text_za_00000_en.txt,412fddbcb8fb3e222d2c11e52e203011ba5e9192,3829,8ad201e80244f630ab5a46922ab72fb79c5ad4f4
PKHeX.Core/Resources/text/locations/gen9a/text_za_00000_es-419.txt,ff801046a4e2a5fba268ef0eb122105b149a969b,4648,8ad201e80244f630ab5a46922ab72fb79c5ad4f4
PKHeX.Core/Resources/text/locations/gen9a/text_za_00000_es.txt,612c8bc45918d0814cbd370b3402c58b39fc5807,4546,8ad201e80244f630ab5a46922ab72fb79c5ad4f4
PKHeX.Core/Resources/text/locations/gen9a/text_za_00000_fr.txt,d749c54e157ab17f8497b2136b582a9bc8cbc505,4957,8ad201e80244f630ab5a46922ab72fb79c5ad4f4
PKHeX.Core/Resources/text/locations/gen9a/text_za_00000_it.txt,99ea97527e07a423aa2358ff7cd8e41359b1aeae,5198,8ad201e80244f630ab5a46922ab72fb79c5ad4f4
PKHeX.Core/Resources/text/locations/gen9a/text_za_00000_ja.txt,6a4c7f536ba0bc757f64417c9541c00b56643f8d,5982,8ad201e80244f630ab5a46922ab72fb79c5ad4f4
PKHeX.Core/Resources/text/locations/gen9a/text_za_00000_ko.txt,62ccb6f3e7f0fd06191ab9e08eec21e06fabd8d6,4496,8ad201e80244f630ab5a46922ab72fb79c5ad4f4
PKHeX.Core/Resources/text/locations/gen9a/text_za_00000_zh-Hans.txt,c66d3a72ae7507b81558ce5c88803ecfcdb6262b,4241,8ad201e80244f630ab5a46922ab72fb79c5ad4f4
PKHeX.Core/Resources/text/locations/gen9a/text_za_00000_zh-Hant.txt,f3dc37ad6d8b9343361ec06bcc7df71136473923,4250,8ad201e80244f630ab5a46922ab72fb79c5ad4f4
PKHeX.Core/Resources/text/locations/gen9a/text_za_30000_de.txt,89ebb7afbc440190e1983f68d0505d333f9f8866,505,8ad201e80244f630ab5a46922ab72fb79c5ad4f4
PKHeX.Core/Resources/text/locations/gen9a/text_za_30000_en.txt,e9d8a3766311d7dd1410d320c708afee56fff607,569,8ad201e80244f630ab5a46922ab72fb79c5ad4f4
PKHeX.Core/Resources/text/locations/gen9a/text_za_30000_es-419.txt,c06f76a7510cac4c068322e537d496c310a24cca,452,8ad201e80244f630ab5a46922ab72fb79c5ad4f4
PKHeX.Core/Resources/text/locations/gen9a/text_za_30000_es.txt,88f07834c3e681690d499631dd2e7c7e66c65d52,466,8ad201e80244f630ab5a46922ab72fb79c5ad4f4
PKHeX.Core/Resources/text/locations/gen9a/text_za_30000_fr.txt,a3b69e828cd7f55f4156b485b225ab0ef3cc42ed,461,8ad201e80244f630ab5a46922ab72fb79c5ad4f4
PKHeX.Core/Resources/text/locations/gen9a/text_za_30000_it.txt,c92541c9f79db7f93edc499a6d528de041b63a5c,428,8ad201e80244f630ab5a46922ab72fb79c5ad4f4
PKHeX.Core/Resources/text/locations/gen9a/text_za_30000_ja.txt,c9ff9a77b827300ab908c59ec0c779e77cd07040,678,8ad201e80244f630ab5a46922ab72fb79c5ad4f4
PKHeX.Core/Resources/text/locations/gen9a/text_za_30000_ko.txt,94ec31779286fc8df680db6e759f0652e45a4cf2,549,8ad201e80244f630ab5a46922ab72fb79c5ad4f4
PKHeX.Core/Resources/text/locations/gen9a/text_za_30000_zh-Hans.txt,3c1b2d92d362a9b6a817129f3b59e8208f4c3e26,533,8ad201e80244f630ab5a46922ab72fb79c5ad4f4
PKHeX.Core/Resources/text/locations/gen9a/text_za_30000_zh-Hant.txt,1d47eef647eeba533c4145a7eb1e5cf1848aea17,533,8ad201e80244f630ab5a46922ab72fb79c5ad4f4
PKHeX.Core/Resources/text/locations/gen9a/text_za_40000_de.txt,3a5cd9921bb6c27d43c32762df2beddbf001bcd2,1066,8ad201e80244f630ab5a46922ab72fb79c5ad4f4
PKHeX.Core/Resources/text/locations/gen9a/text_za_40000_en.txt,519738d0a6dfd946ec288f65694cb21e714caa81,1078,8ad201e80244f630ab5a46922ab72fb79c5ad4f4
PKHeX.Core/Resources/text/locations/gen9a/text_za_40000_es-419.txt,a2e1194ca7edd23edfa66bd6046d9e8a6868baa6,1722,8ad201e80244f630ab5a46922ab72fb79c5ad4f4
PKHeX.Core/Resources/text/locations/gen9a/text_za_40000_es.txt,281a23f480dab5829fb58fd09a9887d9b567ed41,1152,8ad201e80244f630ab5a46922ab72fb79c5ad4f4
PKHeX.Core/Resources/text/locations/gen9a/text_za_40000_fr.txt,1c357dec4bfbaceb470d32bac801b8bec2383d02,1175,8ad201e80244f630ab5a46922ab72fb79c5ad4f4
PKHeX.Core/Resources/text/locations/gen9a/text_za_40000_it.txt,380663bf66b6c3e4fd87f05adb34737d0738d0a5,1004,8ad201e80244f630ab5a46922ab72fb79c5ad4f4
PKHeX.Core/Resources/text/locations/gen9a/text_za_40000_ja.txt,6b1c1b2f2e643adc76aa18bb52b0e26ffb6f65e1,1518,8ad201e80244f630ab5a46922ab72fb79c5ad4f4
PKHeX.Core/Resources/text/locations/gen9a/text_za_40000_ko.txt,2ab673f0317122be0c1ad5c2ce7b6f3fa375d27d,979,8ad201e80244f630ab5a46922ab72fb79c5ad4f4
PKHeX.Core/Resources/text/locations/gen9a/text_za_40000_zh-Hans.txt,ac3cced47d81d5843fde25ccd475f44b8841aad0,1249,8ad201e80244f630ab5a46922ab72fb79c5ad4f4
PKHeX.Core/Resources/text/locations/gen9a/text_za_40000_zh-Hant.txt,099d16bc19b445d67de52ec4f441175463517c1e,1249,8ad201e80244f630ab5a46922ab72fb79c5ad4f4
PKHeX.Core/Resources/text/locations/gen9a/text_za_60000_de.txt,a66b2c9da58dcd3236099b12c4382d1bf312c62f,81,8ad201e80244f630ab5a46922ab72fb79c5ad4f4
PKHeX.Core/Resources/text/locations/gen9a/text_za_60000_en.txt,a15b5dd282666924c6d31e0203867dc83b328a64,92,8ad201e80244f630ab5a46922ab72fb79c5ad4f4
PKHeX.Core/Resources/text/locations/gen9a/text_za_60000_es-419.txt,bd5610b155eb0f6b45e30e3541191c572862a8f7,85,8ad201e80244f630ab5a46922ab72fb79c5ad4f4
PKHeX.Core/Resources/text/locations/gen9a/text_za_60000_es.txt,bd5610b155eb0f6b45e30e3541191c572862a8f7,85,8ad201e80244f630ab5a46922ab72fb79c5ad4f4
PKHeX.Core/Resources/text/locations/gen9a/text_za_60000_fr.txt,9c44b9f64069db52de7ec20488e78769d14f9c8f,100,8ad201e80244f630ab5a46922ab72fb79c5ad4f4
PKHeX.Core/Resources/text/locations/gen9a/text_za_60000_it.txt,486456cb65eb4109f327604b3ffd35be47827a2e,77,8ad201e80244f630ab5a46922ab72fb79c5ad4f4
PKHeX.Core/Resources/text/locations/gen9a/text_za_60000_ja.txt,73e48b6a6b1dae113ab12b7914292c413504d203,113,8ad201e80244f630ab5a46922ab72fb79c5ad4f4
PKHeX.Core/Resources/text/locations/gen9a/text_za_60000_ko.txt,2aedee3e9f8fa9d33e4c0d415569c304eb443d81,80,8ad201e80244f630ab5a46922ab72fb79c5ad4f4
PKHeX.Core/Resources/text/locations/gen9a/text_za_60000_zh-Hans.txt,d155c41a4c0ac2810bb319a67bc1cf50d50fa8b4,62,8ad201e80244f630ab5a46922ab72fb79c5ad4f4
PKHeX.Core/Resources/text/locations/gen9a/text_za_60000_zh-Hant.txt,c47f66a439dccc86d4a368a61208f26083fdd198,62,8ad201e80244f630ab5a46922ab72fb79c5ad4f4
PKHeX.Core/Resources/text/memories/feeling6/text_Feeling6_de.txt,cecf6cdf7d701397a6453884b1873a083fbfdde0,631,8ad201e80244f630ab5a46922ab72fb79c5ad4f4
PKHeX.Core/Resources/text/memories/feeling6/text_Feeling6_en.txt,28df2e51ce9cd92ed6c6abeb6586ba6d7301aeda,452,8ad201e80244f630ab5a46922ab72fb79c5ad4f4
PKHeX.Core/Resources/text/memories/feeling6/text_Feeling6_es-419.txt,3dc038c151eed01ce6a30078ca1f6c37385ecef6,653,8ad201e80244f630ab5a46922ab72fb79c5ad4f4
PKHeX.Core/Resources/text/memories/feeling6/text_Feeling6_es.txt,3dc038c151eed01ce6a30078ca1f6c37385ecef6,653,8ad201e80244f630ab5a46922ab72fb79c5ad4f4
PKHeX.Core/Resources/text/memories/feeling6/text_Feeling6_fr.txt,40f4c73df5619a7b2ab892ca0f72fb0122816e2f,625,8ad201e80244f630ab5a46922ab72fb79c5ad4f4
PKHeX.Core/Resources/text/memories/feeling6/text_Feeling6_it.txt,e62e93fbb4c1707df86a27cb1a3782db15b163eb,576,8ad201e80244f630ab5a46922ab72fb79c5ad4f4
PKHeX.Core/Resources/text/memories/feeling6/text_Feeling6_ja.txt,31379c409facba70bad2c31c01de37f73c13bb65,656,8ad201e80244f630ab5a46922ab72fb79c5ad4f4
PKHeX.Core/Resources/text/memories/feeling6/text_Feeling6_ko.txt,31f1e916e5b5355918de9323459d6387f10df48d,558,8ad201e80244f630ab5a46922ab72fb79c5ad4f4
PKHeX.Core/Resources/text/memories/feeling6/text_Feeling6_zh-Hans.txt,a031a0ffeab7a207a4db0e096962b92aa09cad47,608,8ad201e80244f630ab5a46922ab72fb79c5ad4f4
PKHeX.Core/Resources/text/memories/feeling6/text_Feeling6_zh-Hant.txt,45955cc9c02ff42bc959871856a123331f1b0500,608,8ad201e80244f630ab5a46922ab72fb79c5ad4f4
PKHeX.Core/Resources/text/memories/text_Feeling_de.txt,ef89156572fcc711616b678c8720a39da40cc944,626,8ad201e80244f630ab5a46922ab72fb79c5ad4f4
PKHeX.Core/Resources/text/memories/text_Feeling_en.txt,7e734535d12497f344693f732312ad1dad5705b5,448,8ad201e80244f630ab5a46922ab72fb79c5ad4f4
PKHeX.Core/Resources/text/memories/text_Feeling_es-419.txt,4d722080e29e2556281afebbcd63dc1cfbae3e6c,618,8ad201e80244f630ab5a46922ab72fb79c5ad4f4
PKHeX.Core/Resources/text/memories/text_Feeling_es.txt,4d722080e29e2556281afebbcd63dc1cfbae3e6c,618,8ad201e80244f630ab5a46922ab72fb79c5ad4f4
PKHeX.Core/Resources/text/memories/text_Feeling_fr.txt,93fc7f395d7fa1511593df4a113c2a817f101b35,621,8ad201e80244f630ab5a46922ab72fb79c5ad4f4
PKHeX.Core/Resources/text/memories/text_Feeling_it.txt,af47ecd027c186fc266be9d9787aa1b8977be27a,587,8ad201e80244f630ab5a46922ab72fb79c5ad4f4
PKHeX.Core/Resources/text/memories/text_Feeling_ja.txt,4a411c80efdf1887078315e8db08b6fc1746d1cb,651,8ad201e80244f630ab5a46922ab72fb79c5ad4f4
PKHeX.Core/Resources/text/memories/text_Feeling_ko.txt,c4f1f385ad308aaa6db0fde63a7bbe933c19e8a1,532,8ad201e80244f630ab5a46922ab72fb79c5ad4f4
PKHeX.Core/Resources/text/memories/text_Feeling_zh-Hans.txt,12a1a4acadea848d811375524facb6e138f2601c,606,8ad201e80244f630ab5a46922ab72fb79c5ad4f4
PKHeX.Core/Resources/text/memories/text_Feeling_zh-Hant.txt,5f49b1d01624bb47a5a8c960e5dddbaf625f039f,606,8ad201e80244f630ab5a46922ab72fb79c5ad4f4
PKHeX.Core/Resources/text/memories/text_GenLoc_de.txt,4074e64ee58464b366954796c43981ea7b91d81c,1818,8ad201e80244f630ab5a46922ab72fb79c5ad4f4
PKHeX.Core/Resources/text/memories/text_GenLoc_en.txt,5c6c59ccf6be55633e07cfd9511b5a6e8417fcd7,1410,8ad201e80244f630ab5a46922ab72fb79c5ad4f4
PKHeX.Core/Resources/text/memories/text_GenLoc_es-419.txt,3e1b2be471dbc04b246f9e7ec63a4f8e5a47eb8f,1438,8ad201e80244f630ab5a46922ab72fb79c5ad4f4
PKHeX.Core/Resources/text/memories/text_GenLoc_es.txt,3e1b2be471dbc04b246f9e7ec63a4f8e5a47eb8f,1438,8ad201e80244f630ab5a46922ab72fb79c5ad4f4
PKHeX.Core/Resources/text/memories/text_GenLoc_fr.txt,bc2e314ae784f903abb0032ff4de4a5a03ee1952,1829,8ad201e80244f630ab5a46922ab72fb79c5ad4f4
PKHeX.Core/Resources/text/memories/text_GenLoc_it.txt,6059e486b54aae8bd2e45be6e67592ed104a825b,1733,8ad201e80244f630ab5a46922ab72fb79c5ad4f4
PKHeX.Core/Resources/text/memories/text_GenLoc_ja.txt,107b0abb64b074a2bd051fa9e10657c126df84ff,1645,8ad201e80244f630ab5a46922ab72fb79c5ad4f4
PKHeX.Core/Resources/text/memories/text_GenLoc_ko.txt,e0af97cf2dbd8748f11fbbbd16a5a9674e905f0f,1195,8ad201e80244f630ab5a46922ab72fb79c5ad4f4
PKHeX.Core/Resources/text/memories/text_GenLoc_zh-Hans.txt,7082286bbe71d2a1c157ad4d1a92d0eb96ef8f92,1057,8ad201e80244f630ab5a46922ab72fb79c5ad4f4
PKHeX.Core/Resources/text/memories/text_GenLoc_zh-Hant.txt,186330b03f1ee503303d1861188a484e009e1af4,1057,8ad201e80244f630ab5a46922ab72fb79c5ad4f4
PKHeX.Core/Resources/text/memories/text_Intensity_de.txt,00fd65f93b29729eb6bf9031592fb81626e494c7,214,8ad201e80244f630ab5a46922ab72fb79c5ad4f4
PKHeX.Core/Resources/text/memories/text_Intensity_en.txt,51f53ce8fb2d4581d06c7d757ebaf839baaea385,187,8ad201e80244f630ab5a46922ab72fb79c5ad4f4
PKHeX.Core/Resources/text/memories/text_Intensity_es-419.txt,c8d331791c34affd5567819b7e68849f24336c96,241,8ad201e80244f630ab5a46922ab72fb79c5ad4f4
PKHeX.Core/Resources/text/memories/text_Intensity_es.txt,c8d331791c34affd5567819b7e68849f24336c96,241,8ad201e80244f630ab5a46922ab72fb79c5ad4f4
PKHeX.Core/Resources/text/memories/text_Intensity_fr.txt,fb65e42246b0d7bd42dcd0bf9b2372deeab98c91,182,8ad201e80244f630ab5a46922ab72fb79c5ad4f4
PKHeX.Core/Resources/text/memories/text_Intensity_it.txt,7e9f4d8f1111b22114702453a6f4612de5c4c43e,207,8ad201e80244f630ab5a46922ab72fb79c5ad4f4
PKHeX.Core/Resources/text/memories/text_Intensity_ja.txt,420a4024d74c199a7da5bb692928866f611985f6,256,8ad201e80244f630ab5a46922ab72fb79c5ad4f4
PKHeX.Core/Resources/text/memories/text_Intensity_ko.txt,3a496d8aa169dfa7e795b4936db0c5301b01e2a5,189,8ad201e80244f630ab5a46922ab72fb79c5ad4f4
PKHeX.Core/Resources/text/memories/text_Intensity_zh-Hans.txt,6cdff18c565f055783ad8609343fbf7fd25a5178,184,8ad201e80244f630ab5a46922ab72fb79c5ad4f4
PKHeX.Core/Resources/text/memories/text_Intensity_zh-Hant.txt,7bc043d2681216ca9e1973c79ab9dc33f0698445,178,8ad201e80244f630ab5a46922ab72fb79c5ad4f4
PKHeX.Core/Resources/text/memories/text_Memories_de.txt,32f607647bbe393609b27fdb5bac5d9350ffd27e,7388,8ad201e80244f630ab5a46922ab72fb79c5ad4f4
PKHeX.Core/Resources/text/memories/text_Memories_en.txt,64fcc91cd7adce76d4d38c73a6933db8ec9dfbde,6461,8ad201e80244f630ab5a46922ab72fb79c5ad4f4
PKHeX.Core/Resources/text/memories/text_Memories_es-419.txt,5d6b584ac215f88da5254c2c0f173e7b49a01b31,7339,8ad201e80244f630ab5a46922ab72fb79c5ad4f4
PKHeX.Core/Resources/text/memories/text_Memories_es.txt,5d6b584ac215f88da5254c2c0f173e7b49a01b31,7339,8ad201e80244f630ab5a46922ab72fb79c5ad4f4
PKHeX.Core/Resources/text/memories/text_Memories_fr.txt,5bf8dd45d726ff3ca5c887d876cafc295ce5fa75,6793,8ad201e80244f630ab5a46922ab72fb79c5ad4f4
PKHeX.Core/Resources/text/memories/text_Memories_it.txt,435e216dd5b698d999500a98bf9b3c01a6a0f750,7436,8ad201e80244f630ab5a46922ab72fb79c5ad4f4
PKHeX.Core/Resources/text/memories/text_Memories_ja.txt,c19d575c5ab12c8c8db0cb686e75ec5b40b2cc41,9645,8ad201e80244f630ab5a46922ab72fb79c5ad4f4
PKHeX.Core/Resources/text/memories/text_Memories_ko.txt,70c379c8e2b97edda21ea23ceb26873665220444,6656,8ad201e80244f630ab5a46922ab72fb79c5ad4f4
PKHeX.Core/Resources/text/memories/text_Memories_zh-Hans.txt,cfb4a68e572bde19f28aecfee4d05a9cfbe8e136,6050,8ad201e80244f630ab5a46922ab72fb79c5ad4f4
PKHeX.Core/Resources/text/memories/text_Memories_zh-Hant.txt,f2b5316cb248fdabb8d1d347dceec59f4cc9d2dd,6062,8ad201e80244f630ab5a46922ab72fb79c5ad4f4
PKHeX.Core/Resources/text/other/de/text_Abilities_de.txt,a3ca0aa86c1391f8255831d10773d29fb0d2cb6b,3665,8ad201e80244f630ab5a46922ab72fb79c5ad4f4
PKHeX.Core/Resources/text/other/de/text_Character_de.txt,ec10879e34e1210218607cdabf4d481c88597d1d,651,8ad201e80244f630ab5a46922ab72fb79c5ad4f4
PKHeX.Core/Resources/text/other/de/text_Forms_de.txt,9658eaa0cb4cd5cb54ec3bc0db42b95c1f3d7d3b,3309,8ad201e80244f630ab5a46922ab72fb79c5ad4f4
PKHeX.Core/Resources/text/other/de/text_Games_de.txt,a422d8a657dd7582f51cda4ca30d53712610c1de,449,8ad201e80244f630ab5a46922ab72fb79c5ad4f4
PKHeX.Core/Resources/text/other/de/text_GroundTile_de.txt,be510a7744b5717fa11b72347b61f740504b8d9c,121,8ad201e80244f630ab5a46922ab72fb79c5ad4f4
PKHeX.Core/Resources/text/other/de/text_Language_de.txt,f52ad7fd7443e352ead3c8df83a5e5a45c515d83,167,8ad201e80244f630ab5a46922ab72fb79c5ad4f4
PKHeX.Core/Resources/text/other/de/text_Moves_de.txt,dcd3c85024ef6db1b436b61a52986df9fe686f64,11175,8ad201e80244f630ab5a46922ab72fb79c5ad4f4
PKHeX.Core/Resources/text/other/de/text_Natures_de.txt,790bbbea3d45d0f0473919d520b3b83b6cfce925,155,8ad201e80244f630ab5a46922ab72fb79c5ad4f4
PKHeX.Core/Resources/text/other/de/text_Pokeblock_de.txt,4e2e548b725878419ec3237d4d218c9aebc6d3b9,1730,8ad201e80244f630ab5a46922ab72fb79c5ad4f4
PKHeX.Core/Resources/text/other/de/text_Puff_de.txt,6a538b4bc48953695e4bfc2c87dcd344e42c69f5,532,8ad201e80244f630ab5a46922ab72fb79c5ad4f4
PKHeX.Core/Resources/text/other/de/text_Ribbons_de.txt,7bdfbf87aa99d39cbf301dc53ba521e3f52e8d02,5272,8ad201e80244f630ab5a46922ab72fb79c5ad4f4
PKHeX.Core/Resources/text/other/de/text_Species_de.txt,42c57c0a1a3c85e168b5a18d1fee097a6c17e81c,8897,8ad201e80244f630ab5a46922ab72fb79c5ad4f4
PKHeX.Core/Resources/text/other/de/text_SuperTraining_de.txt,1672c2be7e0fae6fcc897c4f5b94fbccdecd5f52,1289,8ad201e80244f630ab5a46922ab72fb79c5ad4f4
PKHeX.Core/Resources/text/other/de/text_TrainingBag_de.txt,d64a4665b7f2516447788cfa9f6cdd8f6f2fe43a,354,8ad201e80244f630ab5a46922ab72fb79c5ad4f4
PKHeX.Core/Resources/text/other/de/text_Types_de.txt,4d1d8e85f902cc9023e0651916e03fda4a63188d,122,8ad201e80244f630ab5a46922ab72fb79c5ad4f4
PKHeX.Core/Resources/text/other/de/text_Wallpaper_de.txt,1d9c4f7bd94e47929cffaf16847a754226ee38c8,362,8ad201e80244f630ab5a46922ab72fb79c5ad4f4
PKHeX.Core/Resources/text/other/en/text_Abilities_en.txt,67c446f3ad7498757b8372ae296156286d679abc,3450,8ad201e80244f630ab5a46922ab72fb79c5ad4f4
PKHeX.Core/Resources/text/other/en/text_Character_en.txt,dbc5a34def4bdaeb6ecd431acdcb286bdf9a6d47,719,8ad201e80244f630ab5a46922ab72fb79c5ad4f4
PKHeX.Core/Resources/text/other/en/text_Forms_en.txt,6bcf213108ee164a732012ef23c255f8ff0e60ee,3136,8ad201e80244f630ab5a46922ab72fb79c5ad4f4
PKHeX.Core/Resources/text/other/en/text_Games_en.txt,3053b34f0ce0b179a9ae6c9b2fa8dd3f5181df47,414,8ad201e80244f630ab5a46922ab72fb79c5ad4f4
PKHeX.Core/Resources/text/other/en/text_GroundTile_en.txt,58e76b3134a2f177e892cd0f14d0d64df70482e4,114,8ad201e80244f630ab5a46922ab72fb79c5ad4f4
PKHeX.Core/Resources/text/other/en/text_Language_en.txt,d648751934d3282e0141c9656b067bba206cc457,164,8ad201e80244f630ab5a46922ab72fb79c5ad4f4
PKHeX.Core/Resources/text/other/en/text_Moves_en.txt,17422ea5baa2cc2f600d5c7a18edaba132cf11e5,10599,8ad201e80244f630ab5a46922ab72fb79c5ad4f4
PKHeX.Core/Resources/text/other/en/text_Natures_en.txt,94a4f4b196dbc4325521931fc964f098f6fc9083,161,8ad201e80244f630ab5a46922ab72fb79c5ad4f4
PKHeX.Core/Resources/text/other/en/text_Pokeblock_en.txt,5de05b875ce379cf448bb5f25b8f53a85379204d,1522,8ad201e80244f630ab5a46922ab72fb79c5ad4f4
PKHeX.Core/Resources/text/other/en/text_Puff_en.txt,7371757442c9bc5d6f16f9424297d140d1f94c68,598,8ad201e80244f630ab5a46922ab72fb79c5ad4f4
PKHeX.Core/Resources/text/other/en/text_Ribbons_en.txt,4abaa44102bc53f80d781cfc049ff7c034beeb34,4857,8ad201e80244f630ab5a46922ab72fb79c5ad4f4
PKHeX.Core/Resources/text/other/en/text_Species_en.txt,5813bf8ce718554d868b6b103a9520f808795ddb,8903,8ad201e80244f630ab5a46922ab72fb79c5ad4f4
PKHeX.Core/Resources/text/other/en/text_SuperTraining_en.txt,70248dd25a40e896e2d869ad86e8d58c82c4b07b,1221,8ad201e80244f630ab5a46922ab72fb79c5ad4f4
PKHeX.Core/Resources/text/other/en/text_TrainingBag_en.txt,4b291eb93e790f1bd64d6fb764c9e6bca7840f6d,335,8ad201e80244f630ab5a46922ab72fb79c5ad4f4
PKHeX.Core/Resources/text/other/en/text_Types_en.txt,10327719505e27f3cd5cfd345ea83bb3764f6de7,121,8ad201e80244f630ab5a46922ab72fb79c5ad4f4
PKHeX.Core/Resources/text/other/en/text_Wallpaper_en.txt,69132267486d7d058222e8bdd1b76736fb1c8ea0,276,8ad201e80244f630ab5a46922ab72fb79c5ad4f4
PKHeX.Core/Resources/text/other/es-419/text_Abilities_es-419.txt,bd0490e841dd1c572dfcd8985491df2b36017e1c,3783,8ad201e80244f630ab5a46922ab72fb79c5ad4f4
PKHeX.Core/Resources/text/other/es-419/text_Character_es-419.txt,7dd5d34e166782bbadc206f8b43fa03897b12478,733,8ad201e80244f630ab5a46922ab72fb79c5ad4f4
PKHeX.Core/Resources/text/other/es-419/text_Forms_es-419.txt,7bc8f3567b8f1d9f37dbdcd880b7576e3b7b2e97,3327,8ad201e80244f630ab5a46922ab72fb79c5ad4f4
PKHeX.Core/Resources/text/other/es-419/text_Games_es-419.txt,123ea066625b861fb5f8508003b33c3d760c471e,440,8ad201e80244f630ab5a46922ab72fb79c5ad4f4
PKHeX.Core/Resources/text/other/es-419/text_GroundTile_es-419.txt,49d92374a1d697c40f679e1e858d67dab4bba200,134,8ad201e80244f630ab5a46922ab72fb79c5ad4f4
PKHeX.Core/Resources/text/other/es-419/text_Language_es-419.txt,d648751934d3282e0141c9656b067bba206cc457,164,8ad201e80244f630ab5a46922ab72fb79c5ad4f4
PKHeX.Core/Resources/text/other/es-419/text_Moves_es-419.txt,c95968a4343d69e001e6d048cac0f596f5008d0c,11943,8ad201e80244f630ab5a46922ab72fb79c5ad4f4
PKHeX.Core/Resources/text/other/es-419/text_Natures_es-419.txt,a870c19111b0e78eedb4c680a683402ba6ab9d8c,193,8ad201e80244f630ab5a46922ab72fb79c5ad4f4
PKHeX.Core/Resources/text/other/es-419/text_Pokeblock_es-419.txt,f5b98750749741f98f3be5f3616cd375e8ea2121,1668,8ad201e80244f630ab5a46922ab72fb79c5ad4f4
PKHeX.Core/Resources/text/other/es-419/text_Puff_es-419.txt,49211ca561c519cd22cc3d4a813d3deaeb5fe002,573,8ad201e80244f630ab5a46922ab72fb79c5ad4f4
PKHeX.Core/Resources/text/other/es-419/text_Ribbons_es-419.txt,f460cfb1f7f96484896086cf0c331957cddc7cf6,5346,8ad201e80244f630ab5a46922ab72fb79c5ad4f4
PKHeX.Core/Resources/text/other/es-419/text_Species_es-419.txt,54d06f4baa2bee66e7be4d04849896a6eb52e830,8883,8ad201e80244f630ab5a46922ab72fb79c5ad4f4
PKHeX.Core/Resources/text/other/es-419/text_SuperTraining_es-419.txt,77d96d9959b1b7c7c9f1944a9ee7c86e01be5292,1321,8ad201e80244f630ab5a46922ab72fb79c5ad4f4
PKHeX.Core/Resources/text/other/es-419/text_TrainingBag_es-419.txt,6408b426b561337b6261d3cd2615417db1bb8242,384,8ad201e80244f630ab5a46922ab72fb79c5ad4f4
PKHeX.Core/Resources/text/other/es-419/text_Types_es-419.txt,bd6f76df7cb62af83c5afa8bb14d203b0fe1952e,137,8ad201e80244f630ab5a46922ab72fb79c5ad4f4
PKHeX.Core/Resources/text/other/es-419/text_Wallpaper_es-419.txt,a4a70686d837e472b33fa87c2e77b7b8702f00ce,305,8ad201e80244f630ab5a46922ab72fb79c5ad4f4
PKHeX.Core/Resources/text/other/es/text_Abilities_es.txt,44a63809a546a1bc8ae2ee717cf777f981ba61dd,3715,8ad201e80244f630ab5a46922ab72fb79c5ad4f4
PKHeX.Core/Resources/text/other/es/text_Character_es.txt,f0d27534c4acc2c45825cdceabe9d5eb8b8b413f,721,8ad201e80244f630ab5a46922ab72fb79c5ad4f4
PKHeX.Core/Resources/text/other/es/text_Forms_es.txt,733e6c774893aa66ef54896363c6876d58a19788,3320,8ad201e80244f630ab5a46922ab72fb79c5ad4f4
PKHeX.Core/Resources/text/other/es/text_Games_es.txt,123ea066625b861fb5f8508003b33c3d760c471e,440,8ad201e80244f630ab5a46922ab72fb79c5ad4f4
PKHeX.Core/Resources/text/other/es/text_GroundTile_es.txt,49d92374a1d697c40f679e1e858d67dab4bba200,134,8ad201e80244f630ab5a46922ab72fb79c5ad4f4
PKHeX.Core/Resources/text/other/es/text_Language_es.txt,f52ad7fd7443e352ead3c8df83a5e5a45c515d83,167,8ad201e80244f630ab5a46922ab72fb79c5ad4f4
PKHeX.Core/Resources/text/other/es/text_Moves_es.txt,8c63b2917e2297c3df7aa3647d8341998e8bb681,11504,8ad201e80244f630ab5a46922ab72fb79c5ad4f4
PKHeX.Core/Resources/text/other/es/text_Natures_es.txt,94cf69252098f5b420919693eca62ffe32ff62ca,176,8ad201e80244f630ab5a46922ab72fb79c5ad4f4
PKHeX.Core/Resources/text/other/es/text_Pokeblock_es.txt,f5b98750749741f98f3be5f3616cd375e8ea2121,1668,8ad201e80244f630ab5a46922ab72fb79c5ad4f4
PKHeX.Core/Resources/text/other/es/text_Puff_es.txt,49211ca561c519cd22cc3d4a813d3deaeb5fe002,573,8ad201e80244f630ab5a46922ab72fb79c5ad4f4
PKHeX.Core/Resources/text/other/es/text_Ribbons_es.txt,cae922d182c529a44d5e2c3e347203d5887068bf,5334,8ad201e80244f630ab5a46922ab72fb79c5ad4f4
PKHeX.Core/Resources/text/other/es/text_Species_es.txt,54d06f4baa2bee66e7be4d04849896a6eb52e830,8883,8ad201e80244f630ab5a46922ab72fb79c5ad4f4
PKHeX.Core/Resources/text/other/es/text_SuperTraining_es.txt,77d96d9959b1b7c7c9f1944a9ee7c86e01be5292,1321,8ad201e80244f630ab5a46922ab72fb79c5ad4f4
PKHeX.Core/Resources/text/other/es/text_TrainingBag_es.txt,6408b426b561337b6261d3cd2615417db1bb8242,384,8ad201e80244f630ab5a46922ab72fb79c5ad4f4
PKHeX.Core/Resources/text/other/es/text_Types_es.txt,0b9cb021ff5cf470583d8675a4aa4c3fa4dbce18,135,8ad201e80244f630ab5a46922ab72fb79c5ad4f4
PKHeX.Core/Resources/text/other/es/text_Wallpaper_es.txt,a4a70686d837e472b33fa87c2e77b7b8702f00ce,305,8ad201e80244f630ab5a46922ab72fb79c5ad4f4
PKHeX.Core/Resources/text/other/fr/text_Abilities_fr.txt,353d63adf3d3e5f7f79046599f0e922de0efbf99,3760,8ad201e80244f630ab5a46922ab72fb79c5ad4f4
PKHeX.Core/Resources/text/other/fr/text_Character_fr.txt,0632d6b607cbdc397cc4a2f649711476fa66c485,722,8ad201e80244f630ab5a46922ab72fb79c5ad4f4
PKHeX.Core/Resources/text/other/fr/text_Forms_fr.txt,b606c7b3bf5b00cdbab909f660ffee1cbe6e8005,3361,8ad201e80244f630ab5a46922ab72fb79c5ad4f4
PKHeX.Core/Resources/text/other/fr/text_Games_fr.txt,0a0deacd618582602b72e70d9838665c9074c9c5,454,8ad201e80244f630ab5a46922ab72fb79c5ad4f4
PKHeX.Core/Resources/text/other/fr/text_GroundTile_fr.txt,76d8731098cdf9a12abac4b26d24b4a18f96c9bb,133,8ad201e80244f630ab5a46922ab72fb79c5ad4f4
PKHeX.Core/Resources/text/other/fr/text_Language_fr.txt,f52ad7fd7443e352ead3c8df83a5e5a45c515d83,167,8ad201e80244f630ab5a46922ab72fb79c5ad4f4
PKHeX.Core/Resources/text/other/fr/text_Moves_fr.txt,6a54f2c27f029300d565f532d5c47e7fc45762a1,11495,8ad201e80244f630ab5a46922ab72fb79c5ad4f4
PKHeX.Core/Resources/text/other/fr/text_Natures_fr.txt,d08a857a078fbf03f47c75c22231fe0b7f1a67bb,175,8ad201e80244f630ab5a46922ab72fb79c5ad4f4
PKHeX.Core/Resources/text/other/fr/text_Pokeblock_fr.txt,3ce37b19ffd7c2edfb2cc5afe2bd490b9cf9481e,1658,8ad201e80244f630ab5a46922ab72fb79c5ad4f4
PKHeX.Core/Resources/text/other/fr/text_Puff_fr.txt,bdcde2f0891ef733bf0e6ea96ceb649a295d5cb8,627,8ad201e80244f630ab5a46922ab72fb79c5ad4f4
PKHeX.Core/Resources/text/other/fr/text_Ribbons_fr.txt,3c5595ea3a5ba39b509c48810f1dffe83204526d,5355,8ad201e80244f630ab5a46922ab72fb79c5ad4f4
PKHeX.Core/Resources/text/other/fr/text_Species_fr.txt,1b4548215ac6809307c4a719a2e08e11338386b1,9678,8ad201e80244f630ab5a46922ab72fb79c5ad4f4
PKHeX.Core/Resources/text/other/fr/text_SuperTraining_fr.txt,89c2994c97632ab8b8eecf56e19e6c30a7ae85eb,1140,8ad201e80244f630ab5a46922ab72fb79c5ad4f4
PKHeX.Core/Resources/text/other/fr/text_TrainingBag_fr.txt,3293f5793c0a3069d5211446cec9d07b61e8f3bc,370,8ad201e80244f630ab5a46922ab72fb79c5ad4f4
PKHeX.Core/Resources/text/other/fr/text_Types_fr.txt,d2aeb8b8fbc88ca511540ae2a1f790095d89b31e,124,8ad201e80244f630ab5a46922ab72fb79c5ad4f4
PKHeX.Core/Resources/text/other/fr/text_Wallpaper_fr.txt,1f0fd968b6760a5721924c6a5017065b9e459d53,295,8ad201e80244f630ab5a46922ab72fb79c5ad4f4
PKHeX.Core/Resources/text/other/it/text_Abilities_it.txt,8fa25147419500b881bfd0e47f3ac7438374fe45,3619,8ad201e80244f630ab5a46922ab72fb79c5ad4f4
PKHeX.Core/Resources/text/other/it/text_Character_it.txt,3d46f5029bb703f815153e76017dca625f631179,639,8ad201e80244f630ab5a46922ab72fb79c5ad4f4
PKHeX.Core/Resources/text/other/it/text_Forms_it.txt,604d85e05b1b829264d0f60f3a95abadfe3c7ee4,3414,8ad201e80244f630ab5a46922ab72fb79c5ad4f4
PKHeX.Core/Resources/text/other/it/text_Games_it.txt,ce1fd0707e75c3f4b33df68fc5b4f143f914b38a,446,8ad201e80244f630ab5a46922ab72fb79c5ad4f4
PKHeX.Core/Resources/text/other/it/text_GroundTile_it.txt,45c861915e4f17d4145d4a97856c2d8735e5e5c3,133,8ad201e80244f630ab5a46922ab72fb79c5ad4f4
PKHeX.Core/Resources/text/other/it/text_Language_it.txt,f52ad7fd7443e352ead3c8df83a5e5a45c515d83,167,8ad201e80244f630ab5a46922ab72fb79c5ad4f4
PKHeX.Core/Resources/text/other/it/text_Moves_it.txt,7a473cb21823d870b47e9166b377948e988433cf,11119,8ad201e80244f630ab5a46922ab72fb79c5ad4f4
PKHeX.Core/Resources/text/other/it/text_Natures_it.txt,a7660559450928460996e61e598c3f665ab03e72,176,8ad201e80244f630ab5a46922ab72fb79c5ad4f4
PKHeX.Core/Resources/text/other/it/text_Pokeblock_it.txt,b80b5c44f6c2f91426e44638d07ee326386b0e5e,1571,8ad201e80244f630ab5a46922ab72fb79c5ad4f4
PKHeX.Core/Resources/text/other/it/text_Puff_it.txt,8d7d703e7bb5a0912e7e43ffa8e5ec59f1d8c40b,601,8ad201e80244f630ab5a46922ab72fb79c5ad4f4
PKHeX.Core/Resources/text/other/it/text_Ribbons_it.txt,a5ffb6dbb4007ee064cc2e21d625846fbb7093aa,5524,8ad201e80244f630ab5a46922ab72fb79c5ad4f4
PKHeX.Core/Resources/text/other/it/text_Species_it.txt,817e5436b917a8308016673ec9ede7965ab6fdfb,8898,8ad201e80244f630ab5a46922ab72fb79c5ad4f4
PKHeX.Core/Resources/text/other/it/text_SuperTraining_it.txt,05e561ad4a7253331520ae10e8b33c8d76754064,1236,8ad201e80244f630ab5a46922ab72fb79c5ad4f4
PKHeX.Core/Resources/text/other/it/text_TrainingBag_it.txt,5adb8ef3f1d9ab18d032fe11711b38013eee2c2b,413,8ad201e80244f630ab5a46922ab72fb79c5ad4f4
PKHeX.Core/Resources/text/other/it/text_Types_it.txt,309fdc8340682d2d5e8c7071da5d4bdcffd133fb,136,8ad201e80244f630ab5a46922ab72fb79c5ad4f4
PKHeX.Core/Resources/text/other/it/text_Wallpaper_it.txt,6f21a660bce624c5fb3c22d4c2987b6482efbb56,310,8ad201e80244f630ab5a46922ab72fb79c5ad4f4
PKHeX.Core/Resources/text/other/ja/text_Abilities_ja.txt,745f6bb4088d72cee4316fc7ac6e92cf3fb2c8c1,5611,8ad201e80244f630ab5a46922ab72fb79c5ad4f4
PKHeX.Core/Resources/text/other/ja/text_Character_ja.txt,212f7629b6a1e88f74d8e5c222244fbf2edb5714,800,8ad201e80244f630ab5a46922ab72fb79c5ad4f4
PKHeX.Core/Resources/text/other/ja/text_Forms_ja.txt,91b182274eaa1275fa540c0c37f0d8b3f9392a44,7768,8ad201e80244f630ab5a46922ab72fb79c5ad4f4
PKHeX.Core/Resources/text/other/ja/text_Games_ja.txt,42ff0421301d6167d3c12bc2c51ce91577e45a95,692,8ad201e80244f630ab5a46922ab72fb79c5ad4f4
PKHeX.Core/Resources/text/other/ja/text_GroundTile_ja.txt,a07493cb56da20c47d6a6c3009fa8f996bac9707,130,8ad201e80244f630ab5a46922ab72fb79c5ad4f4
PKHeX.Core/Resources/text/other/ja/text_Language_ja.txt,f52ad7fd7443e352ead3c8df83a5e5a45c515d83,167,8ad201e80244f630ab5a46922ab72fb79c5ad4f4
PKHeX.Core/Resources/text/other/ja/text_Moves_ja.txt,bbfa15bc7fb0c887c4ca6e5afd3ce02b698873ff,18371,8ad201e80244f630ab5a46922ab72fb79c5ad4f4
PKHeX.Core/Resources/text/other/ja/text_Natures_ja.txt,85f6ddbd150685f06c8b006ff0dd3ce0b0e85509,333,8ad201e80244f630ab5a46922ab72fb79c5ad4f4
PKHeX.Core/Resources/text/other/ja/text_Pokeblock_ja.txt,bee9f1a7a8fb4f00c26d825625d893895e49c1e0,2135,8ad201e80244f630ab5a46922ab72fb79c5ad4f4
PKHeX.Core/Resources/text/other/ja/text_Puff_ja.txt,abc7e21102576e37c05d6953618c58a6f8f553c5,761,8ad201e80244f630ab5a46922ab72fb79c5ad4f4
PKHeX.Core/Resources/text/other/ja/text_Ribbons_ja.txt,92a22cf936d6e97e3d4038e6ab9766a0feffa7c6,7882,8ad201e80244f630ab5a46922ab72fb79c5ad4f4
PKHeX.Core/Resources/text/other/ja/text_Species_ja.txt,755bb631c5ee7a9b0403413a20b35b6e8db06323,15398,8ad201e80244f630ab5a46922ab72fb79c5ad4f4
PKHeX.Core/Resources/text/other/ja/text_SuperTraining_ja.txt,db0aa55d395c29e469782a66a67cffc68135ab29,1718,8ad201e80244f630ab5a46922ab72fb79c5ad4f4
PKHeX.Core/Resources/text/other/ja/text_TrainingBag_ja.txt,2b41b1570e3bbeb7fe12d850a4ed8f8a99ec9551,561,8ad201e80244f630ab5a46922ab72fb79c5ad4f4
PKHeX.Core/Resources/text/other/ja/text_Types_ja.txt,402674d130aa44f192fa38ae6e7cffb2618eee4f,192,8ad201e80244f630ab5a46922ab72fb79c5ad4f4
PKHeX.Core/Resources/text/other/ja/text_Wallpaper_ja.txt,93f117da6166eb08fb274c2aa35fe52818521b05,502,8ad201e80244f630ab5a46922ab72fb79c5ad4f4
PKHeX.Core/Resources/text/other/ko/text_Abilities_ko.txt,ffd39a4f5b3e9ec78bbc51677b2ec7c75b7056f5,3832,8ad201e80244f630ab5a46922ab72fb79c5ad4f4
PKHeX.Core/Resources/text/other/ko/text_Character_ko.txt,7a3582a57f56dbb34d941e9686a626c5721b1cfc,687,8ad201e80244f630ab5a46922ab72fb79c5ad4f4
PKHeX.Core/Resources/text/other/ko/text_Forms_ko.txt,5305e7e380892ab84ef5ce29afa8e1ac92e681b3,5730,8ad201e80244f630ab5a46922ab72fb79c5ad4f4
PKHeX.Core/Resources/text/other/ko/text_Games_ko.txt,c27c66514cf5afb649291c2041bbce54dee8c39f,541,8ad201e80244f630ab5a46922ab72fb79c5ad4f4
PKHeX.Core/Resources/text/other/ko/text_GroundTile_ko.txt,f3369875e7fe3b9da371034361e9910403d93c90,120,8ad201e80244f630ab5a46922ab72fb79c5ad4f4
PKHeX.Core/Resources/text/other/ko/text_Language_ko.txt,f52ad7fd7443e352ead3c8df83a5e5a45c515d83,167,8ad201e80244f630ab5a46922ab72fb79c5ad4f4
PKHeX.Core/Resources/text/other/ko/text_Moves_ko.txt,64d393b78d6fb6018b02cb89a94353305a6bb24f,12987,8ad201e80244f630ab5a46922ab72fb79c5ad4f4
PKHeX.Core/Resources/text/other/ko/text_Natures_ko.txt,e8f18f4308c422fefc9bdb2b877ba4207d8b7531,210,8ad201e80244f630ab5a46922ab72fb79c5ad4f4
PKHeX.Core/Resources/text/other/ko/text_Pokeblock_ko.txt,a56c74ebb6c954f6c8e1ed9eef7f0b20483a2f83,1970,8ad201e80244f630ab5a46922ab72fb79c5ad4f4
PKHeX.Core/Resources/text/other/ko/text_Puff_ko.txt,f0cae4cde38396fe74e6f1df1fc4c3ecf5c850a6,647,8ad201e80244f630ab5a46922ab72fb79c5ad4f4
PKHeX.Core/Resources/text/other/ko/text_Ribbons_ko.txt,185246a0af7f7b5eefa780b4c80df2ddd7539d9d,6123,8ad201e80244f630ab5a46922ab72fb79c5ad4f4
PKHeX.Core/Resources/text/other/ko/text_Species_ko.txt,d28d38cf1fd9dc605c39b01849153ec6edc0b6f5,11459,8ad201e80244f630ab5a46922ab72fb79c5ad4f4
PKHeX.Core/Resources/text/other/ko/text_SuperTraining_ko.txt,eece96ef55b12724c8543d4ce6a00c46b8573aa5,1145,8ad201e80244f630ab5a46922ab72fb79c5ad4f4
PKHeX.Core/Resources/text/other/ko/text_TrainingBag_ko.txt,18b36014547d73e6740489738c7ba9eb58265f83,333,8ad201e80244f630ab5a46922ab72fb79c5ad4f4
PKHeX.Core/Resources/text/other/ko/text_Types_ko.txt,5f631f74f091d0f858ed787361f666ceda464df1,132,8ad201e80244f630ab5a46922ab72fb79c5ad4f4
PKHeX.Core/Resources/text/other/ko/text_Wallpaper_ko.txt,8a536da3bf5ce449e8c46837d0ec0fee7cbb0115,300,8ad201e80244f630ab5a46922ab72fb79c5ad4f4
PKHeX.Core/Resources/text/other/zh-Hans/text_Abilities_zh-Hans.txt,3f625e5b1c6278ae0630f14fcf82f2034b73f9bd,3199,8ad201e80244f630ab5a46922ab72fb79c5ad4f4
PKHeX.Core/Resources/text/other/zh-Hans/text_Character_zh-Hans.txt,16c0f030acc93056fe0375d6035f603f795d2732,572,8ad201e80244f630ab5a46922ab72fb79c5ad4f4
PKHeX.Core/Resources/text/other/zh-Hans/text_Forms_zh-Hans.txt,f5918cd37cfb895af71d6030a2d0978b57d22dad,5779,8ad201e80244f630ab5a46922ab72fb79c5ad4f4
PKHeX.Core/Resources/text/other/zh-Hans/text_Games_zh-Hans.txt,4302950b6f0d6cc08564905854608901b1d562af,421,8ad201e80244f630ab5a46922ab72fb79c5ad4f4
PKHeX.Core/Resources/text/other/zh-Hans/text_GroundTile_zh-Hans.txt,a6461d34b2dfd157e0319e883d4d67850b5b4136,149,8ad201e80244f630ab5a46922ab72fb79c5ad4f4
PKHeX.Core/Resources/text/other/zh-Hans/text_Language_zh-Hans.txt,f52ad7fd7443e352ead3c8df83a5e5a45c515d83,167,8ad201e80244f630ab5a46922ab72fb79c5ad4f4
PKHeX.Core/Resources/text/other/zh-Hans/text_Moves_zh-Hans.txt,dcde3c68403b42bebdba8be0135ec189b2731b57,10217,8ad201e80244f630ab5a46922ab72fb79c5ad4f4
PKHeX.Core/Resources/text/other/zh-Hans/text_Natures_zh-Hans.txt,10008f160ae3e4c2449b606f61f0f18f8289d6f9,180,8ad201e80244f630ab5a46922ab72fb79c5ad4f4
PKHeX.Core/Resources/text/other/zh-Hans/text_Pokeblock_zh-Hans.txt,8f783413bdfbe6eb8ac06a0827364f860b6a30c7,1538,8ad201e80244f630ab5a46922ab72fb79c5ad4f4
PKHeX.Core/Resources/text/other/zh-Hans/text_Puff_zh-Hans.txt,0dc4a9af0d1fbb64eb31dc832410526e727e00b5,572,8ad201e80244f630ab5a46922ab72fb79c5ad4f4
PKHeX.Core/Resources/text/other/zh-Hans/text_Ribbons_zh-Hans.txt,755758aa4f30d042ed738ba5ae6e7453b778f436,5777,8ad201e80244f630ab5a46922ab72fb79c5ad4f4
PKHeX.Core/Resources/text/other/zh-Hans/text_Species_zh-Hans.txt,f415f09d2a50a5904081ddb869772d1024ac3f94,11162,8ad201e80244f630ab5a46922ab72fb79c5ad4f4
PKHeX.Core/Resources/text/other/zh-Hans/text_SuperTraining_zh-Hans.txt,7bbea9f67490041d9356729e52f5b35635219fb0,1011,8ad201e80244f630ab5a46922ab72fb79c5ad4f4
PKHeX.Core/Resources/text/other/zh-Hans/text_TrainingBag_zh-Hans.txt,df7d67207d0bccc98362df2171aae0a23fe27b66,357,8ad201e80244f630ab5a46922ab72fb79c5ad4f4
PKHeX.Core/Resources/text/other/zh-Hans/text_Types_zh-Hans.txt,a429b2fdd0a8459444316af25ee8e652c09f4688,105,8ad201e80244f630ab5a46922ab72fb79c5ad4f4
PKHeX.Core/Resources/text/other/zh-Hans/text_Wallpaper_zh-Hans.txt,758539b694e00d2f2e75b460526354beba81920c,307,8ad201e80244f630ab5a46922ab72fb79c5ad4f4
PKHeX.Core/Resources/text/other/zh-Hant/text_Abilities_zh-Hant.txt,4de6b5d00723021a868fd3a0393ce0b67b7ad9b4,3199,8ad201e80244f630ab5a46922ab72fb79c5ad4f4
PKHeX.Core/Resources/text/other/zh-Hant/text_Character_zh-Hant.txt,db8ff40b144a0bdbdf0b30aaefb38bcdfac66ff7,572,8ad201e80244f630ab5a46922ab72fb79c5ad4f4
PKHeX.Core/Resources/text/other/zh-Hant/text_Forms_zh-Hant.txt,37122fda1e0e46a85e8beb3d52abc038b91e3f58,5879,8ad201e80244f630ab5a46922ab72fb79c5ad4f4
PKHeX.Core/Resources/text/other/zh-Hant/text_Games_zh-Hant.txt,69d61e36bf32826725bcdb08bb137f0a2471e95c,423,8ad201e80244f630ab5a46922ab72fb79c5ad4f4
PKHeX.Core/Resources/text/other/zh-Hant/text_GroundTile_zh-Hant.txt,dd317ac8ceb99e16c3f4d236ed1c6efa9af506e3,149,8ad201e80244f630ab5a46922ab72fb79c5ad4f4
PKHeX.Core/Resources/text/other/zh-Hant/text_Language_zh-Hant.txt,f52ad7fd7443e352ead3c8df83a5e5a45c515d83,167,8ad201e80244f630ab5a46922ab72fb79c5ad4f4
PKHeX.Core/Resources/text/other/zh-Hant/text_Moves_zh-Hant.txt,8c247ae9168c73abc0248fb7bc449e795bc8d2c8,10184,8ad201e80244f630ab5a46922ab72fb79c5ad4f4
PKHeX.Core/Resources/text/other/zh-Hant/text_Natures_zh-Hant.txt,34b802ae24078a553bd5d5248c6f631fdf4c1c5a,180,8ad201e80244f630ab5a46922ab72fb79c5ad4f4
PKHeX.Core/Resources/text/other/zh-Hant/text_Pokeblock_zh-Hant.txt,833bce2a05c6318a1b308fc0c153cfee8c1974d3,1475,8ad201e80244f630ab5a46922ab72fb79c5ad4f4
PKHeX.Core/Resources/text/other/zh-Hant/text_Puff_zh-Hant.txt,1337a588bb437c31ad89b9cd72781c591d44c456,572,8ad201e80244f630ab5a46922ab72fb79c5ad4f4
PKHeX.Core/Resources/text/other/zh-Hant/text_Ribbons_zh-Hant.txt,95b82271157f21153b1d7e0e33b5f6bdfe33aac0,5777,8ad201e80244f630ab5a46922ab72fb79c5ad4f4
PKHeX.Core/Resources/text/other/zh-Hant/text_Species_zh-Hant.txt,c7ba5a0856b93a3a69d8e1be996e721ab41f10ad,11156,8ad201e80244f630ab5a46922ab72fb79c5ad4f4
PKHeX.Core/Resources/text/other/zh-Hant/text_SuperTraining_zh-Hant.txt,578e24a3e14dc31437ac7d629540f21217364378,1011,8ad201e80244f630ab5a46922ab72fb79c5ad4f4
PKHeX.Core/Resources/text/other/zh-Hant/text_TrainingBag_zh-Hant.txt,c8c18de97c5f6f822248b2f853ac25d3f1fc15ed,357,8ad201e80244f630ab5a46922ab72fb79c5ad4f4
PKHeX.Core/Resources/text/other/zh-Hant/text_Types_zh-Hant.txt,9e0658f6edf7c5964f1868b7f64e0a4eb476b309,105,8ad201e80244f630ab5a46922ab72fb79c5ad4f4
PKHeX.Core/Resources/text/other/zh-Hant/text_Wallpaper_zh-Hant.txt,314723ccebb218c16f13e044db1a021c60aba9ad,307,8ad201e80244f630ab5a46922ab72fb79c5ad4f4
PKHeX.Core/Resources/text/program/MessageStrings_de.txt,2b251c878b08f549d89babf26dc2bd32032e2d70,19271,8ad201e80244f630ab5a46922ab72fb79c5ad4f4
PKHeX.Core/Resources/text/program/MessageStrings_en.txt,173e92e8301158e8b93a2fd990419e397fa9355b,16753,8ad201e80244f630ab5a46922ab72fb79c5ad4f4
PKHeX.Core/Resources/text/program/MessageStrings_es-419.txt,b0ce6cf011ed5384597ef7f15ae96696cd1b2f94,19812,8ad201e80244f630ab5a46922ab72fb79c5ad4f4
PKHeX.Core/Resources/text/program/MessageStrings_es.txt,05246a4467647ad269891e7f563024ce116b529e,19822,8ad201e80244f630ab5a46922ab72fb79c5ad4f4
PKHeX.Core/Resources/text/program/MessageStrings_fr.txt,556d1648f4b6be8a06e27941a175ab9d4f6ba3cf,20065,8ad201e80244f630ab5a46922ab72fb79c5ad4f4
PKHeX.Core/Resources/text/program/MessageStrings_it.txt,0956128b21b4411062629e2c9171b48ba5706ab4,19316,8ad201e80244f630ab5a46922ab72fb79c5ad4f4
PKHeX.Core/Resources/text/program/MessageStrings_ja.txt,4a057c0af3f611700a5f7e832ce4fbbaf18b26af,23711,8ad201e80244f630ab5a46922ab72fb79c5ad4f4
PKHeX.Core/Resources/text/program/MessageStrings_ko.txt,e9e76da942edfd46467c2416677b44861fc23ca2,21949,8ad201e80244f630ab5a46922ab72fb79c5ad4f4
PKHeX.Core/Resources/text/program/MessageStrings_zh-Hans.txt,49abe97424560268202847599330b66d26b33e17,16608,8ad201e80244f630ab5a46922ab72fb79c5ad4f4
PKHeX.Core/Resources/text/program/MessageStrings_zh-Hant.txt,feeba05f516db955c85eada979724c0e03f0ac0b,17259,8ad201e80244f630ab5a46922ab72fb79c5ad4f4
PKHeX.Core/Resources/text/script/gen2/const_c_en.txt,44f1b4b3c56b917b3736ed6b29964a1f9d08a754,6453,8ad201e80244f630ab5a46922ab72fb79c5ad4f4
PKHeX.Core/Resources/text/script/gen2/const_c_es-419.txt,385ff2e5ea86bee7261a908b775250266e6aed30,8402,8ad201e80244f630ab5a46922ab72fb79c5ad4f4
PKHeX.Core/Resources/text/script/gen2/const_c_es.txt,450048e253d7fcc26b2dff9cd220cecb7b0d28cf,8400,8ad201e80244f630ab5a46922ab72fb79c5ad4f4
PKHeX.Core/Resources/text/script/gen2/const_c_fr.txt,d8290440721a5add5dc5f1ae77acde6e087fe4f9,7358,8ad201e80244f630ab5a46922ab72fb79c5ad4f4
PKHeX.Core/Resources/text/script/gen2/const_c_ja.txt,66131a103d5399f6d94531161998f12ce7b8afca,8742,8ad201e80244f630ab5a46922ab72fb79c5ad4f4
PKHeX.Core/Resources/text/script/gen2/const_c_zh-Hans.txt,71233bcb4d306fb9741dcd9d73ac7d8e93e3137e,6952,8ad201e80244f630ab5a46922ab72fb79c5ad4f4
PKHeX.Core/Resources/text/script/gen2/const_c_zh-Hant.txt,1958d738f576039bf5bc14950f0e039ed4825849,6952,8ad201e80244f630ab5a46922ab72fb79c5ad4f4
PKHeX.Core/Resources/text/script/gen2/const_gs_en.txt,db64c482b2dcc6f98479e3a76e69b0cafeec0c4f,2964,8ad201e80244f630ab5a46922ab72fb79c5ad4f4
PKHeX.Core/Resources/text/script/gen2/const_gs_es-419.txt,1b9a8862a6b5dda2294a671d68598c577360b675,3592,8ad201e80244f630ab5a46922ab72fb79c5ad4f4
PKHeX.Core/Resources/text/script/gen2/const_gs_es.txt,607254ed278f023eb8177a0eb72e18bc84dd68d6,3596,8ad201e80244f630ab5a46922ab72fb79c5ad4f4
PKHeX.Core/Resources/text/script/gen2/const_gs_fr.txt,76fa1379fbca6c08bdfd8d14978601f8d9e833b1,3477,8ad201e80244f630ab5a46922ab72fb79c5ad4f4
PKHeX.Core/Resources/text/script/gen2/const_gs_ja.txt,21f128e1fa9efeadcbf130afaa3137dfd05c6a86,3932,8ad201e80244f630ab5a46922ab72fb79c5ad4f4
PKHeX.Core/Resources/text/script/gen2/const_gs_ko.txt,2b0c05cdeb32a49211318a8d12ccfef1af67c954,3281,8ad201e80244f630ab5a46922ab72fb79c5ad4f4
PKHeX.Core/Resources/text/script/gen2/const_gs_zh-Hans.txt,2943f7e28bb6f6d1653580fa97821b484b87bb3c,2934,8ad201e80244f630ab5a46922ab72fb79c5ad4f4
PKHeX.Core/Resources/text/script/gen2/const_gs_zh-Hant.txt,cdad6ec1fb7d944d1c5935d33627f4d958a17989,2934,8ad201e80244f630ab5a46922ab72fb79c5ad4f4
PKHeX.Core/Resources/text/script/gen2/flags_c_en.txt,8fa0fcf9750988581b6c1fcc5514ea9417eba285,5192,8ad201e80244f630ab5a46922ab72fb79c5ad4f4
PKHeX.Core/Resources/text/script/gen2/flags_c_es-419.txt,d7a3375dd0721078907a55facf2a0d02648b7bb4,5740,8ad201e80244f630ab5a46922ab72fb79c5ad4f4
PKHeX.Core/Resources/text/script/gen2/flags_c_es.txt,15aa6965d41aa9fb9d9d0ee896b126c33915264a,5739,8ad201e80244f630ab5a46922ab72fb79c5ad4f4
PKHeX.Core/Resources/text/script/gen2/flags_c_fr.txt,97812cd25624c798e518fe7b3695dd43c1c44c57,6234,8ad201e80244f630ab5a46922ab72fb79c5ad4f4
PKHeX.Core/Resources/text/script/gen2/flags_c_ja.txt,430ef3d4b38ac308e519b40b7782fb69696e394d,8417,8ad201e80244f630ab5a46922ab72fb79c5ad4f4
PKHeX.Core/Resources/text/script/gen2/flags_c_zh-Hans.txt,a849cdfa22dc2fd3f21d9f4d3df86e3510e1df15,6693,8ad201e80244f630ab5a46922ab72fb79c5ad4f4
PKHeX.Core/Resources/text/script/gen2/flags_c_zh-Hant.txt,c2ca96119cd7043d299c48170693d65fef393314,6693,8ad201e80244f630ab5a46922ab72fb79c5ad4f4
PKHeX.Core/Resources/text/script/gen2/flags_gs_en.txt,ecd3942671c47556067ec4eb47e6077a76abc584,4895,8ad201e80244f630ab5a46922ab72fb79c5ad4f4
PKHeX.Core/Resources/text/script/gen2/flags_gs_es-419.txt,f793f2b7c9bb5a3b81eb98a3aebc8cc2a81ac173,5846,8ad201e80244f630ab5a46922ab72fb79c5ad4f4
PKHeX.Core/Resources/text/script/gen2/flags_gs_es.txt,1107701dfedc8aa96aeddbd8f2b319e44f0acbcb,5834,8ad201e80244f630ab5a46922ab72fb79c5ad4f4
PKHeX.Core/Resources/text/script/gen2/flags_gs_fr.txt,e832aba827767157c60c6e5fd15a1efed1f745fa,6009,8ad201e80244f630ab5a46922ab72fb79c5ad4f4
PKHeX.Core/Resources/text/script/gen2/flags_gs_ja.txt,10cc0005c14c8fc277d6139c95589010cb9e8bcb,7984,8ad201e80244f630ab5a46922ab72fb79c5ad4f4
PKHeX.Core/Resources/text/script/gen2/flags_gs_ko.txt,d8fd8fa1615b7d02718c305cfda31125d96da589,6958,8ad201e80244f630ab5a46922ab72fb79c5ad4f4
PKHeX.Core/Resources/text/script/gen2/flags_gs_zh-Hans.txt,4ed59ba6328409d958d145add4e213b693777c59,6376,8ad201e80244f630ab5a46922ab72fb79c5ad4f4
PKHeX.Core/Resources/text/script/gen2/flags_gs_zh-Hant.txt,058c5fd2a94aefd9b1c05aeab37681096774f69a,6376,8ad201e80244f630ab5a46922ab72fb79c5ad4f4
PKHeX.Core/Resources/text/script/gen3/const_e_en.txt,8d5fdc0aae90bb59567a786a037744c061f79ccc,1882,8ad201e80244f630ab5a46922ab72fb79c5ad4f4
PKHeX.Core/Resources/text/script/gen3/const_e_es-419.txt,a505b360042ea3cfa3ef53d7e4fedd1d94138a4a,2100,8ad201e80244f630ab5a46922ab72fb79c5ad4f4
PKHeX.Core/Resources/text/script/gen3/const_e_es.txt,b67349af612ca7916333df2cf0c61e203284a6fb,2102,8ad201e80244f630ab5a46922ab72fb79c5ad4f4
PKHeX.Core/Resources/text/script/gen3/const_e_fr.txt,3c003221331cb4443b888d23d98923b68a4bcc44,2265,8ad201e80244f630ab5a46922ab72fb79c5ad4f4
PKHeX.Core/Resources/text/script/gen3/const_e_ja.txt,e36ae324d42cb6813c75f3334c83698a70e47119,2390,8ad201e80244f630ab5a46922ab72fb79c5ad4f4
PKHeX.Core/Resources/text/script/gen3/const_e_zh-Hans.txt,0c65be8423db55ff0929ebcff917174b9747c781,2042,8ad201e80244f630ab5a46922ab72fb79c5ad4f4
PKHeX.Core/Resources/text/script/gen3/const_frlg_en.txt,0207848cca01cb0ae613dbaad0c3ec58fb663753,2094,8ad201e80244f630ab5a46922ab72fb79c5ad4f4
PKHeX.Core/Resources/text/script/gen3/const_frlg_es-419.txt,be029a9bfafe407910a5090b1f845801d4520857,2284,8ad201e80244f630ab5a46922ab72fb79c5ad4f4
PKHeX.Core/Resources/text/script/gen3/const_frlg_es.txt,be029a9bfafe407910a5090b1f845801d4520857,2284,8ad201e80244f630ab5a46922ab72fb79c5ad4f4
PKHeX.Core/Resources/text/script/gen3/const_frlg_fr.txt,09a0f825cb15796e7fbdd3434b59e0a8eacfea23,2255,8ad201e80244f630ab5a46922ab72fb79c5ad4f4
PKHeX.Core/Resources/text/script/gen3/const_frlg_ja.txt,81e628f1d101f783c42f2d2ba9cbc7af1a87a7d8,3054,8ad201e80244f630ab5a46922ab72fb79c5ad4f4
PKHeX.Core/Resources/text/script/gen3/const_frlg_zh-Hans.txt,8e936ae1aa26f9190e1da44570704457dd87a75d,2171,8ad201e80244f630ab5a46922ab72fb79c5ad4f4
PKHeX.Core/Resources/text/script/gen3/const_rs_en.txt,964d18ac74b2463d283cf6f4806e7bfda79454b1,1021,8ad201e80244f630ab5a46922ab72fb79c5ad4f4
PKHeX.Core/Resources/text/script/gen3/const_rs_es-419.txt,7c9e1d7f95ebcdfa3c969df5f5feded200a7c5d0,1175,8ad201e80244f630ab5a46922ab72fb79c5ad4f4
PKHeX.Core/Resources/text/script/gen3/const_rs_es.txt,3af2fa7439a086e6646f285fd78eb328d269df8b,1176,8ad201e80244f630ab5a46922ab72fb79c5ad4f4
PKHeX.Core/Resources/text/script/gen3/const_rs_fr.txt,c27ce9cf65150a4fee21346190cc6153dba5772e,1228,8ad201e80244f630ab5a46922ab72fb79c5ad4f4
PKHeX.Core/Resources/text/script/gen3/const_rs_ja.txt,e7d5cfece1990ef10a3c86c987350f8544f51718,1172,8ad201e80244f630ab5a46922ab72fb79c5ad4f4
PKHeX.Core/Resources/text/script/gen3/const_rs_zh-Hans.txt,fc42dea861452cdfeed490cd230aa7d69f86e9fe,1100,8ad201e80244f630ab5a46922ab72fb79c5ad4f4
PKHeX.Core/Resources/text/script/gen3/flags_e_en.txt,56436711d338ba4e411e8ed340a3ce195e460404,73818,8ad201e80244f630ab5a46922ab72fb79c5ad4f4
PKHeX.Core/Resources/text/script/gen3/flags_e_es-419.txt,6b8505bed455362006cdfa0f299db35264c81ba0,74386,8ad201e80244f630ab5a46922ab72fb79c5ad4f4
PKHeX.Core/Resources/text/script/gen3/flags_e_es.txt,61b0020ce8bb7e34389b4e48c65fa00c83521397,74402,8ad201e80244f630ab5a46922ab72fb79c5ad4f4
PKHeX.Core/Resources/text/script/gen3/flags_e_fr.txt,eb6ff7a57e4c08d12f018b230aa42b7bc5b510d1,84242,8ad201e80244f630ab5a46922ab72fb79c5ad4f4
PKHeX.Core/Resources/text/script/gen3/flags_e_ja.txt,0bbeb24911f4746a5fa1eb777e67e1f0f33b4e28,107178,8ad201e80244f630ab5a46922ab72fb79c5ad4f4
PKHeX.Core/Resources/text/script/gen3/flags_e_zh-Hans.txt,00bf8b3310f4fb4babf68a3832dee6cd06b08e97,73843,8ad201e80244f630ab5a46922ab72fb79c5ad4f4
PKHeX.Core/Resources/text/script/gen3/flags_e_zh-Hant.txt,c7336484da56d41726599c3a71040529d506cc4a,73795,8ad201e80244f630ab5a46922ab72fb79c5ad4f4
PKHeX.Core/Resources/text/script/gen3/flags_frlg_en.txt,c4cf5531514313b9e3e1b7be9fef345081214250,67284,8ad201e80244f630ab5a46922ab72fb79c5ad4f4
PKHeX.Core/Resources/text/script/gen3/flags_frlg_es-419.txt,8c3b53d3166856f8262d5d280a2f7d7075a412e8,67922,8ad201e80244f630ab5a46922ab72fb79c5ad4f4
PKHeX.Core/Resources/text/script/gen3/flags_frlg_es.txt,9e1eeb29a801f9713ed761722f632602a0d03f9a,67915,8ad201e80244f630ab5a46922ab72fb79c5ad4f4
PKHeX.Core/Resources/text/script/gen3/flags_frlg_fr.txt,9f30d851deb59f66ed12dda3d9ef38705e79dac7,76082,8ad201e80244f630ab5a46922ab72fb79c5ad4f4
PKHeX.Core/Resources/text/script/gen3/flags_frlg_ja.txt,7b139ed791aed671533fc8610e4a642d831f8efd,97171,8ad201e80244f630ab5a46922ab72fb79c5ad4f4
PKHeX.Core/Resources/text/script/gen3/flags_frlg_zh-Hans.txt,094d3528d1801daaed3d1e3c42879551084fdc2a,75127,8ad201e80244f630ab5a46922ab72fb79c5ad4f4
PKHeX.Core/Resources/text/script/gen3/flags_frlg_zh-Hant.txt,bb7227e97a20204ee1394ebdab1e6cccd61267fa,67211,8ad201e80244f630ab5a46922ab72fb79c5ad4f4
PKHeX.Core/Resources/text/script/gen3/flags_rs_en.txt,c859744b724803b952f6c135bd910ba7e7bfd5ce,14804,8ad201e80244f630ab5a46922ab72fb79c5ad4f4
PKHeX.Core/Resources/text/script/gen3/flags_rs_es-419.txt,e1aab59be6debbd0fd89930800d8bb54cc353901,15367,8ad201e80244f630ab5a46922ab72fb79c5ad4f4
PKHeX.Core/Resources/text/script/gen3/flags_rs_es.txt,8397012388ad40b768a45955d52cacdfb3fe1f23,15365,8ad201e80244f630ab5a46922ab72fb79c5ad4f4
PKHeX.Core/Resources/text/script/gen3/flags_rs_fr.txt,21dacf51009f7ed68203f5793b2f8dc75502aeaf,21134,8ad201e80244f630ab5a46922ab72fb79c5ad4f4
PKHeX.Core/Resources/text/script/gen3/flags_rs_ja.txt,3c84d9920e1391722a2667062ad5d050fc95b4a2,28318,8ad201e80244f630ab5a46922ab72fb79c5ad4f4
PKHeX.Core/Resources/text/script/gen3/flags_rs_zh-Hans.txt,795238bf589e5a93cbd989b02221d5126ab1b933,16458,8ad201e80244f630ab5a46922ab72fb79c5ad4f4
PKHeX.Core/Resources/text/script/gen3/flags_rs_zh-Hant.txt,9195a1641f80031747267979411ff328e8d35675,16454,8ad201e80244f630ab5a46922ab72fb79c5ad4f4
PKHeX.Core/Resources/text/script/gen4/const_dp_en.txt,e63a5ef0e510509d46e63c7738d9ea26f978524a,1235,8ad201e80244f630ab5a46922ab72fb79c5ad4f4
PKHeX.Core/Resources/text/script/gen4/const_dp_es-419.txt,f726ae4ed19b9465de4859ef03b45a63add59264,1320,8ad201e80244f630ab5a46922ab72fb79c5ad4f4
PKHeX.Core/Resources/text/script/gen4/const_dp_es.txt,f726ae4ed19b9465de4859ef03b45a63add59264,1320,8ad201e80244f630ab5a46922ab72fb79c5ad4f4
PKHeX.Core/Resources/text/script/gen4/const_dp_fr.txt,75510f010d9c5cada58432155877a32e4d0a0768,1396,8ad201e80244f630ab5a46922ab72fb79c5ad4f4
PKHeX.Core/Resources/text/script/gen4/const_dp_ja.txt,e41a7b27dff2e9d939de1ff38eebe21ed3abdc84,1453,8ad201e80244f630ab5a46922ab72fb79c5ad4f4
PKHeX.Core/Resources/text/script/gen4/const_dp_ko.txt,38dfc9e62f95464f0797007dcbce2145535ad1a5,1535,8ad201e80244f630ab5a46922ab72fb79c5ad4f4
PKHeX.Core/Resources/text/script/gen4/const_dp_zh-Hans.txt,48a26a3abe0a782a681471622b43fedad3cbe37b,1229,8ad201e80244f630ab5a46922ab72fb79c5ad4f4
PKHeX.Core/Resources/text/script/gen4/const_dp_zh-Hant.txt,fa48595bb4f75e9a468906b7a292d26bae40a446,1231,8ad201e80244f630ab5a46922ab72fb79c5ad4f4
PKHeX.Core/Resources/text/script/gen4/const_hgss_en.txt,b960049bcf89b5bdbb9a91e392cfc8e9975e3967,2275,8ad201e80244f630ab5a46922ab72fb79c5ad4f4
PKHeX.Core/Resources/text/script/gen4/const_hgss_es-419.txt,6910e04adbe9e6b03fba8118b36f879c09b1eb57,2480,8ad201e80244f630ab5a46922ab72fb79c5ad4f4
PKHeX.Core/Resources/text/script/gen4/const_hgss_es.txt,6910e04adbe9e6b03fba8118b36f879c09b1eb57,2480,8ad201e80244f630ab5a46922ab72fb79c5ad4f4
PKHeX.Core/Resources/text/script/gen4/const_hgss_fr.txt,44576fd181235e34ebbadab6622b10ce49d1e82e,2684,8ad201e80244f630ab5a46922ab72fb79c5ad4f4
PKHeX.Core/Resources/text/script/gen4/const_hgss_ja.txt,4ec19855d45667900398038f95b5c5e8f0bb5d89,3195,8ad201e80244f630ab5a46922ab72fb79c5ad4f4
PKHeX.Core/Resources/text/script/gen4/const_hgss_ko.txt,222a2924d16cd197ee328532111d1f835d929b39,2954,8ad201e80244f630ab5a46922ab72fb79c5ad4f4
PKHeX.Core/Resources/text/script/gen4/const_hgss_zh-Hans.txt,bbf56cc993d75abaabc82fbf8aec7c90ad1b33c8,2332,8ad201e80244f630ab5a46922ab72fb79c5ad4f4
PKHeX.Core/Resources/text/script/gen4/const_hgss_zh-Hant.txt,1f1789c2a47921f0a07674c3c0e2bdf5b24e8233,2355,8ad201e80244f630ab5a46922ab72fb79c5ad4f4
PKHeX.Core/Resources/text/script/gen4/const_pt_en.txt,58dba34a022a8f3bff0a7f6ca1688fae7f86fccc,2233,8ad201e80244f630ab5a46922ab72fb79c5ad4f4
PKHeX.Core/Resources/text/script/gen4/const_pt_es-419.txt,654cd2dc5bf9c3c20f622e34727362db9d80e903,2455,8ad201e80244f630ab5a46922ab72fb79c5ad4f4
PKHeX.Core/Resources/text/script/gen4/const_pt_es.txt,654cd2dc5bf9c3c20f622e34727362db9d80e903,2455,8ad201e80244f630ab5a46922ab72fb79c5ad4f4
PKHeX.Core/Resources/text/script/gen4/const_pt_fr.txt,d476db1affedc8b7b9b8c0df359b3814b091a31d,2516,8ad201e80244f630ab5a46922ab72fb79c5ad4f4
PKHeX.Core/Resources/text/script/gen4/const_pt_ja.txt,a7746cb64b9a667eaa43752b189923ed808e05cc,2645,8ad201e80244f630ab5a46922ab72fb79c5ad4f4
PKHeX.Core/Resources/text/script/gen4/const_pt_ko.txt,dd7e7af68063c81a1ebd0d1a1fcb3a38cb5728f4,2694,8ad201e80244f630ab5a46922ab72fb79c5ad4f4
PKHeX.Core/Resources/text/script/gen4/const_pt_zh-Hans.txt,31f27c67a416504c4e241e1b7c2e3bad3087d8ab,2247,8ad201e80244f630ab5a46922ab72fb79c5ad4f4
PKHeX.Core/Resources/text/script/gen4/const_pt_zh-Hant.txt,9a0238b7ed60b8df7f9be45b1446ff34b5cbc504,2263,8ad201e80244f630ab5a46922ab72fb79c5ad4f4
PKHeX.Core/Resources/text/script/gen4/flags_dp_en.txt,071f372c110e85761a632a498619d60bf6729c39,9162,8ad201e80244f630ab5a46922ab72fb79c5ad4f4
PKHeX.Core/Resources/text/script/gen4/flags_dp_es-419.txt,7d15c1a8012a801e3c0b7e1210addae19ea2ef85,10199,8ad201e80244f630ab5a46922ab72fb79c5ad4f4
PKHeX.Core/Resources/text/script/gen4/flags_dp_es.txt,bdf50e7d88a6f6fd36832c9621c949cf12c07e16,10197,8ad201e80244f630ab5a46922ab72fb79c5ad4f4
PKHeX.Core/Resources/text/script/gen4/flags_dp_fr.txt,432f3c56900e4887df1065691870c4fa4fe561e8,13202,8ad201e80244f630ab5a46922ab72fb79c5ad4f4
PKHeX.Core/Resources/text/script/gen4/flags_dp_ja.txt,06eba8d3f316c5c0b8f903cca7a8085d6defb3fe,14587,8ad201e80244f630ab5a46922ab72fb79c5ad4f4
PKHeX.Core/Resources/text/script/gen4/flags_dp_ko.txt,c66116df3a0a145077439b124de63abf35f6f4f5,9673,8ad201e80244f630ab5a46922ab72fb79c5ad4f4
PKHeX.Core/Resources/text/script/gen4/flags_dp_zh-Hans.txt,39793c6b1fdf7f6c941041bf6326484b64c1683d,9986,8ad201e80244f630ab5a46922ab72fb79c5ad4f4
PKHeX.Core/Resources/text/script/gen4/flags_dp_zh-Hant.txt,9a9584b7c34bf160bc36a9b3eb842a159317c2c5,10026,8ad201e80244f630ab5a46922ab72fb79c5ad4f4
PKHeX.Core/Resources/text/script/gen4/flags_hgss_en.txt,f09e987c0e79fb17aab78c48c09cd9d2ba22df95,8576,8ad201e80244f630ab5a46922ab72fb79c5ad4f4
PKHeX.Core/Resources/text/script/gen4/flags_hgss_es-419.txt,24b9d0f716257c60c73b3066fc08be8e302e2be9,9701,8ad201e80244f630ab5a46922ab72fb79c5ad4f4
PKHeX.Core/Resources/text/script/gen4/flags_hgss_es.txt,22c65234e244e3714f08f4b4d11954abb97807b6,9690,8ad201e80244f630ab5a46922ab72fb79c5ad4f4
PKHeX.Core/Resources/text/script/gen4/flags_hgss_fr.txt,345cf7364b3a0ef1f8b0dbd799ff21e474fff28e,12649,8ad201e80244f630ab5a46922ab72fb79c5ad4f4
PKHeX.Core/Resources/text/script/gen4/flags_hgss_ja.txt,63ffe04b4ff684b31253a14792e23b339675bc59,13383,8ad201e80244f630ab5a46922ab72fb79c5ad4f4
PKHeX.Core/Resources/text/script/gen4/flags_hgss_ko.txt,c7e4d8bec44e7ff2a4cf14c84832ba3371c06ed7,9010,8ad201e80244f630ab5a46922ab72fb79c5ad4f4
PKHeX.Core/Resources/text/script/gen4/flags_hgss_zh-Hans.txt,68f216493c9b605b9fc6286ef59d116ce362cf56,9637,8ad201e80244f630ab5a46922ab72fb79c5ad4f4
PKHeX.Core/Resources/text/script/gen4/flags_hgss_zh-Hant.txt,ecda96f511a879778ca9982a3041e9e1d96a0cf5,9651,8ad201e80244f630ab5a46922ab72fb79c5ad4f4
PKHeX.Core/Resources/text/script/gen4/flags_pt_en.txt,95657f6ddd218dc134019da7530888ab3cfb2f64,11174,8ad201e80244f630ab5a46922ab72fb79c5ad4f4
PKHeX.Core/Resources/text/script/gen4/flags_pt_es-419.txt,c396f8d48cdee0cd1223b88fd57bfa9c89e6c599,12330,8ad201e80244f630ab5a46922ab72fb79c5ad4f4
PKHeX.Core/Resources/text/script/gen4/flags_pt_es.txt,43456007cb418207c59c996cadc2a406c1b0fa81,12328,8ad201e80244f630ab5a46922ab72fb79c5ad4f4
PKHeX.Core/Resources/text/script/gen4/flags_pt_fr.txt,68aeb9c4f2a05bf31453508da4faa173a7432b81,15504,8ad201e80244f630ab5a46922ab72fb79c5ad4f4
PKHeX.Core/Resources/text/script/gen4/flags_pt_ja.txt,77021785a9227e2d18c46e474466f4214e19e0f4,17545,8ad201e80244f630ab5a46922ab72fb79c5ad4f4
PKHeX.Core/Resources/text/script/gen4/flags_pt_ko.txt,06f13da356a80feb95a1b2d3644c373ce943a534,11674,8ad201e80244f630ab5a46922ab72fb79c5ad4f4
PKHeX.Core/Resources/text/script/gen4/flags_pt_zh-Hans.txt,820fd1056e8ba71b777d3c71e0b37257fff90472,12002,8ad201e80244f630ab5a46922ab72fb79c5ad4f4
PKHeX.Core/Resources/text/script/gen4/flags_pt_zh-Hant.txt,1ea4dbd7d844d3e6f7967170dfcc010a7e2aa241,12028,8ad201e80244f630ab5a46922ab72fb79c5ad4f4
PKHeX.Core/Resources/text/script/gen5/const_b2w2_en.txt,2943aa7e3e3c29c74ef9d0b644ac54adb0917ffc,2302,8ad201e80244f630ab5a46922ab72fb79c5ad4f4
PKHeX.Core/Resources/text/script/gen5/const_b2w2_es-419.txt,68727d9e4151921df310fd7c7328bc3257367e21,2572,8ad201e80244f630ab5a46922ab72fb79c5ad4f4
PKHeX.Core/Resources/text/script/gen5/const_b2w2_es.txt,6ee6e6c206aa6e72ec4b8fa70ad1121ea7301877,2566,8ad201e80244f630ab5a46922ab72fb79c5ad4f4
PKHeX.Core/Resources/text/script/gen5/const_b2w2_fr.txt,fe4938f064cf1b9b9aa398bb6cf5e91ab82ec86a,2489,8ad201e80244f630ab5a46922ab72fb79c5ad4f4
PKHeX.Core/Resources/text/script/gen5/const_b2w2_ja.txt,454250fd5055f954e62ea5d8f028b68eaab41fe5,2878,8ad201e80244f630ab5a46922ab72fb79c5ad4f4
PKHeX.Core/Resources/text/script/gen5/const_b2w2_ko.txt,5f759804fc3b70e1d413a1d15f6d2f71714e9b61,2890,8ad201e80244f630ab5a46922ab72fb79c5ad4f4
PKHeX.Core/Resources/text/script/gen5/const_b2w2_zh-Hans.txt,f2bd056f127e08bb1565413d5460af11289dbf5f,2399,8ad201e80244f630ab5a46922ab72fb79c5ad4f4
PKHeX.Core/Resources/text/script/gen5/const_b2w2_zh-Hant.txt,b9c77136bb363f287af21172737111c43da5207c,2399,8ad201e80244f630ab5a46922ab72fb79c5ad4f4
PKHeX.Core/Resources/text/script/gen5/const_bw_en.txt,9e05aee3a4c8d95ce8af8426471cad67c68c0514,872,8ad201e80244f630ab5a46922ab72fb79c5ad4f4
PKHeX.Core/Resources/text/script/gen5/const_bw_es-419.txt,d21d521ad975e070f1702ad96dde6f53a1aaa7b7,1005,8ad201e80244f630ab5a46922ab72fb79c5ad4f4
PKHeX.Core/Resources/text/script/gen5/const_bw_es.txt,aa261aadfd7f51e6bc830e1aa5e6b7f8bdbf2d0d,1004,8ad201e80244f630ab5a46922ab72fb79c5ad4f4
PKHeX.Core/Resources/text/script/gen5/const_bw_fr.txt,ae0bac570b08728eb19073c7905103e2e16b49d4,1038,8ad201e80244f630ab5a46922ab72fb79c5ad4f4
PKHeX.Core/Resources/text/script/gen5/const_bw_ja.txt,acfe5a10f32a9083fa5e544d95f143719d8852fd,1204,8ad201e80244f630ab5a46922ab72fb79c5ad4f4
PKHeX.Core/Resources/text/script/gen5/const_bw_ko.txt,aaae381abf78e6357f39c2fe902c28a32e5244f8,1064,8ad201e80244f630ab5a46922ab72fb79c5ad4f4
PKHeX.Core/Resources/text/script/gen5/const_bw_zh-Hans.txt,1cacf6a0575abda5da2d5bd4223af0085f057902,941,8ad201e80244f630ab5a46922ab72fb79c5ad4f4
PKHeX.Core/Resources/text/script/gen5/const_bw_zh-Hant.txt,d28be6db1abb42176e178fbe0ef66e6b11e77f3e,939,8ad201e80244f630ab5a46922ab72fb79c5ad4f4
PKHeX.Core/Resources/text/script/gen5/flags_b2w2_en.txt,4eeddcc9d566da84d8443fd7208527a9f4c761f6,2450,8ad201e80244f630ab5a46922ab72fb79c5ad4f4
PKHeX.Core/Resources/text/script/gen5/flags_b2w2_es-419.txt,1cdd1f3781b5f6d0a93e94f0622bc74007f06856,2731,8ad201e80244f630ab5a46922ab72fb79c5ad4f4
PKHeX.Core/Resources/text/script/gen5/flags_b2w2_es.txt,e457a1a0f3946461887cc474c589ac79b83015f9,2729,8ad201e80244f630ab5a46922ab72fb79c5ad4f4
PKHeX.Core/Resources/text/script/gen5/flags_b2w2_fr.txt,cd20b8dd1dd31eaf7adc4d5cdb3c3e474162f76e,2754,8ad201e80244f630ab5a46922ab72fb79c5ad4f4
PKHeX.Core/Resources/text/script/gen5/flags_b2w2_ja.txt,1368f87a72d09f39ce20b87747bea7058fb6aa0a,3421,8ad201e80244f630ab5a46922ab72fb79c5ad4f4
PKHeX.Core/Resources/text/script/gen5/flags_b2w2_ko.txt,5c320efa868bfa25d2541c2b5c4cdd989c042832,2890,8ad201e80244f630ab5a46922ab72fb79c5ad4f4
PKHeX.Core/Resources/text/script/gen5/flags_b2w2_zh-Hans.txt,1639b1ab12fb52652bc3d50783d6a0117e01833a,2646,8ad201e80244f630ab5a46922ab72fb79c5ad4f4
PKHeX.Core/Resources/text/script/gen5/flags_b2w2_zh-Hant.txt,060a5cbb38992f69799be0c91b7d5ed683e4a5da,2646,8ad201e80244f630ab5a46922ab72fb79c5ad4f4
PKHeX.Core/Resources/text/script/gen5/flags_bw_en.txt,87cffeced5436bbef05fe4cb0df81e1cc9083e2e,2333,8ad201e80244f630ab5a46922ab72fb79c5ad4f4
PKHeX.Core/Resources/text/script/gen5/flags_bw_es-419.txt,a779eb92f5985af02bb508f177ffa83c7e27caa7,2451,8ad201e80244f630ab5a46922ab72fb79c5ad4f4
PKHeX.Core/Resources/text/script/gen5/flags_bw_es.txt,ec5edd85da2a0e21f2e0321519a6bac89780f8c4,2446,8ad201e80244f630ab5a46922ab72fb79c5ad4f4
PKHeX.Core/Resources/text/script/gen5/flags_bw_fr.txt,e15229af659403bc7712af370087fd3a3befdc94,2447,8ad201e80244f630ab5a46922ab72fb79c5ad4f4
PKHeX.Core/Resources/text/script/gen5/flags_bw_ja.txt,305f4b5491b8ac66a15a7f5be9622cc976766f2a,3100,8ad201e80244f630ab5a46922ab72fb79c5ad4f4
PKHeX.Core/Resources/text/script/gen5/flags_bw_ko.txt,6ab5f1c11c3e02bf39c33dc2338c28263512af04,2470,8ad201e80244f630ab5a46922ab72fb79c5ad4f4
PKHeX.Core/Resources/text/script/gen5/flags_bw_zh-Hans.txt,96853d556d3255072b30c081d1e950eb25803ba8,2179,8ad201e80244f630ab5a46922ab72fb79c5ad4f4
PKHeX.Core/Resources/text/script/gen5/flags_bw_zh-Hant.txt,dcf7e03cff7ed4b0081aa21080c4a4acc98182b8,2182,8ad201e80244f630ab5a46922ab72fb79c5ad4f4
PKHeX.Core/Resources/text/script/gen6/const_oras_en.txt,34006a079504d1cba3c3d55e5ade22113be0b408,3348,8ad201e80244f630ab5a46922ab72fb79c5ad4f4
PKHeX.Core/Resources/text/script/gen6/const_oras_es-419.txt,2fd95d93b4fe4ee9254929968c3dbabb8cb3492c,3790,8ad201e80244f630ab5a46922ab72fb79c5ad4f4
PKHeX.Core/Resources/text/script/gen6/const_oras_es.txt,60375b5e50a7c9269d4f90cc34d7b2eb20ed13ca,3792,8ad201e80244f630ab5a46922ab72fb79c5ad4f4
PKHeX.Core/Resources/text/script/gen6/const_oras_fr.txt,92afe95864462fbbc77aa8584b9e427e9258a15c,4188,8ad201e80244f630ab5a46922ab72fb79c5ad4f4
PKHeX.Core/Resources/text/script/gen6/const_oras_ja.txt,95ff32b99b1c5c60dc6beeb7d6c38704ff8abaa6,4512,8ad201e80244f630ab5a46922ab72fb79c5ad4f4
PKHeX.Core/Resources/text/script/gen6/const_oras_ko.txt,941a15b400b22681277af3c0921347493be99ebf,4409,8ad201e80244f630ab5a46922ab72fb79c5ad4f4
PKHeX.Core/Resources/text/script/gen6/const_oras_zh-Hans.txt,7800e4c28bbfd6f04108d019a99360ac50978b39,3427,8ad201e80244f630ab5a46922ab72fb79c5ad4f4
PKHeX.Core/Resources/text/script/gen6/const_oras_zh-Hant.txt,b7850e1ab1976d718bed962e704056a92abff234,3421,8ad201e80244f630ab5a46922ab72fb79c5ad4f4
PKHeX.Core/Resources/text/script/gen6/const_xy_en.txt,cee77cc170018854b695ff126335de3ec12e6d03,1447,8ad201e80244f630ab5a46922ab72fb79c5ad4f4
PKHeX.Core/Resources/text/script/gen6/const_xy_es-419.txt,81b69829ef8ebc553ba1fa062f37812fef5c1d43,1685,8ad201e80244f630ab5a46922ab72fb79c5ad4f4
PKHeX.Core/Resources/text/script/gen6/const_xy_es.txt,81b69829ef8ebc553ba1fa062f37812fef5c1d43,1685,8ad201e80244f630ab5a46922ab72fb79c5ad4f4
PKHeX.Core/Resources/text/script/gen6/const_xy_fr.txt,361c424dfaca164467b41f1ea93fdb388b4fd537,1831,8ad201e80244f630ab5a46922ab72fb79c5ad4f4
PKHeX.Core/Resources/text/script/gen6/const_xy_ja.txt,6570874eef40016aa26383546e7016852d1527a6,2064,8ad201e80244f630ab5a46922ab72fb79c5ad4f4
PKHeX.Core/Resources/text/script/gen6/const_xy_ko.txt,3ae1bb8f09351d5f75b1edcfffc6c35797df2fec,1997,8ad201e80244f630ab5a46922ab72fb79c5ad4f4
PKHeX.Core/Resources/text/script/gen6/const_xy_zh-Hans.txt,4f22e097a250f1afbb1b8d3e80664c60282cc624,1697,8ad201e80244f630ab5a46922ab72fb79c5ad4f4
PKHeX.Core/Resources/text/script/gen6/const_xy_zh-Hant.txt,ddd308fc7ce34ae94be5e34a0ce46765a3957673,1700,8ad201e80244f630ab5a46922ab72fb79c5ad4f4
PKHeX.Core/Resources/text/script/gen6/flags_oras_en.txt,69d2545ab1f108a11d0a6648ce021144fd597069,23259,8ad201e80244f630ab5a46922ab72fb79c5ad4f4
PKHeX.Core/Resources/text/script/gen6/flags_oras_es-419.txt,ed390979505985682d0b8c446f1828b9c172a522,25323,8ad201e80244f630ab5a46922ab72fb79c5ad4f4
PKHeX.Core/Resources/text/script/gen6/flags_oras_es.txt,9d5b2f268cf573f23ce05ed8b679b23027e3db67,25323,8ad201e80244f630ab5a46922ab72fb79c5ad4f4
PKHeX.Core/Resources/text/script/gen6/flags_oras_fr.txt,2da76b7cf19f56333f0b4a6f3fc48e979b792b94,27133,8ad201e80244f630ab5a46922ab72fb79c5ad4f4
PKHeX.Core/Resources/text/script/gen6/flags_oras_ja.txt,201a01724c975423f4df7a12cb21d8321ec0fb63,37738,8ad201e80244f630ab5a46922ab72fb79c5ad4f4
PKHeX.Core/Resources/text/script/gen6/flags_oras_ko.txt,6a05b911b4856b5fa08b85c07a79d37888096229,25259,8ad201e80244f630ab5a46922ab72fb79c5ad4f4
PKHeX.Core/Resources/text/script/gen6/flags_oras_zh-Hans.txt,b3e7423d4700fea514b3bc3bf914d5264ae9926d,24027,8ad201e80244f630ab5a46922ab72fb79c5ad4f4
PKHeX.Core/Resources/text/script/gen6/flags_oras_zh-Hant.txt,71d87d51505c9e040d95238dd7c0e1c8ac6d551e,24027,8ad201e80244f630ab5a46922ab72fb79c5ad4f4
PKHeX.Core/Resources/text/script/gen6/flags_xy_en.txt,86b96ef515462352b538d81acb444a3a128e79da,3208,8ad201e80244f630ab5a46922ab72fb79c5ad4f4
PKHeX.Core/Resources/text/script/gen6/flags_xy_es-419.txt,782a57d8a3ce81644c600d187022afc51f1e0afb,3659,8ad201e80244f630ab5a46922ab72fb79c5ad4f4
PKHeX.Core/Resources/text/script/gen6/flags_xy_es.txt,1203eb65db6068c9ffbcef132782d387810d4307,3660,8ad201e80244f630ab5a46922ab72fb79c5ad4f4
PKHeX.Core/Resources/text/script/gen6/flags_xy_fr.txt,13e88ede70790cc74b2cce367027d0dfd9c590ac,3820,8ad201e80244f630ab5a46922ab72fb79c5ad4f4
PKHeX.Core/Resources/text/script/gen6/flags_xy_ja.txt,fcfd9936ad958495f164a2d4cefe4529d114e1f5,4859,8ad201e80244f630ab5a46922ab72fb79c5ad4f4
PKHeX.Core/Resources/text/script/gen6/flags_xy_ko.txt,d130f93b0914abaacea9c36d91cea6af23fe2d49,3929,8ad201e80244f630ab5a46922ab72fb79c5ad4f4
PKHeX.Core/Resources/text/script/gen6/flags_xy_zh-Hans.txt,494ea476d2d153dcaaadac3f11f04193114ac43c,3743,8ad201e80244f630ab5a46922ab72fb79c5ad4f4
PKHeX.Core/Resources/text/script/gen6/flags_xy_zh-Hant.txt,6eeea80fe25d4ef3de52b3cd1165ab85d99f684e,3743,8ad201e80244f630ab5a46922ab72fb79c5ad4f4
PKHeX.Core/Resources/text/script/gen7/const_gg_en.txt,8f134be4157d8b0890eeac7b6ee8645b8911fd1a,510,8ad201e80244f630ab5a46922ab72fb79c5ad4f4
PKHeX.Core/Resources/text/script/gen7/const_gg_es-419.txt,a2572b48ceaab177e14d69f3a0bb593ec0e0c381,538,8ad201e80244f630ab5a46922ab72fb79c5ad4f4
PKHeX.Core/Resources/text/script/gen7/const_gg_es.txt,a2572b48ceaab177e14d69f3a0bb593ec0e0c381,538,8ad201e80244f630ab5a46922ab72fb79c5ad4f4
PKHeX.Core/Resources/text/script/gen7/const_sm_en.txt,0a713353d1ad512ae2576cf4267cbec39243765a,464,8ad201e80244f630ab5a46922ab72fb79c5ad4f4
PKHeX.Core/Resources/text/script/gen7/const_sm_es-419.txt,6da81591b55e7d9bc4883783ab35a5f641f8b362,472,8ad201e80244f630ab5a46922ab72fb79c5ad4f4
PKHeX.Core/Resources/text/script/gen7/const_sm_es.txt,6da81591b55e7d9bc4883783ab35a5f641f8b362,472,8ad201e80244f630ab5a46922ab72fb79c5ad4f4
PKHeX.Core/Resources/text/script/gen7/const_sm_fr.txt,587992fe05edaef9193e4b8ce33088e3b4e867a8,517,8ad201e80244f630ab5a46922ab72fb79c5ad4f4
PKHeX.Core/Resources/text/script/gen7/const_sm_ja.txt,f2b4655f26f6fa41deda72136399cffa795740cc,478,8ad201e80244f630ab5a46922ab72fb79c5ad4f4
PKHeX.Core/Resources/text/script/gen7/const_sm_ko.txt,c409a1081f29b7550c9412f3a37c0f36b90a26e5,632,8ad201e80244f630ab5a46922ab72fb79c5ad4f4
PKHeX.Core/Resources/text/script/gen7/const_sm_zh-Hans.txt,9c29421ed1786b5c44a694da46b0fccef17513f4,496,8ad201e80244f630ab5a46922ab72fb79c5ad4f4
PKHeX.Core/Resources/text/script/gen7/const_sm_zh-Hant.txt,095a9f5d640700f09f9d6fc9d2e70045c238b637,493,8ad201e80244f630ab5a46922ab72fb79c5ad4f4
PKHeX.Core/Resources/text/script/gen7/const_usum_en.txt,0f9c4aa71531b1aadd158017cbc38e16596c0452,1523,8ad201e80244f630ab5a46922ab72fb79c5ad4f4
PKHeX.Core/Resources/text/script/gen7/const_usum_es-419.txt,e49298dc596f8e4db2aa7c186b5f01d6bd0ec6e9,1770,8ad201e80244f630ab5a46922ab72fb79c5ad4f4
PKHeX.Core/Resources/text/script/gen7/const_usum_es.txt,e49298dc596f8e4db2aa7c186b5f01d6bd0ec6e9,1770,8ad201e80244f630ab5a46922ab72fb79c5ad4f4
PKHeX.Core/Resources/text/script/gen7/const_usum_fr.txt,7a6936ae4cb88880fd6a383885b741c8988eada7,1642,8ad201e80244f630ab5a46922ab72fb79c5ad4f4
PKHeX.Core/Resources/text/script/gen7/const_usum_ja.txt,2ca036d8776de05f7e90b6eeb6687969c92a45b4,2023,8ad201e80244f630ab5a46922ab72fb79c5ad4f4
PKHeX.Core/Resources/text/script/gen7/const_usum_ko.txt,98b784621e6a0495b4926fcc133fe89f49ef8725,1827,8ad201e80244f630ab5a46922ab72fb79c5ad4f4
PKHeX.Core/Resources/text/script/gen7/const_usum_zh-Hans.txt,3115c8eb8482887d26a54762e9ff328012e3a8b6,1553,8ad201e80244f630ab5a46922ab72fb79c5ad4f4
PKHeX.Core/Resources/text/script/gen7/const_usum_zh-Hant.txt,45da81495da98cd5e9224c9a9b79a3143eb18c11,1548,8ad201e80244f630ab5a46922ab72fb79c5ad4f4
PKHeX.Core/Resources/text/script/gen7/flags_gg_en.txt,4140fd6d01a419a6863e9247f20906be80ec43d9,5330,8ad201e80244f630ab5a46922ab72fb79c5ad4f4
PKHeX.Core/Resources/text/script/gen7/flags_gg_es-419.txt,ff2286198f5c8d248935dc448af6bb74956bb149,5656,8ad201e80244f630ab5a46922ab72fb79c5ad4f4
PKHeX.Core/Resources/text/script/gen7/flags_gg_es.txt,517d23aea0e5b0d8d31896ba4e8dc90c5ae6ba36,5656,8ad201e80244f630ab5a46922ab72fb79c5ad4f4
PKHeX.Core/Resources/text/script/gen7/flags_gg_ko.txt,33d5a339d7f79c3fd8a2289ca99174c4afc82ff3,5772,8ad201e80244f630ab5a46922ab72fb79c5ad4f4
PKHeX.Core/Resources/text/script/gen7/flags_gg_zh-Hans.txt,1a5a3f80ac91362186d5a3a4872f66573ac3294b,5579,8ad201e80244f630ab5a46922ab72fb79c5ad4f4
PKHeX.Core/Resources/text/script/gen7/flags_gg_zh-Hant.txt,a30c0d63d484db2ef39b04201b97aaab940a7fcd,5584,8ad201e80244f630ab5a46922ab72fb79c5ad4f4
PKHeX.Core/Resources/text/script/gen7/flags_sm_en.txt,6f42d8b9b6bcd0f717b6ee0a57e75a81c90191af,2275,8ad201e80244f630ab5a46922ab72fb79c5ad4f4
PKHeX.Core/Resources/text/script/gen7/flags_sm_es-419.txt,818aa15484cb146f2ba8a6eb3c28378b2b61ff41,2602,8ad201e80244f630ab5a46922ab72fb79c5ad4f4
PKHeX.Core/Resources/text/script/gen7/flags_sm_es.txt,40c1ab2880b09731ca44ba6be7c51a5f34920012,2601,8ad201e80244f630ab5a46922ab72fb79c5ad4f4
PKHeX.Core/Resources/text/script/gen7/flags_sm_fr.txt,019cc34c2f3c55337b4c2dafe4d40869c9616f74,2635,8ad201e80244f630ab5a46922ab72fb79c5ad4f4
PKHeX.Core/Resources/text/script/gen7/flags_sm_ja.txt,182976b710346a9035b423e892524c17419c461c,2920,8ad201e80244f630ab5a46922ab72fb79c5ad4f4
PKHeX.Core/Resources/text/script/gen7/flags_sm_ko.txt,9688eebf0a642401dd5c271de8e5f6d6f2a679f7,2942,8ad201e80244f630ab5a46922ab72fb79c5ad4f4
PKHeX.Core/Resources/text/script/gen7/flags_sm_zh-Hans.txt,c36298017714f8658eadf573bf088df3aef6963c,2379,8ad201e80244f630ab5a46922ab72fb79c5ad4f4
PKHeX.Core/Resources/text/script/gen7/flags_sm_zh-Hant.txt,0611b156001c4db0514ec3c67a145733d760de60,2384,8ad201e80244f630ab5a46922ab72fb79c5ad4f4
PKHeX.Core/Resources/text/script/gen7/flags_usum_en.txt,3f9f23d241d85923727f698bc00e8974da1b0dbd,4471,8ad201e80244f630ab5a46922ab72fb79c5ad4f4
PKHeX.Core/Resources/text/script/gen7/flags_usum_es-419.txt,183cd63c4d56b1a66f03d4d8f81b138bb3c4e245,5090,8ad201e80244f630ab5a46922ab72fb79c5ad4f4
PKHeX.Core/Resources/text/script/gen7/flags_usum_es.txt,183cd63c4d56b1a66f03d4d8f81b138bb3c4e245,5090,8ad201e80244f630ab5a46922ab72fb79c5ad4f4
PKHeX.Core/Resources/text/script/gen7/flags_usum_fr.txt,0e734955267b49ec988f2d7bcf3f8bd25b8c1b07,4994,8ad201e80244f630ab5a46922ab72fb79c5ad4f4
PKHeX.Core/Resources/text/script/gen7/flags_usum_ja.txt,9c12a6863d2b6e3c22a0117d8b509b7430b2034f,6108,8ad201e80244f630ab5a46922ab72fb79c5ad4f4
PKHeX.Core/Resources/text/script/gen7/flags_usum_ko.txt,6977bd6674f731e4af3e8ccb356edb161e40a566,5404,8ad201e80244f630ab5a46922ab72fb79c5ad4f4
PKHeX.Core/Resources/text/script/gen7/flags_usum_zh-Hans.txt,2cf05522527d9b58f0594c3d29ce71e9d0465251,4767,8ad201e80244f630ab5a46922ab72fb79c5ad4f4
PKHeX.Core/Resources/text/script/gen7/flags_usum_zh-Hant.txt,be8adf1cb169eafbf60ded782d88b10ecbe56d00,4784,8ad201e80244f630ab5a46922ab72fb79c5ad4f4
PKHeX.Core/Resources/text/script/gen8/flag_bdsp_en.txt,59b59dd5e05de6628b340f798fd87085902766ec,2523,8ad201e80244f630ab5a46922ab72fb79c5ad4f4
PKHeX.Core/Resources/text/script/gen8/flag_bdsp_es-419.txt,e7bdb21185c5a7568a959fb6b9f80e14221ccf8f,2626,8ad201e80244f630ab5a46922ab72fb79c5ad4f4
PKHeX.Core/Resources/text/script/gen8/flag_bdsp_es.txt,e7bdb21185c5a7568a959fb6b9f80e14221ccf8f,2626,8ad201e80244f630ab5a46922ab72fb79c5ad4f4
PKHeX.Core/Resources/text/script/gen8/flag_bdsp_zh-Hans.txt,c2d28533081a64778ca69724dde83c90c6019e7a,3285,8ad201e80244f630ab5a46922ab72fb79c5ad4f4
PKHeX.Core/Resources/text/script/gen8/flag_bdsp_zh-Hant.txt,6c78a3fe3d895b779d089a9234992a7ff424f944,3018,8ad201e80244f630ab5a46922ab72fb79c5ad4f4
PKHeX.Core/Resources/text/script/gen8/system_bdsp_en.txt,6540593037da4877773d4a1ce6e772c901173231,937,8ad201e80244f630ab5a46922ab72fb79c5ad4f4
PKHeX.Core/Resources/text/script/gen8/work_bdsp_en.txt,c8d7ab4caa7dcb388562e2fba3f0a270c95feebe,1534,8ad201e80244f630ab5a46922ab72fb79c5ad4f4
PKHeX.Core/Resources/text/script/gen8/work_bdsp_es-419.txt,3f9a3a1ed01de7e7ec03d6478b2f6ba362350138,1540,8ad201e80244f630ab5a46922ab72fb79c5ad4f4
PKHeX.Core/Resources/text/script/gen8/work_bdsp_es.txt,3f9a3a1ed01de7e7ec03d6478b2f6ba362350138,1540,8ad201e80244f630ab5a46922ab72fb79c5ad4f4
PKHeX.Core/Resources/text/script/gen8/work_bdsp_zh-Hans.txt,0290c5f67009847432976706109e64e3d76d9dfb,1660,8ad201e80244f630ab5a46922ab72fb79c5ad4f4
PKHeX.Core/Resources/text/script/gen8/work_bdsp_zh-Hant.txt,cb8141cc573ce52dc6196415b8bc5f81c6878fdf,1679,8ad201e80244f630ab5a46922ab72fb79c5ad4f4
PKHeX.Core/Resources/text/wondercard/text_wondercard7_de.txt,2f4f88da7fdf10458de28ca696adbbf1076cd333,597,8ad201e80244f630ab5a46922ab72fb79c5ad4f4
PKHeX.Core/Resources/text/wondercard/text_wondercard7_en.txt,ba6f27a891007b7181a595b26e362f53fe8c9be8,464,8ad201e80244f630ab5a46922ab72fb79c5ad4f4
PKHeX.Core/Resources/text/wondercard/text_wondercard7_es.txt,bf1e810e37773ff9947e0ad2e6c05c1a8ac1e9a1,547,8ad201e80244f630ab5a46922ab72fb79c5ad4f4
PKHeX.Core/Resources/text/wondercard/text_wondercard7_fr.txt,febb5ff74631a3de701c7cb8d7f009ea6d1f3702,555,8ad201e80244f630ab5a46922ab72fb79c5ad4f4
PKHeX.Core/Resources/text/wondercard/text_wondercard7_it.txt,c384ad778f8e0f0e82e5393366ec908ebeb6e98c,506,8ad201e80244f630ab5a46922ab72fb79c5ad4f4
PKHeX.Core/Resources/text/wondercard/text_wondercard7_ja.txt,e098381ad75c2b72acf4411f42f10e2b3acaf0e4,587,8ad201e80244f630ab5a46922ab72fb79c5ad4f4
PKHeX.Core/Resources/text/wondercard/text_wondercard7_ko.txt,330a49014027d2cc71dba32f4bbdbe367682a69e,492,8ad201e80244f630ab5a46922ab72fb79c5ad4f4
PKHeX.Core/Resources/text/wondercard/text_wondercard7_zh-Hans.txt,16bcd388cb7375fe0c071a6bb2e6ff822e2240bc,425,8ad201e80244f630ab5a46922ab72fb79c5ad4f4
PKHeX.Core/Resources/text/wondercard/text_wondercard7_zh-Hant.txt,8e9198b1f9077239b065b0712e9d4f161237466c,426,8ad201e80244f630ab5a46922ab72fb79c5ad4f4
PKHeX.Core/Resources/text/wondercard/text_wondercard8_de.txt,ae34d223cf162f783d905aec4b8ed29966e115e9,1562,8ad201e80244f630ab5a46922ab72fb79c5ad4f4
PKHeX.Core/Resources/text/wondercard/text_wondercard8_en.txt,9f4dcbd8fea7d19b80aa1337cdef58403ecc21d5,1284,8ad201e80244f630ab5a46922ab72fb79c5ad4f4
PKHeX.Core/Resources/text/wondercard/text_wondercard8_es.txt,e57bda3370e7e41ef3bd108e71fd9b0695ccffb7,1524,8ad201e80244f630ab5a46922ab72fb79c5ad4f4
PKHeX.Core/Resources/text/wondercard/text_wondercard8_fr.txt,e36e8f88b7c67644c3919043542c151f33442b62,1404,8ad201e80244f630ab5a46922ab72fb79c5ad4f4
PKHeX.Core/Resources/text/wondercard/text_wondercard8_it.txt,3a5ad3882e6ceb8646c28981e5f3d76626a1ba12,1453,8ad201e80244f630ab5a46922ab72fb79c5ad4f4
PKHeX.Core/Resources/text/wondercard/text_wondercard8_ja.txt,f9b5e1ea0abb369fa64c2ad9120bf016d033dd3d,1717,8ad201e80244f630ab5a46922ab72fb79c5ad4f4
PKHeX.Core/Resources/text/wondercard/text_wondercard8_ko.txt,e7fd109fe3b0fdab2b35c9ec51777b364c1fc944,1223,8ad201e80244f630ab5a46922ab72fb79c5ad4f4
PKHeX.Core/Resources/text/wondercard/text_wondercard8_zh-Hans.txt,f57a944c5f88cadfa05940a7739825d0fea110e8,1144,8ad201e80244f630ab5a46922ab72fb79c5ad4f4
PKHeX.Core/Resources/text/wondercard/text_wondercard8_zh-Hant.txt,01465bac3bed78cf7243103571604230bd6576a1,1188,8ad201e80244f630ab5a46922ab72fb79c5ad4f4
PKHeX.Core/Resources/text/wondercard/text_wondercard9_de.txt,64fb12d6db6dc939d52361c4ba271bb45b9a7782,893,8ad201e80244f630ab5a46922ab72fb79c5ad4f4
PKHeX.Core/Resources/text/wondercard/text_wondercard9_en.txt,b8aee52965682b9e4fbe4fa023f6b71a7215217a,793,8ad201e80244f630ab5a46922ab72fb79c5ad4f4
PKHeX.Core/Resources/text/wondercard/text_wondercard9_es-419.txt,3e19b62d58994b511f6dc20e0993eee9f280e1d8,897,8ad201e80244f630ab5a46922ab72fb79c5ad4f4
PKHeX.Core/Resources/text/wondercard/text_wondercard9_es.txt,df76d567eeab2d13aac730b368c80a60aa295ecd,897,8ad201e80244f630ab5a46922ab72fb79c5ad4f4
PKHeX.Core/Resources/text/wondercard/text_wondercard9_fr.txt,7fcc338a6feb333a8fea38ad2be9103629b25fbd,864,8ad201e80244f630ab5a46922ab72fb79c5ad4f4
PKHeX.Core/Resources/text/wondercard/text_wondercard9_it.txt,07042b265b3b3f39ba566ce2d15b472d9a8ee44f,816,8ad201e80244f630ab5a46922ab72fb79c5ad4f4
PKHeX.Core/Resources/text/wondercard/text_wondercard9_ja.txt,093cdd7ad14e08a7fc5ae5dced0e16a9b9bf4b51,1093,8ad201e80244f630ab5a46922ab72fb79c5ad4f4
PKHeX.Core/Resources/text/wondercard/text_wondercard9_ko.txt,f1b70679503a0f4041ecc53a8752e8663ea21e00,841,8ad201e80244f630ab5a46922ab72fb79c5ad4f4
PKHeX.Core/Resources/text/wondercard/text_wondercard9_zh-Hans.txt,e6e865202113783981e17c0fc7b6f83c816a6471,765,8ad201e80244f630ab5a46922ab72fb79c5ad4f4
PKHeX.Core/Resources/text/wondercard/text_wondercard9_zh-Hant.txt,13a9fd07688b3910ecfe3973fbc6d91fba106344,780,8ad201e80244f630ab5a46922ab72fb79c5ad4f4
