id,name_ja,name_ko,name_en,source_repo,source_commit,source_path_ja,source_path_ko,source_path_en
0,タマゴ,알,Egg,kwsch/PKHeX,8ad201e80244f630ab5a46922ab72fb79c5ad4f4,PKHeX.Core/Resources/text/other/ja/text_Species_ja.txt,PKHeX.Core/Resources/text/other/ko/text_Species_ko.txt,PKHeX.Core/Resources/text/other/en/text_Species_en.txt
1,フシギダネ,이상해씨,Bulbasaur,kwsch/PKHeX,8ad201e80244f630ab5a46922ab72fb79c5ad4f4,PKHeX.Core/Resources/text/other/ja/text_Species_ja.txt,PKHeX.Core/Resources/text/other/ko/text_Species_ko.txt,PKHeX.Core/Resources/text/other/en/text_Species_en.txt
2,フシギソウ,이상해풀,Ivysaur,kwsch/PKHeX,8ad201e80244f630ab5a46922ab72fb79c5ad4f4,PKHeX.Core/Resources/text/other/ja/text_Species_ja.txt,PKHeX.Core/Resources/text/other/ko/text_Species_ko.txt,PKHeX.Core/Resources/text/other/en/text_Species_en.txt
3,フシギバナ,이상해꽃,Venusaur,kwsch/PKHeX,8ad201e80244f630ab5a46922ab72fb79c5ad4f4,PKHeX.Core/Resources/text/other/ja/text_Species_ja.txt,PKHeX.Core/Resources/text/other/ko/text_Species_ko.txt,PKHeX.Core/Resources/text/other/en/text_Species_en.txt
4,ヒトカゲ,파이리,Charmander,kwsch/PKHeX,8ad201e80244f630ab5a46922ab72fb79c5ad4f4,PKHeX.Core/Resources/text/other/ja/text_Species_ja.txt,PKHeX.Core/Resources/text/other/ko/text_Species_ko.txt,PKHeX.Core/Resources/text/other/en/text_Species_en.txt
5,リザード,리자드,Charmeleon,kwsch/PKHeX,8ad201e80244f630ab5a46922ab72fb79c5ad4f4,PKHeX.Core/Resources/text/other/ja/text_Species_ja.txt,PKHeX.Core/Resources/text/other/ko/text_Species_ko.txt,PKHeX.Core/Resources/text/other/en/text_Species_en.txt
6,リザードン,리자몽,Charizard,kwsch/PKHeX,8ad201e80244f630ab5a46922ab72fb79c5ad4f4,PKHeX.Core/Resources/text/other/ja/text_Species_ja.txt,PKHeX.Core/Resources/text/other/ko/text_Species_ko.txt,PKHeX.Core/Resources/text/other/en/text_Species_en.txt
7,ゼニガメ,꼬부기,Squirtle,kwsch/PKHeX,8ad201e80244f630ab5a46922ab72fb79c5ad4f4,PKHeX.Core/Resources/text/other/ja/text_Species_ja.txt,PKHeX.Core/Resources/text/other/ko/text_Species_ko.txt,PKHeX.Core/Resources/text/other/en/text_Species_en.txt
8,カメール,어니부기,Wartortle,kwsch/PKHeX,8ad201e80244f630ab5a46922ab72fb79c5ad4f4,PKHeX.Core/Resources/text/other/ja/text_Species_ja.txt,PKHeX.Core/Resources/text/other/ko/text_Species_ko.txt,PKHeX.Core/Resources/text/other/en/text_Species_en.txt
9,カメックス,거북왕,Blastoise,kwsch/PKHeX,8ad201e80244f630ab5a46922ab72fb79c5ad4f4,PKHeX.Core/Resources/text/other/ja/text_Species_ja.txt,PKHeX.Core/Resources/text/other/ko/text_Species_ko.txt,PKHeX.Core/Resources/text/other/en/text_Species_en.txt
10,キャタピー,캐터피,Caterpie,kwsch/PKHeX,8ad201e80244f630ab5a46922ab72fb79c5ad4f4,PKHeX.Core/Resources/text/other/ja/text_Species_ja.txt,PKHeX.Core/Resources/text/other/ko/text_Species_ko.txt,PKHeX.Core/Resources/text/other/en/text_Species_en.txt
11,トランセル,단데기,Metapod,kwsch/PKHeX,8ad201e80244f630ab5a46922ab72fb79c5ad4f4,PKHeX.Core/Resources/text/other/ja/text_Species_ja.txt,PKHeX.Core/Resources/text/other/ko/text_Species_ko.txt,PKHeX.Core/Resources/text/other/en/text_Species_en.txt
12,バタフリー,버터플,Butterfree,kwsch/PKHeX,8ad201e80244f630ab5a46922ab72fb79c5ad4f4,PKHeX.Core/Resources/text/other/ja/text_Species_ja.txt,PKHeX.Core/Resources/text/other/ko/text_Species_ko.txt,PKHeX.Core/Resources/text/other/en/text_Species_en.txt
13,ビードル,뿔충이,Weedle,kwsch/PKHeX,8ad201e80244f630ab5a46922ab72fb79c5ad4f4,PKHeX.Core/Resources/text/other/ja/text_Species_ja.txt,PKHeX.Core/Resources/text/other/ko/text_Species_ko.txt,PKHeX.Core/Resources/text/other/en/text_Species_en.txt
14,コクーン,딱충이,Kakuna,kwsch/PKHeX,8ad201e80244f630ab5a46922ab72fb79c5ad4f4,PKHeX.Core/Resources/text/other/ja/text_Species_ja.txt,PKHeX.Core/Resources/text/other/ko/text_Species_ko.txt,PKHeX.Core/Resources/text/other/en/text_Species_en.txt
15,スピアー,독침붕,Beedrill,kwsch/PKHeX,8ad201e80244f630ab5a46922ab72fb79c5ad4f4,PKHeX.Core/Resources/text/other/ja/text_Species_ja.txt,PKHeX.Core/Resources/text/other/ko/text_Species_ko.txt,PKHeX.Core/Resources/text/other/en/text_Species_en.txt
16,ポッポ,구구,Pidgey,kwsch/PKHeX,8ad201e80244f630ab5a46922ab72fb79c5ad4f4,PKHeX.Core/Resources/text/other/ja/text_Species_ja.txt,PKHeX.Core/Resources/text/other/ko/text_Species_ko.txt,PKHeX.Core/Resources/text/other/en/text_Species_en.txt
17,ピジョン,피죤,Pidgeotto,kwsch/PKHeX,8ad201e80244f630ab5a46922ab72fb79c5ad4f4,PKHeX.Core/Resources/text/other/ja/text_Species_ja.txt,PKHeX.Core/Resources/text/other/ko/text_Species_ko.txt,PKHeX.Core/Resources/text/other/en/text_Species_en.txt
18,ピジョット,피죤투,Pidgeot,kwsch/PKHeX,8ad201e80244f630ab5a46922ab72fb79c5ad4f4,PKHeX.Core/Resources/text/other/ja/text_Species_ja.txt,PKHeX.Core/Resources/text/other/ko/text_Species_ko.txt,PKHeX.Core/Resources/text/other/en/text_Species_en.txt
19,コラッタ,꼬렛,Rattata,kwsch/PKHeX,8ad201e80244f630ab5a46922ab72fb79c5ad4f4,PKHeX.Core/Resources/text/other/ja/text_Species_ja.txt,PKHeX.Core/Resources/text/other/ko/text_Species_ko.txt,PKHeX.Core/Resources/text/other/en/text_Species_en.txt
20,ラッタ,레트라,Raticate,kwsch/PKHeX,8ad201e80244f630ab5a46922ab72fb79c5ad4f4,PKHeX.Core/Resources/text/other/ja/text_Species_ja.txt,PKHeX.Core/Resources/text/other/ko/text_Species_ko.txt,PKHeX.Core/Resources/text/other/en/text_Species_en.txt
21,オニスズメ,깨비참,Spearow,kwsch/PKHeX,8ad201e80244f630ab5a46922ab72fb79c5ad4f4,PKHeX.Core/Resources/text/other/ja/text_Species_ja.txt,PKHeX.Core/Resources/text/other/ko/text_Species_ko.txt,PKHeX.Core/Resources/text/other/en/text_Species_en.txt
22,オニドリル,깨비드릴조,Fearow,kwsch/PKHeX,8ad201e80244f630ab5a46922ab72fb79c5ad4f4,PKHeX.Core/Resources/text/other/ja/text_Species_ja.txt,PKHeX.Core/Resources/text/other/ko/text_Species_ko.txt,PKHeX.Core/Resources/text/other/en/text_Species_en.txt
23,アーボ,아보,Ekans,kwsch/PKHeX,8ad201e80244f630ab5a46922ab72fb79c5ad4f4,PKHeX.Core/Resources/text/other/ja/text_Species_ja.txt,PKHeX.Core/Resources/text/other/ko/text_Species_ko.txt,PKHeX.Core/Resources/text/other/en/text_Species_en.txt
24,アーボック,아보크,Arbok,kwsch/PKHeX,8ad201e80244f630ab5a46922ab72fb79c5ad4f4,PKHeX.Core/Resources/text/other/ja/text_Species_ja.txt,PKHeX.Core/Resources/text/other/ko/text_Species_ko.txt,PKHeX.Core/Resources/text/other/en/text_Species_en.txt
25,ピカチュウ,피카츄,Pikachu,kwsch/PKHeX,8ad201e80244f630ab5a46922ab72fb79c5ad4f4,PKHeX.Core/Resources/text/other/ja/text_Species_ja.txt,PKHeX.Core/Resources/text/other/ko/text_Species_ko.txt,PKHeX.Core/Resources/text/other/en/text_Species_en.txt
26,ライチュウ,라이츄,Raichu,kwsch/PKHeX,8ad201e80244f630ab5a46922ab72fb79c5ad4f4,PKHeX.Core/Resources/text/other/ja/text_Species_ja.txt,PKHeX.Core/Resources/text/other/ko/text_Species_ko.txt,PKHeX.Core/Resources/text/other/en/text_Species_en.txt
27,サンド,모래두지,Sandshrew,kwsch/PKHeX,8ad201e80244f630ab5a46922ab72fb79c5ad4f4,PKHeX.Core/Resources/text/other/ja/text_Species_ja.txt,PKHeX.Core/Resources/text/other/ko/text_Species_ko.txt,PKHeX.Core/Resources/text/other/en/text_Species_en.txt
28,サンドパン,고지,Sandslash,kwsch/PKHeX,8ad201e80244f630ab5a46922ab72fb79c5ad4f4,PKHeX.Core/Resources/text/other/ja/text_Species_ja.txt,PKHeX.Core/Resources/text/other/ko/text_Species_ko.txt,PKHeX.Core/Resources/text/other/en/text_Species_en.txt
29,ニドラン♀,니드런♀,Nidoran♀,kwsch/PKHeX,8ad201e80244f630ab5a46922ab72fb79c5ad4f4,PKHeX.Core/Resources/text/other/ja/text_Species_ja.txt,PKHeX.Core/Resources/text/other/ko/text_Species_ko.txt,PKHeX.Core/Resources/text/other/en/text_Species_en.txt
30,ニドリーナ,니드리나,Nidorina,kwsch/PKHeX,8ad201e80244f630ab5a46922ab72fb79c5ad4f4,PKHeX.Core/Resources/text/other/ja/text_Species_ja.txt,PKHeX.Core/Resources/text/other/ko/text_Species_ko.txt,PKHeX.Core/Resources/text/other/en/text_Species_en.txt
31,ニドクイン,니드퀸,Nidoqueen,kwsch/PKHeX,8ad201e80244f630ab5a46922ab72fb79c5ad4f4,PKHeX.Core/Resources/text/other/ja/text_Species_ja.txt,PKHeX.Core/Resources/text/other/ko/text_Species_ko.txt,PKHeX.Core/Resources/text/other/en/text_Species_en.txt
32,ニドラン♂,니드런♂,Nidoran♂,kwsch/PKHeX,8ad201e80244f630ab5a46922ab72fb79c5ad4f4,PKHeX.Core/Resources/text/other/ja/text_Species_ja.txt,PKHeX.Core/Resources/text/other/ko/text_Species_ko.txt,PKHeX.Core/Resources/text/other/en/text_Species_en.txt
33,ニドリーノ,니드리노,Nidorino,kwsch/PKHeX,8ad201e80244f630ab5a46922ab72fb79c5ad4f4,PKHeX.Core/Resources/text/other/ja/text_Species_ja.txt,PKHeX.Core/Resources/text/other/ko/text_Species_ko.txt,PKHeX.Core/Resources/text/other/en/text_Species_en.txt
34,ニドキング,니드킹,Nidoking,kwsch/PKHeX,8ad201e80244f630ab5a46922ab72fb79c5ad4f4,PKHeX.Core/Resources/text/other/ja/text_Species_ja.txt,PKHeX.Core/Resources/text/other/ko/text_Species_ko.txt,PKHeX.Core/Resources/text/other/en/text_Species_en.txt
35,ピッピ,삐삐,Clefairy,kwsch/PKHeX,8ad201e80244f630ab5a46922ab72fb79c5ad4f4,PKHeX.Core/Resources/text/other/ja/text_Species_ja.txt,PKHeX.Core/Resources/text/other/ko/text_Species_ko.txt,PKHeX.Core/Resources/text/other/en/text_Species_en.txt
36,ピクシー,픽시,Clefable,kwsch/PKHeX,8ad201e80244f630ab5a46922ab72fb79c5ad4f4,PKHeX.Core/Resources/text/other/ja/text_Species_ja.txt,PKHeX.Core/Resources/text/other/ko/text_Species_ko.txt,PKHeX.Core/Resources/text/other/en/text_Species_en.txt
37,ロコン,식스테일,Vulpix,kwsch/PKHeX,8ad201e80244f630ab5a46922ab72fb79c5ad4f4,PKHeX.Core/Resources/text/other/ja/text_Species_ja.txt,PKHeX.Core/Resources/text/other/ko/text_Species_ko.txt,PKHeX.Core/Resources/text/other/en/text_Species_en.txt
38,キュウコン,나인테일,Ninetales,kwsch/PKHeX,8ad201e80244f630ab5a46922ab72fb79c5ad4f4,PKHeX.Core/Resources/text/other/ja/text_Species_ja.txt,PKHeX.Core/Resources/text/other/ko/text_Species_ko.txt,PKHeX.Core/Resources/text/other/en/text_Species_en.txt
39,プリン,푸린,Jigglypuff,kwsch/PKHeX,8ad201e80244f630ab5a46922ab72fb79c5ad4f4,PKHeX.Core/Resources/text/other/ja/text_Species_ja.txt,PKHeX.Core/Resources/text/other/ko/text_Species_ko.txt,PKHeX.Core/Resources/text/other/en/text_Species_en.txt
40,プクリン,푸크린,Wigglytuff,kwsch/PKHeX,8ad201e80244f630ab5a46922ab72fb79c5ad4f4,PKHeX.Core/Resources/text/other/ja/text_Species_ja.txt,PKHeX.Core/Resources/text/other/ko/text_Species_ko.txt,PKHeX.Core/Resources/text/other/en/text_Species_en.txt
41,ズバット,주뱃,Zubat,kwsch/PKHeX,8ad201e80244f630ab5a46922ab72fb79c5ad4f4,PKHeX.Core/Resources/text/other/ja/text_Species_ja.txt,PKHeX.Core/Resources/text/other/ko/text_Species_ko.txt,PKHeX.Core/Resources/text/other/en/text_Species_en.txt
42,ゴルバット,골뱃,Golbat,kwsch/PKHeX,8ad201e80244f630ab5a46922ab72fb79c5ad4f4,PKHeX.Core/Resources/text/other/ja/text_Species_ja.txt,PKHeX.Core/Resources/text/other/ko/text_Species_ko.txt,PKHeX.Core/Resources/text/other/en/text_Species_en.txt
43,ナゾノクサ,뚜벅쵸,Oddish,kwsch/PKHeX,8ad201e80244f630ab5a46922ab72fb79c5ad4f4,PKHeX.Core/Resources/text/other/ja/text_Species_ja.txt,PKHeX.Core/Resources/text/other/ko/text_Species_ko.txt,PKHeX.Core/Resources/text/other/en/text_Species_en.txt
44,クサイハナ,냄새꼬,Gloom,kwsch/PKHeX,8ad201e80244f630ab5a46922ab72fb79c5ad4f4,PKHeX.Core/Resources/text/other/ja/text_Species_ja.txt,PKHeX.Core/Resources/text/other/ko/text_Species_ko.txt,PKHeX.Core/Resources/text/other/en/text_Species_en.txt
45,ラフレシア,라플레시아,Vileplume,kwsch/PKHeX,8ad201e80244f630ab5a46922ab72fb79c5ad4f4,PKHeX.Core/Resources/text/other/ja/text_Species_ja.txt,PKHeX.Core/Resources/text/other/ko/text_Species_ko.txt,PKHeX.Core/Resources/text/other/en/text_Species_en.txt
46,パラス,파라스,Paras,kwsch/PKHeX,8ad201e80244f630ab5a46922ab72fb79c5ad4f4,PKHeX.Core/Resources/text/other/ja/text_Species_ja.txt,PKHeX.Core/Resources/text/other/ko/text_Species_ko.txt,PKHeX.Core/Resources/text/other/en/text_Species_en.txt
47,パラセクト,파라섹트,Parasect,kwsch/PKHeX,8ad201e80244f630ab5a46922ab72fb79c5ad4f4,PKHeX.Core/Resources/text/other/ja/text_Species_ja.txt,PKHeX.Core/Resources/text/other/ko/text_Species_ko.txt,PKHeX.Core/Resources/text/other/en/text_Species_en.txt
48,コンパン,콘팡,Venonat,kwsch/PKHeX,8ad201e80244f630ab5a46922ab72fb79c5ad4f4,PKHeX.Core/Resources/text/other/ja/text_Species_ja.txt,PKHeX.Core/Resources/text/other/ko/text_Species_ko.txt,PKHeX.Core/Resources/text/other/en/text_Species_en.txt
49,モルフォン,도나리,Venomoth,kwsch/PKHeX,8ad201e80244f630ab5a46922ab72fb79c5ad4f4,PKHeX.Core/Resources/text/other/ja/text_Species_ja.txt,PKHeX.Core/Resources/text/other/ko/text_Species_ko.txt,PKHeX.Core/Resources/text/other/en/text_Species_en.txt
50,ディグダ,디그다,Diglett,kwsch/PKHeX,8ad201e80244f630ab5a46922ab72fb79c5ad4f4,PKHeX.Core/Resources/text/other/ja/text_Species_ja.txt,PKHeX.Core/Resources/text/other/ko/text_Species_ko.txt,PKHeX.Core/Resources/text/other/en/text_Species_en.txt
51,ダグトリオ,닥트리오,Dugtrio,kwsch/PKHeX,8ad201e80244f630ab5a46922ab72fb79c5ad4f4,PKHeX.Core/Resources/text/other/ja/text_Species_ja.txt,PKHeX.Core/Resources/text/other/ko/text_Species_ko.txt,PKHeX.Core/Resources/text/other/en/text_Species_en.txt
52,ニャース,나옹,Meowth,kwsch/PKHeX,8ad201e80244f630ab5a46922ab72fb79c5ad4f4,PKHeX.Core/Resources/text/other/ja/text_Species_ja.txt,PKHeX.Core/Resources/text/other/ko/text_Species_ko.txt,PKHeX.Core/Resources/text/other/en/text_Species_en.txt
53,ペルシアン,페르시온,Persian,kwsch/PKHeX,8ad201e80244f630ab5a46922ab72fb79c5ad4f4,PKHeX.Core/Resources/text/other/ja/text_Species_ja.txt,PKHeX.Core/Resources/text/other/ko/text_Species_ko.txt,PKHeX.Core/Resources/text/other/en/text_Species_en.txt
54,コダック,고라파덕,Psyduck,kwsch/PKHeX,8ad201e80244f630ab5a46922ab72fb79c5ad4f4,PKHeX.Core/Resources/text/other/ja/text_Species_ja.txt,PKHeX.Core/Resources/text/other/ko/text_Species_ko.txt,PKHeX.Core/Resources/text/other/en/text_Species_en.txt
55,ゴルダック,골덕,Golduck,kwsch/PKHeX,8ad201e80244f630ab5a46922ab72fb79c5ad4f4,PKHeX.Core/Resources/text/other/ja/text_Species_ja.txt,PKHeX.Core/Resources/text/other/ko/text_Species_ko.txt,PKHeX.Core/Resources/text/other/en/text_Species_en.txt
56,マンキー,망키,Mankey,kwsch/PKHeX,8ad201e80244f630ab5a46922ab72fb79c5ad4f4,PKHeX.Core/Resources/text/other/ja/text_Species_ja.txt,PKHeX.Core/Resources/text/other/ko/text_Species_ko.txt,PKHeX.Core/Resources/text/other/en/text_Species_en.txt
57,オコリザル,성원숭,Primeape,kwsch/PKHeX,8ad201e80244f630ab5a46922ab72fb79c5ad4f4,PKHeX.Core/Resources/text/other/ja/text_Species_ja.txt,PKHeX.Core/Resources/text/other/ko/text_Species_ko.txt,PKHeX.Core/Resources/text/other/en/text_Species_en.txt
58,ガーディ,가디,Growlithe,kwsch/PKHeX,8ad201e80244f630ab5a46922ab72fb79c5ad4f4,PKHeX.Core/Resources/text/other/ja/text_Species_ja.txt,PKHeX.Core/Resources/text/other/ko/text_Species_ko.txt,PKHeX.Core/Resources/text/other/en/text_Species_en.txt
59,ウインディ,윈디,Arcanine,kwsch/PKHeX,8ad201e80244f630ab5a46922ab72fb79c5ad4f4,PKHeX.Core/Resources/text/other/ja/text_Species_ja.txt,PKHeX.Core/Resources/text/other/ko/text_Species_ko.txt,PKHeX.Core/Resources/text/other/en/text_Species_en.txt
60,ニョロモ,발챙이,Poliwag,kwsch/PKHeX,8ad201e80244f630ab5a46922ab72fb79c5ad4f4,PKHeX.Core/Resources/text/other/ja/text_Species_ja.txt,PKHeX.Core/Resources/text/other/ko/text_Species_ko.txt,PKHeX.Core/Resources/text/other/en/text_Species_en.txt
61,ニョロゾ,슈륙챙이,Poliwhirl,kwsch/PKHeX,8ad201e80244f630ab5a46922ab72fb79c5ad4f4,PKHeX.Core/Resources/text/other/ja/text_Species_ja.txt,PKHeX.Core/Resources/text/other/ko/text_Species_ko.txt,PKHeX.Core/Resources/text/other/en/text_Species_en.txt
62,ニョロボン,강챙이,Poliwrath,kwsch/PKHeX,8ad201e80244f630ab5a46922ab72fb79c5ad4f4,PKHeX.Core/Resources/text/other/ja/text_Species_ja.txt,PKHeX.Core/Resources/text/other/ko/text_Species_ko.txt,PKHeX.Core/Resources/text/other/en/text_Species_en.txt
63,ケーシィ,캐이시,Abra,kwsch/PKHeX,8ad201e80244f630ab5a46922ab72fb79c5ad4f4,PKHeX.Core/Resources/text/other/ja/text_Species_ja.txt,PKHeX.Core/Resources/text/other/ko/text_Species_ko.txt,PKHeX.Core/Resources/text/other/en/text_Species_en.txt
64,ユンゲラー,윤겔라,Kadabra,kwsch/PKHeX,8ad201e80244f630ab5a46922ab72fb79c5ad4f4,PKHeX.Core/Resources/text/other/ja/text_Species_ja.txt,PKHeX.Core/Resources/text/other/ko/text_Species_ko.txt,PKHeX.Core/Resources/text/other/en/text_Species_en.txt
65,フーディン,후딘,Alakazam,kwsch/PKHeX,8ad201e80244f630ab5a46922ab72fb79c5ad4f4,PKHeX.Core/Resources/text/other/ja/text_Species_ja.txt,PKHeX.Core/Resources/text/other/ko/text_Species_ko.txt,PKHeX.Core/Resources/text/other/en/text_Species_en.txt
66,ワンリキー,알통몬,Machop,kwsch/PKHeX,8ad201e80244f630ab5a46922ab72fb79c5ad4f4,PKHeX.Core/Resources/text/other/ja/text_Species_ja.txt,PKHeX.Core/Resources/text/other/ko/text_Species_ko.txt,PKHeX.Core/Resources/text/other/en/text_Species_en.txt
67,ゴーリキー,근육몬,Machoke,kwsch/PKHeX,8ad201e80244f630ab5a46922ab72fb79c5ad4f4,PKHeX.Core/Resources/text/other/ja/text_Species_ja.txt,PKHeX.Core/Resources/text/other/ko/text_Species_ko.txt,PKHeX.Core/Resources/text/other/en/text_Species_en.txt
68,カイリキー,괴력몬,Machamp,kwsch/PKHeX,8ad201e80244f630ab5a46922ab72fb79c5ad4f4,PKHeX.Core/Resources/text/other/ja/text_Species_ja.txt,PKHeX.Core/Resources/text/other/ko/text_Species_ko.txt,PKHeX.Core/Resources/text/other/en/text_Species_en.txt
69,マダツボミ,모다피,Bellsprout,kwsch/PKHeX,8ad201e80244f630ab5a46922ab72fb79c5ad4f4,PKHeX.Core/Resources/text/other/ja/text_Species_ja.txt,PKHeX.Core/Resources/text/other/ko/text_Species_ko.txt,PKHeX.Core/Resources/text/other/en/text_Species_en.txt
70,ウツドン,우츠동,Weepinbell,kwsch/PKHeX,8ad201e80244f630ab5a46922ab72fb79c5ad4f4,PKHeX.Core/Resources/text/other/ja/text_Species_ja.txt,PKHeX.Core/Resources/text/other/ko/text_Species_ko.txt,PKHeX.Core/Resources/text/other/en/text_Species_en.txt
71,ウツボット,우츠보트,Victreebel,kwsch/PKHeX,8ad201e80244f630ab5a46922ab72fb79c5ad4f4,PKHeX.Core/Resources/text/other/ja/text_Species_ja.txt,PKHeX.Core/Resources/text/other/ko/text_Species_ko.txt,PKHeX.Core/Resources/text/other/en/text_Species_en.txt
72,メノクラゲ,왕눈해,Tentacool,kwsch/PKHeX,8ad201e80244f630ab5a46922ab72fb79c5ad4f4,PKHeX.Core/Resources/text/other/ja/text_Species_ja.txt,PKHeX.Core/Resources/text/other/ko/text_Species_ko.txt,PKHeX.Core/Resources/text/other/en/text_Species_en.txt
73,ドククラゲ,독파리,Tentacruel,kwsch/PKHeX,8ad201e80244f630ab5a46922ab72fb79c5ad4f4,PKHeX.Core/Resources/text/other/ja/text_Species_ja.txt,PKHeX.Core/Resources/text/other/ko/text_Species_ko.txt,PKHeX.Core/Resources/text/other/en/text_Species_en.txt
74,イシツブテ,꼬마돌,Geodude,kwsch/PKHeX,8ad201e80244f630ab5a46922ab72fb79c5ad4f4,PKHeX.Core/Resources/text/other/ja/text_Species_ja.txt,PKHeX.Core/Resources/text/other/ko/text_Species_ko.txt,PKHeX.Core/Resources/text/other/en/text_Species_en.txt
75,ゴローン,데구리,Graveler,kwsch/PKHeX,8ad201e80244f630ab5a46922ab72fb79c5ad4f4,PKHeX.Core/Resources/text/other/ja/text_Species_ja.txt,PKHeX.Core/Resources/text/other/ko/text_Species_ko.txt,PKHeX.Core/Resources/text/other/en/text_Species_en.txt
76,ゴローニャ,딱구리,Golem,kwsch/PKHeX,8ad201e80244f630ab5a46922ab72fb79c5ad4f4,PKHeX.Core/Resources/text/other/ja/text_Species_ja.txt,PKHeX.Core/Resources/text/other/ko/text_Species_ko.txt,PKHeX.Core/Resources/text/other/en/text_Species_en.txt
77,ポニータ,포니타,Ponyta,kwsch/PKHeX,8ad201e80244f630ab5a46922ab72fb79c5ad4f4,PKHeX.Core/Resources/text/other/ja/text_Species_ja.txt,PKHeX.Core/Resources/text/other/ko/text_Species_ko.txt,PKHeX.Core/Resources/text/other/en/text_Species_en.txt
78,ギャロップ,날쌩마,Rapidash,kwsch/PKHeX,8ad201e80244f630ab5a46922ab72fb79c5ad4f4,PKHeX.Core/Resources/text/other/ja/text_Species_ja.txt,PKHeX.Core/Resources/text/other/ko/text_Species_ko.txt,PKHeX.Core/Resources/text/other/en/text_Species_en.txt
79,ヤドン,야돈,Slowpoke,kwsch/PKHeX,8ad201e80244f630ab5a46922ab72fb79c5ad4f4,PKHeX.Core/Resources/text/other/ja/text_Species_ja.txt,PKHeX.Core/Resources/text/other/ko/text_Species_ko.txt,PKHeX.Core/Resources/text/other/en/text_Species_en.txt
80,ヤドラン,야도란,Slowbro,kwsch/PKHeX,8ad201e80244f630ab5a46922ab72fb79c5ad4f4,PKHeX.Core/Resources/text/other/ja/text_Species_ja.txt,PKHeX.Core/Resources/text/other/ko/text_Species_ko.txt,PKHeX.Core/Resources/text/other/en/text_Species_en.txt
81,コイル,코일,Magnemite,kwsch/PKHeX,8ad201e80244f630ab5a46922ab72fb79c5ad4f4,PKHeX.Core/Resources/text/other/ja/text_Species_ja.txt,PKHeX.Core/Resources/text/other/ko/text_Species_ko.txt,PKHeX.Core/Resources/text/other/en/text_Species_en.txt
82,レアコイル,레어코일,Magneton,kwsch/PKHeX,8ad201e80244f630ab5a46922ab72fb79c5ad4f4,PKHeX.Core/Resources/text/other/ja/text_Species_ja.txt,PKHeX.Core/Resources/text/other/ko/text_Species_ko.txt,PKHeX.Core/Resources/text/other/en/text_Species_en.txt
83,カモネギ,파오리,Farfetch’d,kwsch/PKHeX,8ad201e80244f630ab5a46922ab72fb79c5ad4f4,PKHeX.Core/Resources/text/other/ja/text_Species_ja.txt,PKHeX.Core/Resources/text/other/ko/text_Species_ko.txt,PKHeX.Core/Resources/text/other/en/text_Species_en.txt
84,ドードー,두두,Doduo,kwsch/PKHeX,8ad201e80244f630ab5a46922ab72fb79c5ad4f4,PKHeX.Core/Resources/text/other/ja/text_Species_ja.txt,PKHeX.Core/Resources/text/other/ko/text_Species_ko.txt,PKHeX.Core/Resources/text/other/en/text_Species_en.txt
85,ドードリオ,두트리오,Dodrio,kwsch/PKHeX,8ad201e80244f630ab5a46922ab72fb79c5ad4f4,PKHeX.Core/Resources/text/other/ja/text_Species_ja.txt,PKHeX.Core/Resources/text/other/ko/text_Species_ko.txt,PKHeX.Core/Resources/text/other/en/text_Species_en.txt
86,パウワウ,쥬쥬,Seel,kwsch/PKHeX,8ad201e80244f630ab5a46922ab72fb79c5ad4f4,PKHeX.Core/Resources/text/other/ja/text_Species_ja.txt,PKHeX.Core/Resources/text/other/ko/text_Species_ko.txt,PKHeX.Core/Resources/text/other/en/text_Species_en.txt
87,ジュゴン,쥬레곤,Dewgong,kwsch/PKHeX,8ad201e80244f630ab5a46922ab72fb79c5ad4f4,PKHeX.Core/Resources/text/other/ja/text_Species_ja.txt,PKHeX.Core/Resources/text/other/ko/text_Species_ko.txt,PKHeX.Core/Resources/text/other/en/text_Species_en.txt
88,ベトベター,질퍽이,Grimer,kwsch/PKHeX,8ad201e80244f630ab5a46922ab72fb79c5ad4f4,PKHeX.Core/Resources/text/other/ja/text_Species_ja.txt,PKHeX.Core/Resources/text/other/ko/text_Species_ko.txt,PKHeX.Core/Resources/text/other/en/text_Species_en.txt
89,ベトベトン,질뻐기,Muk,kwsch/PKHeX,8ad201e80244f630ab5a46922ab72fb79c5ad4f4,PKHeX.Core/Resources/text/other/ja/text_Species_ja.txt,PKHeX.Core/Resources/text/other/ko/text_Species_ko.txt,PKHeX.Core/Resources/text/other/en/text_Species_en.txt
90,シェルダー,셀러,Shellder,kwsch/PKHeX,8ad201e80244f630ab5a46922ab72fb79c5ad4f4,PKHeX.Core/Resources/text/other/ja/text_Species_ja.txt,PKHeX.Core/Resources/text/other/ko/text_Species_ko.txt,PKHeX.Core/Resources/text/other/en/text_Species_en.txt
91,パルシェン,파르셀,Cloyster,kwsch/PKHeX,8ad201e80244f630ab5a46922ab72fb79c5ad4f4,PKHeX.Core/Resources/text/other/ja/text_Species_ja.txt,PKHeX.Core/Resources/text/other/ko/text_Species_ko.txt,PKHeX.Core/Resources/text/other/en/text_Species_en.txt
92,ゴース,고오스,Gastly,kwsch/PKHeX,8ad201e80244f630ab5a46922ab72fb79c5ad4f4,PKHeX.Core/Resources/text/other/ja/text_Species_ja.txt,PKHeX.Core/Resources/text/other/ko/text_Species_ko.txt,PKHeX.Core/Resources/text/other/en/text_Species_en.txt
93,ゴースト,고우스트,Haunter,kwsch/PKHeX,8ad201e80244f630ab5a46922ab72fb79c5ad4f4,PKHeX.Core/Resources/text/other/ja/text_Species_ja.txt,PKHeX.Core/Resources/text/other/ko/text_Species_ko.txt,PKHeX.Core/Resources/text/other/en/text_Species_en.txt
94,ゲンガー,팬텀,Gengar,kwsch/PKHeX,8ad201e80244f630ab5a46922ab72fb79c5ad4f4,PKHeX.Core/Resources/text/other/ja/text_Species_ja.txt,PKHeX.Core/Resources/text/other/ko/text_Species_ko.txt,PKHeX.Core/Resources/text/other/en/text_Species_en.txt
95,イワーク,롱스톤,Onix,kwsch/PKHeX,8ad201e80244f630ab5a46922ab72fb79c5ad4f4,PKHeX.Core/Resources/text/other/ja/text_Species_ja.txt,PKHeX.Core/Resources/text/other/ko/text_Species_ko.txt,PKHeX.Core/Resources/text/other/en/text_Species_en.txt
96,スリープ,슬리프,Drowzee,kwsch/PKHeX,8ad201e80244f630ab5a46922ab72fb79c5ad4f4,PKHeX.Core/Resources/text/other/ja/text_Species_ja.txt,PKHeX.Core/Resources/text/other/ko/text_Species_ko.txt,PKHeX.Core/Resources/text/other/en/text_Species_en.txt
97,スリーパー,슬리퍼,Hypno,kwsch/PKHeX,8ad201e80244f630ab5a46922ab72fb79c5ad4f4,PKHeX.Core/Resources/text/other/ja/text_Species_ja.txt,PKHeX.Core/Resources/text/other/ko/text_Species_ko.txt,PKHeX.Core/Resources/text/other/en/text_Species_en.txt
98,クラブ,크랩,Krabby,kwsch/PKHeX,8ad201e80244f630ab5a46922ab72fb79c5ad4f4,PKHeX.Core/Resources/text/other/ja/text_Species_ja.txt,PKHeX.Core/Resources/text/other/ko/text_Species_ko.txt,PKHeX.Core/Resources/text/other/en/text_Species_en.txt
99,キングラー,킹크랩,Kingler,kwsch/PKHeX,8ad201e80244f630ab5a46922ab72fb79c5ad4f4,PKHeX.Core/Resources/text/other/ja/text_Species_ja.txt,PKHeX.Core/Resources/text/other/ko/text_Species_ko.txt,PKHeX.Core/Resources/text/other/en/text_Species_en.txt
100,ビリリダマ,찌리리공,Voltorb,kwsch/PKHeX,8ad201e80244f630ab5a46922ab72fb79c5ad4f4,PKHeX.Core/Resources/text/other/ja/text_Species_ja.txt,PKHeX.Core/Resources/text/other/ko/text_Species_ko.txt,PKHeX.Core/Resources/text/other/en/text_Species_en.txt
101,マルマイン,붐볼,Electrode,kwsch/PKHeX,8ad201e80244f630ab5a46922ab72fb79c5ad4f4,PKHeX.Core/Resources/text/other/ja/text_Species_ja.txt,PKHeX.Core/Resources/text/other/ko/text_Species_ko.txt,PKHeX.Core/Resources/text/other/en/text_Species_en.txt
102,タマタマ,아라리,Exeggcute,kwsch/PKHeX,8ad201e80244f630ab5a46922ab72fb79c5ad4f4,PKHeX.Core/Resources/text/other/ja/text_Species_ja.txt,PKHeX.Core/Resources/text/other/ko/text_Species_ko.txt,PKHeX.Core/Resources/text/other/en/text_Species_en.txt
103,ナッシー,나시,Exeggutor,kwsch/PKHeX,8ad201e80244f630ab5a46922ab72fb79c5ad4f4,PKHeX.Core/Resources/text/other/ja/text_Species_ja.txt,PKHeX.Core/Resources/text/other/ko/text_Species_ko.txt,PKHeX.Core/Resources/text/other/en/text_Species_en.txt
104,カラカラ,탕구리,Cubone,kwsch/PKHeX,8ad201e80244f630ab5a46922ab72fb79c5ad4f4,PKHeX.Core/Resources/text/other/ja/text_Species_ja.txt,PKHeX.Core/Resources/text/other/ko/text_Species_ko.txt,PKHeX.Core/Resources/text/other/en/text_Species_en.txt
105,ガラガラ,텅구리,Marowak,kwsch/PKHeX,8ad201e80244f630ab5a46922ab72fb79c5ad4f4,PKHeX.Core/Resources/text/other/ja/text_Species_ja.txt,PKHeX.Core/Resources/text/other/ko/text_Species_ko.txt,PKHeX.Core/Resources/text/other/en/text_Species_en.txt
106,サワムラー,시라소몬,Hitmonlee,kwsch/PKHeX,8ad201e80244f630ab5a46922ab72fb79c5ad4f4,PKHeX.Core/Resources/text/other/ja/text_Species_ja.txt,PKHeX.Core/Resources/text/other/ko/text_Species_ko.txt,PKHeX.Core/Resources/text/other/en/text_Species_en.txt
107,エビワラー,홍수몬,Hitmonchan,kwsch/PKHeX,8ad201e80244f630ab5a46922ab72fb79c5ad4f4,PKHeX.Core/Resources/text/other/ja/text_Species_ja.txt,PKHeX.Core/Resources/text/other/ko/text_Species_ko.txt,PKHeX.Core/Resources/text/other/en/text_Species_en.txt
108,ベロリンガ,내루미,Lickitung,kwsch/PKHeX,8ad201e80244f630ab5a46922ab72fb79c5ad4f4,PKHeX.Core/Resources/text/other/ja/text_Species_ja.txt,PKHeX.Core/Resources/text/other/ko/text_Species_ko.txt,PKHeX.Core/Resources/text/other/en/text_Species_en.txt
109,ドガース,또가스,Koffing,kwsch/PKHeX,8ad201e80244f630ab5a46922ab72fb79c5ad4f4,PKHeX.Core/Resources/text/other/ja/text_Species_ja.txt,PKHeX.Core/Resources/text/other/ko/text_Species_ko.txt,PKHeX.Core/Resources/text/other/en/text_Species_en.txt
110,マタドガス,또도가스,Weezing,kwsch/PKHeX,8ad201e80244f630ab5a46922ab72fb79c5ad4f4,PKHeX.Core/Resources/text/other/ja/text_Species_ja.txt,PKHeX.Core/Resources/text/other/ko/text_Species_ko.txt,PKHeX.Core/Resources/text/other/en/text_Species_en.txt
111,サイホーン,뿔카노,Rhyhorn,kwsch/PKHeX,8ad201e80244f630ab5a46922ab72fb79c5ad4f4,PKHeX.Core/Resources/text/other/ja/text_Species_ja.txt,PKHeX.Core/Resources/text/other/ko/text_Species_ko.txt,PKHeX.Core/Resources/text/other/en/text_Species_en.txt
112,サイドン,코뿌리,Rhydon,kwsch/PKHeX,8ad201e80244f630ab5a46922ab72fb79c5ad4f4,PKHeX.Core/Resources/text/other/ja/text_Species_ja.txt,PKHeX.Core/Resources/text/other/ko/text_Species_ko.txt,PKHeX.Core/Resources/text/other/en/text_Species_en.txt
113,ラッキー,럭키,Chansey,kwsch/PKHeX,8ad201e80244f630ab5a46922ab72fb79c5ad4f4,PKHeX.Core/Resources/text/other/ja/text_Species_ja.txt,PKHeX.Core/Resources/text/other/ko/text_Species_ko.txt,PKHeX.Core/Resources/text/other/en/text_Species_en.txt
114,モンジャラ,덩쿠리,Tangela,kwsch/PKHeX,8ad201e80244f630ab5a46922ab72fb79c5ad4f4,PKHeX.Core/Resources/text/other/ja/text_Species_ja.txt,PKHeX.Core/Resources/text/other/ko/text_Species_ko.txt,PKHeX.Core/Resources/text/other/en/text_Species_en.txt
115,ガルーラ,캥카,Kangaskhan,kwsch/PKHeX,8ad201e80244f630ab5a46922ab72fb79c5ad4f4,PKHeX.Core/Resources/text/other/ja/text_Species_ja.txt,PKHeX.Core/Resources/text/other/ko/text_Species_ko.txt,PKHeX.Core/Resources/text/other/en/text_Species_en.txt
116,タッツー,쏘드라,Horsea,kwsch/PKHeX,8ad201e80244f630ab5a46922ab72fb79c5ad4f4,PKHeX.Core/Resources/text/other/ja/text_Species_ja.txt,PKHeX.Core/Resources/text/other/ko/text_Species_ko.txt,PKHeX.Core/Resources/text/other/en/text_Species_en.txt
117,シードラ,시드라,Seadra,kwsch/PKHeX,8ad201e80244f630ab5a46922ab72fb79c5ad4f4,PKHeX.Core/Resources/text/other/ja/text_Species_ja.txt,PKHeX.Core/Resources/text/other/ko/text_Species_ko.txt,PKHeX.Core/Resources/text/other/en/text_Species_en.txt
118,トサキント,콘치,Goldeen,kwsch/PKHeX,8ad201e80244f630ab5a46922ab72fb79c5ad4f4,PKHeX.Core/Resources/text/other/ja/text_Species_ja.txt,PKHeX.Core/Resources/text/other/ko/text_Species_ko.txt,PKHeX.Core/Resources/text/other/en/text_Species_en.txt
119,アズマオウ,왕콘치,Seaking,kwsch/PKHeX,8ad201e80244f630ab5a46922ab72fb79c5ad4f4,PKHeX.Core/Resources/text/other/ja/text_Species_ja.txt,PKHeX.Core/Resources/text/other/ko/text_Species_ko.txt,PKHeX.Core/Resources/text/other/en/text_Species_en.txt
120,ヒトデマン,별가사리,Staryu,kwsch/PKHeX,8ad201e80244f630ab5a46922ab72fb79c5ad4f4,PKHeX.Core/Resources/text/other/ja/text_Species_ja.txt,PKHeX.Core/Resources/text/other/ko/text_Species_ko.txt,PKHeX.Core/Resources/text/other/en/text_Species_en.txt
121,スターミー,아쿠스타,Starmie,kwsch/PKHeX,8ad201e80244f630ab5a46922ab72fb79c5ad4f4,PKHeX.Core/Resources/text/other/ja/text_Species_ja.txt,PKHeX.Core/Resources/text/other/ko/text_Species_ko.txt,PKHeX.Core/Resources/text/other/en/text_Species_en.txt
122,バリヤード,마임맨,Mr. Mime,kwsch/PKHeX,8ad201e80244f630ab5a46922ab72fb79c5ad4f4,PKHeX.Core/Resources/text/other/ja/text_Species_ja.txt,PKHeX.Core/Resources/text/other/ko/text_Species_ko.txt,PKHeX.Core/Resources/text/other/en/text_Species_en.txt
123,ストライク,스라크,Scyther,kwsch/PKHeX,8ad201e80244f630ab5a46922ab72fb79c5ad4f4,PKHeX.Core/Resources/text/other/ja/text_Species_ja.txt,PKHeX.Core/Resources/text/other/ko/text_Species_ko.txt,PKHeX.Core/Resources/text/other/en/text_Species_en.txt
124,ルージュラ,루주라,Jynx,kwsch/PKHeX,8ad201e80244f630ab5a46922ab72fb79c5ad4f4,PKHeX.Core/Resources/text/other/ja/text_Species_ja.txt,PKHeX.Core/Resources/text/other/ko/text_Species_ko.txt,PKHeX.Core/Resources/text/other/en/text_Species_en.txt
125,エレブー,에레브,Electabuzz,kwsch/PKHeX,8ad201e80244f630ab5a46922ab72fb79c5ad4f4,PKHeX.Core/Resources/text/other/ja/text_Species_ja.txt,PKHeX.Core/Resources/text/other/ko/text_Species_ko.txt,PKHeX.Core/Resources/text/other/en/text_Species_en.txt
126,ブーバー,마그마,Magmar,kwsch/PKHeX,8ad201e80244f630ab5a46922ab72fb79c5ad4f4,PKHeX.Core/Resources/text/other/ja/text_Species_ja.txt,PKHeX.Core/Resources/text/other/ko/text_Species_ko.txt,PKHeX.Core/Resources/text/other/en/text_Species_en.txt
127,カイロス,쁘사이저,Pinsir,kwsch/PKHeX,8ad201e80244f630ab5a46922ab72fb79c5ad4f4,PKHeX.Core/Resources/text/other/ja/text_Species_ja.txt,PKHeX.Core/Resources/text/other/ko/text_Species_ko.txt,PKHeX.Core/Resources/text/other/en/text_Species_en.txt
128,ケンタロス,켄타로스,Tauros,kwsch/PKHeX,8ad201e80244f630ab5a46922ab72fb79c5ad4f4,PKHeX.Core/Resources/text/other/ja/text_Species_ja.txt,PKHeX.Core/Resources/text/other/ko/text_Species_ko.txt,PKHeX.Core/Resources/text/other/en/text_Species_en.txt
129,コイキング,잉어킹,Magikarp,kwsch/PKHeX,8ad201e80244f630ab5a46922ab72fb79c5ad4f4,PKHeX.Core/Resources/text/other/ja/text_Species_ja.txt,PKHeX.Core/Resources/text/other/ko/text_Species_ko.txt,PKHeX.Core/Resources/text/other/en/text_Species_en.txt
130,ギャラドス,갸라도스,Gyarados,kwsch/PKHeX,8ad201e80244f630ab5a46922ab72fb79c5ad4f4,PKHeX.Core/Resources/text/other/ja/text_Species_ja.txt,PKHeX.Core/Resources/text/other/ko/text_Species_ko.txt,PKHeX.Core/Resources/text/other/en/text_Species_en.txt
131,ラプラス,라프라스,Lapras,kwsch/PKHeX,8ad201e80244f630ab5a46922ab72fb79c5ad4f4,PKHeX.Core/Resources/text/other/ja/text_Species_ja.txt,PKHeX.Core/Resources/text/other/ko/text_Species_ko.txt,PKHeX.Core/Resources/text/other/en/text_Species_en.txt
132,メタモン,메타몽,Ditto,kwsch/PKHeX,8ad201e80244f630ab5a46922ab72fb79c5ad4f4,PKHeX.Core/Resources/text/other/ja/text_Species_ja.txt,PKHeX.Core/Resources/text/other/ko/text_Species_ko.txt,PKHeX.Core/Resources/text/other/en/text_Species_en.txt
133,イーブイ,이브이,Eevee,kwsch/PKHeX,8ad201e80244f630ab5a46922ab72fb79c5ad4f4,PKHeX.Core/Resources/text/other/ja/text_Species_ja.txt,PKHeX.Core/Resources/text/other/ko/text_Species_ko.txt,PKHeX.Core/Resources/text/other/en/text_Species_en.txt
134,シャワーズ,샤미드,Vaporeon,kwsch/PKHeX,8ad201e80244f630ab5a46922ab72fb79c5ad4f4,PKHeX.Core/Resources/text/other/ja/text_Species_ja.txt,PKHeX.Core/Resources/text/other/ko/text_Species_ko.txt,PKHeX.Core/Resources/text/other/en/text_Species_en.txt
135,サンダース,쥬피썬더,Jolteon,kwsch/PKHeX,8ad201e80244f630ab5a46922ab72fb79c5ad4f4,PKHeX.Core/Resources/text/other/ja/text_Species_ja.txt,PKHeX.Core/Resources/text/other/ko/text_Species_ko.txt,PKHeX.Core/Resources/text/other/en/text_Species_en.txt
136,ブースター,부스터,Flareon,kwsch/PKHeX,8ad201e80244f630ab5a46922ab72fb79c5ad4f4,PKHeX.Core/Resources/text/other/ja/text_Species_ja.txt,PKHeX.Core/Resources/text/other/ko/text_Species_ko.txt,PKHeX.Core/Resources/text/other/en/text_Species_en.txt
137,ポリゴン,폴리곤,Porygon,kwsch/PKHeX,8ad201e80244f630ab5a46922ab72fb79c5ad4f4,PKHeX.Core/Resources/text/other/ja/text_Species_ja.txt,PKHeX.Core/Resources/text/other/ko/text_Species_ko.txt,PKHeX.Core/Resources/text/other/en/text_Species_en.txt
138,オムナイト,암나이트,Omanyte,kwsch/PKHeX,8ad201e80244f630ab5a46922ab72fb79c5ad4f4,PKHeX.Core/Resources/text/other/ja/text_Species_ja.txt,PKHeX.Core/Resources/text/other/ko/text_Species_ko.txt,PKHeX.Core/Resources/text/other/en/text_Species_en.txt
139,オムスター,암스타,Omastar,kwsch/PKHeX,8ad201e80244f630ab5a46922ab72fb79c5ad4f4,PKHeX.Core/Resources/text/other/ja/text_Species_ja.txt,PKHeX.Core/Resources/text/other/ko/text_Species_ko.txt,PKHeX.Core/Resources/text/other/en/text_Species_en.txt
140,カブト,투구,Kabuto,kwsch/PKHeX,8ad201e80244f630ab5a46922ab72fb79c5ad4f4,PKHeX.Core/Resources/text/other/ja/text_Species_ja.txt,PKHeX.Core/Resources/text/other/ko/text_Species_ko.txt,PKHeX.Core/Resources/text/other/en/text_Species_en.txt
141,カブトプス,투구푸스,Kabutops,kwsch/PKHeX,8ad201e80244f630ab5a46922ab72fb79c5ad4f4,PKHeX.Core/Resources/text/other/ja/text_Species_ja.txt,PKHeX.Core/Resources/text/other/ko/text_Species_ko.txt,PKHeX.Core/Resources/text/other/en/text_Species_en.txt
142,プテラ,프테라,Aerodactyl,kwsch/PKHeX,8ad201e80244f630ab5a46922ab72fb79c5ad4f4,PKHeX.Core/Resources/text/other/ja/text_Species_ja.txt,PKHeX.Core/Resources/text/other/ko/text_Species_ko.txt,PKHeX.Core/Resources/text/other/en/text_Species_en.txt
143,カビゴン,잠만보,Snorlax,kwsch/PKHeX,8ad201e80244f630ab5a46922ab72fb79c5ad4f4,PKHeX.Core/Resources/text/other/ja/text_Species_ja.txt,PKHeX.Core/Resources/text/other/ko/text_Species_ko.txt,PKHeX.Core/Resources/text/other/en/text_Species_en.txt
144,フリーザー,프리져,Articuno,kwsch/PKHeX,8ad201e80244f630ab5a46922ab72fb79c5ad4f4,PKHeX.Core/Resources/text/other/ja/text_Species_ja.txt,PKHeX.Core/Resources/text/other/ko/text_Species_ko.txt,PKHeX.Core/Resources/text/other/en/text_Species_en.txt
145,サンダー,썬더,Zapdos,kwsch/PKHeX,8ad201e80244f630ab5a46922ab72fb79c5ad4f4,PKHeX.Core/Resources/text/other/ja/text_Species_ja.txt,PKHeX.Core/Resources/text/other/ko/text_Species_ko.txt,PKHeX.Core/Resources/text/other/en/text_Species_en.txt
146,ファイヤー,파이어,Moltres,kwsch/PKHeX,8ad201e80244f630ab5a46922ab72fb79c5ad4f4,PKHeX.Core/Resources/text/other/ja/text_Species_ja.txt,PKHeX.Core/Resources/text/other/ko/text_Species_ko.txt,PKHeX.Core/Resources/text/other/en/text_Species_en.txt
147,ミニリュウ,미뇽,Dratini,kwsch/PKHeX,8ad201e80244f630ab5a46922ab72fb79c5ad4f4,PKHeX.Core/Resources/text/other/ja/text_Species_ja.txt,PKHeX.Core/Resources/text/other/ko/text_Species_ko.txt,PKHeX.Core/Resources/text/other/en/text_Species_en.txt
148,ハクリュー,신뇽,Dragonair,kwsch/PKHeX,8ad201e80244f630ab5a46922ab72fb79c5ad4f4,PKHeX.Core/Resources/text/other/ja/text_Species_ja.txt,PKHeX.Core/Resources/text/other/ko/text_Species_ko.txt,PKHeX.Core/Resources/text/other/en/text_Species_en.txt
149,カイリュー,망나뇽,Dragonite,kwsch/PKHeX,8ad201e80244f630ab5a46922ab72fb79c5ad4f4,PKHeX.Core/Resources/text/other/ja/text_Species_ja.txt,PKHeX.Core/Resources/text/other/ko/text_Species_ko.txt,PKHeX.Core/Resources/text/other/en/text_Species_en.txt
150,ミュウツー,뮤츠,Mewtwo,kwsch/PKHeX,8ad201e80244f630ab5a46922ab72fb79c5ad4f4,PKHeX.Core/Resources/text/other/ja/text_Species_ja.txt,PKHeX.Core/Resources/text/other/ko/text_Species_ko.txt,PKHeX.Core/Resources/text/other/en/text_Species_en.txt
151,ミュウ,뮤,Mew,kwsch/PKHeX,8ad201e80244f630ab5a46922ab72fb79c5ad4f4,PKHeX.Core/Resources/text/other/ja/text_Species_ja.txt,PKHeX.Core/Resources/text/other/ko/text_Species_ko.txt,PKHeX.Core/Resources/text/other/en/text_Species_en.txt
152,チコリータ,치코리타,Chikorita,kwsch/PKHeX,8ad201e80244f630ab5a46922ab72fb79c5ad4f4,PKHeX.Core/Resources/text/other/ja/text_Species_ja.txt,PKHeX.Core/Resources/text/other/ko/text_Species_ko.txt,PKHeX.Core/Resources/text/other/en/text_Species_en.txt
153,ベイリーフ,베이리프,Bayleef,kwsch/PKHeX,8ad201e80244f630ab5a46922ab72fb79c5ad4f4,PKHeX.Core/Resources/text/other/ja/text_Species_ja.txt,PKHeX.Core/Resources/text/other/ko/text_Species_ko.txt,PKHeX.Core/Resources/text/other/en/text_Species_en.txt
154,メガニウム,메가니움,Meganium,kwsch/PKHeX,8ad201e80244f630ab5a46922ab72fb79c5ad4f4,PKHeX.Core/Resources/text/other/ja/text_Species_ja.txt,PKHeX.Core/Resources/text/other/ko/text_Species_ko.txt,PKHeX.Core/Resources/text/other/en/text_Species_en.txt
155,ヒノアラシ,브케인,Cyndaquil,kwsch/PKHeX,8ad201e80244f630ab5a46922ab72fb79c5ad4f4,PKHeX.Core/Resources/text/other/ja/text_Species_ja.txt,PKHeX.Core/Resources/text/other/ko/text_Species_ko.txt,PKHeX.Core/Resources/text/other/en/text_Species_en.txt
156,マグマラシ,마그케인,Quilava,kwsch/PKHeX,8ad201e80244f630ab5a46922ab72fb79c5ad4f4,PKHeX.Core/Resources/text/other/ja/text_Species_ja.txt,PKHeX.Core/Resources/text/other/ko/text_Species_ko.txt,PKHeX.Core/Resources/text/other/en/text_Species_en.txt
157,バクフーン,블레이범,Typhlosion,kwsch/PKHeX,8ad201e80244f630ab5a46922ab72fb79c5ad4f4,PKHeX.Core/Resources/text/other/ja/text_Species_ja.txt,PKHeX.Core/Resources/text/other/ko/text_Species_ko.txt,PKHeX.Core/Resources/text/other/en/text_Species_en.txt
158,ワニノコ,리아코,Totodile,kwsch/PKHeX,8ad201e80244f630ab5a46922ab72fb79c5ad4f4,PKHeX.Core/Resources/text/other/ja/text_Species_ja.txt,PKHeX.Core/Resources/text/other/ko/text_Species_ko.txt,PKHeX.Core/Resources/text/other/en/text_Species_en.txt
159,アリゲイツ,엘리게이,Croconaw,kwsch/PKHeX,8ad201e80244f630ab5a46922ab72fb79c5ad4f4,PKHeX.Core/Resources/text/other/ja/text_Species_ja.txt,PKHeX.Core/Resources/text/other/ko/text_Species_ko.txt,PKHeX.Core/Resources/text/other/en/text_Species_en.txt
160,オーダイル,장크로다일,Feraligatr,kwsch/PKHeX,8ad201e80244f630ab5a46922ab72fb79c5ad4f4,PKHeX.Core/Resources/text/other/ja/text_Species_ja.txt,PKHeX.Core/Resources/text/other/ko/text_Species_ko.txt,PKHeX.Core/Resources/text/other/en/text_Species_en.txt
161,オタチ,꼬리선,Sentret,kwsch/PKHeX,8ad201e80244f630ab5a46922ab72fb79c5ad4f4,PKHeX.Core/Resources/text/other/ja/text_Species_ja.txt,PKHeX.Core/Resources/text/other/ko/text_Species_ko.txt,PKHeX.Core/Resources/text/other/en/text_Species_en.txt
162,オオタチ,다꼬리,Furret,kwsch/PKHeX,8ad201e80244f630ab5a46922ab72fb79c5ad4f4,PKHeX.Core/Resources/text/other/ja/text_Species_ja.txt,PKHeX.Core/Resources/text/other/ko/text_Species_ko.txt,PKHeX.Core/Resources/text/other/en/text_Species_en.txt
163,ホーホー,부우부,Hoothoot,kwsch/PKHeX,8ad201e80244f630ab5a46922ab72fb79c5ad4f4,PKHeX.Core/Resources/text/other/ja/text_Species_ja.txt,PKHeX.Core/Resources/text/other/ko/text_Species_ko.txt,PKHeX.Core/Resources/text/other/en/text_Species_en.txt
164,ヨルノズク,야부엉,Noctowl,kwsch/PKHeX,8ad201e80244f630ab5a46922ab72fb79c5ad4f4,PKHeX.Core/Resources/text/other/ja/text_Species_ja.txt,PKHeX.Core/Resources/text/other/ko/text_Species_ko.txt,PKHeX.Core/Resources/text/other/en/text_Species_en.txt
165,レディバ,레디바,Ledyba,kwsch/PKHeX,8ad201e80244f630ab5a46922ab72fb79c5ad4f4,PKHeX.Core/Resources/text/other/ja/text_Species_ja.txt,PKHeX.Core/Resources/text/other/ko/text_Species_ko.txt,PKHeX.Core/Resources/text/other/en/text_Species_en.txt
166,レディアン,레디안,Ledian,kwsch/PKHeX,8ad201e80244f630ab5a46922ab72fb79c5ad4f4,PKHeX.Core/Resources/text/other/ja/text_Species_ja.txt,PKHeX.Core/Resources/text/other/ko/text_Species_ko.txt,PKHeX.Core/Resources/text/other/en/text_Species_en.txt
167,イトマル,페이검,Spinarak,kwsch/PKHeX,8ad201e80244f630ab5a46922ab72fb79c5ad4f4,PKHeX.Core/Resources/text/other/ja/text_Species_ja.txt,PKHeX.Core/Resources/text/other/ko/text_Species_ko.txt,PKHeX.Core/Resources/text/other/en/text_Species_en.txt
168,アリアドス,아리아도스,Ariados,kwsch/PKHeX,8ad201e80244f630ab5a46922ab72fb79c5ad4f4,PKHeX.Core/Resources/text/other/ja/text_Species_ja.txt,PKHeX.Core/Resources/text/other/ko/text_Species_ko.txt,PKHeX.Core/Resources/text/other/en/text_Species_en.txt
169,クロバット,크로뱃,Crobat,kwsch/PKHeX,8ad201e80244f630ab5a46922ab72fb79c5ad4f4,PKHeX.Core/Resources/text/other/ja/text_Species_ja.txt,PKHeX.Core/Resources/text/other/ko/text_Species_ko.txt,PKHeX.Core/Resources/text/other/en/text_Species_en.txt
170,チョンチー,초라기,Chinchou,kwsch/PKHeX,8ad201e80244f630ab5a46922ab72fb79c5ad4f4,PKHeX.Core/Resources/text/other/ja/text_Species_ja.txt,PKHeX.Core/Resources/text/other/ko/text_Species_ko.txt,PKHeX.Core/Resources/text/other/en/text_Species_en.txt
171,ランターン,랜턴,Lanturn,kwsch/PKHeX,8ad201e80244f630ab5a46922ab72fb79c5ad4f4,PKHeX.Core/Resources/text/other/ja/text_Species_ja.txt,PKHeX.Core/Resources/text/other/ko/text_Species_ko.txt,PKHeX.Core/Resources/text/other/en/text_Species_en.txt
172,ピチュー,피츄,Pichu,kwsch/PKHeX,8ad201e80244f630ab5a46922ab72fb79c5ad4f4,PKHeX.Core/Resources/text/other/ja/text_Species_ja.txt,PKHeX.Core/Resources/text/other/ko/text_Species_ko.txt,PKHeX.Core/Resources/text/other/en/text_Species_en.txt
173,ピィ,삐,Cleffa,kwsch/PKHeX,8ad201e80244f630ab5a46922ab72fb79c5ad4f4,PKHeX.Core/Resources/text/other/ja/text_Species_ja.txt,PKHeX.Core/Resources/text/other/ko/text_Species_ko.txt,PKHeX.Core/Resources/text/other/en/text_Species_en.txt
174,ププリン,푸푸린,Igglybuff,kwsch/PKHeX,8ad201e80244f630ab5a46922ab72fb79c5ad4f4,PKHeX.Core/Resources/text/other/ja/text_Species_ja.txt,PKHeX.Core/Resources/text/other/ko/text_Species_ko.txt,PKHeX.Core/Resources/text/other/en/text_Species_en.txt
175,トゲピー,토게피,Togepi,kwsch/PKHeX,8ad201e80244f630ab5a46922ab72fb79c5ad4f4,PKHeX.Core/Resources/text/other/ja/text_Species_ja.txt,PKHeX.Core/Resources/text/other/ko/text_Species_ko.txt,PKHeX.Core/Resources/text/other/en/text_Species_en.txt
176,トゲチック,토게틱,Togetic,kwsch/PKHeX,8ad201e80244f630ab5a46922ab72fb79c5ad4f4,PKHeX.Core/Resources/text/other/ja/text_Species_ja.txt,PKHeX.Core/Resources/text/other/ko/text_Species_ko.txt,PKHeX.Core/Resources/text/other/en/text_Species_en.txt
177,ネイティ,네이티,Natu,kwsch/PKHeX,8ad201e80244f630ab5a46922ab72fb79c5ad4f4,PKHeX.Core/Resources/text/other/ja/text_Species_ja.txt,PKHeX.Core/Resources/text/other/ko/text_Species_ko.txt,PKHeX.Core/Resources/text/other/en/text_Species_en.txt
178,ネイティオ,네이티오,Xatu,kwsch/PKHeX,8ad201e80244f630ab5a46922ab72fb79c5ad4f4,PKHeX.Core/Resources/text/other/ja/text_Species_ja.txt,PKHeX.Core/Resources/text/other/ko/text_Species_ko.txt,PKHeX.Core/Resources/text/other/en/text_Species_en.txt
179,メリープ,메리프,Mareep,kwsch/PKHeX,8ad201e80244f630ab5a46922ab72fb79c5ad4f4,PKHeX.Core/Resources/text/other/ja/text_Species_ja.txt,PKHeX.Core/Resources/text/other/ko/text_Species_ko.txt,PKHeX.Core/Resources/text/other/en/text_Species_en.txt
180,モココ,보송송,Flaaffy,kwsch/PKHeX,8ad201e80244f630ab5a46922ab72fb79c5ad4f4,PKHeX.Core/Resources/text/other/ja/text_Species_ja.txt,PKHeX.Core/Resources/text/other/ko/text_Species_ko.txt,PKHeX.Core/Resources/text/other/en/text_Species_en.txt
181,デンリュウ,전룡,Ampharos,kwsch/PKHeX,8ad201e80244f630ab5a46922ab72fb79c5ad4f4,PKHeX.Core/Resources/text/other/ja/text_Species_ja.txt,PKHeX.Core/Resources/text/other/ko/text_Species_ko.txt,PKHeX.Core/Resources/text/other/en/text_Species_en.txt
182,キレイハナ,아르코,Bellossom,kwsch/PKHeX,8ad201e80244f630ab5a46922ab72fb79c5ad4f4,PKHeX.Core/Resources/text/other/ja/text_Species_ja.txt,PKHeX.Core/Resources/text/other/ko/text_Species_ko.txt,PKHeX.Core/Resources/text/other/en/text_Species_en.txt
183,マリル,마릴,Marill,kwsch/PKHeX,8ad201e80244f630ab5a46922ab72fb79c5ad4f4,PKHeX.Core/Resources/text/other/ja/text_Species_ja.txt,PKHeX.Core/Resources/text/other/ko/text_Species_ko.txt,PKHeX.Core/Resources/text/other/en/text_Species_en.txt
184,マリルリ,마릴리,Azumarill,kwsch/PKHeX,8ad201e80244f630ab5a46922ab72fb79c5ad4f4,PKHeX.Core/Resources/text/other/ja/text_Species_ja.txt,PKHeX.Core/Resources/text/other/ko/text_Species_ko.txt,PKHeX.Core/Resources/text/other/en/text_Species_en.txt
185,ウソッキー,꼬지모,Sudowoodo,kwsch/PKHeX,8ad201e80244f630ab5a46922ab72fb79c5ad4f4,PKHeX.Core/Resources/text/other/ja/text_Species_ja.txt,PKHeX.Core/Resources/text/other/ko/text_Species_ko.txt,PKHeX.Core/Resources/text/other/en/text_Species_en.txt
186,ニョロトノ,왕구리,Politoed,kwsch/PKHeX,8ad201e80244f630ab5a46922ab72fb79c5ad4f4,PKHeX.Core/Resources/text/other/ja/text_Species_ja.txt,PKHeX.Core/Resources/text/other/ko/text_Species_ko.txt,PKHeX.Core/Resources/text/other/en/text_Species_en.txt
187,ハネッコ,통통코,Hoppip,kwsch/PKHeX,8ad201e80244f630ab5a46922ab72fb79c5ad4f4,PKHeX.Core/Resources/text/other/ja/text_Species_ja.txt,PKHeX.Core/Resources/text/other/ko/text_Species_ko.txt,PKHeX.Core/Resources/text/other/en/text_Species_en.txt
188,ポポッコ,두코,Skiploom,kwsch/PKHeX,8ad201e80244f630ab5a46922ab72fb79c5ad4f4,PKHeX.Core/Resources/text/other/ja/text_Species_ja.txt,PKHeX.Core/Resources/text/other/ko/text_Species_ko.txt,PKHeX.Core/Resources/text/other/en/text_Species_en.txt
189,ワタッコ,솜솜코,Jumpluff,kwsch/PKHeX,8ad201e80244f630ab5a46922ab72fb79c5ad4f4,PKHeX.Core/Resources/text/other/ja/text_Species_ja.txt,PKHeX.Core/Resources/text/other/ko/text_Species_ko.txt,PKHeX.Core/Resources/text/other/en/text_Species_en.txt
190,エイパム,에이팜,Aipom,kwsch/PKHeX,8ad201e80244f630ab5a46922ab72fb79c5ad4f4,PKHeX.Core/Resources/text/other/ja/text_Species_ja.txt,PKHeX.Core/Resources/text/other/ko/text_Species_ko.txt,PKHeX.Core/Resources/text/other/en/text_Species_en.txt
191,ヒマナッツ,해너츠,Sunkern,kwsch/PKHeX,8ad201e80244f630ab5a46922ab72fb79c5ad4f4,PKHeX.Core/Resources/text/other/ja/text_Species_ja.txt,PKHeX.Core/Resources/text/other/ko/text_Species_ko.txt,PKHeX.Core/Resources/text/other/en/text_Species_en.txt
192,キマワリ,해루미,Sunflora,kwsch/PKHeX,8ad201e80244f630ab5a46922ab72fb79c5ad4f4,PKHeX.Core/Resources/text/other/ja/text_Species_ja.txt,PKHeX.Core/Resources/text/other/ko/text_Species_ko.txt,PKHeX.Core/Resources/text/other/en/text_Species_en.txt
193,ヤンヤンマ,왕자리,Yanma,kwsch/PKHeX,8ad201e80244f630ab5a46922ab72fb79c5ad4f4,PKHeX.Core/Resources/text/other/ja/text_Species_ja.txt,PKHeX.Core/Resources/text/other/ko/text_Species_ko.txt,PKHeX.Core/Resources/text/other/en/text_Species_en.txt
194,ウパー,우파,Wooper,kwsch/PKHeX,8ad201e80244f630ab5a46922ab72fb79c5ad4f4,PKHeX.Core/Resources/text/other/ja/text_Species_ja.txt,PKHeX.Core/Resources/text/other/ko/text_Species_ko.txt,PKHeX.Core/Resources/text/other/en/text_Species_en.txt
195,ヌオー,누오,Quagsire,kwsch/PKHeX,8ad201e80244f630ab5a46922ab72fb79c5ad4f4,PKHeX.Core/Resources/text/other/ja/text_Species_ja.txt,PKHeX.Core/Resources/text/other/ko/text_Species_ko.txt,PKHeX.Core/Resources/text/other/en/text_Species_en.txt
196,エーフィ,에브이,Espeon,kwsch/PKHeX,8ad201e80244f630ab5a46922ab72fb79c5ad4f4,PKHeX.Core/Resources/text/other/ja/text_Species_ja.txt,PKHeX.Core/Resources/text/other/ko/text_Species_ko.txt,PKHeX.Core/Resources/text/other/en/text_Species_en.txt
197,ブラッキー,블래키,Umbreon,kwsch/PKHeX,8ad201e80244f630ab5a46922ab72fb79c5ad4f4,PKHeX.Core/Resources/text/other/ja/text_Species_ja.txt,PKHeX.Core/Resources/text/other/ko/text_Species_ko.txt,PKHeX.Core/Resources/text/other/en/text_Species_en.txt
198,ヤミカラス,니로우,Murkrow,kwsch/PKHeX,8ad201e80244f630ab5a46922ab72fb79c5ad4f4,PKHeX.Core/Resources/text/other/ja/text_Species_ja.txt,PKHeX.Core/Resources/text/other/ko/text_Species_ko.txt,PKHeX.Core/Resources/text/other/en/text_Species_en.txt
199,ヤドキング,야도킹,Slowking,kwsch/PKHeX,8ad201e80244f630ab5a46922ab72fb79c5ad4f4,PKHeX.Core/Resources/text/other/ja/text_Species_ja.txt,PKHeX.Core/Resources/text/other/ko/text_Species_ko.txt,PKHeX.Core/Resources/text/other/en/text_Species_en.txt
200,ムウマ,무우마,Misdreavus,kwsch/PKHeX,8ad201e80244f630ab5a46922ab72fb79c5ad4f4,PKHeX.Core/Resources/text/other/ja/text_Species_ja.txt,PKHeX.Core/Resources/text/other/ko/text_Species_ko.txt,PKHeX.Core/Resources/text/other/en/text_Species_en.txt
201,アンノーン,안농,Unown,kwsch/PKHeX,8ad201e80244f630ab5a46922ab72fb79c5ad4f4,PKHeX.Core/Resources/text/other/ja/text_Species_ja.txt,PKHeX.Core/Resources/text/other/ko/text_Species_ko.txt,PKHeX.Core/Resources/text/other/en/text_Species_en.txt
202,ソーナンス,마자용,Wobbuffet,kwsch/PKHeX,8ad201e80244f630ab5a46922ab72fb79c5ad4f4,PKHeX.Core/Resources/text/other/ja/text_Species_ja.txt,PKHeX.Core/Resources/text/other/ko/text_Species_ko.txt,PKHeX.Core/Resources/text/other/en/text_Species_en.txt
203,キリンリキ,키링키,Girafarig,kwsch/PKHeX,8ad201e80244f630ab5a46922ab72fb79c5ad4f4,PKHeX.Core/Resources/text/other/ja/text_Species_ja.txt,PKHeX.Core/Resources/text/other/ko/text_Species_ko.txt,PKHeX.Core/Resources/text/other/en/text_Species_en.txt
204,クヌギダマ,피콘,Pineco,kwsch/PKHeX,8ad201e80244f630ab5a46922ab72fb79c5ad4f4,PKHeX.Core/Resources/text/other/ja/text_Species_ja.txt,PKHeX.Core/Resources/text/other/ko/text_Species_ko.txt,PKHeX.Core/Resources/text/other/en/text_Species_en.txt
205,フォレトス,쏘콘,Forretress,kwsch/PKHeX,8ad201e80244f630ab5a46922ab72fb79c5ad4f4,PKHeX.Core/Resources/text/other/ja/text_Species_ja.txt,PKHeX.Core/Resources/text/other/ko/text_Species_ko.txt,PKHeX.Core/Resources/text/other/en/text_Species_en.txt
206,ノコッチ,노고치,Dunsparce,kwsch/PKHeX,8ad201e80244f630ab5a46922ab72fb79c5ad4f4,PKHeX.Core/Resources/text/other/ja/text_Species_ja.txt,PKHeX.Core/Resources/text/other/ko/text_Species_ko.txt,PKHeX.Core/Resources/text/other/en/text_Species_en.txt
207,グライガー,글라이거,Gligar,kwsch/PKHeX,8ad201e80244f630ab5a46922ab72fb79c5ad4f4,PKHeX.Core/Resources/text/other/ja/text_Species_ja.txt,PKHeX.Core/Resources/text/other/ko/text_Species_ko.txt,PKHeX.Core/Resources/text/other/en/text_Species_en.txt
208,ハガネール,강철톤,Steelix,kwsch/PKHeX,8ad201e80244f630ab5a46922ab72fb79c5ad4f4,PKHeX.Core/Resources/text/other/ja/text_Species_ja.txt,PKHeX.Core/Resources/text/other/ko/text_Species_ko.txt,PKHeX.Core/Resources/text/other/en/text_Species_en.txt
209,ブルー,블루,Snubbull,kwsch/PKHeX,8ad201e80244f630ab5a46922ab72fb79c5ad4f4,PKHeX.Core/Resources/text/other/ja/text_Species_ja.txt,PKHeX.Core/Resources/text/other/ko/text_Species_ko.txt,PKHeX.Core/Resources/text/other/en/text_Species_en.txt
210,グランブル,그랑블루,Granbull,kwsch/PKHeX,8ad201e80244f630ab5a46922ab72fb79c5ad4f4,PKHeX.Core/Resources/text/other/ja/text_Species_ja.txt,PKHeX.Core/Resources/text/other/ko/text_Species_ko.txt,PKHeX.Core/Resources/text/other/en/text_Species_en.txt
211,ハリーセン,침바루,Qwilfish,kwsch/PKHeX,8ad201e80244f630ab5a46922ab72fb79c5ad4f4,PKHeX.Core/Resources/text/other/ja/text_Species_ja.txt,PKHeX.Core/Resources/text/other/ko/text_Species_ko.txt,PKHeX.Core/Resources/text/other/en/text_Species_en.txt
212,ハッサム,핫삼,Scizor,kwsch/PKHeX,8ad201e80244f630ab5a46922ab72fb79c5ad4f4,PKHeX.Core/Resources/text/other/ja/text_Species_ja.txt,PKHeX.Core/Resources/text/other/ko/text_Species_ko.txt,PKHeX.Core/Resources/text/other/en/text_Species_en.txt
213,ツボツボ,단단지,Shuckle,kwsch/PKHeX,8ad201e80244f630ab5a46922ab72fb79c5ad4f4,PKHeX.Core/Resources/text/other/ja/text_Species_ja.txt,PKHeX.Core/Resources/text/other/ko/text_Species_ko.txt,PKHeX.Core/Resources/text/other/en/text_Species_en.txt
214,ヘラクロス,헤라크로스,Heracross,kwsch/PKHeX,8ad201e80244f630ab5a46922ab72fb79c5ad4f4,PKHeX.Core/Resources/text/other/ja/text_Species_ja.txt,PKHeX.Core/Resources/text/other/ko/text_Species_ko.txt,PKHeX.Core/Resources/text/other/en/text_Species_en.txt
215,ニューラ,포푸니,Sneasel,kwsch/PKHeX,8ad201e80244f630ab5a46922ab72fb79c5ad4f4,PKHeX.Core/Resources/text/other/ja/text_Species_ja.txt,PKHeX.Core/Resources/text/other/ko/text_Species_ko.txt,PKHeX.Core/Resources/text/other/en/text_Species_en.txt
216,ヒメグマ,깜지곰,Teddiursa,kwsch/PKHeX,8ad201e80244f630ab5a46922ab72fb79c5ad4f4,PKHeX.Core/Resources/text/other/ja/text_Species_ja.txt,PKHeX.Core/Resources/text/other/ko/text_Species_ko.txt,PKHeX.Core/Resources/text/other/en/text_Species_en.txt
217,リングマ,링곰,Ursaring,kwsch/PKHeX,8ad201e80244f630ab5a46922ab72fb79c5ad4f4,PKHeX.Core/Resources/text/other/ja/text_Species_ja.txt,PKHeX.Core/Resources/text/other/ko/text_Species_ko.txt,PKHeX.Core/Resources/text/other/en/text_Species_en.txt
218,マグマッグ,마그마그,Slugma,kwsch/PKHeX,8ad201e80244f630ab5a46922ab72fb79c5ad4f4,PKHeX.Core/Resources/text/other/ja/text_Species_ja.txt,PKHeX.Core/Resources/text/other/ko/text_Species_ko.txt,PKHeX.Core/Resources/text/other/en/text_Species_en.txt
219,マグカルゴ,마그카르고,Magcargo,kwsch/PKHeX,8ad201e80244f630ab5a46922ab72fb79c5ad4f4,PKHeX.Core/Resources/text/other/ja/text_Species_ja.txt,PKHeX.Core/Resources/text/other/ko/text_Species_ko.txt,PKHeX.Core/Resources/text/other/en/text_Species_en.txt
220,ウリムー,꾸꾸리,Swinub,kwsch/PKHeX,8ad201e80244f630ab5a46922ab72fb79c5ad4f4,PKHeX.Core/Resources/text/other/ja/text_Species_ja.txt,PKHeX.Core/Resources/text/other/ko/text_Species_ko.txt,PKHeX.Core/Resources/text/other/en/text_Species_en.txt
221,イノムー,메꾸리,Piloswine,kwsch/PKHeX,8ad201e80244f630ab5a46922ab72fb79c5ad4f4,PKHeX.Core/Resources/text/other/ja/text_Species_ja.txt,PKHeX.Core/Resources/text/other/ko/text_Species_ko.txt,PKHeX.Core/Resources/text/other/en/text_Species_en.txt
222,サニーゴ,코산호,Corsola,kwsch/PKHeX,8ad201e80244f630ab5a46922ab72fb79c5ad4f4,PKHeX.Core/Resources/text/other/ja/text_Species_ja.txt,PKHeX.Core/Resources/text/other/ko/text_Species_ko.txt,PKHeX.Core/Resources/text/other/en/text_Species_en.txt
223,テッポウオ,총어,Remoraid,kwsch/PKHeX,8ad201e80244f630ab5a46922ab72fb79c5ad4f4,PKHeX.Core/Resources/text/other/ja/text_Species_ja.txt,PKHeX.Core/Resources/text/other/ko/text_Species_ko.txt,PKHeX.Core/Resources/text/other/en/text_Species_en.txt
224,オクタン,대포무노,Octillery,kwsch/PKHeX,8ad201e80244f630ab5a46922ab72fb79c5ad4f4,PKHeX.Core/Resources/text/other/ja/text_Species_ja.txt,PKHeX.Core/Resources/text/other/ko/text_Species_ko.txt,PKHeX.Core/Resources/text/other/en/text_Species_en.txt
225,デリバード,딜리버드,Delibird,kwsch/PKHeX,8ad201e80244f630ab5a46922ab72fb79c5ad4f4,PKHeX.Core/Resources/text/other/ja/text_Species_ja.txt,PKHeX.Core/Resources/text/other/ko/text_Species_ko.txt,PKHeX.Core/Resources/text/other/en/text_Species_en.txt
226,マンタイン,만타인,Mantine,kwsch/PKHeX,8ad201e80244f630ab5a46922ab72fb79c5ad4f4,PKHeX.Core/Resources/text/other/ja/text_Species_ja.txt,PKHeX.Core/Resources/text/other/ko/text_Species_ko.txt,PKHeX.Core/Resources/text/other/en/text_Species_en.txt
227,エアームド,무장조,Skarmory,kwsch/PKHeX,8ad201e80244f630ab5a46922ab72fb79c5ad4f4,PKHeX.Core/Resources/text/other/ja/text_Species_ja.txt,PKHeX.Core/Resources/text/other/ko/text_Species_ko.txt,PKHeX.Core/Resources/text/other/en/text_Species_en.txt
228,デルビル,델빌,Houndour,kwsch/PKHeX,8ad201e80244f630ab5a46922ab72fb79c5ad4f4,PKHeX.Core/Resources/text/other/ja/text_Species_ja.txt,PKHeX.Core/Resources/text/other/ko/text_Species_ko.txt,PKHeX.Core/Resources/text/other/en/text_Species_en.txt
229,ヘルガー,헬가,Houndoom,kwsch/PKHeX,8ad201e80244f630ab5a46922ab72fb79c5ad4f4,PKHeX.Core/Resources/text/other/ja/text_Species_ja.txt,PKHeX.Core/Resources/text/other/ko/text_Species_ko.txt,PKHeX.Core/Resources/text/other/en/text_Species_en.txt
230,キングドラ,킹드라,Kingdra,kwsch/PKHeX,8ad201e80244f630ab5a46922ab72fb79c5ad4f4,PKHeX.Core/Resources/text/other/ja/text_Species_ja.txt,PKHeX.Core/Resources/text/other/ko/text_Species_ko.txt,PKHeX.Core/Resources/text/other/en/text_Species_en.txt
231,ゴマゾウ,코코리,Phanpy,kwsch/PKHeX,8ad201e80244f630ab5a46922ab72fb79c5ad4f4,PKHeX.Core/Resources/text/other/ja/text_Species_ja.txt,PKHeX.Core/Resources/text/other/ko/text_Species_ko.txt,PKHeX.Core/Resources/text/other/en/text_Species_en.txt
232,ドンファン,코리갑,Donphan,kwsch/PKHeX,8ad201e80244f630ab5a46922ab72fb79c5ad4f4,PKHeX.Core/Resources/text/other/ja/text_Species_ja.txt,PKHeX.Core/Resources/text/other/ko/text_Species_ko.txt,PKHeX.Core/Resources/text/other/en/text_Species_en.txt
233,ポリゴン２,폴리곤2,Porygon2,kwsch/PKHeX,8ad201e80244f630ab5a46922ab72fb79c5ad4f4,PKHeX.Core/Resources/text/other/ja/text_Species_ja.txt,PKHeX.Core/Resources/text/other/ko/text_Species_ko.txt,PKHeX.Core/Resources/text/other/en/text_Species_en.txt
234,オドシシ,노라키,Stantler,kwsch/PKHeX,8ad201e80244f630ab5a46922ab72fb79c5ad4f4,PKHeX.Core/Resources/text/other/ja/text_Species_ja.txt,PKHeX.Core/Resources/text/other/ko/text_Species_ko.txt,PKHeX.Core/Resources/text/other/en/text_Species_en.txt
235,ドーブル,루브도,Smeargle,kwsch/PKHeX,8ad201e80244f630ab5a46922ab72fb79c5ad4f4,PKHeX.Core/Resources/text/other/ja/text_Species_ja.txt,PKHeX.Core/Resources/text/other/ko/text_Species_ko.txt,PKHeX.Core/Resources/text/other/en/text_Species_en.txt
236,バルキー,배루키,Tyrogue,kwsch/PKHeX,8ad201e80244f630ab5a46922ab72fb79c5ad4f4,PKHeX.Core/Resources/text/other/ja/text_Species_ja.txt,PKHeX.Core/Resources/text/other/ko/text_Species_ko.txt,PKHeX.Core/Resources/text/other/en/text_Species_en.txt
237,カポエラー,카포에라,Hitmontop,kwsch/PKHeX,8ad201e80244f630ab5a46922ab72fb79c5ad4f4,PKHeX.Core/Resources/text/other/ja/text_Species_ja.txt,PKHeX.Core/Resources/text/other/ko/text_Species_ko.txt,PKHeX.Core/Resources/text/other/en/text_Species_en.txt
238,ムチュール,뽀뽀라,Smoochum,kwsch/PKHeX,8ad201e80244f630ab5a46922ab72fb79c5ad4f4,PKHeX.Core/Resources/text/other/ja/text_Species_ja.txt,PKHeX.Core/Resources/text/other/ko/text_Species_ko.txt,PKHeX.Core/Resources/text/other/en/text_Species_en.txt
239,エレキッド,에레키드,Elekid,kwsch/PKHeX,8ad201e80244f630ab5a46922ab72fb79c5ad4f4,PKHeX.Core/Resources/text/other/ja/text_Species_ja.txt,PKHeX.Core/Resources/text/other/ko/text_Species_ko.txt,PKHeX.Core/Resources/text/other/en/text_Species_en.txt
240,ブビィ,마그비,Magby,kwsch/PKHeX,8ad201e80244f630ab5a46922ab72fb79c5ad4f4,PKHeX.Core/Resources/text/other/ja/text_Species_ja.txt,PKHeX.Core/Resources/text/other/ko/text_Species_ko.txt,PKHeX.Core/Resources/text/other/en/text_Species_en.txt
241,ミルタンク,밀탱크,Miltank,kwsch/PKHeX,8ad201e80244f630ab5a46922ab72fb79c5ad4f4,PKHeX.Core/Resources/text/other/ja/text_Species_ja.txt,PKHeX.Core/Resources/text/other/ko/text_Species_ko.txt,PKHeX.Core/Resources/text/other/en/text_Species_en.txt
242,ハピナス,해피너스,Blissey,kwsch/PKHeX,8ad201e80244f630ab5a46922ab72fb79c5ad4f4,PKHeX.Core/Resources/text/other/ja/text_Species_ja.txt,PKHeX.Core/Resources/text/other/ko/text_Species_ko.txt,PKHeX.Core/Resources/text/other/en/text_Species_en.txt
243,ライコウ,라이코,Raikou,kwsch/PKHeX,8ad201e80244f630ab5a46922ab72fb79c5ad4f4,PKHeX.Core/Resources/text/other/ja/text_Species_ja.txt,PKHeX.Core/Resources/text/other/ko/text_Species_ko.txt,PKHeX.Core/Resources/text/other/en/text_Species_en.txt
244,エンテイ,앤테이,Entei,kwsch/PKHeX,8ad201e80244f630ab5a46922ab72fb79c5ad4f4,PKHeX.Core/Resources/text/other/ja/text_Species_ja.txt,PKHeX.Core/Resources/text/other/ko/text_Species_ko.txt,PKHeX.Core/Resources/text/other/en/text_Species_en.txt
245,スイクン,스이쿤,Suicune,kwsch/PKHeX,8ad201e80244f630ab5a46922ab72fb79c5ad4f4,PKHeX.Core/Resources/text/other/ja/text_Species_ja.txt,PKHeX.Core/Resources/text/other/ko/text_Species_ko.txt,PKHeX.Core/Resources/text/other/en/text_Species_en.txt
246,ヨーギラス,애버라스,Larvitar,kwsch/PKHeX,8ad201e80244f630ab5a46922ab72fb79c5ad4f4,PKHeX.Core/Resources/text/other/ja/text_Species_ja.txt,PKHeX.Core/Resources/text/other/ko/text_Species_ko.txt,PKHeX.Core/Resources/text/other/en/text_Species_en.txt
247,サナギラス,데기라스,Pupitar,kwsch/PKHeX,8ad201e80244f630ab5a46922ab72fb79c5ad4f4,PKHeX.Core/Resources/text/other/ja/text_Species_ja.txt,PKHeX.Core/Resources/text/other/ko/text_Species_ko.txt,PKHeX.Core/Resources/text/other/en/text_Species_en.txt
248,バンギラス,마기라스,Tyranitar,kwsch/PKHeX,8ad201e80244f630ab5a46922ab72fb79c5ad4f4,PKHeX.Core/Resources/text/other/ja/text_Species_ja.txt,PKHeX.Core/Resources/text/other/ko/text_Species_ko.txt,PKHeX.Core/Resources/text/other/en/text_Species_en.txt
249,ルギア,루기아,Lugia,kwsch/PKHeX,8ad201e80244f630ab5a46922ab72fb79c5ad4f4,PKHeX.Core/Resources/text/other/ja/text_Species_ja.txt,PKHeX.Core/Resources/text/other/ko/text_Species_ko.txt,PKHeX.Core/Resources/text/other/en/text_Species_en.txt
250,ホウオウ,칠색조,Ho-Oh,kwsch/PKHeX,8ad201e80244f630ab5a46922ab72fb79c5ad4f4,PKHeX.Core/Resources/text/other/ja/text_Species_ja.txt,PKHeX.Core/Resources/text/other/ko/text_Species_ko.txt,PKHeX.Core/Resources/text/other/en/text_Species_en.txt
251,セレビィ,세레비,Celebi,kwsch/PKHeX,8ad201e80244f630ab5a46922ab72fb79c5ad4f4,PKHeX.Core/Resources/text/other/ja/text_Species_ja.txt,PKHeX.Core/Resources/text/other/ko/text_Species_ko.txt,PKHeX.Core/Resources/text/other/en/text_Species_en.txt
252,キモリ,나무지기,Treecko,kwsch/PKHeX,8ad201e80244f630ab5a46922ab72fb79c5ad4f4,PKHeX.Core/Resources/text/other/ja/text_Species_ja.txt,PKHeX.Core/Resources/text/other/ko/text_Species_ko.txt,PKHeX.Core/Resources/text/other/en/text_Species_en.txt
253,ジュプトル,나무돌이,Grovyle,kwsch/PKHeX,8ad201e80244f630ab5a46922ab72fb79c5ad4f4,PKHeX.Core/Resources/text/other/ja/text_Species_ja.txt,PKHeX.Core/Resources/text/other/ko/text_Species_ko.txt,PKHeX.Core/Resources/text/other/en/text_Species_en.txt
254,ジュカイン,나무킹,Sceptile,kwsch/PKHeX,8ad201e80244f630ab5a46922ab72fb79c5ad4f4,PKHeX.Core/Resources/text/other/ja/text_Species_ja.txt,PKHeX.Core/Resources/text/other/ko/text_Species_ko.txt,PKHeX.Core/Resources/text/other/en/text_Species_en.txt
255,アチャモ,아차모,Torchic,kwsch/PKHeX,8ad201e80244f630ab5a46922ab72fb79c5ad4f4,PKHeX.Core/Resources/text/other/ja/text_Species_ja.txt,PKHeX.Core/Resources/text/other/ko/text_Species_ko.txt,PKHeX.Core/Resources/text/other/en/text_Species_en.txt
256,ワカシャモ,영치코,Combusken,kwsch/PKHeX,8ad201e80244f630ab5a46922ab72fb79c5ad4f4,PKHeX.Core/Resources/text/other/ja/text_Species_ja.txt,PKHeX.Core/Resources/text/other/ko/text_Species_ko.txt,PKHeX.Core/Resources/text/other/en/text_Species_en.txt
257,バシャーモ,번치코,Blaziken,kwsch/PKHeX,8ad201e80244f630ab5a46922ab72fb79c5ad4f4,PKHeX.Core/Resources/text/other/ja/text_Species_ja.txt,PKHeX.Core/Resources/text/other/ko/text_Species_ko.txt,PKHeX.Core/Resources/text/other/en/text_Species_en.txt
258,ミズゴロウ,물짱이,Mudkip,kwsch/PKHeX,8ad201e80244f630ab5a46922ab72fb79c5ad4f4,PKHeX.Core/Resources/text/other/ja/text_Species_ja.txt,PKHeX.Core/Resources/text/other/ko/text_Species_ko.txt,PKHeX.Core/Resources/text/other/en/text_Species_en.txt
259,ヌマクロー,늪짱이,Marshtomp,kwsch/PKHeX,8ad201e80244f630ab5a46922ab72fb79c5ad4f4,PKHeX.Core/Resources/text/other/ja/text_Species_ja.txt,PKHeX.Core/Resources/text/other/ko/text_Species_ko.txt,PKHeX.Core/Resources/text/other/en/text_Species_en.txt
260,ラグラージ,대짱이,Swampert,kwsch/PKHeX,8ad201e80244f630ab5a46922ab72fb79c5ad4f4,PKHeX.Core/Resources/text/other/ja/text_Species_ja.txt,PKHeX.Core/Resources/text/other/ko/text_Species_ko.txt,PKHeX.Core/Resources/text/other/en/text_Species_en.txt
261,ポチエナ,포챠나,Poochyena,kwsch/PKHeX,8ad201e80244f630ab5a46922ab72fb79c5ad4f4,PKHeX.Core/Resources/text/other/ja/text_Species_ja.txt,PKHeX.Core/Resources/text/other/ko/text_Species_ko.txt,PKHeX.Core/Resources/text/other/en/text_Species_en.txt
262,グラエナ,그라에나,Mightyena,kwsch/PKHeX,8ad201e80244f630ab5a46922ab72fb79c5ad4f4,PKHeX.Core/Resources/text/other/ja/text_Species_ja.txt,PKHeX.Core/Resources/text/other/ko/text_Species_ko.txt,PKHeX.Core/Resources/text/other/en/text_Species_en.txt
263,ジグザグマ,지그제구리,Zigzagoon,kwsch/PKHeX,8ad201e80244f630ab5a46922ab72fb79c5ad4f4,PKHeX.Core/Resources/text/other/ja/text_Species_ja.txt,PKHeX.Core/Resources/text/other/ko/text_Species_ko.txt,PKHeX.Core/Resources/text/other/en/text_Species_en.txt
264,マッスグマ,직구리,Linoone,kwsch/PKHeX,8ad201e80244f630ab5a46922ab72fb79c5ad4f4,PKHeX.Core/Resources/text/other/ja/text_Species_ja.txt,PKHeX.Core/Resources/text/other/ko/text_Species_ko.txt,PKHeX.Core/Resources/text/other/en/text_Species_en.txt
265,ケムッソ,개무소,Wurmple,kwsch/PKHeX,8ad201e80244f630ab5a46922ab72fb79c5ad4f4,PKHeX.Core/Resources/text/other/ja/text_Species_ja.txt,PKHeX.Core/Resources/text/other/ko/text_Species_ko.txt,PKHeX.Core/Resources/text/other/en/text_Species_en.txt
266,カラサリス,실쿤,Silcoon,kwsch/PKHeX,8ad201e80244f630ab5a46922ab72fb79c5ad4f4,PKHeX.Core/Resources/text/other/ja/text_Species_ja.txt,PKHeX.Core/Resources/text/other/ko/text_Species_ko.txt,PKHeX.Core/Resources/text/other/en/text_Species_en.txt
267,アゲハント,뷰티플라이,Beautifly,kwsch/PKHeX,8ad201e80244f630ab5a46922ab72fb79c5ad4f4,PKHeX.Core/Resources/text/other/ja/text_Species_ja.txt,PKHeX.Core/Resources/text/other/ko/text_Species_ko.txt,PKHeX.Core/Resources/text/other/en/text_Species_en.txt
268,マユルド,카스쿤,Cascoon,kwsch/PKHeX,8ad201e80244f630ab5a46922ab72fb79c5ad4f4,PKHeX.Core/Resources/text/other/ja/text_Species_ja.txt,PKHeX.Core/Resources/text/other/ko/text_Species_ko.txt,PKHeX.Core/Resources/text/other/en/text_Species_en.txt
269,ドクケイル,독케일,Dustox,kwsch/PKHeX,8ad201e80244f630ab5a46922ab72fb79c5ad4f4,PKHeX.Core/Resources/text/other/ja/text_Species_ja.txt,PKHeX.Core/Resources/text/other/ko/text_Species_ko.txt,PKHeX.Core/Resources/text/other/en/text_Species_en.txt
270,ハスボー,연꽃몬,Lotad,kwsch/PKHeX,8ad201e80244f630ab5a46922ab72fb79c5ad4f4,PKHeX.Core/Resources/text/other/ja/text_Species_ja.txt,PKHeX.Core/Resources/text/other/ko/text_Species_ko.txt,PKHeX.Core/Resources/text/other/en/text_Species_en.txt
271,ハスブレロ,로토스,Lombre,kwsch/PKHeX,8ad201e80244f630ab5a46922ab72fb79c5ad4f4,PKHeX.Core/Resources/text/other/ja/text_Species_ja.txt,PKHeX.Core/Resources/text/other/ko/text_Species_ko.txt,PKHeX.Core/Resources/text/other/en/text_Species_en.txt
272,ルンパッパ,로파파,Ludicolo,kwsch/PKHeX,8ad201e80244f630ab5a46922ab72fb79c5ad4f4,PKHeX.Core/Resources/text/other/ja/text_Species_ja.txt,PKHeX.Core/Resources/text/other/ko/text_Species_ko.txt,PKHeX.Core/Resources/text/other/en/text_Species_en.txt
273,タネボー,도토링,Seedot,kwsch/PKHeX,8ad201e80244f630ab5a46922ab72fb79c5ad4f4,PKHeX.Core/Resources/text/other/ja/text_Species_ja.txt,PKHeX.Core/Resources/text/other/ko/text_Species_ko.txt,PKHeX.Core/Resources/text/other/en/text_Species_en.txt
274,コノハナ,잎새코,Nuzleaf,kwsch/PKHeX,8ad201e80244f630ab5a46922ab72fb79c5ad4f4,PKHeX.Core/Resources/text/other/ja/text_Species_ja.txt,PKHeX.Core/Resources/text/other/ko/text_Species_ko.txt,PKHeX.Core/Resources/text/other/en/text_Species_en.txt
275,ダーテング,다탱구,Shiftry,kwsch/PKHeX,8ad201e80244f630ab5a46922ab72fb79c5ad4f4,PKHeX.Core/Resources/text/other/ja/text_Species_ja.txt,PKHeX.Core/Resources/text/other/ko/text_Species_ko.txt,PKHeX.Core/Resources/text/other/en/text_Species_en.txt
276,スバメ,테일로,Taillow,kwsch/PKHeX,8ad201e80244f630ab5a46922ab72fb79c5ad4f4,PKHeX.Core/Resources/text/other/ja/text_Species_ja.txt,PKHeX.Core/Resources/text/other/ko/text_Species_ko.txt,PKHeX.Core/Resources/text/other/en/text_Species_en.txt
277,オオスバメ,스왈로,Swellow,kwsch/PKHeX,8ad201e80244f630ab5a46922ab72fb79c5ad4f4,PKHeX.Core/Resources/text/other/ja/text_Species_ja.txt,PKHeX.Core/Resources/text/other/ko/text_Species_ko.txt,PKHeX.Core/Resources/text/other/en/text_Species_en.txt
278,キャモメ,갈모매,Wingull,kwsch/PKHeX,8ad201e80244f630ab5a46922ab72fb79c5ad4f4,PKHeX.Core/Resources/text/other/ja/text_Species_ja.txt,PKHeX.Core/Resources/text/other/ko/text_Species_ko.txt,PKHeX.Core/Resources/text/other/en/text_Species_en.txt
279,ペリッパー,패리퍼,Pelipper,kwsch/PKHeX,8ad201e80244f630ab5a46922ab72fb79c5ad4f4,PKHeX.Core/Resources/text/other/ja/text_Species_ja.txt,PKHeX.Core/Resources/text/other/ko/text_Species_ko.txt,PKHeX.Core/Resources/text/other/en/text_Species_en.txt
280,ラルトス,랄토스,Ralts,kwsch/PKHeX,8ad201e80244f630ab5a46922ab72fb79c5ad4f4,PKHeX.Core/Resources/text/other/ja/text_Species_ja.txt,PKHeX.Core/Resources/text/other/ko/text_Species_ko.txt,PKHeX.Core/Resources/text/other/en/text_Species_en.txt
281,キルリア,킬리아,Kirlia,kwsch/PKHeX,8ad201e80244f630ab5a46922ab72fb79c5ad4f4,PKHeX.Core/Resources/text/other/ja/text_Species_ja.txt,PKHeX.Core/Resources/text/other/ko/text_Species_ko.txt,PKHeX.Core/Resources/text/other/en/text_Species_en.txt
282,サーナイト,가디안,Gardevoir,kwsch/PKHeX,8ad201e80244f630ab5a46922ab72fb79c5ad4f4,PKHeX.Core/Resources/text/other/ja/text_Species_ja.txt,PKHeX.Core/Resources/text/other/ko/text_Species_ko.txt,PKHeX.Core/Resources/text/other/en/text_Species_en.txt
283,アメタマ,비구술,Surskit,kwsch/PKHeX,8ad201e80244f630ab5a46922ab72fb79c5ad4f4,PKHeX.Core/Resources/text/other/ja/text_Species_ja.txt,PKHeX.Core/Resources/text/other/ko/text_Species_ko.txt,PKHeX.Core/Resources/text/other/en/text_Species_en.txt
284,アメモース,비나방,Masquerain,kwsch/PKHeX,8ad201e80244f630ab5a46922ab72fb79c5ad4f4,PKHeX.Core/Resources/text/other/ja/text_Species_ja.txt,PKHeX.Core/Resources/text/other/ko/text_Species_ko.txt,PKHeX.Core/Resources/text/other/en/text_Species_en.txt
285,キノココ,버섯꼬,Shroomish,kwsch/PKHeX,8ad201e80244f630ab5a46922ab72fb79c5ad4f4,PKHeX.Core/Resources/text/other/ja/text_Species_ja.txt,PKHeX.Core/Resources/text/other/ko/text_Species_ko.txt,PKHeX.Core/Resources/text/other/en/text_Species_en.txt
286,キノガッサ,버섯모,Breloom,kwsch/PKHeX,8ad201e80244f630ab5a46922ab72fb79c5ad4f4,PKHeX.Core/Resources/text/other/ja/text_Species_ja.txt,PKHeX.Core/Resources/text/other/ko/text_Species_ko.txt,PKHeX.Core/Resources/text/other/en/text_Species_en.txt
287,ナマケロ,게을로,Slakoth,kwsch/PKHeX,8ad201e80244f630ab5a46922ab72fb79c5ad4f4,PKHeX.Core/Resources/text/other/ja/text_Species_ja.txt,PKHeX.Core/Resources/text/other/ko/text_Species_ko.txt,PKHeX.Core/Resources/text/other/en/text_Species_en.txt
288,ヤルキモノ,발바로,Vigoroth,kwsch/PKHeX,8ad201e80244f630ab5a46922ab72fb79c5ad4f4,PKHeX.Core/Resources/text/other/ja/text_Species_ja.txt,PKHeX.Core/Resources/text/other/ko/text_Species_ko.txt,PKHeX.Core/Resources/text/other/en/text_Species_en.txt
289,ケッキング,게을킹,Slaking,kwsch/PKHeX,8ad201e80244f630ab5a46922ab72fb79c5ad4f4,PKHeX.Core/Resources/text/other/ja/text_Species_ja.txt,PKHeX.Core/Resources/text/other/ko/text_Species_ko.txt,PKHeX.Core/Resources/text/other/en/text_Species_en.txt
290,ツチニン,토중몬,Nincada,kwsch/PKHeX,8ad201e80244f630ab5a46922ab72fb79c5ad4f4,PKHeX.Core/Resources/text/other/ja/text_Species_ja.txt,PKHeX.Core/Resources/text/other/ko/text_Species_ko.txt,PKHeX.Core/Resources/text/other/en/text_Species_en.txt
291,テッカニン,아이스크,Ninjask,kwsch/PKHeX,8ad201e80244f630ab5a46922ab72fb79c5ad4f4,PKHeX.Core/Resources/text/other/ja/text_Species_ja.txt,PKHeX.Core/Resources/text/other/ko/text_Species_ko.txt,PKHeX.Core/Resources/text/other/en/text_Species_en.txt
292,ヌケニン,껍질몬,Shedinja,kwsch/PKHeX,8ad201e80244f630ab5a46922ab72fb79c5ad4f4,PKHeX.Core/Resources/text/other/ja/text_Species_ja.txt,PKHeX.Core/Resources/text/other/ko/text_Species_ko.txt,PKHeX.Core/Resources/text/other/en/text_Species_en.txt
293,ゴニョニョ,소곤룡,Whismur,kwsch/PKHeX,8ad201e80244f630ab5a46922ab72fb79c5ad4f4,PKHeX.Core/Resources/text/other/ja/text_Species_ja.txt,PKHeX.Core/Resources/text/other/ko/text_Species_ko.txt,PKHeX.Core/Resources/text/other/en/text_Species_en.txt
294,ドゴーム,노공룡,Loudred,kwsch/PKHeX,8ad201e80244f630ab5a46922ab72fb79c5ad4f4,PKHeX.Core/Resources/text/other/ja/text_Species_ja.txt,PKHeX.Core/Resources/text/other/ko/text_Species_ko.txt,PKHeX.Core/Resources/text/other/en/text_Species_en.txt
295,バクオング,폭음룡,Exploud,kwsch/PKHeX,8ad201e80244f630ab5a46922ab72fb79c5ad4f4,PKHeX.Core/Resources/text/other/ja/text_Species_ja.txt,PKHeX.Core/Resources/text/other/ko/text_Species_ko.txt,PKHeX.Core/Resources/text/other/en/text_Species_en.txt
296,マクノシタ,마크탕,Makuhita,kwsch/PKHeX,8ad201e80244f630ab5a46922ab72fb79c5ad4f4,PKHeX.Core/Resources/text/other/ja/text_Species_ja.txt,PKHeX.Core/Resources/text/other/ko/text_Species_ko.txt,PKHeX.Core/Resources/text/other/en/text_Species_en.txt
297,ハリテヤマ,하리뭉,Hariyama,kwsch/PKHeX,8ad201e80244f630ab5a46922ab72fb79c5ad4f4,PKHeX.Core/Resources/text/other/ja/text_Species_ja.txt,PKHeX.Core/Resources/text/other/ko/text_Species_ko.txt,PKHeX.Core/Resources/text/other/en/text_Species_en.txt
298,ルリリ,루리리,Azurill,kwsch/PKHeX,8ad201e80244f630ab5a46922ab72fb79c5ad4f4,PKHeX.Core/Resources/text/other/ja/text_Species_ja.txt,PKHeX.Core/Resources/text/other/ko/text_Species_ko.txt,PKHeX.Core/Resources/text/other/en/text_Species_en.txt
299,ノズパス,코코파스,Nosepass,kwsch/PKHeX,8ad201e80244f630ab5a46922ab72fb79c5ad4f4,PKHeX.Core/Resources/text/other/ja/text_Species_ja.txt,PKHeX.Core/Resources/text/other/ko/text_Species_ko.txt,PKHeX.Core/Resources/text/other/en/text_Species_en.txt
300,エネコ,에나비,Skitty,kwsch/PKHeX,8ad201e80244f630ab5a46922ab72fb79c5ad4f4,PKHeX.Core/Resources/text/other/ja/text_Species_ja.txt,PKHeX.Core/Resources/text/other/ko/text_Species_ko.txt,PKHeX.Core/Resources/text/other/en/text_Species_en.txt
301,エネコロロ,델케티,Delcatty,kwsch/PKHeX,8ad201e80244f630ab5a46922ab72fb79c5ad4f4,PKHeX.Core/Resources/text/other/ja/text_Species_ja.txt,PKHeX.Core/Resources/text/other/ko/text_Species_ko.txt,PKHeX.Core/Resources/text/other/en/text_Species_en.txt
302,ヤミラミ,깜까미,Sableye,kwsch/PKHeX,8ad201e80244f630ab5a46922ab72fb79c5ad4f4,PKHeX.Core/Resources/text/other/ja/text_Species_ja.txt,PKHeX.Core/Resources/text/other/ko/text_Species_ko.txt,PKHeX.Core/Resources/text/other/en/text_Species_en.txt
303,クチート,입치트,Mawile,kwsch/PKHeX,8ad201e80244f630ab5a46922ab72fb79c5ad4f4,PKHeX.Core/Resources/text/other/ja/text_Species_ja.txt,PKHeX.Core/Resources/text/other/ko/text_Species_ko.txt,PKHeX.Core/Resources/text/other/en/text_Species_en.txt
304,ココドラ,가보리,Aron,kwsch/PKHeX,8ad201e80244f630ab5a46922ab72fb79c5ad4f4,PKHeX.Core/Resources/text/other/ja/text_Species_ja.txt,PKHeX.Core/Resources/text/other/ko/text_Species_ko.txt,PKHeX.Core/Resources/text/other/en/text_Species_en.txt
305,コドラ,갱도라,Lairon,kwsch/PKHeX,8ad201e80244f630ab5a46922ab72fb79c5ad4f4,PKHeX.Core/Resources/text/other/ja/text_Species_ja.txt,PKHeX.Core/Resources/text/other/ko/text_Species_ko.txt,PKHeX.Core/Resources/text/other/en/text_Species_en.txt
306,ボスゴドラ,보스로라,Aggron,kwsch/PKHeX,8ad201e80244f630ab5a46922ab72fb79c5ad4f4,PKHeX.Core/Resources/text/other/ja/text_Species_ja.txt,PKHeX.Core/Resources/text/other/ko/text_Species_ko.txt,PKHeX.Core/Resources/text/other/en/text_Species_en.txt
307,アサナン,요가랑,Meditite,kwsch/PKHeX,8ad201e80244f630ab5a46922ab72fb79c5ad4f4,PKHeX.Core/Resources/text/other/ja/text_Species_ja.txt,PKHeX.Core/Resources/text/other/ko/text_Species_ko.txt,PKHeX.Core/Resources/text/other/en/text_Species_en.txt
308,チャーレム,요가램,Medicham,kwsch/PKHeX,8ad201e80244f630ab5a46922ab72fb79c5ad4f4,PKHeX.Core/Resources/text/other/ja/text_Species_ja.txt,PKHeX.Core/Resources/text/other/ko/text_Species_ko.txt,PKHeX.Core/Resources/text/other/en/text_Species_en.txt
309,ラクライ,썬더라이,Electrike,kwsch/PKHeX,8ad201e80244f630ab5a46922ab72fb79c5ad4f4,PKHeX.Core/Resources/text/other/ja/text_Species_ja.txt,PKHeX.Core/Resources/text/other/ko/text_Species_ko.txt,PKHeX.Core/Resources/text/other/en/text_Species_en.txt
310,ライボルト,썬더볼트,Manectric,kwsch/PKHeX,8ad201e80244f630ab5a46922ab72fb79c5ad4f4,PKHeX.Core/Resources/text/other/ja/text_Species_ja.txt,PKHeX.Core/Resources/text/other/ko/text_Species_ko.txt,PKHeX.Core/Resources/text/other/en/text_Species_en.txt
311,プラスル,플러시,Plusle,kwsch/PKHeX,8ad201e80244f630ab5a46922ab72fb79c5ad4f4,PKHeX.Core/Resources/text/other/ja/text_Species_ja.txt,PKHeX.Core/Resources/text/other/ko/text_Species_ko.txt,PKHeX.Core/Resources/text/other/en/text_Species_en.txt
312,マイナン,마이농,Minun,kwsch/PKHeX,8ad201e80244f630ab5a46922ab72fb79c5ad4f4,PKHeX.Core/Resources/text/other/ja/text_Species_ja.txt,PKHeX.Core/Resources/text/other/ko/text_Species_ko.txt,PKHeX.Core/Resources/text/other/en/text_Species_en.txt
313,バルビート,볼비트,Volbeat,kwsch/PKHeX,8ad201e80244f630ab5a46922ab72fb79c5ad4f4,PKHeX.Core/Resources/text/other/ja/text_Species_ja.txt,PKHeX.Core/Resources/text/other/ko/text_Species_ko.txt,PKHeX.Core/Resources/text/other/en/text_Species_en.txt
314,イルミーゼ,네오비트,Illumise,kwsch/PKHeX,8ad201e80244f630ab5a46922ab72fb79c5ad4f4,PKHeX.Core/Resources/text/other/ja/text_Species_ja.txt,PKHeX.Core/Resources/text/other/ko/text_Species_ko.txt,PKHeX.Core/Resources/text/other/en/text_Species_en.txt
315,ロゼリア,로젤리아,Roselia,kwsch/PKHeX,8ad201e80244f630ab5a46922ab72fb79c5ad4f4,PKHeX.Core/Resources/text/other/ja/text_Species_ja.txt,PKHeX.Core/Resources/text/other/ko/text_Species_ko.txt,PKHeX.Core/Resources/text/other/en/text_Species_en.txt
316,ゴクリン,꼴깍몬,Gulpin,kwsch/PKHeX,8ad201e80244f630ab5a46922ab72fb79c5ad4f4,PKHeX.Core/Resources/text/other/ja/text_Species_ja.txt,PKHeX.Core/Resources/text/other/ko/text_Species_ko.txt,PKHeX.Core/Resources/text/other/en/text_Species_en.txt
317,マルノーム,꿀꺽몬,Swalot,kwsch/PKHeX,8ad201e80244f630ab5a46922ab72fb79c5ad4f4,PKHeX.Core/Resources/text/other/ja/text_Species_ja.txt,PKHeX.Core/Resources/text/other/ko/text_Species_ko.txt,PKHeX.Core/Resources/text/other/en/text_Species_en.txt
318,キバニア,샤프니아,Carvanha,kwsch/PKHeX,8ad201e80244f630ab5a46922ab72fb79c5ad4f4,PKHeX.Core/Resources/text/other/ja/text_Species_ja.txt,PKHeX.Core/Resources/text/other/ko/text_Species_ko.txt,PKHeX.Core/Resources/text/other/en/text_Species_en.txt
319,サメハダー,샤크니아,Sharpedo,kwsch/PKHeX,8ad201e80244f630ab5a46922ab72fb79c5ad4f4,PKHeX.Core/Resources/text/other/ja/text_Species_ja.txt,PKHeX.Core/Resources/text/other/ko/text_Species_ko.txt,PKHeX.Core/Resources/text/other/en/text_Species_en.txt
320,ホエルコ,고래왕자,Wailmer,kwsch/PKHeX,8ad201e80244f630ab5a46922ab72fb79c5ad4f4,PKHeX.Core/Resources/text/other/ja/text_Species_ja.txt,PKHeX.Core/Resources/text/other/ko/text_Species_ko.txt,PKHeX.Core/Resources/text/other/en/text_Species_en.txt
321,ホエルオー,고래왕,Wailord,kwsch/PKHeX,8ad201e80244f630ab5a46922ab72fb79c5ad4f4,PKHeX.Core/Resources/text/other/ja/text_Species_ja.txt,PKHeX.Core/Resources/text/other/ko/text_Species_ko.txt,PKHeX.Core/Resources/text/other/en/text_Species_en.txt
322,ドンメル,둔타,Numel,kwsch/PKHeX,8ad201e80244f630ab5a46922ab72fb79c5ad4f4,PKHeX.Core/Resources/text/other/ja/text_Species_ja.txt,PKHeX.Core/Resources/text/other/ko/text_Species_ko.txt,PKHeX.Core/Resources/text/other/en/text_Species_en.txt
323,バクーダ,폭타,Camerupt,kwsch/PKHeX,8ad201e80244f630ab5a46922ab72fb79c5ad4f4,PKHeX.Core/Resources/text/other/ja/text_Species_ja.txt,PKHeX.Core/Resources/text/other/ko/text_Species_ko.txt,PKHeX.Core/Resources/text/other/en/text_Species_en.txt
324,コータス,코터스,Torkoal,kwsch/PKHeX,8ad201e80244f630ab5a46922ab72fb79c5ad4f4,PKHeX.Core/Resources/text/other/ja/text_Species_ja.txt,PKHeX.Core/Resources/text/other/ko/text_Species_ko.txt,PKHeX.Core/Resources/text/other/en/text_Species_en.txt
325,バネブー,피그점프,Spoink,kwsch/PKHeX,8ad201e80244f630ab5a46922ab72fb79c5ad4f4,PKHeX.Core/Resources/text/other/ja/text_Species_ja.txt,PKHeX.Core/Resources/text/other/ko/text_Species_ko.txt,PKHeX.Core/Resources/text/other/en/text_Species_en.txt
326,ブーピッグ,피그킹,Grumpig,kwsch/PKHeX,8ad201e80244f630ab5a46922ab72fb79c5ad4f4,PKHeX.Core/Resources/text/other/ja/text_Species_ja.txt,PKHeX.Core/Resources/text/other/ko/text_Species_ko.txt,PKHeX.Core/Resources/text/other/en/text_Species_en.txt
327,パッチール,얼루기,Spinda,kwsch/PKHeX,8ad201e80244f630ab5a46922ab72fb79c5ad4f4,PKHeX.Core/Resources/text/other/ja/text_Species_ja.txt,PKHeX.Core/Resources/text/other/ko/text_Species_ko.txt,PKHeX.Core/Resources/text/other/en/text_Species_en.txt
328,ナックラー,톱치,Trapinch,kwsch/PKHeX,8ad201e80244f630ab5a46922ab72fb79c5ad4f4,PKHeX.Core/Resources/text/other/ja/text_Species_ja.txt,PKHeX.Core/Resources/text/other/ko/text_Species_ko.txt,PKHeX.Core/Resources/text/other/en/text_Species_en.txt
329,ビブラーバ,비브라바,Vibrava,kwsch/PKHeX,8ad201e80244f630ab5a46922ab72fb79c5ad4f4,PKHeX.Core/Resources/text/other/ja/text_Species_ja.txt,PKHeX.Core/Resources/text/other/ko/text_Species_ko.txt,PKHeX.Core/Resources/text/other/en/text_Species_en.txt
330,フライゴン,플라이곤,Flygon,kwsch/PKHeX,8ad201e80244f630ab5a46922ab72fb79c5ad4f4,PKHeX.Core/Resources/text/other/ja/text_Species_ja.txt,PKHeX.Core/Resources/text/other/ko/text_Species_ko.txt,PKHeX.Core/Resources/text/other/en/text_Species_en.txt
331,サボネア,선인왕,Cacnea,kwsch/PKHeX,8ad201e80244f630ab5a46922ab72fb79c5ad4f4,PKHeX.Core/Resources/text/other/ja/text_Species_ja.txt,PKHeX.Core/Resources/text/other/ko/text_Species_ko.txt,PKHeX.Core/Resources/text/other/en/text_Species_en.txt
332,ノクタス,밤선인,Cacturne,kwsch/PKHeX,8ad201e80244f630ab5a46922ab72fb79c5ad4f4,PKHeX.Core/Resources/text/other/ja/text_Species_ja.txt,PKHeX.Core/Resources/text/other/ko/text_Species_ko.txt,PKHeX.Core/Resources/text/other/en/text_Species_en.txt
333,チルット,파비코,Swablu,kwsch/PKHeX,8ad201e80244f630ab5a46922ab72fb79c5ad4f4,PKHeX.Core/Resources/text/other/ja/text_Species_ja.txt,PKHeX.Core/Resources/text/other/ko/text_Species_ko.txt,PKHeX.Core/Resources/text/other/en/text_Species_en.txt
334,チルタリス,파비코리,Altaria,kwsch/PKHeX,8ad201e80244f630ab5a46922ab72fb79c5ad4f4,PKHeX.Core/Resources/text/other/ja/text_Species_ja.txt,PKHeX.Core/Resources/text/other/ko/text_Species_ko.txt,PKHeX.Core/Resources/text/other/en/text_Species_en.txt
335,ザングース,쟝고,Zangoose,kwsch/PKHeX,8ad201e80244f630ab5a46922ab72fb79c5ad4f4,PKHeX.Core/Resources/text/other/ja/text_Species_ja.txt,PKHeX.Core/Resources/text/other/ko/text_Species_ko.txt,PKHeX.Core/Resources/text/other/en/text_Species_en.txt
336,ハブネーク,세비퍼,Seviper,kwsch/PKHeX,8ad201e80244f630ab5a46922ab72fb79c5ad4f4,PKHeX.Core/Resources/text/other/ja/text_Species_ja.txt,PKHeX.Core/Resources/text/other/ko/text_Species_ko.txt,PKHeX.Core/Resources/text/other/en/text_Species_en.txt
337,ルナトーン,루나톤,Lunatone,kwsch/PKHeX,8ad201e80244f630ab5a46922ab72fb79c5ad4f4,PKHeX.Core/Resources/text/other/ja/text_Species_ja.txt,PKHeX.Core/Resources/text/other/ko/text_Species_ko.txt,PKHeX.Core/Resources/text/other/en/text_Species_en.txt
338,ソルロック,솔록,Solrock,kwsch/PKHeX,8ad201e80244f630ab5a46922ab72fb79c5ad4f4,PKHeX.Core/Resources/text/other/ja/text_Species_ja.txt,PKHeX.Core/Resources/text/other/ko/text_Species_ko.txt,PKHeX.Core/Resources/text/other/en/text_Species_en.txt
339,ドジョッチ,미꾸리,Barboach,kwsch/PKHeX,8ad201e80244f630ab5a46922ab72fb79c5ad4f4,PKHeX.Core/Resources/text/other/ja/text_Species_ja.txt,PKHeX.Core/Resources/text/other/ko/text_Species_ko.txt,PKHeX.Core/Resources/text/other/en/text_Species_en.txt
340,ナマズン,메깅,Whiscash,kwsch/PKHeX,8ad201e80244f630ab5a46922ab72fb79c5ad4f4,PKHeX.Core/Resources/text/other/ja/text_Species_ja.txt,PKHeX.Core/Resources/text/other/ko/text_Species_ko.txt,PKHeX.Core/Resources/text/other/en/text_Species_en.txt
341,ヘイガニ,가재군,Corphish,kwsch/PKHeX,8ad201e80244f630ab5a46922ab72fb79c5ad4f4,PKHeX.Core/Resources/text/other/ja/text_Species_ja.txt,PKHeX.Core/Resources/text/other/ko/text_Species_ko.txt,PKHeX.Core/Resources/text/other/en/text_Species_en.txt
342,シザリガー,가재장군,Crawdaunt,kwsch/PKHeX,8ad201e80244f630ab5a46922ab72fb79c5ad4f4,PKHeX.Core/Resources/text/other/ja/text_Species_ja.txt,PKHeX.Core/Resources/text/other/ko/text_Species_ko.txt,PKHeX.Core/Resources/text/other/en/text_Species_en.txt
343,ヤジロン,오뚝군,Baltoy,kwsch/PKHeX,8ad201e80244f630ab5a46922ab72fb79c5ad4f4,PKHeX.Core/Resources/text/other/ja/text_Species_ja.txt,PKHeX.Core/Resources/text/other/ko/text_Species_ko.txt,PKHeX.Core/Resources/text/other/en/text_Species_en.txt
344,ネンドール,점토도리,Claydol,kwsch/PKHeX,8ad201e80244f630ab5a46922ab72fb79c5ad4f4,PKHeX.Core/Resources/text/other/ja/text_Species_ja.txt,PKHeX.Core/Resources/text/other/ko/text_Species_ko.txt,PKHeX.Core/Resources/text/other/en/text_Species_en.txt
345,リリーラ,릴링,Lileep,kwsch/PKHeX,8ad201e80244f630ab5a46922ab72fb79c5ad4f4,PKHeX.Core/Resources/text/other/ja/text_Species_ja.txt,PKHeX.Core/Resources/text/other/ko/text_Species_ko.txt,PKHeX.Core/Resources/text/other/en/text_Species_en.txt
346,ユレイドル,릴리요,Cradily,kwsch/PKHeX,8ad201e80244f630ab5a46922ab72fb79c5ad4f4,PKHeX.Core/Resources/text/other/ja/text_Species_ja.txt,PKHeX.Core/Resources/text/other/ko/text_Species_ko.txt,PKHeX.Core/Resources/text/other/en/text_Species_en.txt
347,アノプス,아노딥스,Anorith,kwsch/PKHeX,8ad201e80244f630ab5a46922ab72fb79c5ad4f4,PKHeX.Core/Resources/text/other/ja/text_Species_ja.txt,PKHeX.Core/Resources/text/other/ko/text_Species_ko.txt,PKHeX.Core/Resources/text/other/en/text_Species_en.txt
348,アーマルド,아말도,Armaldo,kwsch/PKHeX,8ad201e80244f630ab5a46922ab72fb79c5ad4f4,PKHeX.Core/Resources/text/other/ja/text_Species_ja.txt,PKHeX.Core/Resources/text/other/ko/text_Species_ko.txt,PKHeX.Core/Resources/text/other/en/text_Species_en.txt
349,ヒンバス,빈티나,Feebas,kwsch/PKHeX,8ad201e80244f630ab5a46922ab72fb79c5ad4f4,PKHeX.Core/Resources/text/other/ja/text_Species_ja.txt,PKHeX.Core/Resources/text/other/ko/text_Species_ko.txt,PKHeX.Core/Resources/text/other/en/text_Species_en.txt
350,ミロカロス,밀로틱,Milotic,kwsch/PKHeX,8ad201e80244f630ab5a46922ab72fb79c5ad4f4,PKHeX.Core/Resources/text/other/ja/text_Species_ja.txt,PKHeX.Core/Resources/text/other/ko/text_Species_ko.txt,PKHeX.Core/Resources/text/other/en/text_Species_en.txt
351,ポワルン,캐스퐁,Castform,kwsch/PKHeX,8ad201e80244f630ab5a46922ab72fb79c5ad4f4,PKHeX.Core/Resources/text/other/ja/text_Species_ja.txt,PKHeX.Core/Resources/text/other/ko/text_Species_ko.txt,PKHeX.Core/Resources/text/other/en/text_Species_en.txt
352,カクレオン,켈리몬,Kecleon,kwsch/PKHeX,8ad201e80244f630ab5a46922ab72fb79c5ad4f4,PKHeX.Core/Resources/text/other/ja/text_Species_ja.txt,PKHeX.Core/Resources/text/other/ko/text_Species_ko.txt,PKHeX.Core/Resources/text/other/en/text_Species_en.txt
353,カゲボウズ,어둠대신,Shuppet,kwsch/PKHeX,8ad201e80244f630ab5a46922ab72fb79c5ad4f4,PKHeX.Core/Resources/text/other/ja/text_Species_ja.txt,PKHeX.Core/Resources/text/other/ko/text_Species_ko.txt,PKHeX.Core/Resources/text/other/en/text_Species_en.txt
354,ジュペッタ,다크펫,Banette,kwsch/PKHeX,8ad201e80244f630ab5a46922ab72fb79c5ad4f4,PKHeX.Core/Resources/text/other/ja/text_Species_ja.txt,PKHeX.Core/Resources/text/other/ko/text_Species_ko.txt,PKHeX.Core/Resources/text/other/en/text_Species_en.txt
355,ヨマワル,해골몽,Duskull,kwsch/PKHeX,8ad201e80244f630ab5a46922ab72fb79c5ad4f4,PKHeX.Core/Resources/text/other/ja/text_Species_ja.txt,PKHeX.Core/Resources/text/other/ko/text_Species_ko.txt,PKHeX.Core/Resources/text/other/en/text_Species_en.txt
356,サマヨール,미라몽,Dusclops,kwsch/PKHeX,8ad201e80244f630ab5a46922ab72fb79c5ad4f4,PKHeX.Core/Resources/text/other/ja/text_Species_ja.txt,PKHeX.Core/Resources/text/other/ko/text_Species_ko.txt,PKHeX.Core/Resources/text/other/en/text_Species_en.txt
357,トロピウス,트로피우스,Tropius,kwsch/PKHeX,8ad201e80244f630ab5a46922ab72fb79c5ad4f4,PKHeX.Core/Resources/text/other/ja/text_Species_ja.txt,PKHeX.Core/Resources/text/other/ko/text_Species_ko.txt,PKHeX.Core/Resources/text/other/en/text_Species_en.txt
358,チリーン,치렁,Chimecho,kwsch/PKHeX,8ad201e80244f630ab5a46922ab72fb79c5ad4f4,PKHeX.Core/Resources/text/other/ja/text_Species_ja.txt,PKHeX.Core/Resources/text/other/ko/text_Species_ko.txt,PKHeX.Core/Resources/text/other/en/text_Species_en.txt
359,アブソル,앱솔,Absol,kwsch/PKHeX,8ad201e80244f630ab5a46922ab72fb79c5ad4f4,PKHeX.Core/Resources/text/other/ja/text_Species_ja.txt,PKHeX.Core/Resources/text/other/ko/text_Species_ko.txt,PKHeX.Core/Resources/text/other/en/text_Species_en.txt
360,ソーナノ,마자,Wynaut,kwsch/PKHeX,8ad201e80244f630ab5a46922ab72fb79c5ad4f4,PKHeX.Core/Resources/text/other/ja/text_Species_ja.txt,PKHeX.Core/Resources/text/other/ko/text_Species_ko.txt,PKHeX.Core/Resources/text/other/en/text_Species_en.txt
361,ユキワラシ,눈꼬마,Snorunt,kwsch/PKHeX,8ad201e80244f630ab5a46922ab72fb79c5ad4f4,PKHeX.Core/Resources/text/other/ja/text_Species_ja.txt,PKHeX.Core/Resources/text/other/ko/text_Species_ko.txt,PKHeX.Core/Resources/text/other/en/text_Species_en.txt
362,オニゴーリ,얼음귀신,Glalie,kwsch/PKHeX,8ad201e80244f630ab5a46922ab72fb79c5ad4f4,PKHeX.Core/Resources/text/other/ja/text_Species_ja.txt,PKHeX.Core/Resources/text/other/ko/text_Species_ko.txt,PKHeX.Core/Resources/text/other/en/text_Species_en.txt
363,タマザラシ,대굴레오,Spheal,kwsch/PKHeX,8ad201e80244f630ab5a46922ab72fb79c5ad4f4,PKHeX.Core/Resources/text/other/ja/text_Species_ja.txt,PKHeX.Core/Resources/text/other/ko/text_Species_ko.txt,PKHeX.Core/Resources/text/other/en/text_Species_en.txt
364,トドグラー,씨레오,Sealeo,kwsch/PKHeX,8ad201e80244f630ab5a46922ab72fb79c5ad4f4,PKHeX.Core/Resources/text/other/ja/text_Species_ja.txt,PKHeX.Core/Resources/text/other/ko/text_Species_ko.txt,PKHeX.Core/Resources/text/other/en/text_Species_en.txt
365,トドゼルガ,씨카이저,Walrein,kwsch/PKHeX,8ad201e80244f630ab5a46922ab72fb79c5ad4f4,PKHeX.Core/Resources/text/other/ja/text_Species_ja.txt,PKHeX.Core/Resources/text/other/ko/text_Species_ko.txt,PKHeX.Core/Resources/text/other/en/text_Species_en.txt
366,パールル,진주몽,Clamperl,kwsch/PKHeX,8ad201e80244f630ab5a46922ab72fb79c5ad4f4,PKHeX.Core/Resources/text/other/ja/text_Species_ja.txt,PKHeX.Core/Resources/text/other/ko/text_Species_ko.txt,PKHeX.Core/Resources/text/other/en/text_Species_en.txt
367,ハンテール,헌테일,Huntail,kwsch/PKHeX,8ad201e80244f630ab5a46922ab72fb79c5ad4f4,PKHeX.Core/Resources/text/other/ja/text_Species_ja.txt,PKHeX.Core/Resources/text/other/ko/text_Species_ko.txt,PKHeX.Core/Resources/text/other/en/text_Species_en.txt
368,サクラビス,분홍장이,Gorebyss,kwsch/PKHeX,8ad201e80244f630ab5a46922ab72fb79c5ad4f4,PKHeX.Core/Resources/text/other/ja/text_Species_ja.txt,PKHeX.Core/Resources/text/other/ko/text_Species_ko.txt,PKHeX.Core/Resources/text/other/en/text_Species_en.txt
369,ジーランス,시라칸,Relicanth,kwsch/PKHeX,8ad201e80244f630ab5a46922ab72fb79c5ad4f4,PKHeX.Core/Resources/text/other/ja/text_Species_ja.txt,PKHeX.Core/Resources/text/other/ko/text_Species_ko.txt,PKHeX.Core/Resources/text/other/en/text_Species_en.txt
370,ラブカス,사랑동이,Luvdisc,kwsch/PKHeX,8ad201e80244f630ab5a46922ab72fb79c5ad4f4,PKHeX.Core/Resources/text/other/ja/text_Species_ja.txt,PKHeX.Core/Resources/text/other/ko/text_Species_ko.txt,PKHeX.Core/Resources/text/other/en/text_Species_en.txt
371,タツベイ,아공이,Bagon,kwsch/PKHeX,8ad201e80244f630ab5a46922ab72fb79c5ad4f4,PKHeX.Core/Resources/text/other/ja/text_Species_ja.txt,PKHeX.Core/Resources/text/other/ko/text_Species_ko.txt,PKHeX.Core/Resources/text/other/en/text_Species_en.txt
372,コモルー,쉘곤,Shelgon,kwsch/PKHeX,8ad201e80244f630ab5a46922ab72fb79c5ad4f4,PKHeX.Core/Resources/text/other/ja/text_Species_ja.txt,PKHeX.Core/Resources/text/other/ko/text_Species_ko.txt,PKHeX.Core/Resources/text/other/en/text_Species_en.txt
373,ボーマンダ,보만다,Salamence,kwsch/PKHeX,8ad201e80244f630ab5a46922ab72fb79c5ad4f4,PKHeX.Core/Resources/text/other/ja/text_Species_ja.txt,PKHeX.Core/Resources/text/other/ko/text_Species_ko.txt,PKHeX.Core/Resources/text/other/en/text_Species_en.txt
374,ダンバル,메탕,Beldum,kwsch/PKHeX,8ad201e80244f630ab5a46922ab72fb79c5ad4f4,PKHeX.Core/Resources/text/other/ja/text_Species_ja.txt,PKHeX.Core/Resources/text/other/ko/text_Species_ko.txt,PKHeX.Core/Resources/text/other/en/text_Species_en.txt
375,メタング,메탕구,Metang,kwsch/PKHeX,8ad201e80244f630ab5a46922ab72fb79c5ad4f4,PKHeX.Core/Resources/text/other/ja/text_Species_ja.txt,PKHeX.Core/Resources/text/other/ko/text_Species_ko.txt,PKHeX.Core/Resources/text/other/en/text_Species_en.txt
376,メタグロス,메타그로스,Metagross,kwsch/PKHeX,8ad201e80244f630ab5a46922ab72fb79c5ad4f4,PKHeX.Core/Resources/text/other/ja/text_Species_ja.txt,PKHeX.Core/Resources/text/other/ko/text_Species_ko.txt,PKHeX.Core/Resources/text/other/en/text_Species_en.txt
377,レジロック,레지락,Regirock,kwsch/PKHeX,8ad201e80244f630ab5a46922ab72fb79c5ad4f4,PKHeX.Core/Resources/text/other/ja/text_Species_ja.txt,PKHeX.Core/Resources/text/other/ko/text_Species_ko.txt,PKHeX.Core/Resources/text/other/en/text_Species_en.txt
378,レジアイス,레지아이스,Regice,kwsch/PKHeX,8ad201e80244f630ab5a46922ab72fb79c5ad4f4,PKHeX.Core/Resources/text/other/ja/text_Species_ja.txt,PKHeX.Core/Resources/text/other/ko/text_Species_ko.txt,PKHeX.Core/Resources/text/other/en/text_Species_en.txt
379,レジスチル,레지스틸,Registeel,kwsch/PKHeX,8ad201e80244f630ab5a46922ab72fb79c5ad4f4,PKHeX.Core/Resources/text/other/ja/text_Species_ja.txt,PKHeX.Core/Resources/text/other/ko/text_Species_ko.txt,PKHeX.Core/Resources/text/other/en/text_Species_en.txt
380,ラティアス,라티아스,Latias,kwsch/PKHeX,8ad201e80244f630ab5a46922ab72fb79c5ad4f4,PKHeX.Core/Resources/text/other/ja/text_Species_ja.txt,PKHeX.Core/Resources/text/other/ko/text_Species_ko.txt,PKHeX.Core/Resources/text/other/en/text_Species_en.txt
381,ラティオス,라티오스,Latios,kwsch/PKHeX,8ad201e80244f630ab5a46922ab72fb79c5ad4f4,PKHeX.Core/Resources/text/other/ja/text_Species_ja.txt,PKHeX.Core/Resources/text/other/ko/text_Species_ko.txt,PKHeX.Core/Resources/text/other/en/text_Species_en.txt
382,カイオーガ,가이오가,Kyogre,kwsch/PKHeX,8ad201e80244f630ab5a46922ab72fb79c5ad4f4,PKHeX.Core/Resources/text/other/ja/text_Species_ja.txt,PKHeX.Core/Resources/text/other/ko/text_Species_ko.txt,PKHeX.Core/Resources/text/other/en/text_Species_en.txt
383,グラードン,그란돈,Groudon,kwsch/PKHeX,8ad201e80244f630ab5a46922ab72fb79c5ad4f4,PKHeX.Core/Resources/text/other/ja/text_Species_ja.txt,PKHeX.Core/Resources/text/other/ko/text_Species_ko.txt,PKHeX.Core/Resources/text/other/en/text_Species_en.txt
384,レックウザ,레쿠쟈,Rayquaza,kwsch/PKHeX,8ad201e80244f630ab5a46922ab72fb79c5ad4f4,PKHeX.Core/Resources/text/other/ja/text_Species_ja.txt,PKHeX.Core/Resources/text/other/ko/text_Species_ko.txt,PKHeX.Core/Resources/text/other/en/text_Species_en.txt
385,ジラーチ,지라치,Jirachi,kwsch/PKHeX,8ad201e80244f630ab5a46922ab72fb79c5ad4f4,PKHeX.Core/Resources/text/other/ja/text_Species_ja.txt,PKHeX.Core/Resources/text/other/ko/text_Species_ko.txt,PKHeX.Core/Resources/text/other/en/text_Species_en.txt
386,デオキシス,테오키스,Deoxys,kwsch/PKHeX,8ad201e80244f630ab5a46922ab72fb79c5ad4f4,PKHeX.Core/Resources/text/other/ja/text_Species_ja.txt,PKHeX.Core/Resources/text/other/ko/text_Species_ko.txt,PKHeX.Core/Resources/text/other/en/text_Species_en.txt
387,ナエトル,모부기,Turtwig,kwsch/PKHeX,8ad201e80244f630ab5a46922ab72fb79c5ad4f4,PKHeX.Core/Resources/text/other/ja/text_Species_ja.txt,PKHeX.Core/Resources/text/other/ko/text_Species_ko.txt,PKHeX.Core/Resources/text/other/en/text_Species_en.txt
388,ハヤシガメ,수풀부기,Grotle,kwsch/PKHeX,8ad201e80244f630ab5a46922ab72fb79c5ad4f4,PKHeX.Core/Resources/text/other/ja/text_Species_ja.txt,PKHeX.Core/Resources/text/other/ko/text_Species_ko.txt,PKHeX.Core/Resources/text/other/en/text_Species_en.txt
389,ドダイトス,토대부기,Torterra,kwsch/PKHeX,8ad201e80244f630ab5a46922ab72fb79c5ad4f4,PKHeX.Core/Resources/text/other/ja/text_Species_ja.txt,PKHeX.Core/Resources/text/other/ko/text_Species_ko.txt,PKHeX.Core/Resources/text/other/en/text_Species_en.txt
390,ヒコザル,불꽃숭이,Chimchar,kwsch/PKHeX,8ad201e80244f630ab5a46922ab72fb79c5ad4f4,PKHeX.Core/Resources/text/other/ja/text_Species_ja.txt,PKHeX.Core/Resources/text/other/ko/text_Species_ko.txt,PKHeX.Core/Resources/text/other/en/text_Species_en.txt
391,モウカザル,파이숭이,Monferno,kwsch/PKHeX,8ad201e80244f630ab5a46922ab72fb79c5ad4f4,PKHeX.Core/Resources/text/other/ja/text_Species_ja.txt,PKHeX.Core/Resources/text/other/ko/text_Species_ko.txt,PKHeX.Core/Resources/text/other/en/text_Species_en.txt
392,ゴウカザル,초염몽,Infernape,kwsch/PKHeX,8ad201e80244f630ab5a46922ab72fb79c5ad4f4,PKHeX.Core/Resources/text/other/ja/text_Species_ja.txt,PKHeX.Core/Resources/text/other/ko/text_Species_ko.txt,PKHeX.Core/Resources/text/other/en/text_Species_en.txt
393,ポッチャマ,팽도리,Piplup,kwsch/PKHeX,8ad201e80244f630ab5a46922ab72fb79c5ad4f4,PKHeX.Core/Resources/text/other/ja/text_Species_ja.txt,PKHeX.Core/Resources/text/other/ko/text_Species_ko.txt,PKHeX.Core/Resources/text/other/en/text_Species_en.txt
394,ポッタイシ,팽태자,Prinplup,kwsch/PKHeX,8ad201e80244f630ab5a46922ab72fb79c5ad4f4,PKHeX.Core/Resources/text/other/ja/text_Species_ja.txt,PKHeX.Core/Resources/text/other/ko/text_Species_ko.txt,PKHeX.Core/Resources/text/other/en/text_Species_en.txt
395,エンペルト,엠페르트,Empoleon,kwsch/PKHeX,8ad201e80244f630ab5a46922ab72fb79c5ad4f4,PKHeX.Core/Resources/text/other/ja/text_Species_ja.txt,PKHeX.Core/Resources/text/other/ko/text_Species_ko.txt,PKHeX.Core/Resources/text/other/en/text_Species_en.txt
396,ムックル,찌르꼬,Starly,kwsch/PKHeX,8ad201e80244f630ab5a46922ab72fb79c5ad4f4,PKHeX.Core/Resources/text/other/ja/text_Species_ja.txt,PKHeX.Core/Resources/text/other/ko/text_Species_ko.txt,PKHeX.Core/Resources/text/other/en/text_Species_en.txt
397,ムクバード,찌르버드,Staravia,kwsch/PKHeX,8ad201e80244f630ab5a46922ab72fb79c5ad4f4,PKHeX.Core/Resources/text/other/ja/text_Species_ja.txt,PKHeX.Core/Resources/text/other/ko/text_Species_ko.txt,PKHeX.Core/Resources/text/other/en/text_Species_en.txt
398,ムクホーク,찌르호크,Staraptor,kwsch/PKHeX,8ad201e80244f630ab5a46922ab72fb79c5ad4f4,PKHeX.Core/Resources/text/other/ja/text_Species_ja.txt,PKHeX.Core/Resources/text/other/ko/text_Species_ko.txt,PKHeX.Core/Resources/text/other/en/text_Species_en.txt
399,ビッパ,비버니,Bidoof,kwsch/PKHeX,8ad201e80244f630ab5a46922ab72fb79c5ad4f4,PKHeX.Core/Resources/text/other/ja/text_Species_ja.txt,PKHeX.Core/Resources/text/other/ko/text_Species_ko.txt,PKHeX.Core/Resources/text/other/en/text_Species_en.txt
400,ビーダル,비버통,Bibarel,kwsch/PKHeX,8ad201e80244f630ab5a46922ab72fb79c5ad4f4,PKHeX.Core/Resources/text/other/ja/text_Species_ja.txt,PKHeX.Core/Resources/text/other/ko/text_Species_ko.txt,PKHeX.Core/Resources/text/other/en/text_Species_en.txt
401,コロボーシ,귀뚤뚜기,Kricketot,kwsch/PKHeX,8ad201e80244f630ab5a46922ab72fb79c5ad4f4,PKHeX.Core/Resources/text/other/ja/text_Species_ja.txt,PKHeX.Core/Resources/text/other/ko/text_Species_ko.txt,PKHeX.Core/Resources/text/other/en/text_Species_en.txt
402,コロトック,귀뚤톡크,Kricketune,kwsch/PKHeX,8ad201e80244f630ab5a46922ab72fb79c5ad4f4,PKHeX.Core/Resources/text/other/ja/text_Species_ja.txt,PKHeX.Core/Resources/text/other/ko/text_Species_ko.txt,PKHeX.Core/Resources/text/other/en/text_Species_en.txt
403,コリンク,꼬링크,Shinx,kwsch/PKHeX,8ad201e80244f630ab5a46922ab72fb79c5ad4f4,PKHeX.Core/Resources/text/other/ja/text_Species_ja.txt,PKHeX.Core/Resources/text/other/ko/text_Species_ko.txt,PKHeX.Core/Resources/text/other/en/text_Species_en.txt
404,ルクシオ,럭시오,Luxio,kwsch/PKHeX,8ad201e80244f630ab5a46922ab72fb79c5ad4f4,PKHeX.Core/Resources/text/other/ja/text_Species_ja.txt,PKHeX.Core/Resources/text/other/ko/text_Species_ko.txt,PKHeX.Core/Resources/text/other/en/text_Species_en.txt
405,レントラー,렌트라,Luxray,kwsch/PKHeX,8ad201e80244f630ab5a46922ab72fb79c5ad4f4,PKHeX.Core/Resources/text/other/ja/text_Species_ja.txt,PKHeX.Core/Resources/text/other/ko/text_Species_ko.txt,PKHeX.Core/Resources/text/other/en/text_Species_en.txt
406,スボミー,꼬몽울,Budew,kwsch/PKHeX,8ad201e80244f630ab5a46922ab72fb79c5ad4f4,PKHeX.Core/Resources/text/other/ja/text_Species_ja.txt,PKHeX.Core/Resources/text/other/ko/text_Species_ko.txt,PKHeX.Core/Resources/text/other/en/text_Species_en.txt
407,ロズレイド,로즈레이드,Roserade,kwsch/PKHeX,8ad201e80244f630ab5a46922ab72fb79c5ad4f4,PKHeX.Core/Resources/text/other/ja/text_Species_ja.txt,PKHeX.Core/Resources/text/other/ko/text_Species_ko.txt,PKHeX.Core/Resources/text/other/en/text_Species_en.txt
408,ズガイドス,두개도스,Cranidos,kwsch/PKHeX,8ad201e80244f630ab5a46922ab72fb79c5ad4f4,PKHeX.Core/Resources/text/other/ja/text_Species_ja.txt,PKHeX.Core/Resources/text/other/ko/text_Species_ko.txt,PKHeX.Core/Resources/text/other/en/text_Species_en.txt
409,ラムパルド,램펄드,Rampardos,kwsch/PKHeX,8ad201e80244f630ab5a46922ab72fb79c5ad4f4,PKHeX.Core/Resources/text/other/ja/text_Species_ja.txt,PKHeX.Core/Resources/text/other/ko/text_Species_ko.txt,PKHeX.Core/Resources/text/other/en/text_Species_en.txt
410,タテトプス,방패톱스,Shieldon,kwsch/PKHeX,8ad201e80244f630ab5a46922ab72fb79c5ad4f4,PKHeX.Core/Resources/text/other/ja/text_Species_ja.txt,PKHeX.Core/Resources/text/other/ko/text_Species_ko.txt,PKHeX.Core/Resources/text/other/en/text_Species_en.txt
411,トリデプス,바리톱스,Bastiodon,kwsch/PKHeX,8ad201e80244f630ab5a46922ab72fb79c5ad4f4,PKHeX.Core/Resources/text/other/ja/text_Species_ja.txt,PKHeX.Core/Resources/text/other/ko/text_Species_ko.txt,PKHeX.Core/Resources/text/other/en/text_Species_en.txt
412,ミノムッチ,도롱충이,Burmy,kwsch/PKHeX,8ad201e80244f630ab5a46922ab72fb79c5ad4f4,PKHeX.Core/Resources/text/other/ja/text_Species_ja.txt,PKHeX.Core/Resources/text/other/ko/text_Species_ko.txt,PKHeX.Core/Resources/text/other/en/text_Species_en.txt
413,ミノマダム,도롱마담,Wormadam,kwsch/PKHeX,8ad201e80244f630ab5a46922ab72fb79c5ad4f4,PKHeX.Core/Resources/text/other/ja/text_Species_ja.txt,PKHeX.Core/Resources/text/other/ko/text_Species_ko.txt,PKHeX.Core/Resources/text/other/en/text_Species_en.txt
414,ガーメイル,나메일,Mothim,kwsch/PKHeX,8ad201e80244f630ab5a46922ab72fb79c5ad4f4,PKHeX.Core/Resources/text/other/ja/text_Species_ja.txt,PKHeX.Core/Resources/text/other/ko/text_Species_ko.txt,PKHeX.Core/Resources/text/other/en/text_Species_en.txt
415,ミツハニー,세꿀버리,Combee,kwsch/PKHeX,8ad201e80244f630ab5a46922ab72fb79c5ad4f4,PKHeX.Core/Resources/text/other/ja/text_Species_ja.txt,PKHeX.Core/Resources/text/other/ko/text_Species_ko.txt,PKHeX.Core/Resources/text/other/en/text_Species_en.txt
416,ビークイン,비퀸,Vespiquen,kwsch/PKHeX,8ad201e80244f630ab5a46922ab72fb79c5ad4f4,PKHeX.Core/Resources/text/other/ja/text_Species_ja.txt,PKHeX.Core/Resources/text/other/ko/text_Species_ko.txt,PKHeX.Core/Resources/text/other/en/text_Species_en.txt
417,パチリス,파치리스,Pachirisu,kwsch/PKHeX,8ad201e80244f630ab5a46922ab72fb79c5ad4f4,PKHeX.Core/Resources/text/other/ja/text_Species_ja.txt,PKHeX.Core/Resources/text/other/ko/text_Species_ko.txt,PKHeX.Core/Resources/text/other/en/text_Species_en.txt
418,ブイゼル,브이젤,Buizel,kwsch/PKHeX,8ad201e80244f630ab5a46922ab72fb79c5ad4f4,PKHeX.Core/Resources/text/other/ja/text_Species_ja.txt,PKHeX.Core/Resources/text/other/ko/text_Species_ko.txt,PKHeX.Core/Resources/text/other/en/text_Species_en.txt
419,フローゼル,플로젤,Floatzel,kwsch/PKHeX,8ad201e80244f630ab5a46922ab72fb79c5ad4f4,PKHeX.Core/Resources/text/other/ja/text_Species_ja.txt,PKHeX.Core/Resources/text/other/ko/text_Species_ko.txt,PKHeX.Core/Resources/text/other/en/text_Species_en.txt
420,チェリンボ,체리버,Cherubi,kwsch/PKHeX,8ad201e80244f630ab5a46922ab72fb79c5ad4f4,PKHeX.Core/Resources/text/other/ja/text_Species_ja.txt,PKHeX.Core/Resources/text/other/ko/text_Species_ko.txt,PKHeX.Core/Resources/text/other/en/text_Species_en.txt
421,チェリム,체리꼬,Cherrim,kwsch/PKHeX,8ad201e80244f630ab5a46922ab72fb79c5ad4f4,PKHeX.Core/Resources/text/other/ja/text_Species_ja.txt,PKHeX.Core/Resources/text/other/ko/text_Species_ko.txt,PKHeX.Core/Resources/text/other/en/text_Species_en.txt
422,カラナクシ,깝질무,Shellos,kwsch/PKHeX,8ad201e80244f630ab5a46922ab72fb79c5ad4f4,PKHeX.Core/Resources/text/other/ja/text_Species_ja.txt,PKHeX.Core/Resources/text/other/ko/text_Species_ko.txt,PKHeX.Core/Resources/text/other/en/text_Species_en.txt
423,トリトドン,트리토돈,Gastrodon,kwsch/PKHeX,8ad201e80244f630ab5a46922ab72fb79c5ad4f4,PKHeX.Core/Resources/text/other/ja/text_Species_ja.txt,PKHeX.Core/Resources/text/other/ko/text_Species_ko.txt,PKHeX.Core/Resources/text/other/en/text_Species_en.txt
424,エテボース,겟핸보숭,Ambipom,kwsch/PKHeX,8ad201e80244f630ab5a46922ab72fb79c5ad4f4,PKHeX.Core/Resources/text/other/ja/text_Species_ja.txt,PKHeX.Core/Resources/text/other/ko/text_Species_ko.txt,PKHeX.Core/Resources/text/other/en/text_Species_en.txt
425,フワンテ,흔들풍손,Drifloon,kwsch/PKHeX,8ad201e80244f630ab5a46922ab72fb79c5ad4f4,PKHeX.Core/Resources/text/other/ja/text_Species_ja.txt,PKHeX.Core/Resources/text/other/ko/text_Species_ko.txt,PKHeX.Core/Resources/text/other/en/text_Species_en.txt
426,フワライド,둥실라이드,Drifblim,kwsch/PKHeX,8ad201e80244f630ab5a46922ab72fb79c5ad4f4,PKHeX.Core/Resources/text/other/ja/text_Species_ja.txt,PKHeX.Core/Resources/text/other/ko/text_Species_ko.txt,PKHeX.Core/Resources/text/other/en/text_Species_en.txt
427,ミミロル,이어롤,Buneary,kwsch/PKHeX,8ad201e80244f630ab5a46922ab72fb79c5ad4f4,PKHeX.Core/Resources/text/other/ja/text_Species_ja.txt,PKHeX.Core/Resources/text/other/ko/text_Species_ko.txt,PKHeX.Core/Resources/text/other/en/text_Species_en.txt
428,ミミロップ,이어롭,Lopunny,kwsch/PKHeX,8ad201e80244f630ab5a46922ab72fb79c5ad4f4,PKHeX.Core/Resources/text/other/ja/text_Species_ja.txt,PKHeX.Core/Resources/text/other/ko/text_Species_ko.txt,PKHeX.Core/Resources/text/other/en/text_Species_en.txt
429,ムウマージ,무우마직,Mismagius,kwsch/PKHeX,8ad201e80244f630ab5a46922ab72fb79c5ad4f4,PKHeX.Core/Resources/text/other/ja/text_Species_ja.txt,PKHeX.Core/Resources/text/other/ko/text_Species_ko.txt,PKHeX.Core/Resources/text/other/en/text_Species_en.txt
430,ドンカラス,돈크로우,Honchkrow,kwsch/PKHeX,8ad201e80244f630ab5a46922ab72fb79c5ad4f4,PKHeX.Core/Resources/text/other/ja/text_Species_ja.txt,PKHeX.Core/Resources/text/other/ko/text_Species_ko.txt,PKHeX.Core/Resources/text/other/en/text_Species_en.txt
431,ニャルマー,나옹마,Glameow,kwsch/PKHeX,8ad201e80244f630ab5a46922ab72fb79c5ad4f4,PKHeX.Core/Resources/text/other/ja/text_Species_ja.txt,PKHeX.Core/Resources/text/other/ko/text_Species_ko.txt,PKHeX.Core/Resources/text/other/en/text_Species_en.txt
432,ブニャット,몬냥이,Purugly,kwsch/PKHeX,8ad201e80244f630ab5a46922ab72fb79c5ad4f4,PKHeX.Core/Resources/text/other/ja/text_Species_ja.txt,PKHeX.Core/Resources/text/other/ko/text_Species_ko.txt,PKHeX.Core/Resources/text/other/en/text_Species_en.txt
433,リーシャン,랑딸랑,Chingling,kwsch/PKHeX,8ad201e80244f630ab5a46922ab72fb79c5ad4f4,PKHeX.Core/Resources/text/other/ja/text_Species_ja.txt,PKHeX.Core/Resources/text/other/ko/text_Species_ko.txt,PKHeX.Core/Resources/text/other/en/text_Species_en.txt
434,スカンプー,스컹뿡,Stunky,kwsch/PKHeX,8ad201e80244f630ab5a46922ab72fb79c5ad4f4,PKHeX.Core/Resources/text/other/ja/text_Species_ja.txt,PKHeX.Core/Resources/text/other/ko/text_Species_ko.txt,PKHeX.Core/Resources/text/other/en/text_Species_en.txt
435,スカタンク,스컹탱크,Skuntank,kwsch/PKHeX,8ad201e80244f630ab5a46922ab72fb79c5ad4f4,PKHeX.Core/Resources/text/other/ja/text_Species_ja.txt,PKHeX.Core/Resources/text/other/ko/text_Species_ko.txt,PKHeX.Core/Resources/text/other/en/text_Species_en.txt
436,ドーミラー,동미러,Bronzor,kwsch/PKHeX,8ad201e80244f630ab5a46922ab72fb79c5ad4f4,PKHeX.Core/Resources/text/other/ja/text_Species_ja.txt,PKHeX.Core/Resources/text/other/ko/text_Species_ko.txt,PKHeX.Core/Resources/text/other/en/text_Species_en.txt
437,ドータクン,동탁군,Bronzong,kwsch/PKHeX,8ad201e80244f630ab5a46922ab72fb79c5ad4f4,PKHeX.Core/Resources/text/other/ja/text_Species_ja.txt,PKHeX.Core/Resources/text/other/ko/text_Species_ko.txt,PKHeX.Core/Resources/text/other/en/text_Species_en.txt
438,ウソハチ,꼬지지,Bonsly,kwsch/PKHeX,8ad201e80244f630ab5a46922ab72fb79c5ad4f4,PKHeX.Core/Resources/text/other/ja/text_Species_ja.txt,PKHeX.Core/Resources/text/other/ko/text_Species_ko.txt,PKHeX.Core/Resources/text/other/en/text_Species_en.txt
439,マネネ,흉내내,Mime Jr.,kwsch/PKHeX,8ad201e80244f630ab5a46922ab72fb79c5ad4f4,PKHeX.Core/Resources/text/other/ja/text_Species_ja.txt,PKHeX.Core/Resources/text/other/ko/text_Species_ko.txt,PKHeX.Core/Resources/text/other/en/text_Species_en.txt
440,ピンプク,핑복,Happiny,kwsch/PKHeX,8ad201e80244f630ab5a46922ab72fb79c5ad4f4,PKHeX.Core/Resources/text/other/ja/text_Species_ja.txt,PKHeX.Core/Resources/text/other/ko/text_Species_ko.txt,PKHeX.Core/Resources/text/other/en/text_Species_en.txt
441,ペラップ,페라페,Chatot,kwsch/PKHeX,8ad201e80244f630ab5a46922ab72fb79c5ad4f4,PKHeX.Core/Resources/text/other/ja/text_Species_ja.txt,PKHeX.Core/Resources/text/other/ko/text_Species_ko.txt,PKHeX.Core/Resources/text/other/en/text_Species_en.txt
442,ミカルゲ,화강돌,Spiritomb,kwsch/PKHeX,8ad201e80244f630ab5a46922ab72fb79c5ad4f4,PKHeX.Core/Resources/text/other/ja/text_Species_ja.txt,PKHeX.Core/Resources/text/other/ko/text_Species_ko.txt,PKHeX.Core/Resources/text/other/en/text_Species_en.txt
443,フカマル,딥상어동,Gible,kwsch/PKHeX,8ad201e80244f630ab5a46922ab72fb79c5ad4f4,PKHeX.Core/Resources/text/other/ja/text_Species_ja.txt,PKHeX.Core/Resources/text/other/ko/text_Species_ko.txt,PKHeX.Core/Resources/text/other/en/text_Species_en.txt
444,ガバイト,한바이트,Gabite,kwsch/PKHeX,8ad201e80244f630ab5a46922ab72fb79c5ad4f4,PKHeX.Core/Resources/text/other/ja/text_Species_ja.txt,PKHeX.Core/Resources/text/other/ko/text_Species_ko.txt,PKHeX.Core/Resources/text/other/en/text_Species_en.txt
445,ガブリアス,한카리아스,Garchomp,kwsch/PKHeX,8ad201e80244f630ab5a46922ab72fb79c5ad4f4,PKHeX.Core/Resources/text/other/ja/text_Species_ja.txt,PKHeX.Core/Resources/text/other/ko/text_Species_ko.txt,PKHeX.Core/Resources/text/other/en/text_Species_en.txt
446,ゴンベ,먹고자,Munchlax,kwsch/PKHeX,8ad201e80244f630ab5a46922ab72fb79c5ad4f4,PKHeX.Core/Resources/text/other/ja/text_Species_ja.txt,PKHeX.Core/Resources/text/other/ko/text_Species_ko.txt,PKHeX.Core/Resources/text/other/en/text_Species_en.txt
447,リオル,리오르,Riolu,kwsch/PKHeX,8ad201e80244f630ab5a46922ab72fb79c5ad4f4,PKHeX.Core/Resources/text/other/ja/text_Species_ja.txt,PKHeX.Core/Resources/text/other/ko/text_Species_ko.txt,PKHeX.Core/Resources/text/other/en/text_Species_en.txt
448,ルカリオ,루카리오,Lucario,kwsch/PKHeX,8ad201e80244f630ab5a46922ab72fb79c5ad4f4,PKHeX.Core/Resources/text/other/ja/text_Species_ja.txt,PKHeX.Core/Resources/text/other/ko/text_Species_ko.txt,PKHeX.Core/Resources/text/other/en/text_Species_en.txt
449,ヒポポタス,히포포타스,Hippopotas,kwsch/PKHeX,8ad201e80244f630ab5a46922ab72fb79c5ad4f4,PKHeX.Core/Resources/text/other/ja/text_Species_ja.txt,PKHeX.Core/Resources/text/other/ko/text_Species_ko.txt,PKHeX.Core/Resources/text/other/en/text_Species_en.txt
450,カバルドン,하마돈,Hippowdon,kwsch/PKHeX,8ad201e80244f630ab5a46922ab72fb79c5ad4f4,PKHeX.Core/Resources/text/other/ja/text_Species_ja.txt,PKHeX.Core/Resources/text/other/ko/text_Species_ko.txt,PKHeX.Core/Resources/text/other/en/text_Species_en.txt
451,スコルピ,스콜피,Skorupi,kwsch/PKHeX,8ad201e80244f630ab5a46922ab72fb79c5ad4f4,PKHeX.Core/Resources/text/other/ja/text_Species_ja.txt,PKHeX.Core/Resources/text/other/ko/text_Species_ko.txt,PKHeX.Core/Resources/text/other/en/text_Species_en.txt
452,ドラピオン,드래피온,Drapion,kwsch/PKHeX,8ad201e80244f630ab5a46922ab72fb79c5ad4f4,PKHeX.Core/Resources/text/other/ja/text_Species_ja.txt,PKHeX.Core/Resources/text/other/ko/text_Species_ko.txt,PKHeX.Core/Resources/text/other/en/text_Species_en.txt
453,グレッグル,삐딱구리,Croagunk,kwsch/PKHeX,8ad201e80244f630ab5a46922ab72fb79c5ad4f4,PKHeX.Core/Resources/text/other/ja/text_Species_ja.txt,PKHeX.Core/Resources/text/other/ko/text_Species_ko.txt,PKHeX.Core/Resources/text/other/en/text_Species_en.txt
454,ドクロッグ,독개굴,Toxicroak,kwsch/PKHeX,8ad201e80244f630ab5a46922ab72fb79c5ad4f4,PKHeX.Core/Resources/text/other/ja/text_Species_ja.txt,PKHeX.Core/Resources/text/other/ko/text_Species_ko.txt,PKHeX.Core/Resources/text/other/en/text_Species_en.txt
455,マスキッパ,무스틈니,Carnivine,kwsch/PKHeX,8ad201e80244f630ab5a46922ab72fb79c5ad4f4,PKHeX.Core/Resources/text/other/ja/text_Species_ja.txt,PKHeX.Core/Resources/text/other/ko/text_Species_ko.txt,PKHeX.Core/Resources/text/other/en/text_Species_en.txt
456,ケイコウオ,형광어,Finneon,kwsch/PKHeX,8ad201e80244f630ab5a46922ab72fb79c5ad4f4,PKHeX.Core/Resources/text/other/ja/text_Species_ja.txt,PKHeX.Core/Resources/text/other/ko/text_Species_ko.txt,PKHeX.Core/Resources/text/other/en/text_Species_en.txt
457,ネオラント,네오라이트,Lumineon,kwsch/PKHeX,8ad201e80244f630ab5a46922ab72fb79c5ad4f4,PKHeX.Core/Resources/text/other/ja/text_Species_ja.txt,PKHeX.Core/Resources/text/other/ko/text_Species_ko.txt,PKHeX.Core/Resources/text/other/en/text_Species_en.txt
458,タマンタ,타만타,Mantyke,kwsch/PKHeX,8ad201e80244f630ab5a46922ab72fb79c5ad4f4,PKHeX.Core/Resources/text/other/ja/text_Species_ja.txt,PKHeX.Core/Resources/text/other/ko/text_Species_ko.txt,PKHeX.Core/Resources/text/other/en/text_Species_en.txt
459,ユキカブリ,눈쓰개,Snover,kwsch/PKHeX,8ad201e80244f630ab5a46922ab72fb79c5ad4f4,PKHeX.Core/Resources/text/other/ja/text_Species_ja.txt,PKHeX.Core/Resources/text/other/ko/text_Species_ko.txt,PKHeX.Core/Resources/text/other/en/text_Species_en.txt
460,ユキノオー,눈설왕,Abomasnow,kwsch/PKHeX,8ad201e80244f630ab5a46922ab72fb79c5ad4f4,PKHeX.Core/Resources/text/other/ja/text_Species_ja.txt,PKHeX.Core/Resources/text/other/ko/text_Species_ko.txt,PKHeX.Core/Resources/text/other/en/text_Species_en.txt
461,マニューラ,포푸니라,Weavile,kwsch/PKHeX,8ad201e80244f630ab5a46922ab72fb79c5ad4f4,PKHeX.Core/Resources/text/other/ja/text_Species_ja.txt,PKHeX.Core/Resources/text/other/ko/text_Species_ko.txt,PKHeX.Core/Resources/text/other/en/text_Species_en.txt
462,ジバコイル,자포코일,Magnezone,kwsch/PKHeX,8ad201e80244f630ab5a46922ab72fb79c5ad4f4,PKHeX.Core/Resources/text/other/ja/text_Species_ja.txt,PKHeX.Core/Resources/text/other/ko/text_Species_ko.txt,PKHeX.Core/Resources/text/other/en/text_Species_en.txt
463,ベロベルト,내룸벨트,Lickilicky,kwsch/PKHeX,8ad201e80244f630ab5a46922ab72fb79c5ad4f4,PKHeX.Core/Resources/text/other/ja/text_Species_ja.txt,PKHeX.Core/Resources/text/other/ko/text_Species_ko.txt,PKHeX.Core/Resources/text/other/en/text_Species_en.txt
464,ドサイドン,거대코뿌리,Rhyperior,kwsch/PKHeX,8ad201e80244f630ab5a46922ab72fb79c5ad4f4,PKHeX.Core/Resources/text/other/ja/text_Species_ja.txt,PKHeX.Core/Resources/text/other/ko/text_Species_ko.txt,PKHeX.Core/Resources/text/other/en/text_Species_en.txt
465,モジャンボ,덩쿠림보,Tangrowth,kwsch/PKHeX,8ad201e80244f630ab5a46922ab72fb79c5ad4f4,PKHeX.Core/Resources/text/other/ja/text_Species_ja.txt,PKHeX.Core/Resources/text/other/ko/text_Species_ko.txt,PKHeX.Core/Resources/text/other/en/text_Species_en.txt
466,エレキブル,에레키블,Electivire,kwsch/PKHeX,8ad201e80244f630ab5a46922ab72fb79c5ad4f4,PKHeX.Core/Resources/text/other/ja/text_Species_ja.txt,PKHeX.Core/Resources/text/other/ko/text_Species_ko.txt,PKHeX.Core/Resources/text/other/en/text_Species_en.txt
467,ブーバーン,마그마번,Magmortar,kwsch/PKHeX,8ad201e80244f630ab5a46922ab72fb79c5ad4f4,PKHeX.Core/Resources/text/other/ja/text_Species_ja.txt,PKHeX.Core/Resources/text/other/ko/text_Species_ko.txt,PKHeX.Core/Resources/text/other/en/text_Species_en.txt
468,トゲキッス,토게키스,Togekiss,kwsch/PKHeX,8ad201e80244f630ab5a46922ab72fb79c5ad4f4,PKHeX.Core/Resources/text/other/ja/text_Species_ja.txt,PKHeX.Core/Resources/text/other/ko/text_Species_ko.txt,PKHeX.Core/Resources/text/other/en/text_Species_en.txt
469,メガヤンマ,메가자리,Yanmega,kwsch/PKHeX,8ad201e80244f630ab5a46922ab72fb79c5ad4f4,PKHeX.Core/Resources/text/other/ja/text_Species_ja.txt,PKHeX.Core/Resources/text/other/ko/text_Species_ko.txt,PKHeX.Core/Resources/text/other/en/text_Species_en.txt
470,リーフィア,리피아,Leafeon,kwsch/PKHeX,8ad201e80244f630ab5a46922ab72fb79c5ad4f4,PKHeX.Core/Resources/text/other/ja/text_Species_ja.txt,PKHeX.Core/Resources/text/other/ko/text_Species_ko.txt,PKHeX.Core/Resources/text/other/en/text_Species_en.txt
471,グレイシア,글레이시아,Glaceon,kwsch/PKHeX,8ad201e80244f630ab5a46922ab72fb79c5ad4f4,PKHeX.Core/Resources/text/other/ja/text_Species_ja.txt,PKHeX.Core/Resources/text/other/ko/text_Species_ko.txt,PKHeX.Core/Resources/text/other/en/text_Species_en.txt
472,グライオン,글라이온,Gliscor,kwsch/PKHeX,8ad201e80244f630ab5a46922ab72fb79c5ad4f4,PKHeX.Core/Resources/text/other/ja/text_Species_ja.txt,PKHeX.Core/Resources/text/other/ko/text_Species_ko.txt,PKHeX.Core/Resources/text/other/en/text_Species_en.txt
473,マンムー,맘모꾸리,Mamoswine,kwsch/PKHeX,8ad201e80244f630ab5a46922ab72fb79c5ad4f4,PKHeX.Core/Resources/text/other/ja/text_Species_ja.txt,PKHeX.Core/Resources/text/other/ko/text_Species_ko.txt,PKHeX.Core/Resources/text/other/en/text_Species_en.txt
474,ポリゴンＺ,폴리곤Z,Porygon-Z,kwsch/PKHeX,8ad201e80244f630ab5a46922ab72fb79c5ad4f4,PKHeX.Core/Resources/text/other/ja/text_Species_ja.txt,PKHeX.Core/Resources/text/other/ko/text_Species_ko.txt,PKHeX.Core/Resources/text/other/en/text_Species_en.txt
475,エルレイド,엘레이드,Gallade,kwsch/PKHeX,8ad201e80244f630ab5a46922ab72fb79c5ad4f4,PKHeX.Core/Resources/text/other/ja/text_Species_ja.txt,PKHeX.Core/Resources/text/other/ko/text_Species_ko.txt,PKHeX.Core/Resources/text/other/en/text_Species_en.txt
476,ダイノーズ,대코파스,Probopass,kwsch/PKHeX,8ad201e80244f630ab5a46922ab72fb79c5ad4f4,PKHeX.Core/Resources/text/other/ja/text_Species_ja.txt,PKHeX.Core/Resources/text/other/ko/text_Species_ko.txt,PKHeX.Core/Resources/text/other/en/text_Species_en.txt
477,ヨノワール,야느와르몽,Dusknoir,kwsch/PKHeX,8ad201e80244f630ab5a46922ab72fb79c5ad4f4,PKHeX.Core/Resources/text/other/ja/text_Species_ja.txt,PKHeX.Core/Resources/text/other/ko/text_Species_ko.txt,PKHeX.Core/Resources/text/other/en/text_Species_en.txt
478,ユキメノコ,눈여아,Froslass,kwsch/PKHeX,8ad201e80244f630ab5a46922ab72fb79c5ad4f4,PKHeX.Core/Resources/text/other/ja/text_Species_ja.txt,PKHeX.Core/Resources/text/other/ko/text_Species_ko.txt,PKHeX.Core/Resources/text/other/en/text_Species_en.txt
479,ロトム,로토무,Rotom,kwsch/PKHeX,8ad201e80244f630ab5a46922ab72fb79c5ad4f4,PKHeX.Core/Resources/text/other/ja/text_Species_ja.txt,PKHeX.Core/Resources/text/other/ko/text_Species_ko.txt,PKHeX.Core/Resources/text/other/en/text_Species_en.txt
480,ユクシー,유크시,Uxie,kwsch/PKHeX,8ad201e80244f630ab5a46922ab72fb79c5ad4f4,PKHeX.Core/Resources/text/other/ja/text_Species_ja.txt,PKHeX.Core/Resources/text/other/ko/text_Species_ko.txt,PKHeX.Core/Resources/text/other/en/text_Species_en.txt
481,エムリット,엠라이트,Mesprit,kwsch/PKHeX,8ad201e80244f630ab5a46922ab72fb79c5ad4f4,PKHeX.Core/Resources/text/other/ja/text_Species_ja.txt,PKHeX.Core/Resources/text/other/ko/text_Species_ko.txt,PKHeX.Core/Resources/text/other/en/text_Species_en.txt
482,アグノム,아그놈,Azelf,kwsch/PKHeX,8ad201e80244f630ab5a46922ab72fb79c5ad4f4,PKHeX.Core/Resources/text/other/ja/text_Species_ja.txt,PKHeX.Core/Resources/text/other/ko/text_Species_ko.txt,PKHeX.Core/Resources/text/other/en/text_Species_en.txt
483,ディアルガ,디아루가,Dialga,kwsch/PKHeX,8ad201e80244f630ab5a46922ab72fb79c5ad4f4,PKHeX.Core/Resources/text/other/ja/text_Species_ja.txt,PKHeX.Core/Resources/text/other/ko/text_Species_ko.txt,PKHeX.Core/Resources/text/other/en/text_Species_en.txt
484,パルキア,펄기아,Palkia,kwsch/PKHeX,8ad201e80244f630ab5a46922ab72fb79c5ad4f4,PKHeX.Core/Resources/text/other/ja/text_Species_ja.txt,PKHeX.Core/Resources/text/other/ko/text_Species_ko.txt,PKHeX.Core/Resources/text/other/en/text_Species_en.txt
485,ヒードラン,히드런,Heatran,kwsch/PKHeX,8ad201e80244f630ab5a46922ab72fb79c5ad4f4,PKHeX.Core/Resources/text/other/ja/text_Species_ja.txt,PKHeX.Core/Resources/text/other/ko/text_Species_ko.txt,PKHeX.Core/Resources/text/other/en/text_Species_en.txt
486,レジギガス,레지기가스,Regigigas,kwsch/PKHeX,8ad201e80244f630ab5a46922ab72fb79c5ad4f4,PKHeX.Core/Resources/text/other/ja/text_Species_ja.txt,PKHeX.Core/Resources/text/other/ko/text_Species_ko.txt,PKHeX.Core/Resources/text/other/en/text_Species_en.txt
487,ギラティナ,기라티나,Giratina,kwsch/PKHeX,8ad201e80244f630ab5a46922ab72fb79c5ad4f4,PKHeX.Core/Resources/text/other/ja/text_Species_ja.txt,PKHeX.Core/Resources/text/other/ko/text_Species_ko.txt,PKHeX.Core/Resources/text/other/en/text_Species_en.txt
488,クレセリア,크레세리아,Cresselia,kwsch/PKHeX,8ad201e80244f630ab5a46922ab72fb79c5ad4f4,PKHeX.Core/Resources/text/other/ja/text_Species_ja.txt,PKHeX.Core/Resources/text/other/ko/text_Species_ko.txt,PKHeX.Core/Resources/text/other/en/text_Species_en.txt
489,フィオネ,피오네,Phione,kwsch/PKHeX,8ad201e80244f630ab5a46922ab72fb79c5ad4f4,PKHeX.Core/Resources/text/other/ja/text_Species_ja.txt,PKHeX.Core/Resources/text/other/ko/text_Species_ko.txt,PKHeX.Core/Resources/text/other/en/text_Species_en.txt
490,マナフィ,마나피,Manaphy,kwsch/PKHeX,8ad201e80244f630ab5a46922ab72fb79c5ad4f4,PKHeX.Core/Resources/text/other/ja/text_Species_ja.txt,PKHeX.Core/Resources/text/other/ko/text_Species_ko.txt,PKHeX.Core/Resources/text/other/en/text_Species_en.txt
491,ダークライ,다크라이,Darkrai,kwsch/PKHeX,8ad201e80244f630ab5a46922ab72fb79c5ad4f4,PKHeX.Core/Resources/text/other/ja/text_Species_ja.txt,PKHeX.Core/Resources/text/other/ko/text_Species_ko.txt,PKHeX.Core/Resources/text/other/en/text_Species_en.txt
492,シェイミ,쉐이미,Shaymin,kwsch/PKHeX,8ad201e80244f630ab5a46922ab72fb79c5ad4f4,PKHeX.Core/Resources/text/other/ja/text_Species_ja.txt,PKHeX.Core/Resources/text/other/ko/text_Species_ko.txt,PKHeX.Core/Resources/text/other/en/text_Species_en.txt
493,アルセウス,아르세우스,Arceus,kwsch/PKHeX,8ad201e80244f630ab5a46922ab72fb79c5ad4f4,PKHeX.Core/Resources/text/other/ja/text_Species_ja.txt,PKHeX.Core/Resources/text/other/ko/text_Species_ko.txt,PKHeX.Core/Resources/text/other/en/text_Species_en.txt
494,ビクティニ,비크티니,Victini,kwsch/PKHeX,8ad201e80244f630ab5a46922ab72fb79c5ad4f4,PKHeX.Core/Resources/text/other/ja/text_Species_ja.txt,PKHeX.Core/Resources/text/other/ko/text_Species_ko.txt,PKHeX.Core/Resources/text/other/en/text_Species_en.txt
495,ツタージャ,주리비얀,Snivy,kwsch/PKHeX,8ad201e80244f630ab5a46922ab72fb79c5ad4f4,PKHeX.Core/Resources/text/other/ja/text_Species_ja.txt,PKHeX.Core/Resources/text/other/ko/text_Species_ko.txt,PKHeX.Core/Resources/text/other/en/text_Species_en.txt
496,ジャノビー,샤비,Servine,kwsch/PKHeX,8ad201e80244f630ab5a46922ab72fb79c5ad4f4,PKHeX.Core/Resources/text/other/ja/text_Species_ja.txt,PKHeX.Core/Resources/text/other/ko/text_Species_ko.txt,PKHeX.Core/Resources/text/other/en/text_Species_en.txt
497,ジャローダ,샤로다,Serperior,kwsch/PKHeX,8ad201e80244f630ab5a46922ab72fb79c5ad4f4,PKHeX.Core/Resources/text/other/ja/text_Species_ja.txt,PKHeX.Core/Resources/text/other/ko/text_Species_ko.txt,PKHeX.Core/Resources/text/other/en/text_Species_en.txt
498,ポカブ,뚜꾸리,Tepig,kwsch/PKHeX,8ad201e80244f630ab5a46922ab72fb79c5ad4f4,PKHeX.Core/Resources/text/other/ja/text_Species_ja.txt,PKHeX.Core/Resources/text/other/ko/text_Species_ko.txt,PKHeX.Core/Resources/text/other/en/text_Species_en.txt
499,チャオブー,차오꿀,Pignite,kwsch/PKHeX,8ad201e80244f630ab5a46922ab72fb79c5ad4f4,PKHeX.Core/Resources/text/other/ja/text_Species_ja.txt,PKHeX.Core/Resources/text/other/ko/text_Species_ko.txt,PKHeX.Core/Resources/text/other/en/text_Species_en.txt
500,エンブオー,염무왕,Emboar,kwsch/PKHeX,8ad201e80244f630ab5a46922ab72fb79c5ad4f4,PKHeX.Core/Resources/text/other/ja/text_Species_ja.txt,PKHeX.Core/Resources/text/other/ko/text_Species_ko.txt,PKHeX.Core/Resources/text/other/en/text_Species_en.txt
501,ミジュマル,수댕이,Oshawott,kwsch/PKHeX,8ad201e80244f630ab5a46922ab72fb79c5ad4f4,PKHeX.Core/Resources/text/other/ja/text_Species_ja.txt,PKHeX.Core/Resources/text/other/ko/text_Species_ko.txt,PKHeX.Core/Resources/text/other/en/text_Species_en.txt
502,フタチマル,쌍검자비,Dewott,kwsch/PKHeX,8ad201e80244f630ab5a46922ab72fb79c5ad4f4,PKHeX.Core/Resources/text/other/ja/text_Species_ja.txt,PKHeX.Core/Resources/text/other/ko/text_Species_ko.txt,PKHeX.Core/Resources/text/other/en/text_Species_en.txt
503,ダイケンキ,대검귀,Samurott,kwsch/PKHeX,8ad201e80244f630ab5a46922ab72fb79c5ad4f4,PKHeX.Core/Resources/text/other/ja/text_Species_ja.txt,PKHeX.Core/Resources/text/other/ko/text_Species_ko.txt,PKHeX.Core/Resources/text/other/en/text_Species_en.txt
504,ミネズミ,보르쥐,Patrat,kwsch/PKHeX,8ad201e80244f630ab5a46922ab72fb79c5ad4f4,PKHeX.Core/Resources/text/other/ja/text_Species_ja.txt,PKHeX.Core/Resources/text/other/ko/text_Species_ko.txt,PKHeX.Core/Resources/text/other/en/text_Species_en.txt
505,ミルホッグ,보르그,Watchog,kwsch/PKHeX,8ad201e80244f630ab5a46922ab72fb79c5ad4f4,PKHeX.Core/Resources/text/other/ja/text_Species_ja.txt,PKHeX.Core/Resources/text/other/ko/text_Species_ko.txt,PKHeX.Core/Resources/text/other/en/text_Species_en.txt
506,ヨーテリー,요테리,Lillipup,kwsch/PKHeX,8ad201e80244f630ab5a46922ab72fb79c5ad4f4,PKHeX.Core/Resources/text/other/ja/text_Species_ja.txt,PKHeX.Core/Resources/text/other/ko/text_Species_ko.txt,PKHeX.Core/Resources/text/other/en/text_Species_en.txt
507,ハーデリア,하데리어,Herdier,kwsch/PKHeX,8ad201e80244f630ab5a46922ab72fb79c5ad4f4,PKHeX.Core/Resources/text/other/ja/text_Species_ja.txt,PKHeX.Core/Resources/text/other/ko/text_Species_ko.txt,PKHeX.Core/Resources/text/other/en/text_Species_en.txt
508,ムーランド,바랜드,Stoutland,kwsch/PKHeX,8ad201e80244f630ab5a46922ab72fb79c5ad4f4,PKHeX.Core/Resources/text/other/ja/text_Species_ja.txt,PKHeX.Core/Resources/text/other/ko/text_Species_ko.txt,PKHeX.Core/Resources/text/other/en/text_Species_en.txt
509,チョロネコ,쌔비냥,Purrloin,kwsch/PKHeX,8ad201e80244f630ab5a46922ab72fb79c5ad4f4,PKHeX.Core/Resources/text/other/ja/text_Species_ja.txt,PKHeX.Core/Resources/text/other/ko/text_Species_ko.txt,PKHeX.Core/Resources/text/other/en/text_Species_en.txt
510,レパルダス,레파르다스,Liepard,kwsch/PKHeX,8ad201e80244f630ab5a46922ab72fb79c5ad4f4,PKHeX.Core/Resources/text/other/ja/text_Species_ja.txt,PKHeX.Core/Resources/text/other/ko/text_Species_ko.txt,PKHeX.Core/Resources/text/other/en/text_Species_en.txt
511,ヤナップ,야나프,Pansage,kwsch/PKHeX,8ad201e80244f630ab5a46922ab72fb79c5ad4f4,PKHeX.Core/Resources/text/other/ja/text_Species_ja.txt,PKHeX.Core/Resources/text/other/ko/text_Species_ko.txt,PKHeX.Core/Resources/text/other/en/text_Species_en.txt
512,ヤナッキー,야나키,Simisage,kwsch/PKHeX,8ad201e80244f630ab5a46922ab72fb79c5ad4f4,PKHeX.Core/Resources/text/other/ja/text_Species_ja.txt,PKHeX.Core/Resources/text/other/ko/text_Species_ko.txt,PKHeX.Core/Resources/text/other/en/text_Species_en.txt
513,バオップ,바오프,Pansear,kwsch/PKHeX,8ad201e80244f630ab5a46922ab72fb79c5ad4f4,PKHeX.Core/Resources/text/other/ja/text_Species_ja.txt,PKHeX.Core/Resources/text/other/ko/text_Species_ko.txt,PKHeX.Core/Resources/text/other/en/text_Species_en.txt
514,バオッキー,바오키,Simisear,kwsch/PKHeX,8ad201e80244f630ab5a46922ab72fb79c5ad4f4,PKHeX.Core/Resources/text/other/ja/text_Species_ja.txt,PKHeX.Core/Resources/text/other/ko/text_Species_ko.txt,PKHeX.Core/Resources/text/other/en/text_Species_en.txt
515,ヒヤップ,앗차프,Panpour,kwsch/PKHeX,8ad201e80244f630ab5a46922ab72fb79c5ad4f4,PKHeX.Core/Resources/text/other/ja/text_Species_ja.txt,PKHeX.Core/Resources/text/other/ko/text_Species_ko.txt,PKHeX.Core/Resources/text/other/en/text_Species_en.txt
516,ヒヤッキー,앗차키,Simipour,kwsch/PKHeX,8ad201e80244f630ab5a46922ab72fb79c5ad4f4,PKHeX.Core/Resources/text/other/ja/text_Species_ja.txt,PKHeX.Core/Resources/text/other/ko/text_Species_ko.txt,PKHeX.Core/Resources/text/other/en/text_Species_en.txt
517,ムンナ,몽나,Munna,kwsch/PKHeX,8ad201e80244f630ab5a46922ab72fb79c5ad4f4,PKHeX.Core/Resources/text/other/ja/text_Species_ja.txt,PKHeX.Core/Resources/text/other/ko/text_Species_ko.txt,PKHeX.Core/Resources/text/other/en/text_Species_en.txt
518,ムシャーナ,몽얌나,Musharna,kwsch/PKHeX,8ad201e80244f630ab5a46922ab72fb79c5ad4f4,PKHeX.Core/Resources/text/other/ja/text_Species_ja.txt,PKHeX.Core/Resources/text/other/ko/text_Species_ko.txt,PKHeX.Core/Resources/text/other/en/text_Species_en.txt
519,マメパト,콩둘기,Pidove,kwsch/PKHeX,8ad201e80244f630ab5a46922ab72fb79c5ad4f4,PKHeX.Core/Resources/text/other/ja/text_Species_ja.txt,PKHeX.Core/Resources/text/other/ko/text_Species_ko.txt,PKHeX.Core/Resources/text/other/en/text_Species_en.txt
520,ハトーボー,유토브,Tranquill,kwsch/PKHeX,8ad201e80244f630ab5a46922ab72fb79c5ad4f4,PKHeX.Core/Resources/text/other/ja/text_Species_ja.txt,PKHeX.Core/Resources/text/other/ko/text_Species_ko.txt,PKHeX.Core/Resources/text/other/en/text_Species_en.txt
521,ケンホロウ,켄호로우,Unfezant,kwsch/PKHeX,8ad201e80244f630ab5a46922ab72fb79c5ad4f4,PKHeX.Core/Resources/text/other/ja/text_Species_ja.txt,PKHeX.Core/Resources/text/other/ko/text_Species_ko.txt,PKHeX.Core/Resources/text/other/en/text_Species_en.txt
522,シママ,줄뮤마,Blitzle,kwsch/PKHeX,8ad201e80244f630ab5a46922ab72fb79c5ad4f4,PKHeX.Core/Resources/text/other/ja/text_Species_ja.txt,PKHeX.Core/Resources/text/other/ko/text_Species_ko.txt,PKHeX.Core/Resources/text/other/en/text_Species_en.txt
523,ゼブライカ,제브라이카,Zebstrika,kwsch/PKHeX,8ad201e80244f630ab5a46922ab72fb79c5ad4f4,PKHeX.Core/Resources/text/other/ja/text_Species_ja.txt,PKHeX.Core/Resources/text/other/ko/text_Species_ko.txt,PKHeX.Core/Resources/text/other/en/text_Species_en.txt
524,ダンゴロ,단굴,Roggenrola,kwsch/PKHeX,8ad201e80244f630ab5a46922ab72fb79c5ad4f4,PKHeX.Core/Resources/text/other/ja/text_Species_ja.txt,PKHeX.Core/Resources/text/other/ko/text_Species_ko.txt,PKHeX.Core/Resources/text/other/en/text_Species_en.txt
525,ガントル,암트르,Boldore,kwsch/PKHeX,8ad201e80244f630ab5a46922ab72fb79c5ad4f4,PKHeX.Core/Resources/text/other/ja/text_Species_ja.txt,PKHeX.Core/Resources/text/other/ko/text_Species_ko.txt,PKHeX.Core/Resources/text/other/en/text_Species_en.txt
526,ギガイアス,기가이어스,Gigalith,kwsch/PKHeX,8ad201e80244f630ab5a46922ab72fb79c5ad4f4,PKHeX.Core/Resources/text/other/ja/text_Species_ja.txt,PKHeX.Core/Resources/text/other/ko/text_Species_ko.txt,PKHeX.Core/Resources/text/other/en/text_Species_en.txt
527,コロモリ,또르박쥐,Woobat,kwsch/PKHeX,8ad201e80244f630ab5a46922ab72fb79c5ad4f4,PKHeX.Core/Resources/text/other/ja/text_Species_ja.txt,PKHeX.Core/Resources/text/other/ko/text_Species_ko.txt,PKHeX.Core/Resources/text/other/en/text_Species_en.txt
528,ココロモリ,맘박쥐,Swoobat,kwsch/PKHeX,8ad201e80244f630ab5a46922ab72fb79c5ad4f4,PKHeX.Core/Resources/text/other/ja/text_Species_ja.txt,PKHeX.Core/Resources/text/other/ko/text_Species_ko.txt,PKHeX.Core/Resources/text/other/en/text_Species_en.txt
529,モグリュー,두더류,Drilbur,kwsch/PKHeX,8ad201e80244f630ab5a46922ab72fb79c5ad4f4,PKHeX.Core/Resources/text/other/ja/text_Species_ja.txt,PKHeX.Core/Resources/text/other/ko/text_Species_ko.txt,PKHeX.Core/Resources/text/other/en/text_Species_en.txt
530,ドリュウズ,몰드류,Excadrill,kwsch/PKHeX,8ad201e80244f630ab5a46922ab72fb79c5ad4f4,PKHeX.Core/Resources/text/other/ja/text_Species_ja.txt,PKHeX.Core/Resources/text/other/ko/text_Species_ko.txt,PKHeX.Core/Resources/text/other/en/text_Species_en.txt
531,タブンネ,다부니,Audino,kwsch/PKHeX,8ad201e80244f630ab5a46922ab72fb79c5ad4f4,PKHeX.Core/Resources/text/other/ja/text_Species_ja.txt,PKHeX.Core/Resources/text/other/ko/text_Species_ko.txt,PKHeX.Core/Resources/text/other/en/text_Species_en.txt
532,ドッコラー,으랏차,Timburr,kwsch/PKHeX,8ad201e80244f630ab5a46922ab72fb79c5ad4f4,PKHeX.Core/Resources/text/other/ja/text_Species_ja.txt,PKHeX.Core/Resources/text/other/ko/text_Species_ko.txt,PKHeX.Core/Resources/text/other/en/text_Species_en.txt
533,ドテッコツ,토쇠골,Gurdurr,kwsch/PKHeX,8ad201e80244f630ab5a46922ab72fb79c5ad4f4,PKHeX.Core/Resources/text/other/ja/text_Species_ja.txt,PKHeX.Core/Resources/text/other/ko/text_Species_ko.txt,PKHeX.Core/Resources/text/other/en/text_Species_en.txt
534,ローブシン,노보청,Conkeldurr,kwsch/PKHeX,8ad201e80244f630ab5a46922ab72fb79c5ad4f4,PKHeX.Core/Resources/text/other/ja/text_Species_ja.txt,PKHeX.Core/Resources/text/other/ko/text_Species_ko.txt,PKHeX.Core/Resources/text/other/en/text_Species_en.txt
535,オタマロ,동챙이,Tympole,kwsch/PKHeX,8ad201e80244f630ab5a46922ab72fb79c5ad4f4,PKHeX.Core/Resources/text/other/ja/text_Species_ja.txt,PKHeX.Core/Resources/text/other/ko/text_Species_ko.txt,PKHeX.Core/Resources/text/other/en/text_Species_en.txt
536,ガマガル,두까비,Palpitoad,kwsch/PKHeX,8ad201e80244f630ab5a46922ab72fb79c5ad4f4,PKHeX.Core/Resources/text/other/ja/text_Species_ja.txt,PKHeX.Core/Resources/text/other/ko/text_Species_ko.txt,PKHeX.Core/Resources/text/other/en/text_Species_en.txt
537,ガマゲロゲ,두빅굴,Seismitoad,kwsch/PKHeX,8ad201e80244f630ab5a46922ab72fb79c5ad4f4,PKHeX.Core/Resources/text/other/ja/text_Species_ja.txt,PKHeX.Core/Resources/text/other/ko/text_Species_ko.txt,PKHeX.Core/Resources/text/other/en/text_Species_en.txt
538,ナゲキ,던지미,Throh,kwsch/PKHeX,8ad201e80244f630ab5a46922ab72fb79c5ad4f4,PKHeX.Core/Resources/text/other/ja/text_Species_ja.txt,PKHeX.Core/Resources/text/other/ko/text_Species_ko.txt,PKHeX.Core/Resources/text/other/en/text_Species_en.txt
539,ダゲキ,타격귀,Sawk,kwsch/PKHeX,8ad201e80244f630ab5a46922ab72fb79c5ad4f4,PKHeX.Core/Resources/text/other/ja/text_Species_ja.txt,PKHeX.Core/Resources/text/other/ko/text_Species_ko.txt,PKHeX.Core/Resources/text/other/en/text_Species_en.txt
540,クルミル,두르보,Sewaddle,kwsch/PKHeX,8ad201e80244f630ab5a46922ab72fb79c5ad4f4,PKHeX.Core/Resources/text/other/ja/text_Species_ja.txt,PKHeX.Core/Resources/text/other/ko/text_Species_ko.txt,PKHeX.Core/Resources/text/other/en/text_Species_en.txt
541,クルマユ,두르쿤,Swadloon,kwsch/PKHeX,8ad201e80244f630ab5a46922ab72fb79c5ad4f4,PKHeX.Core/Resources/text/other/ja/text_Species_ja.txt,PKHeX.Core/Resources/text/other/ko/text_Species_ko.txt,PKHeX.Core/Resources/text/other/en/text_Species_en.txt
542,ハハコモリ,모아머,Leavanny,kwsch/PKHeX,8ad201e80244f630ab5a46922ab72fb79c5ad4f4,PKHeX.Core/Resources/text/other/ja/text_Species_ja.txt,PKHeX.Core/Resources/text/other/ko/text_Species_ko.txt,PKHeX.Core/Resources/text/other/en/text_Species_en.txt
543,フシデ,마디네,Venipede,kwsch/PKHeX,8ad201e80244f630ab5a46922ab72fb79c5ad4f4,PKHeX.Core/Resources/text/other/ja/text_Species_ja.txt,PKHeX.Core/Resources/text/other/ko/text_Species_ko.txt,PKHeX.Core/Resources/text/other/en/text_Species_en.txt
544,ホイーガ,휠구,Whirlipede,kwsch/PKHeX,8ad201e80244f630ab5a46922ab72fb79c5ad4f4,PKHeX.Core/Resources/text/other/ja/text_Species_ja.txt,PKHeX.Core/Resources/text/other/ko/text_Species_ko.txt,PKHeX.Core/Resources/text/other/en/text_Species_en.txt
545,ペンドラー,펜드라,Scolipede,kwsch/PKHeX,8ad201e80244f630ab5a46922ab72fb79c5ad4f4,PKHeX.Core/Resources/text/other/ja/text_Species_ja.txt,PKHeX.Core/Resources/text/other/ko/text_Species_ko.txt,PKHeX.Core/Resources/text/other/en/text_Species_en.txt
546,モンメン,소미안,Cottonee,kwsch/PKHeX,8ad201e80244f630ab5a46922ab72fb79c5ad4f4,PKHeX.Core/Resources/text/other/ja/text_Species_ja.txt,PKHeX.Core/Resources/text/other/ko/text_Species_ko.txt,PKHeX.Core/Resources/text/other/en/text_Species_en.txt
547,エルフーン,엘풍,Whimsicott,kwsch/PKHeX,8ad201e80244f630ab5a46922ab72fb79c5ad4f4,PKHeX.Core/Resources/text/other/ja/text_Species_ja.txt,PKHeX.Core/Resources/text/other/ko/text_Species_ko.txt,PKHeX.Core/Resources/text/other/en/text_Species_en.txt
548,チュリネ,치릴리,Petilil,kwsch/PKHeX,8ad201e80244f630ab5a46922ab72fb79c5ad4f4,PKHeX.Core/Resources/text/other/ja/text_Species_ja.txt,PKHeX.Core/Resources/text/other/ko/text_Species_ko.txt,PKHeX.Core/Resources/text/other/en/text_Species_en.txt
549,ドレディア,드레디어,Lilligant,kwsch/PKHeX,8ad201e80244f630ab5a46922ab72fb79c5ad4f4,PKHeX.Core/Resources/text/other/ja/text_Species_ja.txt,PKHeX.Core/Resources/text/other/ko/text_Species_ko.txt,PKHeX.Core/Resources/text/other/en/text_Species_en.txt
550,バスラオ,배쓰나이,Basculin,kwsch/PKHeX,8ad201e80244f630ab5a46922ab72fb79c5ad4f4,PKHeX.Core/Resources/text/other/ja/text_Species_ja.txt,PKHeX.Core/Resources/text/other/ko/text_Species_ko.txt,PKHeX.Core/Resources/text/other/en/text_Species_en.txt
551,メグロコ,깜눈크,Sandile,kwsch/PKHeX,8ad201e80244f630ab5a46922ab72fb79c5ad4f4,PKHeX.Core/Resources/text/other/ja/text_Species_ja.txt,PKHeX.Core/Resources/text/other/ko/text_Species_ko.txt,PKHeX.Core/Resources/text/other/en/text_Species_en.txt
552,ワルビル,악비르,Krokorok,kwsch/PKHeX,8ad201e80244f630ab5a46922ab72fb79c5ad4f4,PKHeX.Core/Resources/text/other/ja/text_Species_ja.txt,PKHeX.Core/Resources/text/other/ko/text_Species_ko.txt,PKHeX.Core/Resources/text/other/en/text_Species_en.txt
553,ワルビアル,악비아르,Krookodile,kwsch/PKHeX,8ad201e80244f630ab5a46922ab72fb79c5ad4f4,PKHeX.Core/Resources/text/other/ja/text_Species_ja.txt,PKHeX.Core/Resources/text/other/ko/text_Species_ko.txt,PKHeX.Core/Resources/text/other/en/text_Species_en.txt
554,ダルマッカ,달막화,Darumaka,kwsch/PKHeX,8ad201e80244f630ab5a46922ab72fb79c5ad4f4,PKHeX.Core/Resources/text/other/ja/text_Species_ja.txt,PKHeX.Core/Resources/text/other/ko/text_Species_ko.txt,PKHeX.Core/Resources/text/other/en/text_Species_en.txt
555,ヒヒダルマ,불비달마,Darmanitan,kwsch/PKHeX,8ad201e80244f630ab5a46922ab72fb79c5ad4f4,PKHeX.Core/Resources/text/other/ja/text_Species_ja.txt,PKHeX.Core/Resources/text/other/ko/text_Species_ko.txt,PKHeX.Core/Resources/text/other/en/text_Species_en.txt
556,マラカッチ,마라카치,Maractus,kwsch/PKHeX,8ad201e80244f630ab5a46922ab72fb79c5ad4f4,PKHeX.Core/Resources/text/other/ja/text_Species_ja.txt,PKHeX.Core/Resources/text/other/ko/text_Species_ko.txt,PKHeX.Core/Resources/text/other/en/text_Species_en.txt
557,イシズマイ,돌살이,Dwebble,kwsch/PKHeX,8ad201e80244f630ab5a46922ab72fb79c5ad4f4,PKHeX.Core/Resources/text/other/ja/text_Species_ja.txt,PKHeX.Core/Resources/text/other/ko/text_Species_ko.txt,PKHeX.Core/Resources/text/other/en/text_Species_en.txt
558,イワパレス,암팰리스,Crustle,kwsch/PKHeX,8ad201e80244f630ab5a46922ab72fb79c5ad4f4,PKHeX.Core/Resources/text/other/ja/text_Species_ja.txt,PKHeX.Core/Resources/text/other/ko/text_Species_ko.txt,PKHeX.Core/Resources/text/other/en/text_Species_en.txt
559,ズルッグ,곤율랭,Scraggy,kwsch/PKHeX,8ad201e80244f630ab5a46922ab72fb79c5ad4f4,PKHeX.Core/Resources/text/other/ja/text_Species_ja.txt,PKHeX.Core/Resources/text/other/ko/text_Species_ko.txt,PKHeX.Core/Resources/text/other/en/text_Species_en.txt
560,ズルズキン,곤율거니,Scrafty,kwsch/PKHeX,8ad201e80244f630ab5a46922ab72fb79c5ad4f4,PKHeX.Core/Resources/text/other/ja/text_Species_ja.txt,PKHeX.Core/Resources/text/other/ko/text_Species_ko.txt,PKHeX.Core/Resources/text/other/en/text_Species_en.txt
561,シンボラー,심보러,Sigilyph,kwsch/PKHeX,8ad201e80244f630ab5a46922ab72fb79c5ad4f4,PKHeX.Core/Resources/text/other/ja/text_Species_ja.txt,PKHeX.Core/Resources/text/other/ko/text_Species_ko.txt,PKHeX.Core/Resources/text/other/en/text_Species_en.txt
562,デスマス,데스마스,Yamask,kwsch/PKHeX,8ad201e80244f630ab5a46922ab72fb79c5ad4f4,PKHeX.Core/Resources/text/other/ja/text_Species_ja.txt,PKHeX.Core/Resources/text/other/ko/text_Species_ko.txt,PKHeX.Core/Resources/text/other/en/text_Species_en.txt
563,デスカーン,데스니칸,Cofagrigus,kwsch/PKHeX,8ad201e80244f630ab5a46922ab72fb79c5ad4f4,PKHeX.Core/Resources/text/other/ja/text_Species_ja.txt,PKHeX.Core/Resources/text/other/ko/text_Species_ko.txt,PKHeX.Core/Resources/text/other/en/text_Species_en.txt
564,プロトーガ,프로토가,Tirtouga,kwsch/PKHeX,8ad201e80244f630ab5a46922ab72fb79c5ad4f4,PKHeX.Core/Resources/text/other/ja/text_Species_ja.txt,PKHeX.Core/Resources/text/other/ko/text_Species_ko.txt,PKHeX.Core/Resources/text/other/en/text_Species_en.txt
565,アバゴーラ,늑골라,Carracosta,kwsch/PKHeX,8ad201e80244f630ab5a46922ab72fb79c5ad4f4,PKHeX.Core/Resources/text/other/ja/text_Species_ja.txt,PKHeX.Core/Resources/text/other/ko/text_Species_ko.txt,PKHeX.Core/Resources/text/other/en/text_Species_en.txt
566,アーケン,아켄,Archen,kwsch/PKHeX,8ad201e80244f630ab5a46922ab72fb79c5ad4f4,PKHeX.Core/Resources/text/other/ja/text_Species_ja.txt,PKHeX.Core/Resources/text/other/ko/text_Species_ko.txt,PKHeX.Core/Resources/text/other/en/text_Species_en.txt
567,アーケオス,아케오스,Archeops,kwsch/PKHeX,8ad201e80244f630ab5a46922ab72fb79c5ad4f4,PKHeX.Core/Resources/text/other/ja/text_Species_ja.txt,PKHeX.Core/Resources/text/other/ko/text_Species_ko.txt,PKHeX.Core/Resources/text/other/en/text_Species_en.txt
568,ヤブクロン,깨봉이,Trubbish,kwsch/PKHeX,8ad201e80244f630ab5a46922ab72fb79c5ad4f4,PKHeX.Core/Resources/text/other/ja/text_Species_ja.txt,PKHeX.Core/Resources/text/other/ko/text_Species_ko.txt,PKHeX.Core/Resources/text/other/en/text_Species_en.txt
569,ダストダス,더스트나,Garbodor,kwsch/PKHeX,8ad201e80244f630ab5a46922ab72fb79c5ad4f4,PKHeX.Core/Resources/text/other/ja/text_Species_ja.txt,PKHeX.Core/Resources/text/other/ko/text_Species_ko.txt,PKHeX.Core/Resources/text/other/en/text_Species_en.txt
570,ゾロア,조로아,Zorua,kwsch/PKHeX,8ad201e80244f630ab5a46922ab72fb79c5ad4f4,PKHeX.Core/Resources/text/other/ja/text_Species_ja.txt,PKHeX.Core/Resources/text/other/ko/text_Species_ko.txt,PKHeX.Core/Resources/text/other/en/text_Species_en.txt
571,ゾロアーク,조로아크,Zoroark,kwsch/PKHeX,8ad201e80244f630ab5a46922ab72fb79c5ad4f4,PKHeX.Core/Resources/text/other/ja/text_Species_ja.txt,PKHeX.Core/Resources/text/other/ko/text_Species_ko.txt,PKHeX.Core/Resources/text/other/en/text_Species_en.txt
572,チラーミィ,치라미,Minccino,kwsch/PKHeX,8ad201e80244f630ab5a46922ab72fb79c5ad4f4,PKHeX.Core/Resources/text/other/ja/text_Species_ja.txt,PKHeX.Core/Resources/text/other/ko/text_Species_ko.txt,PKHeX.Core/Resources/text/other/en/text_Species_en.txt
573,チラチーノ,치라치노,Cinccino,kwsch/PKHeX,8ad201e80244f630ab5a46922ab72fb79c5ad4f4,PKHeX.Core/Resources/text/other/ja/text_Species_ja.txt,PKHeX.Core/Resources/text/other/ko/text_Species_ko.txt,PKHeX.Core/Resources/text/other/en/text_Species_en.txt
574,ゴチム,고디탱,Gothita,kwsch/PKHeX,8ad201e80244f630ab5a46922ab72fb79c5ad4f4,PKHeX.Core/Resources/text/other/ja/text_Species_ja.txt,PKHeX.Core/Resources/text/other/ko/text_Species_ko.txt,PKHeX.Core/Resources/text/other/en/text_Species_en.txt
575,ゴチミル,고디보미,Gothorita,kwsch/PKHeX,8ad201e80244f630ab5a46922ab72fb79c5ad4f4,PKHeX.Core/Resources/text/other/ja/text_Species_ja.txt,PKHeX.Core/Resources/text/other/ko/text_Species_ko.txt,PKHeX.Core/Resources/text/other/en/text_Species_en.txt
576,ゴチルゼル,고디모아젤,Gothitelle,kwsch/PKHeX,8ad201e80244f630ab5a46922ab72fb79c5ad4f4,PKHeX.Core/Resources/text/other/ja/text_Species_ja.txt,PKHeX.Core/Resources/text/other/ko/text_Species_ko.txt,PKHeX.Core/Resources/text/other/en/text_Species_en.txt
577,ユニラン,유니란,Solosis,kwsch/PKHeX,8ad201e80244f630ab5a46922ab72fb79c5ad4f4,PKHeX.Core/Resources/text/other/ja/text_Species_ja.txt,PKHeX.Core/Resources/text/other/ko/text_Species_ko.txt,PKHeX.Core/Resources/text/other/en/text_Species_en.txt
578,ダブラン,듀란,Duosion,kwsch/PKHeX,8ad201e80244f630ab5a46922ab72fb79c5ad4f4,PKHeX.Core/Resources/text/other/ja/text_Species_ja.txt,PKHeX.Core/Resources/text/other/ko/text_Species_ko.txt,PKHeX.Core/Resources/text/other/en/text_Species_en.txt
579,ランクルス,란쿨루스,Reuniclus,kwsch/PKHeX,8ad201e80244f630ab5a46922ab72fb79c5ad4f4,PKHeX.Core/Resources/text/other/ja/text_Species_ja.txt,PKHeX.Core/Resources/text/other/ko/text_Species_ko.txt,PKHeX.Core/Resources/text/other/en/text_Species_en.txt
580,コアルヒー,꼬지보리,Ducklett,kwsch/PKHeX,8ad201e80244f630ab5a46922ab72fb79c5ad4f4,PKHeX.Core/Resources/text/other/ja/text_Species_ja.txt,PKHeX.Core/Resources/text/other/ko/text_Species_ko.txt,PKHeX.Core/Resources/text/other/en/text_Species_en.txt
581,スワンナ,스완나,Swanna,kwsch/PKHeX,8ad201e80244f630ab5a46922ab72fb79c5ad4f4,PKHeX.Core/Resources/text/other/ja/text_Species_ja.txt,PKHeX.Core/Resources/text/other/ko/text_Species_ko.txt,PKHeX.Core/Resources/text/other/en/text_Species_en.txt
582,バニプッチ,바닐프티,Vanillite,kwsch/PKHeX,8ad201e80244f630ab5a46922ab72fb79c5ad4f4,PKHeX.Core/Resources/text/other/ja/text_Species_ja.txt,PKHeX.Core/Resources/text/other/ko/text_Species_ko.txt,PKHeX.Core/Resources/text/other/en/text_Species_en.txt
583,バニリッチ,바닐리치,Vanillish,kwsch/PKHeX,8ad201e80244f630ab5a46922ab72fb79c5ad4f4,PKHeX.Core/Resources/text/other/ja/text_Species_ja.txt,PKHeX.Core/Resources/text/other/ko/text_Species_ko.txt,PKHeX.Core/Resources/text/other/en/text_Species_en.txt
584,バイバニラ,배바닐라,Vanilluxe,kwsch/PKHeX,8ad201e80244f630ab5a46922ab72fb79c5ad4f4,PKHeX.Core/Resources/text/other/ja/text_Species_ja.txt,PKHeX.Core/Resources/text/other/ko/text_Species_ko.txt,PKHeX.Core/Resources/text/other/en/text_Species_en.txt
585,シキジカ,사철록,Deerling,kwsch/PKHeX,8ad201e80244f630ab5a46922ab72fb79c5ad4f4,PKHeX.Core/Resources/text/other/ja/text_Species_ja.txt,PKHeX.Core/Resources/text/other/ko/text_Species_ko.txt,PKHeX.Core/Resources/text/other/en/text_Species_en.txt
586,メブキジカ,바라철록,Sawsbuck,kwsch/PKHeX,8ad201e80244f630ab5a46922ab72fb79c5ad4f4,PKHeX.Core/Resources/text/other/ja/text_Species_ja.txt,PKHeX.Core/Resources/text/other/ko/text_Species_ko.txt,PKHeX.Core/Resources/text/other/en/text_Species_en.txt
587,エモンガ,에몽가,Emolga,kwsch/PKHeX,8ad201e80244f630ab5a46922ab72fb79c5ad4f4,PKHeX.Core/Resources/text/other/ja/text_Species_ja.txt,PKHeX.Core/Resources/text/other/ko/text_Species_ko.txt,PKHeX.Core/Resources/text/other/en/text_Species_en.txt
588,カブルモ,딱정곤,Karrablast,kwsch/PKHeX,8ad201e80244f630ab5a46922ab72fb79c5ad4f4,PKHeX.Core/Resources/text/other/ja/text_Species_ja.txt,PKHeX.Core/Resources/text/other/ko/text_Species_ko.txt,PKHeX.Core/Resources/text/other/en/text_Species_en.txt
589,シュバルゴ,슈바르고,Escavalier,kwsch/PKHeX,8ad201e80244f630ab5a46922ab72fb79c5ad4f4,PKHeX.Core/Resources/text/other/ja/text_Species_ja.txt,PKHeX.Core/Resources/text/other/ko/text_Species_ko.txt,PKHeX.Core/Resources/text/other/en/text_Species_en.txt
590,タマゲタケ,깜놀버슬,Foongus,kwsch/PKHeX,8ad201e80244f630ab5a46922ab72fb79c5ad4f4,PKHeX.Core/Resources/text/other/ja/text_Species_ja.txt,PKHeX.Core/Resources/text/other/ko/text_Species_ko.txt,PKHeX.Core/Resources/text/other/en/text_Species_en.txt
591,モロバレル,뽀록나,Amoonguss,kwsch/PKHeX,8ad201e80244f630ab5a46922ab72fb79c5ad4f4,PKHeX.Core/Resources/text/other/ja/text_Species_ja.txt,PKHeX.Core/Resources/text/other/ko/text_Species_ko.txt,PKHeX.Core/Resources/text/other/en/text_Species_en.txt
592,プルリル,탱그릴,Frillish,kwsch/PKHeX,8ad201e80244f630ab5a46922ab72fb79c5ad4f4,PKHeX.Core/Resources/text/other/ja/text_Species_ja.txt,PKHeX.Core/Resources/text/other/ko/text_Species_ko.txt,PKHeX.Core/Resources/text/other/en/text_Species_en.txt
593,ブルンゲル,탱탱겔,Jellicent,kwsch/PKHeX,8ad201e80244f630ab5a46922ab72fb79c5ad4f4,PKHeX.Core/Resources/text/other/ja/text_Species_ja.txt,PKHeX.Core/Resources/text/other/ko/text_Species_ko.txt,PKHeX.Core/Resources/text/other/en/text_Species_en.txt
594,ママンボウ,맘복치,Alomomola,kwsch/PKHeX,8ad201e80244f630ab5a46922ab72fb79c5ad4f4,PKHeX.Core/Resources/text/other/ja/text_Species_ja.txt,PKHeX.Core/Resources/text/other/ko/text_Species_ko.txt,PKHeX.Core/Resources/text/other/en/text_Species_en.txt
595,バチュル,파쪼옥,Joltik,kwsch/PKHeX,8ad201e80244f630ab5a46922ab72fb79c5ad4f4,PKHeX.Core/Resources/text/other/ja/text_Species_ja.txt,PKHeX.Core/Resources/text/other/ko/text_Species_ko.txt,PKHeX.Core/Resources/text/other/en/text_Species_en.txt
596,デンチュラ,전툴라,Galvantula,kwsch/PKHeX,8ad201e80244f630ab5a46922ab72fb79c5ad4f4,PKHeX.Core/Resources/text/other/ja/text_Species_ja.txt,PKHeX.Core/Resources/text/other/ko/text_Species_ko.txt,PKHeX.Core/Resources/text/other/en/text_Species_en.txt
597,テッシード,철시드,Ferroseed,kwsch/PKHeX,8ad201e80244f630ab5a46922ab72fb79c5ad4f4,PKHeX.Core/Resources/text/other/ja/text_Species_ja.txt,PKHeX.Core/Resources/text/other/ko/text_Species_ko.txt,PKHeX.Core/Resources/text/other/en/text_Species_en.txt
598,ナットレイ,너트령,Ferrothorn,kwsch/PKHeX,8ad201e80244f630ab5a46922ab72fb79c5ad4f4,PKHeX.Core/Resources/text/other/ja/text_Species_ja.txt,PKHeX.Core/Resources/text/other/ko/text_Species_ko.txt,PKHeX.Core/Resources/text/other/en/text_Species_en.txt
599,ギアル,기어르,Klink,kwsch/PKHeX,8ad201e80244f630ab5a46922ab72fb79c5ad4f4,PKHeX.Core/Resources/text/other/ja/text_Species_ja.txt,PKHeX.Core/Resources/text/other/ko/text_Species_ko.txt,PKHeX.Core/Resources/text/other/en/text_Species_en.txt
600,ギギアル,기기어르,Klang,kwsch/PKHeX,8ad201e80244f630ab5a46922ab72fb79c5ad4f4,PKHeX.Core/Resources/text/other/ja/text_Species_ja.txt,PKHeX.Core/Resources/text/other/ko/text_Species_ko.txt,PKHeX.Core/Resources/text/other/en/text_Species_en.txt
601,ギギギアル,기기기어르,Klinklang,kwsch/PKHeX,8ad201e80244f630ab5a46922ab72fb79c5ad4f4,PKHeX.Core/Resources/text/other/ja/text_Species_ja.txt,PKHeX.Core/Resources/text/other/ko/text_Species_ko.txt,PKHeX.Core/Resources/text/other/en/text_Species_en.txt
602,シビシラス,저리어,Tynamo,kwsch/PKHeX,8ad201e80244f630ab5a46922ab72fb79c5ad4f4,PKHeX.Core/Resources/text/other/ja/text_Species_ja.txt,PKHeX.Core/Resources/text/other/ko/text_Species_ko.txt,PKHeX.Core/Resources/text/other/en/text_Species_en.txt
603,シビビール,저리릴,Eelektrik,kwsch/PKHeX,8ad201e80244f630ab5a46922ab72fb79c5ad4f4,PKHeX.Core/Resources/text/other/ja/text_Species_ja.txt,PKHeX.Core/Resources/text/other/ko/text_Species_ko.txt,PKHeX.Core/Resources/text/other/en/text_Species_en.txt
604,シビルドン,저리더프,Eelektross,kwsch/PKHeX,8ad201e80244f630ab5a46922ab72fb79c5ad4f4,PKHeX.Core/Resources/text/other/ja/text_Species_ja.txt,PKHeX.Core/Resources/text/other/ko/text_Species_ko.txt,PKHeX.Core/Resources/text/other/en/text_Species_en.txt
605,リグレー,리그레,Elgyem,kwsch/PKHeX,8ad201e80244f630ab5a46922ab72fb79c5ad4f4,PKHeX.Core/Resources/text/other/ja/text_Species_ja.txt,PKHeX.Core/Resources/text/other/ko/text_Species_ko.txt,PKHeX.Core/Resources/text/other/en/text_Species_en.txt
606,オーベム,벰크,Beheeyem,kwsch/PKHeX,8ad201e80244f630ab5a46922ab72fb79c5ad4f4,PKHeX.Core/Resources/text/other/ja/text_Species_ja.txt,PKHeX.Core/Resources/text/other/ko/text_Species_ko.txt,PKHeX.Core/Resources/text/other/en/text_Species_en.txt
607,ヒトモシ,불켜미,Litwick,kwsch/PKHeX,8ad201e80244f630ab5a46922ab72fb79c5ad4f4,PKHeX.Core/Resources/text/other/ja/text_Species_ja.txt,PKHeX.Core/Resources/text/other/ko/text_Species_ko.txt,PKHeX.Core/Resources/text/other/en/text_Species_en.txt
608,ランプラー,램프라,Lampent,kwsch/PKHeX,8ad201e80244f630ab5a46922ab72fb79c5ad4f4,PKHeX.Core/Resources/text/other/ja/text_Species_ja.txt,PKHeX.Core/Resources/text/other/ko/text_Species_ko.txt,PKHeX.Core/Resources/text/other/en/text_Species_en.txt
609,シャンデラ,샹델라,Chandelure,kwsch/PKHeX,8ad201e80244f630ab5a46922ab72fb79c5ad4f4,PKHeX.Core/Resources/text/other/ja/text_Species_ja.txt,PKHeX.Core/Resources/text/other/ko/text_Species_ko.txt,PKHeX.Core/Resources/text/other/en/text_Species_en.txt
610,キバゴ,터검니,Axew,kwsch/PKHeX,8ad201e80244f630ab5a46922ab72fb79c5ad4f4,PKHeX.Core/Resources/text/other/ja/text_Species_ja.txt,PKHeX.Core/Resources/text/other/ko/text_Species_ko.txt,PKHeX.Core/Resources/text/other/en/text_Species_en.txt
611,オノンド,액슨도,Fraxure,kwsch/PKHeX,8ad201e80244f630ab5a46922ab72fb79c5ad4f4,PKHeX.Core/Resources/text/other/ja/text_Species_ja.txt,PKHeX.Core/Resources/text/other/ko/text_Species_ko.txt,PKHeX.Core/Resources/text/other/en/text_Species_en.txt
612,オノノクス,액스라이즈,Haxorus,kwsch/PKHeX,8ad201e80244f630ab5a46922ab72fb79c5ad4f4,PKHeX.Core/Resources/text/other/ja/text_Species_ja.txt,PKHeX.Core/Resources/text/other/ko/text_Species_ko.txt,PKHeX.Core/Resources/text/other/en/text_Species_en.txt
613,クマシュン,코고미,Cubchoo,kwsch/PKHeX,8ad201e80244f630ab5a46922ab72fb79c5ad4f4,PKHeX.Core/Resources/text/other/ja/text_Species_ja.txt,PKHeX.Core/Resources/text/other/ko/text_Species_ko.txt,PKHeX.Core/Resources/text/other/en/text_Species_en.txt
614,ツンベアー,툰베어,Beartic,kwsch/PKHeX,8ad201e80244f630ab5a46922ab72fb79c5ad4f4,PKHeX.Core/Resources/text/other/ja/text_Species_ja.txt,PKHeX.Core/Resources/text/other/ko/text_Species_ko.txt,PKHeX.Core/Resources/text/other/en/text_Species_en.txt
615,フリージオ,프리지오,Cryogonal,kwsch/PKHeX,8ad201e80244f630ab5a46922ab72fb79c5ad4f4,PKHeX.Core/Resources/text/other/ja/text_Species_ja.txt,PKHeX.Core/Resources/text/other/ko/text_Species_ko.txt,PKHeX.Core/Resources/text/other/en/text_Species_en.txt
616,チョボマキ,쪼마리,Shelmet,kwsch/PKHeX,8ad201e80244f630ab5a46922ab72fb79c5ad4f4,PKHeX.Core/Resources/text/other/ja/text_Species_ja.txt,PKHeX.Core/Resources/text/other/ko/text_Species_ko.txt,PKHeX.Core/Resources/text/other/en/text_Species_en.txt
617,アギルダー,어지리더,Accelgor,kwsch/PKHeX,8ad201e80244f630ab5a46922ab72fb79c5ad4f4,PKHeX.Core/Resources/text/other/ja/text_Species_ja.txt,PKHeX.Core/Resources/text/other/ko/text_Species_ko.txt,PKHeX.Core/Resources/text/other/en/text_Species_en.txt
618,マッギョ,메더,Stunfisk,kwsch/PKHeX,8ad201e80244f630ab5a46922ab72fb79c5ad4f4,PKHeX.Core/Resources/text/other/ja/text_Species_ja.txt,PKHeX.Core/Resources/text/other/ko/text_Species_ko.txt,PKHeX.Core/Resources/text/other/en/text_Species_en.txt
619,コジョフー,비조푸,Mienfoo,kwsch/PKHeX,8ad201e80244f630ab5a46922ab72fb79c5ad4f4,PKHeX.Core/Resources/text/other/ja/text_Species_ja.txt,PKHeX.Core/Resources/text/other/ko/text_Species_ko.txt,PKHeX.Core/Resources/text/other/en/text_Species_en.txt
620,コジョンド,비조도,Mienshao,kwsch/PKHeX,8ad201e80244f630ab5a46922ab72fb79c5ad4f4,PKHeX.Core/Resources/text/other/ja/text_Species_ja.txt,PKHeX.Core/Resources/text/other/ko/text_Species_ko.txt,PKHeX.Core/Resources/text/other/en/text_Species_en.txt
621,クリムガン,크리만,Druddigon,kwsch/PKHeX,8ad201e80244f630ab5a46922ab72fb79c5ad4f4,PKHeX.Core/Resources/text/other/ja/text_Species_ja.txt,PKHeX.Core/Resources/text/other/ko/text_Species_ko.txt,PKHeX.Core/Resources/text/other/en/text_Species_en.txt
622,ゴビット,골비람,Golett,kwsch/PKHeX,8ad201e80244f630ab5a46922ab72fb79c5ad4f4,PKHeX.Core/Resources/text/other/ja/text_Species_ja.txt,PKHeX.Core/Resources/text/other/ko/text_Species_ko.txt,PKHeX.Core/Resources/text/other/en/text_Species_en.txt
623,ゴルーグ,골루그,Golurk,kwsch/PKHeX,8ad201e80244f630ab5a46922ab72fb79c5ad4f4,PKHeX.Core/Resources/text/other/ja/text_Species_ja.txt,PKHeX.Core/Resources/text/other/ko/text_Species_ko.txt,PKHeX.Core/Resources/text/other/en/text_Species_en.txt
624,コマタナ,자망칼,Pawniard,kwsch/PKHeX,8ad201e80244f630ab5a46922ab72fb79c5ad4f4,PKHeX.Core/Resources/text/other/ja/text_Species_ja.txt,PKHeX.Core/Resources/text/other/ko/text_Species_ko.txt,PKHeX.Core/Resources/text/other/en/text_Species_en.txt
625,キリキザン,절각참,Bisharp,kwsch/PKHeX,8ad201e80244f630ab5a46922ab72fb79c5ad4f4,PKHeX.Core/Resources/text/other/ja/text_Species_ja.txt,PKHeX.Core/Resources/text/other/ko/text_Species_ko.txt,PKHeX.Core/Resources/text/other/en/text_Species_en.txt
626,バッフロン,버프론,Bouffalant,kwsch/PKHeX,8ad201e80244f630ab5a46922ab72fb79c5ad4f4,PKHeX.Core/Resources/text/other/ja/text_Species_ja.txt,PKHeX.Core/Resources/text/other/ko/text_Species_ko.txt,PKHeX.Core/Resources/text/other/en/text_Species_en.txt
627,ワシボン,수리둥보,Rufflet,kwsch/PKHeX,8ad201e80244f630ab5a46922ab72fb79c5ad4f4,PKHeX.Core/Resources/text/other/ja/text_Species_ja.txt,PKHeX.Core/Resources/text/other/ko/text_Species_ko.txt,PKHeX.Core/Resources/text/other/en/text_Species_en.txt
628,ウォーグル,워글,Braviary,kwsch/PKHeX,8ad201e80244f630ab5a46922ab72fb79c5ad4f4,PKHeX.Core/Resources/text/other/ja/text_Species_ja.txt,PKHeX.Core/Resources/text/other/ko/text_Species_ko.txt,PKHeX.Core/Resources/text/other/en/text_Species_en.txt
629,バルチャイ,벌차이,Vullaby,kwsch/PKHeX,8ad201e80244f630ab5a46922ab72fb79c5ad4f4,PKHeX.Core/Resources/text/other/ja/text_Species_ja.txt,PKHeX.Core/Resources/text/other/ko/text_Species_ko.txt,PKHeX.Core/Resources/text/other/en/text_Species_en.txt
630,バルジーナ,버랜지나,Mandibuzz,kwsch/PKHeX,8ad201e80244f630ab5a46922ab72fb79c5ad4f4,PKHeX.Core/Resources/text/other/ja/text_Species_ja.txt,PKHeX.Core/Resources/text/other/ko/text_Species_ko.txt,PKHeX.Core/Resources/text/other/en/text_Species_en.txt
631,クイタラン,앤티골,Heatmor,kwsch/PKHeX,8ad201e80244f630ab5a46922ab72fb79c5ad4f4,PKHeX.Core/Resources/text/other/ja/text_Species_ja.txt,PKHeX.Core/Resources/text/other/ko/text_Species_ko.txt,PKHeX.Core/Resources/text/other/en/text_Species_en.txt
632,アイアント,아이앤트,Durant,kwsch/PKHeX,8ad201e80244f630ab5a46922ab72fb79c5ad4f4,PKHeX.Core/Resources/text/other/ja/text_Species_ja.txt,PKHeX.Core/Resources/text/other/ko/text_Species_ko.txt,PKHeX.Core/Resources/text/other/en/text_Species_en.txt
633,モノズ,모노두,Deino,kwsch/PKHeX,8ad201e80244f630ab5a46922ab72fb79c5ad4f4,PKHeX.Core/Resources/text/other/ja/text_Species_ja.txt,PKHeX.Core/Resources/text/other/ko/text_Species_ko.txt,PKHeX.Core/Resources/text/other/en/text_Species_en.txt
634,ジヘッド,디헤드,Zweilous,kwsch/PKHeX,8ad201e80244f630ab5a46922ab72fb79c5ad4f4,PKHeX.Core/Resources/text/other/ja/text_Species_ja.txt,PKHeX.Core/Resources/text/other/ko/text_Species_ko.txt,PKHeX.Core/Resources/text/other/en/text_Species_en.txt
635,サザンドラ,삼삼드래,Hydreigon,kwsch/PKHeX,8ad201e80244f630ab5a46922ab72fb79c5ad4f4,PKHeX.Core/Resources/text/other/ja/text_Species_ja.txt,PKHeX.Core/Resources/text/other/ko/text_Species_ko.txt,PKHeX.Core/Resources/text/other/en/text_Species_en.txt
636,メラルバ,활화르바,Larvesta,kwsch/PKHeX,8ad201e80244f630ab5a46922ab72fb79c5ad4f4,PKHeX.Core/Resources/text/other/ja/text_Species_ja.txt,PKHeX.Core/Resources/text/other/ko/text_Species_ko.txt,PKHeX.Core/Resources/text/other/en/text_Species_en.txt
637,ウルガモス,불카모스,Volcarona,kwsch/PKHeX,8ad201e80244f630ab5a46922ab72fb79c5ad4f4,PKHeX.Core/Resources/text/other/ja/text_Species_ja.txt,PKHeX.Core/Resources/text/other/ko/text_Species_ko.txt,PKHeX.Core/Resources/text/other/en/text_Species_en.txt
638,コバルオン,코바르온,Cobalion,kwsch/PKHeX,8ad201e80244f630ab5a46922ab72fb79c5ad4f4,PKHeX.Core/Resources/text/other/ja/text_Species_ja.txt,PKHeX.Core/Resources/text/other/ko/text_Species_ko.txt,PKHeX.Core/Resources/text/other/en/text_Species_en.txt
639,テラキオン,테라키온,Terrakion,kwsch/PKHeX,8ad201e80244f630ab5a46922ab72fb79c5ad4f4,PKHeX.Core/Resources/text/other/ja/text_Species_ja.txt,PKHeX.Core/Resources/text/other/ko/text_Species_ko.txt,PKHeX.Core/Resources/text/other/en/text_Species_en.txt
640,ビリジオン,비리디온,Virizion,kwsch/PKHeX,8ad201e80244f630ab5a46922ab72fb79c5ad4f4,PKHeX.Core/Resources/text/other/ja/text_Species_ja.txt,PKHeX.Core/Resources/text/other/ko/text_Species_ko.txt,PKHeX.Core/Resources/text/other/en/text_Species_en.txt
641,トルネロス,토네로스,Tornadus,kwsch/PKHeX,8ad201e80244f630ab5a46922ab72fb79c5ad4f4,PKHeX.Core/Resources/text/other/ja/text_Species_ja.txt,PKHeX.Core/Resources/text/other/ko/text_Species_ko.txt,PKHeX.Core/Resources/text/other/en/text_Species_en.txt
642,ボルトロス,볼트로스,Thundurus,kwsch/PKHeX,8ad201e80244f630ab5a46922ab72fb79c5ad4f4,PKHeX.Core/Resources/text/other/ja/text_Species_ja.txt,PKHeX.Core/Resources/text/other/ko/text_Species_ko.txt,PKHeX.Core/Resources/text/other/en/text_Species_en.txt
643,レシラム,레시라무,Reshiram,kwsch/PKHeX,8ad201e80244f630ab5a46922ab72fb79c5ad4f4,PKHeX.Core/Resources/text/other/ja/text_Species_ja.txt,PKHeX.Core/Resources/text/other/ko/text_Species_ko.txt,PKHeX.Core/Resources/text/other/en/text_Species_en.txt
644,ゼクロム,제크로무,Zekrom,kwsch/PKHeX,8ad201e80244f630ab5a46922ab72fb79c5ad4f4,PKHeX.Core/Resources/text/other/ja/text_Species_ja.txt,PKHeX.Core/Resources/text/other/ko/text_Species_ko.txt,PKHeX.Core/Resources/text/other/en/text_Species_en.txt
645,ランドロス,랜드로스,Landorus,kwsch/PKHeX,8ad201e80244f630ab5a46922ab72fb79c5ad4f4,PKHeX.Core/Resources/text/other/ja/text_Species_ja.txt,PKHeX.Core/Resources/text/other/ko/text_Species_ko.txt,PKHeX.Core/Resources/text/other/en/text_Species_en.txt
646,キュレム,큐레무,Kyurem,kwsch/PKHeX,8ad201e80244f630ab5a46922ab72fb79c5ad4f4,PKHeX.Core/Resources/text/other/ja/text_Species_ja.txt,PKHeX.Core/Resources/text/other/ko/text_Species_ko.txt,PKHeX.Core/Resources/text/other/en/text_Species_en.txt
647,ケルディオ,케르디오,Keldeo,kwsch/PKHeX,8ad201e80244f630ab5a46922ab72fb79c5ad4f4,PKHeX.Core/Resources/text/other/ja/text_Species_ja.txt,PKHeX.Core/Resources/text/other/ko/text_Species_ko.txt,PKHeX.Core/Resources/text/other/en/text_Species_en.txt
648,メロエッタ,메로엣타,Meloetta,kwsch/PKHeX,8ad201e80244f630ab5a46922ab72fb79c5ad4f4,PKHeX.Core/Resources/text/other/ja/text_Species_ja.txt,PKHeX.Core/Resources/text/other/ko/text_Species_ko.txt,PKHeX.Core/Resources/text/other/en/text_Species_en.txt
649,ゲノセクト,게노세크트,Genesect,kwsch/PKHeX,8ad201e80244f630ab5a46922ab72fb79c5ad4f4,PKHeX.Core/Resources/text/other/ja/text_Species_ja.txt,PKHeX.Core/Resources/text/other/ko/text_Species_ko.txt,PKHeX.Core/Resources/text/other/en/text_Species_en.txt
650,ハリマロン,도치마론,Chespin,kwsch/PKHeX,8ad201e80244f630ab5a46922ab72fb79c5ad4f4,PKHeX.Core/Resources/text/other/ja/text_Species_ja.txt,PKHeX.Core/Resources/text/other/ko/text_Species_ko.txt,PKHeX.Core/Resources/text/other/en/text_Species_en.txt
651,ハリボーグ,도치보구,Quilladin,kwsch/PKHeX,8ad201e80244f630ab5a46922ab72fb79c5ad4f4,PKHeX.Core/Resources/text/other/ja/text_Species_ja.txt,PKHeX.Core/Resources/text/other/ko/text_Species_ko.txt,PKHeX.Core/Resources/text/other/en/text_Species_en.txt
652,ブリガロン,브리가론,Chesnaught,kwsch/PKHeX,8ad201e80244f630ab5a46922ab72fb79c5ad4f4,PKHeX.Core/Resources/text/other/ja/text_Species_ja.txt,PKHeX.Core/Resources/text/other/ko/text_Species_ko.txt,PKHeX.Core/Resources/text/other/en/text_Species_en.txt
653,フォッコ,푸호꼬,Fennekin,kwsch/PKHeX,8ad201e80244f630ab5a46922ab72fb79c5ad4f4,PKHeX.Core/Resources/text/other/ja/text_Species_ja.txt,PKHeX.Core/Resources/text/other/ko/text_Species_ko.txt,PKHeX.Core/Resources/text/other/en/text_Species_en.txt
654,テールナー,테르나,Braixen,kwsch/PKHeX,8ad201e80244f630ab5a46922ab72fb79c5ad4f4,PKHeX.Core/Resources/text/other/ja/text_Species_ja.txt,PKHeX.Core/Resources/text/other/ko/text_Species_ko.txt,PKHeX.Core/Resources/text/other/en/text_Species_en.txt
655,マフォクシー,마폭시,Delphox,kwsch/PKHeX,8ad201e80244f630ab5a46922ab72fb79c5ad4f4,PKHeX.Core/Resources/text/other/ja/text_Species_ja.txt,PKHeX.Core/Resources/text/other/ko/text_Species_ko.txt,PKHeX.Core/Resources/text/other/en/text_Species_en.txt
656,ケロマツ,개구마르,Froakie,kwsch/PKHeX,8ad201e80244f630ab5a46922ab72fb79c5ad4f4,PKHeX.Core/Resources/text/other/ja/text_Species_ja.txt,PKHeX.Core/Resources/text/other/ko/text_Species_ko.txt,PKHeX.Core/Resources/text/other/en/text_Species_en.txt
657,ゲコガシラ,개굴반장,Frogadier,kwsch/PKHeX,8ad201e80244f630ab5a46922ab72fb79c5ad4f4,PKHeX.Core/Resources/text/other/ja/text_Species_ja.txt,PKHeX.Core/Resources/text/other/ko/text_Species_ko.txt,PKHeX.Core/Resources/text/other/en/text_Species_en.txt
658,ゲッコウガ,개굴닌자,Greninja,kwsch/PKHeX,8ad201e80244f630ab5a46922ab72fb79c5ad4f4,PKHeX.Core/Resources/text/other/ja/text_Species_ja.txt,PKHeX.Core/Resources/text/other/ko/text_Species_ko.txt,PKHeX.Core/Resources/text/other/en/text_Species_en.txt
659,ホルビー,파르빗,Bunnelby,kwsch/PKHeX,8ad201e80244f630ab5a46922ab72fb79c5ad4f4,PKHeX.Core/Resources/text/other/ja/text_Species_ja.txt,PKHeX.Core/Resources/text/other/ko/text_Species_ko.txt,PKHeX.Core/Resources/text/other/en/text_Species_en.txt
660,ホルード,파르토,Diggersby,kwsch/PKHeX,8ad201e80244f630ab5a46922ab72fb79c5ad4f4,PKHeX.Core/Resources/text/other/ja/text_Species_ja.txt,PKHeX.Core/Resources/text/other/ko/text_Species_ko.txt,PKHeX.Core/Resources/text/other/en/text_Species_en.txt
661,ヤヤコマ,화살꼬빈,Fletchling,kwsch/PKHeX,8ad201e80244f630ab5a46922ab72fb79c5ad4f4,PKHeX.Core/Resources/text/other/ja/text_Species_ja.txt,PKHeX.Core/Resources/text/other/ko/text_Species_ko.txt,PKHeX.Core/Resources/text/other/en/text_Species_en.txt
662,ヒノヤコマ,불화살빈,Fletchinder,kwsch/PKHeX,8ad201e80244f630ab5a46922ab72fb79c5ad4f4,PKHeX.Core/Resources/text/other/ja/text_Species_ja.txt,PKHeX.Core/Resources/text/other/ko/text_Species_ko.txt,PKHeX.Core/Resources/text/other/en/text_Species_en.txt
663,ファイアロー,파이어로,Talonflame,kwsch/PKHeX,8ad201e80244f630ab5a46922ab72fb79c5ad4f4,PKHeX.Core/Resources/text/other/ja/text_Species_ja.txt,PKHeX.Core/Resources/text/other/ko/text_Species_ko.txt,PKHeX.Core/Resources/text/other/en/text_Species_en.txt
664,コフキムシ,분이벌레,Scatterbug,kwsch/PKHeX,8ad201e80244f630ab5a46922ab72fb79c5ad4f4,PKHeX.Core/Resources/text/other/ja/text_Species_ja.txt,PKHeX.Core/Resources/text/other/ko/text_Species_ko.txt,PKHeX.Core/Resources/text/other/en/text_Species_en.txt
665,コフーライ,분떠도리,Spewpa,kwsch/PKHeX,8ad201e80244f630ab5a46922ab72fb79c5ad4f4,PKHeX.Core/Resources/text/other/ja/text_Species_ja.txt,PKHeX.Core/Resources/text/other/ko/text_Species_ko.txt,PKHeX.Core/Resources/text/other/en/text_Species_en.txt
666,ビビヨン,비비용,Vivillon,kwsch/PKHeX,8ad201e80244f630ab5a46922ab72fb79c5ad4f4,PKHeX.Core/Resources/text/other/ja/text_Species_ja.txt,PKHeX.Core/Resources/text/other/ko/text_Species_ko.txt,PKHeX.Core/Resources/text/other/en/text_Species_en.txt
667,シシコ,레오꼬,Litleo,kwsch/PKHeX,8ad201e80244f630ab5a46922ab72fb79c5ad4f4,PKHeX.Core/Resources/text/other/ja/text_Species_ja.txt,PKHeX.Core/Resources/text/other/ko/text_Species_ko.txt,PKHeX.Core/Resources/text/other/en/text_Species_en.txt
668,カエンジシ,화염레오,Pyroar,kwsch/PKHeX,8ad201e80244f630ab5a46922ab72fb79c5ad4f4,PKHeX.Core/Resources/text/other/ja/text_Species_ja.txt,PKHeX.Core/Resources/text/other/ko/text_Species_ko.txt,PKHeX.Core/Resources/text/other/en/text_Species_en.txt
669,フラベベ,플라베베,Flabébé,kwsch/PKHeX,8ad201e80244f630ab5a46922ab72fb79c5ad4f4,PKHeX.Core/Resources/text/other/ja/text_Species_ja.txt,PKHeX.Core/Resources/text/other/ko/text_Species_ko.txt,PKHeX.Core/Resources/text/other/en/text_Species_en.txt
670,フラエッテ,플라엣테,Floette,kwsch/PKHeX,8ad201e80244f630ab5a46922ab72fb79c5ad4f4,PKHeX.Core/Resources/text/other/ja/text_Species_ja.txt,PKHeX.Core/Resources/text/other/ko/text_Species_ko.txt,PKHeX.Core/Resources/text/other/en/text_Species_en.txt
671,フラージェス,플라제스,Florges,kwsch/PKHeX,8ad201e80244f630ab5a46922ab72fb79c5ad4f4,PKHeX.Core/Resources/text/other/ja/text_Species_ja.txt,PKHeX.Core/Resources/text/other/ko/text_Species_ko.txt,PKHeX.Core/Resources/text/other/en/text_Species_en.txt
672,メェークル,메이클,Skiddo,kwsch/PKHeX,8ad201e80244f630ab5a46922ab72fb79c5ad4f4,PKHeX.Core/Resources/text/other/ja/text_Species_ja.txt,PKHeX.Core/Resources/text/other/ko/text_Species_ko.txt,PKHeX.Core/Resources/text/other/en/text_Species_en.txt
673,ゴーゴート,고고트,Gogoat,kwsch/PKHeX,8ad201e80244f630ab5a46922ab72fb79c5ad4f4,PKHeX.Core/Resources/text/other/ja/text_Species_ja.txt,PKHeX.Core/Resources/text/other/ko/text_Species_ko.txt,PKHeX.Core/Resources/text/other/en/text_Species_en.txt
674,ヤンチャム,판짱,Pancham,kwsch/PKHeX,8ad201e80244f630ab5a46922ab72fb79c5ad4f4,PKHeX.Core/Resources/text/other/ja/text_Species_ja.txt,PKHeX.Core/Resources/text/other/ko/text_Species_ko.txt,PKHeX.Core/Resources/text/other/en/text_Species_en.txt
675,ゴロンダ,부란다,Pangoro,kwsch/PKHeX,8ad201e80244f630ab5a46922ab72fb79c5ad4f4,PKHeX.Core/Resources/text/other/ja/text_Species_ja.txt,PKHeX.Core/Resources/text/other/ko/text_Species_ko.txt,PKHeX.Core/Resources/text/other/en/text_Species_en.txt
676,トリミアン,트리미앙,Furfrou,kwsch/PKHeX,8ad201e80244f630ab5a46922ab72fb79c5ad4f4,PKHeX.Core/Resources/text/other/ja/text_Species_ja.txt,PKHeX.Core/Resources/text/other/ko/text_Species_ko.txt,PKHeX.Core/Resources/text/other/en/text_Species_en.txt
677,ニャスパー,냐스퍼,Espurr,kwsch/PKHeX,8ad201e80244f630ab5a46922ab72fb79c5ad4f4,PKHeX.Core/Resources/text/other/ja/text_Species_ja.txt,PKHeX.Core/Resources/text/other/ko/text_Species_ko.txt,PKHeX.Core/Resources/text/other/en/text_Species_en.txt
678,ニャオニクス,냐오닉스,Meowstic,kwsch/PKHeX,8ad201e80244f630ab5a46922ab72fb79c5ad4f4,PKHeX.Core/Resources/text/other/ja/text_Species_ja.txt,PKHeX.Core/Resources/text/other/ko/text_Species_ko.txt,PKHeX.Core/Resources/text/other/en/text_Species_en.txt
679,ヒトツキ,단칼빙,Honedge,kwsch/PKHeX,8ad201e80244f630ab5a46922ab72fb79c5ad4f4,PKHeX.Core/Resources/text/other/ja/text_Species_ja.txt,PKHeX.Core/Resources/text/other/ko/text_Species_ko.txt,PKHeX.Core/Resources/text/other/en/text_Species_en.txt
680,ニダンギル,쌍검킬,Doublade,kwsch/PKHeX,8ad201e80244f630ab5a46922ab72fb79c5ad4f4,PKHeX.Core/Resources/text/other/ja/text_Species_ja.txt,PKHeX.Core/Resources/text/other/ko/text_Species_ko.txt,PKHeX.Core/Resources/text/other/en/text_Species_en.txt
681,ギルガルド,킬가르도,Aegislash,kwsch/PKHeX,8ad201e80244f630ab5a46922ab72fb79c5ad4f4,PKHeX.Core/Resources/text/other/ja/text_Species_ja.txt,PKHeX.Core/Resources/text/other/ko/text_Species_ko.txt,PKHeX.Core/Resources/text/other/en/text_Species_en.txt
682,シュシュプ,슈쁘,Spritzee,kwsch/PKHeX,8ad201e80244f630ab5a46922ab72fb79c5ad4f4,PKHeX.Core/Resources/text/other/ja/text_Species_ja.txt,PKHeX.Core/Resources/text/other/ko/text_Species_ko.txt,PKHeX.Core/Resources/text/other/en/text_Species_en.txt
683,フレフワン,프레프티르,Aromatisse,kwsch/PKHeX,8ad201e80244f630ab5a46922ab72fb79c5ad4f4,PKHeX.Core/Resources/text/other/ja/text_Species_ja.txt,PKHeX.Core/Resources/text/other/ko/text_Species_ko.txt,PKHeX.Core/Resources/text/other/en/text_Species_en.txt
684,ペロッパフ,나룸퍼프,Swirlix,kwsch/PKHeX,8ad201e80244f630ab5a46922ab72fb79c5ad4f4,PKHeX.Core/Resources/text/other/ja/text_Species_ja.txt,PKHeX.Core/Resources/text/other/ko/text_Species_ko.txt,PKHeX.Core/Resources/text/other/en/text_Species_en.txt
685,ペロリーム,나루림,Slurpuff,kwsch/PKHeX,8ad201e80244f630ab5a46922ab72fb79c5ad4f4,PKHeX.Core/Resources/text/other/ja/text_Species_ja.txt,PKHeX.Core/Resources/text/other/ko/text_Species_ko.txt,PKHeX.Core/Resources/text/other/en/text_Species_en.txt
686,マーイーカ,오케이징,Inkay,kwsch/PKHeX,8ad201e80244f630ab5a46922ab72fb79c5ad4f4,PKHeX.Core/Resources/text/other/ja/text_Species_ja.txt,PKHeX.Core/Resources/text/other/ko/text_Species_ko.txt,PKHeX.Core/Resources/text/other/en/text_Species_en.txt
687,カラマネロ,칼라마네로,Malamar,kwsch/PKHeX,8ad201e80244f630ab5a46922ab72fb79c5ad4f4,PKHeX.Core/Resources/text/other/ja/text_Species_ja.txt,PKHeX.Core/Resources/text/other/ko/text_Species_ko.txt,PKHeX.Core/Resources/text/other/en/text_Species_en.txt
688,カメテテ,거북손손,Binacle,kwsch/PKHeX,8ad201e80244f630ab5a46922ab72fb79c5ad4f4,PKHeX.Core/Resources/text/other/ja/text_Species_ja.txt,PKHeX.Core/Resources/text/other/ko/text_Species_ko.txt,PKHeX.Core/Resources/text/other/en/text_Species_en.txt
689,ガメノデス,거북손데스,Barbaracle,kwsch/PKHeX,8ad201e80244f630ab5a46922ab72fb79c5ad4f4,PKHeX.Core/Resources/text/other/ja/text_Species_ja.txt,PKHeX.Core/Resources/text/other/ko/text_Species_ko.txt,PKHeX.Core/Resources/text/other/en/text_Species_en.txt
690,クズモー,수레기,Skrelp,kwsch/PKHeX,8ad201e80244f630ab5a46922ab72fb79c5ad4f4,PKHeX.Core/Resources/text/other/ja/text_Species_ja.txt,PKHeX.Core/Resources/text/other/ko/text_Species_ko.txt,PKHeX.Core/Resources/text/other/en/text_Species_en.txt
691,ドラミドロ,드래캄,Dragalge,kwsch/PKHeX,8ad201e80244f630ab5a46922ab72fb79c5ad4f4,PKHeX.Core/Resources/text/other/ja/text_Species_ja.txt,PKHeX.Core/Resources/text/other/ko/text_Species_ko.txt,PKHeX.Core/Resources/text/other/en/text_Species_en.txt
692,ウデッポウ,완철포,Clauncher,kwsch/PKHeX,8ad201e80244f630ab5a46922ab72fb79c5ad4f4,PKHeX.Core/Resources/text/other/ja/text_Species_ja.txt,PKHeX.Core/Resources/text/other/ko/text_Species_ko.txt,PKHeX.Core/Resources/text/other/en/text_Species_en.txt
693,ブロスター,블로스터,Clawitzer,kwsch/PKHeX,8ad201e80244f630ab5a46922ab72fb79c5ad4f4,PKHeX.Core/Resources/text/other/ja/text_Species_ja.txt,PKHeX.Core/Resources/text/other/ko/text_Species_ko.txt,PKHeX.Core/Resources/text/other/en/text_Species_en.txt
694,エリキテル,목도리키텔,Helioptile,kwsch/PKHeX,8ad201e80244f630ab5a46922ab72fb79c5ad4f4,PKHeX.Core/Resources/text/other/ja/text_Species_ja.txt,PKHeX.Core/Resources/text/other/ko/text_Species_ko.txt,PKHeX.Core/Resources/text/other/en/text_Species_en.txt
695,エレザード,일레도리자드,Heliolisk,kwsch/PKHeX,8ad201e80244f630ab5a46922ab72fb79c5ad4f4,PKHeX.Core/Resources/text/other/ja/text_Species_ja.txt,PKHeX.Core/Resources/text/other/ko/text_Species_ko.txt,PKHeX.Core/Resources/text/other/en/text_Species_en.txt
696,チゴラス,티고라스,Tyrunt,kwsch/PKHeX,8ad201e80244f630ab5a46922ab72fb79c5ad4f4,PKHeX.Core/Resources/text/other/ja/text_Species_ja.txt,PKHeX.Core/Resources/text/other/ko/text_Species_ko.txt,PKHeX.Core/Resources/text/other/en/text_Species_en.txt
697,ガチゴラス,견고라스,Tyrantrum,kwsch/PKHeX,8ad201e80244f630ab5a46922ab72fb79c5ad4f4,PKHeX.Core/Resources/text/other/ja/text_Species_ja.txt,PKHeX.Core/Resources/text/other/ko/text_Species_ko.txt,PKHeX.Core/Resources/text/other/en/text_Species_en.txt
698,アマルス,아마루스,Amaura,kwsch/PKHeX,8ad201e80244f630ab5a46922ab72fb79c5ad4f4,PKHeX.Core/Resources/text/other/ja/text_Species_ja.txt,PKHeX.Core/Resources/text/other/ko/text_Species_ko.txt,PKHeX.Core/Resources/text/other/en/text_Species_en.txt
699,アマルルガ,아마루르가,Aurorus,kwsch/PKHeX,8ad201e80244f630ab5a46922ab72fb79c5ad4f4,PKHeX.Core/Resources/text/other/ja/text_Species_ja.txt,PKHeX.Core/Resources/text/other/ko/text_Species_ko.txt,PKHeX.Core/Resources/text/other/en/text_Species_en.txt
700,ニンフィア,님피아,Sylveon,kwsch/PKHeX,8ad201e80244f630ab5a46922ab72fb79c5ad4f4,PKHeX.Core/Resources/text/other/ja/text_Species_ja.txt,PKHeX.Core/Resources/text/other/ko/text_Species_ko.txt,PKHeX.Core/Resources/text/other/en/text_Species_en.txt
701,ルチャブル,루차불,Hawlucha,kwsch/PKHeX,8ad201e80244f630ab5a46922ab72fb79c5ad4f4,PKHeX.Core/Resources/text/other/ja/text_Species_ja.txt,PKHeX.Core/Resources/text/other/ko/text_Species_ko.txt,PKHeX.Core/Resources/text/other/en/text_Species_en.txt
702,デデンネ,데덴네,Dedenne,kwsch/PKHeX,8ad201e80244f630ab5a46922ab72fb79c5ad4f4,PKHeX.Core/Resources/text/other/ja/text_Species_ja.txt,PKHeX.Core/Resources/text/other/ko/text_Species_ko.txt,PKHeX.Core/Resources/text/other/en/text_Species_en.txt
703,メレシー,멜리시,Carbink,kwsch/PKHeX,8ad201e80244f630ab5a46922ab72fb79c5ad4f4,PKHeX.Core/Resources/text/other/ja/text_Species_ja.txt,PKHeX.Core/Resources/text/other/ko/text_Species_ko.txt,PKHeX.Core/Resources/text/other/en/text_Species_en.txt
704,ヌメラ,미끄메라,Goomy,kwsch/PKHeX,8ad201e80244f630ab5a46922ab72fb79c5ad4f4,PKHeX.Core/Resources/text/other/ja/text_Species_ja.txt,PKHeX.Core/Resources/text/other/ko/text_Species_ko.txt,PKHeX.Core/Resources/text/other/en/text_Species_en.txt
705,ヌメイル,미끄네일,Sliggoo,kwsch/PKHeX,8ad201e80244f630ab5a46922ab72fb79c5ad4f4,PKHeX.Core/Resources/text/other/ja/text_Species_ja.txt,PKHeX.Core/Resources/text/other/ko/text_Species_ko.txt,PKHeX.Core/Resources/text/other/en/text_Species_en.txt
706,ヌメルゴン,미끄래곤,Goodra,kwsch/PKHeX,8ad201e80244f630ab5a46922ab72fb79c5ad4f4,PKHeX.Core/Resources/text/other/ja/text_Species_ja.txt,PKHeX.Core/Resources/text/other/ko/text_Species_ko.txt,PKHeX.Core/Resources/text/other/en/text_Species_en.txt
707,クレッフィ,클레피,Klefki,kwsch/PKHeX,8ad201e80244f630ab5a46922ab72fb79c5ad4f4,PKHeX.Core/Resources/text/other/ja/text_Species_ja.txt,PKHeX.Core/Resources/text/other/ko/text_Species_ko.txt,PKHeX.Core/Resources/text/other/en/text_Species_en.txt
708,ボクレー,나목령,Phantump,kwsch/PKHeX,8ad201e80244f630ab5a46922ab72fb79c5ad4f4,PKHeX.Core/Resources/text/other/ja/text_Species_ja.txt,PKHeX.Core/Resources/text/other/ko/text_Species_ko.txt,PKHeX.Core/Resources/text/other/en/text_Species_en.txt
709,オーロット,대로트,Trevenant,kwsch/PKHeX,8ad201e80244f630ab5a46922ab72fb79c5ad4f4,PKHeX.Core/Resources/text/other/ja/text_Species_ja.txt,PKHeX.Core/Resources/text/other/ko/text_Species_ko.txt,PKHeX.Core/Resources/text/other/en/text_Species_en.txt
710,バケッチャ,호바귀,Pumpkaboo,kwsch/PKHeX,8ad201e80244f630ab5a46922ab72fb79c5ad4f4,PKHeX.Core/Resources/text/other/ja/text_Species_ja.txt,PKHeX.Core/Resources/text/other/ko/text_Species_ko.txt,PKHeX.Core/Resources/text/other/en/text_Species_en.txt
711,パンプジン,펌킨인,Gourgeist,kwsch/PKHeX,8ad201e80244f630ab5a46922ab72fb79c5ad4f4,PKHeX.Core/Resources/text/other/ja/text_Species_ja.txt,PKHeX.Core/Resources/text/other/ko/text_Species_ko.txt,PKHeX.Core/Resources/text/other/en/text_Species_en.txt
712,カチコール,꽁어름,Bergmite,kwsch/PKHeX,8ad201e80244f630ab5a46922ab72fb79c5ad4f4,PKHeX.Core/Resources/text/other/ja/text_Species_ja.txt,PKHeX.Core/Resources/text/other/ko/text_Species_ko.txt,PKHeX.Core/Resources/text/other/en/text_Species_en.txt
713,クレベース,크레베이스,Avalugg,kwsch/PKHeX,8ad201e80244f630ab5a46922ab72fb79c5ad4f4,PKHeX.Core/Resources/text/other/ja/text_Species_ja.txt,PKHeX.Core/Resources/text/other/ko/text_Species_ko.txt,PKHeX.Core/Resources/text/other/en/text_Species_en.txt
714,オンバット,음뱃,Noibat,kwsch/PKHeX,8ad201e80244f630ab5a46922ab72fb79c5ad4f4,PKHeX.Core/Resources/text/other/ja/text_Species_ja.txt,PKHeX.Core/Resources/text/other/ko/text_Species_ko.txt,PKHeX.Core/Resources/text/other/en/text_Species_en.txt
715,オンバーン,음번,Noivern,kwsch/PKHeX,8ad201e80244f630ab5a46922ab72fb79c5ad4f4,PKHeX.Core/Resources/text/other/ja/text_Species_ja.txt,PKHeX.Core/Resources/text/other/ko/text_Species_ko.txt,PKHeX.Core/Resources/text/other/en/text_Species_en.txt
716,ゼルネアス,제르네아스,Xerneas,kwsch/PKHeX,8ad201e80244f630ab5a46922ab72fb79c5ad4f4,PKHeX.Core/Resources/text/other/ja/text_Species_ja.txt,PKHeX.Core/Resources/text/other/ko/text_Species_ko.txt,PKHeX.Core/Resources/text/other/en/text_Species_en.txt
717,イベルタル,이벨타르,Yveltal,kwsch/PKHeX,8ad201e80244f630ab5a46922ab72fb79c5ad4f4,PKHeX.Core/Resources/text/other/ja/text_Species_ja.txt,PKHeX.Core/Resources/text/other/ko/text_Species_ko.txt,PKHeX.Core/Resources/text/other/en/text_Species_en.txt
718,ジガルデ,지가르데,Zygarde,kwsch/PKHeX,8ad201e80244f630ab5a46922ab72fb79c5ad4f4,PKHeX.Core/Resources/text/other/ja/text_Species_ja.txt,PKHeX.Core/Resources/text/other/ko/text_Species_ko.txt,PKHeX.Core/Resources/text/other/en/text_Species_en.txt
719,ディアンシー,디안시,Diancie,kwsch/PKHeX,8ad201e80244f630ab5a46922ab72fb79c5ad4f4,PKHeX.Core/Resources/text/other/ja/text_Species_ja.txt,PKHeX.Core/Resources/text/other/ko/text_Species_ko.txt,PKHeX.Core/Resources/text/other/en/text_Species_en.txt
720,フーパ,후파,Hoopa,kwsch/PKHeX,8ad201e80244f630ab5a46922ab72fb79c5ad4f4,PKHeX.Core/Resources/text/other/ja/text_Species_ja.txt,PKHeX.Core/Resources/text/other/ko/text_Species_ko.txt,PKHeX.Core/Resources/text/other/en/text_Species_en.txt
721,ボルケニオン,볼케니온,Volcanion,kwsch/PKHeX,8ad201e80244f630ab5a46922ab72fb79c5ad4f4,PKHeX.Core/Resources/text/other/ja/text_Species_ja.txt,PKHeX.Core/Resources/text/other/ko/text_Species_ko.txt,PKHeX.Core/Resources/text/other/en/text_Species_en.txt
722,モクロー,나몰빼미,Rowlet,kwsch/PKHeX,8ad201e80244f630ab5a46922ab72fb79c5ad4f4,PKHeX.Core/Resources/text/other/ja/text_Species_ja.txt,PKHeX.Core/Resources/text/other/ko/text_Species_ko.txt,PKHeX.Core/Resources/text/other/en/text_Species_en.txt
723,フクスロー,빼미스로우,Dartrix,kwsch/PKHeX,8ad201e80244f630ab5a46922ab72fb79c5ad4f4,PKHeX.Core/Resources/text/other/ja/text_Species_ja.txt,PKHeX.Core/Resources/text/other/ko/text_Species_ko.txt,PKHeX.Core/Resources/text/other/en/text_Species_en.txt
724,ジュナイパー,모크나이퍼,Decidueye,kwsch/PKHeX,8ad201e80244f630ab5a46922ab72fb79c5ad4f4,PKHeX.Core/Resources/text/other/ja/text_Species_ja.txt,PKHeX.Core/Resources/text/other/ko/text_Species_ko.txt,PKHeX.Core/Resources/text/other/en/text_Species_en.txt
725,ニャビー,냐오불,Litten,kwsch/PKHeX,8ad201e80244f630ab5a46922ab72fb79c5ad4f4,PKHeX.Core/Resources/text/other/ja/text_Species_ja.txt,PKHeX.Core/Resources/text/other/ko/text_Species_ko.txt,PKHeX.Core/Resources/text/other/en/text_Species_en.txt
726,ニャヒート,냐오히트,Torracat,kwsch/PKHeX,8ad201e80244f630ab5a46922ab72fb79c5ad4f4,PKHeX.Core/Resources/text/other/ja/text_Species_ja.txt,PKHeX.Core/Resources/text/other/ko/text_Species_ko.txt,PKHeX.Core/Resources/text/other/en/text_Species_en.txt
727,ガオガエン,어흥염,Incineroar,kwsch/PKHeX,8ad201e80244f630ab5a46922ab72fb79c5ad4f4,PKHeX.Core/Resources/text/other/ja/text_Species_ja.txt,PKHeX.Core/Resources/text/other/ko/text_Species_ko.txt,PKHeX.Core/Resources/text/other/en/text_Species_en.txt
728,アシマリ,누리공,Popplio,kwsch/PKHeX,8ad201e80244f630ab5a46922ab72fb79c5ad4f4,PKHeX.Core/Resources/text/other/ja/text_Species_ja.txt,PKHeX.Core/Resources/text/other/ko/text_Species_ko.txt,PKHeX.Core/Resources/text/other/en/text_Species_en.txt
729,オシャマリ,키요공,Brionne,kwsch/PKHeX,8ad201e80244f630ab5a46922ab72fb79c5ad4f4,PKHeX.Core/Resources/text/other/ja/text_Species_ja.txt,PKHeX.Core/Resources/text/other/ko/text_Species_ko.txt,PKHeX.Core/Resources/text/other/en/text_Species_en.txt
730,アシレーヌ,누리레느,Primarina,kwsch/PKHeX,8ad201e80244f630ab5a46922ab72fb79c5ad4f4,PKHeX.Core/Resources/text/other/ja/text_Species_ja.txt,PKHeX.Core/Resources/text/other/ko/text_Species_ko.txt,PKHeX.Core/Resources/text/other/en/text_Species_en.txt
731,ツツケラ,콕코구리,Pikipek,kwsch/PKHeX,8ad201e80244f630ab5a46922ab72fb79c5ad4f4,PKHeX.Core/Resources/text/other/ja/text_Species_ja.txt,PKHeX.Core/Resources/text/other/ko/text_Species_ko.txt,PKHeX.Core/Resources/text/other/en/text_Species_en.txt
732,ケララッパ,크라파,Trumbeak,kwsch/PKHeX,8ad201e80244f630ab5a46922ab72fb79c5ad4f4,PKHeX.Core/Resources/text/other/ja/text_Species_ja.txt,PKHeX.Core/Resources/text/other/ko/text_Species_ko.txt,PKHeX.Core/Resources/text/other/en/text_Species_en.txt
733,ドデカバシ,왕큰부리,Toucannon,kwsch/PKHeX,8ad201e80244f630ab5a46922ab72fb79c5ad4f4,PKHeX.Core/Resources/text/other/ja/text_Species_ja.txt,PKHeX.Core/Resources/text/other/ko/text_Species_ko.txt,PKHeX.Core/Resources/text/other/en/text_Species_en.txt
734,ヤングース,영구스,Yungoos,kwsch/PKHeX,8ad201e80244f630ab5a46922ab72fb79c5ad4f4,PKHeX.Core/Resources/text/other/ja/text_Species_ja.txt,PKHeX.Core/Resources/text/other/ko/text_Species_ko.txt,PKHeX.Core/Resources/text/other/en/text_Species_en.txt
735,デカグース,형사구스,Gumshoos,kwsch/PKHeX,8ad201e80244f630ab5a46922ab72fb79c5ad4f4,PKHeX.Core/Resources/text/other/ja/text_Species_ja.txt,PKHeX.Core/Resources/text/other/ko/text_Species_ko.txt,PKHeX.Core/Resources/text/other/en/text_Species_en.txt
736,アゴジムシ,턱지충이,Grubbin,kwsch/PKHeX,8ad201e80244f630ab5a46922ab72fb79c5ad4f4,PKHeX.Core/Resources/text/other/ja/text_Species_ja.txt,PKHeX.Core/Resources/text/other/ko/text_Species_ko.txt,PKHeX.Core/Resources/text/other/en/text_Species_en.txt
737,デンヂムシ,전지충이,Charjabug,kwsch/PKHeX,8ad201e80244f630ab5a46922ab72fb79c5ad4f4,PKHeX.Core/Resources/text/other/ja/text_Species_ja.txt,PKHeX.Core/Resources/text/other/ko/text_Species_ko.txt,PKHeX.Core/Resources/text/other/en/text_Species_en.txt
738,クワガノン,투구뿌논,Vikavolt,kwsch/PKHeX,8ad201e80244f630ab5a46922ab72fb79c5ad4f4,PKHeX.Core/Resources/text/other/ja/text_Species_ja.txt,PKHeX.Core/Resources/text/other/ko/text_Species_ko.txt,PKHeX.Core/Resources/text/other/en/text_Species_en.txt
739,マケンカニ,오기지게,Crabrawler,kwsch/PKHeX,8ad201e80244f630ab5a46922ab72fb79c5ad4f4,PKHeX.Core/Resources/text/other/ja/text_Species_ja.txt,PKHeX.Core/Resources/text/other/ko/text_Species_ko.txt,PKHeX.Core/Resources/text/other/en/text_Species_en.txt
740,ケケンカニ,모단단게,Crabominable,kwsch/PKHeX,8ad201e80244f630ab5a46922ab72fb79c5ad4f4,PKHeX.Core/Resources/text/other/ja/text_Species_ja.txt,PKHeX.Core/Resources/text/other/ko/text_Species_ko.txt,PKHeX.Core/Resources/text/other/en/text_Species_en.txt
741,オドリドリ,춤추새,Oricorio,kwsch/PKHeX,8ad201e80244f630ab5a46922ab72fb79c5ad4f4,PKHeX.Core/Resources/text/other/ja/text_Species_ja.txt,PKHeX.Core/Resources/text/other/ko/text_Species_ko.txt,PKHeX.Core/Resources/text/other/en/text_Species_en.txt
742,アブリー,에블리,Cutiefly,kwsch/PKHeX,8ad201e80244f630ab5a46922ab72fb79c5ad4f4,PKHeX.Core/Resources/text/other/ja/text_Species_ja.txt,PKHeX.Core/Resources/text/other/ko/text_Species_ko.txt,PKHeX.Core/Resources/text/other/en/text_Species_en.txt
743,アブリボン,에리본,Ribombee,kwsch/PKHeX,8ad201e80244f630ab5a46922ab72fb79c5ad4f4,PKHeX.Core/Resources/text/other/ja/text_Species_ja.txt,PKHeX.Core/Resources/text/other/ko/text_Species_ko.txt,PKHeX.Core/Resources/text/other/en/text_Species_en.txt
744,イワンコ,암멍이,Rockruff,kwsch/PKHeX,8ad201e80244f630ab5a46922ab72fb79c5ad4f4,PKHeX.Core/Resources/text/other/ja/text_Species_ja.txt,PKHeX.Core/Resources/text/other/ko/text_Species_ko.txt,PKHeX.Core/Resources/text/other/en/text_Species_en.txt
745,ルガルガン,루가루암,Lycanroc,kwsch/PKHeX,8ad201e80244f630ab5a46922ab72fb79c5ad4f4,PKHeX.Core/Resources/text/other/ja/text_Species_ja.txt,PKHeX.Core/Resources/text/other/ko/text_Species_ko.txt,PKHeX.Core/Resources/text/other/en/text_Species_en.txt
746,ヨワシ,약어리,Wishiwashi,kwsch/PKHeX,8ad201e80244f630ab5a46922ab72fb79c5ad4f4,PKHeX.Core/Resources/text/other/ja/text_Species_ja.txt,PKHeX.Core/Resources/text/other/ko/text_Species_ko.txt,PKHeX.Core/Resources/text/other/en/text_Species_en.txt
747,ヒドイデ,시마사리,Mareanie,kwsch/PKHeX,8ad201e80244f630ab5a46922ab72fb79c5ad4f4,PKHeX.Core/Resources/text/other/ja/text_Species_ja.txt,PKHeX.Core/Resources/text/other/ko/text_Species_ko.txt,PKHeX.Core/Resources/text/other/en/text_Species_en.txt
748,ドヒドイデ,더시마사리,Toxapex,kwsch/PKHeX,8ad201e80244f630ab5a46922ab72fb79c5ad4f4,PKHeX.Core/Resources/text/other/ja/text_Species_ja.txt,PKHeX.Core/Resources/text/other/ko/text_Species_ko.txt,PKHeX.Core/Resources/text/other/en/text_Species_en.txt
749,ドロバンコ,머드나기,Mudbray,kwsch/PKHeX,8ad201e80244f630ab5a46922ab72fb79c5ad4f4,PKHeX.Core/Resources/text/other/ja/text_Species_ja.txt,PKHeX.Core/Resources/text/other/ko/text_Species_ko.txt,PKHeX.Core/Resources/text/other/en/text_Species_en.txt
750,バンバドロ,만마드,Mudsdale,kwsch/PKHeX,8ad201e80244f630ab5a46922ab72fb79c5ad4f4,PKHeX.Core/Resources/text/other/ja/text_Species_ja.txt,PKHeX.Core/Resources/text/other/ko/text_Species_ko.txt,PKHeX.Core/Resources/text/other/en/text_Species_en.txt
751,シズクモ,물거미,Dewpider,kwsch/PKHeX,8ad201e80244f630ab5a46922ab72fb79c5ad4f4,PKHeX.Core/Resources/text/other/ja/text_Species_ja.txt,PKHeX.Core/Resources/text/other/ko/text_Species_ko.txt,PKHeX.Core/Resources/text/other/en/text_Species_en.txt
752,オニシズクモ,깨비물거미,Araquanid,kwsch/PKHeX,8ad201e80244f630ab5a46922ab72fb79c5ad4f4,PKHeX.Core/Resources/text/other/ja/text_Species_ja.txt,PKHeX.Core/Resources/text/other/ko/text_Species_ko.txt,PKHeX.Core/Resources/text/other/en/text_Species_en.txt
753,カリキリ,짜랑랑,Fomantis,kwsch/PKHeX,8ad201e80244f630ab5a46922ab72fb79c5ad4f4,PKHeX.Core/Resources/text/other/ja/text_Species_ja.txt,PKHeX.Core/Resources/text/other/ko/text_Species_ko.txt,PKHeX.Core/Resources/text/other/en/text_Species_en.txt
754,ラランテス,라란티스,Lurantis,kwsch/PKHeX,8ad201e80244f630ab5a46922ab72fb79c5ad4f4,PKHeX.Core/Resources/text/other/ja/text_Species_ja.txt,PKHeX.Core/Resources/text/other/ko/text_Species_ko.txt,PKHeX.Core/Resources/text/other/en/text_Species_en.txt
755,ネマシュ,자마슈,Morelull,kwsch/PKHeX,8ad201e80244f630ab5a46922ab72fb79c5ad4f4,PKHeX.Core/Resources/text/other/ja/text_Species_ja.txt,PKHeX.Core/Resources/text/other/ko/text_Species_ko.txt,PKHeX.Core/Resources/text/other/en/text_Species_en.txt
756,マシェード,마셰이드,Shiinotic,kwsch/PKHeX,8ad201e80244f630ab5a46922ab72fb79c5ad4f4,PKHeX.Core/Resources/text/other/ja/text_Species_ja.txt,PKHeX.Core/Resources/text/other/ko/text_Species_ko.txt,PKHeX.Core/Resources/text/other/en/text_Species_en.txt
757,ヤトウモリ,야도뇽,Salandit,kwsch/PKHeX,8ad201e80244f630ab5a46922ab72fb79c5ad4f4,PKHeX.Core/Resources/text/other/ja/text_Species_ja.txt,PKHeX.Core/Resources/text/other/ko/text_Species_ko.txt,PKHeX.Core/Resources/text/other/en/text_Species_en.txt
758,エンニュート,염뉴트,Salazzle,kwsch/PKHeX,8ad201e80244f630ab5a46922ab72fb79c5ad4f4,PKHeX.Core/Resources/text/other/ja/text_Species_ja.txt,PKHeX.Core/Resources/text/other/ko/text_Species_ko.txt,PKHeX.Core/Resources/text/other/en/text_Species_en.txt
759,ヌイコグマ,포곰곰,Stufful,kwsch/PKHeX,8ad201e80244f630ab5a46922ab72fb79c5ad4f4,PKHeX.Core/Resources/text/other/ja/text_Species_ja.txt,PKHeX.Core/Resources/text/other/ko/text_Species_ko.txt,PKHeX.Core/Resources/text/other/en/text_Species_en.txt
760,キテルグマ,이븐곰,Bewear,kwsch/PKHeX,8ad201e80244f630ab5a46922ab72fb79c5ad4f4,PKHeX.Core/Resources/text/other/ja/text_Species_ja.txt,PKHeX.Core/Resources/text/other/ko/text_Species_ko.txt,PKHeX.Core/Resources/text/other/en/text_Species_en.txt
761,アマカジ,달콤아,Bounsweet,kwsch/PKHeX,8ad201e80244f630ab5a46922ab72fb79c5ad4f4,PKHeX.Core/Resources/text/other/ja/text_Species_ja.txt,PKHeX.Core/Resources/text/other/ko/text_Species_ko.txt,PKHeX.Core/Resources/text/other/en/text_Species_en.txt
762,アママイコ,달무리나,Steenee,kwsch/PKHeX,8ad201e80244f630ab5a46922ab72fb79c5ad4f4,PKHeX.Core/Resources/text/other/ja/text_Species_ja.txt,PKHeX.Core/Resources/text/other/ko/text_Species_ko.txt,PKHeX.Core/Resources/text/other/en/text_Species_en.txt
763,アマージョ,달코퀸,Tsareena,kwsch/PKHeX,8ad201e80244f630ab5a46922ab72fb79c5ad4f4,PKHeX.Core/Resources/text/other/ja/text_Species_ja.txt,PKHeX.Core/Resources/text/other/ko/text_Species_ko.txt,PKHeX.Core/Resources/text/other/en/text_Species_en.txt
764,キュワワー,큐아링,Comfey,kwsch/PKHeX,8ad201e80244f630ab5a46922ab72fb79c5ad4f4,PKHeX.Core/Resources/text/other/ja/text_Species_ja.txt,PKHeX.Core/Resources/text/other/ko/text_Species_ko.txt,PKHeX.Core/Resources/text/other/en/text_Species_en.txt
765,ヤレユータン,하랑우탄,Oranguru,kwsch/PKHeX,8ad201e80244f630ab5a46922ab72fb79c5ad4f4,PKHeX.Core/Resources/text/other/ja/text_Species_ja.txt,PKHeX.Core/Resources/text/other/ko/text_Species_ko.txt,PKHeX.Core/Resources/text/other/en/text_Species_en.txt
766,ナゲツケサル,내던숭이,Passimian,kwsch/PKHeX,8ad201e80244f630ab5a46922ab72fb79c5ad4f4,PKHeX.Core/Resources/text/other/ja/text_Species_ja.txt,PKHeX.Core/Resources/text/other/ko/text_Species_ko.txt,PKHeX.Core/Resources/text/other/en/text_Species_en.txt
767,コソクムシ,꼬시레,Wimpod,kwsch/PKHeX,8ad201e80244f630ab5a46922ab72fb79c5ad4f4,PKHeX.Core/Resources/text/other/ja/text_Species_ja.txt,PKHeX.Core/Resources/text/other/ko/text_Species_ko.txt,PKHeX.Core/Resources/text/other/en/text_Species_en.txt
768,グソクムシャ,갑주무사,Golisopod,kwsch/PKHeX,8ad201e80244f630ab5a46922ab72fb79c5ad4f4,PKHeX.Core/Resources/text/other/ja/text_Species_ja.txt,PKHeX.Core/Resources/text/other/ko/text_Species_ko.txt,PKHeX.Core/Resources/text/other/en/text_Species_en.txt
769,スナバァ,모래꿍,Sandygast,kwsch/PKHeX,8ad201e80244f630ab5a46922ab72fb79c5ad4f4,PKHeX.Core/Resources/text/other/ja/text_Species_ja.txt,PKHeX.Core/Resources/text/other/ko/text_Species_ko.txt,PKHeX.Core/Resources/text/other/en/text_Species_en.txt
770,シロデスナ,모래성이당,Palossand,kwsch/PKHeX,8ad201e80244f630ab5a46922ab72fb79c5ad4f4,PKHeX.Core/Resources/text/other/ja/text_Species_ja.txt,PKHeX.Core/Resources/text/other/ko/text_Species_ko.txt,PKHeX.Core/Resources/text/other/en/text_Species_en.txt
771,ナマコブシ,해무기,Pyukumuku,kwsch/PKHeX,8ad201e80244f630ab5a46922ab72fb79c5ad4f4,PKHeX.Core/Resources/text/other/ja/text_Species_ja.txt,PKHeX.Core/Resources/text/other/ko/text_Species_ko.txt,PKHeX.Core/Resources/text/other/en/text_Species_en.txt
772,タイプ：ヌル,타입:널,Type: Null,kwsch/PKHeX,8ad201e80244f630ab5a46922ab72fb79c5ad4f4,PKHeX.Core/Resources/text/other/ja/text_Species_ja.txt,PKHeX.Core/Resources/text/other/ko/text_Species_ko.txt,PKHeX.Core/Resources/text/other/en/text_Species_en.txt
773,シルヴァディ,실버디,Silvally,kwsch/PKHeX,8ad201e80244f630ab5a46922ab72fb79c5ad4f4,PKHeX.Core/Resources/text/other/ja/text_Species_ja.txt,PKHeX.Core/Resources/text/other/ko/text_Species_ko.txt,PKHeX.Core/Resources/text/other/en/text_Species_en.txt
774,メテノ,메테노,Minior,kwsch/PKHeX,8ad201e80244f630ab5a46922ab72fb79c5ad4f4,PKHeX.Core/Resources/text/other/ja/text_Species_ja.txt,PKHeX.Core/Resources/text/other/ko/text_Species_ko.txt,PKHeX.Core/Resources/text/other/en/text_Species_en.txt
775,ネッコアラ,자말라,Komala,kwsch/PKHeX,8ad201e80244f630ab5a46922ab72fb79c5ad4f4,PKHeX.Core/Resources/text/other/ja/text_Species_ja.txt,PKHeX.Core/Resources/text/other/ko/text_Species_ko.txt,PKHeX.Core/Resources/text/other/en/text_Species_en.txt
776,バクガメス,폭거북스,Turtonator,kwsch/PKHeX,8ad201e80244f630ab5a46922ab72fb79c5ad4f4,PKHeX.Core/Resources/text/other/ja/text_Species_ja.txt,PKHeX.Core/Resources/text/other/ko/text_Species_ko.txt,PKHeX.Core/Resources/text/other/en/text_Species_en.txt
777,トゲデマル,토게데마루,Togedemaru,kwsch/PKHeX,8ad201e80244f630ab5a46922ab72fb79c5ad4f4,PKHeX.Core/Resources/text/other/ja/text_Species_ja.txt,PKHeX.Core/Resources/text/other/ko/text_Species_ko.txt,PKHeX.Core/Resources/text/other/en/text_Species_en.txt
778,ミミッキュ,따라큐,Mimikyu,kwsch/PKHeX,8ad201e80244f630ab5a46922ab72fb79c5ad4f4,PKHeX.Core/Resources/text/other/ja/text_Species_ja.txt,PKHeX.Core/Resources/text/other/ko/text_Species_ko.txt,PKHeX.Core/Resources/text/other/en/text_Species_en.txt
779,ハギギシリ,치갈기,Bruxish,kwsch/PKHeX,8ad201e80244f630ab5a46922ab72fb79c5ad4f4,PKHeX.Core/Resources/text/other/ja/text_Species_ja.txt,PKHeX.Core/Resources/text/other/ko/text_Species_ko.txt,PKHeX.Core/Resources/text/other/en/text_Species_en.txt
780,ジジーロン,할비롱,Drampa,kwsch/PKHeX,8ad201e80244f630ab5a46922ab72fb79c5ad4f4,PKHeX.Core/Resources/text/other/ja/text_Species_ja.txt,PKHeX.Core/Resources/text/other/ko/text_Species_ko.txt,PKHeX.Core/Resources/text/other/en/text_Species_en.txt
781,ダダリン,타타륜,Dhelmise,kwsch/PKHeX,8ad201e80244f630ab5a46922ab72fb79c5ad4f4,PKHeX.Core/Resources/text/other/ja/text_Species_ja.txt,PKHeX.Core/Resources/text/other/ko/text_Species_ko.txt,PKHeX.Core/Resources/text/other/en/text_Species_en.txt
782,ジャラコ,짜랑꼬,Jangmo-o,kwsch/PKHeX,8ad201e80244f630ab5a46922ab72fb79c5ad4f4,PKHeX.Core/Resources/text/other/ja/text_Species_ja.txt,PKHeX.Core/Resources/text/other/ko/text_Species_ko.txt,PKHeX.Core/Resources/text/other/en/text_Species_en.txt
783,ジャランゴ,짜랑고우,Hakamo-o,kwsch/PKHeX,8ad201e80244f630ab5a46922ab72fb79c5ad4f4,PKHeX.Core/Resources/text/other/ja/text_Species_ja.txt,PKHeX.Core/Resources/text/other/ko/text_Species_ko.txt,PKHeX.Core/Resources/text/other/en/text_Species_en.txt
784,ジャラランガ,짜랑고우거,Kommo-o,kwsch/PKHeX,8ad201e80244f630ab5a46922ab72fb79c5ad4f4,PKHeX.Core/Resources/text/other/ja/text_Species_ja.txt,PKHeX.Core/Resources/text/other/ko/text_Species_ko.txt,PKHeX.Core/Resources/text/other/en/text_Species_en.txt
785,カプ・コケコ,카푸꼬꼬꼭,Tapu Koko,kwsch/PKHeX,8ad201e80244f630ab5a46922ab72fb79c5ad4f4,PKHeX.Core/Resources/text/other/ja/text_Species_ja.txt,PKHeX.Core/Resources/text/other/ko/text_Species_ko.txt,PKHeX.Core/Resources/text/other/en/text_Species_en.txt
786,カプ・テテフ,카푸나비나,Tapu Lele,kwsch/PKHeX,8ad201e80244f630ab5a46922ab72fb79c5ad4f4,PKHeX.Core/Resources/text/other/ja/text_Species_ja.txt,PKHeX.Core/Resources/text/other/ko/text_Species_ko.txt,PKHeX.Core/Resources/text/other/en/text_Species_en.txt
787,カプ・ブルル,카푸브루루,Tapu Bulu,kwsch/PKHeX,8ad201e80244f630ab5a46922ab72fb79c5ad4f4,PKHeX.Core/Resources/text/other/ja/text_Species_ja.txt,PKHeX.Core/Resources/text/other/ko/text_Species_ko.txt,PKHeX.Core/Resources/text/other/en/text_Species_en.txt
788,カプ・レヒレ,카푸느지느,Tapu Fini,kwsch/PKHeX,8ad201e80244f630ab5a46922ab72fb79c5ad4f4,PKHeX.Core/Resources/text/other/ja/text_Species_ja.txt,PKHeX.Core/Resources/text/other/ko/text_Species_ko.txt,PKHeX.Core/Resources/text/other/en/text_Species_en.txt
789,コスモッグ,코스모그,Cosmog,kwsch/PKHeX,8ad201e80244f630ab5a46922ab72fb79c5ad4f4,PKHeX.Core/Resources/text/other/ja/text_Species_ja.txt,PKHeX.Core/Resources/text/other/ko/text_Species_ko.txt,PKHeX.Core/Resources/text/other/en/text_Species_en.txt
790,コスモウム,코스모움,Cosmoem,kwsch/PKHeX,8ad201e80244f630ab5a46922ab72fb79c5ad4f4,PKHeX.Core/Resources/text/other/ja/text_Species_ja.txt,PKHeX.Core/Resources/text/other/ko/text_Species_ko.txt,PKHeX.Core/Resources/text/other/en/text_Species_en.txt
791,ソルガレオ,솔가레오,Solgaleo,kwsch/PKHeX,8ad201e80244f630ab5a46922ab72fb79c5ad4f4,PKHeX.Core/Resources/text/other/ja/text_Species_ja.txt,PKHeX.Core/Resources/text/other/ko/text_Species_ko.txt,PKHeX.Core/Resources/text/other/en/text_Species_en.txt
792,ルナアーラ,루나아라,Lunala,kwsch/PKHeX,8ad201e80244f630ab5a46922ab72fb79c5ad4f4,PKHeX.Core/Resources/text/other/ja/text_Species_ja.txt,PKHeX.Core/Resources/text/other/ko/text_Species_ko.txt,PKHeX.Core/Resources/text/other/en/text_Species_en.txt
793,ウツロイド,텅비드,Nihilego,kwsch/PKHeX,8ad201e80244f630ab5a46922ab72fb79c5ad4f4,PKHeX.Core/Resources/text/other/ja/text_Species_ja.txt,PKHeX.Core/Resources/text/other/ko/text_Species_ko.txt,PKHeX.Core/Resources/text/other/en/text_Species_en.txt
794,マッシブーン,매시붕,Buzzwole,kwsch/PKHeX,8ad201e80244f630ab5a46922ab72fb79c5ad4f4,PKHeX.Core/Resources/text/other/ja/text_Species_ja.txt,PKHeX.Core/Resources/text/other/ko/text_Species_ko.txt,PKHeX.Core/Resources/text/other/en/text_Species_en.txt
795,フェローチェ,페로코체,Pheromosa,kwsch/PKHeX,8ad201e80244f630ab5a46922ab72fb79c5ad4f4,PKHeX.Core/Resources/text/other/ja/text_Species_ja.txt,PKHeX.Core/Resources/text/other/ko/text_Species_ko.txt,PKHeX.Core/Resources/text/other/en/text_Species_en.txt
796,デンジュモク,전수목,Xurkitree,kwsch/PKHeX,8ad201e80244f630ab5a46922ab72fb79c5ad4f4,PKHeX.Core/Resources/text/other/ja/text_Species_ja.txt,PKHeX.Core/Resources/text/other/ko/text_Species_ko.txt,PKHeX.Core/Resources/text/other/en/text_Species_en.txt
797,テッカグヤ,철화구야,Celesteela,kwsch/PKHeX,8ad201e80244f630ab5a46922ab72fb79c5ad4f4,PKHeX.Core/Resources/text/other/ja/text_Species_ja.txt,PKHeX.Core/Resources/text/other/ko/text_Species_ko.txt,PKHeX.Core/Resources/text/other/en/text_Species_en.txt
798,カミツルギ,종이신도,Kartana,kwsch/PKHeX,8ad201e80244f630ab5a46922ab72fb79c5ad4f4,PKHeX.Core/Resources/text/other/ja/text_Species_ja.txt,PKHeX.Core/Resources/text/other/ko/text_Species_ko.txt,PKHeX.Core/Resources/text/other/en/text_Species_en.txt
799,アクジキング,악식킹,Guzzlord,kwsch/PKHeX,8ad201e80244f630ab5a46922ab72fb79c5ad4f4,PKHeX.Core/Resources/text/other/ja/text_Species_ja.txt,PKHeX.Core/Resources/text/other/ko/text_Species_ko.txt,PKHeX.Core/Resources/text/other/en/text_Species_en.txt
800,ネクロズマ,네크로즈마,Necrozma,kwsch/PKHeX,8ad201e80244f630ab5a46922ab72fb79c5ad4f4,PKHeX.Core/Resources/text/other/ja/text_Species_ja.txt,PKHeX.Core/Resources/text/other/ko/text_Species_ko.txt,PKHeX.Core/Resources/text/other/en/text_Species_en.txt
801,マギアナ,마기아나,Magearna,kwsch/PKHeX,8ad201e80244f630ab5a46922ab72fb79c5ad4f4,PKHeX.Core/Resources/text/other/ja/text_Species_ja.txt,PKHeX.Core/Resources/text/other/ko/text_Species_ko.txt,PKHeX.Core/Resources/text/other/en/text_Species_en.txt
802,マーシャドー,마샤도,Marshadow,kwsch/PKHeX,8ad201e80244f630ab5a46922ab72fb79c5ad4f4,PKHeX.Core/Resources/text/other/ja/text_Species_ja.txt,PKHeX.Core/Resources/text/other/ko/text_Species_ko.txt,PKHeX.Core/Resources/text/other/en/text_Species_en.txt
803,ベベノム,베베놈,Poipole,kwsch/PKHeX,8ad201e80244f630ab5a46922ab72fb79c5ad4f4,PKHeX.Core/Resources/text/other/ja/text_Species_ja.txt,PKHeX.Core/Resources/text/other/ko/text_Species_ko.txt,PKHeX.Core/Resources/text/other/en/text_Species_en.txt
804,アーゴヨン,아고용,Naganadel,kwsch/PKHeX,8ad201e80244f630ab5a46922ab72fb79c5ad4f4,PKHeX.Core/Resources/text/other/ja/text_Species_ja.txt,PKHeX.Core/Resources/text/other/ko/text_Species_ko.txt,PKHeX.Core/Resources/text/other/en/text_Species_en.txt
805,ツンデツンデ,차곡차곡,Stakataka,kwsch/PKHeX,8ad201e80244f630ab5a46922ab72fb79c5ad4f4,PKHeX.Core/Resources/text/other/ja/text_Species_ja.txt,PKHeX.Core/Resources/text/other/ko/text_Species_ko.txt,PKHeX.Core/Resources/text/other/en/text_Species_en.txt
806,ズガドーン,두파팡,Blacephalon,kwsch/PKHeX,8ad201e80244f630ab5a46922ab72fb79c5ad4f4,PKHeX.Core/Resources/text/other/ja/text_Species_ja.txt,PKHeX.Core/Resources/text/other/ko/text_Species_ko.txt,PKHeX.Core/Resources/text/other/en/text_Species_en.txt
807,ゼラオラ,제라오라,Zeraora,kwsch/PKHeX,8ad201e80244f630ab5a46922ab72fb79c5ad4f4,PKHeX.Core/Resources/text/other/ja/text_Species_ja.txt,PKHeX.Core/Resources/text/other/ko/text_Species_ko.txt,PKHeX.Core/Resources/text/other/en/text_Species_en.txt
808,メルタン,멜탄,Meltan,kwsch/PKHeX,8ad201e80244f630ab5a46922ab72fb79c5ad4f4,PKHeX.Core/Resources/text/other/ja/text_Species_ja.txt,PKHeX.Core/Resources/text/other/ko/text_Species_ko.txt,PKHeX.Core/Resources/text/other/en/text_Species_en.txt
809,メルメタル,멜메탈,Melmetal,kwsch/PKHeX,8ad201e80244f630ab5a46922ab72fb79c5ad4f4,PKHeX.Core/Resources/text/other/ja/text_Species_ja.txt,PKHeX.Core/Resources/text/other/ko/text_Species_ko.txt,PKHeX.Core/Resources/text/other/en/text_Species_en.txt
810,サルノリ,흥나숭,Grookey,kwsch/PKHeX,8ad201e80244f630ab5a46922ab72fb79c5ad4f4,PKHeX.Core/Resources/text/other/ja/text_Species_ja.txt,PKHeX.Core/Resources/text/other/ko/text_Species_ko.txt,PKHeX.Core/Resources/text/other/en/text_Species_en.txt
811,バチンキー,채키몽,Thwackey,kwsch/PKHeX,8ad201e80244f630ab5a46922ab72fb79c5ad4f4,PKHeX.Core/Resources/text/other/ja/text_Species_ja.txt,PKHeX.Core/Resources/text/other/ko/text_Species_ko.txt,PKHeX.Core/Resources/text/other/en/text_Species_en.txt
812,ゴリランダー,고릴타,Rillaboom,kwsch/PKHeX,8ad201e80244f630ab5a46922ab72fb79c5ad4f4,PKHeX.Core/Resources/text/other/ja/text_Species_ja.txt,PKHeX.Core/Resources/text/other/ko/text_Species_ko.txt,PKHeX.Core/Resources/text/other/en/text_Species_en.txt
813,ヒバニー,염버니,Scorbunny,kwsch/PKHeX,8ad201e80244f630ab5a46922ab72fb79c5ad4f4,PKHeX.Core/Resources/text/other/ja/text_Species_ja.txt,PKHeX.Core/Resources/text/other/ko/text_Species_ko.txt,PKHeX.Core/Resources/text/other/en/text_Species_en.txt
814,ラビフット,래비풋,Raboot,kwsch/PKHeX,8ad201e80244f630ab5a46922ab72fb79c5ad4f4,PKHeX.Core/Resources/text/other/ja/text_Species_ja.txt,PKHeX.Core/Resources/text/other/ko/text_Species_ko.txt,PKHeX.Core/Resources/text/other/en/text_Species_en.txt
815,エースバーン,에이스번,Cinderace,kwsch/PKHeX,8ad201e80244f630ab5a46922ab72fb79c5ad4f4,PKHeX.Core/Resources/text/other/ja/text_Species_ja.txt,PKHeX.Core/Resources/text/other/ko/text_Species_ko.txt,PKHeX.Core/Resources/text/other/en/text_Species_en.txt
816,メッソン,울머기,Sobble,kwsch/PKHeX,8ad201e80244f630ab5a46922ab72fb79c5ad4f4,PKHeX.Core/Resources/text/other/ja/text_Species_ja.txt,PKHeX.Core/Resources/text/other/ko/text_Species_ko.txt,PKHeX.Core/Resources/text/other/en/text_Species_en.txt
817,ジメレオン,누겔레온,Drizzile,kwsch/PKHeX,8ad201e80244f630ab5a46922ab72fb79c5ad4f4,PKHeX.Core/Resources/text/other/ja/text_Species_ja.txt,PKHeX.Core/Resources/text/other/ko/text_Species_ko.txt,PKHeX.Core/Resources/text/other/en/text_Species_en.txt
818,インテレオン,인텔리레온,Inteleon,kwsch/PKHeX,8ad201e80244f630ab5a46922ab72fb79c5ad4f4,PKHeX.Core/Resources/text/other/ja/text_Species_ja.txt,PKHeX.Core/Resources/text/other/ko/text_Species_ko.txt,PKHeX.Core/Resources/text/other/en/text_Species_en.txt
819,ホシガリス,탐리스,Skwovet,kwsch/PKHeX,8ad201e80244f630ab5a46922ab72fb79c5ad4f4,PKHeX.Core/Resources/text/other/ja/text_Species_ja.txt,PKHeX.Core/Resources/text/other/ko/text_Species_ko.txt,PKHeX.Core/Resources/text/other/en/text_Species_en.txt
820,ヨクバリス,요씽리스,Greedent,kwsch/PKHeX,8ad201e80244f630ab5a46922ab72fb79c5ad4f4,PKHeX.Core/Resources/text/other/ja/text_Species_ja.txt,PKHeX.Core/Resources/text/other/ko/text_Species_ko.txt,PKHeX.Core/Resources/text/other/en/text_Species_en.txt
821,ココガラ,파라꼬,Rookidee,kwsch/PKHeX,8ad201e80244f630ab5a46922ab72fb79c5ad4f4,PKHeX.Core/Resources/text/other/ja/text_Species_ja.txt,PKHeX.Core/Resources/text/other/ko/text_Species_ko.txt,PKHeX.Core/Resources/text/other/en/text_Species_en.txt
822,アオガラス,파크로우,Corvisquire,kwsch/PKHeX,8ad201e80244f630ab5a46922ab72fb79c5ad4f4,PKHeX.Core/Resources/text/other/ja/text_Species_ja.txt,PKHeX.Core/Resources/text/other/ko/text_Species_ko.txt,PKHeX.Core/Resources/text/other/en/text_Species_en.txt
823,アーマーガア,아머까오,Corviknight,kwsch/PKHeX,8ad201e80244f630ab5a46922ab72fb79c5ad4f4,PKHeX.Core/Resources/text/other/ja/text_Species_ja.txt,PKHeX.Core/Resources/text/other/ko/text_Species_ko.txt,PKHeX.Core/Resources/text/other/en/text_Species_en.txt
824,サッチムシ,두루지벌레,Blipbug,kwsch/PKHeX,8ad201e80244f630ab5a46922ab72fb79c5ad4f4,PKHeX.Core/Resources/text/other/ja/text_Species_ja.txt,PKHeX.Core/Resources/text/other/ko/text_Species_ko.txt,PKHeX.Core/Resources/text/other/en/text_Species_en.txt
825,レドームシ,레돔벌레,Dottler,kwsch/PKHeX,8ad201e80244f630ab5a46922ab72fb79c5ad4f4,PKHeX.Core/Resources/text/other/ja/text_Species_ja.txt,PKHeX.Core/Resources/text/other/ko/text_Species_ko.txt,PKHeX.Core/Resources/text/other/en/text_Species_en.txt
826,イオルブ,이올브,Orbeetle,kwsch/PKHeX,8ad201e80244f630ab5a46922ab72fb79c5ad4f4,PKHeX.Core/Resources/text/other/ja/text_Species_ja.txt,PKHeX.Core/Resources/text/other/ko/text_Species_ko.txt,PKHeX.Core/Resources/text/other/en/text_Species_en.txt
827,クスネ,훔처우,Nickit,kwsch/PKHeX,8ad201e80244f630ab5a46922ab72fb79c5ad4f4,PKHeX.Core/Resources/text/other/ja/text_Species_ja.txt,PKHeX.Core/Resources/text/other/ko/text_Species_ko.txt,PKHeX.Core/Resources/text/other/en/text_Species_en.txt
828,フォクスライ,폭슬라이,Thievul,kwsch/PKHeX,8ad201e80244f630ab5a46922ab72fb79c5ad4f4,PKHeX.Core/Resources/text/other/ja/text_Species_ja.txt,PKHeX.Core/Resources/text/other/ko/text_Species_ko.txt,PKHeX.Core/Resources/text/other/en/text_Species_en.txt
829,ヒメンカ,꼬모카,Gossifleur,kwsch/PKHeX,8ad201e80244f630ab5a46922ab72fb79c5ad4f4,PKHeX.Core/Resources/text/other/ja/text_Species_ja.txt,PKHeX.Core/Resources/text/other/ko/text_Species_ko.txt,PKHeX.Core/Resources/text/other/en/text_Species_en.txt
830,ワタシラガ,백솜모카,Eldegoss,kwsch/PKHeX,8ad201e80244f630ab5a46922ab72fb79c5ad4f4,PKHeX.Core/Resources/text/other/ja/text_Species_ja.txt,PKHeX.Core/Resources/text/other/ko/text_Species_ko.txt,PKHeX.Core/Resources/text/other/en/text_Species_en.txt
831,ウールー,우르,Wooloo,kwsch/PKHeX,8ad201e80244f630ab5a46922ab72fb79c5ad4f4,PKHeX.Core/Resources/text/other/ja/text_Species_ja.txt,PKHeX.Core/Resources/text/other/ko/text_Species_ko.txt,PKHeX.Core/Resources/text/other/en/text_Species_en.txt
832,バイウールー,배우르,Dubwool,kwsch/PKHeX,8ad201e80244f630ab5a46922ab72fb79c5ad4f4,PKHeX.Core/Resources/text/other/ja/text_Species_ja.txt,PKHeX.Core/Resources/text/other/ko/text_Species_ko.txt,PKHeX.Core/Resources/text/other/en/text_Species_en.txt
833,カムカメ,깨물부기,Chewtle,kwsch/PKHeX,8ad201e80244f630ab5a46922ab72fb79c5ad4f4,PKHeX.Core/Resources/text/other/ja/text_Species_ja.txt,PKHeX.Core/Resources/text/other/ko/text_Species_ko.txt,PKHeX.Core/Resources/text/other/en/text_Species_en.txt
834,カジリガメ,갈가부기,Drednaw,kwsch/PKHeX,8ad201e80244f630ab5a46922ab72fb79c5ad4f4,PKHeX.Core/Resources/text/other/ja/text_Species_ja.txt,PKHeX.Core/Resources/text/other/ko/text_Species_ko.txt,PKHeX.Core/Resources/text/other/en/text_Species_en.txt
835,ワンパチ,멍파치,Yamper,kwsch/PKHeX,8ad201e80244f630ab5a46922ab72fb79c5ad4f4,PKHeX.Core/Resources/text/other/ja/text_Species_ja.txt,PKHeX.Core/Resources/text/other/ko/text_Species_ko.txt,PKHeX.Core/Resources/text/other/en/text_Species_en.txt
836,パルスワン,펄스멍,Boltund,kwsch/PKHeX,8ad201e80244f630ab5a46922ab72fb79c5ad4f4,PKHeX.Core/Resources/text/other/ja/text_Species_ja.txt,PKHeX.Core/Resources/text/other/ko/text_Species_ko.txt,PKHeX.Core/Resources/text/other/en/text_Species_en.txt
837,タンドン,탄동,Rolycoly,kwsch/PKHeX,8ad201e80244f630ab5a46922ab72fb79c5ad4f4,PKHeX.Core/Resources/text/other/ja/text_Species_ja.txt,PKHeX.Core/Resources/text/other/ko/text_Species_ko.txt,PKHeX.Core/Resources/text/other/en/text_Species_en.txt
838,トロッゴン,탄차곤,Carkol,kwsch/PKHeX,8ad201e80244f630ab5a46922ab72fb79c5ad4f4,PKHeX.Core/Resources/text/other/ja/text_Species_ja.txt,PKHeX.Core/Resources/text/other/ko/text_Species_ko.txt,PKHeX.Core/Resources/text/other/en/text_Species_en.txt
839,セキタンザン,석탄산,Coalossal,kwsch/PKHeX,8ad201e80244f630ab5a46922ab72fb79c5ad4f4,PKHeX.Core/Resources/text/other/ja/text_Species_ja.txt,PKHeX.Core/Resources/text/other/ko/text_Species_ko.txt,PKHeX.Core/Resources/text/other/en/text_Species_en.txt
840,カジッチュ,과사삭벌레,Applin,kwsch/PKHeX,8ad201e80244f630ab5a46922ab72fb79c5ad4f4,PKHeX.Core/Resources/text/other/ja/text_Species_ja.txt,PKHeX.Core/Resources/text/other/ko/text_Species_ko.txt,PKHeX.Core/Resources/text/other/en/text_Species_en.txt
841,アップリュー,애프룡,Flapple,kwsch/PKHeX,8ad201e80244f630ab5a46922ab72fb79c5ad4f4,PKHeX.Core/Resources/text/other/ja/text_Species_ja.txt,PKHeX.Core/Resources/text/other/ko/text_Species_ko.txt,PKHeX.Core/Resources/text/other/en/text_Species_en.txt
842,タルップル,단지래플,Appletun,kwsch/PKHeX,8ad201e80244f630ab5a46922ab72fb79c5ad4f4,PKHeX.Core/Resources/text/other/ja/text_Species_ja.txt,PKHeX.Core/Resources/text/other/ko/text_Species_ko.txt,PKHeX.Core/Resources/text/other/en/text_Species_en.txt
843,スナヘビ,모래뱀,Silicobra,kwsch/PKHeX,8ad201e80244f630ab5a46922ab72fb79c5ad4f4,PKHeX.Core/Resources/text/other/ja/text_Species_ja.txt,PKHeX.Core/Resources/text/other/ko/text_Species_ko.txt,PKHeX.Core/Resources/text/other/en/text_Species_en.txt
844,サダイジャ,사다이사,Sandaconda,kwsch/PKHeX,8ad201e80244f630ab5a46922ab72fb79c5ad4f4,PKHeX.Core/Resources/text/other/ja/text_Species_ja.txt,PKHeX.Core/Resources/text/other/ko/text_Species_ko.txt,PKHeX.Core/Resources/text/other/en/text_Species_en.txt
845,ウッウ,윽우지,Cramorant,kwsch/PKHeX,8ad201e80244f630ab5a46922ab72fb79c5ad4f4,PKHeX.Core/Resources/text/other/ja/text_Species_ja.txt,PKHeX.Core/Resources/text/other/ko/text_Species_ko.txt,PKHeX.Core/Resources/text/other/en/text_Species_en.txt
846,サシカマス,찌로꼬치,Arrokuda,kwsch/PKHeX,8ad201e80244f630ab5a46922ab72fb79c5ad4f4,PKHeX.Core/Resources/text/other/ja/text_Species_ja.txt,PKHeX.Core/Resources/text/other/ko/text_Species_ko.txt,PKHeX.Core/Resources/text/other/en/text_Species_en.txt
847,カマスジョー,꼬치조,Barraskewda,kwsch/PKHeX,8ad201e80244f630ab5a46922ab72fb79c5ad4f4,PKHeX.Core/Resources/text/other/ja/text_Species_ja.txt,PKHeX.Core/Resources/text/other/ko/text_Species_ko.txt,PKHeX.Core/Resources/text/other/en/text_Species_en.txt
848,エレズン,일레즌,Toxel,kwsch/PKHeX,8ad201e80244f630ab5a46922ab72fb79c5ad4f4,PKHeX.Core/Resources/text/other/ja/text_Species_ja.txt,PKHeX.Core/Resources/text/other/ko/text_Species_ko.txt,PKHeX.Core/Resources/text/other/en/text_Species_en.txt
849,ストリンダー,스트린더,Toxtricity,kwsch/PKHeX,8ad201e80244f630ab5a46922ab72fb79c5ad4f4,PKHeX.Core/Resources/text/other/ja/text_Species_ja.txt,PKHeX.Core/Resources/text/other/ko/text_Species_ko.txt,PKHeX.Core/Resources/text/other/en/text_Species_en.txt
850,ヤクデ,태우지네,Sizzlipede,kwsch/PKHeX,8ad201e80244f630ab5a46922ab72fb79c5ad4f4,PKHeX.Core/Resources/text/other/ja/text_Species_ja.txt,PKHeX.Core/Resources/text/other/ko/text_Species_ko.txt,PKHeX.Core/Resources/text/other/en/text_Species_en.txt
851,マルヤクデ,다태우지네,Centiskorch,kwsch/PKHeX,8ad201e80244f630ab5a46922ab72fb79c5ad4f4,PKHeX.Core/Resources/text/other/ja/text_Species_ja.txt,PKHeX.Core/Resources/text/other/ko/text_Species_ko.txt,PKHeX.Core/Resources/text/other/en/text_Species_en.txt
852,タタッコ,때때무노,Clobbopus,kwsch/PKHeX,8ad201e80244f630ab5a46922ab72fb79c5ad4f4,PKHeX.Core/Resources/text/other/ja/text_Species_ja.txt,PKHeX.Core/Resources/text/other/ko/text_Species_ko.txt,PKHeX.Core/Resources/text/other/en/text_Species_en.txt
853,オトスパス,케오퍼스,Grapploct,kwsch/PKHeX,8ad201e80244f630ab5a46922ab72fb79c5ad4f4,PKHeX.Core/Resources/text/other/ja/text_Species_ja.txt,PKHeX.Core/Resources/text/other/ko/text_Species_ko.txt,PKHeX.Core/Resources/text/other/en/text_Species_en.txt
854,ヤバチャ,데인차,Sinistea,kwsch/PKHeX,8ad201e80244f630ab5a46922ab72fb79c5ad4f4,PKHeX.Core/Resources/text/other/ja/text_Species_ja.txt,PKHeX.Core/Resources/text/other/ko/text_Species_ko.txt,PKHeX.Core/Resources/text/other/en/text_Species_en.txt
855,ポットデス,포트데스,Polteageist,kwsch/PKHeX,8ad201e80244f630ab5a46922ab72fb79c5ad4f4,PKHeX.Core/Resources/text/other/ja/text_Species_ja.txt,PKHeX.Core/Resources/text/other/ko/text_Species_ko.txt,PKHeX.Core/Resources/text/other/en/text_Species_en.txt
856,ミブリム,몸지브림,Hatenna,kwsch/PKHeX,8ad201e80244f630ab5a46922ab72fb79c5ad4f4,PKHeX.Core/Resources/text/other/ja/text_Species_ja.txt,PKHeX.Core/Resources/text/other/ko/text_Species_ko.txt,PKHeX.Core/Resources/text/other/en/text_Species_en.txt
857,テブリム,손지브림,Hattrem,kwsch/PKHeX,8ad201e80244f630ab5a46922ab72fb79c5ad4f4,PKHeX.Core/Resources/text/other/ja/text_Species_ja.txt,PKHeX.Core/Resources/text/other/ko/text_Species_ko.txt,PKHeX.Core/Resources/text/other/en/text_Species_en.txt
858,ブリムオン,브리무음,Hatterene,kwsch/PKHeX,8ad201e80244f630ab5a46922ab72fb79c5ad4f4,PKHeX.Core/Resources/text/other/ja/text_Species_ja.txt,PKHeX.Core/Resources/text/other/ko/text_Species_ko.txt,PKHeX.Core/Resources/text/other/en/text_Species_en.txt
859,ベロバー,메롱꿍,Impidimp,kwsch/PKHeX,8ad201e80244f630ab5a46922ab72fb79c5ad4f4,PKHeX.Core/Resources/text/other/ja/text_Species_ja.txt,PKHeX.Core/Resources/text/other/ko/text_Species_ko.txt,PKHeX.Core/Resources/text/other/en/text_Species_en.txt
860,ギモー,쏘겨모,Morgrem,kwsch/PKHeX,8ad201e80244f630ab5a46922ab72fb79c5ad4f4,PKHeX.Core/Resources/text/other/ja/text_Species_ja.txt,PKHeX.Core/Resources/text/other/ko/text_Species_ko.txt,PKHeX.Core/Resources/text/other/en/text_Species_en.txt
861,オーロンゲ,오롱털,Grimmsnarl,kwsch/PKHeX,8ad201e80244f630ab5a46922ab72fb79c5ad4f4,PKHeX.Core/Resources/text/other/ja/text_Species_ja.txt,PKHeX.Core/Resources/text/other/ko/text_Species_ko.txt,PKHeX.Core/Resources/text/other/en/text_Species_en.txt
862,タチフサグマ,가로막구리,Obstagoon,kwsch/PKHeX,8ad201e80244f630ab5a46922ab72fb79c5ad4f4,PKHeX.Core/Resources/text/other/ja/text_Species_ja.txt,PKHeX.Core/Resources/text/other/ko/text_Species_ko.txt,PKHeX.Core/Resources/text/other/en/text_Species_en.txt
863,ニャイキング,나이킹,Perrserker,kwsch/PKHeX,8ad201e80244f630ab5a46922ab72fb79c5ad4f4,PKHeX.Core/Resources/text/other/ja/text_Species_ja.txt,PKHeX.Core/Resources/text/other/ko/text_Species_ko.txt,PKHeX.Core/Resources/text/other/en/text_Species_en.txt
864,サニゴーン,산호르곤,Cursola,kwsch/PKHeX,8ad201e80244f630ab5a46922ab72fb79c5ad4f4,PKHeX.Core/Resources/text/other/ja/text_Species_ja.txt,PKHeX.Core/Resources/text/other/ko/text_Species_ko.txt,PKHeX.Core/Resources/text/other/en/text_Species_en.txt
865,ネギガナイト,창파나이트,Sirfetch’d,kwsch/PKHeX,8ad201e80244f630ab5a46922ab72fb79c5ad4f4,PKHeX.Core/Resources/text/other/ja/text_Species_ja.txt,PKHeX.Core/Resources/text/other/ko/text_Species_ko.txt,PKHeX.Core/Resources/text/other/en/text_Species_en.txt
866,バリコオル,마임꽁꽁,Mr. Rime,kwsch/PKHeX,8ad201e80244f630ab5a46922ab72fb79c5ad4f4,PKHeX.Core/Resources/text/other/ja/text_Species_ja.txt,PKHeX.Core/Resources/text/other/ko/text_Species_ko.txt,PKHeX.Core/Resources/text/other/en/text_Species_en.txt
867,デスバーン,데스판,Runerigus,kwsch/PKHeX,8ad201e80244f630ab5a46922ab72fb79c5ad4f4,PKHeX.Core/Resources/text/other/ja/text_Species_ja.txt,PKHeX.Core/Resources/text/other/ko/text_Species_ko.txt,PKHeX.Core/Resources/text/other/en/text_Species_en.txt
868,マホミル,마빌크,Milcery,kwsch/PKHeX,8ad201e80244f630ab5a46922ab72fb79c5ad4f4,PKHeX.Core/Resources/text/other/ja/text_Species_ja.txt,PKHeX.Core/Resources/text/other/ko/text_Species_ko.txt,PKHeX.Core/Resources/text/other/en/text_Species_en.txt
869,マホイップ,마휘핑,Alcremie,kwsch/PKHeX,8ad201e80244f630ab5a46922ab72fb79c5ad4f4,PKHeX.Core/Resources/text/other/ja/text_Species_ja.txt,PKHeX.Core/Resources/text/other/ko/text_Species_ko.txt,PKHeX.Core/Resources/text/other/en/text_Species_en.txt
870,タイレーツ,대여르,Falinks,kwsch/PKHeX,8ad201e80244f630ab5a46922ab72fb79c5ad4f4,PKHeX.Core/Resources/text/other/ja/text_Species_ja.txt,PKHeX.Core/Resources/text/other/ko/text_Species_ko.txt,PKHeX.Core/Resources/text/other/en/text_Species_en.txt
871,バチンウニ,찌르성게,Pincurchin,kwsch/PKHeX,8ad201e80244f630ab5a46922ab72fb79c5ad4f4,PKHeX.Core/Resources/text/other/ja/text_Species_ja.txt,PKHeX.Core/Resources/text/other/ko/text_Species_ko.txt,PKHeX.Core/Resources/text/other/en/text_Species_en.txt
872,ユキハミ,누니머기,Snom,kwsch/PKHeX,8ad201e80244f630ab5a46922ab72fb79c5ad4f4,PKHeX.Core/Resources/text/other/ja/text_Species_ja.txt,PKHeX.Core/Resources/text/other/ko/text_Species_ko.txt,PKHeX.Core/Resources/text/other/en/text_Species_en.txt
873,モスノウ,모스노우,Frosmoth,kwsch/PKHeX,8ad201e80244f630ab5a46922ab72fb79c5ad4f4,PKHeX.Core/Resources/text/other/ja/text_Species_ja.txt,PKHeX.Core/Resources/text/other/ko/text_Species_ko.txt,PKHeX.Core/Resources/text/other/en/text_Species_en.txt
874,イシヘンジン,돌헨진,Stonjourner,kwsch/PKHeX,8ad201e80244f630ab5a46922ab72fb79c5ad4f4,PKHeX.Core/Resources/text/other/ja/text_Species_ja.txt,PKHeX.Core/Resources/text/other/ko/text_Species_ko.txt,PKHeX.Core/Resources/text/other/en/text_Species_en.txt
875,コオリッポ,빙큐보,Eiscue,kwsch/PKHeX,8ad201e80244f630ab5a46922ab72fb79c5ad4f4,PKHeX.Core/Resources/text/other/ja/text_Species_ja.txt,PKHeX.Core/Resources/text/other/ko/text_Species_ko.txt,PKHeX.Core/Resources/text/other/en/text_Species_en.txt
876,イエッサン,에써르,Indeedee,kwsch/PKHeX,8ad201e80244f630ab5a46922ab72fb79c5ad4f4,PKHeX.Core/Resources/text/other/ja/text_Species_ja.txt,PKHeX.Core/Resources/text/other/ko/text_Species_ko.txt,PKHeX.Core/Resources/text/other/en/text_Species_en.txt
877,モルペコ,모르페코,Morpeko,kwsch/PKHeX,8ad201e80244f630ab5a46922ab72fb79c5ad4f4,PKHeX.Core/Resources/text/other/ja/text_Species_ja.txt,PKHeX.Core/Resources/text/other/ko/text_Species_ko.txt,PKHeX.Core/Resources/text/other/en/text_Species_en.txt
878,ゾウドウ,끼리동,Cufant,kwsch/PKHeX,8ad201e80244f630ab5a46922ab72fb79c5ad4f4,PKHeX.Core/Resources/text/other/ja/text_Species_ja.txt,PKHeX.Core/Resources/text/other/ko/text_Species_ko.txt,PKHeX.Core/Resources/text/other/en/text_Species_en.txt
879,ダイオウドウ,대왕끼리동,Copperajah,kwsch/PKHeX,8ad201e80244f630ab5a46922ab72fb79c5ad4f4,PKHeX.Core/Resources/text/other/ja/text_Species_ja.txt,PKHeX.Core/Resources/text/other/ko/text_Species_ko.txt,PKHeX.Core/Resources/text/other/en/text_Species_en.txt
880,パッチラゴン,파치래곤,Dracozolt,kwsch/PKHeX,8ad201e80244f630ab5a46922ab72fb79c5ad4f4,PKHeX.Core/Resources/text/other/ja/text_Species_ja.txt,PKHeX.Core/Resources/text/other/ko/text_Species_ko.txt,PKHeX.Core/Resources/text/other/en/text_Species_en.txt
881,パッチルドン,파치르돈,Arctozolt,kwsch/PKHeX,8ad201e80244f630ab5a46922ab72fb79c5ad4f4,PKHeX.Core/Resources/text/other/ja/text_Species_ja.txt,PKHeX.Core/Resources/text/other/ko/text_Species_ko.txt,PKHeX.Core/Resources/text/other/en/text_Species_en.txt
882,ウオノラゴン,어래곤,Dracovish,kwsch/PKHeX,8ad201e80244f630ab5a46922ab72fb79c5ad4f4,PKHeX.Core/Resources/text/other/ja/text_Species_ja.txt,PKHeX.Core/Resources/text/other/ko/text_Species_ko.txt,PKHeX.Core/Resources/text/other/en/text_Species_en.txt
883,ウオチルドン,어치르돈,Arctovish,kwsch/PKHeX,8ad201e80244f630ab5a46922ab72fb79c5ad4f4,PKHeX.Core/Resources/text/other/ja/text_Species_ja.txt,PKHeX.Core/Resources/text/other/ko/text_Species_ko.txt,PKHeX.Core/Resources/text/other/en/text_Species_en.txt
884,ジュラルドン,두랄루돈,Duraludon,kwsch/PKHeX,8ad201e80244f630ab5a46922ab72fb79c5ad4f4,PKHeX.Core/Resources/text/other/ja/text_Species_ja.txt,PKHeX.Core/Resources/text/other/ko/text_Species_ko.txt,PKHeX.Core/Resources/text/other/en/text_Species_en.txt
885,ドラメシヤ,드라꼰,Dreepy,kwsch/PKHeX,8ad201e80244f630ab5a46922ab72fb79c5ad4f4,PKHeX.Core/Resources/text/other/ja/text_Species_ja.txt,PKHeX.Core/Resources/text/other/ko/text_Species_ko.txt,PKHeX.Core/Resources/text/other/en/text_Species_en.txt
886,ドロンチ,드래런치,Drakloak,kwsch/PKHeX,8ad201e80244f630ab5a46922ab72fb79c5ad4f4,PKHeX.Core/Resources/text/other/ja/text_Species_ja.txt,PKHeX.Core/Resources/text/other/ko/text_Species_ko.txt,PKHeX.Core/Resources/text/other/en/text_Species_en.txt
887,ドラパルト,드래펄트,Dragapult,kwsch/PKHeX,8ad201e80244f630ab5a46922ab72fb79c5ad4f4,PKHeX.Core/Resources/text/other/ja/text_Species_ja.txt,PKHeX.Core/Resources/text/other/ko/text_Species_ko.txt,PKHeX.Core/Resources/text/other/en/text_Species_en.txt
888,ザシアン,자시안,Zacian,kwsch/PKHeX,8ad201e80244f630ab5a46922ab72fb79c5ad4f4,PKHeX.Core/Resources/text/other/ja/text_Species_ja.txt,PKHeX.Core/Resources/text/other/ko/text_Species_ko.txt,PKHeX.Core/Resources/text/other/en/text_Species_en.txt
889,ザマゼンタ,자마젠타,Zamazenta,kwsch/PKHeX,8ad201e80244f630ab5a46922ab72fb79c5ad4f4,PKHeX.Core/Resources/text/other/ja/text_Species_ja.txt,PKHeX.Core/Resources/text/other/ko/text_Species_ko.txt,PKHeX.Core/Resources/text/other/en/text_Species_en.txt
890,ムゲンダイナ,무한다이노,Eternatus,kwsch/PKHeX,8ad201e80244f630ab5a46922ab72fb79c5ad4f4,PKHeX.Core/Resources/text/other/ja/text_Species_ja.txt,PKHeX.Core/Resources/text/other/ko/text_Species_ko.txt,PKHeX.Core/Resources/text/other/en/text_Species_en.txt
891,ダクマ,치고마,Kubfu,kwsch/PKHeX,8ad201e80244f630ab5a46922ab72fb79c5ad4f4,PKHeX.Core/Resources/text/other/ja/text_Species_ja.txt,PKHeX.Core/Resources/text/other/ko/text_Species_ko.txt,PKHeX.Core/Resources/text/other/en/text_Species_en.txt
892,ウーラオス,우라오스,Urshifu,kwsch/PKHeX,8ad201e80244f630ab5a46922ab72fb79c5ad4f4,PKHeX.Core/Resources/text/other/ja/text_Species_ja.txt,PKHeX.Core/Resources/text/other/ko/text_Species_ko.txt,PKHeX.Core/Resources/text/other/en/text_Species_en.txt
893,ザルード,자루도,Zarude,kwsch/PKHeX,8ad201e80244f630ab5a46922ab72fb79c5ad4f4,PKHeX.Core/Resources/text/other/ja/text_Species_ja.txt,PKHeX.Core/Resources/text/other/ko/text_Species_ko.txt,PKHeX.Core/Resources/text/other/en/text_Species_en.txt
894,レジエレキ,레지에레키,Regieleki,kwsch/PKHeX,8ad201e80244f630ab5a46922ab72fb79c5ad4f4,PKHeX.Core/Resources/text/other/ja/text_Species_ja.txt,PKHeX.Core/Resources/text/other/ko/text_Species_ko.txt,PKHeX.Core/Resources/text/other/en/text_Species_en.txt
895,レジドラゴ,레지드래고,Regidrago,kwsch/PKHeX,8ad201e80244f630ab5a46922ab72fb79c5ad4f4,PKHeX.Core/Resources/text/other/ja/text_Species_ja.txt,PKHeX.Core/Resources/text/other/ko/text_Species_ko.txt,PKHeX.Core/Resources/text/other/en/text_Species_en.txt
896,ブリザポス,블리자포스,Glastrier,kwsch/PKHeX,8ad201e80244f630ab5a46922ab72fb79c5ad4f4,PKHeX.Core/Resources/text/other/ja/text_Species_ja.txt,PKHeX.Core/Resources/text/other/ko/text_Species_ko.txt,PKHeX.Core/Resources/text/other/en/text_Species_en.txt
897,レイスポス,레이스포스,Spectrier,kwsch/PKHeX,8ad201e80244f630ab5a46922ab72fb79c5ad4f4,PKHeX.Core/Resources/text/other/ja/text_Species_ja.txt,PKHeX.Core/Resources/text/other/ko/text_Species_ko.txt,PKHeX.Core/Resources/text/other/en/text_Species_en.txt
898,バドレックス,버드렉스,Calyrex,kwsch/PKHeX,8ad201e80244f630ab5a46922ab72fb79c5ad4f4,PKHeX.Core/Resources/text/other/ja/text_Species_ja.txt,PKHeX.Core/Resources/text/other/ko/text_Species_ko.txt,PKHeX.Core/Resources/text/other/en/text_Species_en.txt
899,アヤシシ,신비록,Wyrdeer,kwsch/PKHeX,8ad201e80244f630ab5a46922ab72fb79c5ad4f4,PKHeX.Core/Resources/text/other/ja/text_Species_ja.txt,PKHeX.Core/Resources/text/other/ko/text_Species_ko.txt,PKHeX.Core/Resources/text/other/en/text_Species_en.txt
900,バサギリ,사마자르,Kleavor,kwsch/PKHeX,8ad201e80244f630ab5a46922ab72fb79c5ad4f4,PKHeX.Core/Resources/text/other/ja/text_Species_ja.txt,PKHeX.Core/Resources/text/other/ko/text_Species_ko.txt,PKHeX.Core/Resources/text/other/en/text_Species_en.txt
901,ガチグマ,다투곰,Ursaluna,kwsch/PKHeX,8ad201e80244f630ab5a46922ab72fb79c5ad4f4,PKHeX.Core/Resources/text/other/ja/text_Species_ja.txt,PKHeX.Core/Resources/text/other/ko/text_Species_ko.txt,PKHeX.Core/Resources/text/other/en/text_Species_en.txt
902,イダイトウ,대쓰여너,Basculegion,kwsch/PKHeX,8ad201e80244f630ab5a46922ab72fb79c5ad4f4,PKHeX.Core/Resources/text/other/ja/text_Species_ja.txt,PKHeX.Core/Resources/text/other/ko/text_Species_ko.txt,PKHeX.Core/Resources/text/other/en/text_Species_en.txt
903,オオニューラ,포푸니크,Sneasler,kwsch/PKHeX,8ad201e80244f630ab5a46922ab72fb79c5ad4f4,PKHeX.Core/Resources/text/other/ja/text_Species_ja.txt,PKHeX.Core/Resources/text/other/ko/text_Species_ko.txt,PKHeX.Core/Resources/text/other/en/text_Species_en.txt
904,ハリーマン,장침바루,Overqwil,kwsch/PKHeX,8ad201e80244f630ab5a46922ab72fb79c5ad4f4,PKHeX.Core/Resources/text/other/ja/text_Species_ja.txt,PKHeX.Core/Resources/text/other/ko/text_Species_ko.txt,PKHeX.Core/Resources/text/other/en/text_Species_en.txt
905,ラブトロス,러브로스,Enamorus,kwsch/PKHeX,8ad201e80244f630ab5a46922ab72fb79c5ad4f4,PKHeX.Core/Resources/text/other/ja/text_Species_ja.txt,PKHeX.Core/Resources/text/other/ko/text_Species_ko.txt,PKHeX.Core/Resources/text/other/en/text_Species_en.txt
906,ニャオハ,나오하,Sprigatito,kwsch/PKHeX,8ad201e80244f630ab5a46922ab72fb79c5ad4f4,PKHeX.Core/Resources/text/other/ja/text_Species_ja.txt,PKHeX.Core/Resources/text/other/ko/text_Species_ko.txt,PKHeX.Core/Resources/text/other/en/text_Species_en.txt
907,ニャローテ,나로테,Floragato,kwsch/PKHeX,8ad201e80244f630ab5a46922ab72fb79c5ad4f4,PKHeX.Core/Resources/text/other/ja/text_Species_ja.txt,PKHeX.Core/Resources/text/other/ko/text_Species_ko.txt,PKHeX.Core/Resources/text/other/en/text_Species_en.txt
908,マスカーニャ,마스카나,Meowscarada,kwsch/PKHeX,8ad201e80244f630ab5a46922ab72fb79c5ad4f4,PKHeX.Core/Resources/text/other/ja/text_Species_ja.txt,PKHeX.Core/Resources/text/other/ko/text_Species_ko.txt,PKHeX.Core/Resources/text/other/en/text_Species_en.txt
909,ホゲータ,뜨아거,Fuecoco,kwsch/PKHeX,8ad201e80244f630ab5a46922ab72fb79c5ad4f4,PKHeX.Core/Resources/text/other/ja/text_Species_ja.txt,PKHeX.Core/Resources/text/other/ko/text_Species_ko.txt,PKHeX.Core/Resources/text/other/en/text_Species_en.txt
910,アチゲータ,악뜨거,Crocalor,kwsch/PKHeX,8ad201e80244f630ab5a46922ab72fb79c5ad4f4,PKHeX.Core/Resources/text/other/ja/text_Species_ja.txt,PKHeX.Core/Resources/text/other/ko/text_Species_ko.txt,PKHeX.Core/Resources/text/other/en/text_Species_en.txt
911,ラウドボーン,라우드본,Skeledirge,kwsch/PKHeX,8ad201e80244f630ab5a46922ab72fb79c5ad4f4,PKHeX.Core/Resources/text/other/ja/text_Species_ja.txt,PKHeX.Core/Resources/text/other/ko/text_Species_ko.txt,PKHeX.Core/Resources/text/other/en/text_Species_en.txt
912,クワッス,꾸왁스,Quaxly,kwsch/PKHeX,8ad201e80244f630ab5a46922ab72fb79c5ad4f4,PKHeX.Core/Resources/text/other/ja/text_Species_ja.txt,PKHeX.Core/Resources/text/other/ko/text_Species_ko.txt,PKHeX.Core/Resources/text/other/en/text_Species_en.txt
913,ウェルカモ,아꾸왁,Quaxwell,kwsch/PKHeX,8ad201e80244f630ab5a46922ab72fb79c5ad4f4,PKHeX.Core/Resources/text/other/ja/text_Species_ja.txt,PKHeX.Core/Resources/text/other/ko/text_Species_ko.txt,PKHeX.Core/Resources/text/other/en/text_Species_en.txt
914,ウェーニバル,웨이니발,Quaquaval,kwsch/PKHeX,8ad201e80244f630ab5a46922ab72fb79c5ad4f4,PKHeX.Core/Resources/text/other/ja/text_Species_ja.txt,PKHeX.Core/Resources/text/other/ko/text_Species_ko.txt,PKHeX.Core/Resources/text/other/en/text_Species_en.txt
915,グルトン,맛보돈,Lechonk,kwsch/PKHeX,8ad201e80244f630ab5a46922ab72fb79c5ad4f4,PKHeX.Core/Resources/text/other/ja/text_Species_ja.txt,PKHeX.Core/Resources/text/other/ko/text_Species_ko.txt,PKHeX.Core/Resources/text/other/en/text_Species_en.txt
916,パフュートン,퍼퓨돈,Oinkologne,kwsch/PKHeX,8ad201e80244f630ab5a46922ab72fb79c5ad4f4,PKHeX.Core/Resources/text/other/ja/text_Species_ja.txt,PKHeX.Core/Resources/text/other/ko/text_Species_ko.txt,PKHeX.Core/Resources/text/other/en/text_Species_en.txt
917,タマンチュラ,타랜툴라,Tarountula,kwsch/PKHeX,8ad201e80244f630ab5a46922ab72fb79c5ad4f4,PKHeX.Core/Resources/text/other/ja/text_Species_ja.txt,PKHeX.Core/Resources/text/other/ko/text_Species_ko.txt,PKHeX.Core/Resources/text/other/en/text_Species_en.txt
918,ワナイダー,트래피더,Spidops,kwsch/PKHeX,8ad201e80244f630ab5a46922ab72fb79c5ad4f4,PKHeX.Core/Resources/text/other/ja/text_Species_ja.txt,PKHeX.Core/Resources/text/other/ko/text_Species_ko.txt,PKHeX.Core/Resources/text/other/en/text_Species_en.txt
919,マメバッタ,콩알뚜기,Nymble,kwsch/PKHeX,8ad201e80244f630ab5a46922ab72fb79c5ad4f4,PKHeX.Core/Resources/text/other/ja/text_Species_ja.txt,PKHeX.Core/Resources/text/other/ko/text_Species_ko.txt,PKHeX.Core/Resources/text/other/en/text_Species_en.txt
920,エクスレッグ,엑스레그,Lokix,kwsch/PKHeX,8ad201e80244f630ab5a46922ab72fb79c5ad4f4,PKHeX.Core/Resources/text/other/ja/text_Species_ja.txt,PKHeX.Core/Resources/text/other/ko/text_Species_ko.txt,PKHeX.Core/Resources/text/other/en/text_Species_en.txt
921,パモ,빠모,Pawmi,kwsch/PKHeX,8ad201e80244f630ab5a46922ab72fb79c5ad4f4,PKHeX.Core/Resources/text/other/ja/text_Species_ja.txt,PKHeX.Core/Resources/text/other/ko/text_Species_ko.txt,PKHeX.Core/Resources/text/other/en/text_Species_en.txt
922,パモット,빠모트,Pawmo,kwsch/PKHeX,8ad201e80244f630ab5a46922ab72fb79c5ad4f4,PKHeX.Core/Resources/text/other/ja/text_Species_ja.txt,PKHeX.Core/Resources/text/other/ko/text_Species_ko.txt,PKHeX.Core/Resources/text/other/en/text_Species_en.txt
923,パーモット,빠르모트,Pawmot,kwsch/PKHeX,8ad201e80244f630ab5a46922ab72fb79c5ad4f4,PKHeX.Core/Resources/text/other/ja/text_Species_ja.txt,PKHeX.Core/Resources/text/other/ko/text_Species_ko.txt,PKHeX.Core/Resources/text/other/en/text_Species_en.txt
924,ワッカネズミ,두리쥐,Tandemaus,kwsch/PKHeX,8ad201e80244f630ab5a46922ab72fb79c5ad4f4,PKHeX.Core/Resources/text/other/ja/text_Species_ja.txt,PKHeX.Core/Resources/text/other/ko/text_Species_ko.txt,PKHeX.Core/Resources/text/other/en/text_Species_en.txt
925,イッカネズミ,파밀리쥐,Maushold,kwsch/PKHeX,8ad201e80244f630ab5a46922ab72fb79c5ad4f4,PKHeX.Core/Resources/text/other/ja/text_Species_ja.txt,PKHeX.Core/Resources/text/other/ko/text_Species_ko.txt,PKHeX.Core/Resources/text/other/en/text_Species_en.txt
926,パピモッチ,쫀도기,Fidough,kwsch/PKHeX,8ad201e80244f630ab5a46922ab72fb79c5ad4f4,PKHeX.Core/Resources/text/other/ja/text_Species_ja.txt,PKHeX.Core/Resources/text/other/ko/text_Species_ko.txt,PKHeX.Core/Resources/text/other/en/text_Species_en.txt
927,バウッツェル,바우첼,Dachsbun,kwsch/PKHeX,8ad201e80244f630ab5a46922ab72fb79c5ad4f4,PKHeX.Core/Resources/text/other/ja/text_Species_ja.txt,PKHeX.Core/Resources/text/other/ko/text_Species_ko.txt,PKHeX.Core/Resources/text/other/en/text_Species_en.txt
928,ミニーブ,미니브,Smoliv,kwsch/PKHeX,8ad201e80244f630ab5a46922ab72fb79c5ad4f4,PKHeX.Core/Resources/text/other/ja/text_Species_ja.txt,PKHeX.Core/Resources/text/other/ko/text_Species_ko.txt,PKHeX.Core/Resources/text/other/en/text_Species_en.txt
929,オリーニョ,올리뇨,Dolliv,kwsch/PKHeX,8ad201e80244f630ab5a46922ab72fb79c5ad4f4,PKHeX.Core/Resources/text/other/ja/text_Species_ja.txt,PKHeX.Core/Resources/text/other/ko/text_Species_ko.txt,PKHeX.Core/Resources/text/other/en/text_Species_en.txt
930,オリーヴァ,올리르바,Arboliva,kwsch/PKHeX,8ad201e80244f630ab5a46922ab72fb79c5ad4f4,PKHeX.Core/Resources/text/other/ja/text_Species_ja.txt,PKHeX.Core/Resources/text/other/ko/text_Species_ko.txt,PKHeX.Core/Resources/text/other/en/text_Species_en.txt
931,イキリンコ,시비꼬,Squawkabilly,kwsch/PKHeX,8ad201e80244f630ab5a46922ab72fb79c5ad4f4,PKHeX.Core/Resources/text/other/ja/text_Species_ja.txt,PKHeX.Core/Resources/text/other/ko/text_Species_ko.txt,PKHeX.Core/Resources/text/other/en/text_Species_en.txt
932,コジオ,베베솔트,Nacli,kwsch/PKHeX,8ad201e80244f630ab5a46922ab72fb79c5ad4f4,PKHeX.Core/Resources/text/other/ja/text_Species_ja.txt,PKHeX.Core/Resources/text/other/ko/text_Species_ko.txt,PKHeX.Core/Resources/text/other/en/text_Species_en.txt
933,ジオヅム,스태솔트,Naclstack,kwsch/PKHeX,8ad201e80244f630ab5a46922ab72fb79c5ad4f4,PKHeX.Core/Resources/text/other/ja/text_Species_ja.txt,PKHeX.Core/Resources/text/other/ko/text_Species_ko.txt,PKHeX.Core/Resources/text/other/en/text_Species_en.txt
934,キョジオーン,콜로솔트,Garganacl,kwsch/PKHeX,8ad201e80244f630ab5a46922ab72fb79c5ad4f4,PKHeX.Core/Resources/text/other/ja/text_Species_ja.txt,PKHeX.Core/Resources/text/other/ko/text_Species_ko.txt,PKHeX.Core/Resources/text/other/en/text_Species_en.txt
935,カルボウ,카르본,Charcadet,kwsch/PKHeX,8ad201e80244f630ab5a46922ab72fb79c5ad4f4,PKHeX.Core/Resources/text/other/ja/text_Species_ja.txt,PKHeX.Core/Resources/text/other/ko/text_Species_ko.txt,PKHeX.Core/Resources/text/other/en/text_Species_en.txt
936,グレンアルマ,카디나르마,Armarouge,kwsch/PKHeX,8ad201e80244f630ab5a46922ab72fb79c5ad4f4,PKHeX.Core/Resources/text/other/ja/text_Species_ja.txt,PKHeX.Core/Resources/text/other/ko/text_Species_ko.txt,PKHeX.Core/Resources/text/other/en/text_Species_en.txt
937,ソウブレイズ,파라블레이즈,Ceruledge,kwsch/PKHeX,8ad201e80244f630ab5a46922ab72fb79c5ad4f4,PKHeX.Core/Resources/text/other/ja/text_Species_ja.txt,PKHeX.Core/Resources/text/other/ko/text_Species_ko.txt,PKHeX.Core/Resources/text/other/en/text_Species_en.txt
938,ズピカ,빈나두,Tadbulb,kwsch/PKHeX,8ad201e80244f630ab5a46922ab72fb79c5ad4f4,PKHeX.Core/Resources/text/other/ja/text_Species_ja.txt,PKHeX.Core/Resources/text/other/ko/text_Species_ko.txt,PKHeX.Core/Resources/text/other/en/text_Species_en.txt
939,ハラバリー,찌리배리,Bellibolt,kwsch/PKHeX,8ad201e80244f630ab5a46922ab72fb79c5ad4f4,PKHeX.Core/Resources/text/other/ja/text_Species_ja.txt,PKHeX.Core/Resources/text/other/ko/text_Species_ko.txt,PKHeX.Core/Resources/text/other/en/text_Species_en.txt
940,カイデン,찌리비,Wattrel,kwsch/PKHeX,8ad201e80244f630ab5a46922ab72fb79c5ad4f4,PKHeX.Core/Resources/text/other/ja/text_Species_ja.txt,PKHeX.Core/Resources/text/other/ko/text_Species_ko.txt,PKHeX.Core/Resources/text/other/en/text_Species_en.txt
941,タイカイデン,찌리비크,Kilowattrel,kwsch/PKHeX,8ad201e80244f630ab5a46922ab72fb79c5ad4f4,PKHeX.Core/Resources/text/other/ja/text_Species_ja.txt,PKHeX.Core/Resources/text/other/ko/text_Species_ko.txt,PKHeX.Core/Resources/text/other/en/text_Species_en.txt
942,オラチフ,오라티프,Maschiff,kwsch/PKHeX,8ad201e80244f630ab5a46922ab72fb79c5ad4f4,PKHeX.Core/Resources/text/other/ja/text_Species_ja.txt,PKHeX.Core/Resources/text/other/ko/text_Species_ko.txt,PKHeX.Core/Resources/text/other/en/text_Species_en.txt
943,マフィティフ,마피티프,Mabosstiff,kwsch/PKHeX,8ad201e80244f630ab5a46922ab72fb79c5ad4f4,PKHeX.Core/Resources/text/other/ja/text_Species_ja.txt,PKHeX.Core/Resources/text/other/ko/text_Species_ko.txt,PKHeX.Core/Resources/text/other/en/text_Species_en.txt
944,シルシュルー,땃쭈르,Shroodle,kwsch/PKHeX,8ad201e80244f630ab5a46922ab72fb79c5ad4f4,PKHeX.Core/Resources/text/other/ja/text_Species_ja.txt,PKHeX.Core/Resources/text/other/ko/text_Species_ko.txt,PKHeX.Core/Resources/text/other/en/text_Species_en.txt
945,タギングル,태깅구르,Grafaiai,kwsch/PKHeX,8ad201e80244f630ab5a46922ab72fb79c5ad4f4,PKHeX.Core/Resources/text/other/ja/text_Species_ja.txt,PKHeX.Core/Resources/text/other/ko/text_Species_ko.txt,PKHeX.Core/Resources/text/other/en/text_Species_en.txt
946,アノクサ,그푸리,Bramblin,kwsch/PKHeX,8ad201e80244f630ab5a46922ab72fb79c5ad4f4,PKHeX.Core/Resources/text/other/ja/text_Species_ja.txt,PKHeX.Core/Resources/text/other/ko/text_Species_ko.txt,PKHeX.Core/Resources/text/other/en/text_Species_en.txt
947,アノホラグサ,공푸리,Brambleghast,kwsch/PKHeX,8ad201e80244f630ab5a46922ab72fb79c5ad4f4,PKHeX.Core/Resources/text/other/ja/text_Species_ja.txt,PKHeX.Core/Resources/text/other/ko/text_Species_ko.txt,PKHeX.Core/Resources/text/other/en/text_Species_en.txt
948,ノノクラゲ,들눈해,Toedscool,kwsch/PKHeX,8ad201e80244f630ab5a46922ab72fb79c5ad4f4,PKHeX.Core/Resources/text/other/ja/text_Species_ja.txt,PKHeX.Core/Resources/text/other/ko/text_Species_ko.txt,PKHeX.Core/Resources/text/other/en/text_Species_en.txt
949,リククラゲ,육파리,Toedscruel,kwsch/PKHeX,8ad201e80244f630ab5a46922ab72fb79c5ad4f4,PKHeX.Core/Resources/text/other/ja/text_Species_ja.txt,PKHeX.Core/Resources/text/other/ko/text_Species_ko.txt,PKHeX.Core/Resources/text/other/en/text_Species_en.txt
950,ガケガニ,절벼게,Klawf,kwsch/PKHeX,8ad201e80244f630ab5a46922ab72fb79c5ad4f4,PKHeX.Core/Resources/text/other/ja/text_Species_ja.txt,PKHeX.Core/Resources/text/other/ko/text_Species_ko.txt,PKHeX.Core/Resources/text/other/en/text_Species_en.txt
951,カプサイジ,캡싸이,Capsakid,kwsch/PKHeX,8ad201e80244f630ab5a46922ab72fb79c5ad4f4,PKHeX.Core/Resources/text/other/ja/text_Species_ja.txt,PKHeX.Core/Resources/text/other/ko/text_Species_ko.txt,PKHeX.Core/Resources/text/other/en/text_Species_en.txt
952,スコヴィラン,스코빌런,Scovillain,kwsch/PKHeX,8ad201e80244f630ab5a46922ab72fb79c5ad4f4,PKHeX.Core/Resources/text/other/ja/text_Species_ja.txt,PKHeX.Core/Resources/text/other/ko/text_Species_ko.txt,PKHeX.Core/Resources/text/other/en/text_Species_en.txt
953,シガロコ,구르데,Rellor,kwsch/PKHeX,8ad201e80244f630ab5a46922ab72fb79c5ad4f4,PKHeX.Core/Resources/text/other/ja/text_Species_ja.txt,PKHeX.Core/Resources/text/other/ko/text_Species_ko.txt,PKHeX.Core/Resources/text/other/en/text_Species_en.txt
954,ベラカス,베라카스,Rabsca,kwsch/PKHeX,8ad201e80244f630ab5a46922ab72fb79c5ad4f4,PKHeX.Core/Resources/text/other/ja/text_Species_ja.txt,PKHeX.Core/Resources/text/other/ko/text_Species_ko.txt,PKHeX.Core/Resources/text/other/en/text_Species_en.txt
955,ヒラヒナ,하느라기,Flittle,kwsch/PKHeX,8ad201e80244f630ab5a46922ab72fb79c5ad4f4,PKHeX.Core/Resources/text/other/ja/text_Species_ja.txt,PKHeX.Core/Resources/text/other/ko/text_Species_ko.txt,PKHeX.Core/Resources/text/other/en/text_Species_en.txt
956,クエスパトラ,클레스퍼트라,Espathra,kwsch/PKHeX,8ad201e80244f630ab5a46922ab72fb79c5ad4f4,PKHeX.Core/Resources/text/other/ja/text_Species_ja.txt,PKHeX.Core/Resources/text/other/ko/text_Species_ko.txt,PKHeX.Core/Resources/text/other/en/text_Species_en.txt
957,カヌチャン,어리짱,Tinkatink,kwsch/PKHeX,8ad201e80244f630ab5a46922ab72fb79c5ad4f4,PKHeX.Core/Resources/text/other/ja/text_Species_ja.txt,PKHeX.Core/Resources/text/other/ko/text_Species_ko.txt,PKHeX.Core/Resources/text/other/en/text_Species_en.txt
958,ナカヌチャン,벼리짱,Tinkatuff,kwsch/PKHeX,8ad201e80244f630ab5a46922ab72fb79c5ad4f4,PKHeX.Core/Resources/text/other/ja/text_Species_ja.txt,PKHeX.Core/Resources/text/other/ko/text_Species_ko.txt,PKHeX.Core/Resources/text/other/en/text_Species_en.txt
959,デカヌチャン,두드리짱,Tinkaton,kwsch/PKHeX,8ad201e80244f630ab5a46922ab72fb79c5ad4f4,PKHeX.Core/Resources/text/other/ja/text_Species_ja.txt,PKHeX.Core/Resources/text/other/ko/text_Species_ko.txt,PKHeX.Core/Resources/text/other/en/text_Species_en.txt
960,ウミディグダ,바다그다,Wiglett,kwsch/PKHeX,8ad201e80244f630ab5a46922ab72fb79c5ad4f4,PKHeX.Core/Resources/text/other/ja/text_Species_ja.txt,PKHeX.Core/Resources/text/other/ko/text_Species_ko.txt,PKHeX.Core/Resources/text/other/en/text_Species_en.txt
961,ウミトリオ,바닥트리오,Wugtrio,kwsch/PKHeX,8ad201e80244f630ab5a46922ab72fb79c5ad4f4,PKHeX.Core/Resources/text/other/ja/text_Species_ja.txt,PKHeX.Core/Resources/text/other/ko/text_Species_ko.txt,PKHeX.Core/Resources/text/other/en/text_Species_en.txt
962,オトシドリ,떨구새,Bombirdier,kwsch/PKHeX,8ad201e80244f630ab5a46922ab72fb79c5ad4f4,PKHeX.Core/Resources/text/other/ja/text_Species_ja.txt,PKHeX.Core/Resources/text/other/ko/text_Species_ko.txt,PKHeX.Core/Resources/text/other/en/text_Species_en.txt
963,ナミイルカ,맨돌핀,Finizen,kwsch/PKHeX,8ad201e80244f630ab5a46922ab72fb79c5ad4f4,PKHeX.Core/Resources/text/other/ja/text_Species_ja.txt,PKHeX.Core/Resources/text/other/ko/text_Species_ko.txt,PKHeX.Core/Resources/text/other/en/text_Species_en.txt
964,イルカマン,돌핀맨,Palafin,kwsch/PKHeX,8ad201e80244f630ab5a46922ab72fb79c5ad4f4,PKHeX.Core/Resources/text/other/ja/text_Species_ja.txt,PKHeX.Core/Resources/text/other/ko/text_Species_ko.txt,PKHeX.Core/Resources/text/other/en/text_Species_en.txt
965,ブロロン,부르롱,Varoom,kwsch/PKHeX,8ad201e80244f630ab5a46922ab72fb79c5ad4f4,PKHeX.Core/Resources/text/other/ja/text_Species_ja.txt,PKHeX.Core/Resources/text/other/ko/text_Species_ko.txt,PKHeX.Core/Resources/text/other/en/text_Species_en.txt
966,ブロロローム,부르르룸,Revavroom,kwsch/PKHeX,8ad201e80244f630ab5a46922ab72fb79c5ad4f4,PKHeX.Core/Resources/text/other/ja/text_Species_ja.txt,PKHeX.Core/Resources/text/other/ko/text_Species_ko.txt,PKHeX.Core/Resources/text/other/en/text_Species_en.txt
967,モトトカゲ,모토마,Cyclizar,kwsch/PKHeX,8ad201e80244f630ab5a46922ab72fb79c5ad4f4,PKHeX.Core/Resources/text/other/ja/text_Species_ja.txt,PKHeX.Core/Resources/text/other/ko/text_Species_ko.txt,PKHeX.Core/Resources/text/other/en/text_Species_en.txt
968,ミミズズ,꿈트렁,Orthworm,kwsch/PKHeX,8ad201e80244f630ab5a46922ab72fb79c5ad4f4,PKHeX.Core/Resources/text/other/ja/text_Species_ja.txt,PKHeX.Core/Resources/text/other/ko/text_Species_ko.txt,PKHeX.Core/Resources/text/other/en/text_Species_en.txt
969,キラーメ,초롱순,Glimmet,kwsch/PKHeX,8ad201e80244f630ab5a46922ab72fb79c5ad4f4,PKHeX.Core/Resources/text/other/ja/text_Species_ja.txt,PKHeX.Core/Resources/text/other/ko/text_Species_ko.txt,PKHeX.Core/Resources/text/other/en/text_Species_en.txt
970,キラフロル,킬라플로르,Glimmora,kwsch/PKHeX,8ad201e80244f630ab5a46922ab72fb79c5ad4f4,PKHeX.Core/Resources/text/other/ja/text_Species_ja.txt,PKHeX.Core/Resources/text/other/ko/text_Species_ko.txt,PKHeX.Core/Resources/text/other/en/text_Species_en.txt
971,ボチ,망망이,Greavard,kwsch/PKHeX,8ad201e80244f630ab5a46922ab72fb79c5ad4f4,PKHeX.Core/Resources/text/other/ja/text_Species_ja.txt,PKHeX.Core/Resources/text/other/ko/text_Species_ko.txt,PKHeX.Core/Resources/text/other/en/text_Species_en.txt
972,ハカドッグ,묘두기,Houndstone,kwsch/PKHeX,8ad201e80244f630ab5a46922ab72fb79c5ad4f4,PKHeX.Core/Resources/text/other/ja/text_Species_ja.txt,PKHeX.Core/Resources/text/other/ko/text_Species_ko.txt,PKHeX.Core/Resources/text/other/en/text_Species_en.txt
973,カラミンゴ,꼬이밍고,Flamigo,kwsch/PKHeX,8ad201e80244f630ab5a46922ab72fb79c5ad4f4,PKHeX.Core/Resources/text/other/ja/text_Species_ja.txt,PKHeX.Core/Resources/text/other/ko/text_Species_ko.txt,PKHeX.Core/Resources/text/other/en/text_Species_en.txt
974,アルクジラ,터벅고래,Cetoddle,kwsch/PKHeX,8ad201e80244f630ab5a46922ab72fb79c5ad4f4,PKHeX.Core/Resources/text/other/ja/text_Species_ja.txt,PKHeX.Core/Resources/text/other/ko/text_Species_ko.txt,PKHeX.Core/Resources/text/other/en/text_Species_en.txt
975,ハルクジラ,우락고래,Cetitan,kwsch/PKHeX,8ad201e80244f630ab5a46922ab72fb79c5ad4f4,PKHeX.Core/Resources/text/other/ja/text_Species_ja.txt,PKHeX.Core/Resources/text/other/ko/text_Species_ko.txt,PKHeX.Core/Resources/text/other/en/text_Species_en.txt
976,ミガルーサ,가비루사,Veluza,kwsch/PKHeX,8ad201e80244f630ab5a46922ab72fb79c5ad4f4,PKHeX.Core/Resources/text/other/ja/text_Species_ja.txt,PKHeX.Core/Resources/text/other/ko/text_Species_ko.txt,PKHeX.Core/Resources/text/other/en/text_Species_en.txt
977,ヘイラッシャ,어써러셔,Dondozo,kwsch/PKHeX,8ad201e80244f630ab5a46922ab72fb79c5ad4f4,PKHeX.Core/Resources/text/other/ja/text_Species_ja.txt,PKHeX.Core/Resources/text/other/ko/text_Species_ko.txt,PKHeX.Core/Resources/text/other/en/text_Species_en.txt
978,シャリタツ,싸리용,Tatsugiri,kwsch/PKHeX,8ad201e80244f630ab5a46922ab72fb79c5ad4f4,PKHeX.Core/Resources/text/other/ja/text_Species_ja.txt,PKHeX.Core/Resources/text/other/ko/text_Species_ko.txt,PKHeX.Core/Resources/text/other/en/text_Species_en.txt
979,コノヨザル,저승갓숭,Annihilape,kwsch/PKHeX,8ad201e80244f630ab5a46922ab72fb79c5ad4f4,PKHeX.Core/Resources/text/other/ja/text_Species_ja.txt,PKHeX.Core/Resources/text/other/ko/text_Species_ko.txt,PKHeX.Core/Resources/text/other/en/text_Species_en.txt
980,ドオー,토오,Clodsire,kwsch/PKHeX,8ad201e80244f630ab5a46922ab72fb79c5ad4f4,PKHeX.Core/Resources/text/other/ja/text_Species_ja.txt,PKHeX.Core/Resources/text/other/ko/text_Species_ko.txt,PKHeX.Core/Resources/text/other/en/text_Species_en.txt
981,リキキリン,키키링,Farigiraf,kwsch/PKHeX,8ad201e80244f630ab5a46922ab72fb79c5ad4f4,PKHeX.Core/Resources/text/other/ja/text_Species_ja.txt,PKHeX.Core/Resources/text/other/ko/text_Species_ko.txt,PKHeX.Core/Resources/text/other/en/text_Species_en.txt
982,ノココッチ,노고고치,Dudunsparce,kwsch/PKHeX,8ad201e80244f630ab5a46922ab72fb79c5ad4f4,PKHeX.Core/Resources/text/other/ja/text_Species_ja.txt,PKHeX.Core/Resources/text/other/ko/text_Species_ko.txt,PKHeX.Core/Resources/text/other/en/text_Species_en.txt
983,ドドゲザン,대도각참,Kingambit,kwsch/PKHeX,8ad201e80244f630ab5a46922ab72fb79c5ad4f4,PKHeX.Core/Resources/text/other/ja/text_Species_ja.txt,PKHeX.Core/Resources/text/other/ko/text_Species_ko.txt,PKHeX.Core/Resources/text/other/en/text_Species_en.txt
984,イダイナキバ,위대한엄니,Great Tusk,kwsch/PKHeX,8ad201e80244f630ab5a46922ab72fb79c5ad4f4,PKHeX.Core/Resources/text/other/ja/text_Species_ja.txt,PKHeX.Core/Resources/text/other/ko/text_Species_ko.txt,PKHeX.Core/Resources/text/other/en/text_Species_en.txt
985,サケブシッポ,우렁찬꼬리,Scream Tail,kwsch/PKHeX,8ad201e80244f630ab5a46922ab72fb79c5ad4f4,PKHeX.Core/Resources/text/other/ja/text_Species_ja.txt,PKHeX.Core/Resources/text/other/ko/text_Species_ko.txt,PKHeX.Core/Resources/text/other/en/text_Species_en.txt
986,アラブルタケ,사나운버섯,Brute Bonnet,kwsch/PKHeX,8ad201e80244f630ab5a46922ab72fb79c5ad4f4,PKHeX.Core/Resources/text/other/ja/text_Species_ja.txt,PKHeX.Core/Resources/text/other/ko/text_Species_ko.txt,PKHeX.Core/Resources/text/other/en/text_Species_en.txt
987,ハバタクカミ,날개치는머리,Flutter Mane,kwsch/PKHeX,8ad201e80244f630ab5a46922ab72fb79c5ad4f4,PKHeX.Core/Resources/text/other/ja/text_Species_ja.txt,PKHeX.Core/Resources/text/other/ko/text_Species_ko.txt,PKHeX.Core/Resources/text/other/en/text_Species_en.txt
988,チヲハウハネ,땅을기는날개,Slither Wing,kwsch/PKHeX,8ad201e80244f630ab5a46922ab72fb79c5ad4f4,PKHeX.Core/Resources/text/other/ja/text_Species_ja.txt,PKHeX.Core/Resources/text/other/ko/text_Species_ko.txt,PKHeX.Core/Resources/text/other/en/text_Species_en.txt
989,スナノケガワ,모래털가죽,Sandy Shocks,kwsch/PKHeX,8ad201e80244f630ab5a46922ab72fb79c5ad4f4,PKHeX.Core/Resources/text/other/ja/text_Species_ja.txt,PKHeX.Core/Resources/text/other/ko/text_Species_ko.txt,PKHeX.Core/Resources/text/other/en/text_Species_en.txt
990,テツノワダチ,무쇠바퀴,Iron Treads,kwsch/PKHeX,8ad201e80244f630ab5a46922ab72fb79c5ad4f4,PKHeX.Core/Resources/text/other/ja/text_Species_ja.txt,PKHeX.Core/Resources/text/other/ko/text_Species_ko.txt,PKHeX.Core/Resources/text/other/en/text_Species_en.txt
991,テツノツツミ,무쇠보따리,Iron Bundle,kwsch/PKHeX,8ad201e80244f630ab5a46922ab72fb79c5ad4f4,PKHeX.Core/Resources/text/other/ja/text_Species_ja.txt,PKHeX.Core/Resources/text/other/ko/text_Species_ko.txt,PKHeX.Core/Resources/text/other/en/text_Species_en.txt
992,テツノカイナ,무쇠손,Iron Hands,kwsch/PKHeX,8ad201e80244f630ab5a46922ab72fb79c5ad4f4,PKHeX.Core/Resources/text/other/ja/text_Species_ja.txt,PKHeX.Core/Resources/text/other/ko/text_Species_ko.txt,PKHeX.Core/Resources/text/other/en/text_Species_en.txt
993,テツノコウベ,무쇠머리,Iron Jugulis,kwsch/PKHeX,8ad201e80244f630ab5a46922ab72fb79c5ad4f4,PKHeX.Core/Resources/text/other/ja/text_Species_ja.txt,PKHeX.Core/Resources/text/other/ko/text_Species_ko.txt,PKHeX.Core/Resources/text/other/en/text_Species_en.txt
994,テツノドクガ,무쇠독나방,Iron Moth,kwsch/PKHeX,8ad201e80244f630ab5a46922ab72fb79c5ad4f4,PKHeX.Core/Resources/text/other/ja/text_Species_ja.txt,PKHeX.Core/Resources/text/other/ko/text_Species_ko.txt,PKHeX.Core/Resources/text/other/en/text_Species_en.txt
995,テツノイバラ,무쇠가시,Iron Thorns,kwsch/PKHeX,8ad201e80244f630ab5a46922ab72fb79c5ad4f4,PKHeX.Core/Resources/text/other/ja/text_Species_ja.txt,PKHeX.Core/Resources/text/other/ko/text_Species_ko.txt,PKHeX.Core/Resources/text/other/en/text_Species_en.txt
996,セビエ,드니차,Frigibax,kwsch/PKHeX,8ad201e80244f630ab5a46922ab72fb79c5ad4f4,PKHeX.Core/Resources/text/other/ja/text_Species_ja.txt,PKHeX.Core/Resources/text/other/ko/text_Species_ko.txt,PKHeX.Core/Resources/text/other/en/text_Species_en.txt
997,セゴール,드니꽁,Arctibax,kwsch/PKHeX,8ad201e80244f630ab5a46922ab72fb79c5ad4f4,PKHeX.Core/Resources/text/other/ja/text_Species_ja.txt,PKHeX.Core/Resources/text/other/ko/text_Species_ko.txt,PKHeX.Core/Resources/text/other/en/text_Species_en.txt
998,セグレイブ,드닐레이브,Baxcalibur,kwsch/PKHeX,8ad201e80244f630ab5a46922ab72fb79c5ad4f4,PKHeX.Core/Resources/text/other/ja/text_Species_ja.txt,PKHeX.Core/Resources/text/other/ko/text_Species_ko.txt,PKHeX.Core/Resources/text/other/en/text_Species_en.txt
999,コレクレー,모으령,Gimmighoul,kwsch/PKHeX,8ad201e80244f630ab5a46922ab72fb79c5ad4f4,PKHeX.Core/Resources/text/other/ja/text_Species_ja.txt,PKHeX.Core/Resources/text/other/ko/text_Species_ko.txt,PKHeX.Core/Resources/text/other/en/text_Species_en.txt
1000,サーフゴー,타부자고,Gholdengo,kwsch/PKHeX,8ad201e80244f630ab5a46922ab72fb79c5ad4f4,PKHeX.Core/Resources/text/other/ja/text_Species_ja.txt,PKHeX.Core/Resources/text/other/ko/text_Species_ko.txt,PKHeX.Core/Resources/text/other/en/text_Species_en.txt
1001,チオンジェン,총지엔,Wo-Chien,kwsch/PKHeX,8ad201e80244f630ab5a46922ab72fb79c5ad4f4,PKHeX.Core/Resources/text/other/ja/text_Species_ja.txt,PKHeX.Core/Resources/text/other/ko/text_Species_ko.txt,PKHeX.Core/Resources/text/other/en/text_Species_en.txt
1002,パオジアン,파오젠,Chien-Pao,kwsch/PKHeX,8ad201e80244f630ab5a46922ab72fb79c5ad4f4,PKHeX.Core/Resources/text/other/ja/text_Species_ja.txt,PKHeX.Core/Resources/text/other/ko/text_Species_ko.txt,PKHeX.Core/Resources/text/other/en/text_Species_en.txt
1003,ディンルー,딩루,Ting-Lu,kwsch/PKHeX,8ad201e80244f630ab5a46922ab72fb79c5ad4f4,PKHeX.Core/Resources/text/other/ja/text_Species_ja.txt,PKHeX.Core/Resources/text/other/ko/text_Species_ko.txt,PKHeX.Core/Resources/text/other/en/text_Species_en.txt
1004,イーユイ,위유이,Chi-Yu,kwsch/PKHeX,8ad201e80244f630ab5a46922ab72fb79c5ad4f4,PKHeX.Core/Resources/text/other/ja/text_Species_ja.txt,PKHeX.Core/Resources/text/other/ko/text_Species_ko.txt,PKHeX.Core/Resources/text/other/en/text_Species_en.txt
1005,トドロクツキ,고동치는달,Roaring Moon,kwsch/PKHeX,8ad201e80244f630ab5a46922ab72fb79c5ad4f4,PKHeX.Core/Resources/text/other/ja/text_Species_ja.txt,PKHeX.Core/Resources/text/other/ko/text_Species_ko.txt,PKHeX.Core/Resources/text/other/en/text_Species_en.txt
1006,テツノブジン,무쇠무인,Iron Valiant,kwsch/PKHeX,8ad201e80244f630ab5a46922ab72fb79c5ad4f4,PKHeX.Core/Resources/text/other/ja/text_Species_ja.txt,PKHeX.Core/Resources/text/other/ko/text_Species_ko.txt,PKHeX.Core/Resources/text/other/en/text_Species_en.txt
1007,コライドン,코라이돈,Koraidon,kwsch/PKHeX,8ad201e80244f630ab5a46922ab72fb79c5ad4f4,PKHeX.Core/Resources/text/other/ja/text_Species_ja.txt,PKHeX.Core/Resources/text/other/ko/text_Species_ko.txt,PKHeX.Core/Resources/text/other/en/text_Species_en.txt
1008,ミライドン,미라이돈,Miraidon,kwsch/PKHeX,8ad201e80244f630ab5a46922ab72fb79c5ad4f4,PKHeX.Core/Resources/text/other/ja/text_Species_ja.txt,PKHeX.Core/Resources/text/other/ko/text_Species_ko.txt,PKHeX.Core/Resources/text/other/en/text_Species_en.txt
1009,ウネルミナモ,굽이치는물결,Walking Wake,kwsch/PKHeX,8ad201e80244f630ab5a46922ab72fb79c5ad4f4,PKHeX.Core/Resources/text/other/ja/text_Species_ja.txt,PKHeX.Core/Resources/text/other/ko/text_Species_ko.txt,PKHeX.Core/Resources/text/other/en/text_Species_en.txt
1010,テツノイサハ,무쇠잎새,Iron Leaves,kwsch/PKHeX,8ad201e80244f630ab5a46922ab72fb79c5ad4f4,PKHeX.Core/Resources/text/other/ja/text_Species_ja.txt,PKHeX.Core/Resources/text/other/ko/text_Species_ko.txt,PKHeX.Core/Resources/text/other/en/text_Species_en.txt
1011,カミッチュ,과미르,Dipplin,kwsch/PKHeX,8ad201e80244f630ab5a46922ab72fb79c5ad4f4,PKHeX.Core/Resources/text/other/ja/text_Species_ja.txt,PKHeX.Core/Resources/text/other/ko/text_Species_ko.txt,PKHeX.Core/Resources/text/other/en/text_Species_en.txt
1012,チャデス,차데스,Poltchageist,kwsch/PKHeX,8ad201e80244f630ab5a46922ab72fb79c5ad4f4,PKHeX.Core/Resources/text/other/ja/text_Species_ja.txt,PKHeX.Core/Resources/text/other/ko/text_Species_ko.txt,PKHeX.Core/Resources/text/other/en/text_Species_en.txt
1013,ヤバソチャ,그우린차,Sinistcha,kwsch/PKHeX,8ad201e80244f630ab5a46922ab72fb79c5ad4f4,PKHeX.Core/Resources/text/other/ja/text_Species_ja.txt,PKHeX.Core/Resources/text/other/ko/text_Species_ko.txt,PKHeX.Core/Resources/text/other/en/text_Species_en.txt
1014,イイネイヌ,조타구,Okidogi,kwsch/PKHeX,8ad201e80244f630ab5a46922ab72fb79c5ad4f4,PKHeX.Core/Resources/text/other/ja/text_Species_ja.txt,PKHeX.Core/Resources/text/other/ko/text_Species_ko.txt,PKHeX.Core/Resources/text/other/en/text_Species_en.txt
1015,マシマシラ,이야후,Munkidori,kwsch/PKHeX,8ad201e80244f630ab5a46922ab72fb79c5ad4f4,PKHeX.Core/Resources/text/other/ja/text_Species_ja.txt,PKHeX.Core/Resources/text/other/ko/text_Species_ko.txt,PKHeX.Core/Resources/text/other/en/text_Species_en.txt
1016,キチキギス,기로치,Fezandipiti,kwsch/PKHeX,8ad201e80244f630ab5a46922ab72fb79c5ad4f4,PKHeX.Core/Resources/text/other/ja/text_Species_ja.txt,PKHeX.Core/Resources/text/other/ko/text_Species_ko.txt,PKHeX.Core/Resources/text/other/en/text_Species_en.txt
1017,オーガポン,오거폰,Ogerpon,kwsch/PKHeX,8ad201e80244f630ab5a46922ab72fb79c5ad4f4,PKHeX.Core/Resources/text/other/ja/text_Species_ja.txt,PKHeX.Core/Resources/text/other/ko/text_Species_ko.txt,PKHeX.Core/Resources/text/other/en/text_Species_en.txt
1018,ブリジュラス,브리두라스,Archaludon,kwsch/PKHeX,8ad201e80244f630ab5a46922ab72fb79c5ad4f4,PKHeX.Core/Resources/text/other/ja/text_Species_ja.txt,PKHeX.Core/Resources/text/other/ko/text_Species_ko.txt,PKHeX.Core/Resources/text/other/en/text_Species_en.txt
1019,カミツオロチ,과미드라,Hydrapple,kwsch/PKHeX,8ad201e80244f630ab5a46922ab72fb79c5ad4f4,PKHeX.Core/Resources/text/other/ja/text_Species_ja.txt,PKHeX.Core/Resources/text/other/ko/text_Species_ko.txt,PKHeX.Core/Resources/text/other/en/text_Species_en.txt
1020,ウガツホムラ,꿰뚫는화염,Gouging Fire,kwsch/PKHeX,8ad201e80244f630ab5a46922ab72fb79c5ad4f4,PKHeX.Core/Resources/text/other/ja/text_Species_ja.txt,PKHeX.Core/Resources/text/other/ko/text_Species_ko.txt,PKHeX.Core/Resources/text/other/en/text_Species_en.txt
1021,タケルライコ,날뛰는우레,Raging Bolt,kwsch/PKHeX,8ad201e80244f630ab5a46922ab72fb79c5ad4f4,PKHeX.Core/Resources/text/other/ja/text_Species_ja.txt,PKHeX.Core/Resources/text/other/ko/text_Species_ko.txt,PKHeX.Core/Resources/text/other/en/text_Species_en.txt
1022,テツノイワオ,무쇠암석,Iron Boulder,kwsch/PKHeX,8ad201e80244f630ab5a46922ab72fb79c5ad4f4,PKHeX.Core/Resources/text/other/ja/text_Species_ja.txt,PKHeX.Core/Resources/text/other/ko/text_Species_ko.txt,PKHeX.Core/Resources/text/other/en/text_Species_en.txt
1023,テツノカシラ,무쇠감투,Iron Crown,kwsch/PKHeX,8ad201e80244f630ab5a46922ab72fb79c5ad4f4,PKHeX.Core/Resources/text/other/ja/text_Species_ja.txt,PKHeX.Core/Resources/text/other/ko/text_Species_ko.txt,PKHeX.Core/Resources/text/other/en/text_Species_en.txt
1024,テラパゴス,테라파고스,Terapagos,kwsch/PKHeX,8ad201e80244f630ab5a46922ab72fb79c5ad4f4,PKHeX.Core/Resources/text/other/ja/text_Species_ja.txt,PKHeX.Core/Resources/text/other/ko/text_Species_ko.txt,PKHeX.Core/Resources/text/other/en/text_Species_en.txt
1025,モモワロウ,복숭악동,Pecharunt,kwsch/PKHeX,8ad201e80244f630ab5a46922ab72fb79c5ad4f4,PKHeX.Core/Resources/text/other/ja/text_Species_ja.txt,PKHeX.Core/Resources/text/other/ko/text_Species_ko.txt,PKHeX.Core/Resources/text/other/en/text_Species_en.txt
